symbol,date,open,high,low,close,volume
SPY,2024-09-19,571.010009765625,572.8800048828125,568.0800170898438,570.97998046875,75315500.0
SPY,2024-09-20,567.8400268554688,569.3099975585938,565.1699829101562,568.25,77503100.0
SPY,2024-09-23,569.3400268554688,570.3300170898438,568.0999755859375,569.6699829101562,44116900.0
SPY,2024-09-24,570.47998046875,571.3599853515625,567.5999755859375,571.2999877929688,46805700.0
SPY,2024-09-25,571.1400146484375,571.8900146484375,568.9099731445312,570.0399780273438,38428600.0
SPY,2024-09-26,574.3800048828125,574.7100219726562,569.9000244140625,572.2999877929688,48336000.0
SPY,2024-09-27,573.3900146484375,574.219970703125,570.4199829101562,571.469970703125,42100900.0
SPY,2024-09-30,570.4199829101562,574.3800048828125,568.0800170898438,573.760009765625,63557400.0
SPY,2024-10-01,573.4000244140625,574.0599975585938,566.0,568.6199951171875,72668800.0
SPY,2024-10-02,567.7100219726562,569.9000244140625,565.27001953125,568.8599853515625,38097800.0
SPY,2024-10-03,567.3599853515625,569.7999877929688,565.489990234375,567.8200073242188,40846500.0
SPY,2024-10-04,572.3499755859375,573.3599853515625,568.0999755859375,572.97998046875,42939100.0
SPY,2024-10-07,571.2999877929688,571.9600219726562,566.6300048828125,567.7999877929688,49964700.0
SPY,2024-10-08,570.4199829101562,573.780029296875,569.530029296875,573.1699829101562,37398700.0
SPY,2024-10-09,573.1599731445312,577.7100219726562,572.5499877929688,577.1400146484375,37912200.0
SPY,2024-10-10,575.77001953125,577.5800170898438,574.489990234375,576.1300048828125,44138100.0
SPY,2024-10-11,576.0499877929688,580.3300170898438,575.9099731445312,579.5800170898438,42268000.0
SPY,2024-10-14,581.219970703125,585.27001953125,580.72998046875,584.3200073242188,36217200.0
SPY,2024-10-15,584.5900268554688,584.9000244140625,578.5399780273438,579.780029296875,54203600.0
SPY,2024-10-16,579.780029296875,582.8300170898438,578.9600219726562,582.2999877929688,30725400.0
SPY,2024-10-17,585.9099731445312,586.1199951171875,582.1599731445312,582.3499755859375,34393700.0
SPY,2024-10-18,584.0700073242188,585.3900146484375,582.5800170898438,584.5900268554688,37416800.0
SPY,2024-10-21,583.8499755859375,584.8499755859375,580.5999755859375,583.6300048828125,36439000.0
SPY,2024-10-22,581.0499877929688,584.5,580.3800048828125,583.3200073242188,34183800.0
SPY,2024-10-23,581.260009765625,581.7100219726562,574.4199829101562,577.989990234375,49314600.0
SPY,2024-10-24,579.97998046875,580.0599975585938,576.5700073242188,579.239990234375,34979900.0
SPY,2024-10-25,581.510009765625,584.4600219726562,578.0800170898438,579.0399780273438,47268200.0
SPY,2024-10-28,582.5800170898438,582.7100219726562,580.52001953125,580.8300170898438,30174700.0
SPY,2024-10-29,579.8499755859375,582.9099731445312,578.4299926757812,581.77001953125,42899700.0
SPY,2024-10-30,581.2899780273438,583.3200073242188,579.2899780273438,580.010009765625,41435800.0
SPY,2024-10-31,575.5599975585938,575.6300048828125,568.4400024414062,568.6400146484375,60182500.0
SPY,2024-11-01,571.3200073242188,575.5499877929688,570.6199951171875,571.0399780273438,45667500.0
SPY,2024-11-04,571.1799926757812,572.5,567.8900146484375,569.8099975585938,38217000.0
SPY,2024-11-05,570.739990234375,576.739990234375,570.52001953125,576.7000122070312,39478300.0
SPY,2024-11-06,589.2000122070312,591.9299926757812,585.3900146484375,591.0399780273438,68182000.0
SPY,2024-11-07,593.0800170898438,596.6500244140625,593.0,595.6099853515625,47233200.0
SPY,2024-11-08,596.1699829101562,599.6400146484375,596.1699829101562,598.1900024414062,46444900.0
SPY,2024-11-11,599.8099975585938,600.1699829101562,597.0,598.760009765625,37586800.0
SPY,2024-11-12,598.6799926757812,599.2899780273438,594.3699951171875,596.9000244140625,43006100.0
SPY,2024-11-13,597.3699951171875,599.22998046875,594.9600219726562,597.1900024414062,47388600.0
SPY,2024-11-14,597.3200073242188,597.8099975585938,592.6500244140625,593.3499755859375,38904100.0
SPY,2024-11-15,589.719970703125,590.2000122070312,583.8599853515625,585.75,75988800.0
SPY,2024-11-18,586.219970703125,589.489990234375,585.3400268554688,588.1500244140625,37001700.0
SPY,2024-11-19,584.7100219726562,591.0399780273438,584.030029296875,590.2999877929688,49412000.0
SPY,2024-11-20,590.3800048828125,590.7899780273438,584.6300048828125,590.5,50032600.0
SPY,2024-11-21,593.4000244140625,595.1199951171875,587.4500122070312,593.6699829101562,46750300.0
SPY,2024-11-22,593.6599731445312,596.1500244140625,593.1500244140625,595.510009765625,38226400.0
SPY,2024-11-25,599.52001953125,600.8599853515625,595.2000122070312,597.530029296875,42441400.0
SPY,2024-11-26,598.7999877929688,601.3300170898438,598.0700073242188,600.6500244140625,45621300.0
SPY,2024-11-27,600.4600219726562,600.8499755859375,597.280029296875,598.8300170898438,34000200.0
SPY,2024-11-29,599.6599731445312,603.3499755859375,599.3800048828125,602.5499877929688,30177400.0
SPY,2024-12-02,602.969970703125,604.3200073242188,602.469970703125,603.6300048828125,31746000.0
SPY,2024-12-03,603.3900146484375,604.1599731445312,602.3400268554688,603.9099731445312,26906600.0
SPY,2024-12-04,605.6300048828125,607.9099731445312,604.9500122070312,607.6599731445312,42787600.0
SPY,2024-12-05,607.6599731445312,608.47998046875,606.2999877929688,606.6599731445312,28762200.0
SPY,2024-12-06,607.4400024414062,609.0700073242188,607.02001953125,607.8099975585938,31241500.0
SPY,2024-12-09,607.6900024414062,607.8599853515625,604.0800170898438,604.6799926757812,34742700.0
SPY,2024-12-10,605.3699951171875,605.7999877929688,602.1300048828125,602.7999877929688,37234500.0
SPY,2024-12-11,605.780029296875,608.4299926757812,605.5,607.4600219726562,28677700.0
SPY,2024-12-12,606.5800170898438,607.1599731445312,604.3300170898438,604.3300170898438,31543800.0
SPY,2024-12-13,606.4000244140625,607.1300048828125,602.8099975585938,604.2100219726562,35904700.0
SPY,2024-12-16,606.0,607.780029296875,605.2100219726562,606.7899780273438,43695200.0
SPY,2024-12-17,604.1900024414062,605.1699829101562,602.8900146484375,604.2899780273438,55773500.0
SPY,2024-12-18,603.97998046875,606.4099731445312,585.8900146484375,586.280029296875,108248700.0
SPY,2024-12-19,591.3599853515625,593.0,585.8499755859375,586.0999755859375,85919500.0
SPY,2024-12-20,581.77001953125,595.75,580.9099731445312,591.1500244140625,125716700.0
SPY,2024-12-23,590.8900146484375,595.2999877929688,587.6599731445312,594.6900024414062,57635800.0
SPY,2024-12-24,596.0599975585938,601.3400268554688,595.469970703125,601.2999877929688,33160100.0
SPY,2024-12-26,599.5,602.47998046875,598.0800170898438,601.3400268554688,41219100.0
SPY,2024-12-27,597.5399780273438,597.780029296875,590.760009765625,595.010009765625,64969300.0
SPY,2024-12-30,587.8900146484375,591.739990234375,584.4099731445312,588.219970703125,56578800.0
SPY,2024-12-31,589.9099731445312,590.6400146484375,584.4199829101562,586.0800170898438,57052700.0
SPY,2025-01-02,589.3900146484375,591.1300048828125,580.5,584.6400146484375,50204000.0
SPY,2025-01-03,587.530029296875,592.5999755859375,586.4299926757812,591.9500122070312,37888500.0
SPY,2025-01-06,596.27001953125,599.7000122070312,593.5999755859375,595.3599853515625,47679400.0
SPY,2025-01-07,597.4199829101562,597.75,586.780029296875,588.6300048828125,60393100.0
SPY,2025-01-08,588.7000122070312,590.5800170898438,585.2000122070312,589.489990234375,47304700.0
SPY,2025-01-10,585.8800048828125,585.9500122070312,578.5499877929688,580.489990234375,73105000.0
SPY,2025-01-13,575.77001953125,581.75,575.3499755859375,581.3900146484375,47910100.0
SPY,2025-01-14,584.3599853515625,585.0,578.3499755859375,582.1900024414062,48420600.0
SPY,2025-01-15,590.3300170898438,593.9400024414062,589.2000122070312,592.780029296875,56900200.0
SPY,2025-01-16,594.1699829101562,594.3499755859375,590.9299926757812,591.6400146484375,43319700.0
SPY,2025-01-17,596.9600219726562,599.3599853515625,595.6099853515625,597.5800170898438,58070600.0
SPY,2025-01-21,600.6699829101562,603.0599975585938,598.6699829101562,603.0499877929688,42532900.0
SPY,2025-01-22,605.9199829101562,607.8200073242188,605.3599853515625,606.4400024414062,48196000.0
SPY,2025-01-23,605.7999877929688,609.75,605.52001953125,609.75,41152100.0
SPY,2025-01-24,609.8099975585938,610.780029296875,606.7999877929688,607.969970703125,34604700.0
SPY,2025-01-27,594.8099975585938,599.6900024414062,594.6400146484375,599.3699951171875,70361100.0
SPY,2025-01-28,600.6199951171875,605.3699951171875,597.25,604.52001953125,44433300.0
SPY,2025-01-29,603.719970703125,604.1300048828125,599.219970703125,601.8099975585938,37177400.0
SPY,2025-01-30,603.9600219726562,606.5999755859375,600.719970703125,605.0399780273438,39281300.0
SPY,2025-01-31,607.5,609.9600219726562,601.0499877929688,601.8200073242188,66566900.0
SPY,2025-02-03,592.6699829101562,600.2899780273438,590.489990234375,597.77001953125,65857200.0
SPY,2025-02-04,597.8300170898438,602.2999877929688,597.280029296875,601.780029296875,33457800.0
SPY,2025-02-05,600.6400146484375,604.3699951171875,598.5800170898438,604.219970703125,30653100.0
SPY,2025-02-06,605.989990234375,606.4500122070312,602.6300048828125,606.3200073242188,35771500.0
SPY,2025-02-07,606.8900146484375,608.1300048828125,600.0499877929688,600.77001953125,50788500.0
SPY,2025-02-10,604.030029296875,605.5,602.739990234375,604.8499755859375,26048700.0
SPY,2025-02-11,602.5499877929688,605.8599853515625,602.4299926757812,605.3099975585938,30056700.0
SPY,2025-02-12,599.2000122070312,604.5499877929688,598.510009765625,603.3599853515625,45076100.0
SPY,2025-02-13,604.47998046875,609.9400024414062,603.2000122070312,609.72998046875,40921300.0
SPY,2025-02-14,609.9400024414062,610.989990234375,609.0700073242188,609.7000122070312,26910400.0
SPY,2025-02-18,610.8800048828125,611.489990234375,608.3800048828125,611.489990234375,26749000.0
SPY,2025-02-19,610.0800170898438,613.22998046875,609.5599975585938,612.9299926757812,31011100.0
SPY,2025-02-20,611.5399780273438,611.6799926757812,607.02001953125,610.3800048828125,36554000.0
SPY,2025-02-21,610.1599731445312,610.2999877929688,599.469970703125,599.9400024414062,76519800.0
SPY,2025-02-24,602.02001953125,603.030029296875,596.489990234375,597.2100219726562,50737200.0
SPY,2025-02-25,597.1500244140625,597.8900146484375,589.5599975585938,594.239990234375,58266500.0
SPY,2025-02-26,595.9299926757812,599.5800170898438,591.8599853515625,594.5399780273438,43321600.0
SPY,2025-02-27,596.8499755859375,598.02001953125,584.6500244140625,585.0499877929688,74196700.0
SPY,2025-02-28,585.5599975585938,594.719970703125,582.4400024414062,594.1799926757812,88744100.0
SPY,2025-03-03,596.1799926757812,597.3400268554688,579.9000244140625,583.77001953125,74249200.0
SPY,2025-03-04,579.7100219726562,585.3900146484375,572.25,576.8599853515625,109648200.0
SPY,2025-03-05,576.6900024414062,584.8800048828125,573.0800170898438,583.0599975585938,71230500.0
SPY,2025-03-06,575.47998046875,580.1699829101562,570.1199951171875,572.7100219726562,80094900.0
SPY,2025-03-07,570.9000244140625,577.3900146484375,565.6300048828125,575.9199829101562,81158800.0
SPY,2025-03-10,567.5900268554688,569.5399780273438,555.5900268554688,560.5800170898438,99326600.0
SPY,2025-03-11,559.4000244140625,564.02001953125,552.02001953125,555.9199829101562,88102100.0
SPY,2025-03-12,562.1699829101562,563.1099853515625,553.6900024414062,558.8699951171875,69588200.0
SPY,2025-03-13,558.489990234375,559.1099853515625,549.6799926757812,551.4199829101562,74079400.0
SPY,2025-03-14,556.1099853515625,563.8300170898438,551.489990234375,562.8099975585938,62660300.0
SPY,2025-03-17,562.7899780273438,569.7100219726562,562.3499755859375,567.1500244140625,49008700.0
SPY,2025-03-18,564.7999877929688,565.02001953125,559.0599975585938,561.02001953125,66041400.0
SPY,2025-03-19,562.8300170898438,570.9500122070312,561.6300048828125,567.1300048828125,66556000.0
SPY,2025-03-20,563.3300170898438,570.5700073242188,562.5999755859375,565.489990234375,62958200.0
SPY,2025-03-21,559.280029296875,564.8900146484375,558.030029296875,563.97998046875,83763000.0
SPY,2025-03-24,570.7999877929688,575.1500244140625,570.2000122070312,574.0800170898438,58766800.0
SPY,2025-03-25,575.2999877929688,576.4099731445312,573.6900024414062,575.4600219726562,38355700.0
SPY,2025-03-26,575.1900024414062,576.3300170898438,567.1900024414062,568.5900268554688,51848300.0
SPY,2025-03-27,567.1799926757812,570.9000244140625,564.9400024414062,567.0800170898438,42164200.0
SPY,2025-03-28,565.530029296875,566.27001953125,555.0700073242188,555.6599731445312,71662700.0
SPY,2025-03-31,549.8300170898438,560.7100219726562,546.8699951171875,559.3900146484375,95328200.0
SPY,2025-04-01,557.4500122070312,562.9400024414062,553.6799926757812,560.969970703125,54609600.0
SPY,2025-04-02,555.0499877929688,567.4199829101562,554.8099975585938,564.52001953125,76014500.0
SPY,2025-04-03,545.1099853515625,547.969970703125,536.7000122070312,536.7000122070312,125986000.0
SPY,2025-04-04,523.6699829101562,525.8699951171875,505.05999755859375,505.2799987792969,217965100.0
SPY,2025-04-07,489.19000244140625,523.1699829101562,481.79998779296875,504.3800048828125,256611400.0
SPY,2025-04-08,521.8599853515625,524.97998046875,489.1600036621094,496.4800109863281,165816600.0
SPY,2025-04-09,493.44000244140625,548.6199951171875,493.04998779296875,548.6199951171875,241867300.0
SPY,2025-04-10,532.1699829101562,533.5,509.32000732421875,524.5800170898438,162331200.0
SPY,2025-04-11,523.010009765625,536.4299926757812,520.0700073242188,533.9400024414062,97866300.0
SPY,2025-04-14,544.0499877929688,544.280029296875,533.8599853515625,539.1199951171875,68034000.0
SPY,2025-04-15,539.6699829101562,543.22998046875,536.8099975585938,537.6099853515625,56892900.0
SPY,2025-04-16,531.6799926757812,537.8900146484375,520.2899780273438,525.6599731445312,83484800.0
SPY,2025-04-17,527.6400146484375,531.1699829101562,523.9099731445312,526.4099731445312,79868100.0
SPY,2025-04-21,521.1599731445312,521.7000122070312,508.4599914550781,513.8800048828125,69368100.0
SPY,2025-04-22,520.1400146484375,529.2999877929688,519.1900024414062,527.25,75948100.0
SPY,2025-04-23,540.4299926757812,545.4299926757812,533.8800048828125,535.4199829101562,90590700.0
SPY,2025-04-24,536.719970703125,547.4299926757812,535.4500122070312,546.6900024414062,64150400.0
SPY,2025-04-25,546.6500244140625,551.0499877929688,543.6900024414062,550.6400146484375,61119600.0
SPY,2025-04-28,551.3900146484375,553.5499877929688,545.02001953125,550.8499755859375,47613800.0
SPY,2025-04-29,548.9099731445312,555.4500122070312,548.5499877929688,554.3200073242188,47775100.0
SPY,2025-04-30,547.5700073242188,556.52001953125,541.52001953125,554.5399780273438,93101500.0
SPY,2025-05-01,560.3699951171875,564.0700073242188,557.8599853515625,558.469970703125,63186100.0
SPY,2025-05-02,564.72998046875,568.3800048828125,562.3800048828125,566.760009765625,60717300.0
SPY,2025-05-05,562.5700073242188,566.6500244140625,561.7000122070312,563.510009765625,38659200.0
SPY,2025-05-06,557.9299926757812,563.3499755859375,556.9600219726562,558.7999877929688,48264700.0
SPY,2025-05-07,560.1500244140625,563.8200073242188,556.0399780273438,561.1500244140625,55588000.0
SPY,2025-05-08,565.239990234375,570.3099975585938,561.7000122070312,565.0599975585938,65130800.0
SPY,2025-05-09,566.47998046875,567.5,562.760009765625,564.3400268554688,37603400.0
SPY,2025-05-12,581.469970703125,583.0,577.0399780273438,582.989990234375,78993600.0
SPY,2025-05-13,583.4099731445312,589.0800170898438,582.8400268554688,586.8400268554688,67947200.0
SPY,2025-05-14,587.8099975585938,588.97998046875,585.5399780273438,587.5900268554688,66283500.0
SPY,2025-05-15,585.5599975585938,590.969970703125,585.0999755859375,590.4600219726562,71268100.0
SPY,2025-05-16,591.25,594.5,589.280029296875,594.2000122070312,76052100.0
SPY,2025-05-19,588.0999755859375,595.5399780273438,588.0999755859375,594.8499755859375,68168500.0
SPY,2025-05-20,593.0900268554688,594.0499877929688,589.5999755859375,592.8499755859375,60614500.0
SPY,2025-05-21,588.4400024414062,592.5800170898438,581.8200073242188,582.8599853515625,95197700.0
SPY,2025-05-22,582.6599731445312,586.6199951171875,581.4099731445312,583.0900268554688,70860400.0
SPY,2025-05-23,575.97998046875,581.8099975585938,575.5999755859375,579.1099853515625,76029000.0
SPY,2025-05-27,586.0700073242188,591.3099975585938,578.4299926757812,591.1500244140625,72588500.0
SPY,2025-05-28,591.5599975585938,592.77001953125,586.989990234375,587.72998046875,68445500.0
SPY,2025-05-29,593.0599975585938,593.2000122070312,586.0700073242188,590.0499877929688,69973300.0
SPY,2025-05-30,588.9299926757812,591.1300048828125,583.239990234375,589.3900146484375,90601200.0
SPY,2025-06-02,587.760009765625,592.7899780273438,585.0599975585938,592.7100219726562,61630500.0
SPY,2025-06-03,592.3400268554688,597.0800170898438,591.8499755859375,596.0900268554688,63606200.0
SPY,2025-06-04,596.9600219726562,597.9500122070312,595.489990234375,595.9299926757812,57314200.0
SPY,2025-06-05,597.6300048828125,599.0,591.0499877929688,593.0499877929688,92278700.0
SPY,2025-06-06,598.6599731445312,600.8300170898438,596.8599853515625,599.1400146484375,66588700.0
SPY,2025-06-09,599.719970703125,601.25,598.489990234375,599.6799926757812,53016400.0
SPY,2025-06-10,600.219970703125,603.469970703125,599.0900268554688,603.0800170898438,66247000.0
SPY,2025-06-11,604.1900024414062,605.0599975585938,599.27001953125,601.3599853515625,73658200.0
SPY,2025-06-12,600.010009765625,603.75,599.52001953125,603.75,64129000.0
SPY,2025-06-13,598.5,601.8499755859375,595.47998046875,597.0,89506000.0
SPY,2025-06-16,600.4000244140625,604.4500122070312,600.219970703125,602.6799926757812,79984100.0
SPY,2025-06-17,600.2100219726562,601.75,596.760009765625,597.530029296875,82209400.0
SPY,2025-06-18,598.4400024414062,601.219970703125,596.469970703125,597.4400024414062,76605000.0
SPY,2025-06-20,598.3800048828125,599.4600219726562,592.8599853515625,594.280029296875,94051400.0
SPY,2025-06-23,595.0399780273438,600.5399780273438,591.8900146484375,600.1500244140625,87426000.0
SPY,2025-06-24,604.3300170898438,607.8499755859375,603.4099731445312,606.780029296875,67735300.0
SPY,2025-06-25,607.9099731445312,608.6099853515625,605.5399780273438,607.1199951171875,62114800.0
SPY,2025-06-26,608.989990234375,612.3099975585938,608.3699951171875,611.8699951171875,78548400.0
SPY,2025-06-27,612.8800048828125,616.3900146484375,610.8300170898438,614.9099731445312,86258400.0
SPY,2025-06-30,617.3800048828125,619.219970703125,615.0399780273438,617.8499755859375,92502500.0
SPY,2025-07-01,616.3599853515625,618.8300170898438,615.52001953125,617.6500244140625,70030100.0
SPY,2025-07-02,617.239990234375,620.489990234375,616.6099853515625,620.4500122070312,66510400.0
SPY,2025-07-03,622.4500122070312,626.280029296875,622.4299926757812,625.3400268554688,51065800.0
SPY,2025-07-07,623.3599853515625,624.030029296875,617.8699951171875,620.6799926757812,74814500.0
SPY,2025-07-08,621.3499755859375,622.1099853515625,619.52001953125,620.3400268554688,59024600.0
SPY,2025-07-09,622.77001953125,624.719970703125,620.9099731445312,624.0599975585938,66113300.0
SPY,2025-07-10,624.2000122070312,626.8699951171875,623.010009765625,625.8200073242188,57529000.0
SPY,2025-07-11,622.739990234375,624.8599853515625,621.530029296875,623.6199951171875,63670200.0
SPY,2025-07-14,623.1599731445312,625.1599731445312,621.7999877929688,624.8099975585938,51898500.0
SPY,2025-07-15,627.52001953125,627.8599853515625,622.0599975585938,622.1400146484375,74317300.0
SPY,2025-07-16,623.739990234375,624.72998046875,618.0499877929688,624.219970703125,88987500.0
SPY,2025-07-17,624.4000244140625,628.4000244140625,624.1799926757812,628.0399780273438,68885700.0
SPY,2025-07-18,629.2999877929688,629.469970703125,626.4600219726562,627.5800170898438,65621600.0
SPY,2025-07-21,628.77001953125,631.5399780273438,628.3400268554688,628.77001953125,63375000.0
SPY,2025-07-22,629.0999755859375,629.72998046875,626.1900024414062,628.8599853515625,60046300.0
SPY,2025-07-23,631.5499877929688,634.2100219726562,629.72998046875,634.2100219726562,70511000.0
SPY,2025-07-24,634.5999755859375,636.1500244140625,633.989990234375,634.4199829101562,71307100.0
SPY,2025-07-25,635.0900268554688,637.5800170898438,634.8400268554688,637.0999755859375,56865400.0
SPY,2025-07-28,637.47998046875,638.0399780273438,635.5399780273438,636.9400024414062,54917100.0
SPY,2025-07-29,638.3499755859375,638.6699829101562,634.3400268554688,635.260009765625,60556300.0
SPY,2025-07-30,635.9199829101562,637.6799926757812,631.5399780273438,634.4600219726562,80418900.0
SPY,2025-07-31,639.4600219726562,639.8499755859375,630.77001953125,632.0800170898438,103385200.0
SPY,2025-08-01,626.2999877929688,626.3400268554688,619.2899780273438,621.719970703125,140103600.0
SPY,2025-08-04,625.6699829101562,631.219970703125,625.5800170898438,631.1699829101562,73218000.0
SPY,2025-08-05,631.7899780273438,632.6099853515625,627.0399780273438,627.969970703125,68051400.0
SPY,2025-08-06,629.0499877929688,633.4400024414062,628.1300048828125,632.780029296875,64357500.0
SPY,2025-08-07,636.239990234375,636.97998046875,629.1099853515625,632.25,74205800.0
SPY,2025-08-08,634.0599975585938,637.6500244140625,633.739990234375,637.1799926757812,64051600.0
SPY,2025-08-11,637.4600219726562,638.9500122070312,634.6599731445312,635.9199829101562,58742300.0
SPY,2025-08-12,638.2899780273438,642.8499755859375,636.7899780273438,642.6900024414062,64730800.0
SPY,2025-08-13,644.9099731445312,646.1900024414062,642.6799926757812,644.8900146484375,60092800.0
SPY,2025-08-14,642.7899780273438,645.6199951171875,642.3400268554688,644.9500122070312,59327500.0
SPY,2025-08-15,645.989990234375,646.0900268554688,642.52001953125,643.4400024414062,68592500.0
SPY,2025-08-18,642.8599853515625,644.0,642.1799926757812,643.2999877929688,43804900.0
SPY,2025-08-19,643.1199951171875,644.1099853515625,638.47998046875,639.8099975585938,69750700.0
SPY,2025-08-20,639.4000244140625,639.6599731445312,632.9500122070312,638.1099853515625,88890300.0
SPY,2025-08-21,636.280029296875,637.969970703125,633.8099975585938,635.5499877929688,54805800.0
SPY,2025-08-22,637.760009765625,646.5,637.25,645.3099975585938,84083200.0
SPY,2025-08-25,644.0399780273438,645.2899780273438,642.3499755859375,642.469970703125,51274300.0
SPY,2025-08-26,642.2000122070312,645.510009765625,641.5700073242188,645.1599731445312,51581600.0
SPY,2025-08-27,644.5700073242188,647.3699951171875,644.4199829101562,646.6300048828125,48341100.0
SPY,2025-08-28,647.239990234375,649.47998046875,645.3400268554688,648.9199829101562,61519500.0
SPY,2025-08-29,647.469970703125,647.8400268554688,643.1400146484375,645.0499877929688,74522200.0
SPY,2025-09-02,637.5,640.489990234375,634.9199829101562,640.27001953125,81983500.0
SPY,2025-09-03,642.6699829101562,644.2100219726562,640.4600219726562,643.739990234375,70820900.0
SPY,2025-09-04,644.4199829101562,649.1500244140625,643.510009765625,649.1199951171875,65219200.0
SPY,2025-09-05,651.47998046875,652.2100219726562,643.3300170898438,647.239990234375,85178900.0
SPY,2025-09-08,648.6199951171875,649.8400268554688,647.22998046875,648.8300170898438,63133100.0
SPY,2025-09-09,648.969970703125,650.8599853515625,647.219970703125,650.3300170898438,66133900.0
SPY,2025-09-10,653.6199951171875,654.5499877929688,650.6300048828125,652.2100219726562,78034500.0
SPY,2025-09-11,654.1799926757812,658.3300170898438,653.5900268554688,657.6300048828125,69934400.0
SPY,2025-09-12,657.5999755859375,659.1099853515625,656.9000244140625,657.4099731445312,72780100.0
SPY,2025-09-15,659.6400146484375,661.0399780273438,659.3400268554688,660.9099731445312,63772400.0
SPY,2025-09-16,661.469970703125,661.780029296875,659.2100219726562,660.0,61169000.0
SPY,2025-09-17,660.010009765625,661.719970703125,654.2999877929688,659.1799926757812,101952200.0
SPY,2025-09-18,661.8900146484375,664.8900146484375,660.27001953125,662.260009765625,90459200.0
SPY,2025-09-19,662.3300170898438,664.5499877929688,660.3699951171875,663.7000122070312,97945600.0
SPY,2025-09-22,662.2000122070312,667.2899780273438,662.1699829101562,666.8400268554688,69452200.0
SPY,2025-09-23,666.719970703125,667.3400268554688,661.97998046875,663.2100219726562,81708900.0
SPY,2025-09-24,664.510009765625,664.6099853515625,659.6699829101562,661.0999755859375,68082200.0
SPY,2025-09-25,657.9400024414062,659.4099731445312,654.4099731445312,658.0499877929688,89622100.0
SPY,2025-09-26,659.510009765625,662.3699951171875,657.8800048828125,661.8200073242188,69179200.0
SPY,2025-09-29,664.3599853515625,665.280029296875,661.8599853515625,663.6799926757812,73499000.0
SPY,2025-09-30,662.9299926757812,666.6500244140625,661.6099853515625,666.1799926757812,86288000.0
SPY,2025-10-01,663.1699829101562,669.3699951171875,663.0599975585938,668.4500122070312,72545400.0
SPY,2025-10-02,670.4500122070312,670.5700073242188,666.780029296875,669.219970703125,56896000.0
SPY,2025-10-03,669.989990234375,672.6799926757812,668.1599731445312,669.2100219726562,70494400.0
SPY,2025-10-06,671.6199951171875,672.510009765625,669.4600219726562,671.6099853515625,54623300.0
SPY,2025-10-07,672.5399780273438,672.989990234375,667.6699829101562,669.1199951171875,72020100.0
SPY,2025-10-08,670.25,673.2100219726562,669.4199829101562,673.1099853515625,60702200.0
SPY,2025-10-09,673.530029296875,673.9400024414062,669.2100219726562,671.1599731445312,66501900.0
SPY,2025-10-10,672.1300048828125,673.9500122070312,652.8400268554688,653.02001953125,159422600.0
SPY,2025-10-13,660.6500244140625,665.1300048828125,659.77001953125,663.0399780273438,79560500.0
SPY,2025-10-14,657.1699829101562,665.8300170898438,653.1699829101562,662.22998046875,88779600.0
SPY,2025-10-15,666.8200073242188,670.22998046875,658.9299926757812,665.1699829101562,81702600.0
SPY,2025-10-16,666.8200073242188,668.7100219726562,657.1099853515625,660.6400146484375,110563300.0
SPY,2025-10-17,659.5,665.760009765625,658.1400146484375,664.3900146484375,96500900.0
SPY,2025-10-20,667.3200073242188,672.2100219726562,667.27001953125,671.2999877929688,60493400.0
SPY,2025-10-21,671.4400024414062,672.989990234375,669.97998046875,671.2899780273438,56249000.0
SPY,2025-10-22,672.0,672.0,663.2999877929688,667.7999877929688,80564000.0
SPY,2025-10-23,668.1199951171875,672.7100219726562,667.7999877929688,671.760009765625,65604500.0
SPY,2025-10-24,676.4600219726562,678.469970703125,675.6500244140625,677.25,74356500.0
SPY,2025-10-27,682.72998046875,685.5399780273438,682.1199951171875,685.239990234375,63339800.0
SPY,2025-10-28,687.0499877929688,688.9099731445312,684.8300170898438,687.0599975585938,61738100.0
SPY,2025-10-29,688.719970703125,689.7000122070312,682.8699951171875,687.3900146484375,85657100.0
SPY,2025-10-30,683.9000244140625,685.9400024414062,679.8300170898438,679.8300170898438,76335800.0
SPY,2025-10-31,685.0399780273438,685.0800170898438,679.239990234375,682.0599975585938,87164100.0
SPY,2025-11-03,685.6699829101562,685.7999877929688,679.9400024414062,683.3400268554688,57315000.0
SPY,2025-11-04,676.1099853515625,679.9600219726562,674.5800170898438,675.239990234375,78427000.0
SPY,2025-11-05,674.97998046875,680.8599853515625,674.1699829101562,677.5800170898438,74402400.0
SPY,2025-11-06,676.469970703125,677.3800048828125,668.719970703125,670.3099975585938,85035300.0
SPY,2025-11-07,667.9099731445312,671.0800170898438,661.2100219726562,670.969970703125,100592400.0
SPY,2025-11-10,677.239990234375,682.1799926757812,675.030029296875,681.4400024414062,75842900.0
SPY,2025-11-11,679.9500122070312,683.5700073242188,678.72998046875,683.0,58953400.0
SPY,2025-11-12,684.7899780273438,684.9600219726562,680.9500122070312,683.3800048828125,62312500.0
SPY,2025-11-13,680.5,680.8599853515625,670.52001953125,672.0399780273438,103457800.0
SPY,2025-11-14,665.3800048828125,675.6599731445312,663.27001953125,671.9299926757812,96846700.0
SPY,2025-11-17,669.7000122070312,673.7100219726562,662.1699829101562,665.6699829101562,90456100.0
SPY,2025-11-18,662.0999755859375,665.1199951171875,655.8599853515625,660.0800170898438,114467500.0
SPY,2025-11-19,660.780029296875,667.3400268554688,658.75,662.6300048828125,94703000.0
SPY,2025-11-20,672.9099731445312,675.5599975585938,651.8900146484375,652.530029296875,165293500.0
SPY,2025-11-21,655.0499877929688,664.5499877929688,650.8499755859375,659.030029296875,123956200.0
SPY,2025-11-24,662.6900024414062,670.0599975585938,661.5900268554688,668.72998046875,80437900.0
SPY,2025-11-25,668.6300048828125,676.2100219726562,664.47998046875,675.02001953125,81077100.0
SPY,2025-11-26,677.6300048828125,681.7000122070312,676.719970703125,679.6799926757812,71879600.0
SPY,2025-11-28,680.8599853515625,683.6699829101562,680.5,683.3900146484375,49212000.0
SPY,2025-12-01,678.8099975585938,682.989990234375,678.739990234375,680.27001953125,61201200.0
SPY,2025-12-02,681.9199829101562,683.8200073242188,679.3300170898438,681.530029296875,62953800.0
SPY,2025-12-03,680.5700073242188,684.9099731445312,679.6900024414062,683.8900146484375,57238500.0
SPY,2025-12-04,685.2999877929688,685.3699951171875,681.3400268554688,684.3900146484375,61970300.0
SPY,2025-12-05,685.469970703125,688.3900146484375,684.5800170898438,685.6900024414062,79241000.0
SPY,2025-12-08,686.5900268554688,686.6400146484375,681.5700073242188,683.6300048828125,55231500.0
SPY,2025-12-09,683.1500244140625,685.3900146484375,682.5900268554688,683.0399780273438,58310100.0
SPY,2025-12-10,682.5599975585938,688.969970703125,681.3099975585938,687.5700073242188,85671300.0
SPY,2025-12-11,685.1400146484375,689.25,682.1699829101562,689.1699829101562,86173700.0
SPY,2025-12-12,688.1699829101562,688.8800048828125,679.1699829101562,681.760009765625,113160300.0
SPY,2025-12-15,685.739990234375,685.760009765625,679.25,680.72998046875,90811000.0
SPY,2025-12-16,679.22998046875,681.0800170898438,674.97998046875,678.8699951171875,122030600.0
SPY,2025-12-17,679.8900146484375,680.4400024414062,671.2000122070312,671.4000244140625,110625200.0
SPY,2025-12-18,677.5999755859375,680.739990234375,674.9000244140625,676.469970703125,108650100.0
SPY,2025-12-19,676.5900268554688,681.0900268554688,676.469970703125,680.5900268554688,103599500.0
SPY,2025-12-22,683.9400024414062,685.3599853515625,680.5900268554688,684.8300170898438,69556700.0
SPY,2025-12-23,683.9199829101562,688.2000122070312,683.8699951171875,687.9600219726562,64840000.0
SPY,2025-12-24,687.9500122070312,690.8300170898438,687.7999877929688,690.3800048828125,39445600.0
SPY,2025-12-26,690.6400146484375,691.6599731445312,689.27001953125,690.3099975585938,41613300.0
SPY,2025-12-29,687.5399780273438,689.2000122070312,686.0700073242188,687.8499755859375,62559500.0
SPY,2025-12-30,687.4500122070312,688.5599975585938,686.5800170898438,687.010009765625,47160700.0
SPY,2025-12-31,687.1400146484375,687.3599853515625,681.7100219726562,681.9199829101562,74144800.0
SPY,2026-01-02,685.7100219726562,686.8699951171875,679.8200073242188,683.1699829101562,89377200.0
SPY,2026-01-05,686.5399780273438,689.4299926757812,686.3800048828125,687.719970703125,71927200.0
SPY,2026-01-06,687.9299926757812,692.3200073242188,687.780029296875,691.8099975585938,69273800.0
SPY,2026-01-07,692.1900024414062,693.9600219726562,689.3200073242188,689.5800170898438,75588300.0
SPY,2026-01-08,688.8200073242188,690.6199951171875,687.489990234375,689.510009765625,64019200.0
SPY,2026-01-09,690.6300048828125,695.3099975585938,689.1799926757812,694.0700073242188,80125500.0
SPY,2026-01-12,690.6799926757812,696.0900268554688,690.6300048828125,695.1599731445312,63976000.0
SPY,2026-01-13,695.489990234375,696.0900268554688,691.3499755859375,693.77001953125,78309700.0
SPY,2026-01-14,691.0,691.719970703125,686.0399780273438,690.3599853515625,94676700.0
SPY,2026-01-15,694.5700073242188,695.4500122070312,691.25,692.239990234375,77862000.0
SPY,2026-01-16,693.6599731445312,694.25,690.0999755859375,691.6599731445312,79289200.0
SPY,2026-01-20,681.489990234375,684.77001953125,676.5700073242188,677.5800170898438,111623300.0
SPY,2026-01-21,679.6500244140625,688.739990234375,678.1300048828125,685.4000244140625,127844500.0
SPY,2026-01-22,689.8499755859375,691.1300048828125,686.9199829101562,688.97998046875,77112200.0
SPY,2026-01-23,688.1500244140625,690.9600219726562,687.1599731445312,689.22998046875,63059600.0
SPY,2026-01-26,690.489990234375,694.1300048828125,689.9199829101562,692.72998046875,60473800.0
SPY,2026-01-27,694.1799926757812,696.530029296875,693.5700073242188,695.489990234375,55506100.0
SPY,2026-01-28,697.0499877929688,697.8400268554688,693.9400024414062,695.4199829101562,61172200.0
SPY,2026-01-29,696.3900146484375,697.0599975585938,684.8300170898438,694.0399780273438,97486200.0
SPY,2026-01-30,691.7899780273438,694.2100219726562,687.1199951171875,691.969970703125,101835100.0
SPY,2026-02-02,689.5800170898438,696.9299926757812,689.4199829101562,695.4099731445312,79286500.0
SPY,2026-02-03,696.2100219726562,696.9600219726562,684.030029296875,689.530029296875,107904600.0
SPY,2026-02-04,690.3499755859375,691.4500122070312,681.760009765625,686.1900024414062,105204600.0
SPY,2026-02-05,680.9400024414062,683.6900024414062,675.7899780273438,677.6199951171875,113610800.0
SPY,2026-02-06,681.4600219726562,692.3099975585938,680.8499755859375,690.6199951171875,89127600.0
SPY,2026-02-09,689.4199829101562,695.8699951171875,688.3400268554688,693.9500122070312,73885200.0
SPY,2026-02-10,694.9500122070312,696.5399780273438,691.6599731445312,692.1199951171875,65185700.0
SPY,2026-02-11,696.3900146484375,697.1400146484375,689.1799926757812,691.9600219726562,76353900.0
SPY,2026-02-12,694.239990234375,695.3499755859375,680.3699951171875,681.27001953125,118829000.0
SPY,2026-02-13,681.6900024414062,686.280029296875,677.52001953125,681.75,96267500.0
SPY,2026-02-17,680.1400146484375,684.9400024414062,675.780029296875,682.8499755859375,81354700.0
SPY,2026-02-18,684.02001953125,689.1500244140625,682.8300170898438,686.2899780273438,73570300.0
SPY,2026-02-19,683.8400268554688,686.1799926757812,681.5499877929688,684.47998046875,58649400.0
SPY,2026-02-20,682.3200073242188,690.0599975585938,681.72998046875,689.4299926757812,100034000.0
SPY,2026-02-23,687.8300170898438,690.0,680.3699951171875,682.3900146484375,90558100.0
SPY,2026-02-24,681.9000244140625,688.3499755859375,680.0,687.3499755859375,73798700.0
SPY,2026-02-25,690.1799926757812,693.6799926757812,690.0999755859375,693.1500244140625,56369500.0
SPY,2026-02-26,693.280029296875,693.2999877929688,684.3499755859375,689.2999877929688,71671000.0
SPY,2026-02-27,683.0900268554688,686.8599853515625,681.6400146484375,685.989990234375,83308900.0
SPY,2026-03-02,678.7000122070312,688.6199951171875,678.02001953125,686.3800048828125,87477200.0
SPY,2026-03-03,675.0599975585938,682.6099853515625,669.6599731445312,680.3300170898438,105003100.0
SPY,2026-03-04,681.6300048828125,687.0900268554688,679.6199951171875,685.1300048828125,79182200.0
SPY,2026-03-05,682.0800170898438,685.530029296875,675.6099853515625,681.3099975585938,106606500.0
SPY,2026-03-06,673.4099731445312,676.1099853515625,669.760009765625,672.3800048828125,100687000.0
SPY,2026-03-09,666.3900146484375,679.9199829101562,662.3900146484375,678.27001953125,102667700.0
SPY,2026-03-10,677.719970703125,683.3599853515625,674.760009765625,677.1799926757812,81505300.0
SPY,2026-03-11,677.5800170898438,680.0800170898438,673.3400268554688,676.3300170898438,68441700.0
SPY,2026-03-12,671.1599731445312,671.6500244140625,665.8699951171875,666.0599975585938,108882200.0
SPY,2026-03-13,669.27001953125,672.3400268554688,661.3599853515625,662.2899780273438,97200200.0
SPY,2026-03-16,668.3800048828125,672.0700073242188,667.1199951171875,669.030029296875,82023100.0
SPY,2026-03-17,672.3900146484375,674.4400024414062,669.7000122070312,670.7899780273438,87128000.0
SPY,2026-03-18,668.3599853515625,669.719970703125,661.1900024414062,661.4299926757812,82062600.0
SPY,2026-03-19,656.969970703125,662.97998046875,655.1699829101562,659.7999877929688,111272500.0
SPY,2026-03-20,656.510009765625,656.6900024414062,644.719970703125,648.5700073242188,163617500.0
SPY,2026-03-23,658.0700073242188,662.6199951171875,653.9400024414062,655.3800048828125,134802700.0
SPY,2026-03-24,651.3200073242188,657.030029296875,649.8800048828125,653.1799926757812,96457500.0
SPY,2026-03-25,658.6699829101562,660.8900146484375,654.239990234375,656.8200073242188,90653800.0
SPY,2026-03-26,652.0599975585938,654.8499755859375,644.8200073242188,645.0900268554688,96494400.0
SPY,2026-03-27,642.5,642.6599731445312,633.1099853515625,634.0900268554688,103649400.0
SPY,2026-03-30,640.1099853515625,640.3699951171875,629.280029296875,631.969970703125,99275900.0
SPY,2026-03-31,638.9400024414062,651.5399780273438,637.97998046875,650.3400268554688,152534100.0
SPY,2026-04-01,653.9000244140625,658.52001953125,653.0,655.239990234375,97841500.0
SPY,2026-04-02,646.4199829101562,658.2000122070312,645.1099853515625,655.8300170898438,68358700.0
SPY,2026-04-06,655.8599853515625,659.719970703125,655.52001953125,658.9299926757812,39105800.0
SPY,2026-04-07,656.6500244140625,659.6099853515625,651.0599975585938,659.219970703125,69980400.0
SPY,2026-04-08,676.3900146484375,677.0800170898438,671.4600219726562,676.010009765625,93606100.0
SPY,2026-04-09,674.8400268554688,681.1599731445312,673.77001953125,679.9099731445312,57134400.0
SPY,2026-04-10,681.3200073242188,682.030029296875,678.4500122070312,679.4600219726562,42253500.0
SPY,2026-04-13,677.4099731445312,686.2999877929688,676.5800170898438,686.0999755859375,54185800.0
SPY,2026-04-14,687.6900024414062,694.5800170898438,687.6599731445312,694.4600219726562,63480500.0
SPY,2026-04-15,695.260009765625,700.280029296875,694.2000122070312,699.9400024414062,58240400.0
SPY,2026-04-16,701.0599975585938,702.780029296875,698.530029296875,701.6599731445312,49972400.0
SPY,2026-04-17,706.1400146484375,712.3900146484375,705.760009765625,710.1400146484375,70661900.0
SPY,2026-04-20,708.780029296875,709.9099731445312,706.1400146484375,708.719970703125,43546800.0
SPY,2026-04-21,710.280029296875,711.280029296875,702.6400146484375,704.0800170898438,58941400.0
SPY,2026-04-22,709.1500244140625,711.4500122070312,708.219970703125,711.2100219726562,42518500.0
SPY,2026-04-23,709.5,712.3599853515625,702.280029296875,708.4500122070312,56174000.0
SPY,2026-04-24,710.75,714.469970703125,709.010009765625,713.9400024414062,45182000.0
SPY,2026-04-27,713.1699829101562,715.6300048828125,712.2999877929688,715.1699829101562,33135900.0
SPY,2026-04-28,711.8200073242188,712.8800048828125,709.25,711.6900024414062,43117400.0
SPY,2026-04-29,711.0,712.2000122070312,708.3699951171875,711.5800170898438,41859200.0
SPY,2026-04-30,714.6300048828125,719.7899780273438,710.4500122070312,718.6599731445312,67240900.0
SPY,2026-05-01,721.25,724.8699951171875,720.469970703125,720.6500244140625,43049800.0
SPY,2026-05-04,720.0700073242188,722.1199951171875,714.989990234375,718.010009765625,51950600.0
SPY,2026-05-05,721.77001953125,725.0399780273438,721.489990234375,723.77001953125,36933200.0
SPY,2026-05-06,728.1599731445312,734.5900268554688,727.8200073242188,733.8300170898438,53288900.0
SPY,2026-05-07,735.0499877929688,736.1300048828125,729.75,731.5800170898438,51724600.0
SPY,2026-05-08,734.9299926757812,738.0800170898438,734.5700073242188,737.6199951171875,47227100.0
SPY,2026-05-11,736.4500122070312,740.7899780273438,736.4500122070312,739.2999877929688,44024000.0
SPY,2026-05-12,736.8900146484375,738.8400268554688,731.8300170898438,738.1799926757812,54185300.0
SPY,2026-05-13,738.469970703125,743.9099731445312,735.469970703125,742.3099975585938,44200200.0
SPY,2026-05-14,743.6500244140625,749.530029296875,743.5599975585938,748.1699829101562,45307600.0
SPY,2026-05-15,741.7899780273438,743.4600219726562,737.9600219726562,739.1699829101562,60410800.0
SPY,2026-05-18,739.8300170898438,741.4199829101562,733.3900146484375,738.6500244140625,47843900.0
SPY,2026-05-19,734.780029296875,737.6500244140625,731.530029296875,733.72998046875,54255900.0
SPY,2026-05-20,735.7100219726562,741.8699951171875,733.8900146484375,741.25,45768000.0
SPY,2026-05-21,738.6400146484375,744.8699951171875,737.030029296875,742.719970703125,43332200.0
SPY,2026-05-22,746.239990234375,748.9400024414062,744.47998046875,745.6400146484375,41762000.0
SPY,2026-05-26,750.010009765625,752.1300048828125,748.3699951171875,750.5900268554688,41123600.0
SPY,2026-05-27,750.8800048828125,751.3800048828125,748.219970703125,750.4600219726562,42106300.0
SPY,2026-05-28,750.25,755.1500244140625,749.22998046875,754.5999755859375,41562600.0
SPY,2026-05-29,755.9000244140625,758.0800170898438,754.6900024414062,756.47998046875,55075700.0
SPY,2026-06-01,755.3599853515625,760.280029296875,754.6900024414062,758.5399780273438,43634900.0
SPY,2026-06-02,757.030029296875,760.4000244140625,756.75,759.5700073242188,31581900.0
SPY,2026-06-03,758.1500244140625,758.7999877929688,753.5700073242188,754.239990234375,51402500.0
SPY,2026-06-04,752.0999755859375,758.3099975585938,751.469970703125,757.0900268554688,49923000.0
SPY,2026-06-05,752.3099975585938,752.8200073242188,735.530029296875,737.5499877929688,93989400.0
SPY,2026-06-08,743.3599853515625,745.3400268554688,738.1900024414062,739.219970703125,49319100.0
SPY,2026-06-09,743.6300048828125,746.9000244140625,722.5900268554688,737.0499877929688,87683500.0
SPY,2026-06-10,733.3900146484375,738.3800048828125,725.3300170898438,725.4299926757812,60341300.0
SPY,2026-06-11,728.760009765625,740.0,724.4099731445312,737.760009765625,86330500.0
SPY,2026-06-12,740.7100219726562,744.4400024414062,735.030029296875,741.75,57079500.0
SPY,2026-06-15,751.8499755859375,756.6799926757812,751.760009765625,754.8300170898438,60176400.0
SPY,2026-06-16,754.5499877929688,755.4400024414062,749.8800048828125,750.3300170898438,67093100.0
SPY,2026-06-17,751.2899780273438,752.1500244140625,739.219970703125,740.9600219726562,85945200.0
SPY,2026-06-18,747.760009765625,748.22998046875,743.8599853515625,746.739990234375,80875700.0
SPY,2026-06-22,747.7000122070312,750.1799926757812,743.1300048828125,744.3900146484375,46628100.0
SPY,2026-06-23,733.8099975585938,739.6300048828125,732.2999877929688,733.5800170898438,66846800.0
SPY,2026-06-24,735.1699829101562,739.9500122070312,730.8400268554688,733.239990234375,57439500.0
SPY,2026-06-25,738.9099731445312,739.3699951171875,729.5999755859375,734.2999877929688,53934400.0
SPY,2026-06-26,728.9500122070312,736.530029296875,716.5800170898438,728.989990234375,71034000.0
SPY,2026-06-29,736.530029296875,741.5599975585938,732.0900268554688,741.0,58035200.0
SPY,2026-06-30,741.2899780273438,748.02001953125,740.8900146484375,746.77001953125,55626000.0
SPY,2026-07-01,745.0,749.4400024414062,742.3800048828125,745.760009765625,47100900.0
SPY,2026-07-02,747.4000244140625,751.3099975585938,740.030029296875,744.780029296875,57447800.0
SPY,2026-07-06,748.739990234375,752.4099731445312,747.4099731445312,751.280029296875,50673300.0
SPY,2026-07-07,750.219970703125,750.9600219726562,745.2100219726562,747.7100219726562,43721500.0
SPY,2026-07-08,743.1599731445312,746.1500244140625,739.510009765625,745.4000244140625,43767400.0
SPY,2026-07-09,747.3499755859375,751.969970703125,745.5900268554688,751.7100219726562,41441700.0
SPY,2026-07-10,752.0499877929688,755.4199829101562,748.0999755859375,754.9500122070312,42191300.0
SPY,2026-07-13,752.469970703125,753.9099731445312,748.0,749.1699829101562,44013600.0
SPY,2026-07-14,750.9099731445312,753.3400268554688,748.6599731445312,751.8300170898438,35143100.0
SPY,2026-07-15,754.239990234375,755.5800170898438,750.2000122070312,754.8099975585938,43844800.0
SPY,2026-07-16,752.760009765625,754.5700073242188,747.8800048828125,750.719970703125,46409800.0
SPY,2026-07-17,742.0800170898438,747.2899780273438,740.7999877929688,743.2899780273438,62651000.0
SPY,2026-07-20,747.0599975585938,748.72998046875,741.510009765625,742.0900268554688,50422300.0
SPY,2026-07-21,746.2899780273438,749.0399780273438,744.1799926757812,748.280029296875,34324300.0
SPY,2026-07-22,746.6199951171875,750.02001953125,746.3699951171875,747.4099731445312,32836200.0
SPY,2026-07-23,739.3699951171875,742.5599975585938,735.2100219726562,738.1799926757812,55437300.0
SPY,2026-07-24,738.510009765625,743.719970703125,737.2899780273438,738.9299926757812,44782000.0
SPY,2026-07-27,744.9099731445312,745.530029296875,735.8699951171875,739.0900268554688,41461200.0
SPY,2026-07-28,739.1900024414062,742.7899780273438,735.97998046875,740.8599853515625,47322200.0
SPY,2026-07-29,739.969970703125,742.6799926757812,729.0999755859375,729.4600219726562,70697200.0
SPY,2026-07-30,736.0499877929688,742.4500122070312,734.5900268554688,741.6900024414062,66811300.0
SPY,2026-07-31,744.6799926757812,748.9000244140625,737.6799926757812,747.030029296875,62445900.0
SPY,2026-08-03,749.4400024414062,758.5800170898438,748.7999877929688,757.6699829101562,59927500.0
SPY,2026-08-04,760.6300048828125,773.4099731445312,760.52001953125,771.3300170898438,69154800.0
SPY,2026-08-05,775.8499755859375,776.8499755859375,769.510009765625,769.7899780273438,44689100.0
SPY,2026-08-06,770.2100219726562,771.8200073242188,767.4600219726562,768.5599975585938,38416900.0
SPY,2026-08-07,771.02001953125,773.9199829101562,769.6099853515625,773.260009765625,43586300.0
SPY,2026-08-10,772.5999755859375,775.0499877929688,771.6199951171875,773.030029296875,39249500.0
SPY,2026-08-11,774.530029296875,774.6099853515625,769.2000122070312,770.5599975585938,36740600.0
SPY,2026-08-12,774.7100219726562,774.9000244140625,771.280029296875,772.489990234375,33179100.0
SPY,2026-08-13,774.8699951171875,779.3699951171875,774.1099853515625,777.8800048828125,35634500.0
SPY,2026-08-14,778.5399780273438,778.7999877929688,775.4299926757812,776.3400268554688,31367900.0
SPY,2026-08-17,776.1799926757812,776.780029296875,772.510009765625,772.6699829101562,34356600.0
SPY,2026-08-18,768.7000122070312,769.5,766.9199829101562,767.4500122070312,43920900.0
SPY,2026-08-19,770.3599853515625,772.469970703125,768.0999755859375,769.0599975585938,40306000.0
SPY,2026-08-20,765.9600219726562,768.1500244140625,762.0399780273438,762.5999755859375,45520300.0
SPY,2026-08-21,766.0499877929688,767.8499755859375,764.1699829101562,765.719970703125,39188700.0
SPY,2026-08-24,764.780029296875,765.219970703125,762.0800170898438,763.469970703125,32430900.0
SPY,2026-08-25,766.1599731445312,766.780029296875,763.0499877929688,765.9099731445312,27422300.0
SPY,2026-08-26,764.72998046875,767.3499755859375,763.9299926757812,766.0800170898438,28751600.0
SPY,2026-08-27,768.5,772.3599853515625,767.1599731445312,771.0999755859375,34557100.0
SPY,2026-08-28,771.760009765625,775.2999877929688,768.3099975585938,769.3499755859375,36744300.0
SPY,2026-08-31,767.3300170898438,768.0,764.719970703125,767.0499877929688,38810800.0
SPY,2026-09-01,762.010009765625,764.6699829101562,759.47998046875,761.780029296875,41126300.0
SPY,2026-09-02,762.4500122070312,766.4299926757812,761.72998046875,765.1599731445312,29566200.0
SPY,2026-09-03,767.9000244140625,774.030029296875,767.4500122070312,773.1699829101562,43531600.0
SPY,2026-09-04,772.010009765625,772.8699951171875,769.0,770.1900024414062,34054200.0
SPY,2026-09-08,769.0700073242188,769.7000122070312,765.1400146484375,765.9600219726562,44746100.0
SPY,2026-09-09,764.0800170898438,764.469970703125,760.9400024414062,762.4000244140625,32812400.0
SPY,2026-09-10,758.030029296875,760.1099853515625,756.6400146484375,757.8300170898438,42740400.0
SPY,2026-09-11,764.719970703125,766.3800048828125,763.5999755859375,764.2899780273438,45512700.0
SPY,2026-09-14,759.0,763.52001953125,757.9299926757812,760.8800048828125,43992400.0
SPY,2026-09-15,760.1199951171875,760.3499755859375,756.1500244140625,757.3900146484375,46195000.0
SPY,2026-09-16,759.5,761.6699829101562,749.5999755859375,754.0499877929688,59217700.0
SPY,2026-09-17,763.1500244140625,763.5700073242188,759.9600219726562,762.5999755859375,49652800.0
QQQ,2024-09-19,482.6099853515625,486.2300109863281,480.489990234375,483.3599853515625,52782500.0
QQQ,2024-09-20,482.489990234375,483.69000244140625,478.29998779296875,482.44000244140625,34577700.0
QQQ,2024-09-23,482.95001220703125,484.1400146484375,481.6000061035156,483.0400085449219,24843000.0
QQQ,2024-09-24,484.4599914550781,486.3299865722656,480.1700134277344,485.3699951171875,25952600.0
QQQ,2024-09-25,484.739990234375,487.7900085449219,484.55999755859375,485.82000732421875,26549900.0
QQQ,2024-09-26,493.3699951171875,493.70001220703125,485.79998779296875,489.4700012207031,32020200.0
QQQ,2024-09-27,490.5,490.6400146484375,485.55999755859375,486.75,22851100.0
QQQ,2024-09-30,485.7799987792969,488.4100036621094,482.9200134277344,488.07000732421875,30281100.0
QQQ,2024-10-01,487.70001220703125,488.0,477.3999938964844,481.2699890136719,42735400.0
QQQ,2024-10-02,480.3599853515625,483.8800048828125,477.7200012207031,481.95001220703125,23744000.0
QQQ,2024-10-03,479.739990234375,484.54998779296875,478.989990234375,481.5899963378906,25337200.0
QQQ,2024-10-04,487.45001220703125,487.8800048828125,482.3900146484375,487.32000732421875,30686600.0
QQQ,2024-10-07,485.3900146484375,486.57000732421875,480.8699951171875,482.1000061035156,24975100.0
QQQ,2024-10-08,484.6600036621094,489.989990234375,483.8500061035156,489.29998779296875,28272000.0
QQQ,2024-10-09,489.0,493.7300109863281,487.95001220703125,493.1499938964844,24995000.0
QQQ,2024-10-10,490.8500061035156,494.4700012207031,489.5299987792969,492.5899963378906,25750400.0
QQQ,2024-10-11,490.739990234375,494.3900146484375,490.1700134277344,493.3599853515625,20644500.0
QQQ,2024-10-14,495.7699890136719,498.8299865722656,495.260009765625,497.5,26060100.0
QQQ,2024-10-15,497.8299865722656,498.5,488.67999267578125,490.8500061035156,34784500.0
QQQ,2024-10-16,491.17999267578125,491.69000244140625,487.57000732421875,490.9100036621094,22996800.0
QQQ,2024-10-17,496.44000244140625,496.489990234375,491.19000244140625,491.25,27210700.0
QQQ,2024-10-18,494.05999755859375,495.57000732421875,493.29998779296875,494.4700012207031,25335000.0
QQQ,2024-10-21,493.25,496.2300109863281,491.30999755859375,495.4200134277344,30336500.0
QQQ,2024-10-22,492.7300109863281,497.45001220703125,491.9700012207031,495.9599914550781,26685800.0
QQQ,2024-10-23,493.5899963378906,494.25,485.04998779296875,488.3599853515625,39346600.0
QQQ,2024-10-24,492.1099853515625,493.0,489.44000244140625,492.32000732421875,22024900.0
QQQ,2024-10-25,495.1400146484375,500.2799987792969,494.42999267578125,495.32000732421875,38762100.0
QQQ,2024-10-28,498.4599914550781,498.5199890136719,495.1000061035156,495.3999938964844,20477800.0
QQQ,2024-10-29,495.7200012207031,501.3500061035156,493.8500061035156,500.1600036621094,28014100.0
QQQ,2024-10-30,499.3900146484375,500.3500061035156,495.8900146484375,496.3800048828125,29756000.0
QQQ,2024-10-31,492.3800048828125,492.42999267578125,483.75,483.8500061035156,41245200.0
QQQ,2024-11-01,485.5,490.75,485.20001220703125,487.42999267578125,33655800.0
QQQ,2024-11-04,486.82000732421875,489.3800048828125,484.25,486.010009765625,23291600.0
QQQ,2024-11-05,487.6099853515625,492.8800048828125,487.5199890136719,492.2099914550781,24353600.0
QQQ,2024-11-06,500.55999755859375,506.4100036621094,499.6000061035156,505.5799865722656,43082200.0
QQQ,2024-11-07,508.3999938964844,514.3300170898438,508.3399963378906,513.5399780273438,32853100.0
QQQ,2024-11-08,513.0399780273438,514.9199829101562,512.4099731445312,514.1400146484375,22924500.0
QQQ,2024-11-11,515.3699951171875,515.5800170898438,510.9200134277344,513.8400268554688,24167500.0
QQQ,2024-11-12,513.77001953125,514.6599731445312,509.8299865722656,512.9099731445312,25835300.0
QQQ,2024-11-13,512.4000244140625,514.97998046875,509.95001220703125,512.25,24567400.0
QQQ,2024-11-14,511.9100036621094,512.7899780273438,507.7699890136719,508.69000244140625,28679500.0
QQQ,2024-11-15,502.94000244140625,503.3299865722656,494.489990234375,496.57000732421875,51461100.0
QQQ,2024-11-18,498.1300048828125,502.1400146484375,496.7300109863281,500.0199890136719,27080800.0
QQQ,2024-11-19,497.4200134277344,503.95001220703125,497.0799865722656,503.4599914550781,24523000.0
QQQ,2024-11-20,503.1600036621094,503.4800109863281,496.55999755859375,503.1700134277344,29565500.0
QQQ,2024-11-21,506.239990234375,506.9599914550781,497.55999755859375,504.9800109863281,34526700.0
QQQ,2024-11-22,504.4200134277344,506.5299987792969,502.7799987792969,505.7900085449219,23826600.0
QQQ,2024-11-25,509.8999938964844,511.45001220703125,504.260009765625,506.5899963378906,26375200.0
QQQ,2024-11-26,508.0799865722656,510.1400146484375,507.2300109863281,509.30999755859375,26557100.0
QQQ,2024-11-27,508.1700134277344,508.239990234375,501.92999267578125,505.29998779296875,24957400.0
QQQ,2024-11-29,505.92999267578125,510.3399963378906,505.30999755859375,509.739990234375,15334000.0
QQQ,2024-12-02,511.010009765625,516.260009765625,510.6199951171875,515.2899780273438,25147200.0
QQQ,2024-12-03,513.9500122070312,517.1500244140625,513.3699951171875,516.8699951171875,18597900.0
QQQ,2024-12-04,520.3200073242188,523.52001953125,519.5999755859375,523.260009765625,26086200.0
QQQ,2024-12-05,523.3099975585938,524.0399780273438,521.4199829101562,521.8099975585938,18169600.0
QQQ,2024-12-06,522.47998046875,526.719970703125,522.3499755859375,526.47998046875,23762600.0
QQQ,2024-12-09,525.5499877929688,526.3499755859375,521.219970703125,522.3800048828125,20674400.0
QQQ,2024-12-10,523.6199951171875,525.3800048828125,519.1599731445312,520.5999755859375,24350000.0
QQQ,2024-12-11,525.0,530.6099853515625,524.5900268554688,529.9199829101562,32168600.0
QQQ,2024-12-12,527.6799926757812,528.9600219726562,526.02001953125,526.5,23577500.0
QQQ,2024-12-13,530.4600219726562,533.1699829101562,527.2999877929688,530.530029296875,28780400.0
QQQ,2024-12-16,533.0800170898438,539.1500244140625,533.0,538.1699829101562,31979900.0
QQQ,2024-12-17,536.3599853515625,537.47998046875,534.1300048828125,535.7999877929688,28579100.0
QQQ,2024-12-18,535.1500244140625,536.8800048828125,515.010009765625,516.469970703125,54703200.0
QQQ,2024-12-19,521.1900024414062,521.760009765625,513.8300170898438,514.1699829101562,46441800.0
QQQ,2024-12-20,510.44000244140625,524.8200073242188,509.2900085449219,518.6599731445312,60530000.0
QQQ,2024-12-23,519.5499877929688,523.25,516.1300048828125,522.8699951171875,29672800.0
QQQ,2024-12-24,524.8300170898438,530.0499877929688,524.1900024414062,529.9600219726562,17558200.0
QQQ,2024-12-26,528.3200073242188,531.239990234375,526.3099975585938,529.5999755859375,19090500.0
QQQ,2024-12-27,526.010009765625,526.4500122070312,517.8599853515625,522.5599975585938,33839600.0
QQQ,2024-12-30,515.510009765625,519.3599853515625,511.8299865722656,515.6099853515625,34584000.0
QQQ,2024-12-31,516.9000244140625,517.6599731445312,510.260009765625,511.2300109863281,29117000.0
QQQ,2025-01-02,514.2999877929688,516.6400146484375,505.7099914550781,510.2300109863281,36389800.0
QQQ,2025-01-03,513.3499755859375,519.6500244140625,512.530029296875,518.5800170898438,29059500.0
QQQ,2025-01-06,524.02001953125,527.9199829101562,522.030029296875,524.5399780273438,36109700.0
QQQ,2025-01-07,525.5900268554688,525.989990234375,513.280029296875,515.1799926757812,36690300.0
QQQ,2025-01-08,515.0800170898438,516.9199829101562,510.57000732421875,515.27001953125,30777800.0
QQQ,2025-01-10,511.4800109863281,511.5799865722656,503.9200134277344,507.19000244140625,40532500.0
QQQ,2025-01-13,501.20001220703125,506.0199890136719,499.70001220703125,505.55999755859375,31694200.0
QQQ,2025-01-14,508.739990234375,510.1600036621094,501.5899963378906,505.0799865722656,33737200.0
QQQ,2025-01-15,513.030029296875,517.8499755859375,511.4599914550781,516.7000122070312,34957600.0
QQQ,2025-01-16,518.97998046875,519.0599975585938,512.9500122070312,513.0800170898438,28229000.0
QQQ,2025-01-17,522.8499755859375,524.0700073242188,513.1099853515625,521.739990234375,51837900.0
QQQ,2025-01-21,524.47998046875,525.969970703125,520.0599975585938,524.7999877929688,23628000.0
QQQ,2025-01-22,529.5700073242188,533.8200073242188,529.260009765625,531.510009765625,33593000.0
QQQ,2025-01-23,529.0399780273438,532.760009765625,528.4500122070312,532.6400146484375,23096600.0
QQQ,2025-01-24,533.02001953125,533.7899780273438,528.1500244140625,529.6300048828125,19878300.0
QQQ,2025-01-27,511.0,517.989990234375,510.1499938964844,514.2100219726562,60771700.0
QQQ,2025-01-28,515.219970703125,523.0,511.7799987792969,521.8099975585938,33194200.0
QQQ,2025-01-29,522.4600219726562,522.5900268554688,516.9000244140625,520.8300170898438,26649000.0
QQQ,2025-01-30,523.7100219726562,526.0999755859375,518.2100219726562,523.0499877929688,27431300.0
QQQ,2025-01-31,526.9199829101562,531.52001953125,521.1900024414062,522.2899780273438,38755200.0
QQQ,2025-02-03,513.469970703125,520.8499755859375,511.04998779296875,518.1099853515625,40580800.0
QQQ,2025-02-04,518.6300048828125,525.1099853515625,518.22998046875,524.469970703125,26046800.0
QQQ,2025-02-05,521.8200073242188,527.010009765625,520.6199951171875,526.8499755859375,21134100.0
QQQ,2025-02-06,527.3599853515625,529.8099975585938,525.739990234375,529.5999755859375,19434500.0
QQQ,2025-02-07,530.1400146484375,532.0999755859375,522.1900024414062,522.9199829101562,29605500.0
QQQ,2025-02-10,527.219970703125,530.3599853515625,526.75,529.25,20852800.0
QQQ,2025-02-11,525.9600219726562,529.9199829101562,525.8300170898438,527.989990234375,19325500.0
QQQ,2025-02-12,522.2999877929688,529.1900024414062,521.9500122070312,528.2999877929688,25009400.0
QQQ,2025-02-13,529.97998046875,536.219970703125,529.1900024414062,535.9000244140625,28714800.0
QQQ,2025-02-14,536.010009765625,538.8400268554688,535.6699829101562,538.1500244140625,17862600.0
QQQ,2025-02-18,539.72998046875,540.0,536.0399780273438,539.3699951171875,20565000.0
QQQ,2025-02-19,538.5700073242188,540.8099975585938,536.4600219726562,539.52001953125,19666900.0
QQQ,2025-02-20,538.72998046875,539.0999755859375,532.4600219726562,537.22998046875,26550800.0
QQQ,2025-02-21,538.3800048828125,538.4000244140625,525.7100219726562,526.0800170898438,47093800.0
QQQ,2025-02-24,527.8800048828125,529.0700073242188,519.530029296875,519.8699951171875,39268400.0
QQQ,2025-02-25,519.239990234375,519.3200073242188,509.44000244140625,513.3200073242188,48940000.0
QQQ,2025-02-26,515.530029296875,519.6599731445312,511.3699951171875,514.5599975585938,34457600.0
QQQ,2025-02-27,518.1300048828125,519.0700073242188,500.04998779296875,500.2699890136719,52448000.0
QQQ,2025-02-28,500.1300048828125,508.7799987792969,496.92999267578125,508.1700134277344,47654000.0
QQQ,2025-03-03,511.5199890136719,513.0399780273438,493.5799865722656,497.04998779296875,44587200.0
QQQ,2025-03-04,494.17999267578125,503.739990234375,487.739990234375,495.54998779296875,67875400.0
QQQ,2025-03-05,496.20001220703125,503.6300048828125,491.260009765625,502.010009765625,46323700.0
QQQ,2025-03-06,493.69000244140625,498.5799865722656,486.20001220703125,488.20001220703125,57574300.0
QQQ,2025-03-07,487.1600036621094,493.2799987792969,480.5299987792969,491.7900085449219,54714700.0
QQQ,2025-03-10,483.45001220703125,483.9700012207031,468.6600036621094,472.7300109863281,76668000.0
QQQ,2025-03-11,472.3500061035156,478.80999755859375,467.010009765625,471.6000061035156,68760800.0
QQQ,2025-03-12,479.1600036621094,481.05999755859375,471.7900085449219,476.9200134277344,46971100.0
QQQ,2025-03-13,476.25,476.2799987792969,466.42999267578125,468.3399963378906,46563300.0
QQQ,2025-03-14,473.7300109863281,480.55999755859375,473.1199951171875,479.6600036621094,43563000.0
QQQ,2025-03-17,479.6099853515625,485.8399963378906,477.79998779296875,482.7699890136719,41744400.0
QQQ,2025-03-18,479.4100036621094,479.6099853515625,472.4100036621094,474.5400085449219,39072300.0
QQQ,2025-03-19,476.80999755859375,485.3299865722656,474.8699951171875,480.8900146484375,40430300.0
QQQ,2025-03-20,476.8800048828125,484.54998779296875,476.17999267578125,479.260009765625,36780500.0
QQQ,2025-03-21,474.0799865722656,481.6099853515625,472.9100036621094,480.8399963378906,42234900.0
QQQ,2025-03-24,487.739990234375,491.510009765625,484.3999938964844,490.6600036621094,34567200.0
QQQ,2025-03-25,491.3900146484375,493.6199951171875,490.4200134277344,493.4599914550781,26035200.0
QQQ,2025-03-26,492.29998779296875,493.1600036621094,482.82000732421875,484.3800048828125,34627100.0
QQQ,2025-03-27,482.4100036621094,486.5799865722656,480.25,481.6199951171875,33469800.0
QQQ,2025-03-28,479.80999755859375,480.5199890136719,468.04998779296875,468.94000244140625,46363800.0
QQQ,2025-03-31,461.9200134277344,469.8599853515625,457.3299865722656,468.9200134277344,53000300.0
QQQ,2025-04-01,467.29998779296875,473.6300048828125,464.4200134277344,472.70001220703125,41156200.0
QQQ,2025-04-02,466.1199951171875,479.55999755859375,465.8599853515625,476.1499938964844,49894500.0
QQQ,2025-04-03,456.44000244140625,460.07000732421875,450.1400146484375,450.6600036621094,70456300.0
QQQ,2025-04-04,438.1400146484375,440.3699951171875,422.6700134277344,422.6700134277344,117088400.0
QQQ,2025-04-07,408.6600036621094,443.1400146484375,402.3900146484375,423.69000244140625,161557000.0
QQQ,2025-04-08,438.1600036621094,443.1400146484375,409.7900085449219,416.05999755859375,101248100.0
QQQ,2025-04-09,415.57000732421875,467.8299865722656,415.42999267578125,466.0,142876900.0
QQQ,2025-04-10,453.55999755859375,455.5899963378906,432.6300048828125,446.17999267578125,108384100.0
QQQ,2025-04-11,444.6499938964844,455.7900085449219,441.3299865722656,454.3999938964844,52483800.0
QQQ,2025-04-14,464.4599914550781,465.04998779296875,452.6300048828125,457.4800109863281,43941200.0
QQQ,2025-04-15,458.5400085449219,462.3800048828125,456.1499938964844,457.989990234375,35404200.0
QQQ,2025-04-16,449.0299987792969,452.6199951171875,437.760009765625,444.17999267578125,48980600.0
QQQ,2025-04-17,447.1700134277344,447.75,441.3599853515625,444.1000061035156,44837000.0
QQQ,2025-04-21,438.2300109863281,439.0799865722656,427.92999267578125,433.1099853515625,44149300.0
QQQ,2025-04-22,438.82000732421875,447.5799865722656,437.6199951171875,444.4800109863281,52304400.0
QQQ,2025-04-23,458.1700134277344,463.3800048828125,452.8800048828125,454.55999755859375,55801100.0
QQQ,2025-04-24,456.4800109863281,467.6600036621094,455.8299865722656,467.3500061035156,45956100.0
QQQ,2025-04-25,466.9700012207031,473.0899963378906,465.3900146484375,472.55999755859375,38697100.0
QQQ,2025-04-28,473.0299987792969,474.80999755859375,466.0299987792969,472.4100036621094,33550800.0
QQQ,2025-04-29,470.1700134277344,476.4200134277344,469.5899963378906,475.5299987792969,30613100.0
QQQ,2025-04-30,467.1300048828125,477.20001220703125,462.42999267578125,475.4700012207031,46810600.0
QQQ,2025-05-01,483.4100036621094,487.17999267578125,480.739990234375,481.67999267578125,43316500.0
QQQ,2025-05-02,486.5400085449219,490.9100036621094,484.8299865722656,488.8299865722656,39218100.0
QQQ,2025-05-05,484.6000061035156,489.0299987792969,484.1000061035156,485.92999267578125,28309500.0
QQQ,2025-05-06,479.55999755859375,485.04998779296875,478.19000244140625,481.4100036621094,32786300.0
QQQ,2025-05-07,482.0799865722656,485.79998779296875,476.7799987792969,483.29998779296875,38006300.0
QQQ,2025-05-08,488.5299987792969,492.70001220703125,484.1700134277344,488.2900085449219,39577600.0
QQQ,2025-05-09,490.2099914550781,491.5400085449219,486.20001220703125,487.9700012207031,27767400.0
QQQ,2025-05-12,506.989990234375,507.8900146484375,501.4800109863281,507.8500061035156,45090600.0
QQQ,2025-05-13,509.1600036621094,517.3900146484375,508.4200134277344,515.5900268554688,53269600.0
QQQ,2025-05-14,516.77001953125,519.22998046875,515.75,518.6799926757812,47014500.0
QQQ,2025-05-15,516.52001953125,521.9299926757812,515.1699829101562,519.25,50153300.0
QQQ,2025-05-16,520.6599731445312,521.7000122070312,517.0999755859375,521.510009765625,48394600.0
QQQ,2025-05-19,514.239990234375,522.530029296875,514.239990234375,522.010009765625,52536200.0
QQQ,2025-05-20,519.469970703125,520.9299926757812,516.6599731445312,520.27001953125,42517600.0
QQQ,2025-05-21,516.27001953125,523.0,511.239990234375,513.0399780273438,71292800.0
QQQ,2025-05-22,513.6599731445312,517.7100219726562,512.2999877929688,514.0,55607200.0
QQQ,2025-05-23,506.17999267578125,511.8399963378906,505.5799865722656,509.239990234375,58368100.0
QQQ,2025-05-27,516.1500244140625,521.7100219726562,514.5900268554688,521.219970703125,47226300.0
QQQ,2025-05-28,522.1799926757812,523.6799926757812,518.3900146484375,518.9099731445312,46637200.0
QQQ,2025-05-29,526.3300170898438,526.47998046875,517.3200073242188,519.9299926757812,58513300.0
QQQ,2025-05-30,519.4400024414062,520.6799926757812,511.92999267578125,519.1099853515625,67662800.0
QQQ,2025-06-02,517.239990234375,523.4500122070312,515.969970703125,523.2100219726562,44762800.0
QQQ,2025-06-03,523.5599975585938,528.739990234375,522.6900024414062,527.2999877929688,44070300.0
QQQ,2025-06-04,528.010009765625,529.8400268554688,525.969970703125,528.77001953125,41359300.0
QQQ,2025-06-05,530.1799926757812,533.0499877929688,522.6599731445312,524.7899780273438,61031200.0
QQQ,2025-06-06,530.0,531.7999877929688,528.2100219726562,529.9199829101562,42467000.0
QQQ,2025-06-09,530.1400146484375,532.3499755859375,529.010009765625,530.7000122070312,33688700.0
QQQ,2025-06-10,531.1699829101562,534.9000244140625,528.8900146484375,534.2100219726562,40664800.0
QQQ,2025-06-11,535.6199951171875,536.780029296875,530.1099853515625,532.4099731445312,53701000.0
QQQ,2025-06-12,531.0900268554688,534.6400146484375,530.8400268554688,533.6599731445312,34104900.0
QQQ,2025-06-13,527.6799926757812,531.8699951171875,525.72998046875,526.9600219726562,55814400.0
QQQ,2025-06-16,530.5,535.3699951171875,530.4500122070312,534.2899780273438,37622100.0
QQQ,2025-06-17,531.7100219726562,533.3300170898438,527.9099731445312,529.0800170898438,42180900.0
QQQ,2025-06-18,530.0999755859375,532.5499877929688,527.4000244140625,528.989990234375,43983500.0
QQQ,2025-06-20,532.260009765625,533.5599975585938,524.8800048828125,526.8300170898438,61643500.0
QQQ,2025-06-23,526.8099975585938,532.1699829101562,523.6500244140625,531.6500244140625,50666100.0
QQQ,2025-06-24,536.8900146484375,540.7000122070312,536.27001953125,539.780029296875,45442000.0
QQQ,2025-06-25,542.0599975585938,543.3099975585938,539.3800048828125,541.1599731445312,44804200.0
QQQ,2025-06-26,543.3499755859375,546.6699829101562,541.52001953125,546.219970703125,43811400.0
QQQ,2025-06-27,547.260009765625,549.989990234375,544.5399780273438,548.0900268554688,57577100.0
QQQ,2025-06-30,551.260009765625,552.7999877929688,549.010009765625,551.6400146484375,45548700.0
QQQ,2025-07-01,549.72998046875,550.7100219726562,544.6599731445312,546.989990234375,56166700.0
QQQ,2025-07-02,546.1599731445312,551.0,546.1199951171875,550.7999877929688,36538300.0
QQQ,2025-07-03,553.1799926757812,557.2000122070312,553.1799926757812,556.219970703125,26443500.0
QQQ,2025-07-07,553.52001953125,554.3400268554688,549.5800170898438,552.030029296875,45349300.0
QQQ,2025-07-08,553.3800048828125,554.010009765625,551.0999755859375,552.3400268554688,36153300.0
QQQ,2025-07-09,554.47998046875,557.6300048828125,553.0999755859375,556.25,43045500.0
QQQ,2025-07-10,556.8900146484375,557.2999877929688,552.75,555.4500122070312,34710900.0
QQQ,2025-07-11,553.2999877929688,555.7899780273438,552.0499877929688,554.2000122070312,39618600.0
QQQ,2025-07-14,553.989990234375,556.9500122070312,551.6300048828125,556.2100219726562,36453300.0
QQQ,2025-07-15,560.25,560.7999877929688,556.6599731445312,556.719970703125,43277700.0
QQQ,2025-07-16,557.280029296875,560.2100219726562,551.5599975585938,557.2899780273438,52314700.0
QQQ,2025-07-17,558.02001953125,562.3099975585938,557.2100219726562,561.7999877929688,40423800.0
QQQ,2025-07-18,563.1199951171875,564.72998046875,559.97998046875,561.260009765625,50484700.0
QQQ,2025-07-21,562.0900268554688,566.0599975585938,562.0599975585938,564.1699829101562,39595200.0
QQQ,2025-07-22,564.2999877929688,564.3499755859375,558.6099853515625,561.25,43270600.0
QQQ,2025-07-23,562.3400268554688,563.8499755859375,559.5800170898438,563.8099975585938,40215300.0
QQQ,2025-07-24,565.1300048828125,566.239990234375,563.2899780273438,565.010009765625,42275500.0
QQQ,2025-07-25,564.9299926757812,567.7000122070312,564.27001953125,566.3699951171875,30630800.0
QQQ,2025-07-28,567.739990234375,569.0399780273438,566.8699951171875,568.1400146484375,31498700.0
QQQ,2025-07-29,570.760009765625,572.1099853515625,566.530029296875,567.260009765625,45463300.0
QQQ,2025-07-30,568.1799926757812,570.6199951171875,565.0499877929688,568.02001953125,43433800.0
QQQ,2025-07-31,574.5399780273438,574.6300048828125,563.8699951171875,565.010009765625,64613600.0
QQQ,2025-08-01,558.8300170898438,559.02001953125,551.6799926757812,553.8800048828125,69400800.0
QQQ,2025-08-04,559.0499877929688,564.3200073242188,558.9500122070312,564.0999755859375,47669800.0
QQQ,2025-08-05,565.3900146484375,566.5599975585938,559.72998046875,560.27001953125,48666600.0
QQQ,2025-08-06,561.1099853515625,567.760009765625,560.6300048828125,567.3200073242188,41823700.0
QQQ,2025-08-07,571.6699829101562,573.3200073242188,565.1099853515625,569.239990234375,44463000.0
QQQ,2025-08-08,570.4500122070312,574.77001953125,570.1500244140625,574.5499877929688,35255500.0
QQQ,2025-08-11,574.6900024414062,576.7999877929688,571.5700073242188,572.8499755859375,33112900.0
QQQ,2025-08-12,575.1599731445312,580.3499755859375,572.489990234375,580.0499877929688,42143300.0
QQQ,2025-08-13,582.760009765625,583.3200073242188,578.9400024414062,580.3400268554688,41209300.0
QQQ,2025-08-14,578.280029296875,581.8800048828125,577.9099731445312,579.8900146484375,45425000.0
QQQ,2025-08-15,579.7999877929688,579.8400268554688,575.5700073242188,577.3400268554688,49480200.0
QQQ,2025-08-18,576.4400024414062,577.77001953125,575.239990234375,577.1099853515625,29831000.0
QQQ,2025-08-19,576.3900146484375,576.5599975585938,568.25,569.280029296875,53752600.0
QQQ,2025-08-20,568.3300170898438,568.4500122070312,558.8400268554688,565.9000244140625,76781100.0
QQQ,2025-08-21,564.3499755859375,566.489990234375,560.97998046875,563.280029296875,46436900.0
QQQ,2025-08-22,564.6699829101562,573.989990234375,563.27001953125,571.969970703125,51502100.0
QQQ,2025-08-25,570.4000244140625,573.2899780273438,569.1599731445312,570.3200073242188,34044700.0
QQQ,2025-08-26,569.8300170898438,572.9199829101562,568.7999877929688,572.6099853515625,34103000.0
QQQ,2025-08-27,571.5900268554688,574.4099731445312,570.3699951171875,573.489990234375,36927100.0
QQQ,2025-08-28,574.1099853515625,578.0,572.4600219726562,577.0800170898438,46787900.0
QQQ,2025-08-29,574.6599731445312,575.030029296875,568.5399780273438,570.4000244140625,56030400.0
QQQ,2025-09-02,561.3099975585938,565.969970703125,559.5399780273438,565.6199951171875,65876800.0
QQQ,2025-09-03,569.22998046875,571.7000122070312,566.72998046875,570.0700073242188,54230200.0
QQQ,2025-09-04,570.739990234375,575.5999755859375,569.030029296875,575.22998046875,47526300.0
QQQ,2025-09-05,580.489990234375,581.1199951171875,571.530029296875,576.0599975585938,68342500.0
QQQ,2025-09-08,578.3699951171875,580.8400268554688,577.77001953125,578.8699951171875,46371400.0
QQQ,2025-09-09,579.6699829101562,580.9400024414062,577.0399780273438,580.510009765625,44007600.0
QQQ,2025-09-10,583.739990234375,583.77001953125,578.5499877929688,580.7000122070312,49308000.0
QQQ,2025-09-11,583.239990234375,584.8800048828125,581.6199951171875,584.0800170898438,44745800.0
QQQ,2025-09-12,585.0399780273438,587.8599853515625,584.0999755859375,586.6599731445312,50745900.0
QQQ,2025-09-15,588.4400024414062,591.7899780273438,588.2899780273438,591.6799926757812,44360300.0
QQQ,2025-09-16,592.6099853515625,592.8599853515625,590.489990234375,591.1799926757812,36942100.0
QQQ,2025-09-17,591.0999755859375,591.75,584.3699951171875,590.0,69384800.0
QQQ,2025-09-18,594.9099731445312,598.1400146484375,592.9600219726562,595.3200073242188,61069300.0
QQQ,2025-09-19,597.3300170898438,600.0499877929688,595.8499755859375,599.3499755859375,58196100.0
QQQ,2025-09-22,597.739990234375,602.8699951171875,597.719970703125,602.2000122070312,57154800.0
QQQ,2025-09-23,602.3699951171875,602.5700073242188,596.97998046875,598.2000122070312,64635500.0
QQQ,2025-09-24,599.5800170898438,599.9000244140625,593.3599853515625,596.0999755859375,49850300.0
QQQ,2025-09-25,592.2000122070312,595.1199951171875,588.5,593.530029296875,70920200.0
QQQ,2025-09-26,594.3499755859375,596.2999877929688,591.0599975585938,595.969970703125,54337400.0
QQQ,2025-09-29,599.1099853515625,602.0499877929688,597.4099731445312,598.72998046875,48332900.0
QQQ,2025-09-30,598.4299926757812,600.7100219726562,596.0999755859375,600.3699951171875,46533800.0
QQQ,2025-10-01,597.1699829101562,603.7899780273438,596.3400268554688,603.25,46899600.0
QQQ,2025-10-02,607.0599975585938,607.1599731445312,602.9299926757812,605.72998046875,43765400.0
QQQ,2025-10-03,606.510009765625,607.3300170898438,601.3900146484375,603.1799926757812,46482100.0
QQQ,2025-10-06,608.4500122070312,609.3599853515625,605.969970703125,607.7100219726562,41962100.0
QQQ,2025-10-07,609.02001953125,609.7100219726562,603.030029296875,604.510009765625,58209500.0
QQQ,2025-10-08,605.4099731445312,611.75,605.260009765625,611.4400024414062,50629800.0
QQQ,2025-10-09,611.47998046875,611.6099853515625,607.47998046875,610.7000122070312,45551000.0
QQQ,2025-10-10,611.4000244140625,613.1799926757812,589.0499877929688,589.5,97614800.0
QQQ,2025-10-13,599.6799926757812,602.9500122070312,597.22998046875,602.010009765625,65872600.0
QQQ,2025-10-14,595.3099975585938,602.6900024414062,590.1300048828125,598.0,69203200.0
QQQ,2025-10-15,604.010009765625,606.7000122070312,595.9299926757812,602.219970703125,62805500.0
QQQ,2025-10-16,605.1099853515625,608.3099975585938,595.5,599.989990234375,70982000.0
QQQ,2025-10-17,597.9500122070312,605.510009765625,596.3699951171875,603.9299926757812,72024900.0
QQQ,2025-10-20,607.1400146484375,612.7999877929688,607.0700073242188,611.5399780273438,45761700.0
QQQ,2025-10-21,611.6400146484375,612.719970703125,609.3200073242188,611.3800048828125,44538200.0
QQQ,2025-10-22,610.8200073242188,611.4099731445312,599.739990234375,605.489990234375,61478800.0
QQQ,2025-10-23,604.9099731445312,611.3699951171875,604.52001953125,610.5800170898438,42844300.0
QQQ,2025-10-24,615.989990234375,618.4199829101562,615.1300048828125,617.0999755859375,47632500.0
QQQ,2025-10-27,624.52001953125,628.5499877929688,624.030029296875,628.0900268554688,54098600.0
QQQ,2025-10-28,630.3599853515625,634.6799926757812,629.25,632.9199829101562,61195700.0
QQQ,2025-10-29,635.5900268554688,637.010009765625,630.25,635.77001953125,67422800.0
QQQ,2025-10-30,632.1699829101562,633.5,625.9400024414062,626.0499877929688,61628600.0
QQQ,2025-10-31,634.1699829101562,634.2000122070312,626.6900024414062,629.0700073242188,66305100.0
QQQ,2025-11-03,635.1099853515625,635.8200073242188,629.8499755859375,632.0800170898438,37154300.0
QQQ,2025-11-04,623.280029296875,626.9500122070312,618.4600219726562,619.25,63830800.0
QQQ,2025-11-05,618.489990234375,626.5999755859375,617.2100219726562,623.280029296875,48688500.0
QQQ,2025-11-06,621.7899780273438,622.0399780273438,610.2999877929688,611.6699829101562,72115100.0
QQQ,2025-11-07,608.3099975585938,609.9500122070312,598.6699829101562,609.739990234375,81835400.0
QQQ,2025-11-10,618.9199829101562,624.3099975585938,616.8900146484375,623.22998046875,55919900.0
QQQ,2025-11-11,620.5700073242188,622.719970703125,617.52001953125,621.5700073242188,44868800.0
QQQ,2025-11-12,624.8400268554688,624.8599853515625,617.8099975585938,621.0800170898438,47444400.0
QQQ,2025-11-13,617.5399780273438,618.1199951171875,606.0800170898438,608.4000244140625,71333600.0
QQQ,2025-11-14,599.5499877929688,613.3499755859375,597.1699829101562,608.8599853515625,80087300.0
QQQ,2025-11-17,606.2999877929688,612.47998046875,599.8699951171875,603.6599731445312,63850400.0
QQQ,2025-11-18,599.6199951171875,602.3099975585938,591.3400268554688,596.3099975585938,83327300.0
QQQ,2025-11-19,597.0700073242188,606.1599731445312,594.5900268554688,599.8699951171875,73111500.0
QQQ,2025-11-20,611.6199951171875,614.030029296875,584.75,585.6699829101562,117743200.0
QQQ,2025-11-21,587.469970703125,596.97998046875,580.739990234375,590.0700073242188,103344200.0
QQQ,2025-11-24,595.280029296875,606.6799926757812,595.1599731445312,605.1599731445312,60168100.0
QQQ,2025-11-25,603.510009765625,610.260009765625,597.3200073242188,608.8900146484375,57560900.0
QQQ,2025-11-26,612.510009765625,616.1900024414062,610.3900146484375,614.27001953125,42393600.0
QQQ,2025-11-28,616.1099853515625,619.3200073242188,615.4199829101562,619.25,23034400.0
QQQ,2025-12-01,613.6300048828125,619.4400024414062,612.52001953125,617.1699829101562,40957600.0
QQQ,2025-12-02,619.4600219726562,623.75,617.5900268554688,622.0,54541800.0
QQQ,2025-12-03,619.6199951171875,624.219970703125,618.030029296875,623.52001953125,47841600.0
QQQ,2025-12-04,624.9299926757812,624.9400024414062,619.5399780273438,622.9400024414062,47067800.0
QQQ,2025-12-05,624.3800048828125,628.9199829101562,623.7100219726562,625.47998046875,53614200.0
QQQ,2025-12-08,627.2100219726562,628.8400268554688,621.6900024414062,624.280029296875,43462400.0
QQQ,2025-12-09,623.010009765625,625.8699951171875,621.0,625.0499877929688,37156000.0
QQQ,2025-12-10,623.8499755859375,629.2100219726562,620.989990234375,627.6099853515625,55031400.0
QQQ,2025-12-11,623.8200073242188,625.780029296875,617.719970703125,625.5800170898438,58272800.0
QQQ,2025-12-12,622.0800170898438,623.5399780273438,611.3599853515625,613.6199951171875,75158700.0
QQQ,2025-12-15,618.3699951171875,618.4199829101562,609.3200073242188,610.5399780273438,49538200.0
QQQ,2025-12-16,608.260009765625,613.510009765625,606.9099731445312,611.75,55152800.0
QQQ,2025-12-17,613.0599975585938,613.6500244140625,600.280029296875,600.4099731445312,70654300.0
QQQ,2025-12-18,609.7999877929688,612.9299926757812,606.9199829101562,609.1099853515625,78875800.0
QQQ,2025-12-19,611.9500122070312,617.6199951171875,611.8699951171875,617.0499877929688,60369800.0
QQQ,2025-12-22,621.3499755859375,621.6500244140625,617.77001953125,619.2100219726562,43703100.0
QQQ,2025-12-23,618.2000122070312,622.4099731445312,617.780029296875,622.1099853515625,41120400.0
QQQ,2025-12-24,621.989990234375,624.280029296875,621.719970703125,623.9299926757812,18468700.0
QQQ,2025-12-26,624.6599731445312,625.52001953125,623.1400146484375,623.8900146484375,28959800.0
QQQ,2025-12-29,620.0999755859375,622.780029296875,618.72998046875,620.8699951171875,32458300.0
QQQ,2025-12-30,619.8400268554688,622.1799926757812,619.219970703125,619.4299926757812,31226800.0
QQQ,2025-12-31,619.6500244140625,619.9600219726562,614.0499877929688,614.3099975585938,40746500.0
QQQ,2026-01-02,620.0599975585938,622.8499755859375,610.1500244140625,613.1199951171875,61859200.0
QQQ,2026-01-05,619.3200073242188,620.8099975585938,616.719970703125,617.989990234375,46828400.0
QQQ,2026-01-06,619.22998046875,624.02001953125,618.5399780273438,623.4199829101562,43137500.0
QQQ,2026-01-07,623.0399780273438,627.9400024414062,622.5599975585938,624.02001953125,44880300.0
QQQ,2026-01-08,623.030029296875,623.4199829101562,617.7999877929688,620.469970703125,50435900.0
QQQ,2026-01-09,621.4099731445312,627.8900146484375,619.0599975585938,626.6500244140625,49688700.0
QQQ,2026-01-12,622.3099975585938,628.8499755859375,622.260009765625,627.1699829101562,37388700.0
QQQ,2026-01-13,627.27001953125,629.469970703125,623.7000122070312,626.239990234375,44481400.0
QQQ,2026-01-14,622.239990234375,623.4500122070312,614.5599975585938,619.5499877929688,72598700.0
QQQ,2026-01-15,626.5999755859375,630.0,620.75,621.780029296875,53934900.0
QQQ,2026-01-16,625.5,626.0800170898438,618.8800048828125,621.260009765625,61058100.0
QQQ,2026-01-20,610.530029296875,615.0599975585938,607.0499877929688,608.0599975585938,81988900.0
QQQ,2026-01-21,609.469970703125,620.4199829101562,607.8599853515625,616.280029296875,79837900.0
QQQ,2026-01-22,622.3499755859375,622.4600219726562,617.780029296875,620.760009765625,42254800.0
QQQ,2026-01-23,619.72998046875,625.4000244140625,618.6500244140625,622.719970703125,43645800.0
QQQ,2026-01-26,623.2100219726562,627.6099853515625,622.1199951171875,625.4600219726562,35983000.0
QQQ,2026-01-27,628.9099731445312,632.0399780273438,627.3400268554688,631.1300048828125,38997200.0
QQQ,2026-01-28,635.4600219726562,636.5999755859375,631.8099975585938,633.219970703125,50691700.0
QQQ,2026-01-29,632.6500244140625,633.6699829101562,618.27001953125,629.4299926757812,79944000.0
QQQ,2026-01-30,625.7100219726562,628.260009765625,619.2999877929688,621.8699951171875,65650700.0
QQQ,2026-02-02,618.7000122070312,628.489990234375,618.6599731445312,626.1400146484375,49020300.0
QQQ,2026-02-03,628.2999877929688,629.97998046875,610.9600219726562,616.52001953125,81234000.0
QQQ,2026-02-04,615.02001953125,615.0999755859375,600.469970703125,605.75,81850700.0
QQQ,2026-02-05,600.2100219726562,604.8099975585938,594.760009765625,597.030029296875,89354500.0
QQQ,2026-02-06,600.1900024414062,611.4099731445312,598.77001953125,609.6500244140625,78019300.0
QQQ,2026-02-09,607.5399780273438,616.4600219726562,605.0700073242188,614.3200073242188,56797600.0
QQQ,2026-02-10,615.3099975585938,617.02001953125,611.010009765625,611.469970703125,53938900.0
QQQ,2026-02-11,616.3800048828125,617.52001953125,607.6900024414062,613.1099853515625,58575100.0
QQQ,2026-02-12,614.7100219726562,615.8099975585938,599.5700073242188,600.6400146484375,81378900.0
QQQ,2026-02-13,600.4299926757812,606.47998046875,596.4199829101562,601.9199829101562,69237500.0
QQQ,2026-02-17,598.3800048828125,603.9500122070312,593.3400268554688,601.2999877929688,69013800.0
QQQ,2026-02-18,602.1099853515625,609.77001953125,600.719970703125,605.7899780273438,64250700.0
QQQ,2026-02-19,602.8099975585938,605.8200073242188,600.75,603.469970703125,60960800.0
QQQ,2026-02-20,600.1199951171875,610.3499755859375,599.22998046875,608.8099975585938,74127300.0
QQQ,2026-02-23,606.6099853515625,608.010009765625,599.0499877929688,601.4099731445312,63859100.0
QQQ,2026-02-24,602.4000244140625,608.989990234375,599.72998046875,607.8699951171875,55023700.0
QQQ,2026-02-25,611.0700073242188,616.8300170898438,611.0,616.6799926757812,55710700.0
QQQ,2026-02-26,615.5900268554688,615.5900268554688,603.97998046875,609.239990234375,96178900.0
QQQ,2026-02-27,602.97998046875,608.3200073242188,602.1900024414062,607.2899780273438,68125200.0
QQQ,2026-03-02,598.8599853515625,609.9199829101562,597.989990234375,608.0900268554688,75264600.0
QQQ,2026-03-03,596.3300170898438,603.9600219726562,591.8699951171875,601.5800170898438,97015500.0
QQQ,2026-03-04,604.1599731445312,612.8800048828125,603.4299926757812,610.75,70943900.0
QQQ,2026-03-05,607.4000244140625,612.760009765625,602.260009765625,608.9099731445312,89602400.0
QQQ,2026-03-06,600.3099975585938,606.0,598.3300170898438,599.75,86302300.0
QQQ,2026-03-09,594.22998046875,609.27001953125,591.3300170898438,607.760009765625,93068200.0
QQQ,2026-03-10,607.780029296875,613.2899780273438,605.4199829101562,607.77001953125,64078900.0
QQQ,2026-03-11,608.9500122070312,612.4299926757812,605.030029296875,607.6900024414062,60114800.0
QQQ,2026-03-12,602.760009765625,604.1400146484375,597.0499877929688,597.260009765625,71836600.0
QQQ,2026-03-13,599.72998046875,603.5999755859375,592.5700073242188,593.719970703125,63145500.0
QQQ,2026-03-16,600.0399780273438,603.8599853515625,599.1099853515625,600.3800048828125,49077200.0
QQQ,2026-03-17,603.1400146484375,605.9000244140625,601.8699951171875,603.3099975585938,47106600.0
QQQ,2026-03-18,601.489990234375,603.1599731445312,594.5599975585938,594.9000244140625,56128000.0
QQQ,2026-03-19,589.510009765625,595.7999877929688,587.0800170898438,593.02001953125,75597600.0
QQQ,2026-03-20,591.0599975585938,591.1699829101562,578.5399780273438,582.0599975585938,91964700.0
QQQ,2026-03-23,590.52001953125,595.0800170898438,585.9600219726562,588.0,89936100.0
QQQ,2026-03-24,584.8099975585938,587.9299926757812,581.9299926757812,583.97998046875,57750900.0
QQQ,2026-03-25,589.1400146484375,591.3699951171875,585.6900024414062,587.8200073242188,60475500.0
QQQ,2026-03-26,582.5999755859375,584.6300048828125,573.4299926757812,573.7899780273438,81492100.0
QQQ,2026-03-27,570.8099975585938,571.02001953125,561.5700073242188,562.5800170898438,82702200.0
QQQ,2026-03-30,567.3800048828125,568.0499877929688,555.5999755859375,558.280029296875,70602600.0
QQQ,2026-03-31,564.2899780273438,578.6400146484375,564.2100219726562,577.1799926757812,95878000.0
QQQ,2026-04-01,581.47998046875,587.739990234375,580.4199829101562,584.3099975585938,79435100.0
QQQ,2026-04-02,573.969970703125,586.0499877929688,571.9199829101562,584.97998046875,50941700.0
QQQ,2026-04-06,586.22998046875,590.6099853515625,584.6900024414062,588.5,35108500.0
QQQ,2026-04-07,585.6400146484375,588.97998046875,578.4000244140625,588.5900268554688,49948200.0
QQQ,2026-04-08,608.7100219726562,609.9000244140625,602.1199951171875,606.0900268554688,63086000.0
QQQ,2026-04-09,605.9299926757812,610.5,603.030029296875,610.1900024414062,37837500.0
QQQ,2026-04-10,611.8400268554688,613.6699829101562,609.5800170898438,611.0700073242188,34038500.0
QQQ,2026-04-13,609.47998046875,626.739990234375,608.1099853515625,617.3900146484375,32972100.0
QQQ,2026-04-14,620.219970703125,628.5999755859375,620.0999755859375,628.5999755859375,49921100.0
QQQ,2026-04-15,629.0800170898438,637.8300170898438,628.2000122070312,637.4000244140625,50102400.0
QQQ,2026-04-16,639.2100219726562,642.1799926757812,635.260009765625,640.469970703125,42320600.0
QQQ,2026-04-17,645.5900268554688,650.0,644.0700073242188,648.8499755859375,53488900.0
QQQ,2026-04-20,648.0399780273438,648.760009765625,642.52001953125,646.7899780273438,37138500.0
QQQ,2026-04-21,648.4099731445312,650.2000122070312,642.2100219726562,644.3300170898438,39580500.0
QQQ,2026-04-22,650.1500244140625,655.3300170898438,648.52001953125,655.1099853515625,37368400.0
QQQ,2026-04-23,653.5499877929688,656.9199829101562,645.52001953125,651.4199829101562,40099800.0
QQQ,2026-04-24,658.510009765625,664.510009765625,656.530029296875,663.8800048828125,45563100.0
QQQ,2026-04-27,663.4000244140625,664.4299926757812,660.6900024414062,664.22998046875,32717000.0
QQQ,2026-04-28,657.4099731445312,659.6400146484375,653.8099975585938,657.5499877929688,34147900.0
QQQ,2026-04-29,658.6300048828125,661.719970703125,656.5900268554688,661.5700073242188,31724900.0
QQQ,2026-04-30,665.3499755859375,668.9000244140625,657.5599975585938,667.739990234375,40622200.0
QQQ,2026-05-01,669.1599731445312,675.969970703125,668.7999877929688,674.1500244140625,39172600.0
QQQ,2026-05-04,674.6599731445312,676.72998046875,668.9000244140625,672.8800048828125,34542000.0
QQQ,2026-05-05,677.9600219726562,682.77001953125,677.510009765625,681.6099853515625,37101100.0
QQQ,2026-05-06,687.780029296875,695.9299926757812,686.47998046875,695.77001953125,38778500.0
QQQ,2026-05-07,696.5800170898438,701.239990234375,691.77001953125,694.9400024414062,43779100.0
QQQ,2026-05-08,699.9199829101562,711.22998046875,699.5,711.22998046875,44320400.0
QQQ,2026-05-11,710.3599853515625,714.5900268554688,708.9099731445312,713.2899780273438,36019100.0
QQQ,2026-05-12,708.219970703125,710.1799926757812,696.6400146484375,707.239990234375,45873000.0
QQQ,2026-05-13,709.9600219726562,716.6500244140625,704.8300170898438,714.7100219726562,40012500.0
QQQ,2026-05-14,714.6199951171875,722.030029296875,714.219970703125,719.7899780273438,33327500.0
QQQ,2026-05-15,710.1400146484375,715.1300048828125,705.5499877929688,708.9299926757812,51792700.0
QQQ,2026-05-18,711.5399780273438,712.0700073242188,698.8499755859375,705.8800048828125,49834500.0
QQQ,2026-05-19,699.8099975585938,706.489990234375,695.25,701.530029296875,46827500.0
QQQ,2026-05-20,705.2899780273438,713.1500244140625,703.7899780273438,713.1500244140625,36779200.0
QQQ,2026-05-21,708.989990234375,717.1199951171875,706.77001953125,714.510009765625,36415400.0
QQQ,2026-05-22,718.0700073242188,722.1199951171875,715.9500122070312,717.5399780273438,33118600.0
QQQ,2026-05-26,725.9600219726562,731.1699829101562,724.1599731445312,730.280029296875,34254700.0
QQQ,2026-05-27,732.9600219726562,733.3200073242188,725.4400024414062,729.4500122070312,35148700.0
QQQ,2026-05-28,729.72998046875,736.5999755859375,726.4099731445312,735.5999755859375,32840000.0
QQQ,2026-05-29,737.8400268554688,741.6300048828125,735.25,738.3099975585938,37541700.0
QQQ,2026-06-01,737.0399780273438,745.6500244140625,735.989990234375,742.739990234375,33890600.0
QQQ,2026-06-02,742.4000244140625,746.4400024414062,739.22998046875,746.1599731445312,30085200.0
QQQ,2026-06-03,747.3099975585938,748.6500244140625,741.010009765625,744.2100219726562,40270200.0
QQQ,2026-06-04,735.47998046875,743.5,732.6199951171875,740.6099853515625,40782600.0
QQQ,2026-06-05,730.0599975585938,731.6900024414062,704.3200073242188,705.0599975585938,99606600.0
QQQ,2026-06-08,717.8099975585938,723.030029296875,713.0700073242188,716.0700073242188,47401500.0
QQQ,2026-06-09,722.97998046875,725.6599731445312,686.3699951171875,707.8300170898438,91932200.0
QQQ,2026-06-10,701.6599731445312,711.280029296875,692.9299926757812,693.6900024414062,65334300.0
QQQ,2026-06-11,699.2899780273438,718.3699951171875,695.0,717.1199951171875,71798900.0
QQQ,2026-06-12,717.6099853515625,724.010009765625,711.280029296875,721.3400268554688,51168400.0
QQQ,2026-06-15,738.0999755859375,744.760009765625,737.3800048828125,744.0,46710200.0
QQQ,2026-06-16,742.25,744.219970703125,729.6400146484375,729.8599853515625,45348700.0
QQQ,2026-06-17,735.1900024414062,735.6799926757812,720.8499755859375,722.510009765625,51669300.0
QQQ,2026-06-18,737.2000122070312,741.8200073242188,732.510009765625,740.6199951171875,50154600.0
QQQ,2026-06-22,742.02001953125,745.4500122070312,734.3900146484375,737.9500122070312,43518600.0
QQQ,2026-06-23,715.739990234375,723.6099853515625,712.1099853515625,713.6500244140625,53354200.0
QQQ,2026-06-24,715.3699951171875,719.9299926757812,704.4500122070312,710.6199951171875,52480400.0
QQQ,2026-06-25,725.9000244140625,726.8300170898438,705.2999877929688,716.3800048828125,49668000.0
QQQ,2026-06-26,707.1300048828125,715.5599975585938,702.8099975585938,706.52001953125,47081800.0
QQQ,2026-06-29,713.989990234375,724.5800170898438,705.1699829101562,724.0800170898438,44939100.0
QQQ,2026-06-30,724.1799926757812,737.6199951171875,723.9099731445312,736.4000244140625,42121800.0
QQQ,2026-07-01,729.1900024414062,731.9199829101562,724.5999755859375,725.1699829101562,40803800.0
QQQ,2026-07-02,725.5800170898438,730.8300170898438,707.5599975585938,712.5999755859375,50959800.0
QQQ,2026-07-06,719.9299926757812,726.0800170898438,718.4500122070312,722.8200073242188,30220400.0
QQQ,2026-07-07,714.1699829101562,716.3499755859375,704.9000244140625,709.4299926757812,42483100.0
QQQ,2026-07-08,704.9500122070312,712.260009765625,700.9099731445312,711.4400024414062,35603200.0
QQQ,2026-07-09,718.3300170898438,724.22998046875,715.1300048828125,723.280029296875,33654700.0
QQQ,2026-07-10,720.7000122070312,726.3900146484375,717.0,725.510009765625,26415900.0
QQQ,2026-07-13,717.719970703125,718.739990234375,710.0800170898438,711.739990234375,36552400.0
QQQ,2026-07-14,720.219970703125,722.2899780273438,714.3400268554688,719.6900024414062,29448100.0
QQQ,2026-07-15,723.8499755859375,724.3599853515625,710.22998046875,717.739990234375,32627600.0
QQQ,2026-07-16,712.010009765625,713.5999755859375,702.6099853515625,705.9400024414062,39402000.0
QQQ,2026-07-17,691.6500244140625,702.2999877929688,686.760009765625,695.3300170898438,54109300.0
QQQ,2026-07-20,702.1599731445312,705.7999877929688,695.510009765625,696.0599975585938,29687600.0
QQQ,2026-07-21,706.5700073242188,710.0499877929688,702.7999877929688,708.969970703125,33728300.0
QQQ,2026-07-22,703.6199951171875,709.6500244140625,703.6199951171875,705.3499755859375,23692200.0
QQQ,2026-07-23,694.6699829101562,698.6599731445312,687.7899780273438,691.9600219726562,44028600.0
QQQ,2026-07-24,690.4099731445312,692.6300048828125,682.47998046875,684.22998046875,42876700.0
QQQ,2026-07-27,691.6799926757812,692.2999877929688,675.9500122070312,682.1199951171875,42681500.0
QQQ,2026-07-28,676.22998046875,679.4000244140625,667.8800048828125,675.489990234375,51398700.0
QQQ,2026-07-29,675.510009765625,680.0499877929688,661.1400146484375,661.72998046875,57233300.0
QQQ,2026-07-30,674.760009765625,685.1199951171875,673.2999877929688,683.5499877929688,66753700.0
QQQ,2026-07-31,692.1099853515625,695.77001953125,680.0499877929688,687.989990234375,50540500.0
QQQ,2026-08-03,688.2999877929688,701.5900268554688,685.8200073242188,700.0700073242188,44965100.0
QQQ,2026-08-04,708.1599731445312,725.6599731445312,707.530029296875,723.8499755859375,59778600.0
QQQ,2026-08-05,726.25,728.5399780273438,716.9199829101562,717.2999877929688,33540200.0
QQQ,2026-08-06,710.8200073242188,719.3200073242188,708.5,714.6500244140625,33035900.0
QQQ,2026-08-07,720.1500244140625,723.6300048828125,716.510009765625,723.030029296875,31070400.0
QQQ,2026-08-10,722.3900146484375,724.6699829101562,720.3300170898438,720.8699951171875,26243200.0
QQQ,2026-08-11,723.2899780273438,723.3499755859375,715.5,718.4500122070312,29286100.0
QQQ,2026-08-12,727.0800170898438,727.25,722.9199829101562,723.7000122070312,29066000.0
QQQ,2026-08-13,725.1500244140625,733.9600219726562,724.030029296875,732.0700073242188,31599700.0
QQQ,2026-08-14,733.4099731445312,734.3900146484375,728.3200073242188,731.0700073242188,23790600.0
QQQ,2026-08-17,732.9500122070312,734.5800170898438,729.27001953125,729.8699951171875,26452600.0
QQQ,2026-08-18,720.2100219726562,722.1300048828125,715.9199829101562,717.510009765625,48997200.0
QQQ,2026-08-19,720.3900146484375,721.5,712.6099853515625,716.0800170898438,35801700.0
QQQ,2026-08-20,712.0900268554688,714.9400024414062,708.52001953125,710.9299926757812,33396400.0
QQQ,2026-08-21,715.22998046875,715.6699829101562,709.2000122070312,713.4400024414062,33399400.0
QQQ,2026-08-24,709.6599731445312,709.7899780273438,702.7000122070312,706.3200073242188,37443100.0
QQQ,2026-08-25,711.219970703125,714.0399780273438,707.4500122070312,710.719970703125,23869600.0
QQQ,2026-08-26,708.4099731445312,713.02001953125,707.969970703125,711.3699951171875,20392400.0
QQQ,2026-08-27,716.9299926757812,721.3499755859375,714.530029296875,721.1099853515625,28723500.0
QQQ,2026-08-28,719.739990234375,724.1300048828125,715.0900268554688,716.4299926757812,34105400.0
QQQ,2026-08-31,715.1699829101562,717.5800170898438,713.1599731445312,716.760009765625,32237200.0
QQQ,2026-09-01,707.3900146484375,712.2999877929688,704.6599731445312,707.6400146484375,35236100.0
QQQ,2026-09-02,707.0999755859375,709.7999877929688,705.0999755859375,709.239990234375,23476200.0
QQQ,2026-09-03,710.8499755859375,718.9199829101562,709.6900024414062,717.6699829101562,29449800.0
QQQ,2026-09-04,719.3499755859375,721.8599853515625,716.5599975585938,718.9600219726562,32871100.0
QQQ,2026-09-08,720.9099731445312,721.8900146484375,715.5700073242188,718.3599853515625,28341400.0
QQQ,2026-09-09,716.4000244140625,719.7000122070312,714.02001953125,716.3099975585938,26763400.0
QQQ,2026-09-10,707.5499877929688,712.0599975585938,706.8599853515625,708.6900024414062,31414400.0
QQQ,2026-09-11,715.6799926757812,717.6300048828125,713.6300048828125,714.8800048828125,26649100.0
QQQ,2026-09-14,703.3300170898438,712.9500122070312,702.739990234375,709.1799926757812,35219000.0
QQQ,2026-09-15,708.7999877929688,709.530029296875,703.6400146484375,704.5399780273438,26631700.0
QQQ,2026-09-16,708.0,711.8800048828125,700.0,704.719970703125,35688000.0
QQQ,2026-09-17,715.9500122070312,718.0399780273438,713.3200073242188,716.9199829101562,37270300.0
AAPL,2024-09-19,224.99000549316406,229.82000732421875,224.6300048828125,228.8699951171875,66781300.0
AAPL,2024-09-20,229.97000122070312,233.08999633789062,227.6199951171875,228.1999969482422,318679900.0
AAPL,2024-09-23,227.33999633789062,229.4499969482422,225.80999755859375,226.47000122070312,54146000.0
AAPL,2024-09-24,228.64999389648438,229.35000610351562,225.72999572753906,227.3699951171875,43556100.0
AAPL,2024-09-25,224.92999267578125,227.2899932861328,224.02000427246094,226.3699951171875,42308700.0
AAPL,2024-09-26,227.3000030517578,228.5,225.41000366210938,227.52000427246094,36636700.0
AAPL,2024-09-27,228.4600067138672,229.52000427246094,227.3000030517578,227.7899932861328,34026000.0
AAPL,2024-09-30,230.0399932861328,233.0,229.64999389648438,233.0,54541900.0
AAPL,2024-10-01,229.52000427246094,229.64999389648438,223.74000549316406,226.2100067138672,63285000.0
AAPL,2024-10-02,225.88999938964844,227.3699951171875,223.02000427246094,226.77999877929688,32880600.0
AAPL,2024-10-03,225.13999938964844,226.80999755859375,223.32000732421875,225.6699981689453,34044200.0
AAPL,2024-10-04,227.89999389648438,228.0,224.1300048828125,226.8000030517578,37245100.0
AAPL,2024-10-07,224.5,225.69000244140625,221.3300018310547,221.69000244140625,39505400.0
AAPL,2024-10-08,224.3000030517578,225.97999572753906,223.25,225.77000427246094,31855700.0
AAPL,2024-10-09,225.22999572753906,229.75,224.8300018310547,229.5399932861328,33591100.0
AAPL,2024-10-10,227.77999877929688,229.5,227.1699981689453,229.0399932861328,28183500.0
AAPL,2024-10-11,229.3000030517578,229.41000366210938,227.33999633789062,227.5500030517578,31759200.0
AAPL,2024-10-14,228.6999969482422,231.72999572753906,228.60000610351562,231.3000030517578,39882100.0
AAPL,2024-10-15,233.61000061035156,237.49000549316406,232.3699951171875,233.85000610351562,64751400.0
AAPL,2024-10-16,231.60000610351562,232.1199951171875,229.83999633789062,231.77999877929688,34082200.0
AAPL,2024-10-17,233.42999267578125,233.85000610351562,230.52000427246094,232.14999389648438,32993800.0
AAPL,2024-10-18,236.17999267578125,236.17999267578125,234.00999450683594,235.0,46431500.0
AAPL,2024-10-21,234.4499969482422,236.85000610351562,234.4499969482422,236.47999572753906,36254500.0
AAPL,2024-10-22,233.88999938964844,236.22000122070312,232.60000610351562,235.86000061035156,38846600.0
AAPL,2024-10-23,234.0800018310547,235.13999938964844,227.75999450683594,230.75999450683594,52287000.0
AAPL,2024-10-24,229.97999572753906,230.82000732421875,228.41000366210938,230.57000732421875,31109500.0
AAPL,2024-10-25,229.74000549316406,233.22000122070312,229.57000732421875,231.41000366210938,38802300.0
AAPL,2024-10-28,233.32000732421875,234.72999572753906,232.5500030517578,233.39999389648438,36087100.0
AAPL,2024-10-29,233.10000610351562,234.3300018310547,232.32000732421875,233.6699981689453,35417200.0
AAPL,2024-10-30,232.61000061035156,233.47000122070312,229.5500030517578,230.10000610351562,47070900.0
AAPL,2024-10-31,229.33999633789062,229.8300018310547,225.3699951171875,225.91000366210938,64370100.0
AAPL,2024-11-01,220.97000122070312,225.35000610351562,220.27000427246094,222.91000366210938,65276700.0
AAPL,2024-11-04,220.99000549316406,222.7899932861328,219.7100067138672,222.00999450683594,44944500.0
AAPL,2024-11-05,221.8000030517578,223.9499969482422,221.13999938964844,223.4499969482422,28111300.0
AAPL,2024-11-06,222.61000061035156,226.07000732421875,221.19000244140625,222.72000122070312,54561100.0
AAPL,2024-11-07,224.6300048828125,227.8800048828125,224.57000732421875,227.47999572753906,42137700.0
AAPL,2024-11-08,227.1699981689453,228.66000366210938,226.41000366210938,226.9600067138672,38328800.0
AAPL,2024-11-11,225.0,225.6999969482422,221.5,224.22999572753906,42005600.0
AAPL,2024-11-12,224.5500030517578,225.58999633789062,223.36000061035156,224.22999572753906,40398300.0
AAPL,2024-11-13,224.00999450683594,226.64999389648438,222.75999450683594,225.1199951171875,48566200.0
AAPL,2024-11-14,225.02000427246094,228.8699951171875,225.0,228.22000122070312,44923900.0
AAPL,2024-11-15,226.39999389648438,226.9199981689453,224.27000427246094,225.0,47923700.0
AAPL,2024-11-18,225.25,229.74000549316406,225.1699981689453,228.02000427246094,44633700.0
AAPL,2024-11-19,226.97999572753906,230.16000366210938,226.66000366210938,228.27999877929688,36211800.0
AAPL,2024-11-20,228.05999755859375,229.92999267578125,225.88999938964844,229.0,35169600.0
AAPL,2024-11-21,228.8800048828125,230.16000366210938,225.7100067138672,228.52000427246094,42108300.0
AAPL,2024-11-22,228.05999755859375,230.72000122070312,228.05999755859375,229.8699951171875,38168300.0
AAPL,2024-11-25,231.4600067138672,233.25,229.74000549316406,232.8699951171875,90152800.0
AAPL,2024-11-26,233.3300018310547,235.57000732421875,233.3300018310547,235.05999755859375,45986200.0
AAPL,2024-11-27,234.47000122070312,235.69000244140625,233.80999755859375,234.92999267578125,33498400.0
AAPL,2024-11-29,234.80999755859375,237.80999755859375,233.97000122070312,237.3300018310547,28481400.0
AAPL,2024-12-02,237.27000427246094,240.7899932861328,237.16000366210938,239.58999633789062,48137100.0
AAPL,2024-12-03,239.80999755859375,242.75999450683594,238.89999389648438,242.64999389648438,38861000.0
AAPL,2024-12-04,242.8699951171875,244.11000061035156,241.25,243.00999450683594,44383900.0
AAPL,2024-12-05,243.99000549316406,244.5399932861328,242.1300048828125,243.0399932861328,40033900.0
AAPL,2024-12-06,242.91000366210938,244.6300048828125,242.0800018310547,242.83999633789062,36870600.0
AAPL,2024-12-09,241.8300018310547,247.24000549316406,241.75,246.75,44649200.0
AAPL,2024-12-10,246.88999938964844,248.2100067138672,245.33999633789062,247.77000427246094,36914800.0
AAPL,2024-12-11,247.9600067138672,250.8000030517578,246.25999450683594,246.49000549316406,45205800.0
AAPL,2024-12-12,246.88999938964844,248.74000549316406,245.67999267578125,247.9600067138672,32777500.0
AAPL,2024-12-13,247.82000732421875,249.2899932861328,246.24000549316406,248.1300048828125,33155300.0
AAPL,2024-12-16,247.99000549316406,251.3800048828125,247.64999389648438,251.0399932861328,51694800.0
AAPL,2024-12-17,250.0800018310547,253.8300018310547,249.77999877929688,253.47999572753906,51356400.0
AAPL,2024-12-18,252.16000366210938,254.27999877929688,247.74000549316406,248.0500030517578,56774100.0
AAPL,2024-12-19,247.5,252.0,247.08999633789062,249.7899932861328,60882300.0
AAPL,2024-12-20,248.0399932861328,255.0,245.69000244140625,254.49000549316406,147495300.0
AAPL,2024-12-23,254.77000427246094,255.64999389648438,253.4499969482422,255.27000427246094,40858800.0
AAPL,2024-12-24,255.49000549316406,258.2099914550781,255.2899932861328,258.20001220703125,23234700.0
AAPL,2024-12-26,258.19000244140625,260.1000061035156,257.6300048828125,259.0199890136719,27237100.0
AAPL,2024-12-27,257.8299865722656,258.70001220703125,253.05999755859375,255.58999633789062,42355300.0
AAPL,2024-12-30,252.22999572753906,253.5,250.75,252.1999969482422,35557500.0
AAPL,2024-12-31,252.44000244140625,253.27999877929688,249.42999267578125,250.4199981689453,39480700.0
AAPL,2025-01-02,248.92999267578125,249.10000610351562,241.82000732421875,243.85000610351562,55740700.0
AAPL,2025-01-03,243.36000061035156,244.17999267578125,241.88999938964844,243.36000061035156,40244100.0
AAPL,2025-01-06,244.30999755859375,247.3300018310547,243.1999969482422,245.0,45045600.0
AAPL,2025-01-07,242.97999572753906,245.5500030517578,241.35000610351562,242.2100067138672,40856000.0
AAPL,2025-01-08,241.9199981689453,243.7100067138672,240.0500030517578,242.6999969482422,37628900.0
AAPL,2025-01-10,240.00999450683594,240.16000366210938,233.0,236.85000610351562,61710900.0
AAPL,2025-01-13,233.52999877929688,234.6699981689453,229.72000122070312,234.39999389648438,49630700.0
AAPL,2025-01-14,234.75,236.1199951171875,232.47000122070312,233.27999877929688,39435300.0
AAPL,2025-01-15,234.63999938964844,238.9600067138672,234.42999267578125,237.8699951171875,39832000.0
AAPL,2025-01-16,237.35000610351562,238.00999450683594,228.02999877929688,228.25999450683594,71759100.0
AAPL,2025-01-17,232.1199951171875,232.2899932861328,228.47999572753906,229.97999572753906,68488300.0
AAPL,2025-01-21,224.0,224.4199981689453,219.3800048828125,222.63999938964844,98070400.0
AAPL,2025-01-22,219.7899932861328,224.1199951171875,219.7899932861328,223.8300018310547,64126500.0
AAPL,2025-01-23,224.74000549316406,227.02999877929688,222.3000030517578,223.66000366210938,60234800.0
AAPL,2025-01-24,224.77999877929688,225.6300048828125,221.41000366210938,222.77999877929688,54697900.0
AAPL,2025-01-27,224.02000427246094,232.14999389648438,223.97999572753906,229.86000061035156,94863400.0
AAPL,2025-01-28,230.85000610351562,240.19000244140625,230.80999755859375,238.25999450683594,75707600.0
AAPL,2025-01-29,234.1199951171875,239.86000061035156,234.00999450683594,239.36000061035156,45486100.0
AAPL,2025-01-30,238.6699981689453,240.7899932861328,237.2100067138672,237.58999633789062,55658300.0
AAPL,2025-01-31,247.19000244140625,247.19000244140625,233.44000244140625,236.0,100959800.0
AAPL,2025-02-03,229.99000549316406,231.8300018310547,225.6999969482422,228.00999450683594,73063300.0
AAPL,2025-02-04,227.25,233.1300048828125,226.64999389648438,232.8000030517578,45067300.0
AAPL,2025-02-05,228.52999877929688,232.6699981689453,228.27000427246094,232.47000122070312,39620300.0
AAPL,2025-02-06,231.2899932861328,233.8000030517578,230.42999267578125,233.22000122070312,29925300.0
AAPL,2025-02-07,232.60000610351562,234.0,227.25999450683594,227.6300048828125,39707200.0
AAPL,2025-02-10,229.57000732421875,230.58999633789062,227.1999969482422,227.64999389648438,33115600.0
AAPL,2025-02-11,228.1999969482422,235.22999572753906,228.1300048828125,232.6199951171875,53718400.0
AAPL,2025-02-12,231.1999969482422,236.9600067138672,230.67999267578125,236.8699951171875,45243300.0
AAPL,2025-02-13,236.91000366210938,242.33999633789062,235.57000732421875,241.52999877929688,53614100.0
AAPL,2025-02-14,241.25,245.5500030517578,240.99000549316406,244.60000610351562,40896200.0
AAPL,2025-02-18,244.14999389648438,245.17999267578125,241.83999633789062,244.47000122070312,48822500.0
AAPL,2025-02-19,244.66000366210938,246.00999450683594,243.16000366210938,244.8699951171875,32204200.0
AAPL,2025-02-20,244.94000244140625,246.77999877929688,244.2899932861328,245.8300018310547,32316900.0
AAPL,2025-02-21,245.9499969482422,248.69000244140625,245.22000122070312,245.5500030517578,53197400.0
AAPL,2025-02-24,244.92999267578125,248.86000061035156,244.4199981689453,247.10000610351562,51326400.0
AAPL,2025-02-25,248.0,250.0,244.91000366210938,247.0399932861328,48013300.0
AAPL,2025-02-26,244.3300018310547,244.97999572753906,239.1300048828125,240.36000061035156,44433600.0
AAPL,2025-02-27,239.41000366210938,242.4600067138672,237.05999755859375,237.3000030517578,41153600.0
AAPL,2025-02-28,236.9499969482422,242.08999633789062,230.1999969482422,241.83999633789062,56833400.0
AAPL,2025-03-03,241.7899932861328,244.02999877929688,236.11000061035156,238.02999877929688,47184000.0
AAPL,2025-03-04,237.7100067138672,240.07000732421875,234.67999267578125,235.92999267578125,53798100.0
AAPL,2025-03-05,235.4199981689453,236.5500030517578,229.22999572753906,235.74000549316406,47227600.0
AAPL,2025-03-06,234.44000244140625,237.86000061035156,233.16000366210938,235.3300018310547,45170400.0
AAPL,2025-03-07,235.11000061035156,241.3699951171875,234.75999450683594,239.07000732421875,46273600.0
AAPL,2025-03-10,235.5399932861328,236.16000366210938,224.22000122070312,227.47999572753906,72071200.0
AAPL,2025-03-11,223.80999755859375,225.83999633789062,217.4499969482422,220.83999633789062,76137400.0
AAPL,2025-03-12,220.13999938964844,221.75,214.91000366210938,216.97999572753906,62547500.0
AAPL,2025-03-13,215.9499969482422,216.83999633789062,208.4199981689453,209.67999267578125,61368300.0
AAPL,2025-03-14,211.25,213.9499969482422,209.5800018310547,213.49000549316406,60107600.0
AAPL,2025-03-17,213.30999755859375,215.22000122070312,209.97000122070312,214.0,48073400.0
AAPL,2025-03-18,214.16000366210938,215.14999389648438,211.49000549316406,212.69000244140625,42432400.0
AAPL,2025-03-19,214.22000122070312,218.75999450683594,213.75,215.24000549316406,54385400.0
AAPL,2025-03-20,213.99000549316406,217.49000549316406,212.22000122070312,214.10000610351562,48862900.0
AAPL,2025-03-21,211.55999755859375,218.83999633789062,211.27999877929688,218.27000427246094,94127800.0
AAPL,2025-03-24,221.0,221.47999572753906,218.5800018310547,220.72999572753906,44299500.0
AAPL,2025-03-25,220.77000427246094,224.10000610351562,220.0800018310547,223.75,34493600.0
AAPL,2025-03-26,223.50999450683594,225.02000427246094,220.47000122070312,221.52999877929688,34466100.0
AAPL,2025-03-27,221.38999938964844,224.99000549316406,220.55999755859375,223.85000610351562,37094800.0
AAPL,2025-03-28,221.6699981689453,223.80999755859375,217.67999267578125,217.89999389648438,39818600.0
AAPL,2025-03-31,217.00999450683594,225.6199951171875,216.22999572753906,222.1300048828125,65299300.0
AAPL,2025-04-01,219.80999755859375,223.67999267578125,218.89999389648438,223.19000244140625,36412700.0
AAPL,2025-04-02,221.32000732421875,225.19000244140625,221.02000427246094,223.88999938964844,35905900.0
AAPL,2025-04-03,205.5399932861328,207.49000549316406,201.25,203.19000244140625,103419000.0
AAPL,2025-04-04,193.88999938964844,199.8800048828125,187.33999633789062,188.3800048828125,125910900.0
AAPL,2025-04-07,177.1999969482422,194.14999389648438,174.6199951171875,181.4600067138672,160466300.0
AAPL,2025-04-08,186.6999969482422,190.33999633789062,169.2100067138672,172.4199981689453,120859500.0
AAPL,2025-04-09,171.9499969482422,200.61000061035156,171.88999938964844,198.85000610351562,184395900.0
AAPL,2025-04-10,189.07000732421875,194.77999877929688,183.0,190.4199981689453,121880000.0
AAPL,2025-04-11,186.10000610351562,199.5399932861328,186.05999755859375,198.14999389648438,87435900.0
AAPL,2025-04-14,211.44000244140625,212.94000244140625,201.16000366210938,202.52000427246094,101352900.0
AAPL,2025-04-15,201.86000061035156,203.50999450683594,199.8000030517578,202.13999938964844,51343900.0
AAPL,2025-04-16,198.36000061035156,200.6999969482422,192.3699951171875,194.27000427246094,59732400.0
AAPL,2025-04-17,197.1999969482422,198.8300018310547,194.4199981689453,196.97999572753906,52164700.0
AAPL,2025-04-21,193.27000427246094,193.8000030517578,189.80999755859375,193.16000366210938,46742500.0
AAPL,2025-04-22,196.1199951171875,201.58999633789062,195.97000122070312,199.74000549316406,52976400.0
AAPL,2025-04-23,206.0,208.0,202.8000030517578,204.60000610351562,52929200.0
AAPL,2025-04-24,204.88999938964844,208.8300018310547,202.94000244140625,208.3699951171875,47311000.0
AAPL,2025-04-25,206.3699951171875,209.75,206.1999969482422,209.27999877929688,38222300.0
AAPL,2025-04-28,210.0,211.5,207.4600067138672,210.13999938964844,38743100.0
AAPL,2025-04-29,208.69000244140625,212.24000549316406,208.3699951171875,211.2100067138672,36827600.0
AAPL,2025-04-30,209.3000030517578,213.5800018310547,206.6699981689453,212.5,52286500.0
AAPL,2025-05-01,209.0800018310547,214.55999755859375,208.89999389648438,213.32000732421875,57365700.0
AAPL,2025-05-02,206.08999633789062,206.99000549316406,202.16000366210938,205.35000610351562,101010600.0
AAPL,2025-05-05,203.10000610351562,204.10000610351562,198.2100067138672,198.88999938964844,69018500.0
AAPL,2025-05-06,198.2100067138672,200.64999389648438,197.02000427246094,198.50999450683594,51216500.0
AAPL,2025-05-07,199.1699981689453,199.44000244140625,193.25,196.25,68536700.0
AAPL,2025-05-08,197.72000122070312,200.0500030517578,194.67999267578125,197.49000549316406,50478900.0
AAPL,2025-05-09,199.0,200.5399932861328,197.5399932861328,198.52999877929688,36453900.0
AAPL,2025-05-12,210.97000122070312,211.27000427246094,206.75,210.7899932861328,63775800.0
AAPL,2025-05-13,210.42999267578125,213.39999389648438,209.0,212.92999267578125,51909300.0
AAPL,2025-05-14,212.42999267578125,213.94000244140625,210.5800018310547,212.3300018310547,49325800.0
AAPL,2025-05-15,210.9499969482422,212.9600067138672,209.5399932861328,211.4499969482422,45029500.0
AAPL,2025-05-16,212.36000061035156,212.57000732421875,209.77000427246094,211.25999450683594,54737900.0
AAPL,2025-05-19,207.91000366210938,209.47999572753906,204.25999450683594,208.77999877929688,46140500.0
AAPL,2025-05-20,207.6699981689453,208.47000122070312,205.02999877929688,206.86000061035156,42496600.0
AAPL,2025-05-21,205.1699981689453,207.0399932861328,200.7100067138672,202.08999633789062,59211800.0
AAPL,2025-05-22,200.7100067138672,202.75,199.6999969482422,201.36000061035156,46742400.0
AAPL,2025-05-23,193.6699981689453,197.6999969482422,193.4600067138672,195.27000427246094,78432900.0
AAPL,2025-05-27,198.3000030517578,200.74000549316406,197.42999267578125,200.2100067138672,56288500.0
AAPL,2025-05-28,200.58999633789062,202.72999572753906,199.89999389648438,200.4199981689453,45339700.0
AAPL,2025-05-29,203.5800018310547,203.80999755859375,198.50999450683594,199.9499969482422,51396800.0
AAPL,2025-05-30,199.3699951171875,201.9600067138672,196.77999877929688,200.85000610351562,70819900.0
AAPL,2025-06-02,200.27999877929688,202.1300048828125,200.1199951171875,201.6999969482422,35423300.0
AAPL,2025-06-03,201.35000610351562,203.77000427246094,200.9600067138672,203.27000427246094,46381600.0
AAPL,2025-06-04,202.91000366210938,206.24000549316406,202.10000610351562,202.82000732421875,43604000.0
AAPL,2025-06-05,203.5,204.75,200.14999389648438,200.6300048828125,55126100.0
AAPL,2025-06-06,203.0,205.6999969482422,202.0500030517578,203.9199981689453,46607700.0
AAPL,2025-06-09,204.38999938964844,206.0,200.02000427246094,201.4499969482422,72862600.0
AAPL,2025-06-10,200.60000610351562,204.35000610351562,200.57000732421875,202.6699981689453,54672600.0
AAPL,2025-06-11,203.5,204.5,198.41000366210938,198.77999877929688,60989900.0
AAPL,2025-06-12,199.0800018310547,199.67999267578125,197.36000061035156,199.1999969482422,43904600.0
AAPL,2025-06-13,199.72999572753906,200.3699951171875,195.6999969482422,196.4499969482422,51447300.0
AAPL,2025-06-16,197.3000030517578,198.69000244140625,196.55999755859375,198.4199981689453,43020700.0
AAPL,2025-06-17,197.1999969482422,198.38999938964844,195.2100067138672,195.63999938964844,38856200.0
AAPL,2025-06-18,195.94000244140625,197.57000732421875,195.07000732421875,196.5800018310547,45394700.0
AAPL,2025-06-20,198.24000549316406,201.6999969482422,196.86000061035156,201.0,96813500.0
AAPL,2025-06-23,201.6300048828125,202.3000030517578,198.9600067138672,201.5,55814300.0
AAPL,2025-06-24,202.58999633789062,203.44000244140625,200.1999969482422,200.3000030517578,54064000.0
AAPL,2025-06-25,201.4499969482422,203.6699981689453,200.6199951171875,201.55999755859375,39525700.0
AAPL,2025-06-26,201.42999267578125,202.63999938964844,199.4600067138672,201.0,50799100.0
AAPL,2025-06-27,201.88999938964844,203.22000122070312,200.0,201.0800018310547,73188600.0
AAPL,2025-06-30,202.00999450683594,207.38999938964844,199.25999450683594,205.1699981689453,91912800.0
AAPL,2025-07-01,206.6699981689453,210.19000244140625,206.13999938964844,207.82000732421875,78788900.0
AAPL,2025-07-02,208.91000366210938,213.33999633789062,208.13999938964844,212.44000244140625,67941800.0
AAPL,2025-07-03,212.14999389648438,214.64999389648438,211.80999755859375,213.5500030517578,34955800.0
AAPL,2025-07-07,212.67999267578125,216.22999572753906,208.8000030517578,209.9499969482422,50229000.0
AAPL,2025-07-08,210.10000610351562,211.42999267578125,208.4499969482422,210.00999450683594,42848900.0
AAPL,2025-07-09,209.52999877929688,211.3300018310547,207.22000122070312,211.13999938964844,48749400.0
AAPL,2025-07-10,210.50999450683594,213.47999572753906,210.02999877929688,212.41000366210938,44443600.0
AAPL,2025-07-11,210.57000732421875,212.1300048828125,209.86000061035156,211.16000366210938,39765800.0
AAPL,2025-07-14,209.92999267578125,210.91000366210938,207.5399932861328,208.6199951171875,38840100.0
AAPL,2025-07-15,209.22000122070312,211.88999938964844,208.9199981689453,209.11000061035156,42296300.0
AAPL,2025-07-16,210.3000030517578,212.39999389648438,208.63999938964844,210.16000366210938,47490500.0
AAPL,2025-07-17,210.57000732421875,211.8000030517578,209.58999633789062,210.02000427246094,48068100.0
AAPL,2025-07-18,210.8699951171875,211.7899932861328,209.6999969482422,211.17999267578125,48974600.0
AAPL,2025-07-21,212.10000610351562,215.77999877929688,211.6300048828125,212.47999572753906,51377400.0
AAPL,2025-07-22,213.13999938964844,214.9499969482422,212.22999572753906,214.39999389648438,46404100.0
AAPL,2025-07-23,215.0,215.14999389648438,212.41000366210938,214.14999389648438,46989300.0
AAPL,2025-07-24,213.89999389648438,215.69000244140625,213.52999877929688,213.75999450683594,46022600.0
AAPL,2025-07-25,214.6999969482422,215.24000549316406,213.39999389648438,213.8800048828125,40268800.0
AAPL,2025-07-28,214.02999877929688,214.85000610351562,213.05999755859375,214.0500030517578,37858000.0
AAPL,2025-07-29,214.17999267578125,214.80999755859375,210.82000732421875,211.27000427246094,51411700.0
AAPL,2025-07-30,211.89999389648438,212.38999938964844,207.72000122070312,209.0500030517578,45512500.0
AAPL,2025-07-31,208.49000549316406,209.83999633789062,207.16000366210938,207.57000732421875,80698400.0
AAPL,2025-08-01,210.8699951171875,213.5800018310547,201.5,202.3800048828125,104434500.0
AAPL,2025-08-04,204.50999450683594,207.8800048828125,201.67999267578125,203.35000610351562,75109300.0
AAPL,2025-08-05,203.39999389648438,205.33999633789062,202.16000366210938,202.9199981689453,44155100.0
AAPL,2025-08-06,205.6300048828125,215.3800048828125,205.58999633789062,213.25,108483100.0
AAPL,2025-08-07,218.8800048828125,220.85000610351562,216.5800018310547,220.02999877929688,90224800.0
AAPL,2025-08-08,220.8300018310547,231.0,219.25,229.35000610351562,113854000.0
AAPL,2025-08-11,227.9199981689453,229.55999755859375,224.75999450683594,227.17999267578125,61806100.0
AAPL,2025-08-12,228.00999450683594,230.8000030517578,227.07000732421875,229.64999389648438,55626200.0
AAPL,2025-08-13,231.07000732421875,235.0,230.42999267578125,233.3300018310547,69878500.0
AAPL,2025-08-14,234.05999755859375,235.1199951171875,230.85000610351562,232.77999877929688,51916300.0
AAPL,2025-08-15,234.0,234.27999877929688,229.33999633789062,231.58999633789062,56038700.0
AAPL,2025-08-18,231.6999969482422,233.1199951171875,230.11000061035156,230.88999938964844,37476200.0
AAPL,2025-08-19,231.27999877929688,232.8699951171875,229.35000610351562,230.55999755859375,39402600.0
AAPL,2025-08-20,229.97999572753906,230.47000122070312,225.77000427246094,226.00999450683594,42263900.0
AAPL,2025-08-21,226.27000427246094,226.52000427246094,223.77999877929688,224.89999389648438,30621200.0
AAPL,2025-08-22,226.1699981689453,229.08999633789062,225.41000366210938,227.75999450683594,42477800.0
AAPL,2025-08-25,226.47999572753906,229.3000030517578,226.22999572753906,227.16000366210938,30983100.0
AAPL,2025-08-26,226.8699951171875,229.49000549316406,224.69000244140625,229.30999755859375,54575100.0
AAPL,2025-08-27,228.61000061035156,230.89999389648438,228.25999450683594,230.49000549316406,31259500.0
AAPL,2025-08-28,230.82000732421875,233.41000366210938,229.33999633789062,232.55999755859375,38074700.0
AAPL,2025-08-29,232.50999450683594,233.3800048828125,231.3699951171875,232.13999938964844,39418400.0
AAPL,2025-09-02,229.25,230.85000610351562,226.97000122070312,229.72000122070312,44075600.0
AAPL,2025-09-03,237.2100067138672,238.85000610351562,234.36000061035156,238.47000122070312,66427800.0
AAPL,2025-09-04,238.4499969482422,239.89999389648438,236.74000549316406,239.77999877929688,47549400.0
AAPL,2025-09-05,240.0,241.32000732421875,238.49000549316406,239.69000244140625,54870400.0
AAPL,2025-09-08,239.3000030517578,240.14999389648438,236.33999633789062,237.8800048828125,48999500.0
AAPL,2025-09-09,237.0,238.77999877929688,233.36000061035156,234.35000610351562,66313900.0
AAPL,2025-09-10,232.19000244140625,232.4199981689453,225.9499969482422,226.7899932861328,83440800.0
AAPL,2025-09-11,226.8800048828125,230.4499969482422,226.64999389648438,230.02999877929688,50208600.0
AAPL,2025-09-12,229.22000122070312,234.50999450683594,229.02000427246094,234.07000732421875,55824200.0
AAPL,2025-09-15,237.0,238.19000244140625,235.02999877929688,236.6999969482422,42699500.0
AAPL,2025-09-16,237.17999267578125,241.22000122070312,236.32000732421875,238.14999389648438,63421100.0
AAPL,2025-09-17,238.97000122070312,240.10000610351562,237.72999572753906,238.99000549316406,46508000.0
AAPL,2025-09-18,239.97000122070312,241.1999969482422,236.64999389648438,237.8800048828125,44249600.0
AAPL,2025-09-19,241.22999572753906,246.3000030517578,240.2100067138672,245.5,163741300.0
AAPL,2025-09-22,248.3000030517578,256.6400146484375,248.1199951171875,256.0799865722656,105517400.0
AAPL,2025-09-23,255.8800048828125,257.3399963378906,253.5800018310547,254.42999267578125,60275200.0
AAPL,2025-09-24,255.22000122070312,255.74000549316406,251.0399932861328,252.30999755859375,42303700.0
AAPL,2025-09-25,253.2100067138672,257.1700134277344,251.7100067138672,256.8699951171875,55202100.0
AAPL,2025-09-26,254.10000610351562,257.6000061035156,253.77999877929688,255.4600067138672,46076300.0
AAPL,2025-09-29,254.55999755859375,255.0,253.00999450683594,254.42999267578125,40127700.0
AAPL,2025-09-30,254.86000061035156,255.9199981689453,253.11000061035156,254.6300048828125,37704300.0
AAPL,2025-10-01,255.0399932861328,258.7900085449219,254.92999267578125,255.4499969482422,48713900.0
AAPL,2025-10-02,256.5799865722656,258.17999267578125,254.14999389648438,257.1300048828125,42630200.0
AAPL,2025-10-03,254.6699981689453,259.239990234375,253.9499969482422,258.0199890136719,49155600.0
AAPL,2025-10-06,257.989990234375,259.07000732421875,255.0500030517578,256.69000244140625,44664100.0
AAPL,2025-10-07,256.80999755859375,257.3999938964844,255.42999267578125,256.4800109863281,31955800.0
AAPL,2025-10-08,256.5199890136719,258.5199890136719,256.1099853515625,258.05999755859375,36496900.0
AAPL,2025-10-09,257.80999755859375,258.0,253.13999938964844,254.0399932861328,38322000.0
AAPL,2025-10-10,254.94000244140625,256.3800048828125,244.0,245.27000427246094,61999100.0
AAPL,2025-10-13,249.3800048828125,249.69000244140625,245.55999755859375,247.66000366210938,38142900.0
AAPL,2025-10-14,246.60000610351562,248.85000610351562,244.6999969482422,247.77000427246094,35478000.0
AAPL,2025-10-15,249.49000549316406,251.82000732421875,247.47000122070312,249.33999633789062,33893600.0
AAPL,2025-10-16,248.25,249.0399932861328,245.1300048828125,247.4499969482422,39777000.0
AAPL,2025-10-17,248.02000427246094,253.3800048828125,247.27000427246094,252.2899932861328,49147000.0
AAPL,2025-10-20,255.88999938964844,264.3800048828125,255.6300048828125,262.239990234375,90483000.0
AAPL,2025-10-21,261.8800048828125,265.2900085449219,261.8299865722656,262.7699890136719,46695900.0
AAPL,2025-10-22,262.6499938964844,262.8500061035156,255.42999267578125,258.45001220703125,45015300.0
AAPL,2025-10-23,259.94000244140625,260.6199951171875,258.010009765625,259.5799865722656,32754900.0
AAPL,2025-10-24,261.19000244140625,264.1300048828125,259.17999267578125,262.82000732421875,38253700.0
AAPL,2025-10-27,264.8800048828125,269.1199951171875,264.6499938964844,268.80999755859375,44888200.0
AAPL,2025-10-28,268.989990234375,269.8900146484375,268.1499938964844,269.0,41534800.0
AAPL,2025-10-29,269.2799987792969,271.4100036621094,267.1099853515625,269.70001220703125,51086700.0
AAPL,2025-10-30,271.989990234375,274.1400146484375,268.4800109863281,271.3999938964844,69886500.0
AAPL,2025-10-31,276.989990234375,277.32000732421875,269.1600036621094,270.3699951171875,86167100.0
AAPL,2025-11-03,270.4200134277344,270.8500061035156,266.25,269.04998779296875,50194600.0
AAPL,2025-11-04,268.3299865722656,271.489990234375,267.6199951171875,270.0400085449219,49274800.0
AAPL,2025-11-05,268.6099853515625,271.70001220703125,266.92999267578125,270.1400146484375,43683100.0
AAPL,2025-11-06,267.8900146484375,273.3999938964844,267.8900146484375,269.7699890136719,51204000.0
AAPL,2025-11-07,269.79998779296875,272.2900085449219,266.7699890136719,268.4700012207031,48227400.0
AAPL,2025-11-10,268.9599914550781,273.7300109863281,267.4599914550781,269.42999267578125,41312400.0
AAPL,2025-11-11,269.80999755859375,275.9100036621094,269.79998779296875,275.25,46208300.0
AAPL,2025-11-12,275.0,275.7300109863281,271.70001220703125,273.4700012207031,48398000.0
AAPL,2025-11-13,274.1099853515625,276.70001220703125,272.0899963378906,272.95001220703125,49602800.0
AAPL,2025-11-14,271.04998779296875,275.9599914550781,269.6000061035156,272.4100036621094,47431300.0
AAPL,2025-11-17,268.82000732421875,270.489990234375,265.7300109863281,267.4599914550781,45018300.0
AAPL,2025-11-18,269.989990234375,270.7099914550781,265.32000732421875,267.44000244140625,45677300.0
AAPL,2025-11-19,265.5299987792969,272.2099914550781,265.5,268.55999755859375,40424500.0
AAPL,2025-11-20,270.8299865722656,275.42999267578125,265.9200134277344,266.25,45823600.0
AAPL,2025-11-21,265.95001220703125,273.3299865722656,265.6700134277344,271.489990234375,59030800.0
AAPL,2025-11-24,270.8999938964844,277.0,270.8999938964844,275.9200134277344,65585800.0
AAPL,2025-11-25,275.2699890136719,280.3800048828125,275.25,276.9700012207031,46914200.0
AAPL,2025-11-26,276.9599914550781,279.5299987792969,276.6300048828125,277.54998779296875,33431400.0
AAPL,2025-11-28,277.260009765625,279.0,275.989990234375,278.8500061035156,20135600.0
AAPL,2025-12-01,278.010009765625,283.4200134277344,276.1400146484375,283.1000061035156,46587700.0
AAPL,2025-12-02,283.0,287.3999938964844,282.6300048828125,286.19000244140625,53669500.0
AAPL,2025-12-03,286.20001220703125,288.6199951171875,283.29998779296875,284.1499938964844,43538700.0
AAPL,2025-12-04,284.1000061035156,284.7300109863281,278.5899963378906,280.70001220703125,43989100.0
AAPL,2025-12-05,280.5400085449219,281.1400146484375,278.04998779296875,278.7799987792969,47265800.0
AAPL,2025-12-08,278.1300048828125,279.6700134277344,276.1499938964844,277.8900146484375,38211800.0
AAPL,2025-12-09,278.1600036621094,280.0299987792969,276.9200134277344,277.17999267578125,32193300.0
AAPL,2025-12-10,277.75,279.75,276.44000244140625,278.7799987792969,33038300.0
AAPL,2025-12-11,279.1000061035156,279.5899963378906,273.80999755859375,278.0299987792969,33248000.0
AAPL,2025-12-12,277.8999938964844,279.2200012207031,276.82000732421875,278.2799987792969,39532900.0
AAPL,2025-12-15,280.1499938964844,280.1499938964844,272.8399963378906,274.1099853515625,50409100.0
AAPL,2025-12-16,272.82000732421875,275.5,271.7900085449219,274.6099853515625,37648600.0
AAPL,2025-12-17,275.010009765625,276.1600036621094,271.6400146484375,271.8399963378906,50138700.0
AAPL,2025-12-18,273.6099853515625,273.6300048828125,266.95001220703125,272.19000244140625,51630700.0
AAPL,2025-12-19,272.1499938964844,274.6000061035156,269.8999938964844,273.6700134277344,144632000.0
AAPL,2025-12-22,272.8599853515625,273.8800048828125,270.510009765625,270.9700012207031,36571800.0
AAPL,2025-12-23,270.8399963378906,272.5,269.55999755859375,272.3599853515625,29642000.0
AAPL,2025-12-24,272.3399963378906,275.42999267578125,272.20001220703125,273.80999755859375,17910600.0
AAPL,2025-12-26,274.1600036621094,275.3699951171875,272.8599853515625,273.3999938964844,21521800.0
AAPL,2025-12-29,272.69000244140625,274.3599853515625,272.3500061035156,273.760009765625,23715200.0
AAPL,2025-12-30,272.80999755859375,274.0799865722656,272.2799987792969,273.0799865722656,22139600.0
AAPL,2025-12-31,273.05999755859375,273.67999267578125,271.75,271.8599853515625,27293600.0
AAPL,2026-01-02,272.260009765625,277.8399963378906,269.0,271.010009765625,37838100.0
AAPL,2026-01-05,270.6400146484375,271.510009765625,266.1400146484375,267.260009765625,45647200.0
AAPL,2026-01-06,267.0,267.54998779296875,262.1199951171875,262.3599853515625,52352100.0
AAPL,2026-01-07,263.20001220703125,263.67999267578125,259.80999755859375,260.3299865722656,48309800.0
AAPL,2026-01-08,257.0199890136719,259.2900085449219,255.6999969482422,259.0400085449219,50419300.0
AAPL,2026-01-09,259.0799865722656,260.2099914550781,256.2200012207031,259.3699951171875,39997000.0
AAPL,2026-01-12,259.1600036621094,261.29998779296875,256.79998779296875,260.25,45263800.0
AAPL,2026-01-13,258.7200012207031,261.80999755859375,258.3900146484375,261.04998779296875,45730800.0
AAPL,2026-01-14,259.489990234375,261.82000732421875,256.7099914550781,259.9599914550781,40019400.0
AAPL,2026-01-15,260.6499938964844,261.0400085449219,257.04998779296875,258.2099914550781,39388600.0
AAPL,2026-01-16,257.8999938964844,258.8999938964844,254.92999267578125,255.52999877929688,72142800.0
AAPL,2026-01-20,252.72999572753906,254.7899932861328,243.4199981689453,246.6999969482422,80267500.0
AAPL,2026-01-21,248.6999969482422,251.55999755859375,245.17999267578125,247.64999389648438,54641700.0
AAPL,2026-01-22,249.1999969482422,251.0,248.14999389648438,248.35000610351562,39708300.0
AAPL,2026-01-23,247.32000732421875,249.41000366210938,244.67999267578125,248.0399932861328,41689000.0
AAPL,2026-01-26,251.47999572753906,256.55999755859375,249.8000030517578,255.41000366210938,55969200.0
AAPL,2026-01-27,259.1700134277344,261.95001220703125,258.2099914550781,258.2699890136719,49648300.0
AAPL,2026-01-28,257.6499938964844,258.8599853515625,254.50999450683594,256.44000244140625,41288000.0
AAPL,2026-01-29,258.0,259.6499938964844,254.41000366210938,258.2799987792969,67253000.0
AAPL,2026-01-30,255.1699981689453,261.8999938964844,252.17999267578125,259.4800109863281,92443400.0
AAPL,2026-02-02,260.0299987792969,270.489990234375,259.2099914550781,270.010009765625,73913400.0
AAPL,2026-02-03,269.20001220703125,271.8800048828125,267.6099853515625,269.4800109863281,64394700.0
AAPL,2026-02-04,272.2900085449219,278.95001220703125,272.2900085449219,276.489990234375,90545700.0
AAPL,2026-02-05,278.1300048828125,279.5,273.2300109863281,275.9100036621094,52977400.0
AAPL,2026-02-06,277.1199951171875,280.9100036621094,276.92999267578125,278.1199951171875,50453400.0
AAPL,2026-02-09,277.9100036621094,278.20001220703125,271.70001220703125,274.6199951171875,44623400.0
AAPL,2026-02-10,274.8900146484375,275.3699951171875,272.94000244140625,273.67999267578125,34376900.0
AAPL,2026-02-11,274.70001220703125,280.17999267578125,274.45001220703125,275.5,51931300.0
AAPL,2026-02-12,275.5899963378906,275.7200012207031,260.17999267578125,261.7300109863281,81077200.0
AAPL,2026-02-13,262.010009765625,262.2300109863281,255.4499969482422,255.77999877929688,56290700.0
AAPL,2026-02-17,258.04998779296875,266.2900085449219,255.5399932861328,263.8800048828125,58469100.0
AAPL,2026-02-18,263.6000061035156,266.82000732421875,262.45001220703125,264.3500061035156,34203300.0
AAPL,2026-02-19,262.6000061035156,264.4800109863281,260.04998779296875,260.5799865722656,30845300.0
AAPL,2026-02-20,258.9700012207031,264.75,258.1600036621094,264.5799865722656,42070500.0
AAPL,2026-02-23,263.489990234375,269.42999267578125,263.3800048828125,266.17999267578125,37308200.0
AAPL,2026-02-24,267.8599853515625,274.8900146484375,267.7099914550781,272.1400146484375,47014600.0
AAPL,2026-02-25,271.7799987792969,274.94000244140625,271.04998779296875,274.2300109863281,33714300.0
AAPL,2026-02-26,274.95001220703125,276.1099853515625,270.79998779296875,272.95001220703125,32345100.0
AAPL,2026-02-27,272.80999755859375,272.80999755859375,262.8900146484375,264.17999267578125,72366500.0
AAPL,2026-03-02,262.4100036621094,266.5299987792969,260.20001220703125,264.7200012207031,41827900.0
AAPL,2026-03-03,263.4800109863281,265.55999755859375,260.1300048828125,263.75,38568900.0
AAPL,2026-03-04,264.6499938964844,266.1499938964844,261.4200134277344,262.5199890136719,39803100.0
AAPL,2026-03-05,260.7900085449219,261.55999755859375,257.25,260.2900085449219,49658600.0
AAPL,2026-03-06,258.6300048828125,258.7699890136719,254.3699951171875,257.4599914550781,41120000.0
AAPL,2026-03-09,255.69000244140625,261.1499938964844,253.67999267578125,259.8800048828125,38218500.0
AAPL,2026-03-10,257.6499938964844,262.4800109863281,256.95001220703125,260.8299865722656,30590800.0
AAPL,2026-03-11,261.0899963378906,262.1300048828125,259.54998779296875,260.80999755859375,26218900.0
AAPL,2026-03-12,258.6600036621094,258.95001220703125,254.17999267578125,255.75999450683594,40794000.0
AAPL,2026-03-13,255.47999572753906,256.3299865722656,249.52000427246094,250.1199951171875,36930000.0
AAPL,2026-03-16,252.11000061035156,253.88999938964844,249.8800048828125,252.82000732421875,32074200.0
AAPL,2026-03-17,252.9600067138672,255.1300048828125,252.17999267578125,254.22999572753906,32361600.0
AAPL,2026-03-18,252.6300048828125,254.94000244140625,249.0,249.94000244140625,35757900.0
AAPL,2026-03-19,249.39999389648438,251.8300018310547,247.3000030517578,248.9600067138672,34864100.0
AAPL,2026-03-20,247.97999572753906,249.1999969482422,246.0,247.99000549316406,88331100.0
AAPL,2026-03-23,253.97000122070312,254.60000610351562,250.27999877929688,251.49000549316406,40546100.0
AAPL,2026-03-24,250.35000610351562,254.8300018310547,249.5500030517578,251.63999938964844,45152300.0
AAPL,2026-03-25,254.10000610351562,255.0,251.60000610351562,252.6199951171875,28476700.0
AAPL,2026-03-26,252.1199951171875,257.0,250.77000427246094,252.88999938964844,41796700.0
AAPL,2026-03-27,253.89999389648438,255.49000549316406,248.07000732421875,248.8000030517578,47900000.0
AAPL,2026-03-30,250.07000732421875,250.8699951171875,245.50999450683594,246.6300048828125,39446200.0
AAPL,2026-03-31,247.91000366210938,255.47999572753906,247.10000610351562,253.7899932861328,49598100.0
AAPL,2026-04-01,254.0800018310547,256.17999267578125,253.3300018310547,255.6300048828125,40059400.0
AAPL,2026-04-02,254.1999969482422,256.1300048828125,250.64999389648438,255.9199981689453,31289400.0
AAPL,2026-04-06,256.510009765625,262.1600036621094,256.4599914550781,258.8599853515625,29329900.0
AAPL,2026-04-07,256.1600036621094,256.20001220703125,245.6999969482422,253.5,62148000.0
AAPL,2026-04-08,258.45001220703125,259.75,256.5299987792969,258.8999938964844,41032800.0
AAPL,2026-04-09,259.0,261.1199951171875,256.07000732421875,260.489990234375,28121600.0
AAPL,2026-04-10,259.9800109863281,262.19000244140625,259.0199890136719,260.4800109863281,31291500.0
AAPL,2026-04-13,259.7300109863281,260.17999267578125,256.6600036621094,259.20001220703125,36234700.0
AAPL,2026-04-14,259.25,261.92999267578125,257.19000244140625,258.8299865722656,48370700.0
AAPL,2026-04-15,258.1600036621094,266.55999755859375,257.80999755859375,266.42999267578125,49913500.0
AAPL,2026-04-16,266.79998779296875,267.1600036621094,261.2699890136719,263.3999938964844,43323100.0
AAPL,2026-04-17,266.9599914550781,272.29998779296875,266.7200012207031,270.2300109863281,61436200.0
AAPL,2026-04-20,270.3299865722656,274.2799987792969,270.2900085449219,273.04998779296875,36590200.0
AAPL,2026-04-21,271.5,272.79998779296875,265.3999938964844,266.1700134277344,50209800.0
AAPL,2026-04-22,267.82000732421875,273.739990234375,266.8699951171875,273.1700134277344,43249200.0
AAPL,2026-04-23,275.04998779296875,275.7699890136719,271.6499938964844,273.42999267578125,33399600.0
AAPL,2026-04-24,272.760009765625,273.05999755859375,269.6499938964844,271.05999755859375,38157100.0
AAPL,2026-04-27,266.0899963378906,268.3599853515625,265.07000732421875,267.6099853515625,41466800.0
AAPL,2026-04-28,272.3399963378906,273.2300109863281,268.6600036621094,270.7099914550781,40018900.0
AAPL,2026-04-29,267.54998779296875,271.0400085449219,267.0400085449219,270.1700134277344,30047900.0
AAPL,2026-04-30,270.5,276.0,268.1400146484375,271.3500061035156,91848200.0
AAPL,2026-05-01,278.8599853515625,287.2200012207031,278.3699951171875,280.1400146484375,79915400.0
AAPL,2026-05-04,279.6600036621094,280.6300048828125,274.8599853515625,276.8299865722656,46668400.0
AAPL,2026-05-05,276.92999267578125,284.57000732421875,276.5,284.17999267578125,49311700.0
AAPL,2026-05-06,281.9200134277344,288.0299987792969,281.07000732421875,287.510009765625,58336100.0
AAPL,2026-05-07,289.2699890136719,292.1300048828125,285.7799987792969,287.44000244140625,45224300.0
AAPL,2026-05-08,290.010009765625,294.760009765625,290.0,293.32000732421875,52692800.0
AAPL,2026-05-11,291.9800109863281,293.8800048828125,290.2300109863281,292.67999267578125,42247300.0
AAPL,2026-05-12,292.55999755859375,295.2699890136719,292.55999755859375,294.79998779296875,45748100.0
AAPL,2026-05-13,293.5,300.9200134277344,293.5,298.8699951171875,52684300.0
AAPL,2026-05-14,299.82000732421875,300.45001220703125,295.3800048828125,298.2099914550781,35324900.0
AAPL,2026-05-15,297.8999938964844,303.20001220703125,296.5199890136719,300.2300109863281,54862800.0
AAPL,2026-05-18,300.239990234375,300.6600036621094,294.9100036621094,297.8399963378906,34483000.0
AAPL,2026-05-19,296.9700012207031,300.510009765625,296.3500061035156,298.9700012207031,42243600.0
AAPL,2026-05-20,298.17999267578125,302.79998779296875,298.0799865722656,302.25,38229800.0
AAPL,2026-05-21,301.05999755859375,305.5400085449219,300.3999938964844,304.989990234375,42965100.0
AAPL,2026-05-22,306.1199951171875,311.3999938964844,305.8399963378906,308.82000732421875,43670200.0
AAPL,2026-05-26,309.55999755859375,311.82000732421875,307.6700134277344,308.3299865722656,48000500.0
AAPL,2026-05-27,308.3299865722656,313.260009765625,308.29998779296875,310.8500061035156,50430900.0
AAPL,2026-05-28,310.67999267578125,312.79998779296875,309.57000732421875,312.510009765625,48220400.0
AAPL,2026-05-29,311.7799987792969,315.0,309.5299987792969,312.05999755859375,70026800.0
AAPL,2026-06-01,309.6300048828125,310.94000244140625,305.0199890136719,306.30999755859375,48849900.0
AAPL,2026-06-02,307.4599914550781,315.45001220703125,306.69000244140625,315.20001220703125,44534700.0
AAPL,2026-06-03,314.17999267578125,316.94000244140625,308.8500061035156,310.260009765625,50836700.0
AAPL,2026-06-04,313.2300109863281,313.5400085449219,309.6499938964844,311.2300109863281,44869100.0
AAPL,2026-06-05,312.8599853515625,315.1700134277344,307.1499938964844,307.3399963378906,65310500.0
AAPL,2026-06-08,308.739990234375,317.3999938964844,301.1700134277344,301.5400085449219,77949100.0
AAPL,2026-06-09,300.2799987792969,300.75,287.7799987792969,290.54998779296875,70108800.0
AAPL,2026-06-10,290.739990234375,294.75,287.3800048828125,291.5799865722656,52793300.0
AAPL,2026-06-11,293.7200012207031,297.0,289.5899963378906,295.6300048828125,42572500.0
AAPL,2026-06-12,296.0299987792969,297.1400146484375,289.6199951171875,291.1300048828125,38742100.0
AAPL,2026-06-15,294.1199951171875,297.7799987792969,291.70001220703125,296.4200134277344,45732600.0
AAPL,2026-06-16,295.25,300.4800109863281,293.9700012207031,299.239990234375,39874400.0
AAPL,2026-06-17,300.8500061035156,302.07000732421875,294.3599853515625,295.95001220703125,42745100.0
AAPL,2026-06-18,298.1099853515625,300.57000732421875,295.6199951171875,298.010009765625,85962200.0
AAPL,2026-06-22,297.30999755859375,302.4200134277344,296.760009765625,297.010009765625,44879900.0
AAPL,2026-06-23,297.5400085449219,301.6400146484375,294.17999267578125,294.29998779296875,52010900.0
AAPL,2026-06-24,295.3599853515625,299.70001220703125,292.94000244140625,293.0799865722656,53081900.0
AAPL,2026-06-25,287.3999938964844,288.79998779296875,273.75,275.1499938964844,107013700.0
AAPL,2026-06-26,275.0,285.95001220703125,274.2099914550781,283.7799987792969,261775500.0
AAPL,2026-06-29,286.7300109863281,288.3699951171875,279.8500061035156,281.739990234375,66427000.0
AAPL,2026-06-30,281.1700134277344,289.94000244140625,280.70001220703125,289.3599853515625,65100200.0
AAPL,2026-07-01,293.44000244140625,296.5899963378906,289.20001220703125,294.3800048828125,50164200.0
AAPL,2026-07-02,294.1199951171875,309.4200134277344,293.67999267578125,308.6300048828125,75352800.0
AAPL,2026-07-06,307.3599853515625,314.20001220703125,307.0,312.6600036621094,53590000.0
AAPL,2026-07-07,315.2900085449219,315.4800109863281,310.1499938964844,310.6600036621094,42490000.0
AAPL,2026-07-08,311.9100036621094,314.82000732421875,307.04998779296875,313.3900146484375,41323500.0
AAPL,2026-07-09,310.510009765625,316.5299987792969,308.1600036621094,316.2200012207031,48124500.0
AAPL,2026-07-10,314.7200012207031,316.9100036621094,312.1700134277344,315.32000732421875,34132300.0
AAPL,2026-07-13,317.0199890136719,323.45001220703125,315.7799987792969,317.30999755859375,43257800.0
AAPL,2026-07-14,313.760009765625,316.19000244140625,311.9100036621094,314.8599853515625,36336800.0
AAPL,2026-07-15,317.6199951171875,328.7300109863281,317.32000732421875,327.5,60957600.0
AAPL,2026-07-16,328.010009765625,334.67999267578125,326.7900085449219,333.260009765625,62970600.0
AAPL,2026-07-17,331.9800109863281,334.989990234375,329.0,333.739990234375,63407100.0
AAPL,2026-07-20,333.510009765625,333.7099914550781,323.67999267578125,326.5899963378906,53468000.0
AAPL,2026-07-21,323.1300048828125,329.6000061035156,322.2200012207031,327.739990234375,41338900.0
AAPL,2026-07-22,327.8699951171875,329.0,323.3399963378906,325.8900146484375,38755900.0
AAPL,2026-07-23,321.7300109863281,323.29998779296875,319.3500061035156,321.6600036621094,40840800.0
AAPL,2026-07-24,321.7900085449219,334.3699951171875,321.6199951171875,333.0199890136719,47489400.0
AAPL,2026-07-27,334.5400085449219,339.57000732421875,334.0199890136719,336.9100036621094,49604300.0
AAPL,2026-07-28,340.0299987792969,342.8900146484375,335.6000061035156,340.0799865722656,51859000.0
AAPL,2026-07-29,339.7300109863281,344.57000732421875,337.3500061035156,338.19000244140625,56090800.0
AAPL,2026-07-30,333.1000061035156,334.75,329.5899963378906,333.42999267578125,74817800.0
AAPL,2026-07-31,304.80999755859375,310.69000244140625,300.0,308.9100036621094,132489100.0
AAPL,2026-08-03,309.5799865722656,311.79998779296875,302.55999755859375,303.4200134277344,75052000.0
AAPL,2026-08-04,302.7300109863281,310.4200134277344,301.32000732421875,309.3800048828125,68001000.0
AAPL,2026-08-05,309.3599853515625,311.7099914550781,305.6700134277344,311.0,49438800.0
AAPL,2026-08-06,314.3399963378906,316.2900085449219,309.2300109863281,312.4100036621094,46139900.0
AAPL,2026-08-07,311.45001220703125,314.80999755859375,310.739990234375,313.3299865722656,34437200.0
AAPL,2026-08-10,306.8299865722656,308.260009765625,304.6099853515625,308.260009765625,44812500.0
AAPL,2026-08-11,307.75,309.9700012207031,302.7900085449219,304.9100036621094,37476700.0
AAPL,2026-08-12,305.1000061035156,305.6600036621094,300.57000732421875,302.25,41657800.0
AAPL,2026-08-13,304.2099914550781,306.0,302.04998779296875,305.260009765625,40349300.0
AAPL,2026-08-14,306.0,307.489990234375,304.29998779296875,305.92999267578125,28229400.0
AAPL,2026-08-17,306.2099914550781,307.6600036621094,302.94000244140625,305.5899963378906,38169300.0
AAPL,2026-08-18,307.5799865722656,311.489990234375,305.739990234375,310.0299987792969,53424500.0
AAPL,2026-08-19,310.1400146484375,319.2799987792969,309.6000061035156,316.8299865722656,50505600.0
AAPL,2026-08-20,317.4599914550781,320.2799987792969,310.6499938964844,311.29998779296875,40959200.0
AAPL,2026-08-21,312.04998779296875,312.3800048828125,307.010009765625,309.3500061035156,46876800.0
AAPL,2026-08-24,311.4700012207031,313.3599853515625,309.9700012207031,310.3399963378906,34673600.0
AAPL,2026-08-25,310.7900085449219,313.5899963378906,308.2099914550781,309.8999938964844,25869800.0
AAPL,2026-08-26,310.29998779296875,315.42999267578125,308.79998779296875,313.45001220703125,34024500.0
AAPL,2026-08-27,310.54998779296875,315.3999938964844,309.3999938964844,314.5799865722656,32419200.0
AAPL,2026-08-28,316.8500061035156,322.3699951171875,315.45001220703125,319.70001220703125,38649400.0
AAPL,2026-08-31,319.6000061035156,321.239990234375,312.79998779296875,316.8500061035156,41242700.0
AAPL,2026-09-01,316.9800109863281,327.29998779296875,314.7300109863281,325.1300048828125,53167400.0
AAPL,2026-09-02,326.8699951171875,328.3999938964844,323.5299987792969,324.9599914550781,33776400.0
AAPL,2026-09-03,324.8699951171875,330.80999755859375,324.1099853515625,328.2099914550781,37225800.0
AAPL,2026-09-04,328.30999755859375,328.92999267578125,317.8599853515625,319.9700012207031,39606900.0
AAPL,2026-09-08,317.1000061035156,320.70001220703125,314.8999938964844,316.2200012207031,35477100.0
AAPL,2026-09-09,315.489990234375,319.1499938964844,309.8999938964844,315.3399963378906,65640000.0
AAPL,2026-09-10,316.6700134277344,326.739990234375,316.510009765625,326.57000732421875,70011900.0
AAPL,2026-09-11,327.45001220703125,336.2200012207031,326.29998779296875,332.2699890136719,50716900.0
AAPL,2026-09-14,334.7900085449219,335.5,331.3399963378906,333.0799865722656,39269100.0
AAPL,2026-09-15,330.1400146484375,331.7799987792969,328.3500061035156,331.3399963378906,31748200.0
AAPL,2026-09-16,332.5299987792969,335.4800109863281,330.70001220703125,332.4100036621094,35981000.0
AAPL,2026-09-17,334.7699890136719,338.3399963378906,330.17999267578125,337.0,36700200.0
MSFT,2024-09-19,441.2300109863281,441.5,436.8999938964844,438.69000244140625,21706600.0
MSFT,2024-09-20,437.2200012207031,439.239990234375,434.2200012207031,435.2699890136719,55167100.0
MSFT,2024-09-23,434.2799987792969,436.4599914550781,430.3900146484375,433.510009765625,15128900.0
MSFT,2024-09-24,433.0,433.3500061035156,426.1000061035156,429.1700134277344,17015800.0
MSFT,2024-09-25,429.8299865722656,433.1199951171875,428.57000732421875,432.1099853515625,13396400.0
MSFT,2024-09-26,435.0899963378906,435.29998779296875,429.1300048828125,431.30999755859375,14492000.0
MSFT,2024-09-27,431.5199890136719,431.8500061035156,427.4700012207031,428.0199890136719,14896100.0
MSFT,2024-09-30,428.2099914550781,430.4200134277344,425.3699951171875,430.29998779296875,16807300.0
MSFT,2024-10-01,428.45001220703125,428.4800109863281,418.80999755859375,420.69000244140625,19092900.0
MSFT,2024-10-02,422.5799865722656,422.82000732421875,416.7099914550781,417.1300048828125,16582300.0
MSFT,2024-10-03,417.6300048828125,419.54998779296875,414.2900085449219,416.5400085449219,13686400.0
MSFT,2024-10-04,418.239990234375,419.75,414.9700012207031,416.05999755859375,19169700.0
MSFT,2024-10-07,416.0,417.1099853515625,409.0,409.5400085449219,20919800.0
MSFT,2024-10-08,410.8999938964844,415.6600036621094,408.1700134277344,414.7099914550781,19229300.0
MSFT,2024-10-09,415.8599853515625,420.3800048828125,414.29998779296875,417.4599914550781,14974300.0
MSFT,2024-10-10,415.2300109863281,417.3500061035156,413.1499938964844,415.8399963378906,13848400.0
MSFT,2024-10-11,416.1400146484375,417.1300048828125,413.25,416.32000732421875,14144900.0
MSFT,2024-10-14,417.7699890136719,424.0400085449219,417.5199890136719,419.1400146484375,16653100.0
MSFT,2024-10-15,422.17999267578125,422.4800109863281,415.260009765625,418.739990234375,18900200.0
MSFT,2024-10-16,415.1700134277344,416.3599853515625,410.4800109863281,416.1199951171875,15508900.0
MSFT,2024-10-17,422.3599853515625,422.5,415.5899963378906,416.7200012207031,14820000.0
MSFT,2024-10-18,417.1400146484375,419.6499938964844,416.260009765625,418.1600036621094,17145300.0
MSFT,2024-10-21,416.1199951171875,418.9599914550781,413.75,418.7799987792969,14206100.0
MSFT,2024-10-22,418.489990234375,430.5799865722656,418.0400085449219,427.510009765625,25482200.0
MSFT,2024-10-23,430.8599853515625,431.0799865722656,422.5299987792969,424.6000061035156,19654400.0
MSFT,2024-10-24,425.3299865722656,425.9800109863281,422.3999938964844,424.7300109863281,13581600.0
MSFT,2024-10-25,426.760009765625,432.5199890136719,426.57000732421875,428.1499938964844,16899100.0
MSFT,2024-10-28,431.6600036621094,431.94000244140625,426.29998779296875,426.5899963378906,14882400.0
MSFT,2024-10-29,428.0,433.1700134277344,425.79998779296875,431.95001220703125,17644100.0
MSFT,2024-10-30,437.44000244140625,438.5,432.1000061035156,432.5299987792969,29749100.0
MSFT,2024-10-31,415.3599853515625,416.1600036621094,406.29998779296875,406.3500061035156,53971000.0
MSFT,2024-11-01,409.010009765625,415.5,407.5,410.3699951171875,24230400.0
MSFT,2024-11-04,409.79998779296875,410.4200134277344,405.57000732421875,408.4599914550781,19672300.0
MSFT,2024-11-05,408.3699951171875,414.8999938964844,408.0799865722656,411.4599914550781,17626000.0
MSFT,2024-11-06,412.4200134277344,420.45001220703125,410.5199890136719,420.17999267578125,26681800.0
MSFT,2024-11-07,421.2799987792969,426.8500061035156,419.8800048828125,425.42999267578125,19901800.0
MSFT,2024-11-08,425.32000732421875,426.5,421.7799987792969,422.5400085449219,16891400.0
MSFT,2024-11-11,422.5199890136719,424.80999755859375,416.0,418.010009765625,24503300.0
MSFT,2024-11-12,418.25,424.44000244140625,417.20001220703125,423.0299987792969,19401200.0
MSFT,2024-11-13,421.6400146484375,429.3299865722656,418.2099914550781,425.20001220703125,21502200.0
MSFT,2024-11-14,425.0,428.1700134277344,420.0,426.8900146484375,30246900.0
MSFT,2024-11-15,419.82000732421875,422.79998779296875,413.6400146484375,415.0,28247600.0
MSFT,2024-11-18,414.8699951171875,418.3999938964844,412.1000061035156,415.760009765625,24727000.0
MSFT,2024-11-19,413.1099853515625,417.94000244140625,411.54998779296875,417.7900085449219,18133500.0
MSFT,2024-11-20,416.8699951171875,417.2900085449219,410.5799865722656,415.489990234375,19191700.0
MSFT,2024-11-21,419.5,419.7799987792969,410.2900085449219,412.8699951171875,20780200.0
MSFT,2024-11-22,411.3699951171875,417.3999938964844,411.05999755859375,417.0,24814600.0
MSFT,2024-11-25,418.3800048828125,421.0799865722656,414.8500061035156,418.7900085449219,27691100.0
MSFT,2024-11-26,419.5899963378906,429.0400085449219,418.8500061035156,427.989990234375,23458900.0
MSFT,2024-11-27,425.1099853515625,427.2300109863281,422.0199890136719,422.989990234375,18332400.0
MSFT,2024-11-29,420.0899963378906,424.8800048828125,417.79998779296875,423.4599914550781,16271900.0
MSFT,2024-12-02,421.57000732421875,433.0,421.30999755859375,430.9800109863281,20207200.0
MSFT,2024-12-03,429.8399963378906,432.4700012207031,427.739990234375,431.20001220703125,18302000.0
MSFT,2024-12-04,433.0299987792969,439.6700134277344,432.6300048828125,437.4200134277344,26009400.0
MSFT,2024-12-05,437.9200134277344,444.6600036621094,436.1700134277344,442.6199951171875,21697800.0
MSFT,2024-12-06,442.29998779296875,446.1000061035156,441.7699890136719,443.57000732421875,18821000.0
MSFT,2024-12-09,442.6000061035156,448.3299865722656,440.5,446.0199890136719,19144400.0
MSFT,2024-12-10,444.3900146484375,449.6199951171875,441.6000061035156,443.3299865722656,18469500.0
MSFT,2024-12-11,444.04998779296875,450.3500061035156,444.04998779296875,448.989990234375,19200200.0
MSFT,2024-12-12,449.1099853515625,456.1600036621094,449.1099853515625,449.55999755859375,20834800.0
MSFT,2024-12-13,448.44000244140625,451.42999267578125,445.5799865722656,447.2699890136719,20177800.0
MSFT,2024-12-16,447.2699890136719,452.17999267578125,445.2799987792969,451.5899963378906,23598800.0
MSFT,2024-12-17,451.010009765625,455.2900085449219,449.57000732421875,454.4599914550781,22733500.0
MSFT,2024-12-18,451.32000732421875,452.6499938964844,437.0199890136719,437.3900146484375,24444500.0
MSFT,2024-12-19,441.6199951171875,443.17999267578125,436.32000732421875,437.0299987792969,22963700.0
MSFT,2024-12-20,433.1099853515625,443.739990234375,428.6300048828125,436.6000061035156,64263700.0
MSFT,2024-12-23,436.739990234375,437.6499938964844,432.8299865722656,435.25,19152500.0
MSFT,2024-12-24,434.6499938964844,439.6000061035156,434.19000244140625,439.3299865722656,7164500.0
MSFT,2024-12-26,439.0799865722656,440.94000244140625,436.6300048828125,438.1099853515625,8194200.0
MSFT,2024-12-27,434.6000061035156,435.2200012207031,426.3500061035156,430.5299987792969,18117700.0
MSFT,2024-12-30,426.05999755859375,427.54998779296875,421.8999938964844,424.8299865722656,13158700.0
MSFT,2024-12-31,426.1000061035156,426.7300109863281,420.6600036621094,421.5,13246500.0
MSFT,2025-01-02,425.5299987792969,426.07000732421875,414.8500061035156,418.5799865722656,16896500.0
MSFT,2025-01-03,421.0799865722656,424.0299987792969,419.5400085449219,423.3500061035156,16662900.0
MSFT,2025-01-06,428.0,434.32000732421875,425.4800109863281,427.8500061035156,20573600.0
MSFT,2025-01-07,429.0,430.6499938964844,420.79998779296875,422.3699951171875,18139100.0
MSFT,2025-01-08,423.4599914550781,426.9700012207031,421.5400085449219,424.55999755859375,15054600.0
MSFT,2025-01-10,424.6300048828125,424.7099914550781,415.0199890136719,418.95001220703125,20201100.0
MSFT,2025-01-13,415.239990234375,418.5,412.2900085449219,417.19000244140625,17604800.0
MSFT,2025-01-14,417.80999755859375,419.739990234375,410.7200012207031,415.6700134277344,16935900.0
MSFT,2025-01-15,419.1300048828125,428.1499938964844,418.2699890136719,426.30999755859375,19637800.0
MSFT,2025-01-16,428.70001220703125,429.489990234375,424.3900146484375,424.5799865722656,15300000.0
MSFT,2025-01-17,434.0899963378906,434.4800109863281,428.1700134277344,429.0299987792969,26197500.0
MSFT,2025-01-21,430.20001220703125,430.8999938964844,425.6000061035156,428.5,26085700.0
MSFT,2025-01-22,437.55999755859375,447.2699890136719,436.0,446.20001220703125,27803800.0
MSFT,2025-01-23,442.0,446.75,441.5,446.7099914550781,18389300.0
MSFT,2025-01-24,445.1600036621094,446.6499938964844,441.3999938964844,444.05999755859375,15549500.0
MSFT,2025-01-27,424.010009765625,435.20001220703125,423.5,434.55999755859375,35647800.0
MSFT,2025-01-28,434.6000061035156,448.3800048828125,431.3800048828125,447.20001220703125,23491700.0
MSFT,2025-01-29,446.69000244140625,446.8800048828125,440.3999938964844,442.3299865722656,23581400.0
MSFT,2025-01-30,418.7699890136719,422.8599853515625,413.1600036621094,414.989990234375,54586300.0
MSFT,2025-01-31,418.9800109863281,420.69000244140625,414.9100036621094,415.05999755859375,34161900.0
MSFT,2025-02-03,411.6000061035156,415.4100036621094,408.6600036621094,410.9200134277344,25679100.0
MSFT,2025-02-04,412.69000244140625,413.9200134277344,409.739990234375,412.3699951171875,20532100.0
MSFT,2025-02-05,412.3500061035156,413.8299865722656,410.3999938964844,413.2900085449219,16316700.0
MSFT,2025-02-06,414.0,418.20001220703125,414.0,415.82000732421875,16309800.0
MSFT,2025-02-07,416.4800109863281,418.6499938964844,408.1000061035156,409.75,22886800.0
MSFT,2025-02-10,413.7099914550781,415.4599914550781,410.9200134277344,412.2200012207031,20817900.0
MSFT,2025-02-11,409.6400146484375,412.489990234375,409.29998779296875,411.44000244140625,18140600.0
MSFT,2025-02-12,407.2099914550781,410.75,404.3699951171875,409.0400085449219,19121700.0
MSFT,2025-02-13,407.0,411.0,406.3599853515625,410.5400085449219,23891700.0
MSFT,2025-02-14,407.7900085449219,408.9100036621094,405.8800048828125,408.42999267578125,22758500.0
MSFT,2025-02-18,408.0,410.6000061035156,406.5,409.6400146484375,21423100.0
MSFT,2025-02-19,407.8800048828125,415.489990234375,407.6499938964844,414.7699890136719,24114200.0
MSFT,2025-02-20,415.2900085449219,419.30999755859375,412.5400085449219,416.1300048828125,23508700.0
MSFT,2025-02-21,417.3399963378906,418.04998779296875,407.8900146484375,408.2099914550781,27524800.0
MSFT,2025-02-24,408.510009765625,409.3699951171875,399.32000732421875,404.0,26443700.0
MSFT,2025-02-25,401.1000061035156,401.9200134277344,396.70001220703125,397.8999938964844,29387400.0
MSFT,2025-02-26,398.010009765625,403.6000061035156,394.25,399.7300109863281,19619000.0
MSFT,2025-02-27,401.2699890136719,405.739990234375,392.1700134277344,392.5299987792969,21127400.0
MSFT,2025-02-28,392.6600036621094,397.6300048828125,386.57000732421875,396.989990234375,32845700.0
MSFT,2025-03-03,398.82000732421875,398.82000732421875,386.1600036621094,388.489990234375,23007700.0
MSFT,2025-03-04,383.3999938964844,392.5799865722656,381.0,388.6099853515625,29342900.0
MSFT,2025-03-05,389.3399963378906,401.6700134277344,388.80999755859375,401.0199890136719,23433100.0
MSFT,2025-03-06,394.2799987792969,402.1499938964844,392.67999267578125,396.8900146484375,23304600.0
MSFT,2025-03-07,392.32000732421875,394.79998779296875,385.5400085449219,393.30999755859375,22034100.0
MSFT,2025-03-10,385.8399963378906,386.3999938964844,377.2200012207031,380.1600036621094,32840100.0
MSFT,2025-03-11,379.0,386.0,376.9100036621094,380.45001220703125,30380200.0
MSFT,2025-03-12,382.95001220703125,385.2200012207031,378.95001220703125,383.2699890136719,24253600.0
MSFT,2025-03-13,383.1600036621094,385.32000732421875,377.45001220703125,378.7699890136719,20473000.0
MSFT,2025-03-14,379.7799987792969,390.2300109863281,379.510009765625,388.55999755859375,19952800.0
MSFT,2025-03-17,386.70001220703125,392.7099914550781,385.57000732421875,388.70001220703125,22474300.0
MSFT,2025-03-18,387.07000732421875,387.3699951171875,381.1000061035156,383.5199890136719,19486900.0
MSFT,2025-03-19,385.5299987792969,389.67999267578125,384.0,387.82000732421875,19185500.0
MSFT,2025-03-20,385.739990234375,391.7900085449219,383.2799987792969,386.8399963378906,18470500.0
MSFT,2025-03-21,383.2200012207031,391.739990234375,382.79998779296875,391.260009765625,39675900.0
MSFT,2025-03-24,395.3999938964844,395.3999938964844,389.80999755859375,393.0799865722656,21004500.0
MSFT,2025-03-25,393.9200134277344,396.3599853515625,392.6400146484375,395.1600036621094,15775000.0
MSFT,2025-03-26,395.0,395.30999755859375,388.57000732421875,389.9700012207031,16108400.0
MSFT,2025-03-27,390.1300048828125,392.239990234375,387.3999938964844,390.5799865722656,13766800.0
MSFT,2025-03-28,388.0799865722656,389.1300048828125,376.92999267578125,378.79998779296875,21632000.0
MSFT,2025-03-31,372.5400085449219,377.07000732421875,367.239990234375,375.3900146484375,35184700.0
MSFT,2025-04-01,374.6499938964844,382.8500061035156,373.2300109863281,382.19000244140625,19689500.0
MSFT,2025-04-02,377.9700012207031,385.0799865722656,376.6199951171875,382.1400146484375,16092600.0
MSFT,2025-04-03,374.7900085449219,377.4800109863281,369.3500061035156,373.1099853515625,30198000.0
MSFT,2025-04-04,364.1300048828125,374.5899963378906,359.4800109863281,359.8399963378906,49209900.0
MSFT,2025-04-07,350.8800048828125,371.0,344.7900085449219,357.8599853515625,50425000.0
MSFT,2025-04-08,368.260009765625,373.6499938964844,350.25,354.55999755859375,35868900.0
MSFT,2025-04-09,353.5400085449219,393.2300109863281,353.1000061035156,390.489990234375,50199700.0
MSFT,2025-04-10,382.05999755859375,383.8999938964844,367.79998779296875,381.3500061035156,38024400.0
MSFT,2025-04-11,380.6400146484375,390.04998779296875,378.8900146484375,388.45001220703125,23839200.0
MSFT,2025-04-14,393.2200012207031,394.6499938964844,384.2099914550781,387.80999755859375,19251200.0
MSFT,2025-04-15,388.510009765625,391.8900146484375,384.1600036621094,385.7300109863281,17199900.0
MSFT,2025-04-16,380.6700134277344,381.6099853515625,368.0,371.6099853515625,21967800.0
MSFT,2025-04-17,373.75,374.32000732421875,366.8900146484375,367.7799987792969,21120200.0
MSFT,2025-04-21,362.82000732421875,364.4800109863281,355.6700134277344,359.1199951171875,20807300.0
MSFT,2025-04-22,363.3800048828125,367.7699890136719,359.8599853515625,366.82000732421875,19485000.0
MSFT,2025-04-23,376.05999755859375,380.3900146484375,373.0199890136719,374.3900146484375,20545500.0
MSFT,2025-04-24,375.70001220703125,388.45001220703125,375.19000244140625,387.29998779296875,22232300.0
MSFT,2025-04-25,387.0,392.1600036621094,384.6000061035156,391.8500061035156,18973200.0
MSFT,2025-04-28,391.9599914550781,392.739990234375,386.6400146484375,391.1600036621094,16579400.0
MSFT,2025-04-29,391.29998779296875,395.1000061035156,390.3800048828125,394.0400085449219,14974000.0
MSFT,2025-04-30,390.29998779296875,396.6600036621094,384.44000244140625,395.260009765625,36461100.0
MSFT,2025-05-01,431.1099853515625,436.989990234375,424.8999938964844,425.3999938964844,58938100.0
MSFT,2025-05-02,431.739990234375,439.44000244140625,429.989990234375,435.2799987792969,30757400.0
MSFT,2025-05-05,432.8699951171875,439.5,432.1099853515625,436.1700134277344,20136100.0
MSFT,2025-05-06,432.20001220703125,437.7300109863281,431.1700134277344,433.30999755859375,15104200.0
MSFT,2025-05-07,433.8399963378906,438.1199951171875,431.1099853515625,433.3500061035156,23295300.0
MSFT,2025-05-08,437.92999267578125,443.6700134277344,435.6600036621094,438.1700134277344,23491300.0
MSFT,2025-05-09,440.0,440.739990234375,435.8800048828125,438.7300109863281,15324200.0
MSFT,2025-05-12,445.94000244140625,449.3699951171875,439.7799987792969,449.260009765625,22821900.0
MSFT,2025-05-13,447.7799987792969,450.6700134277344,445.3599853515625,449.1400146484375,23618800.0
MSFT,2025-05-14,448.1400146484375,453.8999938964844,448.1400146484375,452.94000244140625,19902800.0
MSFT,2025-05-15,450.7699890136719,456.19000244140625,450.42999267578125,453.1300048828125,21992300.0
MSFT,2025-05-16,452.04998779296875,454.3599853515625,448.7300109863281,454.2699890136719,23849800.0
MSFT,2025-05-19,450.8800048828125,459.5899963378906,450.79998779296875,458.8699951171875,21336500.0
MSFT,2025-05-20,455.5899963378906,458.3399963378906,454.32000732421875,458.1700134277344,15441800.0
MSFT,2025-05-21,454.57000732421875,457.7799987792969,451.80999755859375,452.57000732421875,19216900.0
MSFT,2025-05-22,454.95001220703125,460.25,453.8999938964844,454.8599853515625,18025600.0
MSFT,2025-05-23,449.9800109863281,453.69000244140625,448.9100036621094,450.17999267578125,16883500.0
MSFT,2025-05-27,456.4800109863281,460.95001220703125,456.1199951171875,460.69000244140625,20974300.0
MSFT,2025-05-28,461.2200012207031,462.5199890136719,456.92999267578125,457.3599853515625,17086300.0
MSFT,2025-05-29,461.54998779296875,461.7200012207031,455.30999755859375,458.67999267578125,13974800.0
MSFT,2025-05-30,459.7200012207031,461.67999267578125,455.5400085449219,460.3599853515625,34770500.0
MSFT,2025-06-02,457.1400146484375,462.1099853515625,456.8900146484375,461.9700012207031,16626500.0
MSFT,2025-06-03,461.4700012207031,464.1400146484375,460.8599853515625,462.9700012207031,15743800.0
MSFT,2025-06-04,464.0,465.69000244140625,463.0199890136719,463.8699951171875,14162700.0
MSFT,2025-06-05,464.9599914550781,469.6499938964844,464.0299987792969,467.67999267578125,20131700.0
MSFT,2025-06-06,470.0899963378906,473.3399963378906,468.7799987792969,470.3800048828125,15285600.0
MSFT,2025-06-09,469.70001220703125,473.42999267578125,468.6199951171875,472.75,16469900.0
MSFT,2025-06-10,471.19000244140625,472.79998779296875,466.9599914550781,470.9200134277344,15375900.0
MSFT,2025-06-11,470.0199890136719,475.4700012207031,469.6600036621094,472.6199951171875,16399200.0
MSFT,2025-06-12,475.0199890136719,480.4200134277344,473.5199890136719,478.8699951171875,18950600.0
MSFT,2025-06-13,476.4100036621094,479.17999267578125,472.760009765625,474.9599914550781,16814500.0
MSFT,2025-06-16,475.2099914550781,480.69000244140625,475.0,479.1400146484375,15626100.0
MSFT,2025-06-17,475.3999938964844,478.739990234375,474.0799865722656,478.0400085449219,15414100.0
MSFT,2025-06-18,478.0,481.0,474.4599914550781,480.239990234375,17526500.0
MSFT,2025-06-20,482.2300109863281,483.4599914550781,476.8699951171875,477.3999938964844,37576200.0
MSFT,2025-06-23,478.2099914550781,487.75,472.510009765625,486.0,24864000.0
MSFT,2025-06-24,488.95001220703125,491.8500061035156,486.79998779296875,490.1099853515625,22305600.0
MSFT,2025-06-25,492.0400085449219,494.55999755859375,489.3900146484375,492.2699890136719,17495100.0
MSFT,2025-06-26,492.9800109863281,498.0400085449219,492.80999755859375,497.45001220703125,21578900.0
MSFT,2025-06-27,497.54998779296875,499.29998779296875,493.0299987792969,495.94000244140625,34539200.0
MSFT,2025-06-30,497.0400085449219,500.760009765625,495.3299865722656,497.4100036621094,28369000.0
MSFT,2025-07-01,496.4700012207031,498.04998779296875,490.9800109863281,492.04998779296875,19945400.0
MSFT,2025-07-02,489.989990234375,493.5,488.70001220703125,491.0899963378906,16319600.0
MSFT,2025-07-03,493.80999755859375,500.1300048828125,493.44000244140625,498.8399963378906,13984800.0
MSFT,2025-07-07,497.3800048828125,498.75,495.2300109863281,497.7200012207031,13981600.0
MSFT,2025-07-08,497.239990234375,498.20001220703125,494.1099853515625,496.6199951171875,11846600.0
MSFT,2025-07-09,500.29998779296875,506.7799987792969,499.739990234375,503.510009765625,18659500.0
MSFT,2025-07-10,503.04998779296875,504.44000244140625,497.75,501.4800109863281,16492100.0
MSFT,2025-07-11,498.4700012207031,505.0299987792969,497.79998779296875,503.32000732421875,16459500.0
MSFT,2025-07-14,501.5199890136719,503.9700012207031,501.0299987792969,503.0199890136719,12058800.0
MSFT,2025-07-15,503.0199890136719,508.29998779296875,502.7900085449219,505.82000732421875,14927200.0
MSFT,2025-07-16,505.17999267578125,506.7200012207031,501.8900146484375,505.6199951171875,15154400.0
MSFT,2025-07-17,505.67999267578125,513.3699951171875,505.6199951171875,511.70001220703125,17503100.0
MSFT,2025-07-18,514.47998046875,514.6400146484375,507.42999267578125,510.04998779296875,21209700.0
MSFT,2025-07-21,506.7099914550781,512.0900268554688,505.54998779296875,510.05999755859375,14066800.0
MSFT,2025-07-22,510.9700012207031,511.20001220703125,505.2699890136719,505.2699890136719,13868600.0
MSFT,2025-07-23,506.75,506.7900085449219,500.70001220703125,505.8699951171875,16396600.0
MSFT,2025-07-24,508.7699890136719,513.6699829101562,507.29998779296875,510.8800048828125,16107000.0
MSFT,2025-07-25,512.469970703125,518.2899780273438,510.3599853515625,513.7100219726562,19125700.0
MSFT,2025-07-28,514.0800170898438,515.0,510.1199951171875,512.5,14308000.0
MSFT,2025-07-29,515.530029296875,517.6199951171875,511.55999755859375,512.5700073242188,16469200.0
MSFT,2025-07-30,515.1699829101562,515.9500122070312,509.44000244140625,513.239990234375,26380400.0
MSFT,2025-07-31,555.22998046875,555.4500122070312,531.9000244140625,533.5,51617300.0
MSFT,2025-08-01,535.0,535.7999877929688,520.8599853515625,524.1099853515625,28977600.0
MSFT,2025-08-04,528.27001953125,538.25,528.1300048828125,535.6400146484375,25349000.0
MSFT,2025-08-05,537.1799926757812,537.2999877929688,527.239990234375,527.75,19171600.0
MSFT,2025-08-06,530.9000244140625,531.7000122070312,524.030029296875,524.9400024414062,21355700.0
MSFT,2025-08-07,526.7999877929688,528.0900268554688,517.5499877929688,520.8400268554688,16079100.0
MSFT,2025-08-08,522.5999755859375,524.6599731445312,519.4099731445312,522.0399780273438,15531000.0
MSFT,2025-08-11,522.2999877929688,527.5900268554688,519.719970703125,521.77001953125,20194400.0
MSFT,2025-08-12,523.75,530.97998046875,522.7000122070312,529.239990234375,18667000.0
MSFT,2025-08-13,532.1099853515625,532.7000122070312,519.3699951171875,520.5800170898438,19619200.0
MSFT,2025-08-14,522.5599975585938,525.9500122070312,520.1400146484375,522.47998046875,20269100.0
MSFT,2025-08-15,522.77001953125,526.0999755859375,519.0800170898438,520.1699829101562,25213300.0
MSFT,2025-08-18,521.5900268554688,522.8200073242188,514.02001953125,517.0999755859375,23760600.0
MSFT,2025-08-19,515.0,515.1599731445312,508.54998779296875,509.7699890136719,21481000.0
MSFT,2025-08-20,509.8699951171875,511.0,504.44000244140625,505.7200012207031,27723000.0
MSFT,2025-08-21,503.69000244140625,507.6300048828125,502.7200012207031,504.239990234375,18443300.0
MSFT,2025-08-22,504.25,510.7300109863281,502.4100036621094,507.2300109863281,24324200.0
MSFT,2025-08-25,506.6300048828125,508.19000244140625,504.1199951171875,504.260009765625,21638600.0
MSFT,2025-08-26,504.3599853515625,504.9800109863281,498.510009765625,502.0400085449219,30835700.0
MSFT,2025-08-27,502.0,507.2900085449219,499.8999938964844,506.739990234375,17277900.0
MSFT,2025-08-28,507.0899963378906,511.0899963378906,505.5,509.6400146484375,18015600.0
MSFT,2025-08-29,508.6600036621094,509.6000061035156,504.489990234375,506.69000244140625,20961600.0
MSFT,2025-09-02,500.4700012207031,506.0,496.80999755859375,505.1199951171875,18128000.0
MSFT,2025-09-03,503.7900085449219,507.7900085449219,502.32000732421875,505.3500061035156,16345100.0
MSFT,2025-09-04,504.29998779296875,508.1499938964844,503.1499938964844,507.9700012207031,15509500.0
MSFT,2025-09-05,509.07000732421875,511.9700012207031,492.3699951171875,495.0,31994800.0
MSFT,2025-09-08,498.1099853515625,501.20001220703125,495.0299987792969,498.20001220703125,16771000.0
MSFT,2025-09-09,501.42999267578125,502.25,497.70001220703125,498.4100036621094,14410500.0
MSFT,2025-09-10,502.9800109863281,503.2300109863281,496.7200012207031,500.3699951171875,21611800.0
MSFT,2025-09-11,502.25,503.1700134277344,497.8800048828125,501.010009765625,18881600.0
MSFT,2025-09-12,506.6499938964844,512.5499877929688,503.8500061035156,509.8999938964844,23624900.0
MSFT,2025-09-15,508.7900085449219,515.469970703125,507.0,515.3599853515625,17143800.0
MSFT,2025-09-16,516.8800048828125,517.22998046875,508.6000061035156,509.0400085449219,19711900.0
MSFT,2025-09-17,510.6199951171875,511.2900085449219,505.92999267578125,510.0199890136719,15816600.0
MSFT,2025-09-18,511.489990234375,513.0700073242188,507.6600036621094,508.45001220703125,18913700.0
MSFT,2025-09-19,510.55999755859375,519.2999877929688,510.30999755859375,517.9299926757812,52474100.0
MSFT,2025-09-22,515.5900268554688,517.739990234375,512.5399780273438,514.4500122070312,20009300.0
MSFT,2025-09-23,513.7999877929688,514.5900268554688,507.30999755859375,509.2300109863281,19799600.0
MSFT,2025-09-24,510.3800048828125,512.47998046875,506.9200134277344,510.1499938964844,13533700.0
MSFT,2025-09-25,508.29998779296875,510.010009765625,505.0400085449219,507.0299987792969,15786500.0
MSFT,2025-09-26,510.05999755859375,513.9400024414062,506.6199951171875,511.4599914550781,16213100.0
MSFT,2025-09-29,511.5,516.8499755859375,508.8800048828125,514.5999755859375,17617800.0
MSFT,2025-09-30,513.239990234375,518.1599731445312,509.6600036621094,517.9500122070312,19728200.0
MSFT,2025-10-01,514.7999877929688,520.510009765625,511.69000244140625,519.7100219726562,22632300.0
MSFT,2025-10-02,517.6400146484375,521.5999755859375,510.67999267578125,515.739990234375,21222900.0
MSFT,2025-10-03,517.0999755859375,520.489990234375,515.0,517.3499755859375,15112300.0
MSFT,2025-10-06,518.6099853515625,531.030029296875,518.2000122070312,528.5700073242188,21388600.0
MSFT,2025-10-07,528.2899780273438,529.7999877929688,521.4400024414062,523.97998046875,14615200.0
MSFT,2025-10-08,523.280029296875,526.9500122070312,523.0900268554688,524.8499755859375,13363400.0
MSFT,2025-10-09,522.3400268554688,524.3300170898438,517.4000244140625,522.4000244140625,18343600.0
MSFT,2025-10-10,519.6400146484375,523.5800170898438,509.6300048828125,510.9599914550781,24133800.0
MSFT,2025-10-13,516.4099731445312,516.4099731445312,511.67999267578125,514.0499877929688,14284200.0
MSFT,2025-10-14,510.2300109863281,515.280029296875,506.0,513.5700073242188,14684300.0
MSFT,2025-10-15,514.9600219726562,517.1900024414062,510.0,513.4299926757812,14694700.0
MSFT,2025-10-16,512.5800170898438,516.8499755859375,508.1300048828125,511.6099853515625,15559600.0
MSFT,2025-10-17,509.0400085449219,515.47998046875,507.30999755859375,513.5800170898438,19867800.0
MSFT,2025-10-20,514.6099853515625,518.7000122070312,513.4299926757812,516.7899780273438,14665600.0
MSFT,2025-10-21,517.5,518.6900024414062,513.0399780273438,517.6599731445312,15586200.0
MSFT,2025-10-22,521.1500244140625,525.22998046875,517.7100219726562,520.5399780273438,18962700.0
MSFT,2025-10-23,522.4600219726562,523.9500122070312,518.6099853515625,520.5599975585938,14023500.0
MSFT,2025-10-24,522.7899780273438,525.3499755859375,520.7100219726562,523.6099853515625,15532400.0
MSFT,2025-10-27,531.780029296875,534.5800170898438,529.010009765625,531.52001953125,18734700.0
MSFT,2025-10-28,550.0,553.719970703125,540.77001953125,542.0700073242188,29986700.0
MSFT,2025-10-29,544.9400024414062,546.27001953125,536.72998046875,541.5499877929688,36023000.0
MSFT,2025-10-30,530.47998046875,534.969970703125,522.1199951171875,525.760009765625,41023100.0
MSFT,2025-10-31,528.8800048828125,529.3200073242188,515.0999755859375,517.8099975585938,34006400.0
MSFT,2025-11-03,519.8099975585938,524.9600219726562,514.5900268554688,517.030029296875,22374700.0
MSFT,2025-11-04,511.760009765625,515.5499877929688,507.8399963378906,514.3300170898438,20958700.0
MSFT,2025-11-05,513.2999877929688,514.8300170898438,506.5799865722656,507.1600036621094,23024300.0
MSFT,2025-11-06,505.6600036621094,505.70001220703125,495.80999755859375,497.1000061035156,27406500.0
MSFT,2025-11-07,496.95001220703125,499.3800048828125,493.25,496.82000732421875,24019800.0
MSFT,2025-11-10,500.0400085449219,506.8500061035156,498.79998779296875,506.0,26101500.0
MSFT,2025-11-11,504.79998779296875,509.6000061035156,502.3500061035156,508.67999267578125,17980000.0
MSFT,2025-11-12,509.3599853515625,511.6700134277344,499.1199951171875,511.1400146484375,26574900.0
MSFT,2025-11-13,510.30999755859375,513.5,501.2900085449219,503.2900085449219,25273100.0
MSFT,2025-11-14,498.2300109863281,511.6000061035156,497.44000244140625,510.17999267578125,28505700.0
MSFT,2025-11-17,508.45001220703125,512.1199951171875,504.9100036621094,507.489990234375,19092800.0
MSFT,2025-11-18,495.3699951171875,502.9800109863281,486.7799987792969,493.7900085449219,33815100.0
MSFT,2025-11-19,490.1000061035156,495.19000244140625,482.8299865722656,487.1199951171875,23245300.0
MSFT,2025-11-20,492.7099914550781,493.57000732421875,475.5,478.42999267578125,26802500.0
MSFT,2025-11-21,478.5,478.9200134277344,468.2699890136719,472.1199951171875,31769200.0
MSFT,2025-11-24,475.0,476.8999938964844,468.0199890136719,474.0,34421000.0
MSFT,2025-11-25,474.07000732421875,479.1499938964844,464.8900146484375,476.989990234375,28019800.0
MSFT,2025-11-26,486.30999755859375,488.30999755859375,481.20001220703125,485.5,25709100.0
MSFT,2025-11-28,487.6000061035156,492.6300048828125,486.6499938964844,492.010009765625,14386700.0
MSFT,2025-12-01,488.44000244140625,489.8599853515625,484.6499938964844,486.739990234375,23964000.0
MSFT,2025-12-02,486.7200012207031,493.5,486.32000732421875,490.0,19562700.0
MSFT,2025-12-03,476.32000732421875,484.239990234375,475.20001220703125,477.7300109863281,34615100.0
MSFT,2025-12-04,479.760009765625,481.32000732421875,476.489990234375,480.8399963378906,22318200.0
MSFT,2025-12-05,482.5199890136719,483.3999938964844,478.8800048828125,483.1600036621094,22608700.0
MSFT,2025-12-08,484.8900146484375,492.29998779296875,484.3800048828125,491.0199890136719,21965900.0
MSFT,2025-12-09,489.1000061035156,492.1199951171875,488.5,492.0199890136719,14696100.0
MSFT,2025-12-10,484.0299987792969,484.25,475.0799865722656,478.55999755859375,35756200.0
MSFT,2025-12-11,476.6300048828125,486.0299987792969,475.8599853515625,483.4700012207031,24669200.0
MSFT,2025-12-12,479.82000732421875,482.45001220703125,476.3399963378906,478.5299987792969,21248100.0
MSFT,2025-12-15,480.1000061035156,480.7200012207031,472.5199890136719,474.82000732421875,23727700.0
MSFT,2025-12-16,471.9100036621094,477.8900146484375,470.8800048828125,476.3900146484375,20705600.0
MSFT,2025-12-17,476.9100036621094,480.0,475.0,476.1199951171875,24527200.0
MSFT,2025-12-18,478.19000244140625,489.6000061035156,477.8900146484375,483.9800109863281,28573500.0
MSFT,2025-12-19,487.3599853515625,487.8500061035156,482.489990234375,485.9200134277344,70836100.0
MSFT,2025-12-22,486.1199951171875,488.7300109863281,482.69000244140625,484.9200134277344,16963000.0
MSFT,2025-12-23,484.9800109863281,487.8299865722656,484.739990234375,486.8500061035156,14683600.0
MSFT,2025-12-24,485.67999267578125,489.1600036621094,484.8299865722656,488.0199890136719,5855900.0
MSFT,2025-12-26,486.7099914550781,488.1199951171875,485.9599914550781,487.7099914550781,8842200.0
MSFT,2025-12-29,484.8599853515625,488.3500061035156,484.17999267578125,487.1000061035156,10893400.0
MSFT,2025-12-30,485.92999267578125,489.67999267578125,485.5,487.4800109863281,13944500.0
MSFT,2025-12-31,487.8399963378906,488.1400146484375,483.29998779296875,483.6199951171875,15601600.0
MSFT,2026-01-02,484.3900146484375,484.6600036621094,470.1600036621094,472.94000244140625,25571600.0
MSFT,2026-01-05,474.05999755859375,476.07000732421875,469.5,472.8500061035156,25250300.0
MSFT,2026-01-06,473.79998779296875,478.739990234375,469.75,478.510009765625,23037700.0
MSFT,2026-01-07,479.760009765625,489.70001220703125,477.95001220703125,483.4700012207031,25564200.0
MSFT,2026-01-08,481.239990234375,482.6600036621094,475.8599853515625,478.1099853515625,18162600.0
MSFT,2026-01-09,474.05999755859375,479.82000732421875,472.20001220703125,479.2799987792969,18491000.0
MSFT,2026-01-12,476.6700134277344,480.989990234375,475.67999267578125,477.17999267578125,23519900.0
MSFT,2026-01-13,474.67999267578125,475.7799987792969,465.95001220703125,470.6700134277344,28545800.0
MSFT,2026-01-14,466.4599914550781,468.20001220703125,457.1700134277344,459.3800048828125,28184300.0
MSFT,2026-01-15,464.1199951171875,464.25,455.8999938964844,456.6600036621094,23225800.0
MSFT,2026-01-16,457.8299865722656,463.19000244140625,456.4800109863281,459.8599853515625,34246700.0
MSFT,2026-01-20,451.2200012207031,456.79998779296875,449.2799987792969,454.5199890136719,26130000.0
MSFT,2026-01-21,452.6000061035156,452.69000244140625,438.67999267578125,444.1099853515625,37980500.0
MSFT,2026-01-22,447.6199951171875,452.8399963378906,444.70001220703125,451.1400146484375,25349400.0
MSFT,2026-01-23,451.8699951171875,471.1000061035156,450.5299987792969,465.95001220703125,38000200.0
MSFT,2026-01-26,465.30999755859375,474.25,462.0,470.2799987792969,29291200.0
MSFT,2026-01-27,473.70001220703125,482.8699951171875,473.1600036621094,480.5799865722656,29213900.0
MSFT,2026-01-28,483.2099914550781,483.739990234375,478.0,481.6300048828125,36875400.0
MSFT,2026-01-29,439.989990234375,442.5,421.0199890136719,433.5,128855300.0
MSFT,2026-01-30,439.1700134277344,439.6000061035156,426.45001220703125,430.2900085449219,58566800.0
MSFT,2026-02-02,430.239990234375,430.739990234375,422.25,423.3699951171875,42219900.0
MSFT,2026-02-03,422.010009765625,422.04998779296875,408.55999755859375,411.2099914550781,61424100.0
MSFT,2026-02-04,411.0,419.79998779296875,409.239990234375,414.19000244140625,45012400.0
MSFT,2026-02-05,407.44000244140625,408.29998779296875,392.32000732421875,393.6700134277344,66289200.0
MSFT,2026-02-06,399.1700134277344,401.7900085449219,392.9200134277344,401.1400146484375,53515300.0
MSFT,2026-02-09,404.8500061035156,414.8900146484375,400.8699951171875,413.6000061035156,45480500.0
MSFT,2026-02-10,419.6199951171875,423.67999267578125,412.70001220703125,413.2699890136719,44857900.0
MSFT,2026-02-11,416.17999267578125,416.4599914550781,401.010009765625,404.3699951171875,42491000.0
MSFT,2026-02-12,405.0,406.20001220703125,398.010009765625,401.8399963378906,40802400.0
MSFT,2026-02-13,404.45001220703125,405.5400085449219,398.04998779296875,401.32000732421875,34091600.0
MSFT,2026-02-17,399.2200012207031,400.5199890136719,394.5299987792969,396.8599853515625,32078800.0
MSFT,2026-02-18,398.1300048828125,402.55999755859375,396.32000732421875,399.6000061035156,23223400.0
MSFT,2026-02-19,400.69000244140625,404.42999267578125,396.6700134277344,398.4599914550781,28234000.0
MSFT,2026-02-20,396.1099853515625,400.1199951171875,395.1600036621094,397.2300109863281,34015200.0
MSFT,2026-02-23,395.0,395.3599853515625,383.1000061035156,384.4700012207031,43238300.0
MSFT,2026-02-24,384.1400146484375,389.3599853515625,381.7099914550781,389.0,33884700.0
MSFT,2026-02-25,390.5299987792969,401.4700012207031,390.1600036621094,400.6000061035156,43625500.0
MSFT,2026-02-26,404.7099914550781,407.489990234375,398.739990234375,401.7200012207031,34405900.0
MSFT,2026-02-27,390.8800048828125,396.82000732421875,389.8800048828125,392.739990234375,51367200.0
MSFT,2026-03-02,392.8599853515625,401.19000244140625,390.6300048828125,398.54998779296875,35474900.0
MSFT,2026-03-03,393.1400146484375,406.70001220703125,392.6700134277344,403.92999267578125,38199200.0
MSFT,2026-03-04,401.2699890136719,411.0299987792969,400.30999755859375,405.20001220703125,35808000.0
MSFT,2026-03-05,404.4200134277344,411.6099853515625,404.3999938964844,410.67999267578125,39001300.0
MSFT,2026-03-06,409.20001220703125,413.04998779296875,408.510009765625,408.9599914550781,31123900.0
MSFT,2026-03-09,404.9200134277344,410.2099914550781,403.5,409.4100036621094,30131900.0
MSFT,2026-03-10,410.0299987792969,410.20001220703125,402.92999267578125,405.760009765625,31706400.0
MSFT,2026-03-11,405.57000732421875,409.010009765625,401.5899963378906,404.8800048828125,25512100.0
MSFT,2026-03-12,404.6300048828125,406.1199951171875,401.7099914550781,401.8599853515625,27263900.0
MSFT,2026-03-13,401.0,404.79998779296875,394.25,395.54998779296875,26848000.0
MSFT,2026-03-16,398.07000732421875,400.6300048828125,394.7900085449219,399.95001220703125,27733700.0
MSFT,2026-03-17,400.2699890136719,404.3999938964844,397.75,399.4100036621094,26228300.0
MSFT,2026-03-18,397.1300048828125,398.0,391.0,391.7900085449219,25908500.0
MSFT,2026-03-19,390.1000061035156,392.489990234375,387.05999755859375,389.0199890136719,25138800.0
MSFT,2026-03-20,386.7900085449219,387.0,380.1199951171875,381.8699951171875,50853200.0
MSFT,2026-03-23,383.8999938964844,387.2099914550781,381.67999267578125,383.0,29680100.0
MSFT,2026-03-24,382.3599853515625,382.4700012207031,371.8500061035156,372.739990234375,42733600.0
MSFT,2026-03-25,376.9200134277344,377.05999755859375,369.6300048828125,371.0400085449219,31181200.0
MSFT,2026-03-26,370.82000732421875,374.7200012207031,365.19000244140625,365.9700012207031,36836600.0
MSFT,2026-03-27,361.8999938964844,362.45001220703125,356.510009765625,356.7699890136719,37883400.0
MSFT,2026-03-30,361.8999938964844,365.3599853515625,356.2799987792969,358.9599914550781,44797000.0
MSFT,2026-03-31,364.54998779296875,372.8999938964844,363.07000732421875,370.1700134277344,45244400.0
MSFT,2026-04-01,373.489990234375,373.989990234375,368.20001220703125,369.3699951171875,29417200.0
MSFT,2026-04-02,367.2099914550781,373.6400146484375,364.1499938964844,373.4599914550781,24099100.0
MSFT,2026-04-06,373.489990234375,373.7300109863281,369.5,372.8800048828125,16146600.0
MSFT,2026-04-07,370.3399963378906,372.45001220703125,366.55999755859375,372.2900085449219,21443300.0
MSFT,2026-04-08,384.9800109863281,385.0,371.4100036621094,374.3299865722656,33064800.0
MSFT,2026-04-09,372.5,373.5,367.04998779296875,373.07000732421875,30435300.0
MSFT,2026-04-10,372.9800109863281,375.6400146484375,370.0299987792969,370.8699951171875,28111100.0
MSFT,2026-04-13,373.6099853515625,384.5400085449219,371.0199890136719,384.3699951171875,35745800.0
MSFT,2026-04-14,387.9200134277344,394.69000244140625,386.5199890136719,393.1099853515625,37504500.0
MSFT,2026-04-15,398.0,414.3699951171875,396.7300109863281,411.2200012207031,45063400.0
MSFT,2026-04-16,419.8599853515625,420.82000732421875,412.1400146484375,420.260009765625,41642400.0
MSFT,2026-04-17,424.82000732421875,431.5799865722656,420.69000244140625,422.7900085449219,48568200.0
MSFT,2026-04-20,421.1499938964844,423.3299865722656,416.29998779296875,418.07000732421875,27582200.0
MSFT,2026-04-21,420.239990234375,427.17999267578125,417.20001220703125,424.1600036621094,32048500.0
MSFT,2026-04-22,426.19000244140625,433.70001220703125,423.6700134277344,432.9200134277344,29378200.0
MSFT,2026-04-23,419.8900146484375,423.6600036621094,411.4100036621094,415.75,38308000.0
MSFT,2026-04-24,416.9700012207031,424.95001220703125,415.79998779296875,424.6199951171875,27457400.0
MSFT,2026-04-27,422.3800048828125,427.1099853515625,417.07000732421875,424.82000732421875,30867300.0
MSFT,2026-04-28,424.57000732421875,429.9200134277344,421.8999938964844,429.25,30438100.0
MSFT,2026-04-29,424.5799865722656,426.82000732421875,420.2900085449219,424.4599914550781,38288300.0
MSFT,2026-04-30,410.80999755859375,414.4200134277344,398.010009765625,407.7799987792969,70909400.0
MSFT,2026-05-01,412.79998779296875,417.1099853515625,410.44000244140625,414.44000244140625,31372400.0
MSFT,2026-05-04,411.5400085449219,420.7799987792969,410.79998779296875,413.6199951171875,28066500.0
MSFT,2026-05-05,415.32000732421875,416.7799987792969,408.79998779296875,411.3800048828125,25700900.0
MSFT,2026-05-06,408.0,418.4200134277344,405.1099853515625,413.9599914550781,30285900.0
MSFT,2026-05-07,420.1099853515625,427.9800109863281,418.760009765625,420.7699890136719,34942400.0
MSFT,2026-05-08,417.3900146484375,418.6300048828125,414.0,415.1199951171875,33383800.0
MSFT,2026-05-11,407.8699951171875,412.69000244140625,405.5,412.6600036621094,35657900.0
MSFT,2026-05-12,414.4800109863281,415.5,406.6400146484375,407.7699890136719,38594200.0
MSFT,2026-05-13,403.20001220703125,406.30999755859375,401.0299987792969,405.2099914550781,29667100.0
MSFT,2026-05-14,404.4800109863281,411.8399963378906,400.8800048828125,409.42999267578125,27077500.0
MSFT,2026-05-15,414.2699890136719,428.1700134277344,412.9100036621094,421.9200134277344,50771200.0
MSFT,2026-05-18,416.6199951171875,425.1199951171875,415.6099853515625,423.5400085449219,32564100.0
MSFT,2026-05-19,429.8999938964844,432.70001220703125,416.489990234375,417.4200134277344,33018700.0
MSFT,2026-05-20,414.1700134277344,422.1000061035156,411.29998779296875,421.05999755859375,27864000.0
MSFT,2026-05-21,424.75,426.3399963378906,415.7099914550781,419.0899963378906,31393500.0
MSFT,2026-05-22,419.5400085449219,424.3999938964844,416.3299865722656,418.57000732421875,22390300.0
MSFT,2026-05-26,416.42999267578125,419.7699890136719,413.0199890136719,416.0299987792969,30398000.0
MSFT,2026-05-27,411.010009765625,415.94000244140625,409.5799865722656,412.6700134277344,28901500.0
MSFT,2026-05-28,412.9800109863281,429.489990234375,412.6700134277344,426.989990234375,47250500.0
MSFT,2026-05-29,432.54998779296875,450.3299865722656,432.3599853515625,450.239990234375,79654400.0
MSFT,2026-06-01,464.8399963378906,466.32000732421875,458.2699890136719,460.5199890136719,53628900.0
MSFT,2026-06-02,446.8800048828125,453.5,440.42999267578125,441.30999755859375,37036800.0
MSFT,2026-06-03,438.45001220703125,440.3900146484375,424.25,427.3399963378906,39037000.0
MSFT,2026-06-04,435.80999755859375,436.1499938964844,426.4100036621094,428.04998779296875,26899500.0
MSFT,2026-06-05,428.3399963378906,429.4700012207031,414.3999938964844,416.6700134277344,34782200.0
MSFT,2026-06-08,414.1400146484375,417.1600036621094,408.55999755859375,411.739990234375,32086700.0
MSFT,2026-06-09,409.0299987792969,411.9800109863281,398.4800109863281,403.4100036621094,35317300.0
MSFT,2026-06-10,398.54998779296875,405.0400085449219,397.1600036621094,397.3599853515625,32576000.0
MSFT,2026-06-11,395.2099914550781,396.8500061035156,384.0,390.3399963378906,47224100.0
MSFT,2026-06-12,391.42999267578125,391.739990234375,382.2699890136719,390.739990234375,34865800.0
MSFT,2026-06-15,396.79998779296875,401.75,392.8500061035156,399.760009765625,32266400.0
MSFT,2026-06-16,395.7900085449219,396.8399963378906,390.69000244140625,393.8299865722656,31506800.0
MSFT,2026-06-17,390.25,390.3699951171875,377.32000732421875,378.9100036621094,41987800.0
MSFT,2026-06-18,377.82000732421875,381.3699951171875,373.2799987792969,379.3999938964844,59714200.0
MSFT,2026-06-22,375.739990234375,381.6300048828125,367.07000732421875,367.3399963378906,45171100.0
MSFT,2026-06-23,372.3800048828125,377.2200012207031,370.6700134277344,373.94000244140625,40647600.0
MSFT,2026-06-24,371.57000732421875,378.8800048828125,364.7799987792969,365.4599914550781,44509900.0
MSFT,2026-06-25,362.7699890136719,364.2300109863281,349.20001220703125,352.8299865722656,66179000.0
MSFT,2026-06-26,357.1499938964844,376.6099853515625,355.42999267578125,372.9700012207031,186201600.0
MSFT,2026-06-29,377.5,380.5,359.8999938964844,368.57000732421875,51229900.0
MSFT,2026-06-30,371.0299987792969,374.1499938964844,367.45001220703125,373.0199890136719,44945700.0
MSFT,2026-07-01,380.8299865722656,388.8299865722656,374.8900146484375,384.2799987792969,48065800.0
MSFT,2026-07-02,384.4800109863281,392.20001220703125,383.70001220703125,390.489990234375,42128900.0
MSFT,2026-07-06,387.0400085449219,389.1499938964844,381.2200012207031,386.739990234375,34224500.0
MSFT,2026-07-07,392.489990234375,395.57000732421875,388.2200012207031,388.8399963378906,29297500.0
MSFT,2026-07-08,384.0299987792969,385.30999755859375,381.3299865722656,383.3399963378906,25908300.0
MSFT,2026-07-09,374.45001220703125,384.6499938964844,373.3500061035156,384.3599853515625,31083200.0
MSFT,2026-07-10,387.79998779296875,391.9100036621094,381.5,385.1000061035156,24644600.0
MSFT,2026-07-13,387.75,393.6499938964844,384.1499938964844,390.989990234375,28914900.0
MSFT,2026-07-14,382.82000732421875,388.19000244140625,378.6499938964844,384.92999267578125,27863900.0
MSFT,2026-07-15,387.79998779296875,398.9599914550781,386.3999938964844,395.6300048828125,36253700.0
MSFT,2026-07-16,398.30999755859375,405.989990234375,392.04998779296875,401.1000061035156,37047400.0
MSFT,2026-07-17,394.8599853515625,398.3900146484375,389.3900146484375,393.82000732421875,33049800.0
MSFT,2026-07-20,391.4100036621094,403.17999267578125,389.6499938964844,402.2900085449219,27915800.0
MSFT,2026-07-21,398.80999755859375,401.4700012207031,396.32000732421875,397.75,24126600.0
MSFT,2026-07-22,399.5799865722656,401.0,386.9599914550781,390.3399963378906,28142500.0
MSFT,2026-07-23,389.9700012207031,391.7799987792969,377.3900146484375,381.5799865722656,30351800.0
MSFT,2026-07-24,387.04998779296875,389.0299987792969,380.6499938964844,381.70001220703125,27659400.0
MSFT,2026-07-27,390.0799865722656,394.20001220703125,387.989990234375,389.1000061035156,27856200.0
MSFT,2026-07-28,393.1600036621094,400.32000732421875,391.29998779296875,393.3500061035156,32367500.0
MSFT,2026-07-29,393.3999938964844,401.25,388.739990234375,390.5400085449219,47209000.0
MSFT,2026-07-30,437.8999938964844,458.69000244140625,432.44000244140625,451.1000061035156,110160700.0
MSFT,2026-07-31,450.0,466.8399963378906,449.3299865722656,464.7200012207031,60846000.0
MSFT,2026-08-03,476.1300048828125,491.6499938964844,475.0,487.6499938964844,66762100.0
MSFT,2026-08-04,480.8999938964844,499.44000244140625,479.1700134277344,492.80999755859375,50455500.0
MSFT,2026-08-05,496.3599853515625,498.239990234375,485.67999267578125,487.4599914550781,33388900.0
MSFT,2026-08-06,488.54998779296875,501.55999755859375,488.5199890136719,499.8599853515625,36441500.0
MSFT,2026-08-07,499.2099914550781,505.17999267578125,498.7300109863281,499.989990234375,28846200.0
MSFT,2026-08-10,503.44000244140625,513.72998046875,502.2699890136719,506.05999755859375,31206100.0
MSFT,2026-08-11,504.3299865722656,505.3299865722656,499.54998779296875,503.80999755859375,23049800.0
MSFT,2026-08-12,499.989990234375,501.5,491.5199890136719,492.42999267578125,29001500.0
MSFT,2026-08-13,493.2699890136719,501.3399963378906,493.010009765625,496.8800048828125,23039000.0
MSFT,2026-08-14,496.3599853515625,500.010009765625,493.9200134277344,495.3999938964844,16217600.0
MSFT,2026-08-17,490.1400146484375,492.6600036621094,478.4100036621094,480.3500061035156,29635800.0
MSFT,2026-08-18,481.5400085449219,484.2699890136719,477.1499938964844,481.6300048828125,24087600.0
MSFT,2026-08-19,480.07000732421875,489.29998779296875,479.3599853515625,484.30999755859375,19961900.0
MSFT,2026-08-20,483.29998779296875,484.1600036621094,479.5,481.1499938964844,20020800.0
MSFT,2026-08-21,479.8800048828125,486.3599853515625,478.5299987792969,483.239990234375,22510800.0
MSFT,2026-08-24,483.2099914550781,490.6099853515625,481.8599853515625,487.30999755859375,17230800.0
MSFT,2026-08-25,485.44000244140625,492.44000244140625,484.29998779296875,491.7099914550781,19519000.0
MSFT,2026-08-26,487.8500061035156,497.3999938964844,487.30999755859375,496.3699951171875,20758900.0
MSFT,2026-08-27,494.8800048828125,506.4800109863281,490.0799865722656,505.05999755859375,28688800.0
MSFT,2026-08-28,505.3299865722656,517.780029296875,504.8699951171875,513.530029296875,29207300.0
MSFT,2026-08-31,510.3800048828125,512.1900024414062,506.3900146484375,507.2900085449219,27208900.0
MSFT,2026-09-01,497.5199890136719,505.9700012207031,496.7799987792969,501.0199890136719,21046900.0
MSFT,2026-09-02,499.8500061035156,500.2699890136719,493.80999755859375,496.82000732421875,15336100.0
MSFT,2026-09-03,501.6600036621094,515.6500244140625,500.79998779296875,510.1199951171875,24125900.0
MSFT,2026-09-04,510.0,511.0,499.3599853515625,499.70001220703125,18101800.0
MSFT,2026-09-08,493.010009765625,495.19000244140625,490.1499938964844,493.95001220703125,18882300.0
MSFT,2026-09-09,493.07000732421875,494.3900146484375,489.79998779296875,491.6499938964844,12889600.0
MSFT,2026-09-10,488.32000732421875,494.5199890136719,486.0,492.44000244140625,16038800.0
MSFT,2026-09-11,495.6499938964844,498.9700012207031,492.5799865722656,495.6300048828125,14510500.0
MSFT,2026-09-14,497.05999755859375,509.95001220703125,495.3399963378906,505.4100036621094,23091900.0
MSFT,2026-09-15,500.05999755859375,505.8999938964844,495.5400085449219,497.1199951171875,17794600.0
MSFT,2026-09-16,493.0299987792969,495.9700012207031,487.2300109863281,490.29998779296875,16670300.0
MSFT,2026-09-17,497.79998779296875,501.4700012207031,493.1700134277344,497.75,17841600.0
NVDA,2024-09-19,117.3499984741211,119.66000366210938,117.25,117.87000274658203,293506400.0
NVDA,2024-09-20,117.05999755859375,118.62000274658203,115.38999938964844,116.0,382462400.0
NVDA,2024-09-23,116.55000305175781,116.98999786376953,114.86000061035156,116.26000213623047,206228500.0
NVDA,2024-09-24,116.5199966430664,121.80000305175781,115.37999725341797,120.87000274658203,354966800.0
NVDA,2024-09-25,122.0199966430664,124.94000244140625,121.61000061035156,123.51000213623047,284692900.0
NVDA,2024-09-26,126.80000305175781,127.66999816894531,121.80000305175781,124.04000091552734,302582900.0
NVDA,2024-09-27,123.97000122070312,124.02999877929688,119.26000213623047,121.4000015258789,271009200.0
NVDA,2024-09-30,118.30999755859375,121.5,118.1500015258789,121.44000244140625,226553700.0
NVDA,2024-10-01,121.7699966430664,122.44000244140625,115.79000091552734,117.0,302094500.0
NVDA,2024-10-02,116.44000244140625,119.37999725341797,115.13999938964844,118.8499984741211,221845900.0
NVDA,2024-10-03,120.91999816894531,124.36000061035156,120.33999633789062,122.8499984741211,277118000.0
NVDA,2024-10-04,124.94000244140625,125.04000091552734,121.83000183105469,124.91999816894531,243678100.0
NVDA,2024-10-07,124.98999786376953,130.63999938964844,124.94999694824219,127.72000122070312,346250200.0
NVDA,2024-10-08,130.25999450683594,133.47999572753906,129.4199981689453,132.88999938964844,285722500.0
NVDA,2024-10-09,134.11000061035156,134.52000427246094,131.3800048828125,132.64999389648438,246191600.0
NVDA,2024-10-10,131.91000366210938,135.0,131.0,134.80999755859375,242311300.0
NVDA,2024-10-11,134.00999450683594,135.77999877929688,133.66000366210938,134.8000030517578,170209500.0
NVDA,2024-10-14,136.47000122070312,139.60000610351562,136.3000030517578,138.07000732421875,232347700.0
NVDA,2024-10-15,137.8699951171875,138.57000732421875,128.74000549316406,131.60000610351562,377831000.0
NVDA,2024-10-16,133.97999572753906,136.6199951171875,131.5800018310547,135.72000122070312,264879700.0
NVDA,2024-10-17,139.33999633789062,140.88999938964844,136.8699951171875,136.92999267578125,306435900.0
NVDA,2024-10-18,138.6699981689453,138.89999389648438,137.27999877929688,138.0,176090200.0
NVDA,2024-10-21,138.1300048828125,143.7100067138672,138.0,143.7100067138672,264554500.0
NVDA,2024-10-22,142.91000366210938,144.4199981689453,141.77999877929688,143.58999633789062,226311600.0
NVDA,2024-10-23,142.02999877929688,142.42999267578125,137.4600067138672,139.55999755859375,285930000.0
NVDA,2024-10-24,140.82000732421875,141.35000610351562,138.4600067138672,140.41000366210938,172354900.0
NVDA,2024-10-25,140.92999267578125,144.1300048828125,140.8000030517578,141.5399932861328,205122100.0
NVDA,2024-10-28,143.0,143.13999938964844,140.0500030517578,140.52000427246094,173586700.0
NVDA,2024-10-29,140.2899932861328,142.25999450683594,138.89999389648438,141.25,157593600.0
NVDA,2024-10-30,139.5399932861328,140.3300018310547,136.80999755859375,139.33999633789062,179418100.0
NVDA,2024-10-31,137.60000610351562,137.61000061035156,132.11000061035156,132.75999450683594,270039600.0
NVDA,2024-11-01,134.6999969482422,137.30999755859375,134.57000732421875,135.39999389648438,207127800.0
NVDA,2024-11-04,137.2100067138672,138.9600067138672,135.57000732421875,136.0500030517578,187528200.0
NVDA,2024-11-05,137.4499969482422,140.3699951171875,137.3300018310547,139.91000366210938,160537400.0
NVDA,2024-11-06,142.9600067138672,146.49000549316406,141.9600067138672,145.61000061035156,242043900.0
NVDA,2024-11-07,146.38999938964844,148.92999267578125,146.1699981689453,148.8800048828125,207323300.0
NVDA,2024-11-08,148.77000427246094,149.77000427246094,146.25999450683594,147.6300048828125,175665800.0
NVDA,2024-11-11,148.67999267578125,148.85000610351562,143.57000732421875,145.25999450683594,182325600.0
NVDA,2024-11-12,146.77999877929688,149.64999389648438,146.00999450683594,148.2899932861328,198634700.0
NVDA,2024-11-13,149.07000732421875,149.3300018310547,145.89999389648438,146.27000427246094,191903300.0
NVDA,2024-11-14,147.63999938964844,149.0,145.5500030517578,146.75999450683594,194463300.0
NVDA,2024-11-15,144.8699951171875,145.24000549316406,140.0800018310547,141.97999572753906,250132900.0
NVDA,2024-11-18,139.5,141.5500030517578,137.14999389648438,140.14999389648438,221205300.0
NVDA,2024-11-19,141.32000732421875,147.1300048828125,140.99000549316406,147.00999450683594,227834900.0
NVDA,2024-11-20,147.41000366210938,147.55999755859375,142.72999572753906,145.88999938964844,309871700.0
NVDA,2024-11-21,149.35000610351562,152.88999938964844,140.6999969482422,146.6699981689453,400946600.0
NVDA,2024-11-22,145.92999267578125,147.16000366210938,141.10000610351562,141.9499969482422,236406200.0
NVDA,2024-11-25,141.99000549316406,142.0500030517578,135.82000732421875,136.02000427246094,344941900.0
NVDA,2024-11-26,137.6999969482422,139.3000030517578,135.6699981689453,136.9199981689453,190287700.0
NVDA,2024-11-27,135.00999450683594,137.22000122070312,131.8000030517578,135.33999633789062,226370900.0
NVDA,2024-11-29,136.77999877929688,139.35000610351562,136.0500030517578,138.25,141863200.0
NVDA,2024-12-02,138.8300018310547,140.4499969482422,137.82000732421875,138.6300048828125,171682800.0
NVDA,2024-12-03,138.25999450683594,140.5399932861328,137.9499969482422,140.25999450683594,164414000.0
NVDA,2024-12-04,142.0,145.7899932861328,140.2899932861328,145.13999938964844,231224300.0
NVDA,2024-12-05,145.11000061035156,146.5399932861328,143.9499969482422,145.05999755859375,172621200.0
NVDA,2024-12-06,144.60000610351562,145.6999969482422,141.30999755859375,142.44000244140625,188505600.0
NVDA,2024-12-09,138.97000122070312,139.9499969482422,137.1300048828125,138.80999755859375,189308600.0
NVDA,2024-12-10,139.00999450683594,141.82000732421875,133.7899932861328,135.07000732421875,210020900.0
NVDA,2024-12-11,137.36000061035156,140.1699981689453,135.2100067138672,139.30999755859375,184905200.0
NVDA,2024-12-12,137.0800018310547,138.44000244140625,135.8000030517578,137.33999633789062,159211400.0
NVDA,2024-12-13,138.94000244140625,139.60000610351562,132.5399932861328,134.25,231514900.0
NVDA,2024-12-16,134.17999267578125,134.39999389648438,130.4199981689453,132.0,237951100.0
NVDA,2024-12-17,129.08999633789062,131.58999633789062,126.86000061035156,130.38999938964844,259410300.0
NVDA,2024-12-18,133.86000061035156,136.6999969482422,128.27999877929688,128.91000366210938,277444500.0
NVDA,2024-12-19,131.75999450683594,134.02999877929688,129.5500030517578,130.67999267578125,209719200.0
NVDA,2024-12-20,129.80999755859375,135.27999877929688,128.22000122070312,134.6999969482422,306528600.0
NVDA,2024-12-23,136.27999877929688,139.7899932861328,135.1199951171875,139.6699981689453,176053500.0
NVDA,2024-12-24,140.0,141.89999389648438,138.64999389648438,140.22000122070312,105157000.0
NVDA,2024-12-26,139.6999969482422,140.85000610351562,137.72999572753906,139.92999267578125,116205600.0
NVDA,2024-12-27,138.5500030517578,139.02000427246094,134.7100067138672,137.00999450683594,170582600.0
NVDA,2024-12-30,134.8300018310547,140.27000427246094,134.02000427246094,137.49000549316406,167734700.0
NVDA,2024-12-31,138.02999877929688,138.07000732421875,133.8300018310547,134.2899932861328,155659200.0
NVDA,2025-01-02,136.0,138.8800048828125,134.6300048828125,138.30999755859375,198247200.0
NVDA,2025-01-03,140.00999450683594,144.89999389648438,139.72999572753906,144.47000122070312,229322500.0
NVDA,2025-01-06,148.58999633789062,152.16000366210938,147.82000732421875,149.42999267578125,265377400.0
NVDA,2025-01-07,153.02999877929688,153.1300048828125,140.00999450683594,140.13999938964844,351782200.0
NVDA,2025-01-08,142.5800018310547,143.9499969482422,137.55999755859375,140.11000061035156,227349900.0
NVDA,2025-01-10,137.4499969482422,139.9199981689453,134.22000122070312,135.91000366210938,207602500.0
NVDA,2025-01-13,129.99000549316406,133.49000549316406,129.50999450683594,133.22999572753906,204808900.0
NVDA,2025-01-14,136.0500030517578,136.3800048828125,130.0500030517578,131.75999450683594,195590500.0
NVDA,2025-01-15,133.64999389648438,136.4499969482422,131.2899932861328,136.24000549316406,185217300.0
NVDA,2025-01-16,138.63999938964844,138.75,133.49000549316406,133.57000732421875,209235600.0
NVDA,2025-01-17,136.69000244140625,138.5,135.4600067138672,137.7100067138672,201188800.0
NVDA,2025-01-21,139.16000366210938,141.8300018310547,137.08999633789062,140.8300018310547,197749000.0
NVDA,2025-01-22,144.66000366210938,147.7899932861328,143.6699981689453,147.07000732421875,237651400.0
NVDA,2025-01-23,145.0500030517578,147.22999572753906,143.72000122070312,147.22000122070312,155915500.0
NVDA,2025-01-24,148.3699951171875,148.97000122070312,141.8800048828125,142.6199951171875,234657600.0
NVDA,2025-01-27,124.80000305175781,128.39999389648438,116.69999694824219,118.41999816894531,818830900.0
NVDA,2025-01-28,121.80999755859375,129.0,116.25,128.99000549316406,579666400.0
NVDA,2025-01-29,126.5,126.88999938964844,120.05000305175781,123.69999694824219,467120600.0
NVDA,2025-01-30,123.0999984741211,125.0,118.0999984741211,124.6500015258789,392925500.0
NVDA,2025-01-31,123.77999877929688,127.8499984741211,119.19000244140625,120.06999969482422,388161100.0
NVDA,2025-02-03,114.75,118.56999969482422,113.01000213623047,116.66000366210938,371235700.0
NVDA,2025-02-04,116.95999908447266,121.19999694824219,116.69999694824219,118.6500015258789,256550000.0
NVDA,2025-02-05,121.76000213623047,125.0,120.76000213623047,124.83000183105469,262230800.0
NVDA,2025-02-06,127.41999816894531,128.77000427246094,125.20999908447266,128.67999267578125,251483600.0
NVDA,2025-02-07,129.22000122070312,130.3699951171875,125.0,129.83999633789062,228186300.0
NVDA,2025-02-10,130.08999633789062,135.0,129.9600067138672,133.57000732421875,216989100.0
NVDA,2025-02-11,132.5800018310547,134.47999572753906,131.02000427246094,132.8000030517578,178902400.0
NVDA,2025-02-12,130.02000427246094,132.24000549316406,129.0800018310547,131.13999938964844,160278600.0
NVDA,2025-02-13,131.55999755859375,136.5,131.1699981689453,135.2899932861328,197430000.0
NVDA,2025-02-14,136.47999572753906,139.25,135.5,138.85000610351562,195479600.0
NVDA,2025-02-18,141.27000427246094,143.44000244140625,137.92999267578125,139.39999389648438,219176600.0
NVDA,2025-02-19,139.50999450683594,141.36000061035156,137.22000122070312,139.22999572753906,167536000.0
NVDA,2025-02-20,140.02999877929688,140.66000366210938,136.7899932861328,140.11000061035156,143903600.0
NVDA,2025-02-21,140.0399932861328,141.4600067138672,134.02999877929688,134.42999267578125,228217600.0
NVDA,2025-02-24,136.55999755859375,138.58999633789062,130.0800018310547,130.27999877929688,251381100.0
NVDA,2025-02-25,129.97999572753906,130.1999969482422,124.44000244140625,126.62999725341797,271428700.0
NVDA,2025-02-26,129.99000549316406,133.72999572753906,128.49000549316406,131.27999877929688,322553800.0
NVDA,2025-02-27,135.0,135.00999450683594,120.01000213623047,120.1500015258789,443175800.0
NVDA,2025-02-28,118.0199966430664,125.08999633789062,116.4000015258789,124.91999816894531,389091100.0
NVDA,2025-03-03,123.51000213623047,123.69999694824219,112.27999877929688,114.05999755859375,411381400.0
NVDA,2025-03-04,110.6500015258789,119.30999755859375,110.11000061035156,115.98999786376953,398163300.0
NVDA,2025-03-05,117.58000183105469,118.27999877929688,114.51000213623047,117.30000305175781,284337900.0
NVDA,2025-03-06,113.52999877929688,115.3499984741211,110.22000122070312,110.56999969482422,321181900.0
NVDA,2025-03-07,111.25,113.4800033569336,107.55999755859375,112.69000244140625,341755500.0
NVDA,2025-03-10,109.9000015258789,111.8499984741211,105.45999908447266,106.9800033569336,366487400.0
NVDA,2025-03-11,106.98999786376953,112.23999786376953,104.7699966430664,108.76000213623047,354865700.0
NVDA,2025-03-12,114.12000274658203,116.76000213623047,112.87999725341797,115.73999786376953,323857500.0
NVDA,2025-03-13,117.02999877929688,117.76000213623047,113.79000091552734,115.58000183105469,299033100.0
NVDA,2025-03-14,118.61000061035156,121.87999725341797,118.1500015258789,121.66999816894531,277593500.0
NVDA,2025-03-17,122.73999786376953,122.88999938964844,118.02999877929688,119.52999877929688,255501500.0
NVDA,2025-03-18,118.0,119.0199966430664,114.54000091552734,115.43000030517578,299686900.0
NVDA,2025-03-19,117.2699966430664,120.44999694824219,115.68000030517578,117.5199966430664,273426200.0
NVDA,2025-03-20,116.55000305175781,120.19999694824219,116.47000122070312,118.52999877929688,248829700.0
NVDA,2025-03-21,116.94000244140625,117.98999786376953,115.41999816894531,117.69999694824219,266498500.0
NVDA,2025-03-24,119.87999725341797,122.22000122070312,119.33999633789062,121.41000366210938,228452500.0
NVDA,2025-03-25,120.55000305175781,121.29000091552734,118.91999816894531,120.69000244140625,167447200.0
NVDA,2025-03-26,118.7300033569336,118.83999633789062,112.70999908447266,113.76000213623047,293463300.0
NVDA,2025-03-27,111.3499984741211,114.44999694824219,110.66000366210938,111.43000030517578,236902100.0
NVDA,2025-03-28,111.48999786376953,112.87000274658203,109.06999969482422,109.66999816894531,229872500.0
NVDA,2025-03-31,105.12999725341797,110.95999908447266,103.6500015258789,108.37999725341797,299212700.0
NVDA,2025-04-01,108.5199966430664,110.19999694824219,106.47000122070312,110.1500015258789,222614000.0
NVDA,2025-04-02,107.29000091552734,111.9800033569336,106.79000091552734,110.41999816894531,220601200.0
NVDA,2025-04-03,103.51000213623047,105.62999725341797,101.5999984741211,101.80000305175781,338769400.0
NVDA,2025-04-04,98.91000366210938,100.12999725341797,92.11000061035156,94.30999755859375,532273800.0
NVDA,2025-04-07,87.45999908447266,101.75,86.62000274658203,97.63999938964844,611041300.0
NVDA,2025-04-08,103.80999755859375,105.8499984741211,94.45999908447266,96.30000305175781,476243400.0
NVDA,2025-04-09,98.88999938964844,115.0999984741211,97.52999877929688,114.33000183105469,612918300.0
NVDA,2025-04-10,109.37000274658203,110.86000061035156,99.1500015258789,107.56999969482422,437812400.0
NVDA,2025-04-11,108.5,111.55000305175781,107.4800033569336,110.93000030517578,313417300.0
NVDA,2025-04-14,114.11000061035156,114.29000091552734,109.06999969482422,110.70999908447266,264705000.0
NVDA,2025-04-15,110.97000122070312,113.62000274658203,110.5,112.19999694824219,228966900.0
NVDA,2025-04-16,104.55000305175781,106.79000091552734,100.44999694824219,104.48999786376953,397016900.0
NVDA,2025-04-17,104.44999694824219,104.47000122070312,100.05000305175781,101.48999786376953,292517500.0
NVDA,2025-04-21,98.7699966430664,99.44000244140625,95.04000091552734,96.91000366210938,288501100.0
NVDA,2025-04-22,98.77999877929688,99.80999755859375,97.27999877929688,98.88999938964844,241004800.0
NVDA,2025-04-23,104.5199966430664,104.80000305175781,102.0199966430664,102.70999908447266,247526000.0
NVDA,2025-04-24,103.4800033569336,106.54000091552734,103.11000061035156,106.43000030517578,220815000.0
NVDA,2025-04-25,106.8499984741211,111.91999816894531,105.7300033569336,111.01000213623047,251064700.0
NVDA,2025-04-28,109.69000244140625,110.37000274658203,106.0199966430664,108.7300033569336,207708500.0
NVDA,2025-04-29,107.66999816894531,110.19999694824219,107.44000244140625,109.0199966430664,170444300.0
NVDA,2025-04-30,104.47000122070312,108.91999816894531,104.08000183105469,108.91999816894531,235044600.0
NVDA,2025-05-01,113.08000183105469,114.94000244140625,111.30000305175781,111.61000061035156,236121500.0
NVDA,2025-05-02,114.18000030517578,115.4000015258789,113.37000274658203,114.5,190194800.0
NVDA,2025-05-05,112.91000366210938,114.66999816894531,112.66000366210938,113.81999969482422,133163200.0
NVDA,2025-05-06,111.4800033569336,114.73999786376953,110.81999969482422,113.54000091552734,158525600.0
NVDA,2025-05-07,113.05000305175781,117.68000030517578,112.27999877929688,117.05999755859375,206758800.0
NVDA,2025-05-08,118.25,118.68000030517578,115.8499984741211,117.37000274658203,198428100.0
NVDA,2025-05-09,117.3499984741211,118.2300033569336,115.20999908447266,116.6500015258789,132972200.0
NVDA,2025-05-12,121.97000122070312,123.0,120.27999877929688,123.0,225023300.0
NVDA,2025-05-13,124.9800033569336,131.22000122070312,124.47000122070312,129.92999267578125,330430100.0
NVDA,2025-05-14,133.1999969482422,135.44000244140625,131.67999267578125,135.33999633789062,281180800.0
NVDA,2025-05-15,134.2899932861328,136.3000030517578,132.66000366210938,134.8300018310547,226632600.0
NVDA,2025-05-16,136.22000122070312,136.35000610351562,133.4600067138672,135.39999389648438,226542500.0
NVDA,2025-05-19,132.38999938964844,135.8699951171875,132.38999938964844,135.57000732421875,193154600.0
NVDA,2025-05-20,134.2899932861328,134.5800018310547,132.6199951171875,134.3800048828125,161514200.0
NVDA,2025-05-21,133.05999755859375,137.39999389648438,130.58999633789062,131.8000030517578,270608700.0
NVDA,2025-05-22,132.22999572753906,134.25,131.5500030517578,132.8300018310547,187344000.0
NVDA,2025-05-23,130.0,132.67999267578125,129.16000366210938,131.2899932861328,198821300.0
NVDA,2025-05-27,134.14999389648438,135.66000366210938,133.30999755859375,135.5,192953600.0
NVDA,2025-05-28,136.02999877929688,137.25,134.7899932861328,134.80999755859375,304021100.0
NVDA,2025-05-29,142.25,143.49000549316406,137.91000366210938,139.19000244140625,369241900.0
NVDA,2025-05-30,138.72000122070312,139.6199951171875,132.9199981689453,135.1300048828125,333170900.0
NVDA,2025-06-02,135.49000549316406,138.1199951171875,135.39999389648438,137.3800048828125,197663100.0
NVDA,2025-06-03,138.77999877929688,142.0,137.9499969482422,141.22000122070312,225578800.0
NVDA,2025-06-04,142.19000244140625,142.38999938964844,139.5399932861328,141.9199981689453,167120800.0
NVDA,2025-06-05,142.1699981689453,144.0,138.8300018310547,139.99000549316406,231397900.0
NVDA,2025-06-06,142.50999450683594,143.27000427246094,141.50999450683594,141.72000122070312,153986200.0
NVDA,2025-06-09,143.19000244140625,145.0,141.94000244140625,142.6300048828125,185114500.0
NVDA,2025-06-10,142.69000244140625,144.2899932861328,141.52999877929688,143.9600067138672,155881900.0
NVDA,2025-06-11,144.61000061035156,144.99000549316406,141.8699951171875,142.8300018310547,167694000.0
NVDA,2025-06-12,141.97000122070312,145.0,141.85000610351562,145.0,162365000.0
NVDA,2025-06-13,142.47999572753906,143.5800018310547,140.85000610351562,141.97000122070312,180820600.0
NVDA,2025-06-16,143.35000610351562,146.17999267578125,143.1999969482422,144.69000244140625,183133700.0
NVDA,2025-06-17,144.49000549316406,145.22000122070312,143.77999877929688,144.1199951171875,139108000.0
NVDA,2025-06-18,144.00999450683594,145.64999389648438,143.1199951171875,145.47999572753906,161494100.0
NVDA,2025-06-20,145.4499969482422,146.1999969482422,142.64999389648438,143.85000610351562,242956200.0
NVDA,2025-06-23,142.5,144.77999877929688,142.02999877929688,144.1699981689453,154308900.0
NVDA,2025-06-24,145.55999755859375,147.9600067138672,145.5,147.89999389648438,187566100.0
NVDA,2025-06-25,149.27000427246094,154.4499969482422,149.25999450683594,154.30999755859375,269146500.0
NVDA,2025-06-26,155.97999572753906,156.72000122070312,154.0,155.02000427246094,198145700.0
NVDA,2025-06-27,156.0399932861328,158.7100067138672,155.25999450683594,157.75,263234500.0
NVDA,2025-06-30,158.39999389648438,158.66000366210938,155.9600067138672,157.99000549316406,194580300.0
NVDA,2025-07-01,156.2899932861328,157.1999969482422,151.49000549316406,153.3000030517578,213143600.0
NVDA,2025-07-02,152.97999572753906,157.60000610351562,152.97000122070312,157.25,171224100.0
NVDA,2025-07-03,158.3699951171875,160.97999572753906,157.77000427246094,159.33999633789062,143716100.0
NVDA,2025-07-07,158.1999969482422,159.30999755859375,157.33999633789062,158.24000549316406,140139000.0
NVDA,2025-07-08,159.3300018310547,160.22000122070312,158.38999938964844,160.0,138133000.0
NVDA,2025-07-09,161.22000122070312,164.4199981689453,161.16000366210938,162.8800048828125,183656400.0
NVDA,2025-07-10,164.32000732421875,164.5,161.61000061035156,164.10000610351562,167704100.0
NVDA,2025-07-11,163.72000122070312,167.88999938964844,163.47000122070312,164.9199981689453,193633300.0
NVDA,2025-07-14,165.3699951171875,165.49000549316406,162.02000427246094,164.07000732421875,136975800.0
NVDA,2025-07-15,171.19000244140625,172.39999389648438,169.1999969482422,170.6999969482422,230627400.0
NVDA,2025-07-16,171.05999755859375,171.75,168.89999389648438,171.3699951171875,158831500.0
NVDA,2025-07-17,172.02000427246094,174.16000366210938,170.8300018310547,173.0,160841100.0
NVDA,2025-07-18,173.63999938964844,174.25,171.25999450683594,172.41000366210938,146456400.0
NVDA,2025-07-21,172.75,173.3800048828125,171.0,171.3800048828125,123126100.0
NVDA,2025-07-22,171.33999633789062,171.38999938964844,164.5800018310547,167.02999877929688,193114300.0
NVDA,2025-07-23,169.52999877929688,171.25999450683594,167.97000122070312,170.77999877929688,154082200.0
NVDA,2025-07-24,172.44000244140625,173.8300018310547,171.3000030517578,173.74000549316406,128984600.0
NVDA,2025-07-25,173.61000061035156,174.72000122070312,172.9600067138672,173.5,122316800.0
NVDA,2025-07-28,174.02000427246094,177.0,173.97000122070312,176.75,140023500.0
NVDA,2025-07-29,177.9600067138672,179.3800048828125,175.02000427246094,175.50999450683594,154077500.0
NVDA,2025-07-30,176.50999450683594,179.88999938964844,176.0399932861328,179.27000427246094,174312200.0
NVDA,2025-07-31,182.89999389648438,183.3000030517578,175.92999267578125,177.8699951171875,221685400.0
NVDA,2025-08-01,174.08999633789062,176.5399932861328,170.88999938964844,173.72000122070312,204529000.0
NVDA,2025-08-04,175.16000366210938,180.1999969482422,174.52000427246094,180.0,148174600.0
NVDA,2025-08-05,179.6199951171875,180.25999450683594,175.89999389648438,178.25999450683594,156407600.0
NVDA,2025-08-06,176.3300018310547,179.89999389648438,176.25,179.4199981689453,137192300.0
NVDA,2025-08-07,181.57000732421875,183.8800048828125,178.8000030517578,180.77000427246094,151878400.0
NVDA,2025-08-08,181.5500030517578,183.3000030517578,180.39999389648438,182.6999969482422,123396700.0
NVDA,2025-08-11,182.0500030517578,183.83999633789062,180.25,182.05999755859375,138323200.0
NVDA,2025-08-12,182.9600067138672,184.47999572753906,179.4600067138672,183.16000366210938,145485700.0
NVDA,2025-08-13,182.6199951171875,183.97000122070312,179.35000610351562,181.58999633789062,179871700.0
NVDA,2025-08-14,179.75,183.02000427246094,179.4600067138672,182.02000427246094,129554000.0
NVDA,2025-08-15,181.8800048828125,181.89999389648438,178.0399932861328,180.4499969482422,156602200.0
NVDA,2025-08-18,180.60000610351562,182.94000244140625,180.58999633789062,182.00999450683594,132008000.0
NVDA,2025-08-19,182.42999267578125,182.5,175.49000549316406,175.63999938964844,185229200.0
NVDA,2025-08-20,175.1699981689453,176.0,168.8000030517578,175.39999389648438,215142700.0
NVDA,2025-08-21,174.85000610351562,176.89999389648438,173.80999755859375,174.97999572753906,140040900.0
NVDA,2025-08-22,172.61000061035156,178.58999633789062,171.1999969482422,177.99000549316406,172789400.0
NVDA,2025-08-25,178.35000610351562,181.91000366210938,176.57000732421875,179.80999755859375,163012800.0
NVDA,2025-08-26,180.05999755859375,182.38999938964844,178.80999755859375,181.77000427246094,168688200.0
NVDA,2025-08-27,181.97999572753906,182.49000549316406,179.10000610351562,181.60000610351562,235518900.0
NVDA,2025-08-28,180.82000732421875,184.47000122070312,176.41000366210938,180.1699981689453,281787800.0
NVDA,2025-08-29,178.11000061035156,178.14999389648438,173.14999389648438,174.17999267578125,243257900.0
NVDA,2025-09-02,170.0,172.3800048828125,167.22000122070312,170.77999877929688,231164900.0
NVDA,2025-09-03,171.05999755859375,172.41000366210938,168.8800048828125,170.6199951171875,164424900.0
NVDA,2025-09-04,170.57000732421875,171.86000061035156,169.41000366210938,171.66000366210938,141670100.0
NVDA,2025-09-05,168.02999877929688,169.02999877929688,164.07000732421875,167.02000427246094,224441400.0
NVDA,2025-09-08,167.5500030517578,170.9600067138672,167.35000610351562,168.30999755859375,163769100.0
NVDA,2025-09-09,169.08999633789062,170.97999572753906,166.74000549316406,170.75999450683594,157548400.0
NVDA,2025-09-10,176.63999938964844,179.2899932861328,175.47000122070312,177.3300018310547,226852000.0
NVDA,2025-09-11,179.67999267578125,180.27999877929688,176.47999572753906,177.1699981689453,151159300.0
NVDA,2025-09-12,177.77000427246094,178.60000610351562,176.4499969482422,177.82000732421875,124911000.0
NVDA,2025-09-15,175.6699981689453,178.85000610351562,174.50999450683594,177.75,147061600.0
NVDA,2025-09-16,177.0,177.5,174.3800048828125,174.8800048828125,140737800.0
NVDA,2025-09-17,172.63999938964844,173.1999969482422,168.41000366210938,170.2899932861328,211843800.0
NVDA,2025-09-18,173.97999572753906,177.10000610351562,172.9600067138672,176.24000549316406,191763300.0
NVDA,2025-09-19,175.77000427246094,178.0800018310547,175.17999267578125,176.6699981689453,237182100.0
NVDA,2025-09-22,175.3000030517578,184.5500030517578,174.7100067138672,183.61000061035156,269637000.0
NVDA,2025-09-23,181.97000122070312,182.4199981689453,176.2100067138672,178.42999267578125,192559600.0
NVDA,2025-09-24,179.77000427246094,179.77999877929688,175.39999389648438,176.97000122070312,143564100.0
NVDA,2025-09-25,174.47999572753906,180.25999450683594,173.1300048828125,177.69000244140625,191586700.0
NVDA,2025-09-26,178.1699981689453,179.77000427246094,174.92999267578125,178.19000244140625,148573700.0
NVDA,2025-09-29,180.42999267578125,184.0,180.32000732421875,181.85000610351562,193063500.0
NVDA,2025-09-30,182.0800018310547,187.35000610351562,181.47999572753906,186.5800018310547,236981000.0
NVDA,2025-10-01,185.24000549316406,188.13999938964844,183.89999389648438,187.24000549316406,173844900.0
NVDA,2025-10-02,189.60000610351562,191.0500030517578,188.05999755859375,188.88999938964844,136805800.0
NVDA,2025-10-03,189.19000244140625,190.36000061035156,185.3800048828125,187.6199951171875,137596900.0
NVDA,2025-10-06,185.5,187.22999572753906,183.3300018310547,185.5399932861328,157678100.0
NVDA,2025-10-07,186.22999572753906,189.05999755859375,184.0,185.0399932861328,140088000.0
NVDA,2025-10-08,186.57000732421875,189.60000610351562,186.5399932861328,189.11000061035156,130168900.0
NVDA,2025-10-09,192.22999572753906,195.3000030517578,191.05999755859375,192.57000732421875,182997200.0
NVDA,2025-10-10,193.50999450683594,195.6199951171875,182.0500030517578,183.16000366210938,268774400.0
NVDA,2025-10-13,187.97000122070312,190.11000061035156,185.9600067138672,188.32000732421875,153482800.0
NVDA,2025-10-14,184.77000427246094,184.8000030517578,179.6999969482422,180.02999877929688,205641400.0
NVDA,2025-10-15,184.8000030517578,184.8699951171875,177.2899932861328,179.8300018310547,214450500.0
NVDA,2025-10-16,182.22999572753906,183.27999877929688,179.77000427246094,181.80999755859375,179723300.0
NVDA,2025-10-17,180.17999267578125,184.10000610351562,179.75,183.22000122070312,173135200.0
NVDA,2025-10-20,183.1300048828125,185.1999969482422,181.72999572753906,182.63999938964844,128544700.0
NVDA,2025-10-21,182.7899932861328,182.7899932861328,179.8000030517578,181.16000366210938,124240200.0
NVDA,2025-10-22,181.13999938964844,183.44000244140625,176.75999450683594,180.27999877929688,162249600.0
NVDA,2025-10-23,180.4199981689453,183.02999877929688,179.7899932861328,182.16000366210938,111363700.0
NVDA,2025-10-24,183.83999633789062,187.47000122070312,183.5,186.25999450683594,131296700.0
NVDA,2025-10-27,189.99000549316406,192.0,188.42999267578125,191.49000549316406,153452700.0
NVDA,2025-10-28,193.0500030517578,203.14999389648438,191.91000366210938,201.02999877929688,297986200.0
NVDA,2025-10-29,207.97999572753906,212.19000244140625,204.77999877929688,207.0399932861328,308829600.0
NVDA,2025-10-30,205.14999389648438,206.16000366210938,201.41000366210938,202.88999938964844,178864400.0
NVDA,2025-10-31,206.4499969482422,207.97000122070312,202.07000732421875,202.49000549316406,179802200.0
NVDA,2025-11-03,208.0800018310547,211.33999633789062,205.55999755859375,206.8800048828125,180267300.0
NVDA,2025-11-04,203.0,203.97000122070312,197.92999267578125,198.69000244140625,188919300.0
NVDA,2025-11-05,198.77000427246094,202.9199981689453,194.64999389648438,195.2100067138672,171350300.0
NVDA,2025-11-06,196.4199981689453,197.6199951171875,186.3800048828125,188.0800018310547,223029800.0
NVDA,2025-11-07,184.89999389648438,188.32000732421875,178.91000366210938,188.14999389648438,264942300.0
NVDA,2025-11-10,195.11000061035156,199.94000244140625,193.7899932861328,199.0500030517578,198897100.0
NVDA,2025-11-11,195.16000366210938,195.4199981689453,191.3000030517578,193.16000366210938,176483300.0
NVDA,2025-11-12,195.72000122070312,195.88999938964844,191.1300048828125,193.8000030517578,154935300.0
NVDA,2025-11-13,191.0500030517578,191.44000244140625,183.85000610351562,186.86000061035156,207423100.0
NVDA,2025-11-14,182.86000061035156,191.00999450683594,180.5800018310547,190.1699981689453,186591900.0
NVDA,2025-11-17,185.97000122070312,189.0,184.32000732421875,186.60000610351562,173628900.0
NVDA,2025-11-18,183.3800048828125,184.8000030517578,179.64999389648438,181.36000061035156,213598900.0
NVDA,2025-11-19,184.7899932861328,187.86000061035156,182.8300018310547,186.52000427246094,247246400.0
NVDA,2025-11-20,195.9499969482422,196.0,179.85000610351562,180.63999938964844,343504800.0
NVDA,2025-11-21,181.24000549316406,184.55999755859375,172.92999267578125,178.8800048828125,346926200.0
NVDA,2025-11-24,179.49000549316406,183.5,176.47999572753906,182.5500030517578,256618300.0
NVDA,2025-11-25,174.91000366210938,178.16000366210938,169.5500030517578,177.82000732421875,320600300.0
NVDA,2025-11-26,181.6300048828125,182.91000366210938,178.24000549316406,180.25999450683594,183852000.0
NVDA,2025-11-28,179.00999450683594,179.2899932861328,176.5,177.0,121332800.0
NVDA,2025-12-01,174.75999450683594,180.3000030517578,173.67999267578125,179.9199981689453,188131000.0
NVDA,2025-12-02,181.75999450683594,185.66000366210938,180.0,181.4600067138672,182632200.0
NVDA,2025-12-03,181.0800018310547,182.4499969482422,179.11000061035156,179.58999633789062,165138000.0
NVDA,2025-12-04,181.6199951171875,184.52000427246094,179.9600067138672,183.3800048828125,167364900.0
NVDA,2025-12-05,183.88999938964844,184.66000366210938,180.91000366210938,182.41000366210938,143971100.0
NVDA,2025-12-08,182.63999938964844,188.0,182.39999389648438,185.5500030517578,204378100.0
NVDA,2025-12-09,185.55999755859375,185.72000122070312,183.32000732421875,184.97000122070312,144719700.0
NVDA,2025-12-10,184.97000122070312,185.47999572753906,182.0399932861328,183.77999877929688,162785400.0
NVDA,2025-12-11,180.27999877929688,181.32000732421875,176.6199951171875,180.92999267578125,182136600.0
NVDA,2025-12-12,181.11000061035156,182.82000732421875,174.6199951171875,175.02000427246094,204274900.0
NVDA,2025-12-15,177.94000244140625,178.4199981689453,175.02999877929688,176.2899932861328,164775600.0
NVDA,2025-12-16,176.25999450683594,178.49000549316406,174.89999389648438,177.72000122070312,148588100.0
NVDA,2025-12-17,176.10000610351562,176.1300048828125,170.30999755859375,170.94000244140625,222775500.0
NVDA,2025-12-18,174.52999877929688,176.14999389648438,171.82000732421875,174.13999938964844,176096000.0
NVDA,2025-12-19,176.6699981689453,181.4499969482422,176.33999633789062,180.99000549316406,324925900.0
NVDA,2025-12-22,183.9199981689453,184.16000366210938,182.35000610351562,183.69000244140625,129064400.0
NVDA,2025-12-23,182.97000122070312,189.3300018310547,182.89999389648438,189.2100067138672,174873600.0
NVDA,2025-12-24,187.94000244140625,188.91000366210938,186.58999633789062,188.61000061035156,65528500.0
NVDA,2025-12-26,189.9199981689453,192.69000244140625,188.0,190.52999877929688,139740300.0
NVDA,2025-12-29,187.7100067138672,188.75999450683594,185.91000366210938,188.22000122070312,120006100.0
NVDA,2025-12-30,188.24000549316406,188.99000549316406,186.92999267578125,187.5399932861328,97687300.0
NVDA,2025-12-31,189.57000732421875,190.55999755859375,186.49000549316406,186.5,120100500.0
NVDA,2026-01-02,189.83999633789062,192.92999267578125,188.25999450683594,188.85000610351562,148240500.0
NVDA,2026-01-05,191.75999450683594,193.6300048828125,186.14999389648438,188.1199951171875,183529700.0
NVDA,2026-01-06,190.52000427246094,192.1699981689453,186.82000732421875,187.24000549316406,176862600.0
NVDA,2026-01-07,188.57000732421875,191.3699951171875,186.55999755859375,189.11000061035156,153543200.0
NVDA,2026-01-08,189.11000061035156,189.5500030517578,183.7100067138672,185.0399932861328,172457000.0
NVDA,2026-01-09,185.0800018310547,186.33999633789062,183.6699981689453,184.86000061035156,131327500.0
NVDA,2026-01-12,183.22000122070312,187.1199951171875,183.02000427246094,184.94000244140625,137968500.0
NVDA,2026-01-13,185.0,188.11000061035156,183.39999389648438,185.80999755859375,160128900.0
NVDA,2026-01-14,184.32000732421875,184.4600067138672,180.8000030517578,183.13999938964844,159586100.0
NVDA,2026-01-15,186.5,189.6999969482422,186.3300018310547,187.0500030517578,206188600.0
NVDA,2026-01-16,189.0800018310547,190.44000244140625,186.0800018310547,186.22999572753906,187967200.0
NVDA,2026-01-20,181.89999389648438,182.3800048828125,177.61000061035156,178.07000732421875,223345300.0
NVDA,2026-01-21,179.0500030517578,185.3800048828125,178.39999389648438,183.32000732421875,200381000.0
NVDA,2026-01-22,184.75,186.1699981689453,183.92999267578125,184.83999633789062,139636600.0
NVDA,2026-01-23,187.5,189.60000610351562,186.82000732421875,187.6699981689453,142748100.0
NVDA,2026-01-26,187.16000366210938,189.1199951171875,185.99000549316406,186.47000122070312,124799600.0
NVDA,2026-01-27,187.24000549316406,190.0,185.6999969482422,188.52000427246094,143711600.0
NVDA,2026-01-28,191.27000427246094,192.35000610351562,189.83999633789062,191.52000427246094,148552700.0
NVDA,2026-01-29,191.33999633789062,193.47999572753906,186.05999755859375,192.50999450683594,171764400.0
NVDA,2026-01-30,191.2100067138672,194.49000549316406,189.47000122070312,191.1300048828125,179489500.0
NVDA,2026-02-02,187.1999969482422,190.3000030517578,184.8800048828125,185.61000061035156,165794100.0
NVDA,2026-02-03,186.24000549316406,186.27000427246094,176.22999572753906,180.33999633789062,204019600.0
NVDA,2026-02-04,179.4600067138672,179.5800018310547,171.91000366210938,174.19000244140625,207014100.0
NVDA,2026-02-05,174.92999267578125,176.82000732421875,171.02999877929688,171.8800048828125,206312900.0
NVDA,2026-02-06,176.69000244140625,187.0,174.60000610351562,185.41000366210938,231346200.0
NVDA,2026-02-09,184.25999450683594,193.66000366210938,183.9499969482422,190.0399932861328,196387400.0
NVDA,2026-02-10,191.3800048828125,192.47999572753906,188.1199951171875,188.5399932861328,136764800.0
NVDA,2026-02-11,192.4499969482422,193.25999450683594,188.77000427246094,190.0500030517578,144192700.0
NVDA,2026-02-12,193.02999877929688,193.61000061035156,186.50999450683594,186.94000244140625,189932500.0
NVDA,2026-02-13,187.47999572753906,187.5,181.58999633789062,182.80999755859375,161888000.0
NVDA,2026-02-17,181.75,187.14999389648438,179.17999267578125,184.97000122070312,162276900.0
NVDA,2026-02-18,188.75,190.3699951171875,186.75999450683594,187.97999572753906,164749100.0
NVDA,2026-02-19,187.05999755859375,188.42999267578125,185.66000366210938,187.89999389648438,126554500.0
NVDA,2026-02-20,186.57000732421875,190.3300018310547,185.94000244140625,189.82000732421875,178422300.0
NVDA,2026-02-23,191.39999389648438,193.9499969482422,189.5800018310547,191.5500030517578,171584800.0
NVDA,2026-02-24,191.49000549316406,193.77000427246094,187.39999389648438,192.85000610351562,175123600.0
NVDA,2026-02-25,194.4499969482422,197.6300048828125,193.7899932861328,195.55999755859375,250637100.0
NVDA,2026-02-26,194.27000427246094,194.2899932861328,184.32000732421875,184.88999938964844,360807900.0
NVDA,2026-02-27,181.25,182.58999633789062,176.3800048828125,177.19000244140625,311636500.0
NVDA,2026-03-02,175.00999450683594,183.4600067138672,174.63999938964844,182.47999572753906,209095300.0
NVDA,2026-03-03,178.49000549316406,180.89999389648438,176.9199981689453,180.0500030517578,178099400.0
NVDA,2026-03-04,180.44000244140625,184.6999969482422,180.05999755859375,183.0399932861328,177731200.0
NVDA,2026-03-05,181.1699981689453,184.05999755859375,177.8800048828125,183.33999633789062,198779700.0
NVDA,2026-03-06,179.83999633789062,182.75999450683594,176.82000732421875,177.82000732421875,189021900.0
NVDA,2026-03-09,176.8300018310547,182.91000366210938,175.55999755859375,182.64999389648438,177213600.0
NVDA,2026-03-10,182.39999389648438,186.44000244140625,182.00999450683594,184.77000427246094,179118500.0
NVDA,2026-03-11,185.91000366210938,187.6199951171875,184.4499969482422,186.02999877929688,145280400.0
NVDA,2026-03-12,184.0500030517578,184.94000244140625,181.75,183.13999938964844,155762700.0
NVDA,2026-03-13,184.9199981689453,186.08999633789062,179.94000244140625,180.25,160988400.0
NVDA,2026-03-16,182.97000122070312,188.8800048828125,181.41000366210938,183.22000122070312,217307400.0
NVDA,2026-03-17,185.05999755859375,185.39999389648438,181.67999267578125,181.92999267578125,182497800.0
NVDA,2026-03-18,182.47999572753906,183.3800048828125,180.3300018310547,180.39999389648438,156683100.0
NVDA,2026-03-19,178.00999450683594,179.97999572753906,175.7899932861328,178.55999755859375,170968500.0
NVDA,2026-03-20,178.0,178.25999450683594,171.72000122070312,172.6999969482422,241323500.0
NVDA,2026-03-23,177.25999450683594,178.3699951171875,174.75999450683594,175.63999938964844,182836300.0
NVDA,2026-03-24,174.8300018310547,176.22000122070312,173.97999572753906,175.1999969482422,147667800.0
NVDA,2026-03-25,177.10000610351562,181.22000122070312,176.85000610351562,178.67999267578125,162602100.0
NVDA,2026-03-26,176.07000732421875,176.50999450683594,171.13999938964844,171.24000549316406,186152200.0
NVDA,2026-03-27,170.0,170.97000122070312,167.00999450683594,167.52000427246094,196212700.0
NVDA,2026-03-30,168.77999877929688,169.4499969482422,164.27000427246094,165.1699981689453,185627000.0
NVDA,2026-03-31,166.97000122070312,174.6199951171875,166.9600067138672,174.39999389648438,226181300.0
NVDA,2026-04-01,176.0,177.3699951171875,174.75,175.75,168132000.0
NVDA,2026-04-02,172.17999267578125,177.49000549316406,171.3699951171875,177.38999938964844,143143200.0
NVDA,2026-04-06,177.16000366210938,177.7899932861328,175.75999450683594,177.63999938964844,107564300.0
NVDA,2026-04-07,175.72999572753906,178.22999572753906,173.66000366210938,178.10000610351562,132534900.0
NVDA,2026-04-08,184.5,185.25999450683594,180.3000030517578,182.0800018310547,147732700.0
NVDA,2026-04-09,181.83999633789062,184.0800018310547,180.6199951171875,183.91000366210938,116428500.0
NVDA,2026-04-10,184.30999755859375,190.0,184.3000030517578,188.6300048828125,160459500.0
NVDA,2026-04-13,186.02999877929688,189.66000366210938,185.74000549316406,189.30999755859375,133648200.0
NVDA,2026-04-14,190.83999633789062,196.50999450683594,190.77000427246094,196.50999450683594,161307000.0
NVDA,2026-04-15,196.5399932861328,200.39999389648438,195.74000549316406,198.8699951171875,185338400.0
NVDA,2026-04-16,197.42999267578125,199.85000610351562,195.80999755859375,198.35000610351562,134012900.0
NVDA,2026-04-17,199.89999389648438,201.6999969482422,199.27000427246094,201.67999267578125,160324400.0
NVDA,2026-04-20,199.97999572753906,202.1699981689453,197.83999633789062,202.05999755859375,119381400.0
NVDA,2026-04-21,202.1300048828125,202.75,199.0,199.8800048828125,107945300.0
NVDA,2026-04-22,200.99000549316406,202.5,199.0,202.5,107501000.0
NVDA,2026-04-23,202.4600067138672,203.8300018310547,197.22000122070312,199.63999938964844,113561800.0
NVDA,2026-04-24,199.9600067138672,210.9499969482422,199.80999755859375,208.27000427246094,214134400.0
NVDA,2026-04-27,209.64999389648438,216.8300018310547,207.3800048828125,216.61000061035156,187172400.0
NVDA,2026-04-28,209.49000549316406,214.72999572753906,208.1999969482422,213.1699981689453,180275400.0
NVDA,2026-04-29,212.6999969482422,212.72000122070312,207.5800018310547,209.25,123711800.0
NVDA,2026-04-30,209.92999267578125,210.3000030517578,198.6999969482422,199.57000732421875,225239200.0
NVDA,2026-05-01,201.27999877929688,203.0,197.1199951171875,198.4499969482422,128647000.0
NVDA,2026-05-04,199.5,201.72999572753906,194.74000549316406,198.47999572753906,125368100.0
NVDA,2026-05-05,199.3000030517578,200.24000549316406,196.02999877929688,196.5,113406600.0
NVDA,2026-05-06,199.88999938964844,208.27000427246094,198.61000061035156,207.8300018310547,188362800.0
NVDA,2026-05-07,208.33999633789062,214.1999969482422,206.5,211.5,168307900.0
NVDA,2026-05-08,213.02999877929688,217.8000030517578,212.88999938964844,215.1999969482422,136421400.0
NVDA,2026-05-11,214.0399932861328,222.3000030517578,213.88999938964844,219.44000244140625,160685800.0
NVDA,2026-05-12,218.5500030517578,223.75,214.9199981689453,220.77999877929688,159176600.0
NVDA,2026-05-13,224.92999267578125,227.83999633789062,221.57000732421875,225.8300018310547,150405400.0
NVDA,2026-05-14,229.85000610351562,236.5399932861328,229.3000030517578,235.74000549316406,180782900.0
NVDA,2026-05-15,229.75999450683594,231.5,224.24000549316406,225.32000732421875,180977600.0
NVDA,2026-05-18,229.8699951171875,230.0,218.3699951171875,222.32000732421875,146280900.0
NVDA,2026-05-19,219.6199951171875,224.47999572753906,217.91000366210938,220.61000061035156,140948200.0
NVDA,2026-05-20,223.17999267578125,226.1300048828125,220.5,223.47000122070312,184201600.0
NVDA,2026-05-21,222.2899932861328,227.39999389648438,217.92999267578125,219.50999450683594,203381800.0
NVDA,2026-05-22,220.89999389648438,221.00999450683594,214.8000030517578,215.3300018310547,169275700.0
NVDA,2026-05-26,216.5399932861328,218.17999267578125,212.0,214.86000061035156,187202600.0
NVDA,2026-05-27,214.1199951171875,214.14999389648438,208.77999877929688,212.60000610351562,167601200.0
NVDA,2026-05-28,211.27999877929688,215.52000427246094,211.22000122070312,214.25,143996000.0
NVDA,2026-05-29,214.5800018310547,217.86000061035156,211.1300048828125,211.13999938964844,289410600.0
NVDA,2026-06-01,215.72999572753906,224.8699951171875,215.6999969482422,224.36000061035156,212850700.0
NVDA,2026-06-02,227.17999267578125,232.27999877929688,221.35000610351562,222.82000732421875,193362900.0
NVDA,2026-06-03,221.72000122070312,222.82000732421875,214.50999450683594,214.75,160907000.0
NVDA,2026-06-04,213.91000366210938,221.60000610351562,210.97000122070312,218.66000366210938,169022200.0
NVDA,2026-06-05,214.52999877929688,214.8699951171875,204.3300018310547,205.10000610351562,219655500.0
NVDA,2026-06-08,210.17999267578125,210.47000122070312,206.0,208.63999938964844,138372800.0
NVDA,2026-06-09,210.6199951171875,211.39999389648438,199.33999633789062,208.19000244140625,180962500.0
NVDA,2026-06-10,204.42999267578125,207.22000122070312,199.9199981689453,200.4199981689453,161746600.0
NVDA,2026-06-11,201.49000549316406,205.66000366210938,199.5399932861328,204.8699951171875,158643200.0
NVDA,2026-06-12,204.86000061035156,207.07000732421875,203.44000244140625,205.19000244140625,112001800.0
NVDA,2026-06-15,208.9199981689453,212.7100067138672,208.33999633789062,212.4499969482422,149936700.0
NVDA,2026-06-16,211.17999267578125,211.49000549316406,207.2899932861328,207.41000366210938,125694100.0
NVDA,2026-06-17,208.52999877929688,209.2100067138672,203.0800018310547,204.64999389648438,128363500.0
NVDA,2026-06-18,207.3300018310547,211.38999938964844,206.5,210.69000244140625,241272000.0
NVDA,2026-06-22,211.44000244140625,213.99000549316406,207.72000122070312,208.64999389648438,122041400.0
NVDA,2026-06-23,202.1699981689453,203.77000427246094,200.0,200.0399932861328,153496200.0
NVDA,2026-06-24,200.1199951171875,201.6699981689453,196.5800018310547,199.0,151810700.0
NVDA,2026-06-25,200.0800018310547,200.8000030517578,192.1300048828125,195.74000549316406,149550000.0
NVDA,2026-06-26,193.1199951171875,195.5500030517578,191.22000122070312,192.52999877929688,179304100.0
NVDA,2026-06-29,193.85000610351562,196.17999267578125,189.8000030517578,194.97000122070312,148835700.0
NVDA,2026-06-30,197.24000549316406,200.6300048828125,195.11000061035156,200.08999633789062,166476700.0
NVDA,2026-07-01,196.1999969482422,199.85000610351562,193.4499969482422,197.5800018310547,146147600.0
NVDA,2026-07-02,197.13999938964844,200.05999755859375,192.35000610351562,194.8300018310547,142068700.0
NVDA,2026-07-06,194.4199981689453,197.5500030517578,193.99000549316406,195.5500030517578,108999000.0
NVDA,2026-07-07,192.3699951171875,198.41000366210938,191.13999938964844,196.92999267578125,124154600.0
NVDA,2026-07-08,195.17999267578125,205.16000366210938,195.05999755859375,204.1199951171875,147419100.0
NVDA,2026-07-09,204.4600067138672,204.58999633789062,198.9600067138672,202.77999877929688,132037400.0
NVDA,2026-07-10,202.0,211.0,201.9199981689453,210.9600067138672,148421000.0
NVDA,2026-07-13,208.5399932861328,210.57000732421875,203.0,203.52999877929688,121411000.0
NVDA,2026-07-14,208.1999969482422,212.5500030517578,203.8000030517578,211.8000030517578,124379600.0
NVDA,2026-07-15,211.9600067138672,213.80999755859375,206.0399932861328,212.5,124797200.0
NVDA,2026-07-16,210.1699981689453,211.0800018310547,205.85000610351562,207.39999389648438,122986100.0
NVDA,2026-07-17,202.63999938964844,206.64999389648438,197.97000122070312,202.80999755859375,144281900.0
NVDA,2026-07-20,205.8699951171875,207.74000549316406,202.27999877929688,203.27999877929688,88701500.0
NVDA,2026-07-21,207.5399932861328,208.64999389648438,204.00999450683594,207.2899932861328,108685600.0
NVDA,2026-07-22,205.80999755859375,214.38999938964844,204.9499969482422,212.05999755859375,137645600.0
NVDA,2026-07-23,209.4600067138672,210.8699951171875,205.9600067138672,208.75999450683594,110505300.0
NVDA,2026-07-24,207.4499969482422,211.91000366210938,204.80999755859375,206.83999633789062,114836800.0
NVDA,2026-07-27,208.1999969482422,208.75,195.44000244140625,196.50999450683594,154353700.0
NVDA,2026-07-28,195.0,198.6999969482422,192.74000549316406,197.00999450683594,134111500.0
NVDA,2026-07-29,195.85000610351562,197.07000732421875,190.00999450683594,190.00999450683594,147680800.0
NVDA,2026-07-30,193.4499969482422,197.25,191.52000427246094,195.0399932861328,129010200.0
NVDA,2026-07-31,198.44000244140625,202.0,194.9499969482422,200.75,139961200.0
NVDA,2026-08-03,197.69000244140625,208.74000549316406,196.85000610351562,206.63999938964844,128406900.0
NVDA,2026-08-04,211.3000030517578,213.05999755859375,209.0500030517578,211.94000244140625,134922000.0
NVDA,2026-08-05,216.86000061035156,222.22000122070312,216.39999389648438,219.22000122070312,158187400.0
NVDA,2026-08-06,221.52999877929688,223.6300048828125,217.0,218.99000549316406,113940600.0
NVDA,2026-08-07,221.5399932861328,224.75999450683594,220.66000366210938,223.9600067138672,105669400.0
NVDA,2026-08-10,223.39999389648438,224.13999938964844,216.77000427246094,217.5500030517578,115846600.0
NVDA,2026-08-11,222.1699981689453,222.1999969482422,216.1999969482422,217.5,101273100.0
NVDA,2026-08-12,221.0399932861328,225.10000610351562,220.1999969482422,224.08999633789062,108783600.0
NVDA,2026-08-13,225.05999755859375,227.22999572753906,223.7100067138672,225.3000030517578,98867200.0
NVDA,2026-08-14,226.77000427246094,227.49000549316406,224.5,225.16000366210938,75680900.0
NVDA,2026-08-17,225.97999572753906,227.9199981689453,224.86000061035156,225.00999450683594,93678700.0
NVDA,2026-08-18,220.4499969482422,221.63999938964844,218.69000244140625,219.74000549316406,103128200.0
NVDA,2026-08-19,221.6699981689453,222.8699951171875,216.75999450683594,217.55999755859375,96797300.0
NVDA,2026-08-20,218.36000061035156,219.86000061035156,215.66000366210938,216.85000610351562,92457000.0
NVDA,2026-08-21,218.4199981689453,218.74000549316406,214.5,214.72000122070312,98869300.0
NVDA,2026-08-24,215.52999877929688,215.58999633789062,207.25,208.47999572753906,135187300.0
NVDA,2026-08-25,211.02999877929688,214.72999572753906,210.11000061035156,213.0500030517578,122309000.0
NVDA,2026-08-26,212.63999938964844,213.60000610351562,209.22999572753906,209.66000366210938,179900000.0
NVDA,2026-08-27,222.86000061035156,230.47000122070312,220.89999389648438,227.97999572753906,298909800.0
NVDA,2026-08-28,227.36000061035156,229.25999450683594,216.80999755859375,217.5500030517578,195116400.0
NVDA,2026-08-31,218.8699951171875,221.3000030517578,216.2100067138672,220.77999877929688,124702700.0
NVDA,2026-09-01,216.75,220.41000366210938,215.10000610351562,217.44000244140625,109756200.0
NVDA,2026-09-02,218.7899932861328,227.9499969482422,218.47999572753906,224.41000366210938,157104700.0
NVDA,2026-09-03,226.02000427246094,230.39999389648438,224.75,228.4499969482422,134681600.0
NVDA,2026-09-04,231.08999633789062,234.75999450683594,229.6300048828125,230.36000061035156,135352400.0
NVDA,2026-09-08,233.11000061035156,233.7100067138672,224.85000610351562,225.72999572753906,122965600.0
NVDA,2026-09-09,225.27999877929688,226.17999267578125,223.4600067138672,223.6699981689453,82955500.0
NVDA,2026-09-10,220.52999877929688,220.99000549316406,217.1999969482422,218.36000061035156,105768000.0
NVDA,2026-09-11,221.24000549316406,222.0,218.14999389648438,218.2899932861328,89060100.0
NVDA,2026-09-14,211.24000549316406,212.77000427246094,208.92999267578125,210.9600067138672,132267200.0
NVDA,2026-09-15,213.3800048828125,213.94000244140625,211.16000366210938,212.1699981689453,88059700.0
NVDA,2026-09-16,214.13999938964844,216.75999450683594,212.5,213.89999389648438,96563600.0
NVDA,2026-09-17,218.3800048828125,219.91000366210938,217.14999389648438,219.33999633789062,94191300.0
GLD,2024-09-19,238.24000549316406,239.52000427246094,237.38999938964844,239.1699981689453,6108200.0
GLD,2024-09-20,241.11000061035156,242.6300048828125,240.47000122070312,242.2100067138672,7737400.0
GLD,2024-09-23,242.97000122070312,243.4600067138672,242.58999633789062,242.67999267578125,5426200.0
GLD,2024-09-24,243.38999938964844,246.19000244140625,243.14999389648438,246.07000732421875,8386300.0
GLD,2024-09-25,246.19000244140625,246.47000122070312,244.7899932861328,245.72999572753906,7393400.0
GLD,2024-09-26,246.44000244140625,247.3699951171875,245.19000244140625,246.97999572753906,7041100.0
GLD,2024-09-27,246.30999755859375,246.75,244.19000244140625,245.02000427246094,8329600.0
GLD,2024-09-30,243.97000122070312,244.0800018310547,242.5,243.05999755859375,6916700.0
GLD,2024-10-01,245.1999969482422,246.97999572753906,245.05999755859375,245.61000061035156,10605500.0
GLD,2024-10-02,245.61000061035156,246.07000732421875,243.99000549316406,245.66000366210938,6798800.0
GLD,2024-10-03,244.72000122070312,245.91000366210938,243.69000244140625,245.49000549316406,5674500.0
GLD,2024-10-04,245.0,246.69000244140625,244.0500030517578,245.0,5947800.0
GLD,2024-10-07,244.5800018310547,244.82000732421875,243.80999755859375,244.1699981689453,3849000.0
GLD,2024-10-08,243.7899932861328,244.0399932861328,240.6300048828125,242.3699951171875,7669800.0
GLD,2024-10-09,241.16000366210938,241.83999633789062,240.63999938964844,241.0500030517578,4120500.0
GLD,2024-10-10,241.77000427246094,243.02000427246094,241.50999450683594,242.82000732421875,4792700.0
GLD,2024-10-11,244.5,245.9199981689453,244.47000122070312,245.47000122070312,5789500.0
GLD,2024-10-14,245.16000366210938,245.86000061035156,244.25999450683594,245.07000732421875,3922900.0
GLD,2024-10-15,244.99000549316406,246.5500030517578,244.52999877929688,245.9199981689453,5640800.0
GLD,2024-10-16,247.6199951171875,248.08999633789062,246.36000061035156,247.14999389648438,5431900.0
GLD,2024-10-17,247.75,249.05999755859375,247.6199951171875,248.6300048828125,5176200.0
GLD,2024-10-18,250.0,251.3699951171875,249.89999389648438,251.27000427246094,7833600.0
GLD,2024-10-21,252.74000549316406,253.13999938964844,250.72999572753906,251.22000122070312,9258600.0
GLD,2024-10-22,253.05999755859375,253.94000244140625,252.52000427246094,253.92999267578125,5756300.0
GLD,2024-10-23,253.0800018310547,253.17999267578125,250.1999969482422,250.8699951171875,8081000.0
GLD,2024-10-24,253.27000427246094,253.32000732421875,251.39999389648438,252.8000030517578,5962200.0
GLD,2024-10-25,252.0,253.5500030517578,251.77000427246094,253.32000732421875,4424500.0
GLD,2024-10-28,253.00999450683594,253.6300048828125,252.9499969482422,253.3300018310547,4029100.0
GLD,2024-10-29,254.49000549316406,256.2900085449219,254.22999572753906,256.0899963378906,8875500.0
GLD,2024-10-30,256.760009765625,257.7099914550781,255.91000366210938,257.5,6386200.0
GLD,2024-10-31,255.52000427246094,255.60000610351562,252.1999969482422,253.50999450683594,9930800.0
GLD,2024-11-01,254.3300018310547,254.86000061035156,252.44000244140625,252.47000122070312,6473000.0
GLD,2024-11-04,253.32000732421875,253.5800018310547,252.27000427246094,252.8300018310547,4581400.0
GLD,2024-11-05,253.77999877929688,253.99000549316406,252.41000366210938,253.39999389648438,6029900.0
GLD,2024-11-06,245.63999938964844,247.35000610351562,244.9499969482422,245.6999969482422,14600200.0
GLD,2024-11-07,248.2899932861328,250.24000549316406,248.1199951171875,249.64999389648438,8821400.0
GLD,2024-11-08,249.07000732421875,249.35000610351562,247.77999877929688,247.9600067138672,6267900.0
GLD,2024-11-11,242.72999572753906,242.72999572753906,241.05999755859375,242.13999938964844,11653800.0
GLD,2024-11-12,241.2899932861328,241.66000366210938,239.38999938964844,240.0500030517578,10145500.0
GLD,2024-11-13,241.30999755859375,241.47000122070312,237.58999633789062,237.6300048828125,8431700.0
GLD,2024-11-14,236.57000732421875,237.99000549316406,236.1300048828125,237.00999450683594,8262400.0
GLD,2024-11-15,237.57000732421875,237.8800048828125,236.3300018310547,236.58999633789062,7299500.0
GLD,2024-11-18,240.4600067138672,241.5,240.4499969482422,241.08999633789062,6323400.0
GLD,2024-11-19,242.75,243.30999755859375,242.02999877929688,243.25,6579100.0
GLD,2024-11-20,243.74000549316406,245.2100067138672,243.50999450683594,244.6199951171875,6630700.0
GLD,2024-11-21,246.22999572753906,246.80999755859375,245.69000244140625,246.66000366210938,7646400.0
GLD,2024-11-22,248.1999969482422,250.38999938964844,247.86000061035156,249.83999633789062,7503000.0
GLD,2024-11-25,244.27000427246094,244.39999389648438,241.47999572753906,242.47999572753906,10733100.0
GLD,2024-11-26,242.7100067138672,243.08999633789062,241.5800018310547,242.9499969482422,4945900.0
GLD,2024-11-27,244.85000610351562,245.17999267578125,243.1999969482422,243.49000549316406,6930600.0
GLD,2024-11-29,245.25,245.80999755859375,244.72999572753906,245.58999633789062,2708500.0
GLD,2024-12-02,244.4600067138672,244.5800018310547,243.13999938964844,243.44000244140625,4765000.0
GLD,2024-12-03,244.9600067138672,245.17999267578125,243.3000030517578,243.92999267578125,3557800.0
GLD,2024-12-04,244.92999267578125,245.33999633789062,244.3699951171875,244.6699981689453,4608600.0
GLD,2024-12-05,244.16000366210938,244.3800048828125,242.14999389648438,242.86000061035156,4806200.0
GLD,2024-12-06,242.7899932861328,243.86000061035156,242.44000244140625,242.9499969482422,3540700.0
GLD,2024-12-09,246.27999877929688,247.11000061035156,245.25999450683594,245.36000061035156,4711500.0
GLD,2024-12-10,247.86000061035156,248.86000061035156,247.8300018310547,248.58999633789062,4642000.0
GLD,2024-12-11,249.35000610351562,251.25999450683594,248.97000122070312,250.9600067138672,11033800.0
GLD,2024-12-12,247.80999755859375,248.24000549316406,246.8699951171875,247.27999877929688,10149600.0
GLD,2024-12-13,245.6699981689453,245.94000244140625,244.27000427246094,244.2899932861328,6602600.0
GLD,2024-12-16,245.41000366210938,245.5399932861328,244.2899932861328,244.8800048828125,3310000.0
GLD,2024-12-17,243.8000030517578,244.5500030517578,243.22999572753906,243.94000244140625,4421300.0
GLD,2024-12-18,243.57000732421875,243.7100067138672,238.82000732421875,239.25999450683594,8015800.0
GLD,2024-12-19,239.6699981689453,240.0500030517578,238.72999572753906,239.60000610351562,8111400.0
GLD,2024-12-20,241.41000366210938,242.9600067138672,241.1699981689453,242.10000610351562,9527800.0
GLD,2024-12-23,241.60000610351562,241.6699981689453,240.64999389648438,240.9600067138672,5835500.0
GLD,2024-12-24,241.49000549316406,241.66000366210938,240.82000732421875,241.44000244140625,2421000.0
GLD,2024-12-26,242.38999938964844,243.55999755859375,242.1999969482422,243.07000732421875,4645100.0
GLD,2024-12-27,241.1999969482422,241.9499969482422,241.0500030517578,241.39999389648438,4728100.0
GLD,2024-12-30,241.0800018310547,241.0800018310547,239.5800018310547,240.6300048828125,3522500.0
GLD,2024-12-31,241.0500030517578,242.52000427246094,241.0500030517578,242.1300048828125,2522100.0
GLD,2025-01-02,244.22000122070312,245.52999877929688,244.0800018310547,245.4199981689453,6241900.0
GLD,2025-01-03,244.55999755859375,244.82000732421875,243.36000061035156,243.49000549316406,4872100.0
GLD,2025-01-06,242.3300018310547,243.7899932861328,242.0500030517578,243.19000244140625,3758900.0
GLD,2025-01-07,245.52000427246094,245.77000427246094,243.80999755859375,244.55999755859375,5090300.0
GLD,2025-01-08,245.72000122070312,246.4499969482422,244.50999450683594,245.86000061035156,6303300.0
GLD,2025-01-10,248.00999450683594,249.0399932861328,247.5500030517578,248.2100067138672,12380100.0
GLD,2025-01-13,246.33999633789062,246.7899932861328,245.14999389648438,245.74000549316406,8448600.0
GLD,2025-01-14,245.6199951171875,247.0399932861328,245.52000427246094,247.02999877929688,4914800.0
GLD,2025-01-15,248.2100067138672,248.89999389648438,247.00999450683594,248.8800048828125,6345000.0
GLD,2025-01-16,250.55999755859375,251.38999938964844,250.27000427246094,250.60000610351562,9236000.0
GLD,2025-01-17,249.6999969482422,250.80999755859375,249.14999389648438,249.27000427246094,8312900.0
GLD,2025-01-21,251.9499969482422,253.36000061035156,251.8300018310547,253.1300048828125,7668100.0
GLD,2025-01-22,254.2899932861328,254.67999267578125,253.77999877929688,254.42999267578125,5213800.0
GLD,2025-01-23,253.19000244140625,254.5399932861328,252.82000732421875,254.07000732421875,6511500.0
GLD,2025-01-24,255.9600067138672,257.07000732421875,255.61000061035156,255.64999389648438,7341300.0
GLD,2025-01-27,253.86000061035156,254.25999450683594,251.9199981689453,252.99000549316406,5799800.0
GLD,2025-01-28,254.22999572753906,255.25,253.88999938964844,255.17999267578125,5332000.0
GLD,2025-01-29,254.5500030517578,254.82000732421875,253.3000030517578,254.1999969482422,5671800.0
GLD,2025-01-30,257.20001220703125,258.2900085449219,256.45001220703125,258.04998779296875,12981200.0
GLD,2025-01-31,259.0799865722656,259.989990234375,257.8599853515625,258.55999755859375,8961100.0
GLD,2025-02-03,259.75,261.3900146484375,259.5199890136719,259.94000244140625,11521100.0
GLD,2025-02-04,261.8299865722656,262.5400085449219,261.3500061035156,262.5,9850400.0
GLD,2025-02-05,264.45001220703125,265.989990234375,263.8900146484375,264.1300048828125,12681100.0
GLD,2025-02-06,263.6600036621094,263.7200012207031,261.489990234375,263.42999267578125,8731400.0
GLD,2025-02-07,265.2200012207031,266.3500061035156,263.260009765625,263.8999938964844,9154000.0
GLD,2025-02-10,268.0,268.6600036621094,267.239990234375,268.3699951171875,13250300.0
GLD,2025-02-11,267.70001220703125,268.3599853515625,266.7099914550781,267.3900146484375,7169500.0
GLD,2025-02-12,267.1499938964844,268.42999267578125,266.3500061035156,267.6700134277344,9328600.0
GLD,2025-02-13,268.3999938964844,270.3900146484375,268.2200012207031,270.30999755859375,8347500.0
GLD,2025-02-14,270.07000732421875,270.2099914550781,265.45001220703125,266.2900085449219,11546700.0
GLD,2025-02-18,269.67999267578125,271.010009765625,269.6000061035156,270.70001220703125,8185900.0
GLD,2025-02-19,270.67999267578125,271.3299865722656,269.239990234375,270.8500061035156,9342500.0
GLD,2025-02-20,270.2300109863281,271.8399963378906,270.1700134277344,270.989990234375,7356900.0
GLD,2025-02-21,270.79998779296875,271.510009765625,269.510009765625,270.739990234375,8917400.0
GLD,2025-02-24,271.45001220703125,272.32000732421875,270.3800048828125,272.2099914550781,5374400.0
GLD,2025-02-25,271.4599914550781,271.67999267578125,266.45001220703125,268.6199951171875,10079800.0
GLD,2025-02-26,267.0799865722656,269.0799865722656,266.6600036621094,269.0299987792969,7276000.0
GLD,2025-02-27,266.489990234375,266.6700134277344,264.45001220703125,264.92999267578125,9374600.0
GLD,2025-02-28,262.55999755859375,263.3999938964844,261.25,263.2699890136719,11504500.0
GLD,2025-03-03,265.07000732421875,266.8800048828125,265.07000732421875,266.739990234375,7725600.0
GLD,2025-03-04,269.010009765625,269.3999938964844,267.5199890136719,269.05999755859375,8481300.0
GLD,2025-03-05,267.9700012207031,270.260009765625,267.9599914550781,269.6199951171875,6990400.0
GLD,2025-03-06,268.25,269.510009765625,268.1600036621094,268.25,6136400.0
GLD,2025-03-07,269.0899963378906,270.3399963378906,267.6400146484375,268.3900146484375,10431200.0
GLD,2025-03-10,267.6199951171875,268.44000244140625,265.6400146484375,266.0400085449219,7593900.0
GLD,2025-03-11,268.4700012207031,269.7300109863281,268.44000244140625,269.1600036621094,8436600.0
GLD,2025-03-12,268.4700012207031,271.2300109863281,268.3599853515625,270.3299865722656,7236200.0
GLD,2025-03-13,271.57000732421875,275.3500061035156,271.54998779296875,275.1300048828125,13741500.0
GLD,2025-03-14,276.2699890136719,276.29998779296875,274.6600036621094,275.239990234375,13365000.0
GLD,2025-03-17,275.5400085449219,276.7900085449219,275.3900146484375,276.7300109863281,8583400.0
GLD,2025-03-18,279.8999938964844,280.2099914550781,278.9700012207031,279.9599914550781,9596500.0
GLD,2025-03-19,279.8500061035156,281.4800109863281,279.05999755859375,281.1099853515625,8822200.0
GLD,2025-03-20,279.489990234375,280.8999938964844,279.42999267578125,280.75,5863300.0
GLD,2025-03-21,279.4599914550781,279.4599914550781,276.5899963378906,278.489990234375,9359300.0
GLD,2025-03-24,278.9100036621094,279.0899963378906,276.8599853515625,277.25,7870100.0
GLD,2025-03-25,278.7799987792969,279.9599914550781,278.2699890136719,278.4700012207031,5090200.0
GLD,2025-03-26,278.92999267578125,279.0199890136719,277.7799987792969,278.239990234375,3717500.0
GLD,2025-03-27,280.54998779296875,282.07000732421875,279.5899963378906,281.9700012207031,8476300.0
GLD,2025-03-28,283.82000732421875,284.6400146484375,282.8599853515625,284.05999755859375,9563700.0
GLD,2025-03-31,287.5299987792969,288.3900146484375,285.8500061035156,288.1400146484375,13925100.0
GLD,2025-04-01,288.5400085449219,289.1300048828125,285.9100036621094,287.57000732421875,15923600.0
GLD,2025-04-02,288.2799987792969,289.0299987792969,287.3599853515625,288.1600036621094,11074800.0
GLD,2025-04-03,282.7799987792969,289.0899963378906,282.45001220703125,286.4200134277344,20524400.0
GLD,2025-04-04,283.6400146484375,284.0299987792969,278.0199890136719,279.7200012207031,21517200.0
GLD,2025-04-07,278.8599853515625,280.1400146484375,272.5799865722656,273.7099914550781,19807000.0
GLD,2025-04-08,277.8699951171875,278.32000732421875,274.239990234375,275.20001220703125,12639500.0
GLD,2025-04-09,282.2200012207031,285.8699951171875,281.0400085449219,285.3800048828125,25342200.0
GLD,2025-04-10,288.80999755859375,292.8599853515625,287.2300109863281,292.3500061035156,19837800.0
GLD,2025-04-11,297.9599914550781,299.2699890136719,296.80999755859375,297.92999267578125,21080100.0
GLD,2025-04-14,295.5400085449219,296.5799865722656,294.5299987792969,296.2300109863281,12427600.0
GLD,2025-04-15,296.92999267578125,298.0199890136719,296.0899963378906,297.7799987792969,7924100.0
GLD,2025-04-16,304.6499938964844,308.05999755859375,303.79998779296875,307.4700012207031,20778100.0
GLD,2025-04-17,306.30999755859375,307.1300048828125,302.7300109863281,306.1199951171875,18287800.0
GLD,2025-04-21,315.0199890136719,316.4100036621094,313.95001220703125,315.5899963378906,20372300.0
GLD,2025-04-22,317.489990234375,317.6300048828125,310.3599853515625,311.1099853515625,35242300.0
GLD,2025-04-23,304.17999267578125,304.739990234375,300.5899963378906,303.6499938964844,25421500.0
GLD,2025-04-24,306.9800109863281,308.5,304.7099914550781,308.07000732421875,10845000.0
GLD,2025-04-25,301.7799987792969,305.3699951171875,301.010009765625,304.7300109863281,10691600.0
GLD,2025-04-28,304.1499938964844,309.1099853515625,302.9700012207031,309.07000732421875,9375500.0
GLD,2025-04-29,305.80999755859375,306.95001220703125,304.0,306.05999755859375,6852100.0
GLD,2025-04-30,304.6099853515625,306.07000732421875,303.44000244140625,303.7699890136719,8331900.0
GLD,2025-05-01,297.4100036621094,297.94000244140625,295.32000732421875,297.4599914550781,14969100.0
GLD,2025-05-02,300.1700134277344,300.8500061035156,297.0299987792969,297.9800109863281,8678400.0
GLD,2025-05-05,305.9200134277344,307.6499938964844,304.67999267578125,306.8800048828125,8924000.0
GLD,2025-05-06,313.1199951171875,315.6199951171875,311.3999938964844,315.4800109863281,11445300.0
GLD,2025-05-07,312.1000061035156,313.260009765625,310.0799865722656,310.75,7888300.0
GLD,2025-05-08,309.760009765625,310.4800109863281,303.04998779296875,304.6300048828125,11927600.0
GLD,2025-05-09,307.7900085449219,308.57000732421875,306.010009765625,306.8399963378906,6913100.0
GLD,2025-05-12,298.3299865722656,299.4700012207031,296.82000732421875,298.19000244140625,14375900.0
GLD,2025-05-13,299.0199890136719,300.29998779296875,297.239990234375,299.4599914550781,10233600.0
GLD,2025-05-14,293.6700134277344,294.79998779296875,291.9599914550781,293.1600036621094,14800600.0
GLD,2025-05-15,294.1000061035156,297.8999938964844,293.75,297.8399963378906,13497700.0
GLD,2025-05-16,292.6199951171875,294.5799865722656,291.7799987792969,294.239990234375,14173000.0
GLD,2025-05-19,297.8500061035156,298.5799865722656,296.4800109863281,298.0299987792969,11656300.0
GLD,2025-05-20,298.3500061035156,303.67999267578125,298.29998779296875,303.5799865722656,12851000.0
GLD,2025-05-21,304.54998779296875,306.4599914550781,303.6700134277344,305.82000732421875,12414500.0
GLD,2025-05-22,305.0899963378906,305.2799987792969,302.1000061035156,303.1099853515625,9704200.0
GLD,2025-05-23,308.8599853515625,310.25,307.4700012207031,309.75,13339500.0
GLD,2025-05-27,303.80999755859375,304.8800048828125,302.739990234375,304.5,9578500.0
GLD,2025-05-28,304.6400146484375,304.989990234375,303.05999755859375,303.80999755859375,8803300.0
GLD,2025-05-29,305.739990234375,306.8900146484375,304.4599914550781,305.6099853515625,9487900.0
GLD,2025-05-30,303.6400146484375,304.0199890136719,301.5,303.6000061035156,9553300.0
GLD,2025-06-02,309.2099914550781,311.7200012207031,308.7200012207031,311.6700134277344,13593200.0
GLD,2025-06-03,309.55999755859375,309.55999755859375,307.1499938964844,308.9100036621094,9315100.0
GLD,2025-06-04,309.4100036621094,311.8800048828125,308.739990234375,310.8999938964844,7462500.0
GLD,2025-06-05,311.239990234375,312.20001220703125,307.6499938964844,309.3299865722656,10817800.0
GLD,2025-06-06,309.0899963378906,309.20001220703125,305.1000061035156,305.17999267578125,7787500.0
GLD,2025-06-09,305.3900146484375,307.6099853515625,305.05999755859375,306.6199951171875,7159000.0
GLD,2025-06-10,308.30999755859375,308.6000061035156,305.8699951171875,306.7099914550781,7071700.0
GLD,2025-06-11,307.5,308.6199951171875,305.8500061035156,308.3699951171875,9248800.0
GLD,2025-06-12,311.739990234375,313.1000061035156,311.1499938964844,312.20001220703125,11531400.0
GLD,2025-06-13,317.260009765625,317.6000061035156,315.0400085449219,316.2900085449219,16592900.0
GLD,2025-06-16,314.79998779296875,314.8699951171875,311.6499938964844,311.7799987792969,12848400.0
GLD,2025-06-17,312.6600036621094,313.0,310.1199951171875,311.94000244140625,8234100.0
GLD,2025-06-18,312.8900146484375,312.9800109863281,309.8599853515625,310.260009765625,9370800.0
GLD,2025-06-20,309.3299865722656,310.8900146484375,309.25,310.1300048828125,8794700.0
GLD,2025-06-23,310.3399963378906,312.6700134277344,310.30999755859375,311.0799865722656,12687900.0
GLD,2025-06-24,305.07000732421875,306.3399963378906,303.5400085449219,306.19000244140625,12035200.0
GLD,2025-06-25,305.30999755859375,307.3599853515625,305.1199951171875,307.1199951171875,6733200.0
GLD,2025-06-26,305.7699890136719,307.2799987792969,304.8599853515625,306.7799987792969,6787500.0
GLD,2025-06-27,300.0299987792969,302.3599853515625,299.8900146484375,301.2200012207031,13301300.0
GLD,2025-06-30,302.3900146484375,304.9200134277344,301.95001220703125,304.8299865722656,8192100.0
GLD,2025-07-01,308.55999755859375,309.0,307.3599853515625,307.54998779296875,9335600.0
GLD,2025-07-02,308.0400085449219,309.3999938964844,306.9599914550781,309.25,8316400.0
GLD,2025-07-03,307.04998779296875,307.57000732421875,306.1499938964844,307.1400146484375,5275800.0
GLD,2025-07-07,305.07000732421875,307.7099914550781,304.5299987792969,307.3699951171875,7351600.0
GLD,2025-07-08,306.29998779296875,306.45001220703125,302.7699890136719,304.1600036621094,11840500.0
GLD,2025-07-09,303.5799865722656,305.5400085449219,303.2300109863281,305.5199890136719,10644100.0
GLD,2025-07-10,306.1099853515625,306.510009765625,304.82000732421875,306.20001220703125,7053700.0
GLD,2025-07-11,308.8599853515625,310.2799987792969,308.5199890136719,309.1400146484375,9187300.0
GLD,2025-07-14,309.07000732421875,309.3800048828125,307.7300109863281,308.010009765625,5772900.0
GLD,2025-07-15,307.7300109863281,308.739990234375,305.7900085449219,306.7300109863281,8149000.0
GLD,2025-07-16,307.1099853515625,311.0899963378906,305.7300109863281,308.260009765625,17693100.0
GLD,2025-07-17,305.5,307.6700134277344,305.1199951171875,307.5899963378906,6642300.0
GLD,2025-07-18,309.239990234375,309.3699951171875,308.32000732421875,308.3900146484375,5574300.0
GLD,2025-07-21,311.8800048828125,313.30999755859375,311.6099853515625,313.1300048828125,10995800.0
GLD,2025-07-22,314.4800109863281,316.239990234375,313.6199951171875,316.1000061035156,13691800.0
GLD,2025-07-23,314.0,314.9599914550781,311.4200134277344,312.17999267578125,10547500.0
GLD,2025-07-24,309.2900085449219,310.989990234375,309.05999755859375,310.2699890136719,7698800.0
GLD,2025-07-25,307.82000732421875,308.30999755859375,306.20001220703125,307.3999938964844,9376400.0
GLD,2025-07-28,306.44000244140625,306.5799865722656,304.04998779296875,305.4100036621094,9275400.0
GLD,2025-07-29,305.79998779296875,307.0299987792969,304.989990234375,306.25,5741100.0
GLD,2025-07-30,304.4200134277344,304.6499938964844,300.9599914550781,300.9599914550781,13459600.0
GLD,2025-07-31,304.5899963378906,304.6099853515625,302.8599853515625,302.9599914550781,8981000.0
GLD,2025-08-01,308.6099853515625,309.54998779296875,307.45001220703125,309.1099853515625,12843400.0
GLD,2025-08-04,310.79998779296875,311.739990234375,310.3699951171875,310.9100036621094,7639000.0
GLD,2025-08-05,310.3699951171875,312.239990234375,310.2200012207031,311.1600036621094,6997700.0
GLD,2025-08-06,310.32000732421875,311.239990234375,309.8399963378906,310.5,7418200.0
GLD,2025-08-07,311.7200012207031,313.1400146484375,310.70001220703125,313.1199951171875,10891500.0
GLD,2025-08-08,312.3500061035156,313.5299987792969,311.0,313.04998779296875,19886800.0
GLD,2025-08-11,308.6199951171875,309.6600036621094,307.6300048828125,308.54998779296875,10326700.0
GLD,2025-08-12,308.2200012207031,309.30999755859375,306.7099914550781,308.2699890136719,9697400.0
GLD,2025-08-13,309.1000061035156,310.3900146484375,308.45001220703125,309.2099914550781,4718600.0
GLD,2025-08-14,307.92999267578125,308.3399963378906,306.5199890136719,307.25,5817700.0
GLD,2025-08-15,307.3399963378906,308.0,306.8699951171875,307.42999267578125,5990100.0
GLD,2025-08-18,307.7900085449219,307.8900146484375,306.6300048828125,306.95001220703125,6150100.0
GLD,2025-08-19,306.760009765625,307.4800109863281,305.19000244140625,305.2699890136719,5029900.0
GLD,2025-08-20,307.5400085449219,308.4700012207031,307.3999938964844,308.3599853515625,6515400.0
GLD,2025-08-21,307.8599853515625,308.1499938964844,307.0299987792969,307.2900085449219,4809000.0
GLD,2025-08-22,306.5199890136719,311.0199890136719,306.42999267578125,310.5799865722656,8526500.0
GLD,2025-08-25,309.6700134277344,310.8399963378906,309.6700134277344,309.8299865722656,4044400.0
GLD,2025-08-26,310.6199951171875,312.2099914550781,310.30999755859375,312.0799865722656,11698500.0
GLD,2025-08-27,311.3900146484375,312.9100036621094,310.7699890136719,312.7099914550781,4320100.0
GLD,2025-08-28,313.32000732421875,315.0799865722656,313.07000732421875,315.0299987792969,9610200.0
GLD,2025-08-29,314.7200012207031,318.0899963378906,314.6400146484375,318.07000732421875,15642600.0
GLD,2025-09-02,320.82000732421875,325.9200134277344,320.239990234375,325.5899963378906,21247500.0
GLD,2025-09-03,327.760009765625,329.45001220703125,326.7300109863281,328.1400146484375,16062200.0
GLD,2025-09-04,327.0299987792969,327.55999755859375,325.3500061035156,326.69000244140625,11703100.0
GLD,2025-09-05,329.5299987792969,331.44000244140625,328.92999267578125,331.04998779296875,16065200.0
GLD,2025-09-08,333.6600036621094,335.6700134277344,333.2300109863281,334.82000732421875,18617300.0
GLD,2025-09-09,337.0299987792969,338.30999755859375,333.8500061035156,334.05999755859375,21641900.0
GLD,2025-09-10,335.7300109863281,336.5,326.19000244140625,335.260009765625,11945700.0
GLD,2025-09-11,333.3699951171875,335.1600036621094,332.9700012207031,334.760009765625,9082600.0
GLD,2025-09-12,335.8800048828125,336.3900146484375,335.2300109863281,335.4200134277344,9619700.0
GLD,2025-09-15,336.30999755859375,339.2799987792969,336.2300109863281,338.9100036621094,10569900.0
GLD,2025-09-16,340.0899963378906,340.8800048828125,338.6199951171875,339.5899963378906,12161500.0
GLD,2025-09-17,338.5299987792969,341.239990234375,335.5199890136719,336.9700012207031,16535300.0
GLD,2025-09-18,336.2200012207031,336.32000732421875,333.80999755859375,335.6199951171875,14913300.0
GLD,2025-09-19,336.510009765625,339.2300109863281,336.30999755859375,339.17999267578125,14982600.0
GLD,2025-09-22,342.75,345.07000732421875,341.8399963378906,345.04998779296875,12386400.0
GLD,2025-09-23,348.2300109863281,348.75,345.32000732421875,346.4599914550781,18384000.0
GLD,2025-09-24,346.70001220703125,346.8299865722656,342.1400146484375,343.32000732421875,12709100.0
GLD,2025-09-25,344.3900146484375,345.8299865722656,342.4700012207031,344.75,12639600.0
GLD,2025-09-26,345.8299865722656,348.25,345.30999755859375,346.739990234375,11698200.0
GLD,2025-09-29,351.7900085449219,352.8299865722656,351.2799987792969,352.4599914550781,15719600.0
GLD,2025-09-30,351.1300048828125,355.57000732421875,350.8699951171875,355.4700012207031,13312400.0
GLD,2025-10-01,356.1700134277344,356.9700012207031,354.7900085449219,356.0299987792969,15573600.0
GLD,2025-10-02,358.260009765625,358.6700134277344,351.3999938964844,354.7900085449219,16162100.0
GLD,2025-10-03,357.1199951171875,358.1400146484375,355.79998779296875,357.6400146484375,14464000.0
GLD,2025-10-06,362.1600036621094,365.29998779296875,361.3699951171875,364.3800048828125,17093700.0
GLD,2025-10-07,366.510009765625,367.2699890136719,364.54998779296875,366.260009765625,16836800.0
GLD,2025-10-08,371.6499938964844,373.57000732421875,370.5,372.29998779296875,28052300.0
GLD,2025-10-09,373.1400146484375,373.2200012207031,362.8299865722656,365.42999267578125,33674800.0
GLD,2025-10-10,367.5400085449219,370.30999755859375,365.44000244140625,369.1199951171875,24192800.0
GLD,2025-10-13,376.5,378.8599853515625,375.5799865722656,378.0899963378906,18514400.0
GLD,2025-10-14,378.2099914550781,382.3800048828125,377.8999938964844,380.7900085449219,18409600.0
GLD,2025-10-15,385.92999267578125,387.760009765625,384.5899963378906,387.3900146484375,20598300.0
GLD,2025-10-16,391.1499938964844,396.8699951171875,390.3999938964844,396.45001220703125,33621400.0
GLD,2025-10-17,397.1400146484375,397.2799987792969,385.2200012207031,388.989990234375,62025000.0
GLD,2025-10-20,397.45001220703125,403.29998779296875,394.20001220703125,403.1499938964844,34523000.0
GLD,2025-10-21,386.5400085449219,388.8900146484375,375.6499938964844,377.239990234375,54101400.0
GLD,2025-10-22,372.75,378.4700012207031,368.92999267578125,377.2799987792969,30524100.0
GLD,2025-10-23,381.4599914550781,382.25,378.6499938964844,378.7900085449219,13695500.0
GLD,2025-10-24,378.510009765625,380.7699890136719,376.80999755859375,377.5199890136719,13263800.0
GLD,2025-10-27,371.1300048828125,371.5899963378906,365.3399963378906,367.010009765625,23657600.0
GLD,2025-10-28,361.80999755859375,365.29998779296875,360.1199951171875,364.3800048828125,19257600.0
GLD,2025-10-29,369.6499938964844,370.0799865722656,361.3599853515625,363.0,18891800.0
GLD,2025-10-30,365.0899963378906,370.3599853515625,364.5,370.1300048828125,14812800.0
GLD,2025-10-31,370.4700012207031,370.6600036621094,365.5,368.1199951171875,11077900.0
GLD,2025-11-03,368.9100036621094,370.8399963378906,367.5400085449219,368.7799987792969,7254300.0
GLD,2025-11-04,363.4800109863281,365.739990234375,361.3900146484375,362.32000732421875,11540100.0
GLD,2025-11-05,366.3900146484375,367.1000061035156,364.6499938964844,366.510009765625,8357300.0
GLD,2025-11-06,367.1600036621094,368.17999267578125,364.70001220703125,366.07000732421875,6891100.0
GLD,2025-11-07,367.94000244140625,370.4200134277344,366.4200134277344,368.30999755859375,11060400.0
GLD,2025-11-10,375.92999267578125,378.6600036621094,374.7799987792969,378.3800048828125,13456200.0
GLD,2025-11-11,379.9800109863281,380.3999938964844,376.8699951171875,379.8699951171875,10753200.0
GLD,2025-11-12,380.07000732421875,387.4599914550781,379.44000244140625,385.989990234375,16203700.0
GLD,2025-11-13,387.2900085449219,388.17999267578125,381.2099914550781,382.8699951171875,15867900.0
GLD,2025-11-14,372.8699951171875,378.20001220703125,370.8900146484375,375.9599914550781,15198000.0
GLD,2025-11-17,374.0400085449219,375.4599914550781,368.5199890136719,371.6499938964844,13295200.0
GLD,2025-11-18,374.8299865722656,375.5400085449219,371.6199951171875,374.3500061035156,7818800.0
GLD,2025-11-19,377.7799987792969,380.1700134277344,373.0299987792969,374.9599914550781,10980400.0
GLD,2025-11-20,375.2900085449219,377.69000244140625,371.8500061035156,374.8500061035156,10506500.0
GLD,2025-11-21,374.0299987792969,377.2300109863281,372.94000244140625,374.2699890136719,13194600.0
GLD,2025-11-24,374.8800048828125,380.2799987792969,374.19000244140625,380.20001220703125,10085300.0
GLD,2025-11-25,380.260009765625,382.5199890136719,378.05999755859375,380.0799865722656,10462800.0
GLD,2025-11-26,381.05999755859375,383.7799987792969,380.4599914550781,383.1199951171875,9184100.0
GLD,2025-11-28,385.9800109863281,388.0,384.989990234375,387.8800048828125,7175400.0
GLD,2025-12-01,390.6099853515625,390.70001220703125,388.05999755859375,389.75,11177100.0
GLD,2025-12-02,388.8699951171875,388.9800109863281,382.9100036621094,387.239990234375,8103900.0
GLD,2025-12-03,388.4599914550781,390.1300048828125,385.8299865722656,386.8800048828125,7886800.0
GLD,2025-12-04,386.9200134277344,388.0,385.3999938964844,387.1300048828125,6754400.0
GLD,2025-12-05,389.1199951171875,391.739990234375,386.17999267578125,386.44000244140625,9449800.0
GLD,2025-12-08,387.0199890136719,387.239990234375,384.010009765625,385.4200134277344,6822100.0
GLD,2025-12-09,385.6199951171875,388.2099914550781,385.2699890136719,387.3999938964844,6358700.0
GLD,2025-12-10,385.95001220703125,389.760009765625,384.5,389.04998779296875,9120500.0
GLD,2025-12-11,389.0199890136719,394.0899963378906,388.5,393.239990234375,11240600.0
GLD,2025-12-12,399.1600036621094,400.3900146484375,391.4700012207031,395.44000244140625,16792100.0
GLD,2025-12-15,397.760009765625,398.7099914550781,394.07000732421875,395.79998779296875,11345000.0
GLD,2025-12-16,397.75,398.7099914550781,394.5899963378906,395.8900146484375,9201600.0
GLD,2025-12-17,398.0799865722656,399.9800109863281,397.25,399.2900085449219,10456900.0
GLD,2025-12-18,398.2799987792969,402.2099914550781,396.04998779296875,398.57000732421875,11837600.0
GLD,2025-12-19,397.9200134277344,400.6300048828125,397.1700134277344,399.0199890136719,9894800.0
GLD,2025-12-22,406.9800109863281,408.5199890136719,405.7200012207031,408.2300109863281,14202100.0
GLD,2025-12-23,410.29998779296875,413.760009765625,407.1000061035156,413.6400146484375,13193300.0
GLD,2025-12-24,412.25,412.6300048828125,408.8299865722656,411.92999267578125,6718400.0
GLD,2025-12-26,416.4800109863281,418.45001220703125,414.75,416.739990234375,10476200.0
GLD,2025-12-29,403.6600036621094,403.760009765625,395.3299865722656,398.6000061035156,20679200.0
GLD,2025-12-30,403.6000061035156,403.79998779296875,398.55999755859375,398.8900146484375,10179000.0
GLD,2025-12-31,398.6000061035156,400.1300048828125,395.5899963378906,396.30999755859375,10194700.0
GLD,2026-01-02,401.6199951171875,401.82000732421875,396.25,398.2799987792969,10372600.0
GLD,2026-01-05,406.3900146484375,409.7200012207031,406.1499938964844,408.760009765625,13410600.0
GLD,2026-01-06,410.6700134277344,413.4800109863281,410.30999755859375,413.17999267578125,11640900.0
GLD,2026-01-07,408.6300048828125,410.80999755859375,406.6499938964844,409.2300109863281,10589500.0
GLD,2026-01-08,406.9700012207031,411.6400146484375,406.3999938964844,411.489990234375,8705900.0
GLD,2026-01-09,413.2200012207031,415.2900085449219,411.79998779296875,414.4700012207031,14011200.0
GLD,2026-01-12,421.5199890136719,425.739990234375,421.5199890136719,422.2300109863281,20904100.0
GLD,2026-01-13,424.5899963378906,426.1199951171875,420.07000732421875,421.6300048828125,16681200.0
GLD,2026-01-14,426.0299987792969,426.8599853515625,422.8399963378906,425.94000244140625,18305500.0
GLD,2026-01-15,423.0199890136719,425.05999755859375,422.7900085449219,423.3299865722656,14253200.0
GLD,2026-01-16,422.79998779296875,424.79998779296875,417.0400085449219,421.2900085449219,20951600.0
GLD,2026-01-20,436.69000244140625,438.1400146484375,434.1000061035156,437.2300109863281,21308100.0
GLD,2026-01-21,446.8699951171875,448.0,437.1099853515625,443.6000061035156,38830200.0
GLD,2026-01-22,443.8399963378906,452.9800109863281,443.55999755859375,451.7900085449219,19251200.0
GLD,2026-01-23,454.1099853515625,458.75,453.45001220703125,458.0,21531900.0
GLD,2026-01-26,466.7799987792969,469.2799987792969,460.3599853515625,464.70001220703125,34156000.0
GLD,2026-01-27,465.07000732421875,476.489990234375,463.95001220703125,476.1000061035156,28386200.0
GLD,2026-01-28,483.3900146484375,495.8800048828125,481.25,494.55999755859375,44154600.0
GLD,2026-01-29,509.510009765625,509.70001220703125,468.510009765625,495.8999938964844,69970900.0
GLD,2026-01-30,466.25,470.05999755859375,430.79998779296875,444.95001220703125,86593500.0
GLD,2026-02-02,434.010009765625,440.7799987792969,422.54998779296875,427.1300048828125,41626200.0
GLD,2026-02-03,452.6300048828125,459.0,448.30999755859375,454.2900085449219,28703500.0
GLD,2026-02-04,462.4700012207031,463.1000061035156,445.7099914550781,453.9700012207031,24427900.0
GLD,2026-02-05,444.2900085449219,450.8999938964844,440.3500061035156,441.8800048828125,17718100.0
GLD,2026-02-06,450.7300109863281,456.92999267578125,450.0299987792969,455.4599914550781,12663900.0
GLD,2026-02-09,461.3900146484375,467.55999755859375,460.8500061035156,467.0299987792969,12330900.0
GLD,2026-02-10,465.9599914550781,466.75,459.5199890136719,462.3999938964844,7861600.0
GLD,2026-02-11,466.0,468.6099853515625,462.82000732421875,467.6300048828125,11209600.0
GLD,2026-02-12,464.8999938964844,466.3800048828125,448.05999755859375,451.3900146484375,20488800.0
GLD,2026-02-13,459.7300109863281,463.8399963378906,456.25,462.6199951171875,12359300.0
GLD,2026-02-17,450.260009765625,451.3699951171875,445.5299987792969,448.20001220703125,10976100.0
GLD,2026-02-18,455.80999755859375,460.510009765625,455.32000732421875,458.2799987792969,10226300.0
GLD,2026-02-19,457.3399963378906,461.510009765625,456.0299987792969,459.55999755859375,8411400.0
GLD,2026-02-20,463.25,468.6199951171875,458.3399963378906,468.6199951171875,14316300.0
GLD,2026-02-23,474.6499938964844,481.4599914550781,474.6099853515625,481.2799987792969,17441600.0
GLD,2026-02-24,470.0899963378906,475.44000244140625,469.54998779296875,474.6099853515625,14147100.0
GLD,2026-02-25,475.739990234375,479.5299987792969,472.8999938964844,473.4200134277344,12954300.0
GLD,2026-02-26,474.95001220703125,477.8299865722656,442.0400085449219,477.4800109863281,12375000.0
GLD,2026-02-27,480.75,483.8999938964844,479.1099853515625,483.75,16795100.0
GLD,2026-03-02,490.1000061035156,492.1499938964844,483.2799987792969,490.0,19916600.0
GLD,2026-03-03,472.8299865722656,473.20001220703125,458.92999267578125,468.1400146484375,22591500.0
GLD,2026-03-04,474.82000732421875,476.4200134277344,469.3900146484375,471.79998779296875,9985900.0
GLD,2026-03-05,470.45001220703125,470.6700134277344,463.9100036621094,466.1300048828125,11674800.0
GLD,2026-03-06,469.0400085449219,475.4599914550781,467.07000732421875,473.510009765625,10489800.0
GLD,2026-03-09,468.0899963378906,472.67999267578125,464.7900085449219,472.5299987792969,8829800.0
GLD,2026-03-10,479.739990234375,481.30999755859375,474.2099914550781,477.8599853515625,9616800.0
GLD,2026-03-11,476.1300048828125,477.45001220703125,473.1300048828125,476.239990234375,7522900.0
GLD,2026-03-12,475.0199890136719,475.0199890136719,466.6000061035156,466.8800048828125,11900600.0
GLD,2026-03-13,469.30999755859375,470.1000061035156,460.2200012207031,460.8399963378906,11741600.0
GLD,2026-03-16,461.2699890136719,462.79998779296875,456.9100036621094,460.42999267578125,8964100.0
GLD,2026-03-17,460.510009765625,462.2099914550781,456.8699951171875,459.2699890136719,7610100.0
GLD,2026-03-18,446.6600036621094,450.05999755859375,444.3900146484375,444.739990234375,18375600.0
GLD,2026-03-19,420.3599853515625,428.2699890136719,416.79998779296875,426.4100036621094,30206000.0
GLD,2026-03-20,428.0899963378906,428.5899963378906,411.2300109863281,413.3800048828125,27204900.0
GLD,2026-03-23,405.1199951171875,414.5400085449219,399.6400146484375,404.0400085449219,36796800.0
GLD,2026-03-24,400.239990234375,407.2900085449219,399.20001220703125,404.1300048828125,17478500.0
GLD,2026-03-25,419.7099914550781,420.6600036621094,412.25,416.2900085449219,15713200.0
GLD,2026-03-26,408.5299987792969,411.3699951171875,400.260009765625,400.6400146484375,15756300.0
GLD,2026-03-27,406.20001220703125,418.3999938964844,405.4100036621094,414.70001220703125,16580700.0
GLD,2026-03-30,419.5400085449219,420.1000061035156,412.6600036621094,414.5799865722656,13172100.0
GLD,2026-03-31,420.0799865722656,430.57000732421875,419.5899963378906,430.2900085449219,14534300.0
GLD,2026-04-01,435.0,440.19000244140625,433.760009765625,437.82000732421875,14133100.0
GLD,2026-04-02,422.2900085449219,431.6700134277344,421.1700134277344,429.4100036621094,10838600.0
GLD,2026-04-06,428.8699951171875,431.489990234375,426.7099914550781,427.6499938964844,5417300.0
GLD,2026-04-07,427.8999938964844,433.42999267578125,423.1000061035156,431.80999755859375,7263500.0
GLD,2026-04-08,439.9800109863281,440.44000244140625,431.30999755859375,434.5299987792969,9689700.0
GLD,2026-04-09,436.4700012207031,440.9100036621094,435.8699951171875,437.9100036621094,6748500.0
GLD,2026-04-10,438.5899963378906,440.3500061035156,436.0,437.1300048828125,6193300.0
GLD,2026-04-13,434.7799987792969,436.2200012207031,431.6300048828125,435.3599853515625,5549400.0
GLD,2026-04-14,439.32000732421875,445.17999267578125,439.0199890136719,445.0899963378906,8731700.0
GLD,2026-04-15,442.8800048828125,443.739990234375,439.6000061035156,440.4599914550781,6455900.0
GLD,2026-04-16,442.1499938964844,442.9800109863281,438.17999267578125,440.0799865722656,5350100.0
GLD,2026-04-17,445.6499938964844,448.70001220703125,445.32000732421875,445.92999267578125,9712000.0
GLD,2026-04-20,443.1300048828125,443.4200134277344,440.04998779296875,442.0899963378906,8473000.0
GLD,2026-04-21,438.54998779296875,440.25,428.7099914550781,429.57000732421875,9480000.0
GLD,2026-04-22,436.2699890136719,437.1700134277344,433.7799987792969,435.260009765625,5178100.0
GLD,2026-04-23,433.9599914550781,435.2900085449219,428.2200012207031,431.0400085449219,4976400.0
GLD,2026-04-24,431.3399963378906,435.2799987792969,430.6499938964844,433.25,5924100.0
GLD,2026-04-27,431.6600036621094,431.79998779296875,428.5199890136719,429.8900146484375,6105200.0
GLD,2026-04-28,420.7200012207031,422.5199890136719,418.3999938964844,421.9100036621094,7723400.0
GLD,2026-04-29,416.739990234375,419.1700134277344,414.1600036621094,417.4100036621094,6452600.0
GLD,2026-04-30,425.3399963378906,425.4599914550781,422.739990234375,423.6600036621094,6732800.0
GLD,2026-05-01,421.4100036621094,427.92999267578125,421.0799865722656,423.17999267578125,5911500.0
GLD,2026-05-04,418.8399963378906,420.8599853515625,413.2799987792969,414.7099914550781,7285700.0
GLD,2026-05-05,420.1499938964844,421.1600036621094,417.9100036621094,418.2699890136719,4279900.0
GLD,2026-05-06,430.1499938964844,433.19000244140625,429.6000061035156,430.9599914550781,7013900.0
GLD,2026-05-07,435.6099853515625,437.4200134277344,430.25,431.67999267578125,6816200.0
GLD,2026-05-08,434.04998779296875,436.20001220703125,431.70001220703125,433.7699890136719,5380800.0
GLD,2026-05-11,434.17999267578125,436.0400085449219,432.2099914550781,434.6499938964844,5569100.0
GLD,2026-05-12,430.70001220703125,432.9800109863281,425.8500061035156,432.92999267578125,6660900.0
GLD,2026-05-13,430.5199890136719,432.489990234375,428.75,430.5,4180300.0
GLD,2026-05-14,430.29998779296875,431.5400085449219,427.1000061035156,427.2099914550781,4021400.0
GLD,2026-05-15,417.6400146484375,419.25,414.1199951171875,417.2900085449219,9360400.0
GLD,2026-05-18,419.82000732421875,420.92999267578125,416.05999755859375,418.42999267578125,5628300.0
GLD,2026-05-19,412.45001220703125,414.4700012207031,409.8800048828125,411.5,5419400.0
GLD,2026-05-20,412.1400146484375,417.989990234375,410.0799865722656,417.3999938964844,6005000.0
GLD,2026-05-21,413.1400146484375,418.4200134277344,411.95001220703125,416.989990234375,4679900.0
GLD,2026-05-22,415.1700134277344,415.67999267578125,412.0,413.82000732421875,5528400.0
GLD,2026-05-26,415.1600036621094,415.9800109863281,411.5,414.0,5098400.0
GLD,2026-05-27,404.3399963378906,409.25,404.29998779296875,408.489990234375,6624600.0
GLD,2026-05-28,406.4800109863281,414.510009765625,405.4100036621094,412.7699890136719,7184100.0
GLD,2026-05-29,415.6199951171875,421.82000732421875,415.0799865722656,417.1199951171875,7705700.0
GLD,2026-06-01,409.8599853515625,412.6099853515625,408.239990234375,411.260009765625,6158900.0
GLD,2026-06-02,414.0799865722656,414.3999938964844,411.1000061035156,411.95001220703125,3823900.0
GLD,2026-06-03,408.3800048828125,409.3800048828125,406.2300109863281,407.8699951171875,5038000.0
GLD,2026-06-04,413.3699951171875,414.3699951171875,409.010009765625,411.2699890136719,4646500.0
GLD,2026-06-05,404.3800048828125,404.7200012207031,395.9200134277344,396.239990234375,11473900.0
GLD,2026-06-08,397.5199890136719,398.9800109863281,396.0299987792969,397.2699890136719,8057300.0
GLD,2026-06-09,397.57000732421875,400.4800109863281,388.75,390.7799987792969,9567300.0
GLD,2026-06-10,380.75,384.2099914550781,374.54998779296875,374.5799865722656,13956200.0
GLD,2026-06-11,373.9599914550781,387.2099914550781,371.8800048828125,386.32000732421875,12622500.0
GLD,2026-06-12,385.7300109863281,388.7699890136719,383.3500061035156,386.5400085449219,7532600.0
GLD,2026-06-15,399.489990234375,401.0,396.1499938964844,396.54998779296875,10477100.0
GLD,2026-06-16,397.8299865722656,398.9599914550781,395.82000732421875,397.6300048828125,6004000.0
GLD,2026-06-17,397.82000732421875,402.0400085449219,387.0799865722656,388.6000061035156,13343000.0
GLD,2026-06-18,391.239990234375,392.5,385.6000061035156,387.1199951171875,7627300.0
GLD,2026-06-22,384.25,386.4100036621094,382.6400146484375,384.5899963378906,7835100.0
GLD,2026-06-23,377.7200012207031,380.3500061035156,377.1700134277344,377.32000732421875,7389600.0
GLD,2026-06-24,364.80999755859375,370.8999938964844,363.32000732421875,365.9200134277344,12741700.0
GLD,2026-06-25,368.989990234375,371.0400085449219,366.79998779296875,369.4599914550781,9137100.0
GLD,2026-06-26,372.2699890136719,375.8500061035156,371.17999267578125,373.6300048828125,5603300.0
GLD,2026-06-29,370.5799865722656,371.19000244140625,366.9700012207031,368.5799865722656,5006300.0
GLD,2026-06-30,369.2200012207031,372.8299865722656,368.260009765625,368.3800048828125,5302100.0
GLD,2026-07-01,371.2099914550781,377.7799987792969,370.2099914550781,370.6000061035156,9058300.0
GLD,2026-07-02,377.44000244140625,380.2699890136719,376.2900085449219,378.1300048828125,7592900.0
GLD,2026-07-06,380.2099914550781,382.42999267578125,378.8299865722656,382.1300048828125,3906500.0
GLD,2026-07-07,382.3900146484375,383.6000061035156,375.5199890136719,377.489990234375,4815400.0
GLD,2026-07-08,373.1700134277344,375.4700012207031,368.95001220703125,374.45001220703125,7728500.0
GLD,2026-07-09,378.510009765625,379.6499938964844,377.4100036621094,378.17999267578125,4754600.0
GLD,2026-07-10,375.0,377.54998779296875,373.70001220703125,377.010009765625,5455400.0
GLD,2026-07-13,372.7699890136719,372.8900146484375,365.7699890136719,367.1300048828125,7161700.0
GLD,2026-07-14,374.5299987792969,376.2799987792969,370.9200134277344,372.1499938964844,6303400.0
GLD,2026-07-15,372.1099853515625,374.489990234375,369.5,372.3500061035156,7683700.0
GLD,2026-07-16,367.45001220703125,368.42999267578125,364.04998779296875,364.9599914550781,9048000.0
GLD,2026-07-17,364.1099853515625,369.2099914550781,363.6000061035156,368.4100036621094,6456600.0
GLD,2026-07-20,367.7900085449219,368.7900085449219,366.79998779296875,367.6000061035156,3922500.0
GLD,2026-07-21,371.70001220703125,375.010009765625,371.07000732421875,374.80999755859375,6070600.0
GLD,2026-07-22,379.07000732421875,382.2200012207031,378.8299865722656,379.1199951171875,7115100.0
GLD,2026-07-23,372.3599853515625,373.0899963378906,370.5299987792969,371.5199890136719,9820600.0
GLD,2026-07-24,371.260009765625,374.489990234375,371.0299987792969,371.8999938964844,3852400.0
GLD,2026-07-27,373.8900146484375,375.5299987792969,372.9100036621094,374.6300048828125,3700000.0
GLD,2026-07-28,369.6099853515625,371.2300109863281,367.9800109863281,369.3699951171875,4819300.0
GLD,2026-07-29,368.2900085449219,377.6199951171875,366.5299987792969,371.0799865722656,11839900.0
GLD,2026-07-30,374.1600036621094,377.8599853515625,373.760009765625,377.1600036621094,5968400.0
GLD,2026-07-31,370.8399963378906,372.010009765625,368.82000732421875,371.5400085449219,6825900.0
GLD,2026-08-03,370.1000061035156,372.0400085449219,368.6400146484375,371.7099914550781,4968900.0
GLD,2026-08-04,374.1400146484375,376.69000244140625,373.7099914550781,374.1600036621094,5723100.0
GLD,2026-08-05,384.9599914550781,391.510009765625,384.32000732421875,389.6400146484375,14758700.0
GLD,2026-08-06,389.5,392.1199951171875,387.2699890136719,389.6700134277344,10954300.0
GLD,2026-08-07,399.6000061035156,400.6600036621094,396.95001220703125,398.4700012207031,13324500.0
GLD,2026-08-10,397.7099914550781,403.239990234375,395.92999267578125,402.5400085449219,11057000.0
GLD,2026-08-11,403.44000244140625,404.0299987792969,399.8900146484375,400.9599914550781,7439100.0
GLD,2026-08-12,405.30999755859375,407.3599853515625,403.2200012207031,404.9200134277344,10383100.0
GLD,2026-08-13,402.1700134277344,402.5799865722656,398.2799987792969,398.9599914550781,8695200.0
GLD,2026-08-14,402.17999267578125,403.3299865722656,400.94000244140625,401.4800109863281,6749800.0
GLD,2026-08-17,402.3399963378906,406.2300109863281,402.17999267578125,405.489990234375,9604100.0
GLD,2026-08-18,402.54998779296875,404.32000732421875,397.8699951171875,398.54998779296875,10660900.0
GLD,2026-08-19,408.80999755859375,414.0,407.4700012207031,413.8399963378906,17480700.0
GLD,2026-08-20,410.0799865722656,416.45001220703125,409.82000732421875,415.260009765625,13900900.0
GLD,2026-08-21,420.5299987792969,424.8900146484375,419.4200134277344,423.3599853515625,14529000.0
GLD,2026-08-24,428.54998779296875,429.4200134277344,424.20001220703125,426.69000244140625,18943000.0
GLD,2026-08-25,422.7799987792969,428.1400146484375,422.3299865722656,428.07000732421875,12450600.0
GLD,2026-08-26,423.0,424.95001220703125,420.30999755859375,421.32000732421875,9816500.0
GLD,2026-08-27,420.82000732421875,423.3500061035156,418.42999267578125,422.6000061035156,7089000.0
GLD,2026-08-28,422.239990234375,424.7900085449219,407.6199951171875,408.8900146484375,25044400.0
GLD,2026-08-31,407.760009765625,408.79998779296875,404.8999938964844,408.4200134277344,9490000.0
GLD,2026-09-01,398.2900085449219,401.25,396.45001220703125,396.75,13143000.0
GLD,2026-09-02,399.7099914550781,403.3299865722656,399.5799865722656,402.7799987792969,13714100.0
GLD,2026-09-03,410.7099914550781,413.5400085449219,408.5400085449219,410.2200012207031,12509500.0
GLD,2026-09-04,404.6600036621094,408.0,403.9599914550781,406.7699890136719,9813200.0
GLD,2026-09-08,403.55999755859375,404.2799987792969,399.4800109863281,399.7200012207031,8992200.0
GLD,2026-09-09,406.1099853515625,406.55999755859375,401.17999267578125,403.3500061035156,8188400.0
GLD,2026-09-10,399.5299987792969,401.1499938964844,395.45001220703125,396.3599853515625,10202900.0
GLD,2026-09-11,402.5299987792969,403.6499938964844,398.1400146484375,398.7699890136719,10963000.0
GLD,2026-09-14,391.8900146484375,395.8999938964844,390.9599914550781,392.8399963378906,7435100.0
GLD,2026-09-15,393.1099853515625,395.30999755859375,391.80999755859375,394.1499938964844,6705500.0
GLD,2026-09-16,398.9100036621094,400.6000061035156,388.3900146484375,391.739990234375,15773200.0
GLD,2026-09-17,400.2799987792969,401.44000244140625,398.0400085449219,398.3599853515625,7746100.0
SLV,2024-09-19,28.25,28.389999389648438,27.920000076293945,28.09000015258789,18852800.0
SLV,2024-09-20,28.399999618530273,28.600000381469727,28.18000030517578,28.40999984741211,21649400.0
SLV,2024-09-23,28.229999542236328,28.299999237060547,27.93000030517578,27.979999542236328,24206300.0
SLV,2024-09-24,28.270000457763672,29.440000534057617,28.170000076293945,29.3799991607666,41629900.0
SLV,2024-09-25,29.100000381469727,29.420000076293945,28.799999237060547,29.059999465942383,26627000.0
SLV,2024-09-26,29.31999969482422,29.459999084472656,28.940000534057617,29.260000228881836,23692000.0
SLV,2024-09-27,29.34000015258789,29.469999313354492,28.59000015258789,28.860000610351562,27109600.0
SLV,2024-09-30,28.510000228881836,28.540000915527344,28.170000076293945,28.40999984741211,16578100.0
SLV,2024-10-01,28.780000686645508,29.059999465942383,28.549999237060547,28.579999923706055,23796400.0
SLV,2024-10-02,29.1299991607666,29.459999084472656,28.68000030517578,29.0,21103100.0
SLV,2024-10-03,28.90999984741211,29.3700008392334,28.790000915527344,29.229999542236328,18907400.0
SLV,2024-10-04,29.229999542236328,30.06999969482422,28.979999542236328,29.360000610351562,39083200.0
SLV,2024-10-07,29.010000228881836,29.079999923706055,28.709999084472656,28.93000030517578,20872000.0
SLV,2024-10-08,28.40999984741211,28.530000686645508,27.469999313354492,28.010000228881836,39037200.0
SLV,2024-10-09,27.6200008392334,27.989999771118164,27.559999465942383,27.860000610351562,20157900.0
SLV,2024-10-10,27.969999313354492,28.43000030517578,27.920000076293945,28.3799991607666,18329100.0
SLV,2024-10-11,28.600000381469727,28.8700008392334,28.59000015258789,28.799999237060547,17096600.0
SLV,2024-10-14,28.469999313354492,28.760000228881836,28.299999237060547,28.540000915527344,13515700.0
SLV,2024-10-15,28.520000457763672,28.899999618530273,28.420000076293945,28.709999084472656,16871700.0
SLV,2024-10-16,29.1200008392334,29.350000381469727,28.770000457763672,28.90999984741211,17789700.0
SLV,2024-10-17,28.920000076293945,29.200000762939453,28.549999237060547,28.889999389648438,15369500.0
SLV,2024-10-18,29.469999313354492,30.719999313354492,29.420000076293945,30.639999389648438,45090400.0
SLV,2024-10-21,31.1299991607666,31.229999542236328,30.510000228881836,30.850000381469727,36669700.0
SLV,2024-10-22,31.399999618530273,31.799999237060547,31.239999771118164,31.739999771118164,37066100.0
SLV,2024-10-23,31.100000381469727,31.110000610351562,30.479999542236328,30.709999084472656,37351700.0
SLV,2024-10-24,31.190000534057617,31.229999542236328,30.299999237060547,30.690000534057617,29251500.0
SLV,2024-10-25,30.579999923706055,31.020000457763672,30.469999313354492,30.6299991607666,19517500.0
SLV,2024-10-28,30.709999084472656,30.989999771118164,30.6200008392334,30.729999542236328,16296900.0
SLV,2024-10-29,31.170000076293945,31.510000228881836,31.059999465942383,31.389999389648438,22508800.0
SLV,2024-10-30,30.739999771118164,30.979999542236328,30.450000762939453,30.809999465942383,20900100.0
SLV,2024-10-31,30.34000015258789,30.360000610351562,29.6200008392334,29.809999465942383,33075000.0
SLV,2024-11-01,30.059999465942383,30.190000534057617,29.479999542236328,29.540000915527344,22164900.0
SLV,2024-11-04,29.799999237060547,29.889999389648438,29.43000030517578,29.6299991607666,13044500.0
SLV,2024-11-05,29.950000762939453,30.020000457763672,29.690000534057617,29.75,12188500.0
SLV,2024-11-06,28.190000534057617,28.649999618530273,28.110000610351562,28.43000030517578,33038000.0
SLV,2024-11-07,28.920000076293945,29.299999237060547,28.790000915527344,29.110000610351562,21432200.0
SLV,2024-11-08,28.969999313354492,29.030000686645508,28.43000030517578,28.479999542236328,20235200.0
SLV,2024-11-11,27.969999313354492,28.020000457763672,27.719999313354492,27.969999313354492,24582600.0
SLV,2024-11-12,28.0,28.09000015258789,27.790000915527344,28.06999969482422,16561200.0
SLV,2024-11-13,28.25,28.280000686645508,27.600000381469727,27.610000610351562,16530500.0
SLV,2024-11-14,27.59000015258789,27.940000534057617,27.510000228881836,27.809999465942383,18059900.0
SLV,2024-11-15,28.040000915527344,28.079999923706055,27.5,27.56999969482422,18838400.0
SLV,2024-11-18,28.18000030517578,28.5,28.15999984741211,28.3799991607666,15731300.0
SLV,2024-11-19,28.459999084472656,28.530000686645508,28.290000915527344,28.5,12751100.0
SLV,2024-11-20,28.389999389648438,28.450000762939453,28.049999237060547,28.100000381469727,11137900.0
SLV,2024-11-21,28.270000457763672,28.299999237060547,27.920000076293945,28.040000915527344,11030500.0
SLV,2024-11-22,28.270000457763672,28.549999237060547,28.200000762939453,28.469999313354492,13173900.0
SLV,2024-11-25,27.719999313354492,27.739999771118164,27.399999618530273,27.6299991607666,22478400.0
SLV,2024-11-26,27.799999237060547,27.829999923706055,27.600000381469727,27.799999237060547,10484700.0
SLV,2024-11-27,27.75,27.84000015258789,27.31999969482422,27.450000762939453,22858600.0
SLV,2024-11-29,27.969999313354492,28.020000457763672,27.81999969482422,27.920000076293945,9663900.0
SLV,2024-12-02,27.850000381469727,27.8700008392334,27.610000610351562,27.790000915527344,9925400.0
SLV,2024-12-03,28.229999542236328,28.329999923706055,27.989999771118164,28.280000686645508,14543600.0
SLV,2024-12-04,28.360000610351562,28.690000534057617,28.299999237060547,28.530000686645508,22762400.0
SLV,2024-12-05,28.489999771118164,28.59000015258789,28.260000228881836,28.559999465942383,16123000.0
SLV,2024-12-06,28.31999969482422,28.5,28.079999923706055,28.25,13195500.0
SLV,2024-12-09,29.209999084472656,29.43000030517578,28.950000762939453,28.979999542236328,37481100.0
SLV,2024-12-10,29.170000076293945,29.25,28.969999313354492,28.989999771118164,43997000.0
SLV,2024-12-11,28.950000762939453,29.34000015258789,28.899999618530273,29.040000915527344,23582300.0
SLV,2024-12-12,28.6200008392334,28.639999389648438,28.1200008392334,28.200000762939453,34794100.0
SLV,2024-12-13,27.84000015258789,27.8700008392334,27.59000015258789,27.75,20326700.0
SLV,2024-12-16,27.90999984741211,27.90999984741211,27.760000228881836,27.799999237060547,9124900.0
SLV,2024-12-17,27.709999084472656,27.84000015258789,27.469999313354492,27.809999465942383,17504700.0
SLV,2024-12-18,27.559999465942383,27.639999389648438,26.770000457763672,26.850000381469727,27794500.0
SLV,2024-12-19,26.56999969482422,26.649999618530273,26.190000534057617,26.520000457763672,31083900.0
SLV,2024-12-20,26.610000610351562,27.059999465942383,26.579999923706055,26.920000076293945,17487600.0
SLV,2024-12-23,26.93000030517578,27.06999969482422,26.790000915527344,26.989999771118164,14473900.0
SLV,2024-12-24,27.0,27.049999237060547,26.8799991607666,27.020000457763672,3967700.0
SLV,2024-12-26,27.1200008392334,27.209999084472656,26.93000030517578,27.139999389648438,8244000.0
SLV,2024-12-27,26.889999389648438,26.959999084472656,26.719999313354492,26.760000228881836,9643500.0
SLV,2024-12-30,26.600000381469727,26.610000610351562,26.239999771118164,26.43000030517578,18853900.0
SLV,2024-12-31,26.229999542236328,26.440000534057617,26.219999313354492,26.329999923706055,8008400.0
SLV,2025-01-02,26.719999313354492,26.959999084472656,26.700000762939453,26.93000030517578,12368000.0
SLV,2025-01-03,27.190000534057617,27.229999542236328,26.90999984741211,26.979999542236328,8637600.0
SLV,2025-01-06,27.1299991607666,27.489999771118164,27.06999969482422,27.239999771118164,13037000.0
SLV,2025-01-07,27.639999389648438,27.68000030517578,27.309999465942383,27.329999923706055,17407700.0
SLV,2025-01-08,27.610000610351562,27.649999618530273,27.149999618530273,27.399999618530273,12926300.0
SLV,2025-01-10,27.93000030517578,27.940000534057617,27.549999237060547,27.610000610351562,24079100.0
SLV,2025-01-13,27.0,27.190000534057617,26.8700008392334,26.959999084472656,16965400.0
SLV,2025-01-14,27.030000686645508,27.309999465942383,27.010000228881836,27.200000762939453,11798000.0
SLV,2025-01-15,27.690000534057617,27.979999542236328,27.469999313354492,27.959999084472656,19890700.0
SLV,2025-01-16,27.979999542236328,28.200000762939453,27.8799991607666,28.040000915527344,20900100.0
SLV,2025-01-17,27.5,27.760000228881836,27.440000534057617,27.610000610351562,18974600.0
SLV,2025-01-21,27.940000534057617,28.06999969482422,27.850000381469727,28.040000915527344,15214400.0
SLV,2025-01-22,27.959999084472656,28.15999984741211,27.81999969482422,28.049999237060547,21195100.0
SLV,2025-01-23,27.520000457763672,27.780000686645508,27.40999984741211,27.770000457763672,23481100.0
SLV,2025-01-24,27.940000534057617,28.079999923706055,27.809999465942383,27.90999984741211,13750100.0
SLV,2025-01-27,27.5,27.739999771118164,27.049999237060547,27.459999084472656,22691500.0
SLV,2025-01-28,27.530000686645508,27.760000228881836,27.389999389648438,27.6299991607666,15636500.0
SLV,2025-01-29,28.059999465942383,28.209999084472656,27.850000381469727,28.0,28857800.0
SLV,2025-01-30,28.649999618530273,28.899999618530273,28.530000686645508,28.719999313354492,38787700.0
SLV,2025-01-31,28.770000457763672,28.850000381469727,28.389999389648438,28.510000228881836,26107000.0
SLV,2025-02-03,28.549999237060547,28.850000381469727,28.200000762939453,28.670000076293945,31728900.0
SLV,2025-02-04,29.110000610351562,29.479999542236328,29.020000457763672,29.219999313354492,41977300.0
SLV,2025-02-05,29.360000610351562,29.6299991607666,29.309999465942383,29.350000381469727,34873700.0
SLV,2025-02-06,29.239999771118164,29.40999984741211,28.90999984741211,29.3799991607666,17723200.0
SLV,2025-02-07,29.56999969482422,29.739999771118164,28.940000534057617,29.030000686645508,26954000.0
SLV,2025-02-10,29.149999618530273,29.360000610351562,29.079999923706055,29.200000762939453,14171300.0
SLV,2025-02-11,28.860000610351562,29.110000610351562,28.81999969482422,29.0,13779100.0
SLV,2025-02-12,29.200000762939453,29.469999313354492,29.06999969482422,29.34000015258789,16716600.0
SLV,2025-02-13,29.190000534057617,29.479999542236328,29.1200008392334,29.459999084472656,17030700.0
SLV,2025-02-14,30.239999771118164,30.280000686645508,29.200000762939453,29.309999465942383,34965900.0
SLV,2025-02-18,29.6200008392334,29.959999084472656,29.56999969482422,29.90999984741211,20511100.0
SLV,2025-02-19,29.75,29.84000015258789,29.530000686645508,29.809999465942383,13660600.0
SLV,2025-02-20,29.979999542236328,30.1299991607666,29.8799991607666,29.950000762939453,15420400.0
SLV,2025-02-21,30.020000457763672,30.030000686645508,29.579999923706055,29.59000015258789,15515800.0
SLV,2025-02-24,29.56999969482422,29.6200008392334,29.209999084472656,29.440000534057617,13995200.0
SLV,2025-02-25,29.170000076293945,29.299999237060547,28.469999313354492,28.829999923706055,22142400.0
SLV,2025-02-26,28.780000686645508,29.100000381469727,28.65999984741211,28.940000534057617,10231000.0
SLV,2025-02-27,28.940000534057617,28.940000534057617,28.3799991607666,28.399999618530273,16680000.0
SLV,2025-02-28,28.18000030517578,28.399999618530273,28.040000915527344,28.309999465942383,13692000.0
SLV,2025-03-03,28.860000610351562,28.989999771118164,28.65999984741211,28.75,16522000.0
SLV,2025-03-04,29.040000915527344,29.139999389648438,28.639999389648438,29.0,13767900.0
SLV,2025-03-05,29.229999542236328,29.780000686645508,29.209999084472656,29.770000457763672,25486300.0
SLV,2025-03-06,29.5,29.829999923706055,29.469999313354492,29.690000534057617,16888500.0
SLV,2025-03-07,29.389999389648438,29.68000030517578,29.219999313354492,29.59000015258789,18786400.0
SLV,2025-03-10,29.559999465942383,29.579999923706055,29.059999465942383,29.110000610351562,15889000.0
SLV,2025-03-11,29.59000015258789,30.020000457763672,29.579999923706055,29.959999084472656,23227800.0
SLV,2025-03-12,30.020000457763672,30.34000015258789,29.940000534057617,30.219999313354492,18764800.0
SLV,2025-03-13,30.200000762939453,30.899999618530273,30.1299991607666,30.739999771118164,37624000.0
SLV,2025-03-14,30.90999984741211,30.93000030517578,30.510000228881836,30.709999084472656,23520700.0
SLV,2025-03-17,30.420000076293945,30.850000381469727,30.420000076293945,30.809999465942383,20973700.0
SLV,2025-03-18,31.100000381469727,31.149999618530273,30.81999969482422,30.850000381469727,20424600.0
SLV,2025-03-19,30.68000030517578,30.8799991607666,30.450000762939453,30.75,23258500.0
SLV,2025-03-20,30.270000457763672,30.540000915527344,30.229999542236328,30.5,12842100.0
SLV,2025-03-21,30.209999084472656,30.25,29.719999313354492,30.020000457763672,17198900.0
SLV,2025-03-24,30.1299991607666,30.239999771118164,29.920000076293945,29.959999084472656,17493700.0
SLV,2025-03-25,30.549999237060547,30.760000228881836,30.520000457763672,30.579999923706055,19168000.0
SLV,2025-03-26,30.709999084472656,30.760000228881836,30.479999542236328,30.530000686645508,13616800.0
SLV,2025-03-27,30.770000457763672,31.3799991607666,30.68000030517578,31.31999969482422,34298400.0
SLV,2025-03-28,31.389999389648438,31.40999984741211,30.860000610351562,31.0,25160200.0
SLV,2025-03-31,30.770000457763672,31.020000457763672,30.479999542236328,30.989999771118164,18403300.0
SLV,2025-04-01,30.8700008392334,30.90999984741211,30.440000534057617,30.6299991607666,22261800.0
SLV,2025-04-02,30.739999771118164,30.969999313354492,30.639999389648438,30.760000228881836,20976600.0
SLV,2025-04-03,28.950000762939453,29.510000228881836,28.860000610351562,28.889999389648438,46008100.0
SLV,2025-04-04,27.959999084472656,28.020000457763672,26.56999969482422,27.079999923706055,73174500.0
SLV,2025-04-07,27.299999237060547,27.84000015258789,26.920000076293945,27.139999389648438,37531600.0
SLV,2025-04-08,27.6299991607666,27.780000686645508,26.959999084472656,27.139999389648438,19629400.0
SLV,2025-04-09,27.610000610351562,28.239999771118164,27.450000762939453,28.059999465942383,38180100.0
SLV,2025-04-10,28.110000610351562,28.420000076293945,27.809999465942383,28.280000686645508,23059800.0
SLV,2025-04-11,28.790000915527344,29.3700008392334,28.68000030517578,29.190000534057617,36908500.0
SLV,2025-04-14,29.100000381469727,29.459999084472656,28.8799991607666,29.3799991607666,29268900.0
SLV,2025-04-15,29.360000610351562,29.459999084472656,29.200000762939453,29.40999984741211,24273700.0
SLV,2025-04-16,29.850000381469727,30.020000457763672,29.700000762939453,29.760000228881836,21282500.0
SLV,2025-04-17,29.540000915527344,29.690000534057617,29.170000076293945,29.549999237060547,13649400.0
SLV,2025-04-21,29.950000762939453,30.010000228881836,29.549999237060547,29.790000915527344,17295400.0
SLV,2025-04-22,29.790000915527344,30.149999618530273,29.5,29.5,27253600.0
SLV,2025-04-23,29.809999465942383,30.6200008392334,29.709999084472656,30.559999465942383,31975000.0
SLV,2025-04-24,30.309999465942383,30.59000015258789,30.1299991607666,30.559999465942383,15405500.0
SLV,2025-04-25,29.959999084472656,30.100000381469727,29.790000915527344,30.049999237060547,19326000.0
SLV,2025-04-28,30.079999923706055,30.200000762939453,29.829999923706055,30.190000534057617,18288000.0
SLV,2025-04-29,30.450000762939453,30.5,29.81999969482422,29.829999923706055,24967300.0
SLV,2025-04-30,29.68000030517578,29.809999465942383,29.440000534057617,29.600000381469727,22126700.0
SLV,2025-05-01,29.40999984741211,29.549999237060547,29.170000076293945,29.389999389648438,14830500.0
SLV,2025-05-02,29.6200008392334,29.649999618530273,29.040000915527344,29.1200008392334,14040900.0
SLV,2025-05-05,29.549999237060547,29.559999465942383,29.25,29.479999542236328,10052300.0
SLV,2025-05-06,30.200000762939453,30.239999771118164,30.0,30.219999313354492,17870800.0
SLV,2025-05-07,29.770000457763672,29.8700008392334,29.31999969482422,29.489999771118164,14080800.0
SLV,2025-05-08,29.600000381469727,29.780000686645508,29.360000610351562,29.459999084472656,13209300.0
SLV,2025-05-09,29.700000762939453,29.889999389648438,29.649999618530273,29.799999237060547,8963000.0
SLV,2025-05-12,29.670000076293945,29.739999771118164,29.43000030517578,29.6299991607666,14642000.0
SLV,2025-05-13,29.690000534057617,30.010000228881836,29.610000610351562,29.93000030517578,13094100.0
SLV,2025-05-14,29.43000030517578,29.510000228881836,29.15999984741211,29.25,14048500.0
SLV,2025-05-15,29.25,29.6200008392334,29.18000030517578,29.610000610351562,10062200.0
SLV,2025-05-16,29.200000762939453,29.3799991607666,29.100000381469727,29.299999237060547,9275600.0
SLV,2025-05-19,29.43000030517578,29.530000686645508,29.309999465942383,29.420000076293945,11078100.0
SLV,2025-05-20,29.530000686645508,30.1299991607666,29.5,30.1299991607666,14474100.0
SLV,2025-05-21,30.18000030517578,30.530000686645508,30.100000381469727,30.510000228881836,19504900.0
SLV,2025-05-22,30.010000228881836,30.110000610351562,29.780000686645508,30.030000686645508,15320500.0
SLV,2025-05-23,30.190000534057617,30.5,30.020000457763672,30.450000762939453,15098100.0
SLV,2025-05-27,30.040000915527344,30.25,29.979999542236328,30.229999542236328,12301000.0
SLV,2025-05-28,30.149999618530273,30.229999542236328,29.959999084472656,29.979999542236328,11211700.0
SLV,2025-05-29,30.290000915527344,30.31999969482422,30.049999237060547,30.299999237060547,12160600.0
SLV,2025-05-30,30.1200008392334,30.190000534057617,29.780000686645508,30.0,14305400.0
SLV,2025-06-02,30.850000381469727,31.600000381469727,30.719999313354492,31.59000015258789,37873300.0
SLV,2025-06-03,31.270000457763672,31.469999313354492,31.06999969482422,31.440000534057617,23158800.0
SLV,2025-06-04,31.31999969482422,31.43000030517578,31.229999542236328,31.34000015258789,19730500.0
SLV,2025-06-05,32.630001068115234,32.779998779296875,32.09000015258789,32.45000076293945,51807500.0
SLV,2025-06-06,32.91999816894531,32.97999954223633,32.54999923706055,32.689998626708984,30260200.0
SLV,2025-06-09,33.099998474121094,33.540000915527344,33.0,33.38999938964844,33931400.0
SLV,2025-06-10,33.310001373291016,33.36000061035156,33.0099983215332,33.22999954223633,29120900.0
SLV,2025-06-11,32.91999816894531,33.040000915527344,32.75,32.95000076293945,34712100.0
SLV,2025-06-12,32.849998474121094,33.060001373291016,32.790000915527344,33.060001373291016,21111600.0
SLV,2025-06-13,33.02000045776367,33.060001373291016,32.790000915527344,32.970001220703125,21713100.0
SLV,2025-06-16,33.099998474121094,33.150001525878906,32.900001525878906,33.029998779296875,14883300.0
SLV,2025-06-17,33.630001068115234,33.869998931884766,33.45000076293945,33.7400016784668,26824900.0
SLV,2025-06-18,33.7400016784668,33.75,33.209999084472656,33.27000045776367,21945600.0
SLV,2025-06-20,32.779998779296875,32.790000915527344,32.56999969482422,32.720001220703125,25415200.0
SLV,2025-06-23,32.810001373291016,33.04999923706055,32.779998779296875,32.959999084472656,18661900.0
SLV,2025-06-24,32.54999923706055,32.630001068115234,32.060001373291016,32.61000061035156,20982400.0
SLV,2025-06-25,32.529998779296875,33.0099983215332,32.4900016784668,33.0099983215332,12254300.0
SLV,2025-06-26,33.130001068115234,33.369998931884766,33.0,33.34000015258789,15255200.0
SLV,2025-06-27,32.560001373291016,32.900001525878906,32.529998779296875,32.619998931884766,17596300.0
SLV,2025-06-30,32.720001220703125,32.81999969482422,32.619998931884766,32.810001373291016,10565300.0
SLV,2025-07-01,32.93000030517578,33.119998931884766,32.709999084472656,32.72999954223633,13436400.0
SLV,2025-07-02,33.029998779296875,33.2400016784668,32.93000030517578,33.2400016784668,13673500.0
SLV,2025-07-03,33.41999816894531,33.54999923706055,33.290000915527344,33.5099983215332,10356200.0
SLV,2025-07-07,33.060001373291016,33.439998626708984,33.02000045776367,33.43000030517578,12133000.0
SLV,2025-07-08,33.33000183105469,33.36000061035156,32.970001220703125,33.290000915527344,17473100.0
SLV,2025-07-09,33.09000015258789,33.13999938964844,32.959999084472656,33.0,17764100.0
SLV,2025-07-10,33.310001373291016,33.7599983215332,33.11000061035156,33.75,44301500.0
SLV,2025-07-11,34.20000076293945,35.06999969482422,34.150001525878906,35.029998779296875,57917800.0
SLV,2025-07-14,35.220001220703125,35.290000915527344,34.61000061035156,34.630001068115234,40685400.0
SLV,2025-07-15,34.689998626708984,34.720001220703125,34.130001068115234,34.2599983215332,34082300.0
SLV,2025-07-16,34.38999938964844,34.56999969482422,34.04999923706055,34.40999984741211,26483200.0
SLV,2025-07-17,34.29999923706055,34.68000030517578,34.16999816894531,34.650001525878906,14813500.0
SLV,2025-07-18,34.790000915527344,34.86000061035156,34.599998474121094,34.61000061035156,18305300.0
SLV,2025-07-21,35.11000061035156,35.4900016784668,35.09000015258789,35.349998474121094,28710500.0
SLV,2025-07-22,35.54999923706055,35.720001220703125,35.16999816894531,35.720001220703125,25205300.0
SLV,2025-07-23,35.7599983215332,35.90999984741211,35.470001220703125,35.689998626708984,21882800.0
SLV,2025-07-24,35.36000061035156,35.54999923706055,35.2400016784668,35.4900016784668,11319800.0
SLV,2025-07-25,35.279998779296875,35.38999938964844,34.47999954223633,34.65999984741211,24958300.0
SLV,2025-07-28,34.650001525878906,34.689998626708984,34.43000030517578,34.63999938964844,16543400.0
SLV,2025-07-29,34.63999938964844,34.779998779296875,34.47999954223633,34.65999984741211,10705700.0
SLV,2025-07-30,34.119998931884766,34.29999923706055,33.400001525878906,33.5099983215332,35325600.0
SLV,2025-07-31,33.29999923706055,33.349998474121094,33.099998474121094,33.31999969482422,15454400.0
SLV,2025-08-01,33.7599983215332,33.77000045776367,33.38999938964844,33.59000015258789,16787200.0
SLV,2025-08-04,33.93000030517578,34.04999923706055,33.849998474121094,33.97999954223633,9725800.0
SLV,2025-08-05,34.0099983215332,34.40999984741211,33.9900016784668,34.349998474121094,16451200.0
SLV,2025-08-06,34.38999938964844,34.470001220703125,34.290000915527344,34.349998474121094,8747600.0
SLV,2025-08-07,34.849998474121094,34.9900016784668,34.52000045776367,34.7599983215332,21996100.0
SLV,2025-08-08,34.779998779296875,34.88999938964844,34.5099983215332,34.880001068115234,15786100.0
SLV,2025-08-11,34.34000015258789,34.43000030517578,34.18000030517578,34.18000030517578,10749300.0
SLV,2025-08-12,34.2400016784668,34.529998779296875,34.11000061035156,34.40999984741211,12098000.0
SLV,2025-08-13,34.869998931884766,35.040000915527344,34.849998474121094,35.0,13185600.0
SLV,2025-08-14,34.650001525878906,34.75,34.349998474121094,34.5,15819700.0
SLV,2025-08-15,34.34000015258789,34.52000045776367,34.220001220703125,34.5,13881700.0
SLV,2025-08-18,34.65999984741211,34.68000030517578,34.470001220703125,34.54999923706055,8670800.0
SLV,2025-08-19,34.470001220703125,34.540000915527344,33.849998474121094,33.869998931884766,18812900.0
SLV,2025-08-20,34.209999084472656,34.45000076293945,34.20000076293945,34.43000030517578,10903400.0
SLV,2025-08-21,34.47999954223633,34.689998626708984,34.45000076293945,34.61000061035156,10597900.0
SLV,2025-08-22,34.459999084472656,35.470001220703125,34.400001525878906,35.34000015258789,26003300.0
SLV,2025-08-25,35.06999969482422,35.349998474121094,35.02000045776367,35.02000045776367,10286400.0
SLV,2025-08-26,34.900001525878906,35.099998474121094,34.880001068115234,35.02000045776367,13836600.0
SLV,2025-08-27,34.72999954223633,35.08000183105469,34.61000061035156,34.9900016784668,10084200.0
SLV,2025-08-28,35.40999984741211,35.52000045776367,35.22999954223633,35.52000045776367,21079100.0
SLV,2025-08-29,35.349998474121094,36.290000915527344,35.31999969482422,36.189998626708984,28952900.0
SLV,2025-09-02,36.630001068115234,37.16999816894531,36.43000030517578,37.150001525878906,35875300.0
SLV,2025-09-03,37.33000183105469,37.63999938964844,37.18000030517578,37.34000015258789,27291200.0
SLV,2025-09-04,37.20000076293945,37.220001220703125,36.630001068115234,36.93000030517578,45258500.0
SLV,2025-09-05,37.40999984741211,37.599998474121094,36.970001220703125,37.209999084472656,25435500.0
SLV,2025-09-08,37.56999969482422,37.83000183105469,37.36000061035156,37.5099983215332,25019700.0
SLV,2025-09-09,37.43000030517578,37.58000183105469,37.0099983215332,37.18000030517578,24001200.0
SLV,2025-09-10,37.349998474121094,37.4900016784668,37.2400016784668,37.40999984741211,17743600.0
SLV,2025-09-11,37.369998931884766,37.91999816894531,37.33000183105469,37.790000915527344,19051500.0
SLV,2025-09-12,38.2400016784668,38.45000076293945,38.150001525878906,38.34000015258789,19902300.0
SLV,2025-09-15,38.29999923706055,38.790000915527344,38.25,38.7599983215332,22225100.0
SLV,2025-09-16,39.0,39.0099983215332,38.34000015258789,38.599998474121094,25319700.0
SLV,2025-09-17,38.040000915527344,38.34000015258789,37.349998474121094,37.790000915527344,31045500.0
SLV,2025-09-18,37.849998474121094,38.0,37.61000061035156,37.9900016784668,13289200.0
SLV,2025-09-19,38.2599983215332,39.119998931884766,38.189998626708984,39.040000915527344,36776300.0
SLV,2025-09-22,39.5,40.04999923706055,39.34000015258789,40.040000915527344,32055400.0
SLV,2025-09-23,40.310001373291016,40.36000061035156,39.790000915527344,39.959999084472656,28492600.0
SLV,2025-09-24,40.130001068115234,40.15999984741211,39.63999938964844,39.81999969482422,31533200.0
SLV,2025-09-25,40.459999084472656,41.060001373291016,40.119998931884766,41.029998779296875,36395800.0
SLV,2025-09-26,41.22999954223633,42.33000183105469,41.09000015258789,41.86000061035156,44578500.0
SLV,2025-09-29,42.459999084472656,42.75,42.18000030517578,42.5,41290300.0
SLV,2025-09-30,41.790000915527344,42.459999084472656,41.70000076293945,42.369998931884766,34884200.0
SLV,2025-10-01,43.029998779296875,43.400001525878906,42.869998931884766,42.90999984741211,44341800.0
SLV,2025-10-02,43.56999969482422,43.59000015258789,41.65999984741211,42.529998779296875,58242300.0
SLV,2025-10-03,43.33000183105469,43.95000076293945,43.04999923706055,43.52000045776367,47523500.0
SLV,2025-10-06,44.0099983215332,44.2599983215332,43.88999938964844,44.060001373291016,34114000.0
SLV,2025-10-07,43.970001220703125,43.9900016784668,42.95000076293945,43.38999938964844,42769100.0
SLV,2025-10-08,44.43000030517578,45.0099983215332,44.279998779296875,44.560001373291016,59455700.0
SLV,2025-10-09,46.27000045776367,46.349998474121094,42.810001373291016,44.709999084472656,110701700.0
SLV,2025-10-10,45.47999954223633,46.0,44.880001068115234,45.43000030517578,67017000.0
SLV,2025-10-13,46.939998626708984,47.439998626708984,46.58000183105469,47.2599983215332,57830400.0
SLV,2025-10-14,45.9900016784668,47.2599983215332,45.77000045776367,46.79999923706055,57821500.0
SLV,2025-10-15,47.75,48.40999984741211,47.41999816894531,48.33000183105469,41672900.0
SLV,2025-10-16,48.099998474121094,49.25,48.0,49.16999816894531,48853000.0
SLV,2025-10-17,48.459999084472656,48.59000015258789,45.880001068115234,46.9900016784668,86492600.0
SLV,2025-10-20,47.7599983215332,47.83000183105469,47.060001373291016,47.720001220703125,35933500.0
SLV,2025-10-21,45.189998626708984,45.380001068115234,43.310001373291016,43.790000915527344,81395300.0
SLV,2025-10-22,43.7400016784668,44.130001068115234,43.279998779296875,43.880001068115234,43270000.0
SLV,2025-10-23,44.720001220703125,44.869998931884766,44.16999816894531,44.18000030517578,24565600.0
SLV,2025-10-24,44.08000183105469,44.38999938964844,43.84000015258789,43.9900016784668,24014000.0
SLV,2025-10-27,42.970001220703125,43.060001373291016,41.70000076293945,42.400001525878906,42914100.0
SLV,2025-10-28,42.36000061035156,42.90999984741211,42.22999954223633,42.70000076293945,27782000.0
SLV,2025-10-29,43.84000015258789,43.939998626708984,42.83000183105469,43.22999954223633,27351700.0
SLV,2025-10-30,43.68000030517578,44.439998626708984,43.540000915527344,44.34000015258789,30333200.0
SLV,2025-10-31,44.47999954223633,44.52000045776367,43.88999938964844,44.0099983215332,21310900.0
SLV,2025-11-03,44.25,44.36000061035156,43.560001373291016,43.7599983215332,17946700.0
SLV,2025-11-04,43.040000915527344,43.439998626708984,42.5099983215332,42.7400016784668,26679100.0
SLV,2025-11-05,43.4900016784668,43.790000915527344,43.349998474121094,43.650001525878906,16178500.0
SLV,2025-11-06,43.65999984741211,43.900001525878906,43.2400016784668,43.54999923706055,15957900.0
SLV,2025-11-07,44.02000045776367,44.22999954223633,43.5099983215332,43.91999816894531,16493100.0
SLV,2025-11-10,45.16999816894531,45.869998931884766,45.0099983215332,45.790000915527344,20763800.0
SLV,2025-11-11,46.279998779296875,46.47999954223633,45.599998474121094,46.45000076293945,19693700.0
SLV,2025-11-12,47.099998474121094,48.70000076293945,46.88999938964844,48.31999969482422,51559700.0
SLV,2025-11-13,48.290000915527344,48.41999816894531,47.209999084472656,47.41999816894531,39328400.0
SLV,2025-11-14,45.77000045776367,46.709999084472656,45.400001525878906,45.959999084472656,31793500.0
SLV,2025-11-17,45.810001373291016,46.2599983215332,44.95000076293945,45.470001220703125,23582000.0
SLV,2025-11-18,45.869998931884766,46.439998626708984,45.59000015258789,46.099998474121094,20909400.0
SLV,2025-11-19,46.79999923706055,47.5,45.689998626708984,46.45000076293945,30797100.0
SLV,2025-11-20,46.2599983215332,46.63999938964844,45.540000915527344,45.779998779296875,28460400.0
SLV,2025-11-21,44.900001525878906,45.95000076293945,44.7599983215332,45.29999923706055,26351900.0
SLV,2025-11-24,45.40999984741211,46.63999938964844,45.36000061035156,46.630001068115234,21486800.0
SLV,2025-11-25,46.54999923706055,46.77000045776367,45.970001220703125,46.66999816894531,24006600.0
SLV,2025-11-26,47.310001373291016,48.45000076293945,47.150001525878906,48.400001525878906,26280300.0
SLV,2025-11-28,49.66999816894531,51.27000045776367,49.58000183105469,51.209999084472656,41350000.0
SLV,2025-12-01,51.9900016784668,53.36000061035156,51.61000061035156,52.52000045776367,66064100.0
SLV,2025-12-02,52.83000183105469,53.20000076293945,51.77000045776367,53.130001068115234,43952700.0
SLV,2025-12-03,52.9900016784668,53.38999938964844,52.41999816894531,53.06999969482422,33817700.0
SLV,2025-12-04,52.279998779296875,52.36000061035156,51.13999938964844,51.7599983215332,48740300.0
SLV,2025-12-05,52.709999084472656,53.81999969482422,52.529998779296875,52.95000076293945,43566000.0
SLV,2025-12-08,52.88999938964844,52.970001220703125,52.2599983215332,52.709999084472656,19711200.0
SLV,2025-12-09,53.38999938964844,55.189998626708984,53.36000061035156,55.16999816894531,59738900.0
SLV,2025-12-10,55.130001068115234,56.220001220703125,54.47999954223633,56.06999969482422,54915000.0
SLV,2025-12-11,56.77000045776367,58.29999923706055,56.470001220703125,57.619998931884766,67910900.0
SLV,2025-12-12,58.529998779296875,58.560001373291016,55.130001068115234,56.099998474121094,78667400.0
SLV,2025-12-15,57.84000015258789,58.20000076293945,57.02000045776367,58.11000061035156,43227800.0
SLV,2025-12-16,57.61000061035156,57.9900016784668,57.099998474121094,57.72999954223633,32461300.0
SLV,2025-12-17,59.27000045776367,60.63999938964844,59.04999923706055,60.2599983215332,65128000.0
SLV,2025-12-18,59.81999969482422,60.029998779296875,58.58000183105469,59.31999969482422,47603400.0
SLV,2025-12-19,59.790000915527344,61.15999984741211,59.689998626708984,60.93000030517578,42610000.0
SLV,2025-12-22,62.599998474121094,62.81999969482422,61.7400016784668,62.470001220703125,50621700.0
SLV,2025-12-23,63.68000030517578,64.87999725341797,62.369998931884766,64.83999633789062,75680000.0
SLV,2025-12-24,65.08000183105469,65.52999877929688,63.61000061035156,65.22000122070312,58826000.0
SLV,2025-12-26,67.83000183105469,71.2300033569336,67.3499984741211,71.12000274658203,139161200.0
SLV,2025-12-29,65.66000366210938,66.48999786376953,63.91999816894531,66.01000213623047,153207900.0
SLV,2025-12-30,69.11000061035156,70.76000213623047,68.02999877929688,68.9800033569336,117759200.0
SLV,2025-12-31,65.54000091552734,66.87999725341797,63.529998779296875,64.41999816894531,114745300.0
SLV,2026-01-02,67.30000305175781,67.36000061035156,64.75,65.75,75553300.0
SLV,2026-01-05,69.44999694824219,70.5999984741211,68.5199966430664,69.08000183105469,103313300.0
SLV,2026-01-06,71.43000030517578,73.83999633789062,71.3499984741211,73.70999908447266,105539100.0
SLV,2026-01-07,69.81999969482422,71.55000305175781,69.22000122070312,70.95999908447266,93679500.0
SLV,2026-01-08,67.23999786376953,69.7699966430664,66.91999816894531,69.70999908447266,77918300.0
SLV,2026-01-09,71.30999755859375,72.98999786376953,70.87000274658203,72.37999725341797,90650100.0
SLV,2026-01-12,76.11000061035156,78.18000030517578,76.0,77.2300033569336,105429600.0
SLV,2026-01-13,80.02999877929688,80.80000305175781,77.86000061035156,78.5999984741211,140656900.0
SLV,2026-01-14,83.33999633789062,84.77999877929688,81.27999877929688,84.55999755859375,177419400.0
SLV,2026-01-15,80.73999786376953,84.33000183105469,80.54000091552734,83.31999969482422,160702100.0
SLV,2026-01-16,80.33000183105469,81.5199966430664,78.75,81.0199966430664,132767200.0
SLV,2026-01-20,86.19000244140625,86.33000183105469,84.37999725341797,85.38999938964844,101272300.0
SLV,2026-01-21,85.5999984741211,85.9000015258789,81.88999938964844,83.95999908447266,141683900.0
SLV,2026-01-22,84.79000091552734,87.5199966430664,84.70999908447266,87.12999725341797,86965000.0
SLV,2026-01-23,90.19000244140625,92.9800033569336,89.66999816894531,92.91000366210938,143739100.0
SLV,2026-01-26,99.37000274658203,106.69999694824219,96.51000213623047,98.33999633789062,393030300.0
SLV,2026-01-27,97.9800033569336,101.73999786376953,95.06999969482422,101.58999633789062,215489700.0
SLV,2026-01-28,102.77999877929688,106.44999694824219,100.0,105.5999984741211,184566000.0
SLV,2026-01-29,109.52999877929688,109.83000183105469,96.73999786376953,105.56999969482422,246351300.0
SLV,2026-01-30,89.33000183105469,92.13999938964844,69.12000274658203,75.44000244140625,510687700.0
SLV,2026-02-02,73.80000305175781,74.91999816894531,68.26000213623047,72.44000244140625,220063200.0
SLV,2026-02-03,79.05000305175781,80.72000122070312,74.91000366210938,76.95999908447266,175508800.0
SLV,2026-02-04,82.5999984741211,82.80000305175781,75.76000213623047,79.18000030517578,130805800.0
SLV,2026-02-05,68.2300033569336,70.5199966430664,65.51000213623047,66.69000244140625,170928000.0
SLV,2026-02-06,67.72000122070312,70.83999633789062,67.45999908447266,70.19000244140625,71262700.0
SLV,2026-02-09,72.87999725341797,76.16000366210938,72.55000305175781,76.04000091552734,88229100.0
SLV,2026-02-10,74.72000122070312,75.25,72.45999908447266,73.41000366210938,68588500.0
SLV,2026-02-11,76.91999816894531,76.98999786376953,74.80000305175781,76.55999755859375,75806900.0
SLV,2026-02-12,75.19000244140625,75.66999816894531,67.36000061035156,67.7300033569336,128437700.0
SLV,2026-02-13,71.20999908447266,71.31999969482422,68.86000061035156,69.72000122070312,69570800.0
SLV,2026-02-17,67.2699966430664,67.69999694824219,65.13999938964844,66.37000274658203,82561700.0
SLV,2026-02-18,69.66000366210938,70.97000122070312,69.06999969482422,70.08999633789062,63749400.0
SLV,2026-02-19,70.68000030517578,71.66999816894531,69.8499984741211,71.01000213623047,49022500.0
SLV,2026-02-20,73.11000061035156,76.68000030517578,72.25,76.62000274658203,86636800.0
SLV,2026-02-23,78.4000015258789,80.69999694824219,77.91000366210938,80.56999969482422,94752100.0
SLV,2026-02-24,78.2300033569336,79.94000244140625,77.94000244140625,79.08000183105469,56012600.0
SLV,2026-02-25,81.86000061035156,82.7300033569336,79.87999725341797,80.04000091552734,64933100.0
SLV,2026-02-26,78.76000213623047,80.56999969482422,72.5199966430664,80.44999694824219,52050400.0
SLV,2026-02-27,83.25,85.2699966430664,82.36000061035156,84.98999786376953,69525200.0
SLV,2026-03-02,81.16999816894531,82.37000274658203,78.33999633789062,81.56999969482422,96957600.0
SLV,2026-03-03,74.20999908447266,76.13999938964844,71.68000030517578,74.68000030517578,89651700.0
SLV,2026-03-04,76.33999633789062,77.05999755859375,74.41000366210938,75.33999633789062,39022500.0
SLV,2026-03-05,74.94000244140625,75.5199966430664,73.01000213623047,74.2699966430664,49446300.0
SLV,2026-03-06,75.08999633789062,76.97000122070312,74.58000183105469,75.94000244140625,40550700.0
SLV,2026-03-09,76.43000030517578,78.55999755859375,75.23999786376953,78.26000213623047,34865500.0
SLV,2026-03-10,80.88999938964844,81.27999877929688,78.7300033569336,80.08999633789062,37263700.0
SLV,2026-03-11,78.02999877929688,78.05999755859375,76.44999694824219,77.91000366210938,30665400.0
SLV,2026-03-12,78.52999877929688,78.54000091552734,76.36000061035156,76.4800033569336,29762300.0
SLV,2026-03-13,76.06999969482422,76.27999877929688,71.91999816894531,72.69000244140625,46251900.0
SLV,2026-03-16,73.26000213623047,73.95999908447266,72.01000213623047,73.22000122070312,37193100.0
SLV,2026-03-17,73.16000366210938,73.72000122070312,70.83999633789062,71.66000366210938,32991800.0
SLV,2026-03-18,69.51000213623047,70.55000305175781,68.66000366210938,68.69999694824219,46745900.0
SLV,2026-03-19,61.900001525878906,65.73999786376953,60.849998474121094,65.68000030517578,96191600.0
SLV,2026-03-20,64.68000030517578,64.95999908447266,61.25,61.52000045776367,56912300.0
SLV,2026-03-23,61.29999923706055,64.11000061035156,60.97999954223633,62.470001220703125,72440000.0
SLV,2026-03-24,61.619998931884766,63.689998626708984,61.27000045776367,62.95000076293945,48268000.0
SLV,2026-03-25,66.04000091552734,66.4000015258789,64.4800033569336,65.20999908447266,38165900.0
SLV,2026-03-26,62.099998474121094,63.13999938964844,60.369998931884766,60.77000045776367,56080500.0
SLV,2026-03-27,61.43000030517578,64.87999725341797,61.220001220703125,63.439998626708984,52470800.0
SLV,2026-03-30,64.45999908447266,64.62999725341797,63.02000045776367,63.52000045776367,30512000.0
SLV,2026-03-31,65.83999633789062,68.19999694824219,65.69000244140625,68.13999938964844,42141600.0
SLV,2026-04-01,67.95999908447266,68.91000366210938,67.37999725341797,68.13999938964844,38360700.0
SLV,2026-04-02,63.54999923706055,66.2300033569336,63.4900016784668,65.79000091552734,37002900.0
SLV,2026-04-06,65.8499984741211,66.29000091552734,65.22000122070312,66.08999633789062,18134500.0
SLV,2026-04-07,65.27999877929688,66.19000244140625,63.20000076293945,65.94000244140625,30458600.0
SLV,2026-04-08,69.7300033569336,69.93000030517578,66.5199966430664,67.47000122070312,31631900.0
SLV,2026-04-09,67.62000274658203,69.33999633789062,67.16999816894531,68.38999938964844,27210000.0
SLV,2026-04-10,69.0999984741211,69.55000305175781,68.55999755859375,69.08000183105469,20820600.0
SLV,2026-04-13,67.16999816894531,68.68000030517578,66.58000183105469,68.27999877929688,25330600.0
SLV,2026-04-14,70.33000183105469,72.06999969482422,70.2699966430664,72.04000091552734,33053300.0
SLV,2026-04-15,71.91999816894531,72.9000015258789,71.3499984741211,71.83999633789062,23587700.0
SLV,2026-04-16,71.91999816894531,72.22000122070312,70.66000366210938,71.23999786376953,21529700.0
SLV,2026-04-17,73.88999938964844,75.16000366210938,73.41999816894531,73.62999725341797,35188600.0
SLV,2026-04-20,72.6500015258789,72.81999969482422,71.80999755859375,72.1500015258789,20811500.0
SLV,2026-04-21,70.98999786376953,71.55999755859375,68.3499984741211,68.48999786376953,31487000.0
SLV,2026-04-22,70.55000305175781,70.95999908447266,70.2300033569336,70.37000274658203,14416100.0
SLV,2026-04-23,68.7699966430664,69.23999786376953,67.5199966430664,68.37999725341797,21937400.0
SLV,2026-04-24,68.29000091552734,69.41999816894531,68.0999984741211,68.79000091552734,16377900.0
SLV,2026-04-27,68.30000305175781,68.55000305175781,67.55000305175781,68.33000183105469,13347200.0
SLV,2026-04-28,65.79000091552734,66.54000091552734,65.37000274658203,66.19999694824219,21555800.0
SLV,2026-04-29,64.95999908447266,65.2699966430664,64.12999725341797,64.83999633789062,18681700.0
SLV,2026-04-30,66.69999694824219,66.80999755859375,65.87999725341797,66.66000366210938,16140700.0
SLV,2026-05-01,67.58000183105469,69.6500015258789,67.51000213623047,68.29000091552734,20237200.0
SLV,2026-05-04,66.38999938964844,67.58000183105469,65.61000061035156,65.94000244140625,20986400.0
SLV,2026-05-05,66.7699966430664,66.94999694824219,65.8499984741211,65.91000366210938,12632100.0
SLV,2026-05-06,69.55999755859375,70.38999938964844,69.44000244140625,70.12999725341797,24490800.0
SLV,2026-05-07,73.27999877929688,74.33000183105469,71.16000366210938,71.5999984741211,33453100.0
SLV,2026-05-08,73.29000091552734,73.83000183105469,72.27999877929688,73.01000213623047,19126000.0
SLV,2026-05-11,77.05000305175781,78.0,76.13999938964844,78.0,38320800.0
SLV,2026-05-12,76.5,78.62000274658203,75.1500015258789,78.55000305175781,30999500.0
SLV,2026-05-13,78.66000366210938,80.86000061035156,78.2699966430664,79.3499984741211,31013600.0
SLV,2026-05-14,77.29000091552734,77.29000091552734,75.38999938964844,75.51000213623047,27151500.0
SLV,2026-05-15,69.73999786376953,70.05999755859375,68.55000305175781,69.04000091552734,45770100.0
SLV,2026-05-18,70.2300033569336,70.7699966430664,68.87999725341797,69.94000244140625,22926600.0
SLV,2026-05-19,66.68000030517578,67.80000305175781,66.11000061035156,66.9000015258789,23057300.0
SLV,2026-05-20,67.81999969482422,69.33000183105469,67.33000183105469,68.7300033569336,22463200.0
SLV,2026-05-21,67.68000030517578,69.75,67.30999755859375,69.44999694824219,17099100.0
SLV,2026-05-22,68.86000061035156,69.05999755859375,67.80000305175781,68.36000061035156,14406300.0
SLV,2026-05-26,69.0199966430664,69.7300033569336,68.58999633789062,69.72000122070312,15492500.0
SLV,2026-05-27,66.87999725341797,67.91999816894531,66.87999725341797,67.5,15831700.0
SLV,2026-05-28,66.55000305175781,68.76000213623047,66.16000366210938,68.36000061035156,18945000.0
SLV,2026-05-29,68.55999755859375,69.3499984741211,67.4800033569336,68.33000183105469,16549300.0
SLV,2026-06-01,67.48999786376953,68.23999786376953,66.80000305175781,67.66999816894531,16531500.0
SLV,2026-06-02,68.69000244140625,69.02999877929688,67.62999725341797,67.98999786376953,11642600.0
SLV,2026-06-03,67.0,67.13999938964844,66.0999984741211,66.20999908447266,13716200.0
SLV,2026-06-04,67.5,67.72000122070312,66.19999694824219,66.9800033569336,11803600.0
SLV,2026-06-05,64.05999755859375,64.25,61.36000061035156,61.56999969482422,37795100.0
SLV,2026-06-08,62.029998779296875,62.29999923706055,61.2400016784668,61.58000183105469,22342200.0
SLV,2026-06-09,61.81999969482422,62.43000030517578,58.220001220703125,59.0099983215332,34115100.0
SLV,2026-06-10,58.189998626708984,59.470001220703125,57.630001068115234,57.65999984741211,28661800.0
SLV,2026-06-11,57.45000076293945,61.099998474121094,57.29999923706055,60.81999969482422,30766100.0
SLV,2026-06-12,60.529998779296875,61.83000183105469,59.869998931884766,61.290000915527344,21271700.0
SLV,2026-06-15,64.27999877929688,64.5,63.2400016784668,63.470001220703125,19878900.0
SLV,2026-06-16,63.70000076293945,63.849998474121094,62.7599983215332,63.38999938964844,16353800.0
SLV,2026-06-17,63.540000915527344,64.69000244140625,60.38999938964844,60.61000061035156,33399800.0
SLV,2026-06-18,60.7400016784668,61.119998931884766,58.849998474121094,59.5099983215332,28928200.0
SLV,2026-06-22,60.09000015258789,60.33000183105469,58.75,58.90999984741211,16469800.0
SLV,2026-06-23,56.15999984741211,56.5099983215332,55.470001220703125,55.72999954223633,20777800.0
SLV,2026-06-24,52.939998626708984,53.900001525878906,50.310001373291016,51.779998779296875,51913700.0
SLV,2026-06-25,52.709999084472656,53.20000076293945,51.5,52.36000061035156,24606600.0
SLV,2026-06-26,52.869998931884766,53.869998931884766,52.459999084472656,53.279998779296875,15469200.0
SLV,2026-06-29,52.779998779296875,52.93000030517578,51.93000030517578,52.68000030517578,14264300.0
SLV,2026-06-30,53.33000183105469,54.650001525878906,53.189998626708984,53.470001220703125,15720000.0
SLV,2026-07-01,53.33000183105469,55.15999984741211,53.22999954223633,53.58000183105469,16209100.0
SLV,2026-07-02,55.11000061035156,56.130001068115234,54.56999969482422,55.02000045776367,16907700.0
SLV,2026-07-06,55.7400016784668,56.369998931884766,55.61000061035156,56.11000061035156,13649000.0
SLV,2026-07-07,55.38999938964844,55.939998626708984,53.75,54.459999084472656,14497800.0
SLV,2026-07-08,52.7599983215332,53.09000015258789,51.720001220703125,52.83000183105469,20091200.0
SLV,2026-07-09,54.11000061035156,54.779998779296875,53.9900016784668,54.13999938964844,11833000.0
SLV,2026-07-10,53.689998626708984,54.290000915527344,53.22999954223633,53.95000076293945,11734300.0
SLV,2026-07-13,52.95000076293945,53.0,51.779998779296875,52.15999984741211,17653100.0
SLV,2026-07-14,53.529998779296875,53.939998626708984,52.86000061035156,53.16999816894531,13208700.0
SLV,2026-07-15,52.709999084472656,52.900001525878906,51.189998626708984,52.209999084472656,16315300.0
SLV,2026-07-16,50.90999984741211,51.08000183105469,50.02000045776367,50.38999938964844,19377900.0
SLV,2026-07-17,49.70000076293945,50.81999969482422,49.61000061035156,50.779998779296875,15482000.0
SLV,2026-07-20,51.20000076293945,51.70000076293945,50.95000076293945,50.97999954223633,12897600.0
SLV,2026-07-21,52.86000061035156,53.52000045776367,52.65999984741211,53.08000183105469,12776300.0
SLV,2026-07-22,53.779998779296875,55.08000183105469,53.779998779296875,53.91999816894531,13925300.0
SLV,2026-07-23,52.09000015258789,52.459999084472656,51.77000045776367,52.060001373291016,13725000.0
SLV,2026-07-24,52.34000015258789,53.33000183105469,52.29999923706055,52.59000015258789,11134400.0
SLV,2026-07-27,53.040000915527344,53.33000183105469,52.56999969482422,52.93000030517578,13115200.0
SLV,2026-07-28,51.61000061035156,52.0099983215332,51.189998626708984,51.70000076293945,10764300.0
SLV,2026-07-29,51.720001220703125,53.560001373291016,51.27000045776367,51.77000045776367,20374100.0
SLV,2026-07-30,52.349998474121094,53.54999923706055,52.209999084472656,53.5,16206600.0
SLV,2026-07-31,51.95000076293945,52.41999816894531,51.540000915527344,52.36000061035156,11609700.0
SLV,2026-08-03,51.25,52.619998931884766,51.119998931884766,52.459999084472656,11966300.0
SLV,2026-08-04,53.970001220703125,54.279998779296875,53.58000183105469,53.84000015258789,14035800.0
SLV,2026-08-05,56.099998474121094,56.75,55.79999923706055,56.06999969482422,21619200.0
SLV,2026-08-06,55.459999084472656,55.880001068115234,55.0,55.849998474121094,13389000.0
SLV,2026-08-07,58.0,58.18000030517578,56.9900016784668,57.5,20302100.0
SLV,2026-08-10,57.79999923706055,59.720001220703125,57.52000045776367,59.40999984741211,21772600.0
SLV,2026-08-11,58.66999816894531,58.9900016784668,58.15999984741211,58.54999923706055,13408900.0
SLV,2026-08-12,59.58000183105469,59.959999084472656,58.790000915527344,59.060001373291016,18592000.0
SLV,2026-08-13,58.810001373291016,58.880001068115234,58.0099983215332,58.15999984741211,11660000.0
SLV,2026-08-14,58.83000183105469,59.369998931884766,58.41999816894531,58.47999954223633,10303500.0
SLV,2026-08-17,59.0,60.150001525878906,58.95000076293945,59.56999969482422,12275100.0
SLV,2026-08-18,58.619998931884766,59.0099983215332,57.22999954223633,57.439998626708984,13479500.0
SLV,2026-08-19,58.900001525878906,60.04999923706055,58.59000015258789,60.0099983215332,21288000.0
SLV,2026-08-20,60.2599983215332,62.33000183105469,60.2599983215332,61.65999984741211,24147900.0
SLV,2026-08-21,62.900001525878906,63.209999084472656,62.2599983215332,62.720001220703125,22835500.0
SLV,2026-08-24,62.810001373291016,63.029998779296875,61.72999954223633,62.20000076293945,19895200.0
SLV,2026-08-25,60.9900016784668,62.619998931884766,60.939998626708984,62.31999969482422,14178700.0
SLV,2026-08-26,61.59000015258789,61.959999084472656,61.02000045776367,61.59000015258789,12864800.0
SLV,2026-08-27,61.66999816894531,62.970001220703125,61.08000183105469,62.77000045776367,14484700.0
SLV,2026-08-28,63.93000030517578,64.30999755859375,59.72999954223633,60.02000045776367,36189800.0
SLV,2026-08-31,60.38999938964844,60.41999816894531,59.65999984741211,60.130001068115234,14752300.0
SLV,2026-09-01,58.38999938964844,59.060001373291016,57.849998474121094,57.91999816894531,17814000.0
SLV,2026-09-02,58.72999954223633,59.2400016784668,58.54999923706055,59.06999969482422,10760600.0
SLV,2026-09-03,60.02000045776367,60.95000076293945,59.599998474121094,60.54999923706055,13837400.0
SLV,2026-09-04,59.15999984741211,59.970001220703125,59.130001068115234,59.81999969482422,12642800.0
SLV,2026-09-08,59.869998931884766,60.150001525878906,59.209999084472656,59.369998931884766,9745800.0
SLV,2026-09-09,61.16999816894531,61.709999084472656,60.15999984741211,60.720001220703125,20478000.0
SLV,2026-09-10,58.41999816894531,58.72999954223633,57.380001068115234,57.5,23370700.0
SLV,2026-09-11,58.72999954223633,58.959999084472656,57.880001068115234,58.119998931884766,15711600.0
SLV,2026-09-14,56.84000015258789,57.68000030517578,56.650001525878906,56.84000015258789,14182100.0
SLV,2026-09-15,57.47999954223633,57.75,56.95000076293945,57.529998779296875,11807700.0
SLV,2026-09-16,58.349998474121094,58.630001068115234,56.279998779296875,57.04999923706055,20877500.0
SLV,2026-09-17,59.040000915527344,59.75,58.88999938964844,58.970001220703125,14094000.0
PPLT,2024-09-19,9.034000396728516,9.086999893188477,9.0,9.048999786376953,862000.0
PPLT,2024-09-20,9.022000312805176,9.034000396728516,8.928999900817871,8.958000183105469,1164000.0
PPLT,2024-09-23,8.817999839782715,8.88599967956543,8.786999702453613,8.79800033569336,2033000.0
PPLT,2024-09-24,8.925000190734863,9.088000297546387,8.906000137329102,9.081000328063965,2838000.0
PPLT,2024-09-25,9.095999717712402,9.13599967956543,9.032999992370605,9.069999694824219,2387000.0
PPLT,2024-09-26,9.237000465393066,9.305000305175781,9.199000358581543,9.27400016784668,2069000.0
PPLT,2024-09-27,9.29699993133545,9.309000015258789,9.184000015258789,9.184000015258789,1827000.0
PPLT,2024-09-30,9.0,9.0,8.904000282287598,8.979999542236328,2764000.0
PPLT,2024-10-01,9.076000213623047,9.175999641418457,9.050000190734863,9.109999656677246,1673000.0
PPLT,2024-10-02,9.258999824523926,9.288000106811523,9.164999961853027,9.23900032043457,2587000.0
PPLT,2024-10-03,9.050000190734863,9.142000198364258,9.01200008392334,9.111000061035156,2011000.0
PPLT,2024-10-04,9.128000259399414,9.229999542236328,9.074000358581543,9.095999717712402,1052000.0
PPLT,2024-10-07,8.98900032043457,9.024999618530273,8.902000427246094,8.940999984741211,1484000.0
PPLT,2024-10-08,8.82699966430664,8.831999778747559,8.72599983215332,8.793000221252441,1841000.0
PPLT,2024-10-09,8.67199993133545,8.753999710083008,8.65999984741211,8.732000350952148,1328000.0
PPLT,2024-10-10,8.743000030517578,8.916000366210938,8.743000030517578,8.906999588012695,1180000.0
PPLT,2024-10-11,8.96500015258789,9.04699993133545,8.925999641418457,9.024999618530273,1279000.0
PPLT,2024-10-14,9.038000106811523,9.154999732971191,8.982999801635742,9.135000228881836,1503000.0
PPLT,2024-10-15,9.027000427246094,9.081999778747559,8.967000007629395,9.04699993133545,1458000.0
PPLT,2024-10-16,9.125,9.168999671936035,9.067999839782715,9.128000259399414,1274000.0
PPLT,2024-10-17,9.196000099182129,9.243000030517578,9.059000015258789,9.116000175476074,1938000.0
PPLT,2024-10-18,9.234000205993652,9.3149995803833,9.173999786376953,9.29800033569336,2786000.0
PPLT,2024-10-21,9.331999778747559,9.338000297546387,9.197999954223633,9.22700023651123,2213000.0
PPLT,2024-10-22,9.347999572753906,9.458999633789062,9.3100004196167,9.451000213623047,3180000.0
PPLT,2024-10-23,9.380999565124512,9.399999618530273,9.27299976348877,9.352999687194824,3315000.0
PPLT,2024-10-24,9.5,9.520000457763672,9.32800006866455,9.425000190734863,3627000.0
PPLT,2024-10-25,9.324999809265137,9.40999984741211,9.300000190734863,9.35099983215332,3088000.0
PPLT,2024-10-28,9.423999786376953,9.51099967956543,9.418000221252441,9.479000091552734,1477000.0
PPLT,2024-10-29,9.595999717712402,9.637999534606934,9.569999694824219,9.597999572753906,1668000.0
PPLT,2024-10-30,9.302000045776367,9.368000030517578,9.260000228881836,9.274999618530273,2810000.0
PPLT,2024-10-31,9.241000175476074,9.241000175476074,9.02299976348877,9.095999717712402,2564000.0
PPLT,2024-11-01,9.180000305175781,9.218000411987305,9.050999641418457,9.060999870300293,1543000.0
PPLT,2024-11-04,9.079999923706055,9.11299991607666,8.965999603271484,9.005999565124512,2004000.0
PPLT,2024-11-05,9.187999725341797,9.194999694824219,9.104000091552734,9.14799976348877,976000.0
PPLT,2024-11-06,8.880000114440918,9.079999923706055,8.831000328063965,9.074000358581543,2320000.0
PPLT,2024-11-07,9.050000190734863,9.144000053405762,9.031000137329102,9.126999855041504,1931000.0
PPLT,2024-11-08,9.017999649047852,9.043999671936035,8.854999542236328,8.875,2826000.0
PPLT,2024-11-11,8.920999526977539,8.947999954223633,8.781999588012695,8.822999954223633,2268000.0
PPLT,2024-11-12,8.743000030517578,8.743000030517578,8.604000091552734,8.678000450134277,2303000.0
PPLT,2024-11-13,8.652999877929688,8.675999641418457,8.569999694824219,8.571000099182129,3355000.0
PPLT,2024-11-14,8.588000297546387,8.64900016784668,8.539999961853027,8.604000091552734,1423000.0
PPLT,2024-11-15,8.6899995803833,8.706000328063965,8.588000297546387,8.607999801635742,1250000.0
PPLT,2024-11-18,8.79800033569336,8.880000114440918,8.763999938964844,8.86400032043457,2072000.0
PPLT,2024-11-19,8.869999885559082,8.946000099182129,8.862000465393066,8.916000366210938,1020000.0
PPLT,2024-11-20,8.890000343322754,8.890000343322754,8.777000427246094,8.784000396728516,1149000.0
PPLT,2024-11-21,8.800000190734863,8.857000350952148,8.737000465393066,8.833000183105469,1718000.0
PPLT,2024-11-22,8.807999610900879,8.883999824523926,8.802000045776367,8.824000358581543,1033000.0
PPLT,2024-11-25,8.708000183105469,8.729999542236328,8.595000267028809,8.60099983215332,1910000.0
PPLT,2024-11-26,8.51099967956543,8.565999984741211,8.458999633789062,8.494999885559082,2247000.0
PPLT,2024-11-27,8.550000190734863,8.604999542236328,8.494999885559082,8.513999938964844,1158000.0
PPLT,2024-11-29,8.595000267028809,8.722000122070312,8.583999633789062,8.706000328063965,545000.0
PPLT,2024-12-02,8.649999618530273,8.692999839782715,8.595000267028809,8.67199993133545,1305000.0
PPLT,2024-12-03,8.779999732971191,8.789999961853027,8.713000297546387,8.723999977111816,2766000.0
PPLT,2024-12-04,8.600000381469727,8.692000389099121,8.593999862670898,8.621000289916992,1488000.0
PPLT,2024-12-05,8.58899974822998,8.626999855041504,8.552000045776367,8.583999633789062,972000.0
PPLT,2024-12-06,8.550000190734863,8.57800006866455,8.501999855041504,8.503999710083008,1575000.0
PPLT,2024-12-09,8.713000297546387,8.743000030517578,8.581000328063965,8.590999603271484,2264000.0
PPLT,2024-12-10,8.553999900817871,8.63599967956543,8.539999961853027,8.619999885559082,1665000.0
PPLT,2024-12-11,8.583000183105469,8.635000228881836,8.5649995803833,8.590999603271484,1087000.0
PPLT,2024-12-12,8.54800033569336,8.592000007629395,8.505999565124512,8.53499984741211,873000.0
PPLT,2024-12-13,8.49899959564209,8.505999565124512,8.406000137329102,8.430000305175781,1837000.0
PPLT,2024-12-16,8.61299991607666,8.633000373840332,8.541999816894531,8.569000244140625,1324000.0
PPLT,2024-12-17,8.550000190734863,8.61299991607666,8.515999794006348,8.590999603271484,833000.0
PPLT,2024-12-18,8.508999824523926,8.548999786376953,8.409000396728516,8.427000045776367,1357000.0
PPLT,2024-12-19,8.47700023651123,8.48900032043457,8.414999961853027,8.463000297546387,1361000.0
PPLT,2024-12-20,8.48900032043457,8.553999900817871,8.470000267028809,8.491999626159668,1784000.0
PPLT,2024-12-23,8.595000267028809,8.604999542236328,8.538000106811523,8.583000183105469,1043000.0
PPLT,2024-12-24,8.60099983215332,8.64900016784668,8.600000381469727,8.631999969482422,511000.0
PPLT,2024-12-26,8.600000381469727,8.602999687194824,8.515000343322754,8.585000038146973,1944000.0
PPLT,2024-12-27,8.515000343322754,8.520000457763672,8.402999877929688,8.42199993133545,2355000.0
PPLT,2024-12-30,8.399999618530273,8.399999618530273,8.234999656677246,8.265999794006348,6682000.0
PPLT,2024-12-31,8.282999992370605,8.366000175476074,8.282999992370605,8.305000305175781,2016000.0
PPLT,2025-01-02,8.420000076293945,8.467000007629395,8.380000114440918,8.458999633789062,2644000.0
PPLT,2025-01-03,8.581000328063965,8.616000175476074,8.545000076293945,8.569999694824219,1720000.0
PPLT,2025-01-06,8.602999687194824,8.640999794006348,8.512999534606934,8.555000305175781,840000.0
PPLT,2025-01-07,8.729000091552734,8.748000144958496,8.659000396728516,8.71500015258789,3166000.0
PPLT,2025-01-08,8.74899959564209,8.781999588012695,8.6899995803833,8.76200008392334,1489000.0
PPLT,2025-01-10,8.850000381469727,8.859000205993652,8.725000381469727,8.777999877929688,2148000.0
PPLT,2025-01-13,8.75,8.8100004196167,8.685999870300293,8.706999778747559,1878000.0
PPLT,2025-01-14,8.657999992370605,8.677000045776367,8.597000122070312,8.609999656677246,1170000.0
PPLT,2025-01-15,8.647000312805176,8.647000312805176,8.529999732971191,8.602999687194824,2279000.0
PPLT,2025-01-16,8.633000373840332,8.645999908447266,8.53600025177002,8.553999900817871,730000.0
PPLT,2025-01-17,8.64900016784668,8.649999618530273,8.595999717712402,8.612000465393066,1568000.0
PPLT,2025-01-21,8.654999732971191,8.692000389099121,8.630999565124512,8.649999618530273,931000.0
PPLT,2025-01-22,8.680000305175781,8.718999862670898,8.652999877929688,8.678999900817871,1008000.0
PPLT,2025-01-23,8.66100025177002,8.692000389099121,8.611000061035156,8.682999610900879,844000.0
PPLT,2025-01-24,8.692999839782715,8.725000381469727,8.664999961853027,8.687999725341797,850000.0
PPLT,2025-01-27,8.668000221252441,8.718999862670898,8.61400032043457,8.675000190734863,1058000.0
PPLT,2025-01-28,8.600000381469727,8.649999618530273,8.571000099182129,8.619000434875488,1046000.0
PPLT,2025-01-29,8.678000450134277,8.722000122070312,8.659000396728516,8.704000473022461,1454000.0
PPLT,2025-01-30,8.812999725341797,8.880000114440918,8.781999588012695,8.87600040435791,2329000.0
PPLT,2025-01-31,8.901000022888184,9.0,8.901000022888184,8.979000091552734,1829000.0
PPLT,2025-02-03,8.824999809265137,8.878000259399414,8.788999557495117,8.831000328063965,2683000.0
PPLT,2025-02-04,8.880999565124512,8.935999870300293,8.845000267028809,8.850000381469727,1569000.0
PPLT,2025-02-05,8.916000366210938,9.038999557495117,8.90999984741211,8.984000205993652,2708000.0
PPLT,2025-02-06,9.059000015258789,9.095000267028809,8.968999862670898,9.072999954223633,2482000.0
PPLT,2025-02-07,9.121000289916992,9.123000144958496,8.897000312805176,8.897000312805176,2263000.0
PPLT,2025-02-10,9.00100040435791,9.119000434875488,9.00100040435791,9.053000450134277,2354000.0
PPLT,2025-02-11,9.052000045776367,9.071999549865723,8.977999687194824,9.020999908447266,1348000.0
PPLT,2025-02-12,9.074000358581543,9.145000457763672,9.060999870300293,9.085000038146973,2652000.0
PPLT,2025-02-13,9.090999603271484,9.149999618530273,9.057999610900879,9.149999618530273,1351000.0
PPLT,2025-02-14,9.126999855041504,9.126999855041504,8.95300006866455,8.961000442504883,3006000.0
PPLT,2025-02-18,8.97599983215332,9.027999877929688,8.925999641418457,9.001999855041504,2029000.0
PPLT,2025-02-19,8.88700008392334,8.9399995803833,8.857999801635742,8.9399995803833,4013000.0
PPLT,2025-02-20,8.939000129699707,8.984000205993652,8.932000160217285,8.961999893188477,1037000.0
PPLT,2025-02-21,8.916000366210938,8.930000305175781,8.862000465393066,8.869000434875488,1971000.0
PPLT,2025-02-24,8.833000183105469,8.864999771118164,8.777999877929688,8.819999694824219,2245000.0
PPLT,2025-02-25,8.819999694824219,8.843999862670898,8.75,8.843000411987305,1415000.0
PPLT,2025-02-26,8.843000411987305,8.90999984741211,8.819000244140625,8.845000267028809,1176000.0
PPLT,2025-02-27,8.805000305175781,8.805000305175781,8.652000427246094,8.678000450134277,3306000.0
PPLT,2025-02-28,8.602999687194824,8.647000312805176,8.550999641418457,8.638999938964844,2668000.0
PPLT,2025-03-03,8.777999877929688,8.819999694824219,8.678000450134277,8.718000411987305,2564000.0
PPLT,2025-03-04,8.744000434875488,8.819999694824219,8.708999633789062,8.774999618530273,1776000.0
PPLT,2025-03-05,8.805999755859375,8.883000373840332,8.79800033569336,8.847000122070312,1874000.0
PPLT,2025-03-06,8.907999992370605,8.914999961853027,8.843999862670898,8.847000122070312,1567000.0
PPLT,2025-03-07,8.869999885559082,8.878999710083008,8.779000282287598,8.8100004196167,1021000.0
PPLT,2025-03-10,8.885000228881836,8.885000228881836,8.75,8.755000114440918,1487000.0
PPLT,2025-03-11,8.907999992370605,9.0,8.907999992370605,8.993000030517578,2033000.0
PPLT,2025-03-12,9.015000343322754,9.064000129699707,8.970000267028809,9.064000129699707,2229000.0
PPLT,2025-03-13,8.928999900817871,9.100000381469727,8.916000366210938,9.100000381469727,1600000.0
PPLT,2025-03-14,9.138999938964844,9.144000053405762,9.038000106811523,9.092000007629395,2203000.0
PPLT,2025-03-17,9.119999885559082,9.190999984741211,9.119999885559082,9.178000450134277,2630000.0
PPLT,2025-03-18,9.170999526977539,9.1899995803833,9.130000114440918,9.164999961853027,1248000.0
PPLT,2025-03-19,9.038999557495117,9.144000053405762,9.020999908447266,9.126999855041504,1368000.0
PPLT,2025-03-20,9.017999649047852,9.057999610900879,8.987000465393066,9.008999824523926,2050000.0
PPLT,2025-03-21,8.925999641418457,8.993000030517578,8.902999877929688,8.993000030517578,3042000.0
PPLT,2025-03-24,8.904000282287598,8.925999641418457,8.875,8.887999534606934,2168000.0
PPLT,2025-03-25,9.015000343322754,9.020000457763672,8.932000160217285,8.946999549865723,1185000.0
PPLT,2025-03-26,8.968000411987305,8.968000411987305,8.914999961853027,8.934000015258789,1000000.0
PPLT,2025-03-27,8.894000053405762,9.041999816894531,8.888999938964844,9.020000457763672,1645000.0
PPLT,2025-03-28,9.027999877929688,9.031999588012695,8.937000274658203,8.996000289916992,2165000.0
PPLT,2025-03-31,9.069999694824219,9.161999702453613,8.96399974822998,9.13700008392334,2595000.0
PPLT,2025-04-01,9.085000038146973,9.092000007629395,8.98799991607666,9.008000373840332,2562000.0
PPLT,2025-04-02,8.916000366210938,8.960000038146973,8.85099983215332,8.878000259399414,2710000.0
PPLT,2025-04-03,8.758999824523926,8.800000190734863,8.649999618530273,8.654000282287598,4555000.0
PPLT,2025-04-04,8.496000289916992,8.52299976348877,8.35099983215332,8.390000343322754,5044000.0
PPLT,2025-04-07,8.37600040435791,8.465999603271484,8.279000282287598,8.340999603271484,3860000.0
PPLT,2025-04-08,8.40999984741211,8.451000213623047,8.366999626159668,8.388999938964844,2604000.0
PPLT,2025-04-09,8.42199993133545,8.550000190734863,8.371999740600586,8.506999969482422,3980000.0
PPLT,2025-04-10,8.597000122070312,8.604000091552734,8.510000228881836,8.526000022888184,1369000.0
PPLT,2025-04-11,8.628000259399414,8.680999755859375,8.574999809265137,8.640000343322754,2412000.0
PPLT,2025-04-14,8.682999610900879,8.753999710083008,8.654000282287598,8.710000038146973,1298000.0
PPLT,2025-04-15,8.805000305175781,8.814000129699707,8.748000144958496,8.795999526977539,1467000.0
PPLT,2025-04-16,8.85099983215332,8.899999618530273,8.847999572753906,8.859999656677246,2371000.0
PPLT,2025-04-17,8.777999877929688,8.869999885559082,8.76200008392334,8.847999572753906,1369000.0
PPLT,2025-04-21,8.845000267028809,8.87399959564209,8.800999641418457,8.835000038146973,1842000.0
PPLT,2025-04-22,8.78600025177002,8.824000358581543,8.75100040435791,8.76099967956543,1363000.0
PPLT,2025-04-23,8.862000465393066,8.942999839782715,8.840999603271484,8.843999862670898,2378000.0
PPLT,2025-04-24,8.937999725341797,8.937999725341797,8.869000434875488,8.902000427246094,783000.0
PPLT,2025-04-25,8.84000015258789,8.899999618530273,8.810999870300293,8.897000312805176,637000.0
PPLT,2025-04-28,9.057999610900879,9.074999809265137,9.005999565124512,9.055999755859375,2130000.0
PPLT,2025-04-29,9.038999557495117,9.043999671936035,8.930999755859375,8.956999778747559,1471000.0
PPLT,2025-04-30,8.848999977111816,8.873000144958496,8.800999641418457,8.848999977111816,1752000.0
PPLT,2025-05-01,8.84000015258789,8.845000267028809,8.755000114440918,8.82800006866455,728000.0
PPLT,2025-05-02,8.850000381469727,8.890000343322754,8.770000457763672,8.821000099182129,1977000.0
PPLT,2025-05-05,8.842000007629395,8.842000007629395,8.739999771118164,8.79699993133545,758000.0
PPLT,2025-05-06,8.980999946594238,9.039999961853027,8.961999893188477,9.031000137329102,1502000.0
PPLT,2025-05-07,9.015999794006348,9.03499984741211,8.91100025177002,8.932999610900879,1775000.0
PPLT,2025-05-08,9.02400016784668,9.104000091552734,8.939000129699707,8.963000297546387,770000.0
PPLT,2025-05-09,9.019000053405762,9.135000228881836,9.0,9.116999626159668,1113000.0
PPLT,2025-05-12,8.96399974822998,8.979999542236328,8.928000450134277,8.958999633789062,1052000.0
PPLT,2025-05-13,9.026000022888184,9.0649995803833,8.998000144958496,9.0600004196167,821000.0
PPLT,2025-05-14,9.050000190734863,9.053999900817871,8.954999923706055,8.956000328063965,912000.0
PPLT,2025-05-15,9.01099967956543,9.079999923706055,9.0,9.064000129699707,906000.0
PPLT,2025-05-16,9.0,9.052000045776367,8.982000350952148,9.031000137329102,849000.0
PPLT,2025-05-19,9.03499984741211,9.159000396728516,9.020999908447266,9.154999732971191,1383000.0
PPLT,2025-05-20,9.399999618530273,9.668999671936035,9.357999801635742,9.645999908447266,5306000.0
PPLT,2025-05-21,9.694999694824219,9.911999702453613,9.694000244140625,9.88599967956543,10891000.0
PPLT,2025-05-22,9.812000274658203,9.871000289916992,9.758999824523926,9.859999656677246,3490000.0
PPLT,2025-05-23,9.92300033569336,10.031999588012695,9.859999656677246,10.015000343322754,6329000.0
PPLT,2025-05-27,9.878999710083008,9.928999900817871,9.784000396728516,9.904999732971191,3478000.0
PPLT,2025-05-28,9.923999786376953,9.932999610900879,9.85200023651123,9.892000198364258,3261000.0
PPLT,2025-05-29,9.932999610900879,9.942999839782715,9.843999862670898,9.87600040435791,3401000.0
PPLT,2025-05-30,9.75,9.76200008392334,9.619000434875488,9.675000190734863,3038000.0
PPLT,2025-06-02,9.593000411987305,9.77299976348877,9.550000190734863,9.75100040435791,6668000.0
PPLT,2025-06-03,9.692000389099121,9.854999542236328,9.642999649047852,9.845000267028809,3803000.0
PPLT,2025-06-04,9.843000411987305,10.050999641418457,9.829999923706055,10.050999641418457,3650000.0
PPLT,2025-06-05,10.423999786376953,10.487000465393066,10.329000473022461,10.437999725341797,7916000.0
PPLT,2025-06-06,10.675000190734863,10.720000267028809,10.597000122070312,10.699999809265137,7079000.0
PPLT,2025-06-09,10.928000450134277,11.145000457763672,10.913999557495117,11.109999656677246,6567000.0
PPLT,2025-06-10,11.173999786376953,11.1850004196167,11.03600025177002,11.121000289916992,5277000.0
PPLT,2025-06-11,11.600000381469727,11.755000114440918,11.418999671936035,11.470999717712402,11760000.0
PPLT,2025-06-12,11.512999534606934,11.848999977111816,11.501999855041504,11.78600025177002,6249000.0
PPLT,2025-06-13,11.36299991607666,11.37600040435791,11.069999694824219,11.201000213623047,7602000.0
PPLT,2025-06-16,11.614999771118164,11.619999885559082,11.35099983215332,11.375,4410000.0
PPLT,2025-06-17,11.52400016784668,11.583000183105469,11.42199993133545,11.539999961853027,4226000.0
PPLT,2025-06-18,11.892999649047852,12.121999740600586,11.86299991607666,12.053999900817871,7517000.0
PPLT,2025-06-20,11.543999671936035,11.652000427246094,11.506999969482422,11.536999702453613,5794000.0
PPLT,2025-06-23,11.774999618530273,11.890000343322754,11.720000267028809,11.770000457763672,4416000.0
PPLT,2025-06-24,11.82699966430664,12.065999984741211,11.635000228881836,11.987000465393066,7846000.0
PPLT,2025-06-25,11.958000183105469,12.472000122070312,11.930000305175781,12.404999732971191,6432000.0
PPLT,2025-06-26,12.609999656677246,13.069000244140625,12.550000190734863,12.88599967956543,10397000.0
PPLT,2025-06-27,12.119000434875488,12.309000015258789,12.062999725341797,12.201000213623047,7375000.0
PPLT,2025-06-30,12.26099967956543,12.300000190734863,12.010000228881836,12.286999702453613,5014000.0
PPLT,2025-07-01,12.322999954223633,12.399999618530273,12.12600040435791,12.35200023651123,4332000.0
PPLT,2025-07-02,12.626999855041504,13.064000129699707,12.605999946594238,13.015999794006348,9508000.0
PPLT,2025-07-03,12.52299976348877,12.593999862670898,12.38700008392334,12.513999938964844,4336000.0
PPLT,2025-07-07,12.35099983215332,12.541999816894531,12.315999984741211,12.515999794006348,3100000.0
PPLT,2025-07-08,12.446000099182129,12.538000106811523,12.25,12.473999977111816,5080000.0
PPLT,2025-07-09,12.387999534606934,12.395000457763672,12.21399974822998,12.28600025177002,3124000.0
PPLT,2025-07-10,12.406000137329102,12.491999626159668,12.36299991607666,12.407999992370605,3439000.0
PPLT,2025-07-11,12.53499984741211,12.831000328063965,12.47599983215332,12.819999694824219,5718000.0
PPLT,2025-07-14,12.5,12.630999565124512,12.388999938964844,12.428000450134277,4284000.0
PPLT,2025-07-15,12.663999557495117,12.664999961853027,12.399999618530273,12.42300033569336,4870000.0
PPLT,2025-07-16,12.722999572753906,12.95199966430664,12.593000411987305,12.899999618530273,3391000.0
PPLT,2025-07-17,12.871999740600586,13.354000091552734,12.836000442504883,13.293999671936035,4745000.0
PPLT,2025-07-18,13.35200023651123,13.380000114440918,12.906999588012695,12.98900032043457,3769000.0
PPLT,2025-07-21,13.276000022888184,13.300000190734863,13.104000091552734,13.104000091552734,4413000.0
PPLT,2025-07-22,13.22700023651123,13.239999771118164,13.076000213623047,13.107999801635742,2520000.0
PPLT,2025-07-23,13.001999855041504,13.097999572753906,12.857000350952148,12.880999565124512,3456000.0
PPLT,2025-07-24,12.831000328063965,12.965999603271484,12.74899959564209,12.82800006866455,1431000.0
PPLT,2025-07-25,12.64900016784668,12.782999992370605,12.595999717712402,12.76200008392334,2285000.0
PPLT,2025-07-28,12.786999702453613,12.800000190734863,12.562999725341797,12.57800006866455,2552000.0
PPLT,2025-07-29,12.706999778747559,12.788999557495117,12.65999984741211,12.739999771118164,1294000.0
PPLT,2025-07-30,12.614999771118164,12.767999649047852,11.711999893188477,11.87600040435791,8558000.0
PPLT,2025-07-31,11.836000442504883,11.897000312805176,11.725000381469727,11.781000137329102,4239000.0
PPLT,2025-08-01,11.854999542236328,12.02400016784668,11.732999801635742,12.005000114440918,4300000.0
PPLT,2025-08-04,12.104000091552734,12.33899974822998,12.104000091552734,12.107000350952148,2451000.0
PPLT,2025-08-05,11.890000343322754,12.062000274658203,11.868000030517578,11.993000030517578,2035000.0
PPLT,2025-08-06,12.031000137329102,12.227999687194824,12.029000282287598,12.1899995803833,1426000.0
PPLT,2025-08-07,12.154999732971191,12.241999626159668,12.083000183105469,12.189000129699707,1164000.0
PPLT,2025-08-08,12.07800006866455,12.164999961853027,12.053999900817871,12.11299991607666,1852000.0
PPLT,2025-08-11,12.072999954223633,12.161999702453613,12.036999702453613,12.097999572753906,1556000.0
PPLT,2025-08-12,12.027999877929688,12.265999794006348,12.019000053405762,12.197999954223633,1953000.0
PPLT,2025-08-13,12.14799976348877,12.255000114440918,12.130000114440918,12.215999603271484,2177000.0
PPLT,2025-08-14,12.295000076293945,12.38599967956543,12.253999710083008,12.378000259399414,1863000.0
PPLT,2025-08-15,12.13700008392334,12.248000144958496,12.100000381469727,12.234000205993652,1424000.0
PPLT,2025-08-18,12.152000427246094,12.246999740600586,12.119999885559082,12.14799976348877,1752000.0
PPLT,2025-08-19,12.220000267028809,12.25100040435791,11.857000350952148,11.946000099182129,3007000.0
PPLT,2025-08-20,12.100000381469727,12.232000350952148,12.100000381469727,12.220000267028809,1275000.0
PPLT,2025-08-21,12.178999900817871,12.38599967956543,12.10200023651123,12.369999885559082,1759000.0
PPLT,2025-08-22,12.218999862670898,12.630000114440918,12.175000190734863,12.39799976348877,2404000.0
PPLT,2025-08-25,12.204000473022461,12.347000122070312,12.157999992370605,12.225000381469727,1717000.0
PPLT,2025-08-26,12.22599983215332,12.336999893188477,12.225000381469727,12.321999549865723,2015000.0
PPLT,2025-08-27,12.241999626159668,12.3149995803833,12.201000213623047,12.29800033569336,1431000.0
PPLT,2025-08-28,12.265000343322754,12.425999641418457,12.229000091552734,12.404999732971191,2268000.0
PPLT,2025-08-29,12.3149995803833,12.531999588012695,12.277999877929688,12.522000312805176,2448000.0
PPLT,2025-09-02,12.590999603271484,12.920000076293945,12.526000022888184,12.807999610900879,6118000.0
PPLT,2025-09-03,12.934000015258789,13.133000373840332,12.871000289916992,12.963000297546387,4381000.0
PPLT,2025-09-04,12.652000427246094,12.668999671936035,12.430000305175781,12.532999992370605,3713000.0
PPLT,2025-09-05,12.630000114440918,12.769000053405762,12.470000267028809,12.57800006866455,7080000.0
PPLT,2025-09-08,12.66100025177002,12.767000198364258,12.57699966430664,12.616000175476074,3562000.0
PPLT,2025-09-09,12.62399959564209,12.67300033569336,12.361000061035156,12.5,3250000.0
PPLT,2025-09-10,12.63700008392334,12.718999862670898,12.61400032043457,12.656999588012695,3228000.0
PPLT,2025-09-11,12.637999534606934,12.690999984741211,12.60099983215332,12.628999710083008,3266000.0
PPLT,2025-09-12,12.732000350952148,12.836999893188477,12.732000350952148,12.753000259399414,3453000.0
PPLT,2025-09-15,12.663999557495117,12.831000328063965,12.642000198364258,12.8149995803833,2456000.0
PPLT,2025-09-16,12.74899959564209,12.758999824523926,12.586000442504883,12.685999870300293,2214000.0
PPLT,2025-09-17,12.529999732971191,12.67199993133545,12.321000099182129,12.385000228881836,3852000.0
PPLT,2025-09-18,12.621999740600586,12.661999702453613,12.536999702453613,12.614999771118164,3147000.0
PPLT,2025-09-19,12.720000267028809,12.86299991607666,12.633000373840332,12.845999717712402,3544000.0
PPLT,2025-09-22,12.850000381469727,13.006999969482422,12.760000228881836,12.97700023651123,5579000.0
PPLT,2025-09-23,13.456000328063965,13.663999557495117,13.416000366210938,13.475000381469727,9718000.0
PPLT,2025-09-24,13.51099967956543,13.5600004196167,13.380999565124512,13.442999839782715,2982000.0
PPLT,2025-09-25,13.668999671936035,13.994999885559082,13.612000465393066,13.98900032043457,7277000.0
PPLT,2025-09-26,14.163000106811523,14.470999717712402,14.12399959564209,14.383000373840332,7468000.0
PPLT,2025-09-29,14.562000274658203,14.600000381469727,14.472000122070312,14.57699966430664,6040000.0
PPLT,2025-09-30,14.1850004196167,14.390000343322754,14.126999855041504,14.288000106811523,4789000.0
PPLT,2025-10-01,14.324000358581543,14.373000144958496,14.008999824523926,14.206999778747559,5180000.0
PPLT,2025-10-02,14.456000328063965,14.456000328063965,13.930999755859375,14.284000396728516,4581000.0
PPLT,2025-10-03,14.663999557495117,14.744999885559082,14.498000144958496,14.638999938964844,5103000.0
PPLT,2025-10-06,14.935999870300293,14.98799991607666,14.809000015258789,14.817000389099121,4538000.0
PPLT,2025-10-07,14.890999794006348,14.946000099182129,14.602999687194824,14.779000282287598,3669000.0
PPLT,2025-10-08,15.149999618530273,15.288999557495117,15.050000190734863,15.220000267028809,5921000.0
PPLT,2025-10-09,15.354000091552734,15.354000091552734,14.657999992370605,14.767000198364258,8712000.0
PPLT,2025-10-10,14.918999671936035,14.956000328063965,14.484000205993652,14.579000473022461,4779000.0
PPLT,2025-10-13,15.015999794006348,15.194999694824219,14.753999710083008,14.831000328063965,5370000.0
PPLT,2025-10-14,14.774999618530273,15.128000259399414,14.628000259399414,14.944999694824219,3887000.0
PPLT,2025-10-15,15.098999977111816,15.187000274658203,14.989999771118164,15.125,3208000.0
PPLT,2025-10-16,15.406000137329102,15.78499984741211,15.36400032043457,15.564000129699707,7633000.0
PPLT,2025-10-17,14.949000358581543,14.95300006866455,14.572999954223633,14.621000289916992,9834000.0
PPLT,2025-10-20,14.847999572753906,15.01200008392334,14.737000465393066,14.984000205993652,3788000.0
PPLT,2025-10-21,14.25,14.269000053405762,13.77299976348877,14.03600025177002,8168000.0
PPLT,2025-10-22,14.123000144958496,14.857999801635742,13.982000350952148,14.82800006866455,7844000.0
PPLT,2025-10-23,14.95300006866455,14.984000205993652,14.722000122070312,14.8100004196167,3459000.0
PPLT,2025-10-24,14.609000205993652,14.767000198364258,14.427000045776367,14.62600040435791,3290000.0
PPLT,2025-10-27,14.5,14.569999694824219,14.331999778747559,14.428000450134277,5455000.0
PPLT,2025-10-28,14.279999732971191,14.536999702453613,14.253999710083008,14.468000411987305,2379000.0
PPLT,2025-10-29,14.678999900817871,14.741999626159668,14.388999938964844,14.52400016784668,3462000.0
PPLT,2025-10-30,14.508000373840332,14.718999862670898,14.482999801635742,14.685999870300293,2168000.0
PPLT,2025-10-31,14.446999549865723,14.519000053405762,14.300000190734863,14.354000091552734,1661000.0
PPLT,2025-11-03,14.449999809265137,14.45199966430664,14.201000213623047,14.222999572753906,6170000.0
PPLT,2025-11-04,14.050000190734863,14.180000305175781,13.916999816894531,13.970999717712402,2857000.0
PPLT,2025-11-05,14.07699966430664,14.222999572753906,14.017999649047852,14.194999694824219,1787000.0
PPLT,2025-11-06,14.149999618530273,14.27400016784668,13.807000160217285,13.956000328063965,4317000.0
PPLT,2025-11-07,14.050000190734863,14.208000183105469,13.95300006866455,14.065999984741211,2313000.0
PPLT,2025-11-10,14.284000396728516,14.47700023651123,14.220000267028809,14.418999671936035,2461000.0
PPLT,2025-11-11,14.46399974822998,14.517000198364258,14.300000190734863,14.460000038146973,1629000.0
PPLT,2025-11-12,14.420999526977539,14.746999740600586,14.392000198364258,14.746999740600586,4026000.0
PPLT,2025-11-13,14.553999900817871,14.609999656677246,14.234999656677246,14.359999656677246,3204000.0
PPLT,2025-11-14,14.019000053405762,14.267000198364258,13.958000183105469,14.045000076293945,3572000.0
PPLT,2025-11-17,13.977999687194824,14.076000213623047,13.838000297546387,13.95199966430664,2032000.0
PPLT,2025-11-18,13.909000396728516,14.08899974822998,13.79800033569336,13.987000465393066,1761000.0
PPLT,2025-11-19,14.128999710083008,14.288999557495117,13.996000289916992,14.053999900817871,2084000.0
PPLT,2025-11-20,14.0600004196167,14.142999649047852,13.699999809265137,13.732999801635742,3711000.0
PPLT,2025-11-21,13.75,13.930999755859375,13.713000297546387,13.793000221252441,2101000.0
PPLT,2025-11-24,13.90999984741211,14.11299991607666,13.871999740600586,14.069000244140625,1583000.0
PPLT,2025-11-25,14.116999626159668,14.161999702453613,13.98900032043457,14.135000228881836,1698000.0
PPLT,2025-11-26,14.234999656677246,14.520000457763672,14.156999588012695,14.494000434875488,2964000.0
PPLT,2025-11-28,14.956999778747559,15.300000190734863,14.930999755859375,15.258999824523926,4858000.0
PPLT,2025-12-01,15.282999992370605,15.456000328063965,15.053000450134277,15.138999938964844,4638000.0
PPLT,2025-12-02,14.967000007629395,14.994000434875488,14.67199993133545,14.970000267028809,4453000.0
PPLT,2025-12-03,14.925000190734863,15.163000106811523,14.802000045776367,15.163000106811523,2852000.0
PPLT,2025-12-04,14.920000076293945,15.109999656677246,14.86400032043457,15.020000457763672,3600000.0
PPLT,2025-12-05,14.960000038146973,15.064000129699707,14.899999618530273,14.968999862670898,1273000.0
PPLT,2025-12-08,15.123000144958496,15.182000160217285,14.878999710083008,14.994000434875488,1625000.0
PPLT,2025-12-09,15.048999786376953,15.473999977111816,15.0,15.458999633789062,6100000.0
PPLT,2025-12-10,15.11299991607666,15.130999565124512,14.805999755859375,15.062000274658203,4788000.0
PPLT,2025-12-11,15.187999725341797,15.494000434875488,15.135000228881836,15.46500015258789,4095000.0
PPLT,2025-12-12,16.149999618530273,16.156999588012695,15.62399959564209,15.902999877929688,5552000.0
PPLT,2025-12-15,16.25,16.52199935913086,16.201000213623047,16.29400062561035,6375000.0
PPLT,2025-12-16,16.74799919128418,16.89900016784668,16.63599967956543,16.777000427246094,6488000.0
PPLT,2025-12-17,17.23200035095215,17.420000076293945,17.10300064086914,17.232999801635742,8957000.0
PPLT,2025-12-18,17.402999877929688,17.660999298095703,17.200000762939453,17.534000396728516,7993000.0
PPLT,2025-12-19,17.76300048828125,18.04599952697754,17.687999725341797,17.965999603271484,6806000.0
PPLT,2025-12-22,18.961999893188477,19.216999053955078,18.709999084472656,19.177000045776367,15694000.0
PPLT,2025-12-23,20.118000030517578,20.909000396728516,19.86199951171875,20.804000854492188,36792000.0
PPLT,2025-12-24,20.697999954223633,20.71299934387207,19.47100067138672,20.45199966430664,35482000.0
PPLT,2025-12-26,21.854999542236328,22.570999145507812,21.520999908447266,22.013999938964844,38334000.0
PPLT,2025-12-29,19.80299949645996,19.98900032043457,18.850000381469727,19.277999877929688,32743000.0
PPLT,2025-12-30,20.207000732421875,20.427000045776367,19.575000762939453,19.861000061035156,14232000.0
PPLT,2025-12-31,18.496999740600586,18.97100067138672,18.198999404907227,18.64299964904785,15220000.0
PPLT,2026-01-02,19.631000518798828,19.740999221801758,19.211999893188477,19.450000762939453,9773000.0
PPLT,2026-01-05,20.57699966430664,20.98699951171875,20.3700008392334,20.450000762939453,10259000.0
PPLT,2026-01-06,21.424999237060547,22.329999923706055,21.38599967956543,22.045000076293945,17185000.0
PPLT,2026-01-07,20.78499984741211,21.066999435424805,20.56999969482422,20.94499969482422,12547000.0
PPLT,2026-01-08,20.18199920654297,20.590999603271484,20.06800079345703,20.500999450683594,10281000.0
PPLT,2026-01-09,20.888999938964844,21.077999114990234,20.583999633789062,20.68000030517578,7183000.0
PPLT,2026-01-12,21.0939998626709,21.573999404907227,21.07900047302246,21.214000701904297,11508000.0
PPLT,2026-01-13,21.738000869750977,21.785999298095703,21.04599952697754,21.165000915527344,10662000.0
PPLT,2026-01-14,21.849000930786133,21.97100067138672,21.375999450683594,21.875999450683594,14234000.0
PPLT,2026-01-15,21.617000579833984,22.145000457763672,21.38599967956543,21.867000579833984,10988000.0
PPLT,2026-01-16,20.983999252319336,21.163000106811523,20.566999435424805,20.927000045776367,15366000.0
PPLT,2026-01-20,22.007999420166016,22.44700050354004,21.77899932861328,22.406999588012695,16492000.0
PPLT,2026-01-21,22.600000381469727,23.177000045776367,22.187000274658203,22.6299991607666,18105000.0
PPLT,2026-01-22,22.864999771118164,24.066999435424805,22.790000915527344,24.048999786376953,15364000.0
PPLT,2026-01-23,24.600000381469727,25.25200080871582,24.496999740600586,25.225000381469727,14086000.0
PPLT,2026-01-26,25.634000778198242,26.16200065612793,24.155000686645508,24.674999237060547,30192000.0
PPLT,2026-01-27,23.85700035095215,23.92799949645996,22.871999740600586,23.777999877929688,24869000.0
PPLT,2026-01-28,24.167999267578125,24.52199935913086,23.42099952697754,24.516000747680664,14696000.0
PPLT,2026-01-29,25.476999282836914,25.634000778198242,22.649999618530273,23.913000106811523,22521000.0
PPLT,2026-01-30,20.82900047302246,21.100000381469727,18.261999130249023,19.503999710083008,35812000.0
PPLT,2026-02-02,19.391000747680664,19.715999603271484,18.881999969482422,19.464000701904297,15057000.0
PPLT,2026-02-03,20.399999618530273,20.68400001525879,19.797000885009766,20.259000778198242,7833000.0
PPLT,2026-02-04,20.916000366210938,20.93000030517578,19.69300079345703,20.141000747680664,8866000.0
PPLT,2026-02-05,18.309999465942383,18.93600082397461,18.06800079345703,18.177000045776367,13371000.0
PPLT,2026-02-06,18.545000076293945,19.21299934387207,18.5,19.1299991607666,5477000.0
PPLT,2026-02-09,19.170000076293945,19.472000122070312,19.073999404907227,19.461000442504883,4338000.0
PPLT,2026-02-10,19.299999237060547,19.4060001373291,18.90999984741211,19.01300048828125,3229000.0
PPLT,2026-02-11,19.618000030517578,19.666000366210938,19.06100082397461,19.43899917602539,4789000.0
PPLT,2026-02-12,19.29400062561035,19.457000732421875,18.05699920654297,18.152999877929688,8512000.0
PPLT,2026-02-13,18.7810001373291,19.027999877929688,18.451000213623047,18.697999954223633,3890000.0
PPLT,2026-02-17,18.32699966430664,18.472999572753906,18.05699920654297,18.292999267578125,4952000.0
PPLT,2026-02-18,18.864999771118164,19.149999618530273,18.799999237060547,18.927000045776367,4112000.0
PPLT,2026-02-19,18.790000915527344,18.945999145507812,18.62700080871582,18.844999313354492,2330000.0
PPLT,2026-02-20,19.270000457763672,19.70400047302246,19.18600082397461,19.64900016784668,4676000.0
PPLT,2026-02-23,19.608999252319336,19.764999389648438,19.114999771118164,19.736000061035156,5043000.0
PPLT,2026-02-24,19.299999237060547,19.812999725341797,19.231000900268555,19.76300048828125,3697000.0
PPLT,2026-02-25,20.86400032043457,21.16699981689453,20.700000762939453,20.72599983215332,8411000.0
PPLT,2026-02-26,20.503000259399414,20.70800018310547,20.033000946044922,20.70800018310547,3285000.0
PPLT,2026-02-27,21.400999069213867,21.540000915527344,21.268999099731445,21.472999572753906,5948000.0
PPLT,2026-03-02,20.85700035095215,21.01799964904785,20.482999801635742,20.97800064086914,5441000.0
PPLT,2026-03-03,19.066999435424805,19.21500015258789,18.264999389648438,19.089000701904297,8278000.0
PPLT,2026-03-04,19.524999618530273,19.680999755859375,19.298999786376953,19.524999618530273,2931000.0
PPLT,2026-03-05,19.513999938964844,19.527999877929688,19.0,19.19099998474121,3821000.0
PPLT,2026-03-06,19.200000762939453,19.47800064086914,18.97800064086914,19.340999603271484,3322000.0
PPLT,2026-03-09,19.534000396728516,19.87299919128418,19.280000686645508,19.809999465942383,3556000.0
PPLT,2026-03-10,20.1299991607666,20.312999725341797,19.905000686645508,19.996000289916992,3306000.0
PPLT,2026-03-11,19.979999542236328,20.07900047302246,19.632999420166016,19.761999130249023,2325000.0
PPLT,2026-03-12,19.75200080871582,19.75200080871582,19.34600067138672,19.386999130249023,3076000.0
PPLT,2026-03-13,19.038000106811523,19.05699920654297,18.302000045776367,18.382999420166016,6051000.0
PPLT,2026-03-16,19.106000900268555,19.298999786376953,18.93899917602539,19.19499969482422,3655000.0
PPLT,2026-03-17,19.415000915527344,19.631000518798828,19.141000747680664,19.260000228881836,1846000.0
PPLT,2026-03-18,18.540000915527344,18.799999237060547,18.3799991607666,18.382999420166016,5090000.0
PPLT,2026-03-19,17.23699951171875,17.92300033569336,17.121999740600586,17.875,11236000.0
PPLT,2026-03-20,18.04199981689453,18.18400001525879,17.367000579833984,17.424999237060547,7681000.0
PPLT,2026-03-23,16.92799949645996,17.350000381469727,16.677000045776367,17.011999130249023,8344000.0
PPLT,2026-03-24,17.0939998626709,17.371000289916992,16.975000381469727,17.16900062561035,3501000.0
PPLT,2026-03-25,17.76799964904785,17.898000717163086,17.450000762939453,17.54400062561035,2636000.0
PPLT,2026-03-26,16.93899917602539,17.04199981689453,16.440000534057617,16.54599952697754,3906000.0
PPLT,2026-03-27,16.66200065612793,17.225000381469727,16.572999954223633,16.940000534057617,3743000.0
PPLT,2026-03-30,17.3700008392334,17.429000854492188,17.020000457763672,17.222000122070312,2137000.0
PPLT,2026-03-31,17.243000030517578,17.88800048828125,17.243000030517578,17.822999954223633,4910000.0
PPLT,2026-04-01,17.83099937438965,18.047000885009766,17.672000885009766,17.8439998626709,4224000.0
PPLT,2026-04-02,17.299999237060547,18.1299991607666,17.28700065612793,18.07900047302246,3792000.0
PPLT,2026-04-06,17.885000228881836,18.023000717163086,17.746000289916992,17.9689998626709,1589000.0
PPLT,2026-04-07,17.604000091552734,17.82200050354004,17.295000076293945,17.79199981689453,3036000.0
PPLT,2026-04-08,18.80900001525879,18.86199951171875,18.410999298095703,18.511999130249023,5705000.0
PPLT,2026-04-09,18.584999084472656,19.23699951171875,18.520000457763672,19.156999588012695,3087000.0
PPLT,2026-04-10,18.636999130249023,18.804000854492188,18.552000045776367,18.6200008392334,1980000.0
PPLT,2026-04-13,18.39299964904785,18.83099937438965,18.273000717163086,18.80500030517578,1558000.0
PPLT,2026-04-14,18.7450008392334,19.152999877929688,18.7450008392334,19.145999908447266,2076000.0
PPLT,2026-04-15,19.235000610351562,19.427000045776367,19.05500030517578,19.270999908447266,1505000.0
PPLT,2026-04-16,19.30299949645996,19.33799934387207,18.874000549316406,19.02899932861328,1650000.0
PPLT,2026-04-17,19.132999420166016,19.496999740600586,19.132999420166016,19.246999740600586,2523000.0
PPLT,2026-04-20,18.922000885009766,18.97599983215332,18.679000854492188,18.930999755859375,4820000.0
PPLT,2026-04-21,18.790000915527344,18.93000030517578,18.243000030517578,18.308000564575195,4784000.0
PPLT,2026-04-22,18.871999740600586,19.00200080871582,18.733999252319336,18.860000610351562,1745000.0
PPLT,2026-04-23,18.351999282836914,18.49799919128418,18.10300064086914,18.226999282836914,3773000.0
PPLT,2026-04-24,18.113000869750977,18.385000228881836,18.0939998626709,18.256999969482422,1740000.0
PPLT,2026-04-27,18.05299949645996,18.183000564575195,17.972000122070312,17.999000549316406,1692000.0
PPLT,2026-04-28,17.75,17.80299949645996,17.538999557495117,17.590999603271484,2867000.0
PPLT,2026-04-29,17.173999786376953,17.25,17.01300048828125,17.059999465942383,3598000.0
PPLT,2026-04-30,17.819000244140625,18.069000244140625,17.65999984741211,17.979999542236328,3142000.0
PPLT,2026-05-01,18.069000244140625,18.304000854492188,18.000999450683594,18.000999450683594,1853000.0
PPLT,2026-05-04,17.854999542236328,17.976999282836914,17.56999969482422,17.624000549316406,3026000.0
PPLT,2026-05-05,17.909000396728516,17.985000610351562,17.665000915527344,17.665000915527344,1229000.0
PPLT,2026-05-06,18.2450008392334,18.708999633789062,18.222000122070312,18.670000076293945,3117000.0
PPLT,2026-05-07,18.854999542236328,18.906999588012695,18.3799991607666,18.42300033569336,2128000.0
PPLT,2026-05-08,18.42300033569336,18.667999267578125,18.333999633789062,18.60099983215332,1440000.0
PPLT,2026-05-11,19.134000778198242,19.368999481201172,19.0,19.29599952697754,2763000.0
PPLT,2026-05-12,19.07200050354004,19.347000122070312,18.781999588012695,19.312999725341797,2684000.0
PPLT,2026-05-13,19.329999923706055,19.924999237060547,19.30699920654297,19.548999786376953,4822000.0
PPLT,2026-05-14,18.899999618530273,18.908000946044922,18.614999771118164,18.68000030517578,3545000.0
PPLT,2026-05-15,18.0,18.073999404907227,17.825000762939453,17.902999877929688,3384000.0
PPLT,2026-05-18,17.979999542236328,18.030000686645508,17.760000228881836,17.84000015258789,1645200.0
PPLT,2026-05-19,17.469999313354492,17.690000534057617,17.389999389648438,17.420000076293945,1638600.0
PPLT,2026-05-20,17.479999542236328,17.780000686645508,17.3799991607666,17.709999084472656,1105800.0
PPLT,2026-05-21,17.469999313354492,17.8799991607666,17.389999389648438,17.850000381469727,1131200.0
PPLT,2026-05-22,17.56999969482422,17.6299991607666,17.31999969482422,17.469999313354492,1201600.0
PPLT,2026-05-26,17.649999618530273,17.739999771118164,17.540000915527344,17.739999771118164,1165900.0
PPLT,2026-05-27,17.34000015258789,17.459999084472656,17.280000686645508,17.43000030517578,1313600.0
PPLT,2026-05-28,17.1200008392334,17.5,16.959999084472656,17.450000762939453,2341100.0
PPLT,2026-05-29,17.530000686645508,17.6299991607666,17.290000915527344,17.450000762939453,1306800.0
PPLT,2026-06-01,17.440000534057617,17.56999969482422,17.309999465942383,17.450000762939453,1838800.0
PPLT,2026-06-02,17.649999618530273,17.690000534057617,17.450000762939453,17.530000686645508,1219500.0
PPLT,2026-06-03,17.329999923706055,17.34000015258789,16.81999969482422,16.8799991607666,3864500.0
PPLT,2026-06-04,17.170000076293945,17.239999771118164,17.010000228881836,17.209999084472656,2345300.0
PPLT,2026-06-05,16.899999618530273,16.899999618530273,16.059999465942383,16.18000030517578,5012200.0
PPLT,2026-06-08,15.930000305175781,16.0,15.720000267028809,15.920000076293945,2555000.0
PPLT,2026-06-09,16.079999923706055,16.170000076293945,15.420000076293945,15.630000114440918,2693100.0
PPLT,2026-06-10,15.239999771118164,15.470000267028809,15.109999656677246,15.130000114440918,2449400.0
PPLT,2026-06-11,15.1899995803833,15.6899995803833,15.079999923706055,15.630000114440918,2412300.0
PPLT,2026-06-12,15.539999961853027,15.600000381469727,15.329999923706055,15.539999961853027,1931300.0
PPLT,2026-06-15,16.43000030517578,16.5,16.040000915527344,16.059999465942383,2267300.0
PPLT,2026-06-16,16.420000076293945,16.530000686645508,16.270000457763672,16.420000076293945,2464200.0
PPLT,2026-06-17,16.190000534057617,16.3700008392334,15.59000015258789,15.670000076293945,3283800.0
PPLT,2026-06-18,15.65999984741211,15.680000305175781,15.289999961853027,15.369999885559082,2710300.0
PPLT,2026-06-22,15.199999809265137,15.4399995803833,15.079999923706055,15.180000305175781,6270200.0
PPLT,2026-06-23,14.979999542236328,15.149999618530273,14.9399995803833,14.960000038146973,3762100.0
PPLT,2026-06-24,14.34000015258789,14.489999771118164,14.069999694824219,14.229999542236328,5409900.0
PPLT,2026-06-25,14.510000228881836,14.649999618530273,14.300000190734863,14.489999771118164,2924700.0
PPLT,2026-06-26,14.65999984741211,14.869999885559082,14.550000190734863,14.770000457763672,2080100.0
PPLT,2026-06-29,14.34000015258789,14.399999618530273,14.199999809265137,14.329999923706055,2768000.0
PPLT,2026-06-30,14.199999809265137,14.350000381469727,14.0600004196167,14.130000114440918,2368000.0
PPLT,2026-07-01,14.319999694824219,14.579999923706055,14.289999961853027,14.289999961853027,2880900.0
PPLT,2026-07-02,14.640000343322754,14.84000015258789,14.609999656677246,14.720000267028809,2725000.0
PPLT,2026-07-06,14.699999809265137,14.850000381469727,14.680000305175781,14.829999923706055,1560100.0
PPLT,2026-07-07,14.930000305175781,15.0600004196167,14.75,14.84000015258789,2322900.0
PPLT,2026-07-08,14.3100004196167,14.4399995803833,14.210000038146973,14.40999984741211,3869500.0
PPLT,2026-07-09,14.630000114440918,14.8100004196167,14.619999885559082,14.619999885559082,2017700.0
PPLT,2026-07-10,14.609999656677246,14.800000190734863,14.59000015258789,14.770000457763672,1154000.0
PPLT,2026-07-13,14.699999809265137,14.770000457763672,14.449999809265137,14.520000457763672,3099000.0
PPLT,2026-07-14,14.869999885559082,15.09000015258789,14.739999771118164,14.779999732971191,1167900.0
PPLT,2026-07-15,14.899999618530273,15.329999923706055,14.699999809265137,15.1899995803833,2516300.0
PPLT,2026-07-16,15.079999923706055,15.09000015258789,14.649999618530273,14.6899995803833,1664100.0
PPLT,2026-07-17,14.180000305175781,14.5600004196167,14.130000114440918,14.5,2527900.0
PPLT,2026-07-20,14.359999656677246,14.550000190734863,14.3100004196167,14.470000267028809,1899000.0
PPLT,2026-07-21,14.609999656677246,14.84000015258789,14.609999656677246,14.819999694824219,1148200.0
PPLT,2026-07-22,14.979999542236328,15.100000381469727,14.84000015258789,14.880000114440918,1420100.0
PPLT,2026-07-23,14.460000038146973,14.59000015258789,14.420000076293945,14.460000038146973,1638000.0
PPLT,2026-07-24,14.34000015258789,14.529999732971191,14.289999961853027,14.430000305175781,1113700.0
PPLT,2026-07-27,14.699999809265137,14.829999923706055,14.619999885559082,14.729999542236328,1019200.0
PPLT,2026-07-28,14.5,14.699999809265137,14.350000381469727,14.539999961853027,2118100.0
PPLT,2026-07-29,14.390000343322754,14.869999885559082,14.289999961853027,14.59000015258789,1318200.0
PPLT,2026-07-30,14.649999618530273,15.0600004196167,14.649999618530273,15.029999732971191,2407800.0
PPLT,2026-07-31,14.779999732971191,15.020000457763672,14.640000343322754,14.960000038146973,1670300.0
PPLT,2026-08-03,14.619999885559082,14.770000457763672,14.59000015258789,14.760000228881836,2328900.0
PPLT,2026-08-04,15.609999656677246,15.859999656677246,15.550000190734863,15.739999771118164,5109200.0
PPLT,2026-08-05,15.649999618530273,15.819999694824219,15.609999656677246,15.729999542236328,3992000.0
PPLT,2026-08-06,15.670000076293945,15.829999923706055,15.569999694824219,15.670000076293945,2819500.0
PPLT,2026-08-07,15.880000114440918,15.970000267028809,15.75,15.850000381469727,2604700.0
PPLT,2026-08-10,15.770000457763672,15.9399995803833,15.600000381469727,15.90999984741211,1679000.0
PPLT,2026-08-11,15.899999618530273,15.989999771118164,15.720000267028809,15.779999732971191,1216300.0
PPLT,2026-08-12,16.139999389648438,16.200000762939453,15.899999618530273,15.9399995803833,2322000.0
PPLT,2026-08-13,15.600000381469727,15.680000305175781,15.510000228881836,15.539999961853027,1869400.0
PPLT,2026-08-14,15.729999542236328,15.90999984741211,15.729999542236328,15.869999885559082,1479700.0
PPLT,2026-08-17,15.970000267028809,16.18000030517578,15.949999809265137,16.06999969482422,1517800.0
PPLT,2026-08-18,15.760000228881836,15.859999656677246,15.539999961853027,15.5600004196167,2168100.0
PPLT,2026-08-19,16.010000228881836,16.520000457763672,16.0,16.459999084472656,4080600.0
PPLT,2026-08-20,16.399999618530273,16.690000534057617,16.270000457763672,16.68000030517578,5179800.0
PPLT,2026-08-21,17.219999313354492,17.299999237060547,16.969999313354492,17.020000457763672,4090200.0
PPLT,2026-08-24,17.15999984741211,17.25,16.920000076293945,17.0,4048400.0
PPLT,2026-08-25,16.639999389648438,16.8799991607666,16.610000610351562,16.860000610351562,2627000.0
PPLT,2026-08-26,16.790000915527344,16.850000381469727,16.59000015258789,16.610000610351562,1520400.0
PPLT,2026-08-27,16.540000915527344,16.790000915527344,16.440000534057617,16.760000228881836,2422100.0
PPLT,2026-08-28,17.100000381469727,17.18000030517578,16.469999313354492,16.489999771118164,5628300.0
PPLT,2026-08-31,16.350000381469727,16.389999389648438,16.100000381469727,16.25,3235100.0
PPLT,2026-09-01,15.869999885559082,16.100000381469727,15.760000228881836,15.800000190734863,3694700.0
PPLT,2026-09-02,15.9399995803833,16.079999923706055,15.869999885559082,15.979999542236328,2425200.0
PPLT,2026-09-03,16.270000457763672,16.639999389648438,16.190000534057617,16.489999771118164,3028400.0
PPLT,2026-09-04,16.360000610351562,16.540000915527344,16.329999923706055,16.5,1434600.0
PPLT,2026-09-08,16.59000015258789,16.760000228881836,16.450000762939453,16.459999084472656,1878200.0
PPLT,2026-09-09,17.270000457763672,17.440000534057617,17.139999389648438,17.149999618530273,3288500.0
PPLT,2026-09-10,16.3700008392334,16.489999771118164,16.09000015258789,16.1299991607666,3305300.0
PPLT,2026-09-11,16.389999389648438,16.440000534057617,16.18000030517578,16.260000228881836,1572900.0
PPLT,2026-09-14,15.989999771118164,16.1299991607666,15.8100004196167,15.899999618530273,2079300.0
PPLT,2026-09-15,16.079999923706055,16.139999389648438,15.920000076293945,16.06999969482422,2597200.0
PPLT,2026-09-16,16.200000762939453,16.25,15.6899995803833,15.829999923706055,2216100.0
PPLT,2026-09-17,16.149999618530273,16.270000457763672,16.040000915527344,16.059999465942383,3498200.0
PALL,2024-09-19,19.986000061035156,20.18600082397461,19.76799964904785,19.913999557495117,383000.0
PALL,2024-09-20,19.534000396728516,19.760000228881836,19.40399932861328,19.54199981689453,333000.0
PALL,2024-09-23,19.200000762939453,19.327999114990234,18.950000762939453,19.04800033569336,648000.0
PALL,2024-09-24,19.354000091552734,19.573999404907227,19.31399917602539,19.559999465942383,228500.0
PALL,2024-09-25,19.243999481201172,19.357999801635742,18.922000885009766,19.0939998626709,263000.0
PALL,2024-09-26,19.374000549316406,19.450000762939453,19.167999267578125,19.260000228881836,341000.0
PALL,2024-09-27,18.93000030517578,19.20800018310547,18.549999237060547,18.59000015258789,656500.0
PALL,2024-09-30,18.299999237060547,18.441999435424805,18.020000457763672,18.332000732421875,561500.0
PALL,2024-10-01,18.34000015258789,18.583999633789062,18.1200008392334,18.43199920654297,347500.0
PALL,2024-10-02,18.809999465942383,18.809999465942383,18.52199935913086,18.77199935913086,411000.0
PALL,2024-10-03,18.173999786376953,18.465999603271484,18.073999404907227,18.437999725341797,392000.0
PALL,2024-10-04,18.474000930786133,18.65999984741211,18.290000915527344,18.600000381469727,985000.0
PALL,2024-10-07,18.643999099731445,18.945999145507812,18.468000411987305,18.9060001373291,1098000.0
PALL,2024-10-08,18.652000427246094,18.889999389648438,18.299999237060547,18.81399917602539,2486000.0
PALL,2024-10-09,18.658000946044922,19.194000244140625,18.582000732421875,19.125999450683594,350000.0
PALL,2024-10-10,19.347999572753906,19.739999771118164,19.229999542236328,19.73200035095215,424500.0
PALL,2024-10-11,19.68000030517578,19.79599952697754,19.45599937438965,19.687999725341797,1604000.0
PALL,2024-10-14,19.013999938964844,19.176000595092773,18.83799934387207,19.04199981689453,1581000.0
PALL,2024-10-15,18.579999923706055,18.75200080871582,18.375999450683594,18.56999969482422,716000.0
PALL,2024-10-16,18.715999603271484,18.854000091552734,18.56999969482422,18.847999572753906,314000.0
PALL,2024-10-17,18.92799949645996,19.20599937438965,18.908000946044922,19.13599967956543,262000.0
PALL,2024-10-18,19.579999923706055,19.93199920654297,19.45400047302246,19.892000198364258,1024500.0
PALL,2024-10-21,19.6560001373291,19.670000076293945,19.17799949645996,19.469999313354492,1136500.0
PALL,2024-10-22,19.753999710083008,19.917999267578125,19.591999053955078,19.881999969482422,682000.0
PALL,2024-10-23,19.601999282836914,19.709999084472656,19.29199981689453,19.506000518798828,481500.0
PALL,2024-10-24,20.874000549316406,21.408000946044922,20.56399917602539,21.266000747680664,2747000.0
PALL,2024-10-25,21.889999389648438,22.261999130249023,21.666000366210938,21.809999465942383,1756500.0
PALL,2024-10-28,22.31599998474121,22.38800048828125,21.9060001373291,22.34000015258789,776000.0
PALL,2024-10-29,22.777999877929688,22.784000396728516,22.04199981689453,22.200000762939453,1391500.0
PALL,2024-10-30,20.95199966430664,21.270000457763672,20.770000457763672,21.115999221801758,1300500.0
PALL,2024-10-31,20.878000259399414,20.895999908447266,20.329999923706055,20.579999923706055,1738000.0
PALL,2024-11-01,20.902000427246094,20.902000427246094,20.224000930786133,20.288000106811523,646500.0
PALL,2024-11-04,19.808000564575195,19.881999969482422,19.34600067138672,19.79400062561035,1129000.0
PALL,2024-11-05,20.02199935913086,20.062000274658203,19.628000259399414,19.738000869750977,828000.0
PALL,2024-11-06,19.091999053955078,19.218000411987305,18.86199951171875,19.062000274658203,1021500.0
PALL,2024-11-07,19.013999938964844,19.08799934387207,18.687999725341797,18.823999404907227,740500.0
PALL,2024-11-08,18.525999069213867,18.525999069213867,18.106000900268555,18.20400047302246,1316000.0
PALL,2024-11-11,18.20800018310547,18.299999237060547,17.899999618530273,18.06999969482422,1189000.0
PALL,2024-11-12,17.79599952697754,17.79599952697754,17.25200080871582,17.368000030517578,1325000.0
PALL,2024-11-13,17.29599952697754,17.350000381469727,17.100000381469727,17.13599967956543,1802000.0
PALL,2024-11-14,17.077999114990234,17.398000717163086,17.0,17.34600067138672,1857500.0
PALL,2024-11-15,17.54400062561035,17.697999954223633,17.31800079345703,17.493999481201172,890500.0
PALL,2024-11-18,18.148000717163086,18.558000564575195,18.104000091552734,18.507999420166016,1346500.0
PALL,2024-11-19,18.687999725341797,19.049999237060547,18.628000259399414,19.016000747680664,1481500.0
PALL,2024-11-20,19.0,19.0,18.54199981689453,18.676000595092773,816500.0
PALL,2024-11-21,18.93400001525879,19.077999114990234,18.68000030517578,18.8799991607666,1684000.0
PALL,2024-11-22,18.573999404907227,18.658000946044922,18.200000762939453,18.3799991607666,1362500.0
PALL,2024-11-25,18.086000442504883,18.200000762939453,17.799999237060547,17.81999969482422,709500.0
PALL,2024-11-26,18.027999877929688,18.15999984741211,17.850000381469727,17.899999618530273,2431000.0
PALL,2024-11-27,17.899999618530273,18.107999801635742,17.74799919128418,17.854000091552734,2363000.0
PALL,2024-11-29,17.79199981689453,18.082000732421875,17.70400047302246,18.04800033569336,778000.0
PALL,2024-12-02,18.086000442504883,18.1560001373291,17.95800018310547,18.01799964904785,348000.0
PALL,2024-12-03,18.062000274658203,18.0939998626709,17.823999404907227,17.841999053955078,1045000.0
PALL,2024-12-04,17.996000289916992,18.145999908447266,17.8439998626709,17.99799919128418,407500.0
PALL,2024-12-05,17.84000015258789,17.850000381469727,17.65399932861328,17.68600082397461,396500.0
PALL,2024-12-06,17.597999572753906,17.788000106811523,17.538000106811523,17.552000045776367,301000.0
PALL,2024-12-09,18.1200008392334,18.253999710083008,17.757999420166016,17.79400062561035,2568500.0
PALL,2024-12-10,17.670000076293945,17.804000854492188,17.43000030517578,17.697999954223633,1165500.0
PALL,2024-12-11,17.56399917602539,18.107999801635742,17.558000564575195,17.908000946044922,625500.0
PALL,2024-12-12,17.694000244140625,17.908000946044922,17.65999984741211,17.81800079345703,358000.0
PALL,2024-12-13,17.72599983215332,17.72599983215332,17.365999221801758,17.465999603271484,570500.0
PALL,2024-12-16,17.488000869750977,17.642000198364258,17.242000579833984,17.333999633789062,488500.0
PALL,2024-12-17,17.121999740600586,17.218000411987305,17.049999237060547,17.20199966430664,458500.0
PALL,2024-12-18,17.007999420166016,17.02199935913086,16.47800064086914,16.583999633789062,1209000.0
PALL,2024-12-19,16.600000381469727,16.781999588012695,16.540000915527344,16.68600082397461,543500.0
PALL,2024-12-20,16.889999389648438,16.98200035095215,16.700000762939453,16.841999053955078,435000.0
PALL,2024-12-23,17.030000686645508,17.100000381469727,16.878000259399414,17.04199981689453,272000.0
PALL,2024-12-24,17.167999267578125,17.360000610351562,17.167999267578125,17.329999923706055,295000.0
PALL,2024-12-26,17.007999420166016,17.100000381469727,16.93199920654297,16.989999771118164,443000.0
PALL,2024-12-27,16.823999404907227,16.826000213623047,16.652000427246094,16.763999938964844,280000.0
PALL,2024-12-30,16.719999313354492,16.790000915527344,16.520000457763672,16.54599952697754,419000.0
PALL,2024-12-31,16.615999221801758,16.84600067138672,16.61199951171875,16.70400047302246,255500.0
PALL,2025-01-02,16.847999572753906,16.947999954223633,16.667999267578125,16.75,327000.0
PALL,2025-01-03,16.865999221801758,17.06399917602539,16.865999221801758,16.941999435424805,177000.0
PALL,2025-01-06,17.055999755859375,17.0939998626709,16.829999923706055,16.88599967956543,325000.0
PALL,2025-01-07,17.031999588012695,17.145999908447266,16.86199951171875,17.020000457763672,423500.0
PALL,2025-01-08,16.92799949645996,17.06999969482422,16.757999420166016,17.01799964904785,287000.0
PALL,2025-01-10,17.50200080871582,17.559999465942383,17.260000228881836,17.357999801635742,471500.0
PALL,2025-01-13,17.049999237060547,17.308000564575195,16.97599983215332,17.242000579833984,483500.0
PALL,2025-01-14,17.0939998626709,17.31999969482422,17.04800033569336,17.229999542236328,451500.0
PALL,2025-01-15,17.70199966430664,17.70400047302246,17.336000442504883,17.68000030517578,786500.0
PALL,2025-01-16,17.479999542236328,17.479999542236328,17.187999725341797,17.23200035095215,357000.0
PALL,2025-01-17,17.402000427246094,17.506000518798828,17.270000457763672,17.441999435424805,338000.0
PALL,2025-01-21,17.304000854492188,17.607999801635742,17.22800064086914,17.507999420166016,950500.0
PALL,2025-01-22,17.802000045776367,18.158000946044922,17.788000106811523,18.054000854492188,2113000.0
PALL,2025-01-23,18.20800018310547,18.284000396728516,18.100000381469727,18.209999084472656,798500.0
PALL,2025-01-24,18.371999740600586,18.408000946044922,18.010000228881836,18.055999755859375,589500.0
PALL,2025-01-27,17.753999710083008,17.763999938964844,17.506000518798828,17.5939998626709,507000.0
PALL,2025-01-28,17.513999938964844,17.59000015258789,17.399999618530273,17.474000930786133,209500.0
PALL,2025-01-29,17.54800033569336,17.805999755859375,17.51799964904785,17.6299991607666,183500.0
PALL,2025-01-30,18.167999267578125,18.167999267578125,17.884000778198242,18.134000778198242,563000.0
PALL,2025-01-31,18.200000762939453,18.700000762939453,18.200000762939453,18.486000061035156,881000.0
PALL,2025-02-03,18.447999954223633,18.628000259399414,18.1200008392334,18.503999710083008,857000.0
PALL,2025-02-04,18.284000396728516,18.54599952697754,18.149999618530273,18.229999542236328,452500.0
PALL,2025-02-05,18.239999771118164,18.3799991607666,18.1200008392334,18.197999954223633,616500.0
PALL,2025-02-06,17.993999481201172,18.091999053955078,17.82200050354004,17.959999084472656,795000.0
PALL,2025-02-07,17.93199920654297,17.99799919128418,17.719999313354492,17.770000457763672,408500.0
PALL,2025-02-10,18.030000686645508,18.200000762939453,17.969999313354492,18.013999938964844,394000.0
PALL,2025-02-11,17.996000289916992,18.079999923706055,17.86400032043457,17.983999252319336,236500.0
PALL,2025-02-12,17.868000030517578,17.899999618530273,17.66200065612793,17.854000091552734,319500.0
PALL,2025-02-13,17.97599983215332,18.25200080871582,17.899999618530273,18.243999481201172,587500.0
PALL,2025-02-14,18.187999725341797,18.242000579833984,17.857999801635742,17.895999908447266,485000.0
PALL,2025-02-18,18.030000686645508,18.08799934387207,17.808000564575195,18.031999588012695,400000.0
PALL,2025-02-19,17.988000869750977,18.058000564575195,17.68400001525879,17.823999404907227,414000.0
PALL,2025-02-20,17.917999267578125,18.110000610351562,17.895999908447266,17.920000076293945,244500.0
PALL,2025-02-21,17.805999755859375,17.875999450683594,17.700000762939453,17.738000869750977,324000.0
PALL,2025-02-24,17.437999725341797,17.468000411987305,17.172000885009766,17.173999786376953,1206500.0
PALL,2025-02-25,17.18600082397461,17.191999435424805,16.826000213623047,17.016000747680664,1161500.0
PALL,2025-02-26,16.913999557495117,17.1200008392334,16.902000427246094,16.979999542236328,250000.0
PALL,2025-02-27,16.926000595092773,16.926000595092773,16.756000518798828,16.82200050354004,573000.0
PALL,2025-02-28,16.756000518798828,16.965999603271484,16.6200008392334,16.899999618530273,2422500.0
PALL,2025-03-03,17.243999481201172,17.413999557495117,17.054000854492188,17.145999908447266,2391500.0
PALL,2025-03-04,17.0939998626709,17.398000717163086,17.0,17.31800079345703,312500.0
PALL,2025-03-05,17.200000762939453,17.31399917602539,17.152000427246094,17.308000564575195,532000.0
PALL,2025-03-06,17.31999969482422,17.464000701904297,17.236000061035156,17.260000228881836,330000.0
PALL,2025-03-07,17.3799991607666,17.511999130249023,17.218000411987305,17.392000198364258,267000.0
PALL,2025-03-10,17.503999710083008,17.503999710083008,17.115999221801758,17.139999389648438,365500.0
PALL,2025-03-11,17.261999130249023,17.469999313354492,17.191999435424805,17.280000686645508,301000.0
PALL,2025-03-12,17.378000259399414,17.493999481201172,17.285999298095703,17.389999389648438,276500.0
PALL,2025-03-13,17.29599952697754,17.6299991607666,17.261999130249023,17.573999404907227,400000.0
PALL,2025-03-14,17.8700008392334,17.898000717163086,17.56599998474121,17.649999618530273,620500.0
PALL,2025-03-17,17.649999618530273,17.83799934387207,17.642000198364258,17.73200035095215,331500.0
PALL,2025-03-18,17.766000747680664,17.823999404907227,17.600000381469727,17.724000930786133,513000.0
PALL,2025-03-19,17.601999282836914,17.67799949645996,17.5,17.56999969482422,765000.0
PALL,2025-03-20,17.350000381469727,17.420000076293945,17.299999237060547,17.41200065612793,450000.0
PALL,2025-03-21,17.464000701904297,17.555999755859375,17.417999267578125,17.52400016784668,245000.0
PALL,2025-03-24,17.459999084472656,17.496000289916992,17.350000381469727,17.423999786376953,290000.0
PALL,2025-03-25,17.652000427246094,17.700000762939453,17.525999069213867,17.549999237060547,668000.0
PALL,2025-03-26,17.715999603271484,17.860000610351562,17.639999389648438,17.75,2467000.0
PALL,2025-03-27,17.72800064086914,17.98200035095215,17.687999725341797,17.916000366210938,975000.0
PALL,2025-03-28,17.974000930786133,17.97800064086914,17.672000885009766,17.784000396728516,947000.0
PALL,2025-03-31,17.996000289916992,18.15399932861328,17.753999710083008,18.110000610351562,992000.0
PALL,2025-04-01,18.104000091552734,18.222000122070312,17.968000411987305,18.059999465942383,759000.0
PALL,2025-04-02,17.996000289916992,17.996000289916992,17.687999725341797,17.804000854492188,693500.0
PALL,2025-04-03,17.214000701904297,17.29800033569336,16.898000717163086,16.968000411987305,1608000.0
PALL,2025-04-04,16.799999237060547,16.968000411987305,16.639999389648438,16.81399917602539,1265000.0
PALL,2025-04-07,16.639999389648438,16.986000061035156,16.47800064086914,16.604000091552734,1455500.0
PALL,2025-04-08,16.81599998474121,16.81599998474121,16.479999542236328,16.5939998626709,541500.0
PALL,2025-04-09,16.600000381469727,16.91200065612793,16.510000228881836,16.799999237060547,687500.0
PALL,2025-04-10,16.77199935913086,16.88800048828125,16.56399917602539,16.756000518798828,466000.0
PALL,2025-04-11,16.802000045776367,16.920000076293945,16.742000579833984,16.785999298095703,353000.0
PALL,2025-04-14,17.299999237060547,17.540000915527344,17.24799919128418,17.43000030517578,750500.0
PALL,2025-04-15,17.65399932861328,17.84000015258789,17.520000457763672,17.753999710083008,630000.0
PALL,2025-04-16,17.81399917602539,17.875999450683594,17.695999145507812,17.729999542236328,718000.0
PALL,2025-04-17,17.357999801635742,17.54599952697754,17.323999404907227,17.47599983215332,439000.0
PALL,2025-04-21,17.26799964904785,17.290000915527344,17.04199981689453,17.13599967956543,465500.0
PALL,2025-04-22,17.167999267578125,17.309999465942383,17.003999710083008,17.02400016784668,384000.0
PALL,2025-04-23,17.209999084472656,17.327999114990234,16.979999542236328,17.152000427246094,629000.0
PALL,2025-04-24,17.399999618530273,17.40999984741211,17.281999588012695,17.33799934387207,317500.0
PALL,2025-04-25,17.187999725341797,17.214000701904297,17.06999969482422,17.163999557495117,315500.0
PALL,2025-04-28,17.459999084472656,17.54199981689453,17.31399917602539,17.347999572753906,574000.0
PALL,2025-04-29,17.336000442504883,17.33799934387207,17.100000381469727,17.15399932861328,196500.0
PALL,2025-04-30,17.055999755859375,17.200000762939453,17.00200080871582,17.200000762939453,458500.0
PALL,2025-05-01,17.290000915527344,17.3700008392334,17.172000885009766,17.238000869750977,274000.0
PALL,2025-05-02,17.398000717163086,17.472000122070312,17.26799964904785,17.365999221801758,196500.0
PALL,2025-05-05,17.341999053955078,17.38599967956543,17.15999984741211,17.238000869750977,256500.0
PALL,2025-05-06,17.582000732421875,17.829999923706055,17.52199935913086,17.784000396728516,799000.0
PALL,2025-05-07,17.917999267578125,17.972000122070312,17.56999969482422,17.6200008392334,523000.0
PALL,2025-05-08,17.829999923706055,18.36199951171875,17.75,17.781999588012695,455000.0
PALL,2025-05-09,17.926000595092773,17.947999954223633,17.784000396728516,17.878000259399414,257000.0
PALL,2025-05-12,17.57200050354004,17.600000381469727,17.214000701904297,17.239999771118164,611500.0
PALL,2025-05-13,17.32200050354004,17.507999420166016,17.31599998474121,17.423999786376953,360500.0
PALL,2025-05-14,17.68600082397461,17.68600082397461,17.305999755859375,17.392000198364258,325000.0
PALL,2025-05-15,17.672000885009766,17.68199920654297,17.538000106811523,17.562000274658203,349500.0
PALL,2025-05-16,17.559999465942383,17.694000244140625,17.378000259399414,17.538000106811523,293000.0
PALL,2025-05-19,17.586000442504883,17.8799991607666,17.555999755859375,17.808000564575195,443000.0
PALL,2025-05-20,18.142000198364258,18.600000381469727,18.059999465942383,18.5939998626709,1984500.0
PALL,2025-05-21,18.600000381469727,19.06800079345703,18.600000381469727,18.878000259399414,1809000.0
PALL,2025-05-22,18.530000686645508,18.597999572753906,18.290000915527344,18.416000366210938,976000.0
PALL,2025-05-23,18.190000534057617,18.399999618530273,18.115999221801758,18.239999771118164,1084000.0
PALL,2025-05-27,17.95400047302246,18.059999465942383,17.829999923706055,17.902000427246094,1066500.0
PALL,2025-05-28,17.799999237060547,17.81800079345703,17.576000213623047,17.690000534057617,2943500.0
PALL,2025-05-29,17.722000122070312,17.86400032043457,17.670000076293945,17.83799934387207,1179500.0
PALL,2025-05-30,17.621999740600586,17.770000457763672,17.516000747680664,17.756000518798828,1039000.0
PALL,2025-06-02,18.010000228881836,18.142000198364258,17.832000732421875,18.13599967956543,1381500.0
PALL,2025-06-03,18.40999984741211,18.516000747680664,18.266000747680664,18.513999938964844,1295000.0
PALL,2025-06-04,18.290000915527344,18.3439998626709,18.200000762939453,18.332000732421875,919500.0
PALL,2025-06-05,18.493999481201172,18.624000549316406,18.31599998474121,18.465999603271484,2479000.0
PALL,2025-06-06,18.899999618530273,19.190000534057617,18.84600067138672,19.131999969482422,2191000.0
PALL,2025-06-09,19.534000396728516,19.790000915527344,19.469999313354492,19.719999313354492,1802000.0
PALL,2025-06-10,19.52199935913086,19.6200008392334,19.281999588012695,19.416000366210938,1368000.0
PALL,2025-06-11,19.59600067138672,19.79199981689453,19.45400047302246,19.531999588012695,1610500.0
PALL,2025-06-12,19.176000595092773,19.40999984741211,19.118000030517578,19.398000717163086,1339500.0
PALL,2025-06-13,19.27400016784668,19.31399917602539,18.847999572753906,18.881999969482422,1171000.0
PALL,2025-06-16,19.139999389648438,19.187999725341797,18.802000045776367,18.871999740600586,921500.0
PALL,2025-06-17,19.091999053955078,19.197999954223633,19.027999877929688,19.158000946044922,888500.0
PALL,2025-06-18,19.29400062561035,19.29599952697754,19.058000564575195,19.09600067138672,1215000.0
PALL,2025-06-20,19.18000030517578,19.229999542236328,19.006000518798828,19.18000030517578,929500.0
PALL,2025-06-23,19.562000274658203,19.739999771118164,19.492000579833984,19.63800048828125,1302000.0
PALL,2025-06-24,19.48200035095215,19.48200035095215,19.257999420166016,19.43000030517578,1294500.0
PALL,2025-06-25,19.233999252319336,19.54199981689453,19.152000427246094,19.527999877929688,903000.0
PALL,2025-06-26,19.804000854492188,20.945999145507812,19.75200080871582,20.781999588012695,3223000.0
PALL,2025-06-27,20.464000701904297,20.829999923706055,20.347999572753906,20.70599937438965,1834500.0
PALL,2025-06-30,20.371999740600586,20.479999542236328,19.8799991607666,20.121999740600586,2013000.0
PALL,2025-07-01,20.3439998626709,20.38599967956543,19.961999893188477,20.23200035095215,1637000.0
PALL,2025-07-02,20.709999084472656,21.222000122070312,20.610000610351562,21.209999084472656,2835500.0
PALL,2025-07-03,20.634000778198242,20.850000381469727,20.583999633789062,20.808000564575195,1673000.0
PALL,2025-07-07,20.211999893188477,20.29199981689453,20.058000564575195,20.29199981689453,1455500.0
PALL,2025-07-08,20.31800079345703,20.375999450683594,20.02400016784668,20.239999771118164,1015000.0
PALL,2025-07-09,20.04800033569336,20.281999588012695,19.90999984741211,20.25,1276500.0
PALL,2025-07-10,20.79199981689453,21.077999114990234,20.40399932861328,20.979999542236328,2151000.0
PALL,2025-07-11,21.219999313354492,22.299999237060547,21.20400047302246,22.209999084472656,3203500.0
PALL,2025-07-14,21.73200035095215,22.06999969482422,21.559999465942383,21.82200050354004,2278500.0
PALL,2025-07-15,22.18400001525879,22.18400001525879,21.76799964904785,21.826000213623047,1049500.0
PALL,2025-07-16,22.41200065612793,22.576000213623047,22.17799949645996,22.576000213623047,1317500.0
PALL,2025-07-17,22.59000015258789,23.479999542236328,22.43600082397461,23.447999954223633,1808500.0
PALL,2025-07-18,23.860000610351562,23.860000610351562,22.784000396728516,22.8439998626709,2971500.0
PALL,2025-07-21,23.200000762939453,23.503999710083008,23.0,23.062000274658203,1213000.0
PALL,2025-07-22,23.016000747680664,23.416000366210938,22.95199966430664,23.389999389648438,880000.0
PALL,2025-07-23,23.073999404907227,23.61199951171875,23.016000747680664,23.40399932861328,1117500.0
PALL,2025-07-24,22.979999542236328,23.11400032043457,22.510000228881836,22.573999404907227,1677500.0
PALL,2025-07-25,22.5,22.5,22.06399917602539,22.34600067138672,1311000.0
PALL,2025-07-28,22.724000930786133,22.780000686645508,22.266000747680664,22.493999481201172,1755000.0
PALL,2025-07-29,22.631999969482422,22.961999893188477,22.47599983215332,22.902000427246094,924000.0
PALL,2025-07-30,22.93199920654297,22.93199920654297,21.5,21.68400001525879,3444500.0
PALL,2025-07-31,22.18199920654297,22.239999771118164,21.469999313354492,21.73200035095215,1667500.0
PALL,2025-08-01,22.23200035095215,22.270000457763672,21.833999633789062,22.02199935913086,1565000.0
PALL,2025-08-04,21.700000762939453,22.054000854492188,21.576000213623047,21.781999588012695,1261000.0
PALL,2025-08-05,21.42799949645996,21.847999572753906,21.350000381469727,21.47800064086914,1056500.0
PALL,2025-08-06,20.920000076293945,21.06999969482422,20.670000076293945,20.881999969482422,1661500.0
PALL,2025-08-07,21.049999237060547,21.20400047302246,20.923999786376953,21.131999969482422,979000.0
PALL,2025-08-08,20.672000885009766,20.892000198364258,20.464000701904297,20.489999771118164,2363500.0
PALL,2025-08-11,20.805999755859375,21.091999053955078,20.75200080871582,20.941999435424805,907000.0
PALL,2025-08-12,20.658000946044922,20.77199935913086,20.479999542236328,20.56599998474121,651000.0
PALL,2025-08-13,20.59000015258789,20.739999771118164,20.465999603271484,20.709999084472656,571500.0
PALL,2025-08-14,20.79800033569336,20.989999771118164,20.59000015258789,20.937999725341797,664500.0
PALL,2025-08-15,20.441999435424805,20.549999237060547,20.332000732421875,20.38599967956543,1575000.0
PALL,2025-08-18,20.464000701904297,20.582000732421875,20.350000381469727,20.43199920654297,750500.0
PALL,2025-08-19,20.479999542236328,20.59600067138672,20.172000885009766,20.22599983215332,812500.0
PALL,2025-08-20,20.423999786376953,20.562000274658203,20.131999969482422,20.336000442504883,659000.0
PALL,2025-08-21,20.143999099731445,20.305999755859375,20.031999588012695,20.260000228881836,793000.0
PALL,2025-08-22,20.520000457763672,20.760000228881836,20.38800048828125,20.54199981689453,929500.0
PALL,2025-08-25,20.166000366210938,20.25,19.97599983215332,20.04400062561035,1052500.0
PALL,2025-08-26,19.972000122070312,20.149999618530273,19.851999282836914,20.115999221801758,719500.0
PALL,2025-08-27,19.913999557495117,19.996000289916992,19.695999145507812,19.95800018310547,799000.0
PALL,2025-08-28,20.131999969482422,20.200000762939453,20.020000457763672,20.167999267578125,1072000.0
PALL,2025-08-29,19.937999725341797,20.25,19.874000549316406,20.233999252319336,1002000.0
PALL,2025-09-02,20.371999740600586,20.826000213623047,20.260000228881836,20.81999969482422,2752500.0
PALL,2025-09-03,21.034000396728516,21.200000762939453,20.854000091552734,20.92799949645996,1946000.0
PALL,2025-09-04,20.673999786376953,20.722000122070312,20.45400047302246,20.510000228881836,1331000.0
PALL,2025-09-05,20.54400062561035,20.714000701904297,20.110000610351562,20.33799934387207,1423000.0
PALL,2025-09-08,20.663999557495117,20.8700008392334,20.604000091552734,20.79599952697754,2728500.0
PALL,2025-09-09,20.666000366210938,20.860000610351562,20.402000427246094,20.777999877929688,2083500.0
PALL,2025-09-10,21.531999588012695,21.77400016784668,21.408000946044922,21.511999130249023,1734500.0
PALL,2025-09-11,21.6560001373291,21.826000213623047,21.58799934387207,21.742000579833984,1429500.0
PALL,2025-09-12,22.243999481201172,22.43400001525879,21.945999145507812,22.131999969482422,1787500.0
PALL,2025-09-15,21.63599967956543,21.88599967956543,21.45800018310547,21.871999740600586,1640000.0
PALL,2025-09-16,21.687999725341797,21.687999725341797,21.356000900268555,21.459999084472656,903000.0
PALL,2025-09-17,21.194000244140625,21.275999069213867,20.799999237060547,21.052000045776367,1406000.0
PALL,2025-09-18,21.038000106811523,21.326000213623047,20.826000213623047,21.097999572753906,1101500.0
PALL,2025-09-19,20.86199951171875,21.035999298095703,20.770000457763672,20.969999313354492,1270500.0
PALL,2025-09-22,21.437999725341797,21.73200035095215,21.350000381469727,21.672000885009766,1603500.0
PALL,2025-09-23,22.399999618530273,22.43400001525879,22.11199951171875,22.357999801635742,2655500.0
PALL,2025-09-24,22.474000930786133,22.474000930786133,21.993999481201172,22.06800079345703,1384500.0
PALL,2025-09-25,22.672000885009766,23.04599952697754,22.347999572753906,23.006000518798828,4033500.0
PALL,2025-09-26,23.11199951171875,23.395999908447266,23.040000915527344,23.18199920654297,2433000.0
PALL,2025-09-29,23.148000717163086,23.33799934387207,22.742000579833984,23.06999969482422,2910000.0
PALL,2025-09-30,22.59600067138672,22.8700008392334,22.45199966430664,22.833999633789062,1419500.0
PALL,2025-10-01,22.70199966430664,23.013999938964844,22.618000030517578,22.829999923706055,1739000.0
PALL,2025-10-02,22.95400047302246,22.95400047302246,22.06800079345703,22.81599998474121,2655000.0
PALL,2025-10-03,22.850000381469727,23.18600082397461,22.804000854492188,23.13599967956543,3356000.0
PALL,2025-10-06,23.531999588012695,24.33799934387207,23.525999069213867,24.266000747680664,5858500.0
PALL,2025-10-07,24.695999145507812,25.040000915527344,24.191999435424805,24.591999053955078,4008500.0
PALL,2025-10-08,25.875999450683594,26.988000869750977,25.76799964904785,26.856000900268555,6230000.0
PALL,2025-10-09,27.246000289916992,27.332000732421875,25.642000198364258,25.88599967956543,7252000.0
PALL,2025-10-10,26.618000030517578,26.917999267578125,25.61400032043457,25.9060001373291,3988000.0
PALL,2025-10-13,26.52400016784668,27.31599998474121,26.389999389648438,26.97800064086914,3262500.0
PALL,2025-10-14,26.926000595092773,28.115999221801758,26.5,27.67799949645996,3127000.0
PALL,2025-10-15,28.25200080871582,28.333999633789062,27.639999389648438,28.172000885009766,3273500.0
PALL,2025-10-16,28.892000198364258,29.697999954223633,28.799999237060547,29.52400016784668,5459500.0
PALL,2025-10-17,28.142000198364258,28.176000595092773,26.5,26.52400016784668,7702000.0
PALL,2025-10-20,26.993999481201172,27.600000381469727,26.81800079345703,27.586000442504883,3181000.0
PALL,2025-10-21,25.892000198364258,26.059999465942383,25.22599983215332,25.687999725341797,4267000.0
PALL,2025-10-22,26.003999710083008,26.95800018310547,25.496000289916992,26.464000701904297,4286500.0
PALL,2025-10-23,26.667999267578125,26.920000076293945,26.305999755859375,26.347999572753906,1743500.0
PALL,2025-10-24,26.341999053955078,26.67799949645996,26.003999710083008,26.055999755859375,1027500.0
PALL,2025-10-27,25.788000106811523,25.788000106811523,25.22800064086914,25.483999252319336,2039000.0
PALL,2025-10-28,24.95199966430664,25.645999908447266,24.884000778198242,25.576000213623047,2329000.0
PALL,2025-10-29,25.945999145507812,26.016000747680664,25.45199966430664,25.582000732421875,1578000.0
PALL,2025-10-30,25.884000778198242,26.583999633789062,25.742000579833984,26.47599983215332,1649500.0
PALL,2025-10-31,26.70800018310547,26.733999252319336,26.06800079345703,26.333999633789062,1028500.0
PALL,2025-11-03,26.624000549316406,26.68199920654297,25.961999893188477,26.197999954223633,1082500.0
PALL,2025-11-04,25.836000442504883,25.950000762939453,25.3799991607666,25.416000366210938,1788500.0
PALL,2025-11-05,25.75200080871582,26.040000915527344,25.600000381469727,25.922000885009766,1056000.0
PALL,2025-11-06,25.58799934387207,25.799999237060547,24.851999282836914,25.08799934387207,1290500.0
PALL,2025-11-07,25.224000930786133,25.468000411987305,24.965999603271484,25.29800033569336,1335000.0
PALL,2025-11-10,25.610000610351562,26.09000015258789,25.520000457763672,25.97599983215332,1753000.0
PALL,2025-11-11,26.24799919128418,26.597999572753906,25.992000579833984,26.444000244140625,1974500.0
PALL,2025-11-12,26.222000122070312,26.937999725341797,26.110000610351562,26.856000900268555,1798000.0
PALL,2025-11-13,26.68400001525879,26.84000015258789,25.959999084472656,26.00200080871582,1860000.0
PALL,2025-11-14,25.236000061035156,25.854000091552734,24.959999084472656,25.579999923706055,1615000.0
PALL,2025-11-17,25.167999267578125,25.604000091552734,24.90399932861328,25.261999130249023,1638500.0
PALL,2025-11-18,25.3799991607666,25.770000457763672,25.083999633789062,25.610000610351562,1045500.0
PALL,2025-11-19,25.621999740600586,25.788000106811523,25.214000701904297,25.25200080871582,1044000.0
PALL,2025-11-20,25.799999237060547,25.968000411987305,24.979999542236328,25.054000854492188,1493000.0
PALL,2025-11-21,25.0,25.31999969482422,24.6200008392334,24.940000534057617,1422500.0
PALL,2025-11-24,25.167999267578125,25.530000686645508,25.062000274658203,25.440000534057617,1046500.0
PALL,2025-11-25,25.375999450683594,25.506000518798828,25.104000091552734,25.357999801635742,654500.0
PALL,2025-11-26,25.65999984741211,25.979999542236328,25.459999084472656,25.90999984741211,1417000.0
PALL,2025-11-28,26.257999420166016,26.719999313354492,26.200000762939453,26.486000061035156,1742000.0
PALL,2025-12-01,26.56999969482422,26.804000854492188,25.8439998626709,26.0,1899500.0
PALL,2025-12-02,26.591999053955078,26.788000106811523,26.224000930786133,26.785999298095703,1934000.0
PALL,2025-12-03,26.52199935913086,27.0,26.263999938964844,26.93600082397461,1139000.0
PALL,2025-12-04,26.29400062561035,26.58799934387207,26.04599952697754,26.45599937438965,1446500.0
PALL,2025-12-05,26.59600067138672,26.75,26.384000778198242,26.600000381469727,766000.0
PALL,2025-12-08,27.0,27.034000396728516,26.540000915527344,26.784000396728516,1643500.0
PALL,2025-12-09,26.829999923706055,27.535999298095703,26.586000442504883,27.47800064086914,3190000.0
PALL,2025-12-10,26.88800048828125,26.922000885009766,26.465999603271484,26.892000198364258,2441500.0
PALL,2025-12-11,26.777999877929688,27.312000274658203,26.72800064086914,27.29400062561035,2557500.0
PALL,2025-12-12,28.0,28.073999404907227,26.940000534057617,27.299999237060547,2582000.0
PALL,2025-12-15,28.378000259399414,28.920000076293945,28.302000045776367,28.67799949645996,3710500.0
PALL,2025-12-16,28.878000259399414,29.48200035095215,28.83799934387207,29.222000122070312,2408500.0
PALL,2025-12-17,29.573999404907227,30.1200008392334,29.336000442504883,29.895999908447266,3352000.0
PALL,2025-12-18,31.0,31.118000030517578,30.492000579833984,30.79199981689453,3019500.0
PALL,2025-12-19,30.61199951171875,31.31599998474121,30.579999923706055,31.211999893188477,2666000.0
PALL,2025-12-22,32.380001068115234,32.380001068115234,31.459999084472656,32.099998474121094,3432000.0
PALL,2025-12-23,33.27399826049805,34.14400100708008,33.04800033569336,33.84000015258789,6510500.0
PALL,2025-12-24,32.14400100708008,32.19200134277344,30.496000289916992,31.299999237060547,8130000.0
PALL,2025-12-26,33.46799850463867,35.19200134277344,33.145999908447266,35.18199920654297,5604000.0
PALL,2025-12-29,30.020000457763672,30.356000900268555,29.200000762939453,30.211999893188477,8060500.0
PALL,2025-12-30,30.486000061035156,30.860000610351562,29.40399932861328,29.40999984741211,5318500.0
PALL,2025-12-31,28.90999984741211,29.48200035095215,28.799999237060547,29.076000213623047,3421000.0
PALL,2026-01-02,30.040000915527344,30.18199920654297,29.402000427246094,29.79599952697754,1943000.0
PALL,2026-01-05,31.115999221801758,31.510000228881836,30.88800048828125,30.92799949645996,2598500.0
PALL,2026-01-06,32.20399856567383,33.33399963378906,32.150001525878906,33.07400131225586,3451000.0
PALL,2026-01-07,31.483999252319336,32.09000015258789,31.0,32.05400085449219,3542000.0
PALL,2026-01-08,31.381999969482422,32.54199981689453,31.121999740600586,32.400001525878906,2195500.0
PALL,2026-01-09,33.38800048828125,33.847999572753906,33.00400161743164,33.24599838256836,2643000.0
PALL,2026-01-12,33.8120002746582,34.347999572753906,33.672000885009766,33.88600158691406,2126500.0
PALL,2026-01-13,34.16600036621094,34.50400161743164,33.13199996948242,33.27000045776367,2876500.0
PALL,2026-01-14,33.694000244140625,34.20399856567383,33.2859992980957,34.034000396728516,2392000.0
PALL,2026-01-15,32.70000076293945,33.43199920654297,32.48400115966797,33.104000091552734,2389000.0
PALL,2026-01-16,31.809999465942383,32.731998443603516,31.586000442504883,32.619998931884766,4107000.0
PALL,2026-01-20,33.6879997253418,34.03799819946289,33.43000030517578,33.90800094604492,2683000.0
PALL,2026-01-21,33.900001525878906,34.27199935913086,33.189998626708984,33.75400161743164,2924500.0
PALL,2026-01-22,33.986000061035156,35.18199920654297,33.70000076293945,35.18199920654297,3891500.0
PALL,2026-01-23,36.04600143432617,36.9900016784668,35.84000015258789,36.948001861572266,5160000.0
PALL,2026-01-26,38.242000579833984,39.481998443603516,36.332000732421875,36.75400161743164,8632500.0
PALL,2026-01-27,35.513999938964844,35.63199996948242,33.7140007019043,34.99800109863281,6726500.0
PALL,2026-01-28,36.67399978637695,37.22999954223633,35.816001892089844,37.18199920654297,3904000.0
PALL,2026-01-29,38.46200180053711,38.95399856567383,35.167999267578125,36.49399948120117,6584000.0
PALL,2026-01-30,33.13199996948242,33.75400161743164,29.076000213623047,30.77199935913086,11070000.0
PALL,2026-02-02,31.559999465942383,31.881999969482422,30.016000747680664,31.22800064086914,4406500.0
PALL,2026-02-03,33.0,33.369998931884766,31.507999420166016,31.944000244140625,3014500.0
PALL,2026-02-04,33.29600143432617,33.551998138427734,31.31999969482422,32.060001373291016,2527500.0
PALL,2026-02-05,30.393999099731445,31.280000686645508,30.007999420166016,30.011999130249023,4848000.0
PALL,2026-02-06,30.600000381469727,31.527999877929688,30.54400062561035,30.97800064086914,2327500.0
PALL,2026-02-09,31.31399917602539,31.760000228881836,31.209999084472656,31.610000610351562,1243000.0
PALL,2026-02-10,31.714000701904297,31.833999633789062,30.941999435424805,31.01799964904785,1098500.0
PALL,2026-02-11,32.01599884033203,32.04199981689453,31.06599998474121,31.197999954223633,1197500.0
PALL,2026-02-12,31.18000030517578,31.43199920654297,29.399999618530273,29.399999618530273,2144000.0
PALL,2026-02-13,30.13800048828125,31.02400016784668,29.76799964904785,30.694000244140625,2181000.0
PALL,2026-02-17,30.3799991607666,30.920000076293945,29.944000244140625,30.70599937438965,1746500.0
PALL,2026-02-18,31.413999557495117,31.827999114990234,30.959999084472656,31.327999114990234,1321000.0
PALL,2026-02-19,30.493999481201172,30.77400016784668,30.239999771118164,30.583999633789062,894000.0
PALL,2026-02-20,31.1299991607666,31.93000030517578,31.07200050354004,31.920000076293945,2102500.0
PALL,2026-02-23,32.04999923706055,32.375999450683594,31.368000030517578,31.908000946044922,1210000.0
PALL,2026-02-24,31.18600082397461,32.59199905395508,31.18400001525879,32.540000915527344,1645500.0
PALL,2026-02-25,32.99399948120117,33.198001861572266,32.49800109863281,32.49800109863281,1967500.0
PALL,2026-02-26,31.993999481201172,32.486000061035156,31.559999465942383,32.486000061035156,1303500.0
PALL,2026-02-27,32.41600036621094,32.625999450683594,32.13999938964844,32.47800064086914,1105000.0
PALL,2026-03-02,31.871999740600586,32.400001525878906,31.70599937438965,32.19200134277344,1302500.0
PALL,2026-03-03,30.18600082397461,30.392000198364258,29.00200080871582,29.988000869750977,2499000.0
PALL,2026-03-04,30.65999984741211,30.70599937438965,30.280000686645508,30.327999114990234,798500.0
PALL,2026-03-05,29.823999404907227,29.92799949645996,29.423999786376953,29.558000564575195,1460500.0
PALL,2026-03-06,29.591999053955078,29.865999221801758,29.440000534057617,29.540000915527344,1223000.0
PALL,2026-03-09,29.667999267578125,30.739999771118164,29.45400047302246,30.643999099731445,1697000.0
PALL,2026-03-10,30.785999298095703,30.785999298095703,30.04800033569336,30.15999984741211,961000.0
PALL,2026-03-11,29.799999237060547,30.118000030517578,29.516000747680664,29.847999572753906,936000.0
PALL,2026-03-12,30.020000457763672,30.025999069213867,29.299999237060547,29.408000946044922,798500.0
PALL,2026-03-13,29.304000854492188,29.365999221801758,28.077999114990234,28.152000427246094,1784500.0
PALL,2026-03-16,28.857999801635742,29.341999053955078,28.715999603271484,29.22800064086914,810000.0
PALL,2026-03-17,29.38599967956543,29.6200008392334,29.055999755859375,29.170000076293945,472500.0
PALL,2026-03-18,27.788000106811523,28.357999801635742,27.00200080871582,27.06800079345703,2919500.0
PALL,2026-03-19,26.197999954223633,26.479999542236328,25.610000610351562,26.31800079345703,4573500.0
PALL,2026-03-20,26.31999969482422,26.479999542236328,25.365999221801758,25.591999053955078,2726500.0
PALL,2026-03-23,25.860000610351562,26.586000442504883,25.511999130249023,25.88800048828125,1792500.0
PALL,2026-03-24,25.54800033569336,25.860000610351562,25.100000381469727,25.634000778198242,1416000.0
PALL,2026-03-25,26.167999267578125,26.27199935913086,25.634000778198242,25.847999572753906,840000.0
PALL,2026-03-26,24.790000915527344,25.06800079345703,24.34600067138672,24.47599983215332,1732000.0
PALL,2026-03-27,24.916000366210938,25.624000549316406,24.799999237060547,25.08799934387207,1063000.0
PALL,2026-03-30,25.856000900268555,25.926000595092773,25.444000244140625,25.621999740600586,743500.0
PALL,2026-03-31,26.224000930786133,27.04400062561035,26.15399932861328,26.941999435424805,1294000.0
PALL,2026-04-01,26.691999435424805,27.51799964904785,26.559999465942383,26.93000030517578,1520000.0
PALL,2026-04-02,26.41200065612793,27.461999893188477,26.399999618530273,27.461999893188477,795500.0
PALL,2026-04-06,26.99799919128418,27.11199951171875,26.742000579833984,27.035999298095703,338000.0
PALL,2026-04-07,26.47800064086914,26.739999771118164,25.93000030517578,26.618000030517578,705000.0
PALL,2026-04-08,29.15999984741211,29.27199935913086,28.360000610351562,28.486000061035156,3073000.0
PALL,2026-04-09,28.239999771118164,28.479999542236328,27.827999114990234,28.329999923706055,864000.0
PALL,2026-04-10,27.6200008392334,27.8799991607666,27.50200080871582,27.785999298095703,394000.0
PALL,2026-04-13,27.82200050354004,28.673999786376953,27.634000778198242,28.672000885009766,562000.0
PALL,2026-04-14,28.309999465942383,28.902000427246094,28.266000747680664,28.893999099731445,530000.0
PALL,2026-04-15,28.72599983215332,28.895999908447266,28.41200065612793,28.57200050354004,868500.0
PALL,2026-04-16,28.658000946044922,28.73200035095215,28.20199966430664,28.270000457763672,777000.0
PALL,2026-04-17,28.6560001373291,29.06800079345703,28.447999954223633,28.510000228881836,1060500.0
PALL,2026-04-20,28.270000457763672,28.398000717163086,28.02400016784668,28.34000015258789,1000500.0
PALL,2026-04-21,28.32200050354004,28.54599952697754,27.624000549316406,27.624000549316406,1250500.0
PALL,2026-04-22,28.257999420166016,28.472000122070312,28.011999130249023,28.13800048828125,474000.0
PALL,2026-04-23,26.974000930786133,27.474000930786133,26.486000061035156,26.562000274658203,1622500.0
PALL,2026-04-24,26.989999771118164,27.336000442504883,26.90999984741211,27.288000106811523,522500.0
PALL,2026-04-27,26.84600067138672,26.989999771118164,26.639999389648438,26.718000411987305,727000.0
PALL,2026-04-28,26.450000762939453,26.691999435424805,26.229999542236328,26.513999938964844,783500.0
PALL,2026-04-29,26.200000762939453,26.718000411987305,26.121999740600586,26.399999618530273,671500.0
PALL,2026-04-30,26.898000717163086,27.93400001525879,26.711999893188477,27.70800018310547,1466500.0
PALL,2026-05-01,27.628000259399414,28.13800048828125,27.628000259399414,27.65999984741211,974500.0
PALL,2026-05-04,26.99799919128418,27.243999481201172,26.621999740600586,26.88599967956543,780500.0
PALL,2026-05-05,27.3439998626709,27.540000915527344,26.97800064086914,27.054000854492188,715000.0
PALL,2026-05-06,27.775999069213867,28.106000900268555,27.743999481201172,27.961999893188477,981000.0
PALL,2026-05-07,27.770000457763672,27.856000900268555,26.95199966430664,26.996000289916992,796000.0
PALL,2026-05-08,26.8700008392334,27.172000885009766,26.67799949645996,26.941999435424805,718500.0
PALL,2026-05-11,27.6299991607666,27.63800048828125,27.218000411987305,27.483999252319336,1125000.0
PALL,2026-05-12,26.79800033569336,27.222000122070312,26.375999450683594,27.20800018310547,638500.0
PALL,2026-05-13,26.917999267578125,27.694000244140625,26.917999267578125,27.354000091552734,1018500.0
PALL,2026-05-14,26.464000701904297,26.464000701904297,26.073999404907227,26.224000930786133,1084000.0
PALL,2026-05-15,25.724000930786133,25.90999984741211,25.554000854492188,25.753999710083008,1266000.0
PALL,2026-05-18,25.59000015258789,25.75,25.360000610351562,25.56999969482422,924800.0
PALL,2026-05-19,25.010000228881836,25.139999389648438,24.459999084472656,24.549999237060547,904900.0
PALL,2026-05-20,24.520000457763672,25.09000015258789,24.440000534057617,25.010000228881836,666100.0
PALL,2026-05-21,24.6200008392334,25.329999923706055,24.5,25.219999313354492,492800.0
PALL,2026-05-22,24.75,24.920000076293945,24.350000381469727,24.520000457763672,526300.0
PALL,2026-05-26,25.209999084472656,25.3799991607666,24.940000534057617,25.139999389648438,670200.0
PALL,2026-05-27,25.0,25.280000686645508,25.0,25.190000534057617,431600.0
PALL,2026-05-28,24.399999618530273,25.040000915527344,24.239999771118164,24.8700008392334,857000.0
PALL,2026-05-29,25.079999923706055,25.270000457763672,24.3799991607666,24.690000534057617,1349300.0
PALL,2026-06-01,24.3700008392334,24.940000534057617,24.360000610351562,24.81999969482422,660000.0
PALL,2026-06-02,24.8799991607666,25.09000015258789,24.600000381469727,24.950000762939453,507800.0
PALL,2026-06-03,24.479999542236328,24.489999771118164,23.68000030517578,23.729999542236328,1120500.0
PALL,2026-06-04,23.969999313354492,24.010000228881836,23.780000686645508,23.8700008392334,503400.0
PALL,2026-06-05,23.760000228881836,23.799999237060547,22.34000015258789,22.350000381469727,1462000.0
PALL,2026-06-08,22.020000457763672,22.139999389648438,21.6299991607666,22.049999237060547,1272800.0
PALL,2026-06-09,22.700000762939453,22.8799991607666,22.030000686645508,22.299999237060547,987700.0
PALL,2026-06-10,22.5,22.8700008392334,22.1200008392334,22.1299991607666,1438800.0
PALL,2026-06-11,22.520000457763672,23.299999237060547,22.5,23.209999084472656,1190600.0
PALL,2026-06-12,23.219999313354492,23.31999969482422,22.829999923706055,23.229999542236328,1030600.0
PALL,2026-06-15,24.56999969482422,24.81999969482422,24.350000381469727,24.399999618530273,982000.0
PALL,2026-06-16,24.75,24.920000076293945,24.440000534057617,24.579999923706055,550200.0
PALL,2026-06-17,24.6200008392334,24.700000762939453,23.68000030517578,23.709999084472656,909900.0
PALL,2026-06-18,23.6200008392334,23.65999984741211,23.079999923706055,23.229999542236328,787500.0
PALL,2026-06-22,22.940000534057617,23.1299991607666,22.739999771118164,22.889999389648438,464100.0
PALL,2026-06-23,22.399999618530273,22.549999237060547,22.18000030517578,22.34000015258789,1385700.0
PALL,2026-06-24,21.350000381469727,21.56999969482422,20.899999618530273,21.1200008392334,1346000.0
PALL,2026-06-25,21.6200008392334,21.65999984741211,21.229999542236328,21.520000457763672,2562700.0
PALL,2026-06-26,21.90999984741211,22.15999984741211,21.739999771118164,22.040000915527344,653600.0
PALL,2026-06-29,21.90999984741211,22.270000457763672,21.90999984741211,22.139999389648438,873800.0
PALL,2026-06-30,22.06999969482422,22.280000686645508,21.850000381469727,22.079999923706055,833300.0
PALL,2026-07-01,21.979999542236328,22.329999923706055,21.959999084472656,22.030000686645508,833900.0
PALL,2026-07-02,22.770000457763672,23.139999389648438,22.709999084472656,22.90999984741211,733400.0
PALL,2026-07-06,23.100000381469727,23.200000762939453,22.860000610351562,23.149999618530273,763700.0
PALL,2026-07-07,23.25,23.34000015258789,22.93000030517578,23.010000228881836,393200.0
PALL,2026-07-08,22.020000457763672,22.40999984741211,21.979999542236328,22.15999984741211,956100.0
PALL,2026-07-09,22.709999084472656,22.8799991607666,22.639999389648438,22.700000762939453,455600.0
PALL,2026-07-10,22.989999771118164,23.290000915527344,22.959999084472656,23.06999969482422,509500.0
PALL,2026-07-13,23.06999969482422,23.06999969482422,22.610000610351562,22.729999542236328,926200.0
PALL,2026-07-14,23.350000381469727,24.0,23.290000915527344,23.700000762939453,806900.0
PALL,2026-07-15,23.739999771118164,23.959999084472656,23.239999771118164,23.8700008392334,678700.0
PALL,2026-07-16,23.200000762939453,23.260000228881836,22.809999465942383,22.889999389648438,643400.0
PALL,2026-07-17,22.290000915527344,22.799999237060547,22.25,22.700000762939453,662900.0
PALL,2026-07-20,22.950000762939453,23.139999389648438,22.780000686645508,22.799999237060547,510500.0
PALL,2026-07-21,23.0,23.399999618530273,22.959999084472656,23.280000686645508,505600.0
PALL,2026-07-22,23.719999313354492,23.950000762939453,23.5,23.520000457763672,531600.0
PALL,2026-07-23,22.809999465942383,22.959999084472656,22.719999313354492,22.780000686645508,587100.0
PALL,2026-07-24,22.65999984741211,22.93000030517578,22.479999542236328,22.559999465942383,406400.0
PALL,2026-07-27,23.260000228881836,23.549999237060547,23.170000076293945,23.420000076293945,761700.0
PALL,2026-07-28,22.829999923706055,23.139999389648438,22.65999984741211,22.90999984741211,273600.0
PALL,2026-07-29,22.75,23.34000015258789,22.510000228881836,22.8799991607666,418600.0
PALL,2026-07-30,23.280000686645508,23.8700008392334,23.149999618530273,23.850000381469727,871100.0
PALL,2026-07-31,23.079999923706055,23.34000015258789,22.829999923706055,23.229999542236328,527100.0
PALL,2026-08-03,22.579999923706055,22.8700008392334,22.559999465942383,22.829999923706055,565500.0
PALL,2026-08-04,24.100000381469727,24.68000030517578,23.969999313354492,24.5,1685500.0
PALL,2026-08-05,24.600000381469727,25.020000457763672,24.559999465942383,24.81999969482422,971700.0
PALL,2026-08-06,24.90999984741211,25.15999984741211,24.760000228881836,24.889999389648438,760200.0
PALL,2026-08-07,24.93000030517578,25.229999542236328,24.770000457763672,25.049999237060547,1264400.0
PALL,2026-08-10,24.8700008392334,25.15999984741211,24.56999969482422,25.110000610351562,771100.0
PALL,2026-08-11,24.8700008392334,24.940000534057617,24.6299991607666,24.770000457763672,480700.0
PALL,2026-08-12,25.200000762939453,25.200000762939453,24.790000915527344,24.850000381469727,692200.0
PALL,2026-08-13,23.920000076293945,24.09000015258789,23.809999465942383,23.84000015258789,762000.0
PALL,2026-08-14,23.899999618530273,24.040000915527344,23.860000610351562,23.93000030517578,406800.0
PALL,2026-08-17,24.059999465942383,24.309999465942383,24.0,24.190000534057617,742900.0
PALL,2026-08-18,23.670000076293945,23.799999237060547,23.329999923706055,23.3799991607666,531300.0
PALL,2026-08-19,23.90999984741211,24.239999771118164,23.899999618530273,24.229999542236328,1339100.0
PALL,2026-08-20,24.040000915527344,24.280000686645508,23.8700008392334,24.200000762939453,781600.0
PALL,2026-08-21,24.5,24.510000228881836,24.15999984741211,24.450000762939453,1307100.0
PALL,2026-08-24,24.549999237060547,25.020000457763672,24.520000457763672,24.6299991607666,1173700.0
PALL,2026-08-25,23.84000015258789,24.329999923706055,23.84000015258789,24.31999969482422,694300.0
PALL,2026-08-26,24.31999969482422,24.329999923706055,23.979999542236328,23.989999771118164,636300.0
PALL,2026-08-27,23.799999237060547,24.610000610351562,23.65999984741211,24.579999923706055,592800.0
PALL,2026-08-28,26.190000534057617,26.649999618530273,25.6200008392334,25.790000915527344,2803000.0
PALL,2026-08-31,24.81999969482422,24.959999084472656,24.6299991607666,24.780000686645508,1255200.0
PALL,2026-09-01,24.1200008392334,24.1200008392334,23.65999984741211,23.68000030517578,1279700.0
PALL,2026-09-02,24.139999389648438,24.59000015258789,24.139999389648438,24.579999923706055,699900.0
PALL,2026-09-03,25.0,25.90999984741211,24.770000457763672,25.790000915527344,1740500.0
PALL,2026-09-04,25.43000030517578,25.440000534057617,25.079999923706055,25.309999465942383,736500.0
PALL,2026-09-08,24.6200008392334,24.790000915527344,24.389999389648438,24.43000030517578,993700.0
PALL,2026-09-09,24.809999465942383,24.969999313354492,24.530000686645508,24.56999969482422,968600.0
PALL,2026-09-10,23.579999923706055,23.690000534057617,23.18000030517578,23.229999542236328,1604300.0
PALL,2026-09-11,23.969999313354492,24.079999923706055,23.579999923706055,23.6200008392334,710200.0
PALL,2026-09-14,23.5,23.549999237060547,23.209999084472656,23.229999542236328,686700.0
PALL,2026-09-15,23.6200008392334,23.639999389648438,23.190000534057617,23.59000015258789,681800.0
PALL,2026-09-16,23.610000610351562,23.770000457763672,22.84000015258789,23.110000610351562,783900.0
PALL,2026-09-17,23.489999771118164,23.6299991607666,23.15999984741211,23.239999771118164,657700.0
USO,2024-09-19,72.22000122070312,73.20999908447266,71.79000091552734,72.75,4126900.0
USO,2024-09-20,72.41999816894531,73.13999938964844,72.05000305175781,72.91999816894531,1353300.0
USO,2024-09-23,72.95999908447266,73.52999877929688,71.16999816894531,72.25,2837700.0
USO,2024-09-24,73.8499984741211,73.86000061035156,72.83000183105469,73.29000091552734,2387000.0
USO,2024-09-25,72.3499984741211,72.80000305175781,70.94000244140625,71.4800033569336,3469200.0
USO,2024-09-26,69.22000122070312,70.12000274658203,68.5999984741211,69.01000213623047,4593800.0
USO,2024-09-27,69.30000305175781,70.31999969482422,68.80000305175781,70.2699966430664,3214700.0
USO,2024-09-30,69.95999908447266,70.87000274658203,69.41999816894531,69.91999816894531,2338500.0
USO,2024-10-01,69.33999633789062,73.7300033569336,69.29000091552734,72.11000061035156,13945000.0
USO,2024-10-02,73.94999694824219,74.20999908447266,71.62000274658203,72.76000213623047,4093000.0
USO,2024-10-03,73.73999786376953,75.9000015258789,73.44999694824219,75.7300033569336,7082200.0
USO,2024-10-04,76.20999908447266,77.4000015258789,75.76000213623047,76.3499984741211,5843100.0
USO,2024-10-07,77.41999816894531,79.30999755859375,77.29000091552734,79.19999694824219,4353500.0
USO,2024-10-08,76.83000183105469,76.94000244140625,74.56999969482422,75.79000091552734,8048000.0
USO,2024-10-09,74.11000061035156,75.36000061035156,73.41000366210938,75.25,6501500.0
USO,2024-10-10,76.1500015258789,78.04000091552734,75.76000213623047,77.7699966430664,4533100.0
USO,2024-10-11,77.01000213623047,77.87999725341797,76.69000244140625,77.48999786376953,3642400.0
USO,2024-10-14,76.05999755859375,76.6500015258789,75.4800033569336,75.93000030517578,3943200.0
USO,2024-10-15,72.2699966430664,72.94999694824219,71.66999816894531,72.76000213623047,4116700.0
USO,2024-10-16,72.37999725341797,72.66999816894531,71.52999877929688,72.4000015258789,2195300.0
USO,2024-10-17,72.05000305175781,72.83999633789062,71.30999755859375,72.62000274658203,2541700.0
USO,2024-10-18,71.73999786376953,71.91999816894531,70.56999969482422,71.37999725341797,4342300.0
USO,2024-10-21,72.4000015258789,72.87000274658203,71.70999908447266,72.26000213623047,2941400.0
USO,2024-10-22,73.19000244140625,74.6500015258789,73.0,73.9800033569336,3782100.0
USO,2024-10-23,73.48999786376953,74.02999877929688,72.91000366210938,73.55000305175781,2413400.0
USO,2024-10-24,73.75,74.08000183105469,72.2699966430664,73.05999755859375,2218600.0
USO,2024-10-25,73.80000305175781,74.48999786376953,73.36000061035156,74.2300033569336,3676100.0
USO,2024-10-28,69.7699966430664,70.63999938964844,69.66999816894531,70.43000030517578,7429100.0
USO,2024-10-29,70.12000274658203,70.30999755859375,69.13999938964844,69.66000366210938,4015900.0
USO,2024-10-30,70.66999816894531,71.62999725341797,70.36000061035156,71.36000061035156,3934400.0
USO,2024-10-31,71.80999755859375,73.3499984741211,71.44000244140625,73.08000183105469,9183500.0
USO,2024-11-01,73.62999725341797,73.80000305175781,71.94999694824219,72.0199966430664,4533400.0
USO,2024-11-04,73.86000061035156,74.43000030517578,73.27999877929688,74.29000091552734,3240200.0
USO,2024-11-05,74.91999816894531,75.33999633789062,74.05000305175781,74.7300033569336,2839500.0
USO,2024-11-06,73.2300033569336,75.31999969482422,73.2300033569336,74.54000091552734,4179100.0
USO,2024-11-07,74.01000213623047,75.55999755859375,73.51000213623047,74.66000366210938,3133400.0
USO,2024-11-08,73.83999633789062,73.94000244140625,72.66000366210938,73.12999725341797,2984700.0
USO,2024-11-11,71.20999908447266,71.44999694824219,70.63999938964844,70.94000244140625,3272100.0
USO,2024-11-12,71.77999877929688,71.8499984741211,70.5,70.69000244140625,1905500.0
USO,2024-11-13,70.33000183105469,71.5,69.5999984741211,70.7300033569336,3449100.0
USO,2024-11-14,72.05999755859375,72.08999633789062,70.81999969482422,71.29000091552734,2088900.0
USO,2024-11-15,70.87000274658203,71.3499984741211,69.55999755859375,69.75,3629400.0
USO,2024-11-18,70.93000030517578,72.30999755859375,70.9000015258789,72.06999969482422,3112000.0
USO,2024-11-19,72.4000015258789,72.70999908447266,71.4000015258789,72.30999755859375,3959400.0
USO,2024-11-20,72.83999633789062,72.83999633789062,71.5999984741211,72.0199966430664,1362400.0
USO,2024-11-21,73.12999725341797,73.26000213623047,72.38999938964844,73.19999694824219,1848100.0
USO,2024-11-22,73.0999984741211,74.58000183105469,72.94000244140625,74.25,2573800.0
USO,2024-11-25,72.94000244140625,73.44000244140625,71.7300033569336,72.0999984741211,3299000.0
USO,2024-11-26,72.5199966430664,73.33999633789062,71.01000213623047,71.61000061035156,2882200.0
USO,2024-11-27,71.62999725341797,72.30000305175781,71.16000366210938,71.72000122070312,1575900.0
USO,2024-11-29,72.31999969482422,72.73999786376953,71.51000213623047,71.61000061035156,1757600.0
USO,2024-12-02,71.87000274658203,71.94999694824219,70.69999694824219,71.04000091552734,3553900.0
USO,2024-12-03,72.16000366210938,73.31999969482422,71.80000305175781,73.04000091552734,3199100.0
USO,2024-12-04,73.41000366210938,73.44999694824219,71.5199966430664,71.87999725341797,2784100.0
USO,2024-12-05,71.94999694824219,72.16999816894531,71.22000122070312,71.47000122070312,1525200.0
USO,2024-12-06,70.62000274658203,70.70999908447266,69.98999786376953,70.23999786376953,3083800.0
USO,2024-12-09,71.2300033569336,71.97000122070312,71.16000366210938,71.16999816894531,2061700.0
USO,2024-12-10,71.54000091552734,72.12999725341797,71.31999969482422,71.4000015258789,2475900.0
USO,2024-12-11,72.58000183105469,73.58999633789062,72.1500015258789,73.33000183105469,3061900.0
USO,2024-12-12,72.9000015258789,73.58000183105469,72.19000244140625,73.20999908447266,2830100.0
USO,2024-12-13,73.62000274658203,74.5,73.55000305175781,74.20999908447266,2713400.0
USO,2024-12-16,74.1500015258789,74.30000305175781,73.61000061035156,73.69999694824219,1947900.0
USO,2024-12-17,72.95999908447266,73.3499984741211,72.30999755859375,73.30000305175781,2140100.0
USO,2024-12-18,73.66999816894531,74.37999725341797,72.91999816894531,72.94000244140625,2338100.0
USO,2024-12-19,73.93000030517578,74.11000061035156,72.61000061035156,72.61000061035156,2099400.0
USO,2024-12-20,72.2699966430664,73.41000366210938,71.95999908447266,73.0999984741211,1599800.0
USO,2024-12-23,72.91000366210938,73.06999969482422,72.0999984741211,73.05999755859375,1894400.0
USO,2024-12-24,73.69999694824219,74.02999877929688,73.44999694824219,73.6500015258789,1011800.0
USO,2024-12-26,74.26000213623047,74.37999725341797,72.9000015258789,73.12999725341797,1808600.0
USO,2024-12-27,74.0999984741211,74.4000015258789,73.69000244140625,73.8499984741211,1462000.0
USO,2024-12-30,74.86000061035156,75.2699966430664,74.45999908447266,74.81999969482422,1621000.0
USO,2024-12-31,75.23999786376953,75.75,74.97000122070312,75.55000305175781,1273500.0
USO,2025-01-02,76.83999633789062,77.55999755859375,76.83999633789062,76.93000030517578,3269400.0
USO,2025-01-03,77.41000366210938,78.22000122070312,77.26000213623047,77.91999816894531,1875300.0
USO,2025-01-06,78.43000030517578,78.9000015258789,77.05999755859375,77.30000305175781,2141800.0
USO,2025-01-07,78.12999725341797,78.44000244140625,77.69999694824219,78.16999816894531,3912400.0
USO,2025-01-08,78.3499984741211,78.45999908447266,77.05999755859375,77.30000305175781,3259100.0
USO,2025-01-10,81.54000091552734,81.81999969482422,79.37000274658203,80.63999938964844,5048700.0
USO,2025-01-13,81.51000213623047,82.81999969482422,81.37000274658203,82.2300033569336,5060500.0
USO,2025-01-14,81.9000015258789,82.08000183105469,81.20999908447266,81.66999816894531,4679800.0
USO,2025-01-15,82.27999877929688,84.58000183105469,82.27999877929688,84.33999633789062,4891900.0
USO,2025-01-16,83.48999786376953,83.5999984741211,81.98999786376953,82.94000244140625,3607100.0
USO,2025-01-17,82.5199966430664,83.0,82.2300033569336,82.5199966430664,2297600.0
USO,2025-01-21,80.62000274658203,81.33999633789062,80.44999694824219,81.11000061035156,2410900.0
USO,2025-01-22,80.72000122070312,81.20999908447266,80.31999969482422,80.43000030517578,2798000.0
USO,2025-01-23,80.55999755859375,81.04000091552734,79.16000366210938,79.20999908447266,3803200.0
USO,2025-01-24,80.06999969482422,80.22000122070312,79.0199966430664,79.5999984741211,1922700.0
USO,2025-01-27,79.27999877929688,79.54000091552734,77.2300033569336,77.93000030517578,1954800.0
USO,2025-01-28,78.87000274658203,78.94999694824219,77.80999755859375,78.86000061035156,1592300.0
USO,2025-01-29,78.0199966430664,78.6500015258789,77.18000030517578,77.77999877929688,1670500.0
USO,2025-01-30,77.7699966430664,78.7699966430664,77.45999908447266,77.75,2238600.0
USO,2025-01-31,77.5999984741211,78.26000213623047,76.76000213623047,78.0199966430664,3538900.0
USO,2025-02-03,78.41999816894531,78.7699966430664,76.94000244140625,77.81999969482422,4200200.0
USO,2025-02-04,75.69999694824219,78.30000305175781,75.5999984741211,77.51000213623047,6136900.0
USO,2025-02-05,76.56999969482422,77.0,75.83000183105469,76.08999633789062,1985200.0
USO,2025-02-06,76.36000061035156,76.7300033569336,75.2699966430664,75.44999694824219,2168400.0
USO,2025-02-07,76.22000122070312,76.29000091552734,75.45999908447266,75.86000061035156,2013900.0
USO,2025-02-10,76.94000244140625,77.51000213623047,76.61000061035156,77.4000015258789,2814500.0
USO,2025-02-11,78.37000274658203,78.48999786376953,77.87000274658203,78.2699966430664,2284100.0
USO,2025-02-12,77.1500015258789,77.45999908447266,76.29000091552734,76.31999969482422,4918700.0
USO,2025-02-13,75.68000030517578,76.47000122070312,75.58000183105469,76.38999938964844,1897100.0
USO,2025-02-14,76.58000183105469,76.73999786376953,75.62999725341797,75.81999969482422,2426000.0
USO,2025-02-18,76.69000244140625,77.11000061035156,76.3499984741211,76.95999908447266,2324900.0
USO,2025-02-19,78.05999755859375,78.19999694824219,77.2300033569336,77.44999694824219,1554200.0
USO,2025-02-20,77.91999816894531,78.47000122070312,77.62000274658203,77.76000213623047,1627000.0
USO,2025-02-21,76.69999694824219,76.8499984741211,75.33999633789062,75.3499984741211,2749100.0
USO,2025-02-24,75.70999908447266,76.13999938964844,75.44999694824219,75.97000122070312,2930800.0
USO,2025-02-25,75.5999984741211,75.61000061035156,73.73999786376953,74.12999725341797,2386600.0
USO,2025-02-26,73.91000366210938,74.2699966430664,73.41000366210938,73.8499984741211,3229400.0
USO,2025-02-27,75.0199966430664,75.79000091552734,74.69000244140625,75.27999877929688,2641900.0
USO,2025-02-28,74.58000183105469,75.47000122070312,74.25,75.22000122070312,2351600.0
USO,2025-03-03,75.33000183105469,75.55999755859375,72.93000030517578,73.31999969482422,3996300.0
USO,2025-03-04,72.75,73.61000061035156,71.70999908447266,73.30999755859375,2030600.0
USO,2025-03-05,71.4000015258789,71.48999786376953,70.08999633789062,71.41999816894531,3811000.0
USO,2025-03-06,71.37000274658203,72.0199966430664,70.48999786376953,71.12999725341797,3038700.0
USO,2025-03-07,72.73999786376953,73.30999755859375,71.7699966430664,72.08999633789062,4195700.0
USO,2025-03-10,72.05999755859375,72.25,70.73999786376953,70.88999938964844,1777100.0
USO,2025-03-11,71.80000305175781,72.16999816894531,70.9800033569336,71.44999694824219,1876200.0
USO,2025-03-12,72.31999969482422,72.97000122070312,72.04000091552734,72.80000305175781,2389100.0
USO,2025-03-13,72.08000183105469,72.44000244140625,71.41000366210938,71.62000274658203,3119100.0
USO,2025-03-14,71.88999938964844,72.43000030517578,71.6500015258789,72.27999877929688,2054600.0
USO,2025-03-17,72.9800033569336,73.16999816894531,72.43000030517578,72.70999908447266,2873700.0
USO,2025-03-18,73.38999938964844,73.48999786376953,71.97000122070312,72.20999908447266,2739000.0
USO,2025-03-19,72.08000183105469,72.87999725341797,71.93000030517578,72.41999816894531,1747400.0
USO,2025-03-20,72.2300033569336,73.80000305175781,72.04000091552734,73.7300033569336,2523100.0
USO,2025-03-21,73.38999938964844,73.95999908447266,73.13999938964844,73.79000091552734,1528800.0
USO,2025-03-24,74.12999725341797,74.97000122070312,73.94000244140625,74.87999725341797,2755300.0
USO,2025-03-25,75.2300033569336,75.36000061035156,74.12000274658203,74.81999969482422,1922900.0
USO,2025-03-26,75.33999633789062,75.94000244140625,75.12999725341797,75.41999816894531,2469600.0
USO,2025-03-27,75.26000213623047,75.68000030517578,74.77999877929688,75.4800033569336,1590800.0
USO,2025-03-28,75.5199966430664,75.54000091552734,74.54000091552734,74.7699966430664,2430300.0
USO,2025-03-31,75.5199966430664,77.72000122070312,75.27999877929688,77.33000183105469,3147400.0
USO,2025-04-01,77.5999984741211,78.01000213623047,76.87999725341797,77.08000183105469,2753900.0
USO,2025-04-02,76.72000122070312,77.86000061035156,76.69000244140625,77.73999786376953,2808400.0
USO,2025-04-03,72.16000366210938,72.69999694824219,71.44000244140625,72.25,6279800.0
USO,2025-04-04,66.9000015258789,68.41999816894531,65.5,67.91999816894531,9319900.0
USO,2025-04-07,65.63999938964844,69.19999694824219,64.94000244140625,65.9800033569336,7869100.0
USO,2025-04-08,66.5999984741211,66.80000305175781,62.7400016784668,63.34000015258789,8411300.0
USO,2025-04-09,61.72999954223633,68.05000305175781,60.66999816894531,67.58000183105469,15313000.0
USO,2025-04-10,64.7699966430664,65.47000122070312,63.599998474121094,65.31999969482422,6596700.0
USO,2025-04-11,64.6500015258789,66.79000091552734,64.5,66.45999908447266,4386200.0
USO,2025-04-14,67.12000274658203,67.12999725341797,65.62000274658203,66.66000366210938,3146200.0
USO,2025-04-15,66.47000122070312,66.91999816894531,65.91999816894531,66.4800033569336,1779200.0
USO,2025-04-16,66.98999786376953,67.97000122070312,66.98999786376953,67.75,5452100.0
USO,2025-04-17,68.3499984741211,70.05000305175781,68.1500015258789,69.4800033569336,4776800.0
USO,2025-04-21,68.2699966430664,68.66000366210938,67.44000244140625,68.62000274658203,2343000.0
USO,2025-04-22,68.88999938964844,70.2699966430664,68.72000122070312,69.37000274658203,4499000.0
USO,2025-04-23,68.98999786376953,69.80999755859375,67.19000244140625,68.05000305175781,8908500.0
USO,2025-04-24,68.6500015258789,68.86000061035156,67.69999694824219,68.45999908447266,4336600.0
USO,2025-04-25,68.05000305175781,69.18000030517578,68.04000091552734,69.02999877929688,3272100.0
USO,2025-04-28,68.87000274658203,69.04000091552734,67.16999816894531,67.76000213623047,3232700.0
USO,2025-04-29,66.69000244140625,66.80999755859375,65.83000183105469,65.8499984741211,4650000.0
USO,2025-04-30,65.44999694824219,65.72000122070312,63.29999923706055,63.560001373291016,10236300.0
USO,2025-05-01,63.59000015258789,65.08000183105469,63.099998474121094,64.5199966430664,10673900.0
USO,2025-05-02,64.52999877929688,64.5999984741211,63.11000061035156,64.01000213623047,7095900.0
USO,2025-05-05,62.849998474121094,63.02000045776367,61.75,62.369998931884766,4867100.0
USO,2025-05-06,64.69999694824219,65.41000366210938,64.45999908447266,64.5999984741211,5745700.0
USO,2025-05-07,64.41000366210938,64.66999816894531,63.2599983215332,63.5099983215332,4008500.0
USO,2025-05-08,64.44000244140625,65.73999786376953,64.43000030517578,65.5999984741211,4643900.0
USO,2025-05-09,65.95999908447266,66.81999969482422,65.87000274658203,66.61000061035156,4361300.0
USO,2025-05-12,69.08000183105469,69.27999877929688,67.4800033569336,67.5999984741211,4861900.0
USO,2025-05-13,68.44999694824219,69.87999725341797,68.4000015258789,69.58999633789062,4728000.0
USO,2025-05-14,69.27999877929688,69.55000305175781,68.69999694824219,68.7300033569336,2802500.0
USO,2025-05-15,67.41000366210938,67.79000091552734,66.87000274658203,67.58999633789062,5263400.0
USO,2025-05-16,67.83000183105469,68.54000091552734,67.41999816894531,68.0999984741211,3769400.0
USO,2025-05-19,68.11000061035156,69.0999984741211,67.87999725341797,68.51000213623047,5136900.0
USO,2025-05-20,68.37000274658203,68.80000305175781,67.77999877929688,68.66000366210938,2786100.0
USO,2025-05-21,69.13999938964844,69.16000366210938,67.56999969482422,67.58999633789062,5467400.0
USO,2025-05-22,66.87999725341797,67.55000305175781,66.56999969482422,67.13999938964844,3512500.0
USO,2025-05-23,66.97000122070312,68.22000122070312,66.95999908447266,67.98999786376953,4285000.0
USO,2025-05-27,67.4800033569336,67.5999984741211,66.47000122070312,67.27999877929688,3938200.0
USO,2025-05-28,68.33000183105469,68.95999908447266,67.83000183105469,67.88999938964844,5201800.0
USO,2025-05-29,67.62999725341797,67.63999938964844,66.77999877929688,67.19000244140625,4856200.0
USO,2025-05-30,67.0999984741211,67.25,65.95999908447266,67.1500015258789,8793200.0
USO,2025-06-02,69.98999786376953,70.04000091552734,68.63999938964844,69.55000305175781,7125100.0
USO,2025-06-03,69.62000274658203,70.5,69.37000274658203,69.88999938964844,3996900.0
USO,2025-06-04,70.0,70.55999755859375,68.63999938964844,69.33999633789062,6455200.0
USO,2025-06-05,70.43000030517578,70.61000061035156,69.79000091552734,69.93000030517578,2613700.0
USO,2025-06-06,70.36000061035156,71.5199966430664,70.36000061035156,71.37999725341797,3488000.0
USO,2025-06-09,71.4000015258789,72.18000030517578,71.08000183105469,72.05000305175781,2893900.0
USO,2025-06-10,72.16999816894531,73.06999969482422,71.26000213623047,71.5999984741211,5541900.0
USO,2025-06-11,73.0199966430664,75.31999969482422,72.80000305175781,74.81999969482422,8888000.0
USO,2025-06-12,74.01000213623047,75.41000366210938,73.75,75.05000305175781,11696900.0
USO,2025-06-13,80.47000122070312,81.13999938964844,78.63999938964844,80.22000122070312,33971200.0
USO,2025-06-16,79.01000213623047,79.5999984741211,76.25,78.58999633789062,40622400.0
USO,2025-06-17,80.44000244140625,82.88999938964844,80.08999633789062,82.30000305175781,26239300.0
USO,2025-06-18,83.0999984741211,83.45999908447266,80.16000366210938,82.2699966430664,36772300.0
USO,2025-06-20,82.25,83.37999725341797,81.86000061035156,83.12000274658203,14229000.0
USO,2025-06-23,83.25,83.56999969482422,76.41000366210938,76.41000366210938,50659400.0
USO,2025-06-24,73.33999633789062,73.86000061035156,71.97000122070312,73.0,16119600.0
USO,2025-06-25,72.93000030517578,74.2300033569336,72.79000091552734,73.30999755859375,12401000.0
USO,2025-06-26,73.62999725341797,74.68000030517578,73.08999633789062,73.58999633789062,9514900.0
USO,2025-06-27,74.0199966430664,74.33999633789062,72.87000274658203,73.27999877929688,11610800.0
USO,2025-06-30,73.4800033569336,73.62999725341797,72.72000122070312,73.11000061035156,5917500.0
USO,2025-07-01,73.61000061035156,74.04000091552734,73.31999969482422,73.93000030517578,4425200.0
USO,2025-07-02,74.31999969482422,76.0199966430664,73.51000213623047,75.58999633789062,6491400.0
USO,2025-07-03,75.41000366210938,75.91999816894531,74.87999725341797,75.19000244140625,4394800.0
USO,2025-07-07,75.83999633789062,76.88999938964844,75.56999969482422,76.4800033569336,6155000.0
USO,2025-07-08,76.18000030517578,77.58999633789062,76.05000305175781,76.95999908447266,4287200.0
USO,2025-07-09,76.44999694824219,77.5199966430664,76.27999877929688,76.93000030517578,3839700.0
USO,2025-07-10,75.37000274658203,75.91999816894531,74.95999908447266,75.38999938964844,6704000.0
USO,2025-07-11,76.08999633789062,77.3499984741211,76.08000183105469,77.29000091552734,4487200.0
USO,2025-07-14,77.2699966430664,77.2699966430664,75.5,75.62000274658203,7289700.0
USO,2025-07-15,75.30999755859375,75.87999725341797,74.94000244140625,75.26000213623047,5941400.0
USO,2025-07-16,74.20999908447266,75.33000183105469,73.98999786376953,75.19000244140625,6178100.0
USO,2025-07-17,75.01000213623047,76.26000213623047,74.87000274658203,76.16000366210938,4350000.0
USO,2025-07-18,76.97000122070312,77.30999755859375,75.80000305175781,75.93000030517578,7583500.0
USO,2025-07-21,75.62000274658203,75.91000366210938,74.98999786376953,75.58999633789062,2884800.0
USO,2025-07-22,75.05999755859375,75.47000122070312,74.55000305175781,75.3499984741211,3946300.0
USO,2025-07-23,74.80999755859375,75.33000183105469,74.44000244140625,75.27999877929688,4811500.0
USO,2025-07-24,75.87000274658203,76.33999633789062,75.1500015258789,76.08999633789062,5938400.0
USO,2025-07-25,76.11000061035156,76.11000061035156,74.80000305175781,74.8499984741211,3287400.0
USO,2025-07-28,76.69999694824219,77.23999786376953,76.20999908447266,77.16999816894531,3796800.0
USO,2025-07-29,77.44999694824219,80.23999786376953,77.33999633789062,79.80000305175781,7928200.0
USO,2025-07-30,80.16000366210938,81.12999725341797,79.7300033569336,81.04000091552734,4957400.0
USO,2025-07-31,79.86000061035156,80.41999816894531,78.91999816894531,79.58999633789062,3817100.0
USO,2025-08-01,79.70999908447266,79.83000183105469,77.19000244140625,77.45999908447266,7087100.0
USO,2025-08-04,75.63999938964844,77.16000366210938,75.45999908447266,76.11000061035156,5326700.0
USO,2025-08-05,75.51000213623047,75.75,74.88999938964844,75.0199966430664,5894000.0
USO,2025-08-06,76.30999755859375,76.83999633789062,73.31999969482422,73.79000091552734,8908700.0
USO,2025-08-07,74.05999755859375,74.54000091552734,73.41999816894531,73.41999816894531,3578400.0
USO,2025-08-08,73.93000030517578,74.4000015258789,72.38999938964844,73.30000305175781,5793400.0
USO,2025-08-11,73.94000244140625,74.2300033569336,73.36000061035156,73.80000305175781,3307600.0
USO,2025-08-12,73.22000122070312,73.58000183105469,72.80000305175781,72.94999694824219,2929300.0
USO,2025-08-13,72.77999877929688,72.83000183105469,71.55999755859375,72.45999908447266,5653500.0
USO,2025-08-14,73.36000061035156,73.77999877929688,72.87999725341797,73.73999786376953,4551100.0
USO,2025-08-15,72.72000122070312,73.22000122070312,72.29000091552734,72.80000305175781,8046900.0
USO,2025-08-18,72.3499984741211,73.62999725341797,71.80999755859375,73.16999816894531,5247900.0
USO,2025-08-19,72.5,72.75,72.05999755859375,72.30000305175781,3423300.0
USO,2025-08-20,73.16000366210938,73.62999725341797,72.58999633789062,73.5199966430664,3858800.0
USO,2025-08-21,73.29000091552734,74.41000366210938,73.08999633789062,74.12999725341797,3185700.0
USO,2025-08-22,74.27999877929688,74.7300033569336,74.12000274658203,74.63999938964844,4873300.0
USO,2025-08-25,75.19000244140625,76.12000274658203,75.16999816894531,75.75,3175800.0
USO,2025-08-26,74.58000183105469,75.12000274658203,73.8499984741211,74.05000305175781,3174400.0
USO,2025-08-27,74.12999725341797,75.11000061035156,74.12999725341797,74.68000030517578,3322100.0
USO,2025-08-28,74.94000244140625,75.66999816894531,74.11000061035156,75.23999786376953,3522000.0
USO,2025-08-29,75.3499984741211,75.44999694824219,74.73999786376953,74.83999633789062,3510200.0
USO,2025-09-02,76.08000183105469,76.95999908447266,75.66999816894531,76.76000213623047,5380800.0
USO,2025-09-03,75.61000061035156,75.83000183105469,74.58999633789062,74.83000183105469,6270900.0
USO,2025-09-04,73.87000274658203,74.55000305175781,73.75,74.18000030517578,4503100.0
USO,2025-09-05,73.0199966430664,73.0199966430664,71.95999908447266,72.62999725341797,5101500.0
USO,2025-09-08,73.48999786376953,73.54000091552734,72.56999969482422,73.04000091552734,3943300.0
USO,2025-09-09,73.98999786376953,74.5199966430664,73.29000091552734,73.38999938964844,4228800.0
USO,2025-09-10,74.0,75.05000305175781,73.79000091552734,74.70999908447266,6039000.0
USO,2025-09-11,73.19000244140625,73.55000305175781,72.93000030517578,73.0,3876000.0
USO,2025-09-12,74.16999816894531,74.44999694824219,73.26000213623047,73.30999755859375,4990100.0
USO,2025-09-15,74.26000213623047,74.68000030517578,73.97000122070312,74.2300033569336,3985500.0
USO,2025-09-16,75.08000183105469,75.86000061035156,74.80000305175781,75.66999816894531,5063900.0
USO,2025-09-17,75.41000366210938,75.69999694824219,74.66999816894531,74.97000122070312,4020200.0
USO,2025-09-18,75.12000274658203,75.66000366210938,74.27999877929688,74.69000244140625,4176200.0
USO,2025-09-19,73.94999694824219,74.4800033569336,73.33000183105469,73.5199966430664,5958100.0
USO,2025-09-22,72.80000305175781,73.58999633789062,72.72000122070312,73.44999694824219,2787100.0
USO,2025-09-23,74.36000061035156,75.33000183105469,74.33000183105469,75.05000305175781,5617600.0
USO,2025-09-24,75.87999725341797,76.69000244140625,75.58000183105469,76.38999938964844,3939900.0
USO,2025-09-25,76.02999877929688,77.04000091552734,75.55000305175781,76.98999786376953,5736700.0
USO,2025-09-26,77.05999755859375,78.31999969482422,76.93000030517578,77.0199966430664,5918400.0
USO,2025-09-29,75.43000030517578,75.5,74.31999969482422,74.58999633789062,6341200.0
USO,2025-09-30,73.87000274658203,74.3499984741211,73.4000015258789,73.75,7709100.0
USO,2025-10-01,72.6500015258789,73.48999786376953,72.45999908447266,73.13999938964844,6348600.0
USO,2025-10-02,72.27999877929688,72.95999908447266,71.27999877929688,71.54000091552734,6317200.0
USO,2025-10-03,71.7699966430664,72.30000305175781,71.62999725341797,71.70999908447266,6657000.0
USO,2025-10-06,72.43000030517578,73.16000366210938,72.23999786376953,72.87000274658203,5435400.0
USO,2025-10-07,72.4800033569336,73.2300033569336,72.22000122070312,73.19999694824219,4845800.0
USO,2025-10-08,73.5199966430664,74.12999725341797,73.25,73.52999877929688,4321100.0
USO,2025-10-09,73.80999755859375,73.91000366210938,72.23999786376953,72.51000213623047,4670900.0
USO,2025-10-10,70.7699966430664,71.37000274658203,69.30000305175781,69.38999938964844,8290900.0
USO,2025-10-13,70.30999755859375,70.88999938964844,69.9000015258789,70.27999877929688,4026900.0
USO,2025-10-14,69.1500015258789,69.5999984741211,68.51000213623047,69.0,5106900.0
USO,2025-10-15,69.70999908447266,69.86000061035156,68.70999908447266,68.98999786376953,4069300.0
USO,2025-10-16,69.12000274658203,69.22000122070312,67.52999877929688,67.80999755859375,7635800.0
USO,2025-10-17,67.72000122070312,68.16000366210938,67.44000244140625,67.9800033569336,5517900.0
USO,2025-10-20,66.9800033569336,67.9000015258789,66.9800033569336,67.83000183105469,6113000.0
USO,2025-10-21,68.05000305175781,69.13999938964844,67.04000091552734,68.2699966430664,10824400.0
USO,2025-10-22,69.5199966430664,71.18000030517578,69.33000183105469,70.62999725341797,14092800.0
USO,2025-10-23,73.11000061035156,73.98999786376953,72.86000061035156,73.29000091552734,9561300.0
USO,2025-10-24,73.66999816894531,74.25,73.08999633789062,73.18000030517578,6467300.0
USO,2025-10-27,73.20999908447266,73.81999969482422,72.7699966430664,73.12000274658203,4563100.0
USO,2025-10-28,72.05000305175781,72.33000183105469,71.13999938964844,71.38999938964844,4540300.0
USO,2025-10-29,71.80999755859375,72.63999938964844,71.73999786376953,71.80000305175781,4418000.0
USO,2025-10-30,71.38999938964844,72.3499984741211,71.16000366210938,71.70999908447266,2787200.0
USO,2025-10-31,72.56999969482422,72.88999938964844,72.01000213623047,72.55999755859375,7030300.0
USO,2025-11-03,72.55999755859375,73.19999694824219,72.05999755859375,72.73999786376953,4473600.0
USO,2025-11-04,71.91999816894531,72.5199966430664,71.77999877929688,71.93000030517578,3196200.0
USO,2025-11-05,71.68000030517578,72.45999908447266,70.94000244140625,71.02999877929688,3309200.0
USO,2025-11-06,70.62000274658203,71.11000061035156,70.12999725341797,70.87999725341797,4127300.0
USO,2025-11-07,71.27999877929688,71.44999694824219,70.72000122070312,71.26000213623047,3627000.0
USO,2025-11-10,71.58999633789062,71.7699966430664,70.86000061035156,71.68000030517578,2525500.0
USO,2025-11-11,72.43000030517578,73.06999969482422,72.43000030517578,72.72000122070312,3677200.0
USO,2025-11-12,71.08999633789062,71.08999633789062,69.63999938964844,69.79000091552734,5070800.0
USO,2025-11-13,70.5,70.54000091552734,69.8499984741211,69.8499984741211,4174700.0
USO,2025-11-14,71.31999969482422,71.95999908447266,71.12999725341797,71.37999725341797,4159900.0
USO,2025-11-17,71.5999984741211,71.77999877929688,71.29000091552734,71.30000305175781,3647400.0
USO,2025-11-18,71.31999969482422,72.68000030517578,70.91000366210938,72.5,5343000.0
USO,2025-11-19,70.4800033569336,70.91000366210938,70.11000061035156,70.87999725341797,4790200.0
USO,2025-11-20,71.2699966430664,71.79000091552734,70.0199966430664,70.1500015258789,5542200.0
USO,2025-11-21,69.2699966430664,69.52999877929688,68.58000183105469,69.30000305175781,7120500.0
USO,2025-11-24,69.2699966430664,70.58999633789062,68.8499984741211,70.41999816894531,4551300.0
USO,2025-11-25,68.94999694824219,69.48999786376953,68.26000213623047,69.25,5888800.0
USO,2025-11-26,69.06999969482422,70.19000244140625,69.05000305175781,70.04000091552734,3201800.0
USO,2025-11-28,70.44000244140625,71.30000305175781,70.44000244140625,71.06999969482422,3363800.0
USO,2025-12-01,70.61000061035156,71.33000183105469,70.61000061035156,71.05999755859375,4462800.0
USO,2025-12-02,70.54000091552734,71.04000091552734,69.72000122070312,70.19999694824219,6339600.0
USO,2025-12-03,70.75,71.30000305175781,70.37000274658203,70.66000366210938,3173600.0
USO,2025-12-04,70.6500015258789,71.76000213623047,70.3499984741211,71.38999938964844,3957500.0
USO,2025-12-05,71.33000183105469,72.33999633789062,71.30999755859375,71.91999816894531,4323600.0
USO,2025-12-08,70.81999969482422,71.18000030517578,70.2699966430664,70.48999786376953,3073400.0
USO,2025-12-09,70.37999725341797,70.41999816894531,69.66000366210938,69.86000061035156,3111300.0
USO,2025-12-10,69.43000030517578,70.69999694824219,69.12999725341797,70.54000091552734,8096000.0
USO,2025-12-11,68.58999633789062,69.29000091552734,68.30999755859375,69.25,8487500.0
USO,2025-12-12,68.87000274658203,69.12999725341797,68.47000122070312,68.80999755859375,5306000.0
USO,2025-12-15,68.48999786376953,68.52999877929688,67.61000061035156,67.88999938964844,6298800.0
USO,2025-12-16,66.75,66.77999877929688,65.98999786376953,66.16999816894531,6816100.0
USO,2025-12-17,67.22000122070312,68.05999755859375,66.83000183105469,67.9800033569336,7398000.0
USO,2025-12-18,67.7699966430664,67.94000244140625,67.0999984741211,67.19000244140625,4713800.0
USO,2025-12-19,67.73999786376953,68.19999694824219,67.44000244140625,68.02999877929688,4003300.0
USO,2025-12-22,69.55999755859375,69.8499984741211,69.22000122070312,69.7300033569336,4491500.0
USO,2025-12-23,69.62000274658203,70.36000061035156,69.44999694824219,70.30000305175781,3517300.0
USO,2025-12-24,70.47000122070312,70.58000183105469,69.94000244140625,70.19999694824219,1596400.0
USO,2025-12-26,69.66000366210938,69.76000213623047,68.18000030517578,68.4800033569336,4224500.0
USO,2025-12-29,69.8499984741211,70.12999725341797,69.56999969482422,69.61000061035156,2758000.0
USO,2025-12-30,70.27999877929688,70.33000183105469,69.6500015258789,69.73999786376953,2324200.0
USO,2025-12-31,70.19999694824219,70.26000213623047,68.8499984741211,69.16000366210938,2218700.0
USO,2026-01-02,68.43000030517578,69.1500015258789,68.1500015258789,68.95999908447266,5012300.0
USO,2026-01-05,69.7300033569336,70.4000015258789,69.2300033569336,70.22000122070312,4987100.0
USO,2026-01-06,70.5999984741211,70.73999786376953,68.45999908447266,68.51000213623047,5432900.0
USO,2026-01-07,68.23999786376953,68.30999755859375,67.3499984741211,67.79000091552734,5317500.0
USO,2026-01-08,68.79000091552734,70.6500015258789,68.38999938964844,70.54000091552734,6558600.0
USO,2026-01-09,70.87999725341797,71.94000244140625,70.7699966430664,70.77999877929688,5925100.0
USO,2026-01-12,70.95999908447266,72.0,70.47000122070312,71.6500015258789,5703400.0
USO,2026-01-13,72.77999877929688,73.94000244140625,72.75,73.4800033569336,10694200.0
USO,2026-01-14,74.26000213623047,75.16000366210938,71.41000366210938,72.61000061035156,17618100.0
USO,2026-01-15,71.5999984741211,71.70999908447266,71.0,71.12999725341797,4748400.0
USO,2026-01-16,72.30000305175781,72.5199966430664,71.56999969482422,71.6500015258789,4492100.0
USO,2026-01-20,72.80000305175781,73.12999725341797,71.70999908447266,71.86000061035156,7577200.0
USO,2026-01-21,72.83999633789062,73.45999908447266,72.5999984741211,73.33999633789062,4291300.0
USO,2026-01-22,72.43000030517578,72.5,71.2699966430664,71.81999969482422,4973400.0
USO,2026-01-23,73.76000213623047,74.05000305175781,73.37999725341797,73.94999694824219,5427600.0
USO,2026-01-26,73.36000061035156,73.7699966430664,72.94000244140625,73.4800033569336,4486300.0
USO,2026-01-27,73.94999694824219,75.70999908447266,73.69000244140625,75.66000366210938,6164600.0
USO,2026-01-28,76.26000213623047,76.73999786376953,75.62999725341797,76.62000274658203,6508700.0
USO,2026-01-29,80.11000061035156,80.37999725341797,78.16999816894531,79.13999938964844,13188800.0
USO,2026-01-30,79.44000244140625,79.94999694824219,77.6500015258789,79.5199966430664,11586200.0
USO,2026-02-02,75.5,75.66999816894531,74.45999908447266,75.33000183105469,8544400.0
USO,2026-02-03,75.8499984741211,77.63999938964844,75.63999938964844,77.47000122070312,10887400.0
USO,2026-02-04,76.5199966430664,79.37000274658203,76.19999694824219,77.87999725341797,17514900.0
USO,2026-02-05,76.86000061035156,77.30999755859375,75.87999725341797,76.69000244140625,5989500.0
USO,2026-02-06,76.23999786376953,77.98999786376953,76.16999816894531,76.98999786376953,6661500.0
USO,2026-02-09,76.83000183105469,78.62999725341797,76.79000091552734,78.0199966430664,3201100.0
USO,2026-02-10,78.30000305175781,78.44000244140625,77.27999877929688,78.02999877929688,6542000.0
USO,2026-02-11,79.68000030517578,79.83000183105469,78.23999786376953,78.88999938964844,10313100.0
USO,2026-02-12,78.0,78.06999969482422,75.70999908447266,76.37999725341797,7442600.0
USO,2026-02-13,76.12000274658203,76.72000122070312,75.66000366210938,76.22000122070312,6172200.0
USO,2026-02-17,76.20999908447266,76.4800033569336,75.18000030517578,75.7300033569336,9329600.0
USO,2026-02-18,77.91999816894531,79.62999725341797,77.8499984741211,79.4000015258789,10251400.0
USO,2026-02-19,80.43000030517578,81.2699966430664,79.69000244140625,81.19000244140625,11768000.0
USO,2026-02-20,80.54000091552734,81.23999786376953,80.16999816894531,80.8499984741211,9427300.0
USO,2026-02-23,81.48999786376953,81.91999816894531,80.5,80.9000015258789,5941200.0
USO,2026-02-24,81.19000244140625,81.22000122070312,79.80000305175781,80.76000213623047,10649500.0
USO,2026-02-25,80.0999984741211,80.13999938964844,79.31999969482422,79.7300033569336,6547300.0
USO,2026-02-26,78.1500015258789,81.23999786376953,78.04000091552734,79.7699966430664,18725900.0
USO,2026-02-27,82.0,82.12000274658203,80.58000183105469,81.94999694824219,12164700.0
USO,2026-03-02,87.62000274658203,88.63999938964844,83.19999694824219,87.19000244140625,41780500.0
USO,2026-03-03,94.0999984741211,94.37000274658203,87.33000183105469,90.19999694824219,50397900.0
USO,2026-03-04,90.22000122070312,91.58999633789062,89.11000061035156,91.55999755859375,28457300.0
USO,2026-03-05,94.45999908447266,98.83000183105469,94.05999755859375,96.30999755859375,47311300.0
USO,2026-03-06,105.37999725341797,109.9800033569336,104.52999877929688,108.7699966430664,68722000.0
USO,2026-03-09,119.41999816894531,124.06999969482422,98.47000122070312,104.33000183105469,143771900.0
USO,2026-03-10,107.12999725341797,107.55999755859375,94.2300033569336,105.86000061035156,135401400.0
USO,2026-03-11,105.02999877929688,108.36000061035156,100.98999786376953,108.05000305175781,80928900.0
USO,2026-03-12,115.69000244140625,119.12999725341797,113.91000366210938,118.38999938964844,93641500.0
USO,2026-03-13,115.08000183105469,121.1500015258789,114.55999755859375,119.88999938964844,59716000.0
USO,2026-03-16,116.93000030517578,118.91000366210938,114.36000061035156,115.02999877929688,66869700.0
USO,2026-03-17,117.41999816894531,119.12999725341797,116.06999969482422,118.83999633789062,40127600.0
USO,2026-03-18,121.02999877929688,122.87000274658203,117.44999694824219,121.66999816894531,70647800.0
USO,2026-03-19,120.4000015258789,125.19000244140625,114.68000030517578,117.36000061035156,96157300.0
USO,2026-03-20,118.95999908447266,123.0199966430664,118.33000183105469,121.43000030517578,49738900.0
USO,2026-03-23,113.29000091552734,114.44999694824219,106.44999694824219,110.55999755859375,91139700.0
USO,2026-03-24,115.2300033569336,116.3499984741211,112.7699966430664,114.54000091552734,48623800.0
USO,2026-03-25,109.29000091552734,114.25,109.0199966430664,113.38999938964844,41976300.0
USO,2026-03-26,116.7300033569336,118.94000244140625,115.19999694824219,117.26000213623047,42398600.0
USO,2026-03-27,120.79000091552734,125.30000305175781,120.47000122070312,124.19999694824219,32843700.0
USO,2026-03-30,126.83999633789062,130.0800018310547,126.30999755859375,129.8300018310547,40484900.0
USO,2026-03-31,129.35000610351562,130.92999267578125,124.19999694824219,127.25,58856900.0
USO,2026-04-01,124.86000061035156,125.7300033569336,122.4800033569336,124.08999633789062,45287000.0
USO,2026-04-02,139.27000427246094,140.0,131.88999938964844,137.9199981689453,63983600.0
USO,2026-04-06,138.50999450683594,140.88999938964844,136.3800048828125,138.94000244140625,28315500.0
USO,2026-04-07,141.3300018310547,143.97999572753906,130.0,138.0800018310547,50936400.0
USO,2026-04-08,119.05999755859375,125.2300033569336,118.05999755859375,124.58000183105469,52449300.0
USO,2026-04-09,127.19000244140625,129.63999938964844,123.05999755859375,126.95999908447266,44214800.0
USO,2026-04-10,125.61000061035156,127.77999877929688,123.9800033569336,124.81999969482422,16178900.0
USO,2026-04-13,133.3699951171875,133.52999877929688,127.16000366210938,128.47000122070312,22427800.0
USO,2026-04-14,127.0999984741211,127.2300033569336,122.91000366210938,123.8499984741211,14735600.0
USO,2026-04-15,123.25,125.23999786376953,122.33000183105469,122.58999633789062,13952800.0
USO,2026-04-16,124.06999969482422,128.27999877929688,124.05000305175781,125.83999633789062,13470200.0
USO,2026-04-17,114.7300033569336,116.87000274658203,110.3499984741211,116.04000091552734,38315300.0
USO,2026-04-20,119.83999633789062,122.87999725341797,119.4000015258789,121.31999969482422,15244900.0
USO,2026-04-21,121.51000213623047,128.88999938964844,121.02999877929688,128.25,23309500.0
USO,2026-04-22,127.36000061035156,131.00999450683594,127.06999969482422,129.39999389648438,11894500.0
USO,2026-04-23,131.25999450683594,137.4600067138672,129.8699951171875,134.72000122070312,19181600.0
USO,2026-04-24,132.6300048828125,133.8699951171875,129.5500030517578,132.39999389648438,14228400.0
USO,2026-04-27,133.9600067138672,136.49000549316406,133.2100067138672,134.72000122070312,7019600.0
USO,2026-04-28,138.85000610351562,140.39999389648438,138.02000427246094,139.60000610351562,11944900.0
USO,2026-04-29,146.14999389648438,151.6300048828125,145.94000244140625,150.6300048828125,14903300.0
USO,2026-04-30,146.32000732421875,149.05999755859375,144.47999572753906,147.08999633789062,10614100.0
USO,2026-05-01,143.52999877929688,143.85000610351562,138.8000030517578,142.8000030517578,12798600.0
USO,2026-05-04,143.85000610351562,149.47000122070312,142.22999572753906,147.61000061035156,15170600.0
USO,2026-05-05,143.91000366210938,144.8000030517578,142.13999938964844,144.1699981689453,8551000.0
USO,2026-05-06,135.3300018310547,136.63999938964844,132.55999755859375,133.9499969482422,12535300.0
USO,2026-05-07,128.77000427246094,136.7899932861328,127.37999725341797,134.97000122070312,15902200.0
USO,2026-05-08,132.3699951171875,135.22000122070312,132.13999938964844,133.58999633789062,7739600.0
USO,2026-05-11,136.69000244140625,140.89999389648438,135.86000061035156,138.66000366210938,6252800.0
USO,2026-05-12,143.8300018310547,144.8000030517578,143.08999633789062,144.3000030517578,6109900.0
USO,2026-05-13,143.9199981689453,145.0,141.27000427246094,142.0399932861328,4719900.0
USO,2026-05-14,140.94000244140625,143.0,140.58999633789062,143.0,4656000.0
USO,2026-05-15,145.5500030517578,148.41000366210938,145.1699981689453,148.22999572753906,5588300.0
USO,2026-05-18,145.91000366210938,154.0800018310547,144.9600067138672,149.2899932861328,10817300.0
USO,2026-05-19,152.8800048828125,153.5,150.22000122070312,152.9600067138672,5514800.0
USO,2026-05-20,149.4499969482422,150.5399932861328,141.9600067138672,144.27000427246094,11573800.0
USO,2026-05-21,149.27000427246094,150.25999450683594,140.22999572753906,142.5399932861328,10203800.0
USO,2026-05-22,141.42999267578125,143.77999877929688,138.7100067138672,140.9199981689453,7541300.0
USO,2026-05-26,136.33999633789062,138.6999969482422,135.94000244140625,137.0,7574200.0
USO,2026-05-27,131.38999938964844,133.5800018310547,129.63999938964844,131.02999877929688,8423300.0
USO,2026-05-28,133.33999633789062,133.83999633789062,127.7699966430664,130.77999877929688,7533300.0
USO,2026-05-29,128.30999755859375,130.32000732421875,126.55000305175781,129.08999633789062,8226600.0
USO,2026-06-01,135.64999389648438,138.91000366210938,133.02000427246094,135.5,11053300.0
USO,2026-06-02,135.07000732421875,137.6699981689453,134.17999267578125,137.27000427246094,3831200.0
USO,2026-06-03,139.4600067138672,141.4199981689453,138.38999938964844,140.86000061035156,4766200.0
USO,2026-06-04,136.6699981689453,137.0500030517578,135.00999450683594,136.74000549316406,4192000.0
USO,2026-06-05,135.13999938964844,135.1999969482422,132.24000549316406,133.02000427246094,4653800.0
USO,2026-06-08,134.9499969482422,136.52999877929688,133.9499969482422,135.14999389648438,4564300.0
USO,2026-06-09,132.00999450683594,133.0399932861328,128.17999267578125,131.3000030517578,9321500.0
USO,2026-06-10,132.92999267578125,136.61000061035156,132.6300048828125,134.3000030517578,7519500.0
USO,2026-06-11,134.27000427246094,135.97999572753906,127.87000274658203,128.8300018310547,12187300.0
USO,2026-06-12,127.02999877929688,129.77000427246094,125.30000305175781,125.43000030517578,8521300.0
USO,2026-06-15,119.83999633789062,121.4800033569336,119.0199966430664,121.20999908447266,5839100.0
USO,2026-06-16,116.33999633789062,116.98999786376953,113.30999755859375,115.47000122070312,7728800.0
USO,2026-06-17,115.44000244140625,120.0,114.12999725341797,114.2300033569336,5504000.0
USO,2026-06-18,112.47000122070312,115.33000183105469,110.4800033569336,114.87000274658203,5560100.0
USO,2026-06-22,112.62999725341797,112.80999755859375,111.12999725341797,112.69000244140625,4524400.0
USO,2026-06-23,110.91999816894531,111.52999877929688,110.05999755859375,111.26000213623047,3153900.0
USO,2026-06-24,106.29000091552734,107.66000366210938,105.6500015258789,106.29000091552734,5035500.0
USO,2026-06-25,106.02999877929688,110.05000305175781,105.87000274658203,109.30999755859375,6186900.0
USO,2026-06-26,105.83000183105469,106.16999816894531,104.06999969482422,105.4800033569336,9624500.0
USO,2026-06-29,106.6500015258789,107.98999786376953,106.19000244140625,107.08000183105469,3173300.0
USO,2026-06-30,108.1500015258789,108.1500015258789,105.12000274658203,106.44000244140625,3736500.0
USO,2026-07-01,104.55000305175781,105.0,103.1500015258789,103.2699966430664,3111300.0
USO,2026-07-02,102.8499984741211,104.45999908447266,102.41999816894531,103.9800033569336,2203900.0
USO,2026-07-06,104.52999877929688,105.0199966430664,103.66000366210938,104.3499984741211,1635900.0
USO,2026-07-07,105.66999816894531,109.83999633789062,105.48999786376953,108.91999816894531,7307100.0
USO,2026-07-08,112.36000061035156,115.0,110.94999694824219,112.20999908447266,14148900.0
USO,2026-07-09,110.83999633789062,110.9000015258789,108.37999725341797,109.01000213623047,5521900.0
USO,2026-07-10,109.30999755859375,110.9000015258789,107.48999786376953,108.69999694824219,4488400.0
USO,2026-07-13,111.88999938964844,119.05000305175781,111.70999908447266,117.79000091552734,13024300.0
USO,2026-07-14,120.6500015258789,121.37000274658203,117.7300033569336,120.16999816894531,10211300.0
USO,2026-07-15,121.44999694824219,121.87000274658203,118.3499984741211,121.37999725341797,6332500.0
USO,2026-07-16,121.20999908447266,121.43000030517578,118.69999694824219,119.30000305175781,3993100.0
USO,2026-07-17,123.19999694824219,124.87999725341797,121.44999694824219,123.95999908447266,5953900.0
USO,2026-07-20,123.77999877929688,126.56999969482422,123.44000244140625,125.51000213623047,6696100.0
USO,2026-07-21,128.9199981689453,129.39999389648438,127.5,128.85000610351562,6079700.0
USO,2026-07-22,131.4199981689453,132.91000366210938,130.58999633789062,131.67999267578125,6708200.0
USO,2026-07-23,138.52000427246094,142.3300018310547,138.14999389648438,139.49000549316406,12732100.0
USO,2026-07-24,137.72000122070312,137.80999755859375,133.52999877929688,136.69000244140625,9036300.0
USO,2026-07-27,128.66000366210938,128.66000366210938,124.58000183105469,124.76000213623047,9422500.0
USO,2026-07-28,123.66999816894531,124.55000305175781,118.4800033569336,120.48999786376953,8187100.0
USO,2026-07-29,128.4600067138672,130.3000030517578,128.00999450683594,129.30999755859375,7865600.0
USO,2026-07-30,127.12000274658203,129.2100067138672,126.91000366210938,127.4800033569336,3744800.0
USO,2026-07-31,130.17999267578125,130.97999572753906,127.94999694824219,129.1699981689453,4676600.0
USO,2026-08-03,120.80000305175781,122.86000061035156,119.54000091552734,122.12000274658203,7297300.0
USO,2026-08-04,117.0,117.62000274658203,114.86000061035156,115.77999877929688,7619300.0
USO,2026-08-05,115.95999908447266,116.01000213623047,113.86000061035156,114.87999725341797,5345700.0
USO,2026-08-06,116.45999908447266,119.7300033569336,116.19000244140625,118.87000274658203,5341900.0
USO,2026-08-07,117.66999816894531,120.0999984741211,117.51000213623047,117.9800033569336,4510600.0
USO,2026-08-10,122.08999633789062,126.27999877929688,122.05999755859375,125.91999816894531,5180900.0
USO,2026-08-11,124.75,127.8499984741211,124.45999908447266,127.61000061035156,8426700.0
USO,2026-08-12,126.63999938964844,127.83000183105469,125.86000061035156,127.30000305175781,3612400.0
USO,2026-08-13,124.56999969482422,126.95999908447266,123.19000244140625,125.02999877929688,5059900.0
USO,2026-08-14,124.79000091552734,126.91999816894531,124.16999816894531,126.5999984741211,3850800.0
USO,2026-08-17,127.29000091552734,130.57000732421875,126.37000274658203,130.2899932861328,5279800.0
USO,2026-08-18,131.61000061035156,132.25,130.13999938964844,130.66000366210938,4333100.0
USO,2026-08-19,131.1699981689453,133.36000061035156,130.44000244140625,130.91000366210938,4393900.0
USO,2026-08-20,134.7100067138672,135.1699981689453,133.13999938964844,134.5399932861328,4434800.0
USO,2026-08-21,134.97999572753906,135.91000366210938,133.88999938964844,134.63999938964844,3550000.0
USO,2026-08-24,133.5,133.74000549316406,131.14999389648438,132.2100067138672,3433400.0
USO,2026-08-25,128.08999633789062,129.7100067138672,126.08999633789062,126.1500015258789,5395400.0
USO,2026-08-26,125.47000122070312,129.4600067138672,125.41000366210938,127.3499984741211,3351500.0
USO,2026-08-27,128.14999389648438,130.9600067138672,127.4800033569336,130.00999450683594,3058600.0
USO,2026-08-28,128.1300048828125,130.13999938964844,128.0,129.6999969482422,2121700.0
USO,2026-08-31,133.00999450683594,134.33999633789062,132.3800048828125,133.6999969482422,4205400.0
USO,2026-09-01,137.19000244140625,141.0399932861328,136.08999633789062,141.0,8187700.0
USO,2026-09-02,139.4199981689453,142.17999267578125,138.44000244140625,141.14999389648438,4700100.0
USO,2026-09-03,142.1199951171875,143.4600067138672,140.97000122070312,142.08999633789062,4036600.0
USO,2026-09-04,140.14999389648438,143.02999877929688,138.00999450683594,141.9600067138672,3708400.0
USO,2026-09-08,144.60000610351562,146.22999572753906,143.00999450683594,146.02999877929688,6272600.0
USO,2026-09-09,148.8000030517578,150.0399932861328,147.75999450683594,149.97000122070312,5523700.0
USO,2026-09-10,154.77999877929688,158.8800048828125,152.47999572753906,158.3800048828125,10095000.0
USO,2026-09-11,152.5,155.02000427246094,152.35000610351562,154.89999389648438,6710600.0
USO,2026-09-14,159.42999267578125,160.27000427246094,154.77000427246094,156.66000366210938,7691800.0
USO,2026-09-15,158.35000610351562,163.35000610351562,158.25999450683594,161.86000061035156,6895700.0
USO,2026-09-16,159.30999755859375,159.36000061035156,154.0,156.1699981689453,5755600.0
USO,2026-09-17,154.10000610351562,156.6699981689453,153.7899932861328,155.30999755859375,4284900.0
WEAT,2024-09-19,25.549999237060547,25.600000381469727,25.350000381469727,25.5,156560.0
WEAT,2024-09-20,25.549999237060547,25.799999237060547,25.399999618530273,25.549999237060547,91480.0
WEAT,2024-09-23,25.75,26.200000762939453,25.75,26.049999237060547,145180.0
WEAT,2024-09-24,26.200000762939453,26.299999237060547,25.799999237060547,25.950000762939453,126540.0
WEAT,2024-09-25,25.950000762939453,26.399999618530273,25.850000381469727,26.399999618530273,118220.0
WEAT,2024-09-26,26.5,26.600000381469727,26.100000381469727,26.200000762939453,146540.0
WEAT,2024-09-27,26.0,26.100000381469727,25.799999237060547,26.049999237060547,65120.0
WEAT,2024-09-30,26.100000381469727,26.399999618530273,26.100000381469727,26.200000762939453,148060.0
WEAT,2024-10-01,26.200000762939453,26.950000762939453,26.200000762939453,26.75,175800.0
WEAT,2024-10-02,27.049999237060547,27.600000381469727,27.049999237060547,27.450000762939453,233680.0
WEAT,2024-10-03,27.399999618530273,27.600000381469727,27.049999237060547,27.100000381469727,158140.0
WEAT,2024-10-04,26.700000762939453,26.899999618530273,26.5,26.600000381469727,185900.0
WEAT,2024-10-07,26.549999237060547,26.850000381469727,26.549999237060547,26.850000381469727,104020.0
WEAT,2024-10-08,26.600000381469727,26.899999618530273,26.549999237060547,26.799999237060547,122060.0
WEAT,2024-10-09,27.149999618530273,27.200000762939453,26.799999237060547,27.0,112520.0
WEAT,2024-10-10,27.149999618530273,27.25,26.950000762939453,27.149999618530273,67720.0
WEAT,2024-10-11,27.100000381469727,27.350000381469727,26.649999618530273,26.899999618530273,160360.0
WEAT,2024-10-14,26.75,26.899999618530273,26.25,26.350000381469727,103880.0
WEAT,2024-10-15,26.200000762939453,26.200000762939453,25.950000762939453,26.0,86580.0
WEAT,2024-10-16,25.899999618530273,26.25,25.850000381469727,26.100000381469727,63520.0
WEAT,2024-10-17,26.100000381469727,26.399999618530273,25.799999237060547,26.299999237060547,155980.0
WEAT,2024-10-18,26.299999237060547,26.299999237060547,25.649999618530273,25.700000762939453,158680.0
WEAT,2024-10-21,25.649999618530273,26.100000381469727,25.649999618530273,25.700000762939453,120020.0
WEAT,2024-10-22,25.549999237060547,25.899999618530273,25.549999237060547,25.799999237060547,103860.0
WEAT,2024-10-23,25.549999237060547,26.049999237060547,25.549999237060547,25.899999618530273,131080.0
WEAT,2024-10-24,25.950000762939453,26.049999237060547,25.700000762939453,26.049999237060547,105560.0
WEAT,2024-10-25,25.75,25.75,25.450000762939453,25.549999237060547,98080.0
WEAT,2024-10-28,25.649999618530273,25.649999618530273,25.200000762939453,25.200000762939453,96600.0
WEAT,2024-10-29,25.25,25.75,25.25,25.649999618530273,94580.0
WEAT,2024-10-30,25.600000381469727,26.0,25.399999618530273,25.75,76260.0
WEAT,2024-10-31,25.649999618530273,25.75,25.399999618530273,25.700000762939453,88280.0
WEAT,2024-11-01,25.799999237060547,25.899999618530273,25.399999618530273,25.549999237060547,115140.0
WEAT,2024-11-04,25.5,25.75,25.450000762939453,25.600000381469727,109100.0
WEAT,2024-11-05,25.649999618530273,25.75,25.350000381469727,25.75,81500.0
WEAT,2024-11-06,25.399999618530273,25.799999237060547,25.25,25.700000762939453,94300.0
WEAT,2024-11-07,25.649999618530273,25.649999618530273,25.350000381469727,25.549999237060547,92640.0
WEAT,2024-11-08,25.649999618530273,25.75,25.299999237060547,25.549999237060547,143740.0
WEAT,2024-11-11,25.149999618530273,25.299999237060547,24.75,25.200000762939453,209680.0
WEAT,2024-11-12,25.25,25.399999618530273,24.600000381469727,24.700000762939453,156340.0
WEAT,2024-11-13,24.450000762939453,24.5,24.049999237060547,24.299999237060547,157360.0
WEAT,2024-11-14,24.049999237060547,24.200000762939453,23.850000381469727,24.0,110020.0
WEAT,2024-11-15,24.0,24.350000381469727,23.899999618530273,24.200000762939453,113360.0
WEAT,2024-11-18,24.299999237060547,24.75,24.25,24.649999618530273,143860.0
WEAT,2024-11-19,24.850000381469727,25.049999237060547,24.700000762939453,24.75,105760.0
WEAT,2024-11-20,24.700000762939453,25.0,24.600000381469727,24.950000762939453,157440.0
WEAT,2024-11-21,25.049999237060547,25.149999618530273,24.75,24.850000381469727,111180.0
WEAT,2024-11-22,24.850000381469727,24.850000381469727,24.549999237060547,24.649999618530273,72040.0
WEAT,2024-11-25,24.299999237060547,24.399999618530273,24.100000381469727,24.299999237060547,137700.0
WEAT,2024-11-26,24.5,24.600000381469727,24.149999618530273,24.350000381469727,70360.0
WEAT,2024-11-27,24.299999237060547,24.299999237060547,23.950000762939453,23.950000762939453,139220.0
WEAT,2024-11-29,23.950000762939453,24.149999618530273,23.75,23.950000762939453,123720.0
WEAT,2024-12-02,23.75,24.049999237060547,23.700000762939453,23.850000381469727,182880.0
WEAT,2024-12-03,24.200000762939453,24.200000762939453,23.799999237060547,23.899999618530273,93880.0
WEAT,2024-12-04,23.700000762939453,23.950000762939453,23.549999237060547,23.799999237060547,147160.0
WEAT,2024-12-05,23.950000762939453,24.350000381469727,23.950000762939453,24.25,182040.0
WEAT,2024-12-06,24.399999618530273,24.399999618530273,24.049999237060547,24.200000762939453,109560.0
WEAT,2024-12-09,24.5,24.5,24.25,24.350000381469727,125200.0
WEAT,2024-12-10,24.25,24.5,24.25,24.5,104300.0
WEAT,2024-12-11,24.600000381469727,24.799999237060547,24.5,24.549999237060547,116900.0
WEAT,2024-12-12,24.5,24.649999618530273,24.25,24.299999237060547,117060.0
WEAT,2024-12-13,24.299999237060547,24.350000381469727,24.049999237060547,24.100000381469727,81660.0
WEAT,2024-12-16,24.350000381469727,24.350000381469727,24.0,24.0,106460.0
WEAT,2024-12-17,24.049999237060547,24.049999237060547,23.75,23.75,99780.0
WEAT,2024-12-18,23.850000381469727,24.149999618530273,23.649999618530273,23.700000762939453,107620.0
WEAT,2024-12-19,23.549999237060547,23.549999237060547,23.299999237060547,23.350000381469727,137980.0
WEAT,2024-12-20,23.350000381469727,23.5,23.25,23.299999237060547,130540.0
WEAT,2024-12-23,23.399999618530273,23.799999237060547,23.399999618530273,23.649999618530273,92860.0
WEAT,2024-12-24,23.649999618530273,23.649999618530273,23.399999618530273,23.5,107100.0
WEAT,2024-12-26,23.5,23.799999237060547,23.450000762939453,23.700000762939453,112640.0
WEAT,2024-12-27,23.700000762939453,23.950000762939453,23.600000381469727,23.950000762939453,105140.0
WEAT,2024-12-30,24.100000381469727,24.25,23.850000381469727,24.049999237060547,109560.0
WEAT,2024-12-31,24.149999618530273,24.149999618530273,23.950000762939453,24.100000381469727,111500.0
WEAT,2025-01-02,24.049999237060547,24.100000381469727,23.799999237060547,23.899999618530273,85220.0
WEAT,2025-01-03,23.799999237060547,23.799999237060547,23.299999237060547,23.350000381469727,182320.0
WEAT,2025-01-06,23.600000381469727,23.899999618530273,23.5,23.850000381469727,113220.0
WEAT,2025-01-07,23.799999237060547,23.950000762939453,23.799999237060547,23.950000762939453,77880.0
WEAT,2025-01-08,23.600000381469727,23.799999237060547,23.600000381469727,23.600000381469727,67500.0
WEAT,2025-01-10,23.5,23.799999237060547,23.200000762939453,23.549999237060547,456280.0
WEAT,2025-01-13,23.700000762939453,24.100000381469727,23.700000762939453,24.100000381469727,215700.0
WEAT,2025-01-14,24.100000381469727,24.350000381469727,24.0,24.149999618530273,165740.0
WEAT,2025-01-15,24.200000762939453,24.299999237060547,24.0,24.100000381469727,197260.0
WEAT,2025-01-16,23.899999618530273,24.0,23.700000762939453,23.75,150500.0
WEAT,2025-01-17,23.649999618530273,23.899999618530273,23.600000381469727,23.75,214240.0
WEAT,2025-01-21,24.100000381469727,24.75,24.100000381469727,24.649999618530273,348380.0
WEAT,2025-01-22,24.850000381469727,24.950000762939453,24.399999618530273,24.5,247920.0
WEAT,2025-01-23,24.450000762939453,24.700000762939453,24.299999237060547,24.5,126080.0
WEAT,2025-01-24,24.450000762939453,24.450000762939453,24.049999237060547,24.200000762939453,167280.0
WEAT,2025-01-27,24.0,24.100000381469727,23.649999618530273,23.850000381469727,165180.0
WEAT,2025-01-28,23.899999618530273,24.299999237060547,23.850000381469727,24.200000762939453,296200.0
WEAT,2025-01-29,24.399999618530273,24.950000762939453,24.350000381469727,24.899999618530273,331800.0
WEAT,2025-01-30,24.950000762939453,25.149999618530273,24.850000381469727,24.950000762939453,273300.0
WEAT,2025-01-31,24.549999237060547,24.899999618530273,24.399999618530273,24.75,196960.0
WEAT,2025-02-03,24.649999618530273,25.25,24.549999237060547,25.0,196080.0
WEAT,2025-02-04,24.649999618530273,25.450000762939453,24.649999618530273,25.450000762939453,219580.0
WEAT,2025-02-05,25.5,25.649999618530273,25.149999618530273,25.25,152600.0
WEAT,2025-02-06,25.399999618530273,25.850000381469727,25.049999237060547,25.850000381469727,255240.0
WEAT,2025-02-07,25.549999237060547,25.75,25.549999237060547,25.600000381469727,130040.0
WEAT,2025-02-10,25.75,25.799999237060547,25.399999618530273,25.5,148820.0
WEAT,2025-02-11,25.700000762939453,25.899999618530273,25.450000762939453,25.5,206820.0
WEAT,2025-02-12,25.25,25.700000762939453,25.25,25.350000381469727,183440.0
WEAT,2025-02-13,25.5,25.600000381469727,25.299999237060547,25.5,206940.0
WEAT,2025-02-14,25.899999618530273,26.549999237060547,25.899999618530273,26.5,396480.0
WEAT,2025-02-18,26.350000381469727,26.75,26.25,26.649999618530273,259120.0
WEAT,2025-02-19,26.549999237060547,26.549999237060547,26.100000381469727,26.200000762939453,180560.0
WEAT,2025-02-20,26.299999237060547,26.350000381469727,25.899999618530273,26.0,156820.0
WEAT,2025-02-21,26.149999618530273,26.200000762939453,25.950000762939453,26.149999618530273,93440.0
WEAT,2025-02-24,25.799999237060547,25.850000381469727,25.5,25.75,215040.0
WEAT,2025-02-25,25.549999237060547,25.549999237060547,25.200000762939453,25.5,310240.0
WEAT,2025-02-26,25.450000762939453,25.549999237060547,25.049999237060547,25.149999618530273,123920.0
WEAT,2025-02-27,24.899999618530273,24.899999618530273,24.399999618530273,24.5,305440.0
WEAT,2025-02-28,24.649999618530273,24.75,24.100000381469727,24.149999618530273,190800.0
WEAT,2025-03-03,24.200000762939453,24.299999237060547,23.75,23.799999237060547,289300.0
WEAT,2025-03-04,23.5,23.600000381469727,23.200000762939453,23.5,420980.0
WEAT,2025-03-05,23.700000762939453,24.0,23.549999237060547,23.950000762939453,306020.0
WEAT,2025-03-06,24.0,24.399999618530273,23.75,24.149999618530273,258280.0
WEAT,2025-03-07,23.850000381469727,24.149999618530273,23.799999237060547,24.049999237060547,141340.0
WEAT,2025-03-10,24.549999237060547,24.600000381469727,24.350000381469727,24.5,319900.0
WEAT,2025-03-11,24.399999618530273,24.549999237060547,24.200000762939453,24.25,239180.0
WEAT,2025-03-12,24.25,24.399999618530273,23.899999618530273,24.25,208780.0
WEAT,2025-03-13,24.5,24.700000762939453,24.399999618530273,24.5,204140.0
WEAT,2025-03-14,24.600000381469727,24.700000762939453,24.299999237060547,24.450000762939453,226940.0
WEAT,2025-03-17,24.799999237060547,25.100000381469727,24.75,24.850000381469727,228180.0
WEAT,2025-03-18,24.850000381469727,25.100000381469727,24.649999618530273,24.75,227200.0
WEAT,2025-03-19,24.649999618530273,24.850000381469727,24.5,24.700000762939453,310480.0
WEAT,2025-03-20,24.450000762939453,24.549999237060547,24.200000762939453,24.299999237060547,187280.0
WEAT,2025-03-21,24.350000381469727,24.600000381469727,24.200000762939453,24.450000762939453,59240.0
WEAT,2025-03-24,24.149999618530273,24.149999618530273,23.899999618530273,24.049999237060547,166280.0
WEAT,2025-03-25,24.0,24.049999237060547,23.75,23.899999618530273,164200.0
WEAT,2025-03-26,23.75,23.850000381469727,23.450000762939453,23.450000762939453,225420.0
WEAT,2025-03-27,23.399999618530273,23.5,23.149999618530273,23.350000381469727,275340.0
WEAT,2025-03-28,23.049999237060547,23.200000762939453,22.75,23.100000381469727,288040.0
WEAT,2025-03-31,23.100000381469727,23.549999237060547,23.0,23.399999618530273,303740.0
WEAT,2025-04-01,23.399999618530273,23.700000762939453,23.399999618530273,23.600000381469727,213000.0
WEAT,2025-04-02,23.299999237060547,23.700000762939453,23.299999237060547,23.5,102900.0
WEAT,2025-04-03,23.149999618530273,23.600000381469727,23.049999237060547,23.450000762939453,168040.0
WEAT,2025-04-04,23.0,23.25,22.75,23.100000381469727,359960.0
WEAT,2025-04-07,23.350000381469727,23.75,23.200000762939453,23.299999237060547,261920.0
WEAT,2025-04-08,23.600000381469727,23.700000762939453,23.25,23.350000381469727,262800.0
WEAT,2025-04-09,23.799999237060547,23.799999237060547,23.299999237060547,23.649999618530273,232860.0
WEAT,2025-04-10,23.600000381469727,23.700000762939453,23.299999237060547,23.450000762939453,151260.0
WEAT,2025-04-11,23.850000381469727,24.200000762939453,23.850000381469727,24.149999618530273,262160.0
WEAT,2025-04-14,23.950000762939453,23.950000762939453,23.700000762939453,23.899999618530273,158360.0
WEAT,2025-04-15,23.799999237060547,23.899999618530273,23.549999237060547,23.649999618530273,123520.0
WEAT,2025-04-16,23.850000381469727,23.899999618530273,23.600000381469727,23.75,129560.0
WEAT,2025-04-17,23.950000762939453,24.100000381469727,23.799999237060547,23.799999237060547,92360.0
WEAT,2025-04-21,24.0,24.049999237060547,23.450000762939453,23.450000762939453,123220.0
WEAT,2025-04-22,23.350000381469727,23.600000381469727,23.200000762939453,23.350000381469727,159180.0
WEAT,2025-04-23,23.25,23.350000381469727,23.100000381469727,23.149999618530273,161520.0
WEAT,2025-04-24,23.049999237060547,23.200000762939453,22.899999618530273,23.100000381469727,164180.0
WEAT,2025-04-25,23.149999618530273,23.299999237060547,23.049999237060547,23.200000762939453,125440.0
WEAT,2025-04-28,22.799999237060547,22.799999237060547,22.5,22.649999618530273,263480.0
WEAT,2025-04-29,22.700000762939453,22.850000381469727,22.299999237060547,22.399999618530273,219340.0
WEAT,2025-04-30,22.350000381469727,22.950000762939453,22.350000381469727,22.600000381469727,227380.0
WEAT,2025-05-01,22.700000762939453,22.899999618530273,22.549999237060547,22.649999618530273,178880.0
WEAT,2025-05-02,23.0,23.200000762939453,22.950000762939453,23.049999237060547,186580.0
WEAT,2025-05-05,22.899999618530273,23.0,22.600000381469727,22.600000381469727,128520.0
WEAT,2025-05-06,22.799999237060547,22.899999618530273,22.649999618530273,22.700000762939453,144460.0
WEAT,2025-05-07,22.850000381469727,22.950000762939453,22.700000762939453,22.75,103240.0
WEAT,2025-05-08,22.700000762939453,22.700000762939453,22.350000381469727,22.549999237060547,150660.0
WEAT,2025-05-09,22.600000381469727,22.600000381469727,22.200000762939453,22.200000762939453,226480.0
WEAT,2025-05-12,22.200000762939453,22.450000762939453,21.899999618530273,21.950000762939453,376300.0
WEAT,2025-05-13,21.75,22.149999618530273,21.649999618530273,22.049999237060547,239240.0
WEAT,2025-05-14,21.950000762939453,22.350000381469727,21.899999618530273,22.25,205880.0
WEAT,2025-05-15,22.5,22.600000381469727,22.25,22.549999237060547,148520.0
WEAT,2025-05-16,22.450000762939453,22.600000381469727,22.25,22.350000381469727,126260.0
WEAT,2025-05-19,22.450000762939453,22.700000762939453,22.299999237060547,22.5,136060.0
WEAT,2025-05-20,22.75,23.100000381469727,22.75,23.049999237060547,178860.0
WEAT,2025-05-21,23.25,23.450000762939453,23.100000381469727,23.149999618530273,165620.0
WEAT,2025-05-22,23.25,23.350000381469727,23.049999237060547,23.200000762939453,129340.0
WEAT,2025-05-23,23.200000762939453,23.299999237060547,22.899999618530273,23.100000381469727,98220.0
WEAT,2025-05-27,22.850000381469727,22.850000381469727,22.549999237060547,22.549999237060547,124660.0
WEAT,2025-05-28,22.700000762939453,22.799999237060547,22.5,22.549999237060547,61840.0
WEAT,2025-05-29,22.600000381469727,22.799999237060547,22.5,22.799999237060547,76220.0
WEAT,2025-05-30,22.850000381469727,22.850000381469727,22.649999618530273,22.649999618530273,71200.0
WEAT,2025-06-02,23.100000381469727,23.25,22.799999237060547,22.850000381469727,157280.0
WEAT,2025-06-03,23.0,23.100000381469727,22.700000762939453,22.75,110140.0
WEAT,2025-06-04,22.799999237060547,23.149999618530273,22.700000762939453,23.049999237060547,135360.0
WEAT,2025-06-05,23.149999618530273,23.25,22.950000762939453,23.100000381469727,91780.0
WEAT,2025-06-06,23.100000381469727,23.450000762939453,22.950000762939453,23.399999618530273,131800.0
WEAT,2025-06-09,23.149999618530273,23.149999618530273,22.899999618530273,23.049999237060547,121320.0
WEAT,2025-06-10,22.850000381469727,22.950000762939453,22.549999237060547,22.700000762939453,158700.0
WEAT,2025-06-11,22.75,22.799999237060547,22.600000381469727,22.700000762939453,132320.0
WEAT,2025-06-12,22.850000381469727,22.850000381469727,22.399999618530273,22.450000762939453,121940.0
WEAT,2025-06-13,22.549999237060547,23.100000381469727,22.5,23.100000381469727,131520.0
WEAT,2025-06-16,22.950000762939453,22.950000762939453,22.600000381469727,22.799999237060547,104880.0
WEAT,2025-06-17,22.950000762939453,23.399999618530273,22.950000762939453,23.299999237060547,152720.0
WEAT,2025-06-18,23.399999618530273,24.25,23.399999618530273,24.200000762939453,308600.0
WEAT,2025-06-20,24.0,24.350000381469727,23.950000762939453,24.0,182540.0
WEAT,2025-06-23,23.75,23.799999237060547,23.350000381469727,23.549999237060547,195920.0
WEAT,2025-06-24,23.149999618530273,23.149999618530273,22.799999237060547,22.799999237060547,172940.0
WEAT,2025-06-25,22.700000762939453,22.799999237060547,22.5,22.549999237060547,204040.0
WEAT,2025-06-26,22.5,22.549999237060547,22.25,22.25,203380.0
WEAT,2025-06-27,22.399999618530273,22.549999237060547,22.25,22.399999618530273,119960.0
WEAT,2025-06-30,22.299999237060547,22.5,22.149999618530273,22.200000762939453,311060.0
WEAT,2025-07-01,22.399999618530273,22.649999618530273,22.299999237060547,22.649999618530273,142520.0
WEAT,2025-07-02,22.5,23.200000762939453,22.450000762939453,23.200000762939453,456580.0
WEAT,2025-07-03,23.200000762939453,23.350000381469727,23.049999237060547,23.149999618530273,138900.0
WEAT,2025-07-07,22.549999237060547,22.799999237060547,22.450000762939453,22.700000762939453,152660.0
WEAT,2025-07-08,22.549999237060547,22.700000762939453,22.5,22.649999618530273,82360.0
WEAT,2025-07-09,22.600000381469727,22.700000762939453,22.450000762939453,22.600000381469727,110800.0
WEAT,2025-07-10,22.700000762939453,22.899999618530273,22.600000381469727,22.899999618530273,130800.0
WEAT,2025-07-11,22.75,22.899999618530273,22.450000762939453,22.5,119480.0
WEAT,2025-07-14,22.649999618530273,22.700000762939453,22.299999237060547,22.450000762939453,168960.0
WEAT,2025-07-15,22.350000381469727,22.5,22.200000762939453,22.299999237060547,323440.0
WEAT,2025-07-16,22.200000762939453,22.450000762939453,22.100000381469727,22.350000381469727,98180.0
WEAT,2025-07-17,22.200000762939453,22.299999237060547,22.049999237060547,22.100000381469727,114280.0
WEAT,2025-07-18,22.450000762939453,22.700000762939453,22.450000762939453,22.600000381469727,153680.0
WEAT,2025-07-21,22.600000381469727,22.649999618530273,22.399999618530273,22.450000762939453,99680.0
WEAT,2025-07-22,22.5,22.75,22.5,22.600000381469727,97660.0
WEAT,2025-07-23,22.549999237060547,22.549999237060547,22.350000381469727,22.350000381469727,84880.0
WEAT,2025-07-24,22.450000762939453,22.450000762939453,22.149999618530273,22.399999618530273,433900.0
WEAT,2025-07-25,22.299999237060547,22.299999237060547,22.100000381469727,22.299999237060547,89660.0
WEAT,2025-07-28,22.100000381469727,22.299999237060547,22.049999237060547,22.25,82980.0
WEAT,2025-07-29,22.0,22.049999237060547,21.799999237060547,21.950000762939453,131000.0
WEAT,2025-07-30,21.850000381469727,22.0,21.75,21.799999237060547,128460.0
WEAT,2025-07-31,21.700000762939453,21.75,21.450000762939453,21.75,181900.0
WEAT,2025-08-01,21.549999237060547,21.649999618530273,21.450000762939453,21.5,91120.0
WEAT,2025-08-04,21.549999237060547,21.700000762939453,21.5,21.549999237060547,76980.0
WEAT,2025-08-05,21.399999618530273,21.450000762939453,21.100000381469727,21.25,232020.0
WEAT,2025-08-06,21.149999618530273,21.299999237060547,21.049999237060547,21.25,144160.0
WEAT,2025-08-07,21.549999237060547,21.700000762939453,21.450000762939453,21.649999618530273,174720.0
WEAT,2025-08-08,21.649999618530273,21.75,21.399999618530273,21.5,335340.0
WEAT,2025-08-11,21.450000762939453,21.75,21.450000762939453,21.450000762939453,101980.0
WEAT,2025-08-12,21.299999237060547,21.350000381469727,21.049999237060547,21.100000381469727,121220.0
WEAT,2025-08-13,21.049999237060547,21.299999237060547,21.049999237060547,21.200000762939453,117600.0
WEAT,2025-08-14,21.100000381469727,21.200000762939453,20.899999618530273,21.0,180560.0
WEAT,2025-08-15,21.149999618530273,21.200000762939453,21.0,21.100000381469727,87240.0
WEAT,2025-08-18,21.049999237060547,21.25,20.950000762939453,21.049999237060547,129640.0
WEAT,2025-08-19,20.950000762939453,21.0,20.899999618530273,20.950000762939453,102780.0
WEAT,2025-08-20,21.0,21.25,21.0,21.149999618530273,77240.0
WEAT,2025-08-21,21.350000381469727,21.350000381469727,21.049999237060547,21.149999618530273,115520.0
WEAT,2025-08-22,21.149999618530273,21.299999237060547,21.100000381469727,21.100000381469727,73820.0
WEAT,2025-08-25,21.100000381469727,21.399999618530273,21.100000381469727,21.200000762939453,105940.0
WEAT,2025-08-26,21.25,21.399999618530273,21.25,21.25,136540.0
WEAT,2025-08-27,21.149999618530273,21.149999618530273,21.0,21.100000381469727,83320.0
WEAT,2025-08-28,20.950000762939453,21.200000762939453,20.850000381469727,21.200000762939453,115120.0
WEAT,2025-08-29,21.200000762939453,21.399999618530273,21.100000381469727,21.399999618530273,92200.0
WEAT,2025-09-02,21.049999237060547,21.149999618530273,20.950000762939453,21.100000381469727,122400.0
WEAT,2025-09-03,21.100000381469727,21.149999618530273,20.850000381469727,20.850000381469727,142400.0
WEAT,2025-09-04,20.75,20.850000381469727,20.649999618530273,20.850000381469727,154000.0
WEAT,2025-09-05,20.850000381469727,20.950000762939453,20.75,20.850000381469727,348020.0
WEAT,2025-09-08,20.850000381469727,21.0,20.799999237060547,21.0,88800.0
WEAT,2025-09-09,20.950000762939453,21.049999237060547,20.799999237060547,20.799999237060547,91860.0
WEAT,2025-09-10,20.899999618530273,20.899999618530273,20.649999618530273,20.700000762939453,99560.0
WEAT,2025-09-11,20.549999237060547,20.950000762939453,20.549999237060547,20.899999618530273,212220.0
WEAT,2025-09-12,20.799999237060547,21.0,20.700000762939453,21.0,134060.0
WEAT,2025-09-15,21.100000381469727,21.25,21.0,21.100000381469727,297760.0
WEAT,2025-09-16,21.25,21.5,21.200000762939453,21.450000762939453,195260.0
WEAT,2025-09-17,21.450000762939453,21.450000762939453,21.149999618530273,21.25,87400.0
WEAT,2025-09-18,21.25,21.299999237060547,21.049999237060547,21.100000381469727,152580.0
WEAT,2025-09-19,21.100000381469727,21.100000381469727,20.950000762939453,21.049999237060547,90900.0
WEAT,2025-09-22,20.850000381469727,20.850000381469727,20.549999237060547,20.600000381469727,221160.0
WEAT,2025-09-23,20.649999618530273,21.0,20.649999618530273,21.0,158960.0
WEAT,2025-09-24,21.100000381469727,21.100000381469727,20.899999618530273,20.899999618530273,100920.0
WEAT,2025-09-25,21.100000381469727,21.200000762939453,21.0,21.149999618530273,112500.0
WEAT,2025-09-26,21.0,21.0,20.899999618530273,20.950000762939453,167820.0
WEAT,2025-09-29,20.950000762939453,21.049999237060547,20.899999618530273,20.950000762939453,140000.0
WEAT,2025-09-30,20.899999618530273,20.899999618530273,20.549999237060547,20.549999237060547,187080.0
WEAT,2025-10-01,20.399999618530273,20.649999618530273,20.350000381469727,20.649999618530273,211120.0
WEAT,2025-10-02,20.700000762939453,20.850000381469727,20.600000381469727,20.799999237060547,107400.0
WEAT,2025-10-03,20.799999237060547,20.899999618530273,20.700000762939453,20.75,107820.0
WEAT,2025-10-06,20.799999237060547,20.850000381469727,20.649999618530273,20.700000762939453,86840.0
WEAT,2025-10-07,20.700000762939453,20.75,20.5,20.5,108740.0
WEAT,2025-10-08,20.5,20.549999237060547,20.399999618530273,20.5,152320.0
WEAT,2025-10-09,20.549999237060547,20.649999618530273,20.450000762939453,20.450000762939453,112480.0
WEAT,2025-10-10,20.399999618530273,20.399999618530273,20.100000381469727,20.200000762939453,167820.0
WEAT,2025-10-13,20.049999237060547,20.200000762939453,20.0,20.149999618530273,212500.0
WEAT,2025-10-14,20.049999237060547,20.25,19.950000762939453,20.200000762939453,176700.0
WEAT,2025-10-15,20.049999237060547,20.25,20.0,20.149999618530273,114080.0
WEAT,2025-10-16,20.100000381469727,20.299999237060547,20.049999237060547,20.25,102280.0
WEAT,2025-10-17,20.299999237060547,20.350000381469727,20.149999618530273,20.25,104960.0
WEAT,2025-10-20,20.200000762939453,20.399999618530273,20.200000762939453,20.399999618530273,94340.0
WEAT,2025-10-21,20.25,20.25,20.100000381469727,20.149999618530273,87220.0
WEAT,2025-10-22,20.200000762939453,20.299999237060547,20.149999618530273,20.200000762939453,82020.0
WEAT,2025-10-23,20.299999237060547,20.600000381469727,20.200000762939453,20.549999237060547,134720.0
WEAT,2025-10-24,20.549999237060547,20.649999618530273,20.450000762939453,20.549999237060547,130900.0
WEAT,2025-10-27,21.0,21.149999618530273,21.0,21.049999237060547,307940.0
WEAT,2025-10-28,21.350000381469727,21.399999618530273,21.049999237060547,21.25,183660.0
WEAT,2025-10-29,21.200000762939453,21.350000381469727,21.149999618530273,21.25,160220.0
WEAT,2025-10-30,21.149999618530273,21.149999618530273,20.850000381469727,21.0,132140.0
WEAT,2025-10-31,20.899999618530273,21.25,20.799999237060547,21.200000762939453,93060.0
WEAT,2025-11-03,21.450000762939453,21.649999618530273,21.149999618530273,21.649999618530273,244760.0
WEAT,2025-11-04,21.649999618530273,21.799999237060547,21.450000762939453,21.75,196280.0
WEAT,2025-11-05,21.700000762939453,21.899999618530273,21.600000381469727,21.850000381469727,129520.0
WEAT,2025-11-06,21.649999618530273,21.700000762939453,21.25,21.299999237060547,185300.0
WEAT,2025-11-07,21.200000762939453,21.299999237060547,20.950000762939453,20.950000762939453,157080.0
WEAT,2025-11-10,21.299999237060547,21.350000381469727,21.100000381469727,21.299999237060547,122960.0
WEAT,2025-11-11,21.25,21.450000762939453,21.149999618530273,21.450000762939453,87600.0
WEAT,2025-11-12,21.149999618530273,21.549999237060547,21.149999618530273,21.450000762939453,81240.0
WEAT,2025-11-13,21.5,21.600000381469727,21.399999618530273,21.450000762939453,70180.0
WEAT,2025-11-14,21.649999618530273,21.649999618530273,21.0,21.049999237060547,211460.0
WEAT,2025-11-17,21.25,21.649999618530273,21.25,21.649999618530273,143660.0
WEAT,2025-11-18,21.649999618530273,21.75,21.5,21.649999618530273,92260.0
WEAT,2025-11-19,21.649999618530273,21.649999618530273,21.200000762939453,21.299999237060547,130180.0
WEAT,2025-11-20,21.450000762939453,21.450000762939453,20.899999618530273,20.950000762939453,105900.0
WEAT,2025-11-21,20.899999618530273,21.049999237060547,20.799999237060547,20.950000762939453,96200.0
WEAT,2025-11-24,20.75,20.799999237060547,20.600000381469727,20.799999237060547,180340.0
WEAT,2025-11-25,20.739999771118164,20.920000076293945,20.690000534057617,20.889999389648438,71600.0
WEAT,2025-11-26,20.8799991607666,21.059999465942383,20.81999969482422,20.959999084472656,155500.0
WEAT,2025-11-28,20.959999084472656,20.989999771118164,20.739999771118164,20.84000015258789,89200.0
WEAT,2025-12-01,20.700000762939453,20.84000015258789,20.649999618530273,20.739999771118164,98100.0
WEAT,2025-12-02,20.600000381469727,21.010000228881836,20.549999237060547,20.90999984741211,78400.0
WEAT,2025-12-03,20.84000015258789,20.899999618530273,20.780000686645508,20.850000381469727,124100.0
WEAT,2025-12-04,20.709999084472656,20.899999618530273,20.59000015258789,20.8700008392334,59600.0
WEAT,2025-12-05,20.8799991607666,20.93000030517578,20.670000076293945,20.700000762939453,688800.0
WEAT,2025-12-08,20.75,20.809999465942383,20.600000381469727,20.68000030517578,175600.0
WEAT,2025-12-09,20.639999389648438,20.739999771118164,20.56999969482422,20.649999618530273,120500.0
WEAT,2025-12-10,20.5,20.530000686645508,20.3700008392334,20.510000228881836,168400.0
WEAT,2025-12-11,20.59000015258789,20.68000030517578,20.5,20.670000076293945,63500.0
WEAT,2025-12-12,20.510000228881836,20.6299991607666,20.5,20.530000686645508,116400.0
WEAT,2025-12-15,20.309999465942383,20.3799991607666,20.200000762939453,20.25,319200.0
WEAT,2025-12-16,20.110000610351562,20.110000610351562,19.889999389648438,19.93000030517578,680100.0
WEAT,2025-12-17,19.920000076293945,19.93000030517578,19.809999465942383,19.8799991607666,126200.0
WEAT,2025-12-18,19.8700008392334,20.0,19.850000381469727,19.940000534057617,119400.0
WEAT,2025-12-19,19.920000076293945,20.040000915527344,19.860000610351562,19.979999542236328,56800.0
WEAT,2025-12-22,20.209999084472656,20.270000457763672,20.15999984741211,20.200000762939453,100600.0
WEAT,2025-12-23,20.209999084472656,20.299999237060547,20.149999618530273,20.270000457763672,117800.0
WEAT,2025-12-24,20.440000534057617,20.549999237060547,20.399999618530273,20.469999313354492,74700.0
WEAT,2025-12-26,20.5,20.520000457763672,20.31999969482422,20.440000534057617,135800.0
WEAT,2025-12-29,20.280000686645508,20.34000015258789,20.149999618530273,20.200000762939453,115900.0
WEAT,2025-12-30,20.239999771118164,20.239999771118164,20.079999923706055,20.079999923706055,76400.0
WEAT,2025-12-31,20.020000457763672,20.1299991607666,19.950000762939453,19.969999313354492,146000.0
WEAT,2026-01-02,19.959999084472656,20.020000457763672,19.780000686645508,20.0,110500.0
WEAT,2026-01-05,20.079999923706055,20.209999084472656,19.979999542236328,20.190000534057617,92700.0
WEAT,2026-01-06,20.149999618530273,20.190000534057617,20.020000457763672,20.040000915527344,104200.0
WEAT,2026-01-07,20.219999313354492,20.34000015258789,20.209999084472656,20.309999465942383,85200.0
WEAT,2026-01-08,20.309999465942383,20.469999313354492,20.260000228881836,20.3700008392334,158500.0
WEAT,2026-01-09,20.350000381469727,20.399999618530273,20.209999084472656,20.34000015258789,142000.0
WEAT,2026-01-12,20.530000686645508,20.690000534057617,20.010000228881836,20.190000534057617,216800.0
WEAT,2026-01-13,20.079999923706055,20.209999084472656,20.0,20.1200008392334,90700.0
WEAT,2026-01-14,20.190000534057617,20.219999313354492,20.049999237060547,20.139999389648438,138700.0
WEAT,2026-01-15,20.299999237060547,20.299999237060547,20.06999969482422,20.06999969482422,122500.0
WEAT,2026-01-16,20.309999465942383,20.440000534057617,20.309999465942383,20.360000610351562,90800.0
WEAT,2026-01-20,20.260000228881836,20.260000228881836,20.09000015258789,20.110000610351562,101900.0
WEAT,2026-01-21,20.31999969482422,20.31999969482422,20.020000457763672,20.049999237060547,114300.0
WEAT,2026-01-22,20.200000762939453,20.34000015258789,20.18000030517578,20.309999465942383,113400.0
WEAT,2026-01-23,20.40999984741211,20.770000457763672,20.40999984741211,20.75,338000.0
WEAT,2026-01-26,20.719999313354492,20.75,20.510000228881836,20.530000686645508,293400.0
WEAT,2026-01-27,20.6200008392334,20.6200008392334,20.469999313354492,20.5,117400.0
WEAT,2026-01-28,20.770000457763672,21.06999969482422,20.770000457763672,20.8799991607666,441300.0
WEAT,2026-01-29,21.079999923706055,21.170000076293945,20.8799991607666,21.1299991607666,451300.0
WEAT,2026-01-30,21.100000381469727,21.1299991607666,20.809999465942383,20.969999313354492,200400.0
WEAT,2026-02-02,20.709999084472656,20.760000228881836,20.520000457763672,20.56999969482422,246800.0
WEAT,2026-02-03,20.649999618530273,20.719999313354492,20.559999465942383,20.670000076293945,178100.0
WEAT,2026-02-04,20.540000915527344,20.760000228881836,20.420000076293945,20.600000381469727,214900.0
WEAT,2026-02-05,20.579999923706055,20.920000076293945,20.5,20.8700008392334,275800.0
WEAT,2026-02-06,20.889999389648438,21.010000228881836,20.6200008392334,20.700000762939453,288700.0
WEAT,2026-02-09,20.65999984741211,20.700000762939453,20.549999237060547,20.649999618530273,118800.0
WEAT,2026-02-10,20.690000534057617,20.739999771118164,20.520000457763672,20.670000076293945,228500.0
WEAT,2026-02-11,20.6299991607666,20.920000076293945,20.559999465942383,20.8799991607666,233100.0
WEAT,2026-02-12,20.93000030517578,21.350000381469727,20.8799991607666,21.34000015258789,376800.0
WEAT,2026-02-13,21.040000915527344,21.149999618530273,20.959999084472656,20.979999542236328,455400.0
WEAT,2026-02-17,20.729999542236328,20.809999465942383,20.639999389648438,20.770000457763672,240700.0
WEAT,2026-02-18,20.940000534057617,21.139999389648438,20.920000076293945,21.139999389648438,181300.0
WEAT,2026-02-19,21.280000686645508,21.81999969482422,21.280000686645508,21.81999969482422,517100.0
WEAT,2026-02-20,21.799999237060547,22.170000076293945,21.670000076293945,22.170000076293945,451400.0
WEAT,2026-02-23,21.93000030517578,22.239999771118164,21.860000610351562,21.90999984741211,396500.0
WEAT,2026-02-24,21.90999984741211,22.079999923706055,21.809999465942383,21.8700008392334,245300.0
WEAT,2026-02-25,21.75,21.790000915527344,21.549999237060547,21.75,254500.0
WEAT,2026-02-26,21.770000457763672,21.950000762939453,21.670000076293945,21.920000076293945,171800.0
WEAT,2026-02-27,22.31999969482422,22.700000762939453,22.31999969482422,22.56999969482422,488600.0
WEAT,2026-03-02,22.420000076293945,22.420000076293945,21.950000762939453,21.989999771118164,459500.0
WEAT,2026-03-03,22.229999542236328,22.229999542236328,21.780000686645508,21.850000381469727,421000.0
WEAT,2026-03-04,21.709999084472656,21.790000915527344,21.610000610351562,21.790000915527344,753100.0
WEAT,2026-03-05,21.90999984741211,22.399999618530273,21.90999984741211,22.350000381469727,1082500.0
WEAT,2026-03-06,23.0,23.6299991607666,22.959999084472656,23.610000610351562,2215300.0
WEAT,2026-03-09,23.690000534057617,23.770000457763672,22.770000457763672,22.979999542236328,3475600.0
WEAT,2026-03-10,22.979999542236328,23.030000686645508,22.3799991607666,22.729999542236328,1173700.0
WEAT,2026-03-11,23.049999237060547,23.09000015258789,22.59000015258789,22.850000381469727,1063000.0
WEAT,2026-03-12,23.1200008392334,23.420000076293945,22.860000610351562,22.920000076293945,2010600.0
WEAT,2026-03-13,22.969999313354492,23.459999084472656,22.770000457763672,23.43000030517578,1370400.0
WEAT,2026-03-16,23.190000534057617,23.25,22.770000457763672,22.850000381469727,1082800.0
WEAT,2026-03-17,22.690000534057617,22.770000457763672,22.479999542236328,22.610000610351562,1093000.0
WEAT,2026-03-18,22.709999084472656,23.229999542236328,22.700000762939453,23.209999084472656,1035000.0
WEAT,2026-03-19,23.280000686645508,23.3700008392334,22.969999313354492,23.34000015258789,1544800.0
WEAT,2026-03-20,23.049999237060547,23.190000534057617,22.809999465942383,22.850000381469727,1008000.0
WEAT,2026-03-23,22.600000381469727,22.68000030517578,22.229999542236328,22.68000030517578,1300400.0
WEAT,2026-03-24,22.610000610351562,22.829999923706055,22.3799991607666,22.700000762939453,865000.0
WEAT,2026-03-25,22.440000534057617,22.979999542236328,22.440000534057617,22.969999313354492,677700.0
WEAT,2026-03-26,22.799999237060547,23.219999313354492,22.729999542236328,23.1200008392334,736100.0
WEAT,2026-03-27,23.200000762939453,23.43000030517578,22.950000762939453,23.170000076293945,1228400.0
WEAT,2026-03-30,23.0,23.3799991607666,22.950000762939453,23.260000228881836,948200.0
WEAT,2026-03-31,23.309999465942383,23.829999923706055,23.309999465942383,23.56999969482422,1871500.0
WEAT,2026-04-01,23.1200008392334,23.139999389648438,22.719999313354492,22.829999923706055,1573800.0
WEAT,2026-04-02,23.190000534057617,23.280000686645508,22.850000381469727,22.8700008392334,808700.0
WEAT,2026-04-06,22.809999465942383,22.860000610351562,22.559999465942383,22.850000381469727,1259500.0
WEAT,2026-04-07,22.739999771118164,23.0,22.68000030517578,22.850000381469727,1287300.0
WEAT,2026-04-08,22.200000762939453,22.440000534057617,22.1299991607666,22.25,1158900.0
WEAT,2026-04-09,22.5,22.5,21.81999969482422,22.010000228881836,1444900.0
WEAT,2026-04-10,21.860000610351562,22.0,21.719999313354492,21.790000915527344,1733800.0
WEAT,2026-04-13,22.18000030517578,22.479999542236328,22.15999984741211,22.18000030517578,874300.0
WEAT,2026-04-14,22.25,22.6200008392334,22.229999542236328,22.610000610351562,517400.0
WEAT,2026-04-15,22.450000762939453,22.700000762939453,22.329999923706055,22.530000686645508,345100.0
WEAT,2026-04-16,22.809999465942383,23.1299991607666,22.690000534057617,22.799999237060547,572500.0
WEAT,2026-04-17,22.43000030517578,22.549999237060547,22.010000228881836,22.469999313354492,1334200.0
WEAT,2026-04-20,22.6200008392334,22.989999771118164,22.510000228881836,22.75,519800.0
WEAT,2026-04-21,22.690000534057617,23.15999984741211,22.65999984741211,23.15999984741211,701600.0
WEAT,2026-04-22,23.06999969482422,23.1200008392334,22.84000015258789,22.860000610351562,640100.0
WEAT,2026-04-23,22.959999084472656,23.420000076293945,22.889999389648438,23.40999984741211,607800.0
WEAT,2026-04-24,23.309999465942383,23.309999465942383,23.030000686645508,23.190000534057617,920300.0
WEAT,2026-04-27,23.280000686645508,23.739999771118164,23.25,23.709999084472656,672900.0
WEAT,2026-04-28,24.079999923706055,24.770000457763672,24.040000915527344,24.719999313354492,1575900.0
WEAT,2026-04-29,24.90999984741211,25.239999771118164,24.540000915527344,24.610000610351562,1812000.0
WEAT,2026-04-30,24.290000915527344,24.290000915527344,23.940000534057617,24.110000610351562,913800.0
WEAT,2026-05-01,24.1299991607666,24.18000030517578,23.8700008392334,24.010000228881836,632300.0
WEAT,2026-05-04,23.90999984741211,24.260000228881836,23.8700008392334,24.200000762939453,898600.0
WEAT,2026-05-05,23.959999084472656,23.989999771118164,23.559999465942383,23.75,1014900.0
WEAT,2026-05-06,23.219999313354492,23.360000610351562,22.989999771118164,23.31999969482422,1102200.0
WEAT,2026-05-07,23.079999923706055,23.18000030517578,22.850000381469727,23.1299991607666,824500.0
WEAT,2026-05-08,23.149999618530273,23.440000534057617,23.059999465942383,23.40999984741211,813500.0
WEAT,2026-05-11,23.639999389648438,24.0,23.530000686645508,23.989999771118164,734400.0
WEAT,2026-05-12,24.360000610351562,25.510000228881836,24.31999969482422,25.489999771118164,1721500.0
WEAT,2026-05-13,25.299999237060547,25.600000381469727,25.190000534057617,25.3700008392334,851100.0
WEAT,2026-05-14,25.020000457763672,25.09000015258789,24.6200008392334,24.81999969482422,822900.0
WEAT,2026-05-15,24.5,24.5,24.0,24.110000610351562,1094800.0
WEAT,2026-05-18,24.780000686645508,25.1200008392334,24.649999618530273,25.0,1422900.0
WEAT,2026-05-19,25.049999237060547,25.25,24.93000030517578,25.200000762939453,944200.0
WEAT,2026-05-20,25.059999465942383,25.280000686645508,24.75,24.899999618530273,1206900.0
WEAT,2026-05-21,24.860000610351562,24.8799991607666,24.479999542236328,24.5,1075200.0
WEAT,2026-05-22,24.559999465942383,24.760000228881836,24.43000030517578,24.549999237060547,518500.0
WEAT,2026-05-26,24.399999618530273,24.530000686645508,24.209999084472656,24.219999313354492,568700.0
WEAT,2026-05-27,23.829999923706055,23.950000762939453,23.600000381469727,23.760000228881836,904500.0
WEAT,2026-05-28,23.850000381469727,23.969999313354492,23.700000762939453,23.829999923706055,439700.0
WEAT,2026-05-29,23.75,23.75,23.329999923706055,23.3799991607666,887500.0
WEAT,2026-06-01,23.469999313354492,23.649999618530273,23.260000228881836,23.309999465942383,605700.0
WEAT,2026-06-02,23.100000381469727,23.200000762939453,23.010000228881836,23.149999618530273,517100.0
WEAT,2026-06-03,23.239999771118164,23.329999923706055,22.6299991607666,22.670000076293945,1043100.0
WEAT,2026-06-04,22.709999084472656,22.75,22.3700008392334,22.469999313354492,540400.0
WEAT,2026-06-05,22.469999313354492,22.549999237060547,22.25,22.280000686645508,802300.0
WEAT,2026-06-08,22.260000228881836,22.59000015258789,22.239999771118164,22.350000381469727,379800.0
WEAT,2026-06-09,22.600000381469727,22.770000457763672,22.3700008392334,22.3799991607666,515100.0
WEAT,2026-06-10,22.690000534057617,22.729999542236328,22.479999542236328,22.540000915527344,542500.0
WEAT,2026-06-11,22.520000457763672,22.68000030517578,22.34000015258789,22.43000030517578,615400.0
WEAT,2026-06-12,22.34000015258789,22.649999618530273,22.329999923706055,22.34000015258789,548200.0
WEAT,2026-06-15,21.940000534057617,22.549999237060547,21.920000076293945,22.540000915527344,775700.0
WEAT,2026-06-16,22.6200008392334,23.0,22.610000610351562,22.75,446500.0
WEAT,2026-06-17,23.06999969482422,23.219999313354492,22.979999542236328,23.200000762939453,313500.0
WEAT,2026-06-18,23.09000015258789,23.149999618530273,22.8700008392334,22.940000534057617,382300.0
WEAT,2026-06-22,22.799999237060547,22.940000534057617,22.729999542236328,22.75,344700.0
WEAT,2026-06-23,22.709999084472656,22.729999542236328,22.40999984741211,22.420000076293945,367200.0
WEAT,2026-06-24,22.489999771118164,22.770000457763672,22.350000381469727,22.360000610351562,379000.0
WEAT,2026-06-25,22.270000457763672,22.579999923706055,22.170000076293945,22.559999465942383,432400.0
WEAT,2026-06-26,22.209999084472656,22.34000015258789,22.030000686645508,22.170000076293945,305200.0
WEAT,2026-06-29,22.149999618530273,22.200000762939453,21.780000686645508,21.809999465942383,413900.0
WEAT,2026-06-30,21.920000076293945,22.309999465942383,21.639999389648438,22.030000686645508,632100.0
WEAT,2026-07-01,22.3799991607666,22.670000076293945,22.350000381469727,22.399999618530273,307900.0
WEAT,2026-07-02,22.510000228881836,22.649999618530273,22.3700008392334,22.40999984741211,324400.0
WEAT,2026-07-06,22.729999542236328,22.969999313354492,22.68000030517578,22.93000030517578,255500.0
WEAT,2026-07-07,22.950000762939453,23.110000610351562,22.8799991607666,23.09000015258789,412400.0
WEAT,2026-07-08,23.18000030517578,23.260000228881836,22.65999984741211,22.700000762939453,257700.0
WEAT,2026-07-09,22.670000076293945,23.139999389648438,22.639999389648438,23.049999237060547,288400.0
WEAT,2026-07-10,23.299999237060547,24.020000457763672,23.299999237060547,23.719999313354492,641900.0
WEAT,2026-07-13,23.760000228881836,23.8799991607666,23.6299991607666,23.65999984741211,267900.0
WEAT,2026-07-14,23.540000915527344,23.989999771118164,23.520000457763672,23.90999984741211,299900.0
WEAT,2026-07-15,24.520000457763672,25.09000015258789,24.520000457763672,24.920000076293945,740200.0
WEAT,2026-07-16,24.8799991607666,25.200000762939453,24.829999923706055,24.920000076293945,519900.0
WEAT,2026-07-17,25.100000381469727,25.309999465942383,24.8700008392334,25.25,633100.0
WEAT,2026-07-20,25.309999465942383,25.31999969482422,24.979999542236328,24.989999771118164,502200.0
WEAT,2026-07-21,24.850000381469727,25.229999542236328,24.780000686645508,25.200000762939453,335700.0
WEAT,2026-07-22,25.739999771118164,26.079999923706055,25.540000915527344,26.0,992300.0
WEAT,2026-07-23,25.959999084472656,26.0,25.59000015258789,25.6299991607666,438300.0
WEAT,2026-07-24,25.0,25.229999542236328,24.530000686645508,25.219999313354492,1042900.0
WEAT,2026-07-27,25.030000686645508,25.09000015258789,24.479999542236328,24.520000457763672,674900.0
WEAT,2026-07-28,24.3799991607666,24.670000076293945,24.31999969482422,24.6200008392334,491100.0
WEAT,2026-07-29,24.639999389648438,24.65999984741211,24.440000534057617,24.5,290400.0
WEAT,2026-07-30,24.899999618530273,25.1200008392334,24.610000610351562,24.6200008392334,322400.0
WEAT,2026-07-31,24.3700008392334,24.3799991607666,23.709999084472656,23.809999465942383,1077000.0
WEAT,2026-08-03,23.860000610351562,24.329999923706055,23.739999771118164,24.260000228881836,431200.0
WEAT,2026-08-04,23.899999618530273,24.0,23.770000457763672,23.860000610351562,833400.0
WEAT,2026-08-05,24.110000610351562,24.270000457763672,23.959999084472656,24.059999465942383,322700.0
WEAT,2026-08-06,24.059999465942383,24.059999465942383,23.540000915527344,23.719999313354492,284200.0
WEAT,2026-08-07,23.850000381469727,24.1299991607666,23.84000015258789,23.90999984741211,250100.0
WEAT,2026-08-10,24.299999237060547,24.350000381469727,24.0,24.010000228881836,231800.0
WEAT,2026-08-11,23.81999969482422,23.889999389648438,23.59000015258789,23.709999084472656,415800.0
WEAT,2026-08-12,24.1299991607666,24.450000762939453,24.1299991607666,24.360000610351562,798300.0
WEAT,2026-08-13,24.399999618530273,24.719999313354492,24.139999389648438,24.31999969482422,482700.0
WEAT,2026-08-14,24.65999984741211,25.079999923706055,24.65999984741211,24.969999313354492,521900.0
WEAT,2026-08-17,24.90999984741211,25.139999389648438,24.780000686645508,25.0,454900.0
WEAT,2026-08-18,25.100000381469727,25.170000076293945,24.690000534057617,24.709999084472656,449900.0
WEAT,2026-08-19,24.809999465942383,25.450000762939453,24.809999465942383,25.34000015258789,536800.0
WEAT,2026-08-20,25.530000686645508,25.700000762939453,25.290000915527344,25.3799991607666,534200.0
WEAT,2026-08-21,25.3700008392334,25.469999313354492,25.190000534057617,25.40999984741211,385300.0
WEAT,2026-08-24,25.739999771118164,25.739999771118164,25.329999923706055,25.479999542236328,789100.0
WEAT,2026-08-25,25.110000610351562,25.65999984741211,25.049999237060547,25.6299991607666,444900.0
WEAT,2026-08-26,25.989999771118164,27.040000915527344,25.81999969482422,26.989999771118164,1530700.0
WEAT,2026-08-27,26.899999618530273,27.399999618530273,26.799999237060547,27.219999313354492,1539100.0
WEAT,2026-08-28,27.600000381469727,28.190000534057617,27.489999771118164,28.0,1289600.0
WEAT,2026-08-31,27.280000686645508,27.81999969482422,27.190000534057617,27.809999465942383,2104500.0
WEAT,2026-09-01,27.799999237060547,28.190000534057617,27.799999237060547,28.0,712300.0
WEAT,2026-09-02,27.760000228881836,28.40999984741211,27.729999542236328,27.860000610351562,556700.0
WEAT,2026-09-03,26.809999465942383,27.239999771118164,26.440000534057617,27.1200008392334,929000.0
WEAT,2026-09-04,26.90999984741211,26.979999542236328,26.459999084472656,26.489999771118164,761300.0
WEAT,2026-09-08,26.920000076293945,26.959999084472656,26.6299991607666,26.959999084472656,586600.0
WEAT,2026-09-09,26.93000030517578,26.93000030517578,26.280000686645508,26.280000686645508,567900.0
WEAT,2026-09-10,26.43000030517578,26.729999542236328,26.170000076293945,26.709999084472656,456200.0
WEAT,2026-09-11,26.600000381469727,26.600000381469727,25.950000762939453,26.25,771000.0
WEAT,2026-09-14,26.440000534057617,26.520000457763672,25.770000457763672,26.170000076293945,821800.0
WEAT,2026-09-15,25.8799991607666,26.43000030517578,25.829999923706055,26.31999969482422,867400.0
WEAT,2026-09-16,26.360000610351562,26.559999465942383,26.229999542236328,26.549999237060547,295600.0
WEAT,2026-09-17,26.149999618530273,26.40999984741211,26.010000228881836,26.239999771118164,570800.0
CORN,2024-09-19,18.079999923706055,18.079999923706055,17.8799991607666,17.920000076293945,109300.0
CORN,2024-09-20,17.920000076293945,17.920000076293945,17.729999542236328,17.739999771118164,137900.0
CORN,2024-09-23,17.950000762939453,18.190000534057617,17.950000762939453,18.170000076293945,72900.0
CORN,2024-09-24,18.270000457763672,18.350000381469727,18.079999923706055,18.170000076293945,43600.0
CORN,2024-09-25,18.170000076293945,18.239999771118164,18.09000015258789,18.229999542236328,60400.0
CORN,2024-09-26,18.290000915527344,18.329999923706055,18.1299991607666,18.149999618530273,65300.0
CORN,2024-09-27,18.139999389648438,18.329999923706055,18.100000381469727,18.270000457763672,42600.0
CORN,2024-09-30,18.25,18.610000610351562,18.239999771118164,18.489999771118164,94400.0
CORN,2024-10-01,18.399999618530273,18.780000686645508,18.399999618530273,18.670000076293945,60600.0
CORN,2024-10-02,18.770000457763672,18.850000381469727,18.700000762939453,18.780000686645508,81900.0
CORN,2024-10-03,18.709999084472656,18.760000228881836,18.600000381469727,18.639999389648438,59300.0
CORN,2024-10-04,18.579999923706055,18.579999923706055,18.420000076293945,18.469999313354492,68000.0
CORN,2024-10-07,18.469999313354492,18.559999465942383,18.399999618530273,18.549999237060547,30100.0
CORN,2024-10-08,18.450000762939453,18.530000686645508,18.309999465942383,18.3799991607666,155800.0
CORN,2024-10-09,18.350000381469727,18.440000534057617,18.34000015258789,18.3700008392334,56600.0
CORN,2024-10-10,18.329999923706055,18.40999984741211,18.260000228881836,18.299999237060547,52500.0
CORN,2024-10-11,18.280000686645508,18.399999618530273,18.18000030517578,18.229999542236328,66100.0
CORN,2024-10-14,18.079999923706055,18.09000015258789,17.81999969482422,17.829999923706055,94600.0
CORN,2024-10-15,17.719999313354492,17.75,17.559999465942383,17.56999969482422,72500.0
CORN,2024-10-16,17.670000076293945,17.770000457763672,17.600000381469727,17.700000762939453,175200.0
CORN,2024-10-17,17.6200008392334,17.729999542236328,17.450000762939453,17.690000534057617,101900.0
CORN,2024-10-18,17.770000457763672,17.770000457763672,17.549999237060547,17.579999923706055,68000.0
CORN,2024-10-21,17.56999969482422,17.809999465942383,17.56999969482422,17.700000762939453,75000.0
CORN,2024-10-22,17.690000534057617,17.969999313354492,17.690000534057617,17.940000534057617,102500.0
CORN,2024-10-23,17.959999084472656,18.100000381469727,17.899999618530273,18.059999465942383,78300.0
CORN,2024-10-24,18.15999984741211,18.209999084472656,18.059999465942383,18.149999618530273,107100.0
CORN,2024-10-25,18.09000015258789,18.09000015258789,17.93000030517578,17.959999084472656,68800.0
CORN,2024-10-28,17.93000030517578,17.93000030517578,17.780000686645508,17.809999465942383,44800.0
CORN,2024-10-29,17.81999969482422,17.940000534057617,17.81999969482422,17.899999618530273,34000.0
CORN,2024-10-30,17.860000610351562,17.90999984741211,17.809999465942383,17.850000381469727,23300.0
CORN,2024-10-31,17.829999923706055,17.940000534057617,17.829999923706055,17.889999389648438,50800.0
CORN,2024-11-01,17.93000030517578,18.040000915527344,17.889999389648438,17.950000762939453,48400.0
CORN,2024-11-04,17.979999542236328,18.06999969482422,17.90999984741211,17.93000030517578,61600.0
CORN,2024-11-05,18.010000228881836,18.059999465942383,17.959999084472656,18.030000686645508,39800.0
CORN,2024-11-06,17.850000381469727,18.299999237060547,17.850000381469727,18.260000228881836,68100.0
CORN,2024-11-07,18.309999465942383,18.389999389648438,18.15999984741211,18.3799991607666,67400.0
CORN,2024-11-08,18.399999618530273,18.56999969482422,18.31999969482422,18.479999542236328,78900.0
CORN,2024-11-11,18.389999389648438,18.420000076293945,18.219999313354492,18.350000381469727,78300.0
CORN,2024-11-12,18.389999389648438,18.399999618530273,18.18000030517578,18.25,26000.0
CORN,2024-11-13,18.209999084472656,18.270000457763672,18.06999969482422,18.1299991607666,40400.0
CORN,2024-11-14,18.100000381469727,18.100000381469727,17.8700008392334,17.920000076293945,51300.0
CORN,2024-11-15,17.899999618530273,18.149999618530273,17.889999389648438,18.06999969482422,48000.0
CORN,2024-11-18,18.0,18.229999542236328,18.0,18.209999084472656,42500.0
CORN,2024-11-19,18.219999313354492,18.299999237060547,18.1299991607666,18.15999984741211,29800.0
CORN,2024-11-20,18.09000015258789,18.299999237060547,18.059999465942383,18.290000915527344,26100.0
CORN,2024-11-21,18.25,18.25,18.030000686645508,18.079999923706055,34700.0
CORN,2024-11-22,18.149999618530273,18.15999984741211,18.020000457763672,18.06999969482422,24500.0
CORN,2024-11-25,17.969999313354492,18.06999969482422,17.899999618530273,17.920000076293945,27900.0
CORN,2024-11-26,17.920000076293945,17.920000076293945,17.690000534057617,17.770000457763672,70200.0
CORN,2024-11-27,17.780000686645508,17.84000015258789,17.729999542236328,17.739999771118164,29900.0
CORN,2024-11-29,17.709999084472656,17.899999618530273,17.709999084472656,17.8700008392334,10000.0
CORN,2024-12-02,17.760000228881836,17.979999542236328,17.760000228881836,17.920000076293945,15500.0
CORN,2024-12-03,17.969999313354492,17.989999771118164,17.829999923706055,17.8799991607666,39200.0
CORN,2024-12-04,17.780000686645508,17.889999389648438,17.760000228881836,17.760000228881836,23700.0
CORN,2024-12-05,17.75,18.0,17.75,18.0,28100.0
CORN,2024-12-06,18.0,18.190000534057617,18.0,18.18000030517578,44500.0
CORN,2024-12-09,18.18000030517578,18.239999771118164,18.110000610351562,18.239999771118164,27100.0
CORN,2024-12-10,18.219999313354492,18.5,18.219999313354492,18.5,40300.0
CORN,2024-12-11,18.5,18.579999923706055,18.469999313354492,18.479999542236328,49200.0
CORN,2024-12-12,18.459999084472656,18.479999542236328,18.31999969482422,18.3799991607666,50100.0
CORN,2024-12-13,18.260000228881836,18.329999923706055,18.190000534057617,18.260000228881836,49100.0
CORN,2024-12-16,18.360000610351562,18.360000610351562,18.260000228881836,18.360000610351562,55500.0
CORN,2024-12-17,18.260000228881836,18.309999465942383,18.18000030517578,18.280000686645508,114600.0
CORN,2024-12-18,18.280000686645508,18.350000381469727,18.0,18.030000686645508,215100.0
CORN,2024-12-19,18.0,18.139999389648438,17.940000534057617,18.09000015258789,44300.0
CORN,2024-12-20,18.149999618530273,18.34000015258789,18.149999618530273,18.260000228881836,66500.0
CORN,2024-12-23,18.389999389648438,18.389999389648438,18.260000228881836,18.3700008392334,56400.0
CORN,2024-12-24,18.3700008392334,18.389999389648438,18.329999923706055,18.360000610351562,20400.0
CORN,2024-12-26,18.440000534057617,18.639999389648438,18.399999618530273,18.6299991607666,62100.0
CORN,2024-12-27,18.559999465942383,18.639999389648438,18.559999465942383,18.56999969482422,39300.0
CORN,2024-12-30,18.75,18.780000686645508,18.440000534057617,18.579999923706055,78000.0
CORN,2024-12-31,18.59000015258789,18.799999237060547,18.59000015258789,18.770000457763672,51300.0
CORN,2025-01-02,18.739999771118164,18.889999389648438,18.700000762939453,18.889999389648438,73700.0
CORN,2025-01-03,18.760000228881836,18.760000228881836,18.469999313354492,18.520000457763672,144900.0
CORN,2025-01-06,18.780000686645508,18.860000610351562,18.729999542236328,18.780000686645508,75300.0
CORN,2025-01-07,18.6299991607666,18.81999969482422,18.600000381469727,18.780000686645508,44500.0
CORN,2025-01-08,18.68000030517578,18.780000686645508,18.649999618530273,18.649999618530273,40600.0
CORN,2025-01-10,18.729999542236328,19.280000686645508,18.729999542236328,19.229999542236328,272100.0
CORN,2025-01-13,19.309999465942383,19.510000228881836,19.299999237060547,19.5,218500.0
CORN,2025-01-14,19.450000762939453,19.6299991607666,19.399999618530273,19.43000030517578,57100.0
CORN,2025-01-15,19.520000457763672,19.559999465942383,19.5,19.549999237060547,85700.0
CORN,2025-01-16,19.360000610351562,19.43000030517578,19.25,19.280000686645508,180300.0
CORN,2025-01-17,19.420000076293945,19.649999618530273,19.3799991607666,19.6200008392334,82300.0
CORN,2025-01-21,19.709999084472656,19.889999389648438,19.600000381469727,19.860000610351562,106700.0
CORN,2025-01-22,19.860000610351562,19.93000030517578,19.6299991607666,19.700000762939453,86900.0
CORN,2025-01-23,19.700000762939453,20.059999465942383,19.549999237060547,19.90999984741211,128200.0
CORN,2025-01-24,19.799999237060547,19.920000076293945,19.760000228881836,19.760000228881836,87400.0
CORN,2025-01-27,19.610000610351562,19.690000534057617,19.479999542236328,19.6299991607666,79300.0
CORN,2025-01-28,19.760000228881836,19.940000534057617,19.729999542236328,19.790000915527344,63400.0
CORN,2025-01-29,19.950000762939453,20.190000534057617,19.950000762939453,20.18000030517578,77000.0
CORN,2025-01-30,20.100000381469727,20.100000381469727,19.969999313354492,20.049999237060547,49300.0
CORN,2025-01-31,19.719999313354492,19.90999984741211,19.610000610351562,19.790000915527344,107300.0
CORN,2025-02-03,19.510000228881836,20.059999465942383,19.5,19.989999771118164,75300.0
CORN,2025-02-04,20.040000915527344,20.229999542236328,19.989999771118164,20.149999618530273,98800.0
CORN,2025-02-05,20.170000076293945,20.200000762939453,20.040000915527344,20.170000076293945,80200.0
CORN,2025-02-06,20.1299991607666,20.290000915527344,19.940000534057617,20.280000686645508,285600.0
CORN,2025-02-07,20.18000030517578,20.18000030517578,19.950000762939453,19.969999313354492,210100.0
CORN,2025-02-10,20.059999465942383,20.190000534057617,20.0,20.170000076293945,52900.0
CORN,2025-02-11,20.25,20.350000381469727,19.950000762939453,20.010000228881836,68900.0
CORN,2025-02-12,20.030000686645508,20.25,20.010000228881836,20.200000762939453,115100.0
CORN,2025-02-13,20.149999618530273,20.270000457763672,20.1200008392334,20.219999313354492,80700.0
CORN,2025-02-14,20.219999313354492,20.43000030517578,20.219999313354492,20.31999969482422,56300.0
CORN,2025-02-18,20.389999389648438,20.65999984741211,20.389999389648438,20.600000381469727,168200.0
CORN,2025-02-19,20.600000381469727,20.690000534057617,20.420000076293945,20.469999313354492,70400.0
CORN,2025-02-20,20.610000610351562,20.65999984741211,20.5,20.540000915527344,28800.0
CORN,2025-02-21,20.43000030517578,20.530000686645508,20.229999542236328,20.239999771118164,63000.0
CORN,2025-02-24,20.1299991607666,20.239999771118164,19.940000534057617,19.969999313354492,148800.0
CORN,2025-02-25,19.84000015258789,19.979999542236328,19.709999084472656,19.940000534057617,236700.0
CORN,2025-02-26,19.969999313354492,20.110000610351562,19.829999923706055,19.8700008392334,89700.0
CORN,2025-02-27,19.790000915527344,19.809999465942383,19.43000030517578,19.43000030517578,94400.0
CORN,2025-02-28,19.5,19.5,19.049999237060547,19.06999969482422,122300.0
CORN,2025-03-03,19.0,19.09000015258789,18.6299991607666,18.68000030517578,252000.0
CORN,2025-03-04,18.420000076293945,18.639999389648438,18.209999084472656,18.520000457763672,218200.0
CORN,2025-03-05,18.56999969482422,18.709999084472656,18.360000610351562,18.649999618530273,80000.0
CORN,2025-03-06,18.639999389648438,19.15999984741211,18.459999084472656,18.8799991607666,132700.0
CORN,2025-03-07,18.889999389648438,19.110000610351562,18.770000457763672,19.06999969482422,87300.0
CORN,2025-03-10,19.110000610351562,19.239999771118164,19.0,19.18000030517578,69100.0
CORN,2025-03-11,19.209999084472656,19.329999923706055,19.040000915527344,19.059999465942383,43900.0
CORN,2025-03-12,18.940000534057617,18.950000762939453,18.600000381469727,18.780000686645508,76200.0
CORN,2025-03-13,18.8700008392334,19.059999465942383,18.8700008392334,18.889999389648438,36000.0
CORN,2025-03-14,18.93000030517578,18.93000030517578,18.75,18.829999923706055,23300.0
CORN,2025-03-17,18.940000534057617,19.020000457763672,18.8799991607666,18.959999084472656,49700.0
CORN,2025-03-18,19.030000686645508,19.030000686645508,18.81999969482422,18.889999389648438,89600.0
CORN,2025-03-19,18.829999923706055,18.969999313354492,18.829999923706055,18.8700008392334,199700.0
CORN,2025-03-20,18.920000076293945,19.020000457763672,18.90999984741211,18.979999542236328,15900.0
CORN,2025-03-21,18.979999542236328,19.059999465942383,18.829999923706055,18.8799991607666,44500.0
CORN,2025-03-24,18.899999618530273,18.93000030517578,18.790000915527344,18.93000030517578,95600.0
CORN,2025-03-25,18.799999237060547,18.799999237060547,18.709999084472656,18.770000457763672,48800.0
CORN,2025-03-26,18.799999237060547,18.799999237060547,18.510000228881836,18.559999465942383,50000.0
CORN,2025-03-27,18.489999771118164,18.520000457763672,18.360000610351562,18.510000228881836,41300.0
CORN,2025-03-28,18.360000610351562,18.489999771118164,18.209999084472656,18.459999084472656,39600.0
CORN,2025-03-31,18.510000228881836,18.579999923706055,18.170000076293945,18.559999465942383,77800.0
CORN,2025-04-01,18.670000076293945,18.790000915527344,18.670000076293945,18.719999313354492,67400.0
CORN,2025-04-02,18.600000381469727,18.760000228881836,18.549999237060547,18.700000762939453,46400.0
CORN,2025-04-03,18.489999771118164,18.780000686645508,18.399999618530273,18.68000030517578,91000.0
CORN,2025-04-04,18.489999771118164,18.780000686645508,18.3700008392334,18.739999771118164,52700.0
CORN,2025-04-07,18.559999465942383,18.8799991607666,18.559999465942383,18.719999313354492,103900.0
CORN,2025-04-08,18.81999969482422,18.93000030517578,18.709999084472656,18.739999771118164,53400.0
CORN,2025-04-09,18.899999618530273,19.049999237060547,18.75,19.049999237060547,111000.0
CORN,2025-04-10,19.010000228881836,19.299999237060547,18.979999542236328,19.18000030517578,132700.0
CORN,2025-04-11,19.3799991607666,19.639999389648438,19.309999465942383,19.579999923706055,339500.0
CORN,2025-04-14,19.6299991607666,19.700000762939453,19.420000076293945,19.420000076293945,185400.0
CORN,2025-04-15,19.579999923706055,19.649999618530273,19.440000534057617,19.5,142800.0
CORN,2025-04-16,19.65999984741211,19.709999084472656,19.549999237060547,19.579999923706055,42200.0
CORN,2025-04-17,19.6200008392334,19.68000030517578,19.530000686645508,19.579999923706055,59100.0
CORN,2025-04-21,19.760000228881836,19.760000228881836,19.489999771118164,19.510000228881836,61100.0
CORN,2025-04-22,19.34000015258789,19.3700008392334,19.200000762939453,19.229999542236328,109300.0
CORN,2025-04-23,19.079999923706055,19.15999984741211,19.010000228881836,19.09000015258789,48200.0
CORN,2025-04-24,19.100000381469727,19.190000534057617,19.049999237060547,19.1299991607666,37300.0
CORN,2025-04-25,19.170000076293945,19.239999771118164,19.110000610351562,19.170000076293945,122400.0
CORN,2025-04-28,18.899999618530273,19.100000381469727,18.81999969482422,18.979999542236328,78600.0
CORN,2025-04-29,18.959999084472656,19.020000457763672,18.649999618530273,18.649999618530273,69800.0
CORN,2025-04-30,18.600000381469727,18.8700008392334,18.600000381469727,18.739999771118164,56300.0
CORN,2025-05-01,18.8700008392334,18.8700008392334,18.639999389648438,18.780000686645508,88100.0
CORN,2025-05-02,18.850000381469727,18.989999771118164,18.760000228881836,18.809999465942383,52300.0
CORN,2025-05-05,18.719999313354492,18.75,18.360000610351562,18.3700008392334,89700.0
CORN,2025-05-06,18.420000076293945,18.440000534057617,18.299999237060547,18.3700008392334,100300.0
CORN,2025-05-07,18.489999771118164,18.559999465942383,18.229999542236328,18.270000457763672,182100.0
CORN,2025-05-08,18.299999237060547,18.299999237060547,18.020000457763672,18.15999984741211,41700.0
CORN,2025-05-09,18.200000762939453,18.420000076293945,18.18000030517578,18.239999771118164,145000.0
CORN,2025-05-12,18.450000762939453,18.600000381469727,18.299999237060547,18.299999237060547,121600.0
CORN,2025-05-13,18.260000228881836,18.290000915527344,18.110000610351562,18.18000030517578,34600.0
CORN,2025-05-14,18.09000015258789,18.229999542236328,18.06999969482422,18.1299991607666,52200.0
CORN,2025-05-15,18.209999084472656,18.209999084472656,18.0,18.110000610351562,52400.0
CORN,2025-05-16,18.040000915527344,18.09000015258789,17.899999618530273,17.940000534057617,81200.0
CORN,2025-05-19,18.059999465942383,18.260000228881836,17.979999542236328,18.190000534057617,86100.0
CORN,2025-05-20,18.399999618530273,18.5,18.34000015258789,18.5,84600.0
CORN,2025-05-21,18.540000915527344,18.739999771118164,18.530000686645508,18.709999084472656,43100.0
CORN,2025-05-22,18.700000762939453,18.739999771118164,18.56999969482422,18.610000610351562,25500.0
CORN,2025-05-23,18.6299991607666,18.6299991607666,18.459999084472656,18.520000457763672,23000.0
CORN,2025-05-27,18.5,18.639999389648438,18.329999923706055,18.3799991607666,36400.0
CORN,2025-05-28,18.43000030517578,18.59000015258789,18.239999771118164,18.239999771118164,25500.0
CORN,2025-05-29,18.200000762939453,18.299999237060547,18.110000610351562,18.15999984741211,34300.0
CORN,2025-05-30,18.209999084472656,18.309999465942383,18.040000915527344,18.1200008392334,23800.0
CORN,2025-06-02,18.170000076293945,18.25,18.0,18.020000457763672,134100.0
CORN,2025-06-03,18.079999923706055,18.219999313354492,18.06999969482422,18.209999084472656,46400.0
CORN,2025-06-04,18.299999237060547,18.399999618530273,18.200000762939453,18.3799991607666,36100.0
CORN,2025-06-05,18.3799991607666,18.549999237060547,18.3700008392334,18.5,42800.0
CORN,2025-06-06,18.530000686645508,18.6200008392334,18.399999618530273,18.6200008392334,67400.0
CORN,2025-06-09,18.459999084472656,18.530000686645508,18.190000534057617,18.260000228881836,81500.0
CORN,2025-06-10,18.229999542236328,18.299999237060547,18.110000610351562,18.270000457763672,25700.0
CORN,2025-06-11,18.40999984741211,18.489999771118164,18.229999542236328,18.260000228881836,36500.0
CORN,2025-06-12,18.360000610351562,18.3799991607666,18.200000762939453,18.309999465942383,21800.0
CORN,2025-06-13,18.219999313354492,18.440000534057617,18.219999313354492,18.389999389648438,54200.0
CORN,2025-06-16,18.229999542236328,18.239999771118164,18.059999465942383,18.09000015258789,62700.0
CORN,2025-06-17,18.149999618530273,18.299999237060547,18.149999618530273,18.229999542236328,25400.0
CORN,2025-06-18,18.170000076293945,18.489999771118164,18.170000076293945,18.399999618530273,42600.0
CORN,2025-06-20,18.440000534057617,18.489999771118164,18.290000915527344,18.34000015258789,24900.0
CORN,2025-06-23,18.219999313354492,18.219999313354492,17.950000762939453,17.959999084472656,50000.0
CORN,2025-06-24,17.940000534057617,17.989999771118164,17.770000457763672,17.84000015258789,89300.0
CORN,2025-06-25,17.889999389648438,17.889999389648438,17.530000686645508,17.600000381469727,78400.0
CORN,2025-06-26,17.670000076293945,17.670000076293945,17.510000228881836,17.559999465942383,68100.0
CORN,2025-06-27,17.700000762939453,17.799999237060547,17.59000015258789,17.719999313354492,20900.0
CORN,2025-06-30,17.639999389648438,17.809999465942383,17.6200008392334,17.700000762939453,50600.0
CORN,2025-07-01,17.549999237060547,17.690000534057617,17.239999771118164,17.579999923706055,42300.0
CORN,2025-07-02,17.520000457763672,18.020000457763672,17.459999084472656,18.010000228881836,59600.0
CORN,2025-07-03,18.1299991607666,18.270000457763672,18.110000610351562,18.15999984741211,33600.0
CORN,2025-07-07,17.690000534057617,17.829999923706055,17.520000457763672,17.540000915527344,74900.0
CORN,2025-07-08,17.459999084472656,17.489999771118164,17.290000915527344,17.34000015258789,57900.0
CORN,2025-07-09,17.34000015258789,17.389999389648438,17.260000228881836,17.389999389648438,40600.0
CORN,2025-07-10,17.34000015258789,17.399999618530273,17.270000457763672,17.389999389648438,23500.0
CORN,2025-07-11,17.360000610351562,17.40999984741211,17.209999084472656,17.270000457763672,39500.0
CORN,2025-07-14,17.350000381469727,17.459999084472656,17.299999237060547,17.459999084472656,32100.0
CORN,2025-07-15,17.299999237060547,17.649999618530273,17.25,17.510000228881836,23700.0
CORN,2025-07-16,17.6200008392334,17.690000534057617,17.559999465942383,17.6299991607666,13900.0
CORN,2025-07-17,17.729999542236328,17.739999771118164,17.5,17.549999237060547,46200.0
CORN,2025-07-18,17.65999984741211,17.860000610351562,17.65999984741211,17.809999465942383,26800.0
CORN,2025-07-21,17.709999084472656,17.799999237060547,17.520000457763672,17.579999923706055,54000.0
CORN,2025-07-22,17.469999313354492,17.56999969482422,17.459999084472656,17.459999084472656,23800.0
CORN,2025-07-23,17.520000457763672,17.520000457763672,17.420000076293945,17.469999313354492,26100.0
CORN,2025-07-24,17.489999771118164,17.59000015258789,17.489999771118164,17.56999969482422,13000.0
CORN,2025-07-25,17.479999542236328,17.530000686645508,17.459999084472656,17.489999771118164,26900.0
CORN,2025-07-28,17.450000762939453,17.469999313354492,17.290000915527344,17.329999923706055,32300.0
CORN,2025-07-29,17.290000915527344,17.299999237060547,17.15999984741211,17.200000762939453,34000.0
CORN,2025-07-30,17.200000762939453,17.350000381469727,17.149999618530273,17.25,21700.0
CORN,2025-07-31,17.149999618530273,17.31999969482422,17.110000610351562,17.260000228881836,18300.0
CORN,2025-08-01,17.25,17.299999237060547,17.170000076293945,17.170000076293945,10500.0
CORN,2025-08-04,17.15999984741211,17.219999313354492,17.079999923706055,17.1200008392334,21900.0
CORN,2025-08-05,17.100000381469727,17.100000381469727,16.899999618530273,16.899999618530273,103800.0
CORN,2025-08-06,16.920000076293945,17.030000686645508,16.719999313354492,16.920000076293945,60700.0
CORN,2025-08-07,17.030000686645508,17.09000015258789,16.989999771118164,17.079999923706055,46300.0
CORN,2025-08-08,17.1200008392334,17.18000030517578,17.0,17.040000915527344,33600.0
CORN,2025-08-11,17.100000381469727,17.18000030517578,17.100000381469727,17.139999389648438,20400.0
CORN,2025-08-12,16.989999771118164,17.020000457763672,16.610000610351562,16.709999084472656,70400.0
CORN,2025-08-13,16.81999969482422,16.850000381469727,16.670000076293945,16.799999237060547,41700.0
CORN,2025-08-14,16.65999984741211,16.84000015258789,16.649999618530273,16.770000457763672,21700.0
CORN,2025-08-15,16.899999618530273,17.100000381469727,16.860000610351562,17.09000015258789,51900.0
CORN,2025-08-18,16.979999542236328,17.149999618530273,16.979999542236328,17.100000381469727,318700.0
CORN,2025-08-19,17.0,17.100000381469727,16.850000381469727,16.989999771118164,39600.0
CORN,2025-08-20,17.0,17.09000015258789,17.0,17.06999969482422,41400.0
CORN,2025-08-21,17.149999618530273,17.360000610351562,17.100000381469727,17.309999465942383,364500.0
CORN,2025-08-22,17.299999237060547,17.350000381469727,17.25,17.299999237060547,66800.0
CORN,2025-08-25,17.3700008392334,17.469999313354492,17.270000457763672,17.350000381469727,39900.0
CORN,2025-08-26,17.280000686645508,17.290000915527344,17.170000076293945,17.219999313354492,61500.0
CORN,2025-08-27,17.170000076293945,17.170000076293945,17.09000015258789,17.100000381469727,43700.0
CORN,2025-08-28,17.100000381469727,17.280000686645508,17.020000457763672,17.260000228881836,77700.0
CORN,2025-08-29,17.280000686645508,17.600000381469727,17.280000686645508,17.56999969482422,129300.0
CORN,2025-09-02,17.489999771118164,17.739999771118164,17.43000030517578,17.719999313354492,127500.0
CORN,2025-09-03,17.6299991607666,17.739999771118164,17.479999542236328,17.559999465942383,90600.0
CORN,2025-09-04,17.530000686645508,17.649999618530273,17.3799991607666,17.639999389648438,47800.0
CORN,2025-09-05,17.690000534057617,17.75,17.510000228881836,17.530000686645508,41200.0
CORN,2025-09-08,17.5,17.670000076293945,17.450000762939453,17.65999984741211,70600.0
CORN,2025-09-09,17.549999237060547,17.670000076293945,17.549999237060547,17.579999923706055,30000.0
CORN,2025-09-10,17.559999465942383,17.600000381469727,17.420000076293945,17.469999313354492,50500.0
CORN,2025-09-11,17.559999465942383,17.65999984741211,17.510000228881836,17.600000381469727,24100.0
CORN,2025-09-12,17.6299991607666,17.959999084472656,17.530000686645508,17.899999618530273,98900.0
CORN,2025-09-15,17.850000381469727,17.920000076293945,17.75,17.780000686645508,230400.0
CORN,2025-09-16,17.889999389648438,18.0,17.860000610351562,17.959999084472656,182900.0
CORN,2025-09-17,18.0,18.020000457763672,17.84000015258789,17.8799991607666,103700.0
CORN,2025-09-18,17.8700008392334,17.8700008392334,17.739999771118164,17.739999771118164,48900.0
CORN,2025-09-19,17.799999237060547,17.899999618530273,17.670000076293945,17.739999771118164,34300.0
CORN,2025-09-22,17.59000015258789,17.709999084472656,17.520000457763672,17.610000610351562,69200.0
CORN,2025-09-23,17.6200008392334,17.770000457763672,17.6200008392334,17.75,32700.0
CORN,2025-09-24,17.809999465942383,17.84000015258789,17.690000534057617,17.719999313354492,50300.0
CORN,2025-09-25,17.829999923706055,17.850000381469727,17.700000762939453,17.719999313354492,60500.0
CORN,2025-09-26,17.690000534057617,17.690000534057617,17.600000381469727,17.6200008392334,56100.0
CORN,2025-09-29,17.56999969482422,17.65999984741211,17.540000915527344,17.6299991607666,46800.0
CORN,2025-09-30,17.549999237060547,17.56999969482422,17.40999984741211,17.450000762939453,59800.0
CORN,2025-10-01,17.31999969482422,17.600000381469727,17.299999237060547,17.549999237060547,49500.0
CORN,2025-10-02,17.5,17.709999084472656,17.489999771118164,17.670000076293945,97300.0
CORN,2025-10-03,17.649999618530273,17.709999084472656,17.59000015258789,17.610000610351562,43900.0
CORN,2025-10-06,17.600000381469727,17.649999618530273,17.510000228881836,17.600000381469727,31900.0
CORN,2025-10-07,17.59000015258789,17.65999984741211,17.510000228881836,17.510000228881836,20100.0
CORN,2025-10-08,17.56999969482422,17.600000381469727,17.540000915527344,17.579999923706055,40100.0
CORN,2025-10-09,17.530000686645508,17.56999969482422,17.450000762939453,17.450000762939453,33200.0
CORN,2025-10-10,17.40999984741211,17.40999984741211,17.260000228881836,17.299999237060547,85200.0
CORN,2025-10-13,17.270000457763672,17.31999969482422,17.219999313354492,17.219999313354492,60100.0
CORN,2025-10-14,17.190000534057617,17.299999237060547,17.190000534057617,17.260000228881836,44800.0
CORN,2025-10-15,17.260000228881836,17.450000762939453,17.229999542236328,17.420000076293945,30800.0
CORN,2025-10-16,17.389999389648438,17.559999465942383,17.3799991607666,17.510000228881836,40600.0
CORN,2025-10-17,17.59000015258789,17.610000610351562,17.520000457763672,17.540000915527344,27600.0
CORN,2025-10-20,17.56999969482422,17.579999923706055,17.469999313354492,17.56999969482422,29400.0
CORN,2025-10-21,17.510000228881836,17.549999237060547,17.40999984741211,17.459999084472656,46200.0
CORN,2025-10-22,17.489999771118164,17.540000915527344,17.440000534057617,17.530000686645508,71700.0
CORN,2025-10-23,17.530000686645508,17.719999313354492,17.469999313354492,17.670000076293945,102800.0
CORN,2025-10-24,17.65999984741211,17.68000030517578,17.59000015258789,17.6200008392334,73200.0
CORN,2025-10-27,17.84000015258789,17.959999084472656,17.770000457763672,17.8700008392334,95000.0
CORN,2025-10-28,17.959999084472656,18.09000015258789,17.84000015258789,17.90999984741211,152300.0
CORN,2025-10-29,17.829999923706055,17.950000762939453,17.81999969482422,17.920000076293945,34200.0
CORN,2025-10-30,17.889999389648438,17.899999618530273,17.719999313354492,17.829999923706055,45500.0
CORN,2025-10-31,17.75,17.850000381469727,17.68000030517578,17.790000915527344,61600.0
CORN,2025-11-03,17.889999389648438,17.989999771118164,17.729999542236328,17.969999313354492,85000.0
CORN,2025-11-04,17.84000015258789,17.8799991607666,17.799999237060547,17.8700008392334,38300.0
CORN,2025-11-05,17.889999389648438,18.049999237060547,17.889999389648438,18.049999237060547,50100.0
CORN,2025-11-06,17.979999542236328,17.979999542236328,17.799999237060547,17.829999923706055,51900.0
CORN,2025-11-07,17.81999969482422,17.8700008392334,17.75,17.770000457763672,39300.0
CORN,2025-11-10,17.850000381469727,17.920000076293945,17.75,17.8799991607666,25000.0
CORN,2025-11-11,17.770000457763672,18.020000457763672,17.770000457763672,18.010000228881836,29700.0
CORN,2025-11-12,17.969999313354492,18.059999465942383,17.940000534057617,18.030000686645508,47900.0
CORN,2025-11-13,18.079999923706055,18.290000915527344,18.020000457763672,18.270000457763672,95100.0
CORN,2025-11-14,18.25,18.290000915527344,17.850000381469727,17.899999618530273,98800.0
CORN,2025-11-17,17.920000076293945,18.100000381469727,17.920000076293945,18.020000457763672,91700.0
CORN,2025-11-18,18.030000686645508,18.100000381469727,17.969999313354492,18.020000457763672,82500.0
CORN,2025-11-19,18.0,18.0,17.729999542236328,17.75,63100.0
CORN,2025-11-20,17.809999465942383,17.809999465942383,17.59000015258789,17.600000381469727,89600.0
CORN,2025-11-21,17.549999237060547,17.649999618530273,17.520000457763672,17.600000381469727,41300.0
CORN,2025-11-24,17.549999237060547,17.649999618530273,17.5,17.59000015258789,44300.0
CORN,2025-11-25,17.6200008392334,17.690000534057617,17.600000381469727,17.639999389648438,27900.0
CORN,2025-11-26,17.75,17.940000534057617,17.700000762939453,17.940000534057617,36400.0
CORN,2025-11-28,17.920000076293945,18.020000457763672,17.84000015258789,17.969999313354492,44700.0
CORN,2025-12-01,17.899999618530273,18.010000228881836,17.8700008392334,17.90999984741211,22400.0
CORN,2025-12-02,17.889999389648438,18.1299991607666,17.81999969482422,18.049999237060547,31000.0
CORN,2025-12-03,17.979999542236328,17.979999542236328,17.809999465942383,17.809999465942383,82100.0
CORN,2025-12-04,17.8799991607666,17.940000534057617,17.760000228881836,17.889999389648438,72700.0
CORN,2025-12-05,17.8700008392334,17.950000762939453,17.850000381469727,17.850000381469727,78600.0
CORN,2025-12-08,17.8700008392334,17.940000534057617,17.790000915527344,17.84000015258789,13600.0
CORN,2025-12-09,17.829999923706055,18.0,17.829999923706055,17.950000762939453,26600.0
CORN,2025-12-10,17.93000030517578,17.93000030517578,17.809999465942383,17.829999923706055,21100.0
CORN,2025-12-11,17.93000030517578,17.959999084472656,17.850000381469727,17.899999618530273,51700.0
CORN,2025-12-12,17.860000610351562,17.920000076293945,17.75,17.75,25400.0
CORN,2025-12-15,17.719999313354492,17.75,17.610000610351562,17.700000762939453,63400.0
CORN,2025-12-16,17.690000534057617,17.690000534057617,17.559999465942383,17.59000015258789,44500.0
CORN,2025-12-17,17.649999618530273,17.729999542236328,17.6200008392334,17.709999084472656,31300.0
CORN,2025-12-18,17.75,17.8700008392334,17.75,17.84000015258789,71200.0
CORN,2025-12-19,17.860000610351562,17.860000610351562,17.780000686645508,17.790000915527344,40200.0
CORN,2025-12-22,17.93000030517578,17.940000534057617,17.8799991607666,17.889999389648438,70100.0
CORN,2025-12-23,17.899999618530273,17.969999313354492,17.899999618530273,17.93000030517578,30100.0
CORN,2025-12-24,18.010000228881836,18.09000015258789,17.989999771118164,18.06999969482422,40200.0
CORN,2025-12-26,18.06999969482422,18.1299991607666,18.059999465942383,18.100000381469727,21500.0
CORN,2025-12-29,17.989999771118164,17.989999771118164,17.799999237060547,17.81999969482422,94000.0
CORN,2025-12-30,17.84000015258789,17.84000015258789,17.719999313354492,17.729999542236328,39900.0
CORN,2025-12-31,17.719999313354492,17.780000686645508,17.700000762939453,17.729999542236328,71700.0
CORN,2026-01-02,17.719999313354492,17.719999313354492,17.59000015258789,17.6299991607666,36400.0
CORN,2026-01-05,17.719999313354492,17.8799991607666,17.719999313354492,17.860000610351562,57600.0
CORN,2026-01-06,17.84000015258789,17.950000762939453,17.790000915527344,17.809999465942383,32200.0
CORN,2026-01-07,17.90999984741211,17.93000030517578,17.860000610351562,17.90999984741211,24100.0
CORN,2026-01-08,17.899999618530273,17.989999771118164,17.899999618530273,17.950000762939453,74300.0
CORN,2026-01-09,17.8799991607666,17.979999542236328,17.8700008392334,17.889999389648438,33300.0
CORN,2026-01-12,17.989999771118164,18.010000228881836,17.100000381469727,17.149999618530273,169700.0
CORN,2026-01-13,17.030000686645508,17.139999389648438,17.0,17.0,60600.0
CORN,2026-01-14,17.149999618530273,17.15999984741211,17.020000457763672,17.09000015258789,44900.0
CORN,2026-01-15,17.1299991607666,17.139999389648438,17.010000228881836,17.049999237060547,45400.0
CORN,2026-01-16,17.059999465942383,17.219999313354492,17.059999465942383,17.18000030517578,28400.0
CORN,2026-01-20,17.149999618530273,17.229999542236328,17.110000610351562,17.18000030517578,43200.0
CORN,2026-01-21,17.270000457763672,17.280000686645508,17.110000610351562,17.149999618530273,19300.0
CORN,2026-01-22,17.15999984741211,17.209999084472656,17.1200008392334,17.190000534057617,62300.0
CORN,2026-01-23,17.290000915527344,17.43000030517578,17.25,17.420000076293945,73400.0
CORN,2026-01-26,17.389999389648438,17.399999618530273,17.329999923706055,17.350000381469727,58200.0
CORN,2026-01-27,17.40999984741211,17.40999984741211,17.280000686645508,17.31999969482422,38500.0
CORN,2026-01-28,17.399999618530273,17.510000228881836,17.399999618530273,17.43000030517578,88300.0
CORN,2026-01-29,17.489999771118164,17.59000015258789,17.420000076293945,17.5,80300.0
CORN,2026-01-30,17.399999618530273,17.479999542236328,17.25,17.479999542236328,54900.0
CORN,2026-02-02,17.329999923706055,17.329999923706055,17.219999313354492,17.280000686645508,47800.0
CORN,2026-02-03,17.3700008392334,17.3799991607666,17.309999465942383,17.3700008392334,49300.0
CORN,2026-02-04,17.350000381469727,17.520000457763672,17.280000686645508,17.389999389648438,79000.0
CORN,2026-02-05,17.3799991607666,17.6200008392334,17.350000381469727,17.600000381469727,57100.0
CORN,2026-02-06,17.56999969482422,17.6299991607666,17.43000030517578,17.5,87500.0
CORN,2026-02-09,17.43000030517578,17.450000762939453,17.350000381469727,17.420000076293945,24000.0
CORN,2026-02-10,17.450000762939453,17.459999084472656,17.40999984741211,17.459999084472656,37900.0
CORN,2026-02-11,17.40999984741211,17.5,17.360000610351562,17.450000762939453,58300.0
CORN,2026-02-12,17.5,17.639999389648438,17.5,17.6200008392334,70500.0
CORN,2026-02-13,17.600000381469727,17.65999984741211,17.579999923706055,17.649999618530273,39000.0
CORN,2026-02-17,17.5,17.520000457763672,17.420000076293945,17.450000762939453,48400.0
CORN,2026-02-18,17.459999084472656,17.489999771118164,17.43000030517578,17.440000534057617,26000.0
CORN,2026-02-19,17.489999771118164,17.489999771118164,17.389999389648438,17.489999771118164,90400.0
CORN,2026-02-20,17.530000686645508,17.6299991607666,17.450000762939453,17.6200008392334,107500.0
CORN,2026-02-23,17.549999237060547,17.790000915527344,17.549999237060547,17.6200008392334,102300.0
CORN,2026-02-24,17.56999969482422,17.6200008392334,17.530000686645508,17.59000015258789,77500.0
CORN,2026-02-25,17.579999923706055,17.709999084472656,17.559999465942383,17.700000762939453,76600.0
CORN,2026-02-26,17.75,17.799999237060547,17.6299991607666,17.739999771118164,93900.0
CORN,2026-02-27,17.889999389648438,17.940000534057617,17.81999969482422,17.889999389648438,192600.0
CORN,2026-03-02,17.920000076293945,17.920000076293945,17.760000228881836,17.829999923706055,142100.0
CORN,2026-03-03,17.989999771118164,18.049999237060547,17.81999969482422,17.889999389648438,160400.0
CORN,2026-03-04,17.760000228881836,17.799999237060547,17.68000030517578,17.790000915527344,66600.0
CORN,2026-03-05,17.899999618530273,18.209999084472656,17.899999618530273,18.190000534057617,389600.0
CORN,2026-03-06,18.3700008392334,18.559999465942383,18.299999237060547,18.520000457763672,943400.0
CORN,2026-03-09,18.6200008392334,18.729999542236328,18.15999984741211,18.200000762939453,1105000.0
CORN,2026-03-10,18.18000030517578,18.280000686645508,17.959999084472656,18.270000457763672,1298300.0
CORN,2026-03-11,18.43000030517578,18.56999969482422,18.299999237060547,18.520000457763672,749300.0
CORN,2026-03-12,18.729999542236328,18.84000015258789,18.549999237060547,18.59000015258789,1079600.0
CORN,2026-03-13,18.489999771118164,18.690000534057617,18.329999923706055,18.670000076293945,1126500.0
CORN,2026-03-16,18.530000686645508,18.540000915527344,18.1299991607666,18.260000228881836,918500.0
CORN,2026-03-17,18.280000686645508,18.3799991607666,18.09000015258789,18.329999923706055,1392900.0
CORN,2026-03-18,18.270000457763672,18.649999618530273,18.270000457763672,18.6299991607666,1096200.0
CORN,2026-03-19,18.739999771118164,18.84000015258789,18.639999389648438,18.829999923706055,3329200.0
CORN,2026-03-20,18.65999984741211,18.799999237060547,18.579999923706055,18.799999237060547,2818300.0
CORN,2026-03-23,18.520000457763672,18.579999923706055,18.309999465942383,18.510000228881836,1825700.0
CORN,2026-03-24,18.510000228881836,18.649999618530273,18.40999984741211,18.510000228881836,1778000.0
CORN,2026-03-25,18.440000534057617,18.760000228881836,18.420000076293945,18.75,1377600.0
CORN,2026-03-26,18.700000762939453,18.799999237060547,18.549999237060547,18.709999084472656,2223000.0
CORN,2026-03-27,18.809999465942383,18.809999465942383,18.510000228881836,18.579999923706055,1548100.0
CORN,2026-03-30,18.510000228881836,18.530000686645508,18.290000915527344,18.290000915527344,2907600.0
CORN,2026-03-31,18.260000228881836,18.510000228881836,18.139999389648438,18.399999618530273,1753700.0
CORN,2026-04-01,18.18000030517578,18.239999771118164,17.989999771118164,18.18000030517578,1674000.0
CORN,2026-04-02,18.389999389648438,18.450000762939453,18.149999618530273,18.190000534057617,1076800.0
CORN,2026-04-06,18.170000076293945,18.290000915527344,18.149999618530273,18.290000915527344,1024400.0
CORN,2026-04-07,18.229999542236328,18.270000457763672,18.049999237060547,18.049999237060547,897800.0
CORN,2026-04-08,17.850000381469727,18.020000457763672,17.770000457763672,17.989999771118164,1770400.0
CORN,2026-04-09,18.059999465942383,18.079999923706055,17.809999465942383,17.889999389648438,982200.0
CORN,2026-04-10,17.84000015258789,17.860000610351562,17.649999618530273,17.75,2461400.0
CORN,2026-04-13,17.860000610351562,17.959999084472656,17.739999771118164,17.770000457763672,1239400.0
CORN,2026-04-14,17.850000381469727,17.93000030517578,17.75,17.760000228881836,654000.0
CORN,2026-04-15,17.899999618530273,18.100000381469727,17.899999618530273,18.06999969482422,535200.0
CORN,2026-04-16,18.059999465942383,18.149999618530273,17.959999084472656,17.969999313354492,510400.0
CORN,2026-04-17,17.829999923706055,17.989999771118164,17.719999313354492,17.950000762939453,1077800.0
CORN,2026-04-20,17.959999084472656,18.15999984741211,17.93000030517578,18.079999923706055,590000.0
CORN,2026-04-21,18.1299991607666,18.239999771118164,18.110000610351562,18.18000030517578,475600.0
CORN,2026-04-22,18.239999771118164,18.329999923706055,18.190000534057617,18.209999084472656,547400.0
CORN,2026-04-23,18.209999084472656,18.31999969482422,18.18000030517578,18.280000686645508,438900.0
CORN,2026-04-24,18.329999923706055,18.329999923706055,18.209999084472656,18.270000457763672,360600.0
CORN,2026-04-27,18.3700008392334,18.510000228881836,18.31999969482422,18.510000228881836,1137800.0
CORN,2026-04-28,18.700000762939453,18.780000686645508,18.549999237060547,18.770000457763672,1222400.0
CORN,2026-04-29,18.809999465942383,18.8799991607666,18.709999084472656,18.84000015258789,1128700.0
CORN,2026-04-30,18.729999542236328,18.739999771118164,18.59000015258789,18.690000534057617,552800.0
CORN,2026-05-01,18.81999969482422,19.020000457763672,18.729999542236328,18.889999389648438,948000.0
CORN,2026-05-04,18.850000381469727,19.1299991607666,18.809999465942383,19.1200008392334,889000.0
CORN,2026-05-05,19.0,19.020000457763672,18.799999237060547,18.920000076293945,703300.0
CORN,2026-05-06,18.649999618530273,18.690000534057617,18.440000534057617,18.440000534057617,1135000.0
CORN,2026-05-07,18.309999465942383,18.469999313354492,18.200000762939453,18.440000534057617,865100.0
CORN,2026-05-08,18.40999984741211,18.68000030517578,18.399999618530273,18.610000610351562,446500.0
CORN,2026-05-11,18.719999313354492,18.81999969482422,18.639999389648438,18.760000228881836,608200.0
CORN,2026-05-12,18.90999984741211,19.020000457763672,18.670000076293945,18.93000030517578,611300.0
CORN,2026-05-13,18.969999313354492,19.1299991607666,18.920000076293945,18.979999542236328,585500.0
CORN,2026-05-14,18.690000534057617,18.700000762939453,18.450000762939453,18.530000686645508,686300.0
CORN,2026-05-15,18.3700008392334,18.40999984741211,18.1200008392334,18.139999389648438,669900.0
CORN,2026-05-18,18.540000915527344,18.760000228881836,18.530000686645508,18.739999771118164,845400.0
CORN,2026-05-19,18.709999084472656,18.799999237060547,18.610000610351562,18.739999771118164,491200.0
CORN,2026-05-20,18.540000915527344,18.610000610351562,18.31999969482422,18.420000076293945,529200.0
CORN,2026-05-21,18.420000076293945,18.510000228881836,18.25,18.309999465942383,397900.0
CORN,2026-05-22,18.3700008392334,18.479999542236328,18.309999465942383,18.360000610351562,280200.0
CORN,2026-05-26,18.25,18.309999465942383,18.15999984741211,18.18000030517578,389100.0
CORN,2026-05-27,18.110000610351562,18.18000030517578,18.0,18.0,899900.0
CORN,2026-05-28,18.139999389648438,18.280000686645508,18.020000457763672,18.209999084472656,696400.0
CORN,2026-05-29,18.139999389648438,18.139999389648438,17.899999618530273,17.93000030517578,653800.0
CORN,2026-06-01,17.940000534057617,18.049999237060547,17.739999771118164,17.899999618530273,599100.0
CORN,2026-06-02,17.850000381469727,17.8700008392334,17.690000534057617,17.709999084472656,580400.0
CORN,2026-06-03,17.790000915527344,17.81999969482422,17.459999084472656,17.469999313354492,679800.0
CORN,2026-06-04,17.40999984741211,17.43000030517578,17.149999618530273,17.229999542236328,584900.0
CORN,2026-06-05,17.1299991607666,17.200000762939453,17.0,17.059999465942383,510800.0
CORN,2026-06-08,17.0,17.1299991607666,16.899999618530273,17.020000457763672,300700.0
CORN,2026-06-09,17.1200008392334,17.239999771118164,16.989999771118164,17.040000915527344,346200.0
CORN,2026-06-10,17.170000076293945,17.219999313354492,17.049999237060547,17.06999969482422,225900.0
CORN,2026-06-11,16.959999084472656,17.010000228881836,16.709999084472656,16.719999313354492,493000.0
CORN,2026-06-12,16.770000457763672,16.920000076293945,16.719999313354492,16.799999237060547,257900.0
CORN,2026-06-15,16.600000381469727,16.93000030517578,16.59000015258789,16.860000610351562,510500.0
CORN,2026-06-16,16.850000381469727,17.110000610351562,16.850000381469727,16.93000030517578,217000.0
CORN,2026-06-17,17.030000686645508,17.15999984741211,16.959999084472656,17.149999618530273,200200.0
CORN,2026-06-18,17.049999237060547,17.06999969482422,16.889999389648438,16.950000762939453,273500.0
CORN,2026-06-22,16.899999618530273,16.90999984741211,16.760000228881836,16.770000457763672,324600.0
CORN,2026-06-23,16.829999923706055,16.829999923706055,16.65999984741211,16.739999771118164,230700.0
CORN,2026-06-24,16.780000686645508,16.809999465942383,16.59000015258789,16.6200008392334,508000.0
CORN,2026-06-25,16.639999389648438,17.0,16.610000610351562,16.950000762939453,711800.0
CORN,2026-06-26,16.90999984741211,17.049999237060547,16.860000610351562,16.860000610351562,267600.0
CORN,2026-06-29,16.690000534057617,16.700000762939453,16.40999984741211,16.469999313354492,340400.0
CORN,2026-06-30,16.530000686645508,16.8799991607666,16.3700008392334,16.75,681800.0
CORN,2026-07-01,16.920000076293945,17.0,16.809999465942383,16.950000762939453,454400.0
CORN,2026-07-02,16.989999771118164,17.079999923706055,16.860000610351562,16.860000610351562,212300.0
CORN,2026-07-06,17.31999969482422,17.479999542236328,17.290000915527344,17.450000762939453,397800.0
CORN,2026-07-07,17.479999542236328,17.65999984741211,17.3700008392334,17.6299991607666,362600.0
CORN,2026-07-08,17.6299991607666,17.649999618530273,17.309999465942383,17.329999923706055,230900.0
CORN,2026-07-09,17.260000228881836,17.3700008392334,17.170000076293945,17.25,192200.0
CORN,2026-07-10,17.329999923706055,17.549999237060547,17.219999313354492,17.479999542236328,406500.0
CORN,2026-07-13,17.649999618530273,17.75,17.530000686645508,17.549999237060547,383800.0
CORN,2026-07-14,17.389999389648438,17.530000686645508,17.389999389648438,17.489999771118164,215100.0
CORN,2026-07-15,17.600000381469727,17.850000381469727,17.59000015258789,17.790000915527344,253400.0
CORN,2026-07-16,17.75,17.829999923706055,17.59000015258789,17.6200008392334,304300.0
CORN,2026-07-17,17.760000228881836,17.790000915527344,17.600000381469727,17.780000686645508,212200.0
CORN,2026-07-20,17.979999542236328,18.030000686645508,17.8700008392334,17.90999984741211,344400.0
CORN,2026-07-21,17.850000381469727,18.059999465942383,17.84000015258789,18.010000228881836,249800.0
CORN,2026-07-22,18.200000762939453,18.34000015258789,18.170000076293945,18.280000686645508,407500.0
CORN,2026-07-23,18.350000381469727,18.440000534057617,18.270000457763672,18.309999465942383,378500.0
CORN,2026-07-24,18.260000228881836,18.3700008392334,18.079999923706055,18.299999237060547,343400.0
CORN,2026-07-27,17.950000762939453,18.010000228881836,17.8799991607666,17.90999984741211,353400.0
CORN,2026-07-28,17.93000030517578,18.219999313354492,17.93000030517578,18.079999923706055,265800.0
CORN,2026-07-29,18.0,18.010000228881836,17.809999465942383,17.829999923706055,384400.0
CORN,2026-07-30,17.860000610351562,17.989999771118164,17.760000228881836,17.760000228881836,149100.0
CORN,2026-07-31,17.739999771118164,17.760000228881836,17.559999465942383,17.649999618530273,243800.0
CORN,2026-08-03,17.579999923706055,17.959999084472656,17.549999237060547,17.93000030517578,199100.0
CORN,2026-08-04,17.780000686645508,17.81999969482422,17.690000534057617,17.75,129400.0
CORN,2026-08-05,17.610000610351562,17.68000030517578,17.5,17.6200008392334,369900.0
CORN,2026-08-06,17.549999237060547,17.670000076293945,17.489999771118164,17.610000610351562,99500.0
CORN,2026-08-07,17.75,17.809999465942383,17.610000610351562,17.639999389648438,139300.0
CORN,2026-08-10,17.760000228881836,17.780000686645508,17.59000015258789,17.639999389648438,103200.0
CORN,2026-08-11,17.520000457763672,17.6200008392334,17.5,17.56999969482422,218200.0
CORN,2026-08-12,17.700000762939453,18.219999313354492,17.68000030517578,18.200000762939453,559900.0
CORN,2026-08-13,18.06999969482422,18.190000534057617,17.889999389648438,17.90999984741211,318100.0
CORN,2026-08-14,18.139999389648438,18.290000915527344,18.049999237060547,18.260000228881836,201600.0
CORN,2026-08-17,18.34000015258789,18.540000915527344,18.299999237060547,18.459999084472656,453100.0
CORN,2026-08-18,18.549999237060547,18.579999923706055,18.40999984741211,18.420000076293945,463100.0
CORN,2026-08-19,18.540000915527344,18.770000457763672,18.520000457763672,18.760000228881836,477300.0
CORN,2026-08-20,18.81999969482422,18.979999542236328,18.81999969482422,18.829999923706055,517000.0
CORN,2026-08-21,18.829999923706055,19.049999237060547,18.829999923706055,19.010000228881836,698100.0
CORN,2026-08-24,19.34000015258789,19.479999542236328,19.1200008392334,19.219999313354492,867300.0
CORN,2026-08-25,19.25,19.610000610351562,19.190000534057617,19.59000015258789,401600.0
CORN,2026-08-26,19.649999618530273,20.09000015258789,19.639999389648438,20.030000686645508,934300.0
CORN,2026-08-27,19.899999618530273,19.940000534057617,19.690000534057617,19.799999237060547,469700.0
CORN,2026-08-28,20.040000915527344,20.079999923706055,19.84000015258789,19.950000762939453,730900.0
CORN,2026-08-31,19.8700008392334,20.059999465942383,19.809999465942383,20.059999465942383,684100.0
CORN,2026-09-01,19.940000534057617,20.329999923706055,19.940000534057617,20.290000915527344,1113200.0
CORN,2026-09-02,20.010000228881836,20.43000030517578,20.010000228881836,20.219999313354492,481900.0
CORN,2026-09-03,19.850000381469727,20.260000228881836,19.729999542236328,20.170000076293945,506700.0
CORN,2026-09-04,20.15999984741211,20.209999084472656,20.040000915527344,20.06999969482422,423800.0
CORN,2026-09-08,20.09000015258789,20.190000534057617,19.93000030517578,19.969999313354492,287600.0
CORN,2026-09-09,19.920000076293945,19.989999771118164,19.770000457763672,19.829999923706055,607000.0
CORN,2026-09-10,19.940000534057617,20.040000915527344,19.790000915527344,20.010000228881836,282200.0
CORN,2026-09-11,19.850000381469727,20.309999465942383,19.649999618530273,19.920000076293945,871500.0
CORN,2026-09-14,19.969999313354492,20.09000015258789,19.850000381469727,20.020000457763672,264300.0
CORN,2026-09-15,19.8700008392334,20.049999237060547,19.81999969482422,20.040000915527344,241100.0
CORN,2026-09-16,20.0,20.040000915527344,19.81999969482422,19.969999313354492,155100.0
CORN,2026-09-17,19.899999618530273,19.959999084472656,19.75,19.829999923706055,688800.0
DBA,2024-09-19,25.65999984741211,25.780000686645508,25.610000610351562,25.6299991607666,776400.0
DBA,2024-09-20,25.530000686645508,25.530000686645508,25.360000610351562,25.459999084472656,243500.0
DBA,2024-09-23,25.829999923706055,25.959999084472656,25.81999969482422,25.950000762939453,226300.0
DBA,2024-09-24,26.0,26.190000534057617,26.0,26.139999389648438,391400.0
DBA,2024-09-25,26.030000686645508,26.31999969482422,26.020000457763672,26.31999969482422,218800.0
DBA,2024-09-26,26.760000228881836,27.100000381469727,26.3799991607666,26.440000534057617,337000.0
DBA,2024-09-27,26.31999969482422,26.559999465942383,26.31999969482422,26.549999237060547,140500.0
DBA,2024-09-30,26.030000686645508,26.15999984741211,25.969999313354492,26.09000015258789,219300.0
DBA,2024-10-01,25.670000076293945,25.670000076293945,25.469999313354492,25.510000228881836,419400.0
DBA,2024-10-02,25.3799991607666,25.6299991607666,25.360000610351562,25.530000686645508,227800.0
DBA,2024-10-03,25.520000457763672,25.6299991607666,25.3799991607666,25.549999237060547,333100.0
DBA,2024-10-04,25.389999389648438,25.479999542236328,25.34000015258789,25.389999389648438,181800.0
DBA,2024-10-07,25.200000762939453,25.25,25.09000015258789,25.190000534057617,224000.0
DBA,2024-10-08,25.34000015258789,25.3799991607666,25.200000762939453,25.34000015258789,648700.0
DBA,2024-10-09,25.450000762939453,25.610000610351562,25.43000030517578,25.56999969482422,381600.0
DBA,2024-10-10,25.59000015258789,25.850000381469727,25.530000686645508,25.760000228881836,355200.0
DBA,2024-10-11,25.969999313354492,26.09000015258789,25.8700008392334,25.959999084472656,287600.0
DBA,2024-10-14,25.899999618530273,25.979999542236328,25.760000228881836,25.809999465942383,307000.0
DBA,2024-10-15,25.790000915527344,26.010000228881836,25.65999984741211,25.989999771118164,252800.0
DBA,2024-10-16,25.889999389648438,25.969999313354492,25.68000030517578,25.729999542236328,290800.0
DBA,2024-10-17,25.56999969482422,25.770000457763672,25.200000762939453,25.670000076293945,183100.0
DBA,2024-10-18,25.559999465942383,25.600000381469727,25.399999618530273,25.399999618530273,190900.0
DBA,2024-10-21,25.290000915527344,25.489999771118164,25.290000915527344,25.360000610351562,221800.0
DBA,2024-10-22,25.139999389648438,25.260000228881836,25.040000915527344,25.260000228881836,517000.0
DBA,2024-10-23,25.030000686645508,25.219999313354492,25.030000686645508,25.200000762939453,305300.0
DBA,2024-10-24,24.950000762939453,25.059999465942383,24.780000686645508,24.809999465942383,254900.0
DBA,2024-10-25,24.829999923706055,24.93000030517578,24.799999237060547,24.84000015258789,125900.0
DBA,2024-10-28,24.979999542236328,25.059999465942383,24.899999618530273,25.040000915527344,171700.0
DBA,2024-10-29,25.170000076293945,25.440000534057617,25.170000076293945,25.329999923706055,340900.0
DBA,2024-10-30,25.260000228881836,25.540000915527344,25.239999771118164,25.530000686645508,238300.0
DBA,2024-10-31,25.549999237060547,25.549999237060547,25.329999923706055,25.5,236500.0
DBA,2024-11-01,25.549999237060547,25.549999237060547,25.299999237060547,25.31999969482422,192100.0
DBA,2024-11-04,25.34000015258789,25.5,25.260000228881836,25.34000015258789,184300.0
DBA,2024-11-05,25.399999618530273,25.399999618530273,25.290000915527344,25.34000015258789,160300.0
DBA,2024-11-06,24.93000030517578,25.15999984741211,24.860000610351562,25.149999618530273,258700.0
DBA,2024-11-07,25.34000015258789,25.739999771118164,25.34000015258789,25.709999084472656,266100.0
DBA,2024-11-08,25.649999618530273,25.690000534057617,25.389999389648438,25.469999313354492,538800.0
DBA,2024-11-11,25.350000381469727,25.420000076293945,25.229999542236328,25.3799991607666,681000.0
DBA,2024-11-12,25.559999465942383,25.6299991607666,25.520000457763672,25.59000015258789,215700.0
DBA,2024-11-13,25.709999084472656,25.75,25.579999923706055,25.670000076293945,298900.0
DBA,2024-11-14,25.920000076293945,26.040000915527344,25.84000015258789,25.889999389648438,496500.0
DBA,2024-11-15,25.940000534057617,26.049999237060547,25.899999618530273,26.0,294800.0
DBA,2024-11-18,25.899999618530273,26.09000015258789,25.84000015258789,26.079999923706055,350300.0
DBA,2024-11-19,26.06999969482422,26.219999313354492,26.020000457763672,26.219999313354492,441400.0
DBA,2024-11-20,26.209999084472656,26.360000610351562,26.110000610351562,26.360000610351562,435200.0
DBA,2024-11-21,26.34000015258789,26.350000381469727,26.239999771118164,26.309999465942383,331900.0
DBA,2024-11-22,26.479999542236328,26.649999618530273,26.459999084472656,26.510000228881836,926400.0
DBA,2024-11-25,26.6299991607666,26.719999313354492,26.5,26.530000686645508,824500.0
DBA,2024-11-26,26.549999237060547,26.790000915527344,26.549999237060547,26.770000457763672,339700.0
DBA,2024-11-27,26.829999923706055,26.920000076293945,26.799999237060547,26.889999389648438,221800.0
DBA,2024-11-29,26.8700008392334,26.889999389648438,26.739999771118164,26.760000228881836,140600.0
DBA,2024-12-02,26.5,26.579999923706055,26.43000030517578,26.559999465942383,258600.0
DBA,2024-12-03,26.540000915527344,26.549999237060547,26.43000030517578,26.440000534057617,414800.0
DBA,2024-12-04,26.600000381469727,26.6299991607666,26.510000228881836,26.549999237060547,523400.0
DBA,2024-12-05,26.799999237060547,27.0,26.799999237060547,27.0,235800.0
DBA,2024-12-06,27.09000015258789,27.25,27.06999969482422,27.25,442700.0
DBA,2024-12-09,27.440000534057617,27.469999313354492,27.170000076293945,27.360000610351562,570400.0
DBA,2024-12-10,27.600000381469727,27.729999542236328,27.489999771118164,27.579999923706055,363300.0
DBA,2024-12-11,27.40999984741211,27.559999465942383,27.389999389648438,27.489999771118164,195000.0
DBA,2024-12-12,27.549999237060547,27.6299991607666,27.43000030517578,27.459999084472656,262700.0
DBA,2024-12-13,27.520000457763672,27.639999389648438,27.489999771118164,27.639999389648438,118400.0
DBA,2024-12-16,27.979999542236328,27.989999771118164,27.75,27.760000228881836,176600.0
DBA,2024-12-17,27.670000076293945,27.729999542236328,27.520000457763672,27.709999084472656,167800.0
DBA,2024-12-18,27.809999465942383,28.030000686645508,27.719999313354492,27.829999923706055,700900.0
DBA,2024-12-19,27.90999984741211,27.90999984741211,27.31999969482422,27.329999923706055,486500.0
DBA,2024-12-20,27.639999389648438,27.709999084472656,27.5,27.600000381469727,347900.0
DBA,2024-12-23,26.59000015258789,26.600000381469727,26.389999389648438,26.389999389648438,626700.0
DBA,2024-12-24,26.399999618530273,26.59000015258789,26.389999389648438,26.530000686645508,125500.0
DBA,2024-12-26,26.190000534057617,26.40999984741211,26.110000610351562,26.25,268600.0
DBA,2024-12-27,26.200000762939453,26.280000686645508,25.84000015258789,25.850000381469727,407200.0
DBA,2024-12-30,26.420000076293945,26.420000076293945,26.229999542236328,26.270000457763672,423700.0
DBA,2024-12-31,26.329999923706055,26.600000381469727,26.309999465942383,26.59000015258789,285900.0
DBA,2025-01-02,26.670000076293945,26.700000762939453,26.34000015258789,26.6200008392334,487500.0
DBA,2025-01-03,26.43000030517578,26.520000457763672,26.290000915527344,26.489999771118164,998700.0
DBA,2025-01-06,26.670000076293945,26.809999465942383,26.389999389648438,26.43000030517578,587100.0
DBA,2025-01-07,26.479999542236328,26.559999465942383,26.43000030517578,26.5,374300.0
DBA,2025-01-08,26.200000762939453,26.399999618530273,26.0,26.360000610351562,469900.0
DBA,2025-01-10,26.270000457763672,26.450000762939453,26.270000457763672,26.450000762939453,325900.0
DBA,2025-01-13,26.489999771118164,26.760000228881836,26.450000762939453,26.75,528100.0
DBA,2025-01-14,26.709999084472656,26.860000610351562,26.6299991607666,26.65999984741211,382000.0
DBA,2025-01-15,26.729999542236328,26.81999969482422,26.670000076293945,26.729999542236328,296100.0
DBA,2025-01-16,26.479999542236328,26.479999542236328,26.329999923706055,26.34000015258789,390200.0
DBA,2025-01-17,26.56999969482422,26.68000030517578,26.540000915527344,26.600000381469727,360300.0
DBA,2025-01-21,26.8799991607666,26.940000534057617,26.799999237060547,26.920000076293945,268900.0
DBA,2025-01-22,26.989999771118164,27.239999771118164,26.989999771118164,27.219999313354492,401100.0
DBA,2025-01-23,27.209999084472656,27.3799991607666,27.149999618530273,27.260000228881836,325900.0
DBA,2025-01-24,27.239999771118164,27.43000030517578,27.200000762939453,27.360000610351562,171100.0
DBA,2025-01-27,27.270000457763672,27.31999969482422,27.15999984741211,27.31999969482422,259900.0
DBA,2025-01-28,27.31999969482422,27.6200008392334,27.309999465942383,27.559999465942383,237400.0
DBA,2025-01-29,27.829999923706055,28.020000457763672,27.799999237060547,27.920000076293945,351700.0
DBA,2025-01-30,27.8799991607666,27.8799991607666,27.65999984741211,27.719999313354492,171800.0
DBA,2025-01-31,27.31999969482422,27.690000534057617,27.239999771118164,27.600000381469727,366600.0
DBA,2025-02-03,27.6299991607666,27.829999923706055,27.5,27.639999389648438,482400.0
DBA,2025-02-04,27.670000076293945,27.799999237060547,27.6200008392334,27.729999542236328,247900.0
DBA,2025-02-05,27.690000534057617,27.889999389648438,27.690000534057617,27.8700008392334,738400.0
DBA,2025-02-06,27.829999923706055,27.829999923706055,27.610000610351562,27.68000030517578,169800.0
DBA,2025-02-07,27.56999969482422,27.670000076293945,27.450000762939453,27.56999969482422,731400.0
DBA,2025-02-10,27.700000762939453,27.899999618530273,27.670000076293945,27.889999389648438,759500.0
DBA,2025-02-11,27.850000381469727,27.989999771118164,27.799999237060547,27.889999389648438,891900.0
DBA,2025-02-12,27.84000015258789,28.0,27.84000015258789,27.969999313354492,241700.0
DBA,2025-02-13,28.06999969482422,28.329999923706055,28.059999465942383,28.190000534057617,662300.0
DBA,2025-02-14,28.329999923706055,28.440000534057617,28.100000381469727,28.170000076293945,301800.0
DBA,2025-02-18,28.200000762939453,28.389999389648438,28.110000610351562,28.3799991607666,555900.0
DBA,2025-02-19,28.450000762939453,28.489999771118164,28.149999618530273,28.219999313354492,230800.0
DBA,2025-02-20,28.1200008392334,28.1200008392334,27.860000610351562,27.920000076293945,305100.0
DBA,2025-02-21,27.709999084472656,27.709999084472656,27.479999542236328,27.549999237060547,363900.0
DBA,2025-02-24,27.479999542236328,27.479999542236328,26.979999542236328,27.030000686645508,582800.0
DBA,2025-02-25,26.959999084472656,27.079999923706055,26.84000015258789,27.059999465942383,382600.0
DBA,2025-02-26,27.09000015258789,27.190000534057617,27.09000015258789,27.1200008392334,148400.0
DBA,2025-02-27,26.969999313354492,26.979999542236328,26.770000457763672,26.809999465942383,313000.0
DBA,2025-02-28,26.809999465942383,26.809999465942383,26.450000762939453,26.489999771118164,468700.0
DBA,2025-03-03,26.309999465942383,26.350000381469727,25.989999771118164,26.049999237060547,778900.0
DBA,2025-03-04,25.950000762939453,26.260000228881836,25.860000610351562,26.190000534057617,859400.0
DBA,2025-03-05,26.450000762939453,26.489999771118164,26.219999313354492,26.389999389648438,514600.0
DBA,2025-03-06,26.1299991607666,26.3700008392334,26.040000915527344,26.290000915527344,713900.0
DBA,2025-03-07,26.350000381469727,26.530000686645508,26.329999923706055,26.5,401100.0
DBA,2025-03-10,26.6299991607666,26.75,26.510000228881836,26.6299991607666,375500.0
DBA,2025-03-11,26.6299991607666,26.75,26.610000610351562,26.639999389648438,181500.0
DBA,2025-03-12,26.559999465942383,26.6299991607666,26.510000228881836,26.579999923706055,350800.0
DBA,2025-03-13,26.700000762939453,26.739999771118164,26.610000610351562,26.6200008392334,205700.0
DBA,2025-03-14,26.420000076293945,26.489999771118164,26.309999465942383,26.459999084472656,286300.0
DBA,2025-03-17,26.65999984741211,26.860000610351562,26.65999984741211,26.860000610351562,170200.0
DBA,2025-03-18,26.950000762939453,27.0,26.790000915527344,26.860000610351562,243500.0
DBA,2025-03-19,26.860000610351562,26.969999313354492,26.84000015258789,26.850000381469727,246500.0
DBA,2025-03-20,26.770000457763672,27.030000686645508,26.770000457763672,26.899999618530273,245900.0
DBA,2025-03-21,26.799999237060547,26.829999923706055,26.68000030517578,26.739999771118164,206000.0
DBA,2025-03-24,26.799999237060547,26.799999237060547,26.649999618530273,26.68000030517578,345100.0
DBA,2025-03-25,26.709999084472656,26.799999237060547,26.649999618530273,26.770000457763672,120700.0
DBA,2025-03-26,26.68000030517578,26.690000534057617,26.549999237060547,26.56999969482422,124700.0
DBA,2025-03-27,26.450000762939453,26.479999542236328,26.260000228881836,26.43000030517578,182400.0
DBA,2025-03-28,26.389999389648438,26.469999313354492,26.290000915527344,26.469999313354492,84000.0
DBA,2025-03-31,26.450000762939453,26.459999084472656,26.309999465942383,26.34000015258789,212300.0
DBA,2025-04-01,26.510000228881836,26.940000534057617,26.489999771118164,26.93000030517578,413000.0
DBA,2025-04-02,26.8799991607666,27.219999313354492,26.860000610351562,27.18000030517578,290600.0
DBA,2025-04-03,26.889999389648438,27.18000030517578,26.829999923706055,26.979999542236328,545100.0
DBA,2025-04-04,26.549999237060547,26.549999237060547,26.040000915527344,26.139999389648438,802800.0
DBA,2025-04-07,25.850000381469727,26.229999542236328,25.459999084472656,25.469999313354492,782500.0
DBA,2025-04-08,25.770000457763672,25.829999923706055,25.270000457763672,25.270000457763672,481700.0
DBA,2025-04-09,25.3700008392334,26.049999237060547,25.290000915527344,26.020000457763672,658700.0
DBA,2025-04-10,25.860000610351562,25.940000534057617,25.690000534057617,25.760000228881836,297800.0
DBA,2025-04-11,25.979999542236328,26.34000015258789,25.979999542236328,26.309999465942383,560100.0
DBA,2025-04-14,26.260000228881836,26.360000610351562,26.170000076293945,26.280000686645508,181600.0
DBA,2025-04-15,26.209999084472656,26.239999771118164,26.1299991607666,26.139999389648438,258100.0
DBA,2025-04-16,26.290000915527344,26.549999237060547,26.290000915527344,26.520000457763672,373000.0
DBA,2025-04-17,26.670000076293945,26.760000228881836,26.6200008392334,26.649999618530273,257000.0
DBA,2025-04-21,26.81999969482422,26.8799991607666,26.56999969482422,26.6299991607666,431700.0
DBA,2025-04-22,26.790000915527344,27.010000228881836,26.739999771118164,26.979999542236328,329900.0
DBA,2025-04-23,26.940000534057617,27.059999465942383,26.860000610351562,26.969999313354492,301000.0
DBA,2025-04-24,27.100000381469727,27.309999465942383,27.09000015258789,27.25,279500.0
DBA,2025-04-25,27.450000762939453,27.530000686645508,27.389999389648438,27.479999542236328,269600.0
DBA,2025-04-28,27.270000457763672,27.309999465942383,27.020000457763672,27.290000915527344,318400.0
DBA,2025-04-29,27.229999542236328,27.280000686645508,26.959999084472656,26.979999542236328,204200.0
DBA,2025-04-30,26.799999237060547,26.940000534057617,26.75,26.809999465942383,537700.0
DBA,2025-05-01,26.65999984741211,26.719999313354492,26.510000228881836,26.6200008392334,335000.0
DBA,2025-05-02,26.93000030517578,26.989999771118164,26.770000457763672,26.860000610351562,188500.0
DBA,2025-05-05,26.81999969482422,26.84000015258789,26.639999389648438,26.709999084472656,547900.0
DBA,2025-05-06,26.81999969482422,26.969999313354492,26.790000915527344,26.8799991607666,326000.0
DBA,2025-05-07,26.920000076293945,26.989999771118164,26.809999465942383,26.8700008392334,155000.0
DBA,2025-05-08,26.729999542236328,26.93000030517578,26.729999542236328,26.90999984741211,196500.0
DBA,2025-05-09,27.079999923706055,27.15999984741211,26.920000076293945,27.020000457763672,180600.0
DBA,2025-05-12,26.989999771118164,27.040000915527344,26.950000762939453,26.989999771118164,209800.0
DBA,2025-05-13,27.1299991607666,27.450000762939453,27.1299991607666,27.3799991607666,315300.0
DBA,2025-05-14,27.31999969482422,27.350000381469727,27.190000534057617,27.229999542236328,173600.0
DBA,2025-05-15,27.100000381469727,27.420000076293945,26.950000762939453,27.399999618530273,231800.0
DBA,2025-05-16,27.43000030517578,27.5,27.190000534057617,27.34000015258789,358300.0
DBA,2025-05-19,27.3799991607666,27.59000015258789,27.3799991607666,27.579999923706055,414700.0
DBA,2025-05-20,27.709999084472656,27.709999084472656,27.520000457763672,27.649999618530273,179400.0
DBA,2025-05-21,27.719999313354492,27.84000015258789,27.540000915527344,27.68000030517578,449800.0
DBA,2025-05-22,27.459999084472656,27.510000228881836,27.360000610351562,27.399999618530273,246500.0
DBA,2025-05-23,27.079999923706055,27.190000534057617,27.020000457763672,27.139999389648438,237500.0
DBA,2025-05-27,27.149999618530273,27.190000534057617,26.940000534057617,27.010000228881836,269500.0
DBA,2025-05-28,26.8799991607666,26.8799991607666,26.709999084472656,26.719999313354492,228400.0
DBA,2025-05-29,26.59000015258789,26.59000015258789,26.469999313354492,26.56999969482422,253400.0
DBA,2025-05-30,26.6200008392334,26.75,26.6200008392334,26.700000762939453,261200.0
DBA,2025-06-02,26.809999465942383,26.889999389648438,26.6200008392334,26.6299991607666,217000.0
DBA,2025-06-03,26.600000381469727,26.850000381469727,26.530000686645508,26.700000762939453,216700.0
DBA,2025-06-04,26.799999237060547,26.920000076293945,26.780000686645508,26.899999618530273,224700.0
DBA,2025-06-05,27.110000610351562,27.299999237060547,27.040000915527344,27.260000228881836,289500.0
DBA,2025-06-06,27.5,27.59000015258789,27.31999969482422,27.479999542236328,293200.0
DBA,2025-06-09,27.440000534057617,27.459999084472656,27.34000015258789,27.389999389648438,469100.0
DBA,2025-06-10,27.290000915527344,27.34000015258789,26.989999771118164,27.06999969482422,365800.0
DBA,2025-06-11,27.15999984741211,27.18000030517578,27.020000457763672,27.049999237060547,190000.0
DBA,2025-06-12,27.1299991607666,27.219999313354492,26.989999771118164,27.010000228881836,140100.0
DBA,2025-06-13,26.81999969482422,27.040000915527344,26.799999237060547,26.959999084472656,334700.0
DBA,2025-06-16,26.959999084472656,27.200000762939453,26.90999984741211,27.170000076293945,152800.0
DBA,2025-06-17,27.110000610351562,27.139999389648438,26.8799991607666,26.889999389648438,146000.0
DBA,2025-06-18,26.81999969482422,26.899999618530273,26.739999771118164,26.780000686645508,402000.0
DBA,2025-06-20,26.600000381469727,26.6299991607666,26.389999389648438,26.40999984741211,991100.0
DBA,2025-06-23,26.3700008392334,26.579999923706055,26.3700008392334,26.479999542236328,569100.0
DBA,2025-06-24,26.280000686645508,26.469999313354492,26.280000686645508,26.290000915527344,405700.0
DBA,2025-06-25,26.270000457763672,26.270000457763672,26.030000686645508,26.079999923706055,228000.0
DBA,2025-06-26,26.079999923706055,26.229999542236328,26.010000228881836,26.139999389648438,383600.0
DBA,2025-06-27,26.190000534057617,26.350000381469727,26.100000381469727,26.329999923706055,91100.0
DBA,2025-06-30,26.25,26.309999465942383,26.1299991607666,26.149999618530273,168800.0
DBA,2025-07-01,25.81999969482422,25.850000381469727,25.639999389648438,25.649999618530273,404400.0
DBA,2025-07-02,25.649999618530273,25.899999618530273,25.59000015258789,25.8700008392334,216900.0
DBA,2025-07-03,25.93000030517578,26.06999969482422,25.889999389648438,25.889999389648438,184000.0
DBA,2025-07-07,25.670000076293945,25.739999771118164,25.600000381469727,25.709999084472656,237400.0
DBA,2025-07-08,25.719999313354492,25.739999771118164,25.59000015258789,25.739999771118164,120800.0
DBA,2025-07-09,25.780000686645508,25.93000030517578,25.739999771118164,25.93000030517578,121500.0
DBA,2025-07-10,25.920000076293945,25.920000076293945,25.700000762939453,25.770000457763672,187600.0
DBA,2025-07-11,25.860000610351562,25.920000076293945,25.760000228881836,25.770000457763672,334100.0
DBA,2025-07-14,25.950000762939453,25.979999542236328,25.780000686645508,25.8799991607666,117800.0
DBA,2025-07-15,25.739999771118164,25.84000015258789,25.6200008392334,25.6200008392334,238900.0
DBA,2025-07-16,25.719999313354492,25.889999389648438,25.719999313354492,25.8799991607666,125500.0
DBA,2025-07-17,25.760000228881836,25.850000381469727,25.649999618530273,25.780000686645508,452700.0
DBA,2025-07-18,25.899999618530273,26.110000610351562,25.899999618530273,26.030000686645508,123600.0
DBA,2025-07-21,25.940000534057617,25.959999084472656,25.790000915527344,25.899999618530273,238600.0
DBA,2025-07-22,25.899999618530273,26.030000686645508,25.899999618530273,25.969999313354492,161100.0
DBA,2025-07-23,26.049999237060547,26.209999084472656,25.969999313354492,26.200000762939453,96100.0
DBA,2025-07-24,26.270000457763672,26.290000915527344,26.030000686645508,26.200000762939453,225000.0
DBA,2025-07-25,26.040000915527344,26.09000015258789,25.979999542236328,26.079999923706055,203200.0
DBA,2025-07-28,26.09000015258789,26.239999771118164,26.040000915527344,26.229999542236328,145100.0
DBA,2025-07-29,26.110000610351562,26.110000610351562,25.84000015258789,26.010000228881836,298700.0
DBA,2025-07-30,25.979999542236328,26.1200008392334,25.889999389648438,25.959999084472656,219700.0
DBA,2025-07-31,26.059999465942383,26.1200008392334,25.8799991607666,25.899999618530273,156700.0
DBA,2025-08-01,25.81999969482422,25.8799991607666,25.6200008392334,25.670000076293945,236600.0
DBA,2025-08-04,25.649999618530273,25.81999969482422,25.649999618530273,25.729999542236328,128300.0
DBA,2025-08-05,25.770000457763672,26.0,25.770000457763672,25.920000076293945,165000.0
DBA,2025-08-06,25.90999984741211,25.989999771118164,25.81999969482422,25.989999771118164,110200.0
DBA,2025-08-07,26.030000686645508,26.280000686645508,26.030000686645508,26.25,225000.0
DBA,2025-08-08,26.389999389648438,26.450000762939453,26.200000762939453,26.209999084472656,107600.0
DBA,2025-08-11,26.68000030517578,26.760000228881836,26.600000381469727,26.6299991607666,314600.0
DBA,2025-08-12,26.75,26.829999923706055,26.68000030517578,26.809999465942383,191100.0
DBA,2025-08-13,26.979999542236328,26.979999542236328,26.780000686645508,26.899999618530273,140100.0
DBA,2025-08-14,26.709999084472656,26.719999313354492,26.540000915527344,26.600000381469727,135500.0
DBA,2025-08-15,26.59000015258789,27.06999969482422,26.59000015258789,27.059999465942383,1086200.0
DBA,2025-08-18,26.940000534057617,27.030000686645508,26.889999389648438,27.020000457763672,214100.0
DBA,2025-08-19,26.989999771118164,27.139999389648438,26.93000030517578,27.1299991607666,181900.0
DBA,2025-08-20,27.100000381469727,27.299999237060547,27.040000915527344,27.200000762939453,307800.0
DBA,2025-08-21,27.239999771118164,27.280000686645508,27.079999923706055,27.280000686645508,203000.0
DBA,2025-08-22,27.360000610351562,27.600000381469727,27.329999923706055,27.59000015258789,227700.0
DBA,2025-08-25,27.59000015258789,27.709999084472656,27.530000686645508,27.579999923706055,201300.0
DBA,2025-08-26,27.450000762939453,27.469999313354492,27.34000015258789,27.420000076293945,173500.0
DBA,2025-08-27,27.459999084472656,27.770000457763672,27.450000762939453,27.68000030517578,138500.0
DBA,2025-08-28,27.6200008392334,27.6200008392334,27.510000228881836,27.520000457763672,180200.0
DBA,2025-08-29,27.5,27.770000457763672,27.5,27.770000457763672,249600.0
DBA,2025-09-02,27.5,27.5,27.329999923706055,27.450000762939453,206300.0
DBA,2025-09-03,27.450000762939453,27.489999771118164,27.309999465942383,27.31999969482422,236300.0
DBA,2025-09-04,27.239999771118164,27.270000457763672,27.110000610351562,27.239999771118164,164500.0
DBA,2025-09-05,27.079999923706055,27.219999313354492,27.079999923706055,27.15999984741211,117400.0
DBA,2025-09-08,27.170000076293945,27.299999237060547,27.079999923706055,27.280000686645508,135000.0
DBA,2025-09-09,27.329999923706055,27.3799991607666,27.100000381469727,27.100000381469727,96800.0
DBA,2025-09-10,27.200000762939453,27.290000915527344,27.170000076293945,27.209999084472656,98900.0
DBA,2025-09-11,27.239999771118164,27.43000030517578,27.229999542236328,27.40999984741211,283800.0
DBA,2025-09-12,27.399999618530273,27.540000915527344,27.3700008392334,27.5,170200.0
DBA,2025-09-15,27.790000915527344,28.010000228881836,27.790000915527344,27.90999984741211,203800.0
DBA,2025-09-16,27.860000610351562,27.920000076293945,27.729999542236328,27.760000228881836,154700.0
DBA,2025-09-17,27.489999771118164,27.5,27.1200008392334,27.18000030517578,516300.0
DBA,2025-09-18,27.100000381469727,27.110000610351562,26.969999313354492,27.079999923706055,194600.0
DBA,2025-09-19,26.93000030517578,27.059999465942383,26.8700008392334,26.969999313354492,215300.0
DBA,2025-09-22,26.760000228881836,26.860000610351562,26.719999313354492,26.850000381469727,197900.0
DBA,2025-09-23,26.780000686645508,26.989999771118164,26.75,26.809999465942383,159300.0
DBA,2025-09-24,26.979999542236328,26.989999771118164,26.8799991607666,26.899999618530273,120900.0
DBA,2025-09-25,26.90999984741211,26.90999984741211,26.719999313354492,26.84000015258789,95900.0
DBA,2025-09-26,26.899999618530273,27.010000228881836,26.860000610351562,26.979999542236328,431600.0
DBA,2025-09-29,26.969999313354492,27.040000915527344,26.8799991607666,26.90999984741211,215100.0
DBA,2025-09-30,26.81999969482422,26.8799991607666,26.739999771118164,26.760000228881836,262600.0
DBA,2025-10-01,26.700000762939453,26.81999969482422,26.65999984741211,26.809999465942383,284300.0
DBA,2025-10-02,26.739999771118164,26.739999771118164,26.600000381469727,26.68000030517578,231200.0
DBA,2025-10-03,26.68000030517578,26.760000228881836,26.610000610351562,26.670000076293945,339400.0
DBA,2025-10-06,26.690000534057617,26.770000457763672,26.639999389648438,26.739999771118164,146600.0
DBA,2025-10-07,26.59000015258789,26.6299991607666,26.510000228881836,26.600000381469727,176900.0
DBA,2025-10-08,26.549999237060547,26.639999389648438,26.549999237060547,26.639999389648438,145900.0
DBA,2025-10-09,26.600000381469727,26.600000381469727,26.459999084472656,26.489999771118164,128100.0
DBA,2025-10-10,26.420000076293945,26.440000534057617,26.139999389648438,26.31999969482422,360700.0
DBA,2025-10-13,26.43000030517578,26.450000762939453,26.329999923706055,26.40999984741211,123800.0
DBA,2025-10-14,26.450000762939453,26.729999542236328,26.43000030517578,26.59000015258789,363100.0
DBA,2025-10-15,26.739999771118164,26.780000686645508,26.540000915527344,26.579999923706055,153800.0
DBA,2025-10-16,26.68000030517578,26.81999969482422,26.68000030517578,26.729999542236328,120000.0
DBA,2025-10-17,26.579999923706055,26.6299991607666,26.450000762939453,26.540000915527344,106900.0
DBA,2025-10-20,26.729999542236328,26.809999465942383,26.6299991607666,26.770000457763672,137900.0
DBA,2025-10-21,26.760000228881836,26.850000381469727,26.670000076293945,26.829999923706055,104400.0
DBA,2025-10-22,26.989999771118164,27.040000915527344,26.899999618530273,26.959999084472656,216800.0
DBA,2025-10-23,27.149999618530273,27.190000534057617,26.889999389648438,26.920000076293945,132800.0
DBA,2025-10-24,26.799999237060547,26.799999237060547,26.540000915527344,26.59000015258789,383000.0
DBA,2025-10-27,26.479999542236328,26.5,26.200000762939453,26.290000915527344,274300.0
DBA,2025-10-28,26.190000534057617,26.350000381469727,26.09000015258789,26.15999984741211,249800.0
DBA,2025-10-29,26.139999389648438,26.450000762939453,26.139999389648438,26.31999969482422,186000.0
DBA,2025-10-30,26.190000534057617,26.329999923706055,26.049999237060547,26.260000228881836,230800.0
DBA,2025-10-31,26.299999237060547,26.3700008392334,26.25,26.3700008392334,105900.0
DBA,2025-11-03,26.559999465942383,26.940000534057617,26.549999237060547,26.920000076293945,183500.0
DBA,2025-11-04,26.81999969482422,26.8700008392334,26.610000610351562,26.649999618530273,153500.0
DBA,2025-11-05,26.75,26.760000228881836,26.540000915527344,26.549999237060547,133200.0
DBA,2025-11-06,26.34000015258789,26.350000381469727,26.059999465942383,26.110000610351562,296600.0
DBA,2025-11-07,26.170000076293945,26.209999084472656,26.059999465942383,26.200000762939453,118000.0
DBA,2025-11-10,26.229999542236328,26.639999389648438,26.18000030517578,26.610000610351562,212200.0
DBA,2025-11-11,26.540000915527344,26.610000610351562,26.510000228881836,26.540000915527344,133500.0
DBA,2025-11-12,26.420000076293945,26.43000030517578,26.34000015258789,26.399999618530273,121800.0
DBA,2025-11-13,26.389999389648438,26.40999984741211,26.219999313354492,26.239999771118164,172300.0
DBA,2025-11-14,26.18000030517578,26.34000015258789,26.06999969482422,26.09000015258789,208100.0
DBA,2025-11-17,26.1200008392334,26.440000534057617,26.1200008392334,26.43000030517578,268700.0
DBA,2025-11-18,26.450000762939453,26.5,26.3700008392334,26.399999618530273,87800.0
DBA,2025-11-19,26.309999465942383,26.329999923706055,26.06999969482422,26.09000015258789,209500.0
DBA,2025-11-20,26.25,26.25,25.93000030517578,25.940000534057617,234100.0
DBA,2025-11-21,25.809999465942383,25.93000030517578,25.649999618530273,25.8799991607666,546700.0
DBA,2025-11-24,25.579999923706055,25.790000915527344,25.549999237060547,25.68000030517578,229600.0
DBA,2025-11-25,25.670000076293945,25.90999984741211,25.670000076293945,25.850000381469727,339200.0
DBA,2025-11-26,25.899999618530273,26.170000076293945,25.899999618530273,26.1299991607666,153000.0
DBA,2025-11-28,26.18000030517578,26.43000030517578,26.18000030517578,26.420000076293945,115800.0
DBA,2025-12-01,26.31999969482422,26.3700008392334,26.270000457763672,26.290000915527344,251400.0
DBA,2025-12-02,26.290000915527344,26.489999771118164,26.290000915527344,26.40999984741211,196200.0
DBA,2025-12-03,26.420000076293945,26.440000534057617,26.329999923706055,26.3799991607666,85500.0
DBA,2025-12-04,26.3700008392334,26.489999771118164,26.360000610351562,26.459999084472656,98500.0
DBA,2025-12-05,26.489999771118164,26.56999969482422,26.440000534057617,26.520000457763672,128100.0
DBA,2025-12-08,26.469999313354492,26.510000228881836,26.360000610351562,26.399999618530273,424400.0
DBA,2025-12-09,26.389999389648438,26.469999313354492,26.350000381469727,26.399999618530273,128000.0
DBA,2025-12-10,26.440000534057617,26.520000457763672,26.420000076293945,26.489999771118164,166500.0
DBA,2025-12-11,26.549999237060547,26.670000076293945,26.549999237060547,26.639999389648438,377700.0
DBA,2025-12-12,26.6200008392334,26.6200008392334,26.479999542236328,26.520000457763672,274000.0
DBA,2025-12-15,26.399999618530273,26.399999618530273,26.260000228881836,26.34000015258789,191800.0
DBA,2025-12-16,26.31999969482422,26.34000015258789,26.219999313354492,26.25,126100.0
DBA,2025-12-17,26.280000686645508,26.280000686645508,26.170000076293945,26.200000762939453,58700.0
DBA,2025-12-18,26.1299991607666,26.18000030517578,26.09000015258789,26.149999618530273,131200.0
DBA,2025-12-19,26.139999389648438,26.25,26.1299991607666,26.200000762939453,186200.0
DBA,2025-12-22,25.450000762939453,25.5,25.399999618530273,25.440000534057617,385700.0
DBA,2025-12-23,25.479999542236328,25.530000686645508,25.469999313354492,25.479999542236328,170800.0
DBA,2025-12-24,25.559999465942383,25.670000076293945,25.540000915527344,25.649999618530273,152900.0
DBA,2025-12-26,25.670000076293945,25.709999084472656,25.639999389648438,25.65999984741211,316400.0
DBA,2025-12-29,25.700000762939453,25.739999771118164,25.649999618530273,25.649999618530273,171800.0
DBA,2025-12-30,25.600000381469727,25.6299991607666,25.549999237060547,25.56999969482422,177100.0
DBA,2025-12-31,25.610000610351562,25.639999389648438,25.520000457763672,25.520000457763672,677200.0
DBA,2026-01-02,25.5,25.56999969482422,25.43000030517578,25.559999465942383,307600.0
DBA,2026-01-05,25.670000076293945,25.850000381469727,25.670000076293945,25.81999969482422,372400.0
DBA,2026-01-06,25.829999923706055,25.920000076293945,25.809999465942383,25.84000015258789,276500.0
DBA,2026-01-07,25.950000762939453,25.950000762939453,25.8799991607666,25.90999984741211,190900.0
DBA,2026-01-08,25.959999084472656,26.049999237060547,25.959999084472656,26.010000228881836,260000.0
DBA,2026-01-09,25.950000762939453,25.959999084472656,25.75,25.780000686645508,312300.0
DBA,2026-01-12,25.809999465942383,25.90999984741211,25.56999969482422,25.6299991607666,387800.0
DBA,2026-01-13,25.559999465942383,25.649999618530273,25.549999237060547,25.56999969482422,240700.0
DBA,2026-01-14,25.56999969482422,25.6200008392334,25.479999542236328,25.510000228881836,366000.0
DBA,2026-01-15,25.520000457763672,25.6299991607666,25.520000457763672,25.59000015258789,265200.0
DBA,2026-01-16,25.690000534057617,25.700000762939453,25.559999465942383,25.600000381469727,229000.0
DBA,2026-01-20,25.510000228881836,25.579999923706055,25.489999771118164,25.489999771118164,218100.0
DBA,2026-01-21,25.56999969482422,25.600000381469727,25.5,25.549999237060547,224300.0
DBA,2026-01-22,25.6200008392334,25.649999618530273,25.579999923706055,25.600000381469727,213500.0
DBA,2026-01-23,25.610000610351562,25.770000457763672,25.59000015258789,25.739999771118164,207200.0
DBA,2026-01-26,25.790000915527344,25.84000015258789,25.719999313354492,25.760000228881836,296700.0
DBA,2026-01-27,25.860000610351562,25.860000610351562,25.799999237060547,25.84000015258789,197000.0
DBA,2026-01-28,25.8700008392334,25.920000076293945,25.829999923706055,25.8799991607666,210300.0
DBA,2026-01-29,25.940000534057617,26.010000228881836,25.81999969482422,25.8700008392334,322900.0
DBA,2026-01-30,25.809999465942383,25.809999465942383,25.559999465942383,25.65999984741211,305100.0
DBA,2026-02-02,25.549999237060547,25.649999618530273,25.540000915527344,25.649999618530273,196000.0
DBA,2026-02-03,25.709999084472656,25.760000228881836,25.68000030517578,25.75,245700.0
DBA,2026-02-04,25.670000076293945,25.93000030517578,25.649999618530273,25.709999084472656,197900.0
DBA,2026-02-05,25.739999771118164,25.829999923706055,25.549999237060547,25.770000457763672,378600.0
DBA,2026-02-06,25.790000915527344,25.899999618530273,25.68000030517578,25.770000457763672,406500.0
DBA,2026-02-09,25.75,25.790000915527344,25.709999084472656,25.75,141900.0
DBA,2026-02-10,25.75,25.790000915527344,25.709999084472656,25.729999542236328,255900.0
DBA,2026-02-11,25.770000457763672,25.860000610351562,25.700000762939453,25.81999969482422,149800.0
DBA,2026-02-12,25.8700008392334,25.920000076293945,25.790000915527344,25.889999389648438,264900.0
DBA,2026-02-13,25.850000381469727,25.860000610351562,25.729999542236328,25.790000915527344,179100.0
DBA,2026-02-17,25.639999389648438,25.770000457763672,25.610000610351562,25.709999084472656,175900.0
DBA,2026-02-18,25.760000228881836,25.84000015258789,25.739999771118164,25.84000015258789,256000.0
DBA,2026-02-19,25.75,25.920000076293945,25.729999542236328,25.899999618530273,935100.0
DBA,2026-02-20,25.979999542236328,26.059999465942383,25.860000610351562,26.030000686645508,359600.0
DBA,2026-02-23,25.93000030517578,26.110000610351562,25.93000030517578,25.969999313354492,338400.0
DBA,2026-02-24,25.920000076293945,26.040000915527344,25.920000076293945,26.010000228881836,197200.0
DBA,2026-02-25,26.010000228881836,26.139999389648438,25.959999084472656,26.1200008392334,236800.0
DBA,2026-02-26,26.149999618530273,26.149999618530273,25.969999313354492,26.049999237060547,313400.0
DBA,2026-02-27,26.100000381469727,26.139999389648438,25.969999313354492,26.020000457763672,193400.0
DBA,2026-03-02,26.040000915527344,26.049999237060547,25.90999984741211,25.989999771118164,249600.0
DBA,2026-03-03,26.049999237060547,26.06999969482422,25.860000610351562,26.020000457763672,632100.0
DBA,2026-03-04,25.989999771118164,26.1200008392334,25.989999771118164,26.1200008392334,259800.0
DBA,2026-03-05,26.190000534057617,26.420000076293945,26.15999984741211,26.40999984741211,1279600.0
DBA,2026-03-06,26.610000610351562,26.760000228881836,26.56999969482422,26.709999084472656,3532700.0
DBA,2026-03-09,26.829999923706055,26.84000015258789,26.510000228881836,26.549999237060547,1904500.0
DBA,2026-03-10,26.59000015258789,26.639999389648438,26.469999313354492,26.610000610351562,752000.0
DBA,2026-03-11,26.770000457763672,26.780000686645508,26.6200008392334,26.700000762939453,2688500.0
DBA,2026-03-12,26.809999465942383,26.8700008392334,26.709999084472656,26.75,2333000.0
DBA,2026-03-13,26.700000762939453,26.829999923706055,26.600000381469727,26.75,4488500.0
DBA,2026-03-16,26.709999084472656,26.760000228881836,26.440000534057617,26.450000762939453,2304300.0
DBA,2026-03-17,26.600000381469727,26.68000030517578,26.530000686645508,26.6200008392334,1186200.0
DBA,2026-03-18,26.6299991607666,26.920000076293945,26.610000610351562,26.90999984741211,2617000.0
DBA,2026-03-19,26.950000762939453,26.979999542236328,26.829999923706055,26.969999313354492,2685900.0
DBA,2026-03-20,26.850000381469727,26.93000030517578,26.790000915527344,26.850000381469727,1557000.0
DBA,2026-03-23,26.739999771118164,26.860000610351562,26.65999984741211,26.84000015258789,2924500.0
DBA,2026-03-24,26.780000686645508,26.959999084472656,26.770000457763672,26.889999389648438,1830200.0
DBA,2026-03-25,26.790000915527344,27.0,26.75,26.959999084472656,2316100.0
DBA,2026-03-26,26.940000534057617,27.139999389648438,26.899999618530273,27.110000610351562,1592600.0
DBA,2026-03-27,27.139999389648438,27.31999969482422,27.09000015258789,27.170000076293945,2147600.0
DBA,2026-03-30,27.1299991607666,27.270000457763672,27.100000381469727,27.1200008392334,1428900.0
DBA,2026-03-31,27.18000030517578,27.3700008392334,27.15999984741211,27.31999969482422,2374000.0
DBA,2026-04-01,27.1299991607666,27.15999984741211,26.959999084472656,27.100000381469727,2251800.0
DBA,2026-04-02,27.219999313354492,27.229999542236328,27.1200008392334,27.15999984741211,2938700.0
DBA,2026-04-06,27.200000762939453,27.299999237060547,27.139999389648438,27.280000686645508,1678100.0
DBA,2026-04-07,27.15999984741211,27.229999542236328,27.0,27.010000228881836,1910900.0
DBA,2026-04-08,26.90999984741211,26.950000762939453,26.799999237060547,26.8700008392334,2181900.0
DBA,2026-04-09,26.959999084472656,26.979999542236328,26.770000457763672,26.8700008392334,1718200.0
DBA,2026-04-10,26.920000076293945,26.950000762939453,26.84000015258789,26.889999389648438,561600.0
DBA,2026-04-13,26.969999313354492,27.100000381469727,26.93000030517578,26.93000030517578,1508800.0
DBA,2026-04-14,27.030000686645508,27.139999389648438,26.989999771118164,27.1200008392334,1616900.0
DBA,2026-04-15,27.149999618530273,27.219999313354492,27.06999969482422,27.170000076293945,1260100.0
DBA,2026-04-16,27.25,27.280000686645508,27.100000381469727,27.110000610351562,1419600.0
DBA,2026-04-17,26.90999984741211,26.969999313354492,26.770000457763672,26.920000076293945,2481500.0
DBA,2026-04-20,27.0,27.139999389648438,26.979999542236328,26.989999771118164,1101100.0
DBA,2026-04-21,27.040000915527344,27.229999542236328,27.030000686645508,27.170000076293945,1271700.0
DBA,2026-04-22,27.260000228881836,27.309999465942383,27.110000610351562,27.1299991607666,1047000.0
DBA,2026-04-23,27.15999984741211,27.420000076293945,27.059999465942383,27.399999618530273,1638800.0
DBA,2026-04-24,27.3700008392334,27.40999984741211,27.299999237060547,27.389999389648438,1182700.0
DBA,2026-04-27,27.3799991607666,27.6200008392334,27.3799991607666,27.56999969482422,1917500.0
DBA,2026-04-28,27.75,27.969999313354492,27.639999389648438,27.959999084472656,2720000.0
DBA,2026-04-29,28.030000686645508,28.190000534057617,28.010000228881836,28.110000610351562,3153100.0
DBA,2026-04-30,28.0,28.079999923706055,27.93000030517578,28.030000686645508,1796300.0
DBA,2026-05-01,28.100000381469727,28.209999084472656,28.040000915527344,28.110000610351562,1362000.0
DBA,2026-05-04,28.15999984741211,28.329999923706055,28.110000610351562,28.290000915527344,2656000.0
DBA,2026-05-05,28.280000686645508,28.3700008392334,28.200000762939453,28.3700008392334,1712600.0
DBA,2026-05-06,28.1299991607666,28.1299991607666,27.940000534057617,28.059999465942383,2013400.0
DBA,2026-05-07,27.8799991607666,27.8799991607666,27.600000381469727,27.799999237060547,3059900.0
DBA,2026-05-08,27.889999389648438,28.0,27.84000015258789,27.969999313354492,604000.0
DBA,2026-05-11,28.209999084472656,28.389999389648438,28.18000030517578,28.329999923706055,1520300.0
DBA,2026-05-12,28.40999984741211,28.6200008392334,28.350000381469727,28.56999969482422,1863100.0
DBA,2026-05-13,28.540000915527344,28.84000015258789,28.459999084472656,28.729999542236328,1988100.0
DBA,2026-05-14,28.329999923706055,28.3799991607666,28.170000076293945,28.25,1221200.0
DBA,2026-05-15,27.920000076293945,27.969999313354492,27.75,27.829999923706055,2476600.0
DBA,2026-05-18,28.1299991607666,28.270000457763672,28.110000610351562,28.200000762939453,1713500.0
DBA,2026-05-19,28.270000457763672,28.329999923706055,28.190000534057617,28.280000686645508,877300.0
DBA,2026-05-20,28.15999984741211,28.15999984741211,27.889999389648438,27.969999313354492,1094000.0
DBA,2026-05-21,27.969999313354492,27.989999771118164,27.549999237060547,27.610000610351562,1619500.0
DBA,2026-05-22,27.639999389648438,27.690000534057617,27.489999771118164,27.559999465942383,917100.0
DBA,2026-05-26,27.600000381469727,27.649999618530273,27.43000030517578,27.469999313354492,801900.0
DBA,2026-05-27,27.3700008392334,27.530000686645508,27.329999923706055,27.469999313354492,1309600.0
DBA,2026-05-28,27.489999771118164,27.59000015258789,27.420000076293945,27.579999923706055,583300.0
DBA,2026-05-29,27.549999237060547,27.549999237060547,27.190000534057617,27.25,1825400.0
DBA,2026-06-01,27.420000076293945,27.450000762939453,27.200000762939453,27.239999771118164,1134900.0
DBA,2026-06-02,27.239999771118164,27.239999771118164,27.059999465942383,27.1200008392334,1658300.0
DBA,2026-06-03,27.18000030517578,27.209999084472656,26.860000610351562,26.860000610351562,1072900.0
DBA,2026-06-04,26.809999465942383,26.8700008392334,26.6200008392334,26.690000534057617,1354000.0
DBA,2026-06-05,26.610000610351562,26.670000076293945,26.3799991607666,26.399999618530273,4275100.0
DBA,2026-06-08,26.420000076293945,26.520000457763672,26.309999465942383,26.329999923706055,1259500.0
DBA,2026-06-09,26.360000610351562,26.450000762939453,26.239999771118164,26.280000686645508,759400.0
DBA,2026-06-10,26.3799991607666,26.420000076293945,26.309999465942383,26.329999923706055,737800.0
DBA,2026-06-11,26.31999969482422,26.3700008392334,26.219999313354492,26.299999237060547,1014300.0
DBA,2026-06-12,26.309999465942383,26.360000610351562,26.239999771118164,26.239999771118164,811600.0
DBA,2026-06-15,26.170000076293945,26.389999389648438,26.15999984741211,26.3799991607666,1406500.0
DBA,2026-06-16,26.459999084472656,26.729999542236328,26.450000762939453,26.65999984741211,797200.0
DBA,2026-06-17,26.809999465942383,26.8700008392334,26.770000457763672,26.84000015258789,829100.0
DBA,2026-06-18,26.75,26.75,26.579999923706055,26.6299991607666,1040900.0
DBA,2026-06-22,26.729999542236328,26.75,26.639999389648438,26.649999618530273,2362200.0
DBA,2026-06-23,26.6200008392334,26.729999542236328,26.579999923706055,26.600000381469727,1704800.0
DBA,2026-06-24,26.649999618530273,26.760000228881836,26.559999465942383,26.559999465942383,834700.0
DBA,2026-06-25,26.6299991607666,26.940000534057617,26.600000381469727,26.920000076293945,1352800.0
DBA,2026-06-26,26.790000915527344,26.90999984741211,26.770000457763672,26.799999237060547,621100.0
DBA,2026-06-29,26.739999771118164,26.739999771118164,26.479999542236328,26.510000228881836,2364400.0
DBA,2026-06-30,26.6200008392334,26.770000457763672,26.450000762939453,26.670000076293945,707400.0
DBA,2026-07-01,26.739999771118164,26.920000076293945,26.739999771118164,26.860000610351562,517900.0
DBA,2026-07-02,26.8700008392334,26.969999313354492,26.719999313354492,26.739999771118164,387300.0
DBA,2026-07-06,27.18000030517578,27.59000015258789,27.149999618530273,27.540000915527344,1314100.0
DBA,2026-07-07,27.5,27.579999923706055,27.3799991607666,27.549999237060547,1175500.0
DBA,2026-07-08,27.639999389648438,27.690000534057617,27.530000686645508,27.6200008392334,681800.0
DBA,2026-07-09,27.670000076293945,27.8799991607666,27.639999389648438,27.709999084472656,607900.0
DBA,2026-07-10,27.649999618530273,27.809999465942383,27.5,27.770000457763672,1459200.0
DBA,2026-07-13,27.809999465942383,27.899999618530273,27.700000762939453,27.719999313354492,1160000.0
DBA,2026-07-14,27.6299991607666,27.68000030517578,27.549999237060547,27.6299991607666,602500.0
DBA,2026-07-15,27.670000076293945,28.0,27.670000076293945,27.979999542236328,1448600.0
DBA,2026-07-16,27.81999969482422,27.829999923706055,27.559999465942383,27.59000015258789,645400.0
DBA,2026-07-17,27.760000228881836,27.850000381469727,27.690000534057617,27.84000015258789,856300.0
DBA,2026-07-20,27.979999542236328,28.079999923706055,27.899999618530273,28.020000457763672,713400.0
DBA,2026-07-21,28.030000686645508,28.15999984741211,27.979999542236328,28.149999618530273,646400.0
DBA,2026-07-22,28.200000762939453,28.299999237060547,28.149999618530273,28.229999542236328,647600.0
DBA,2026-07-23,28.309999465942383,28.34000015258789,28.15999984741211,28.239999771118164,600700.0
DBA,2026-07-24,28.1200008392334,28.360000610351562,28.059999465942383,28.239999771118164,529600.0
DBA,2026-07-27,27.850000381469727,27.920000076293945,27.610000610351562,27.6200008392334,1139400.0
DBA,2026-07-28,27.6299991607666,27.959999084472656,27.6299991607666,27.84000015258789,1036000.0
DBA,2026-07-29,27.829999923706055,27.829999923706055,27.489999771118164,27.489999771118164,601900.0
DBA,2026-07-30,27.610000610351562,27.670000076293945,27.459999084472656,27.479999542236328,1299200.0
DBA,2026-07-31,27.600000381469727,27.600000381469727,27.440000534057617,27.510000228881836,425400.0
DBA,2026-08-03,27.510000228881836,27.809999465942383,27.489999771118164,27.790000915527344,481800.0
DBA,2026-08-04,27.549999237060547,27.690000534057617,27.479999542236328,27.65999984741211,741600.0
DBA,2026-08-05,27.65999984741211,27.809999465942383,27.520000457763672,27.6299991607666,2092000.0
DBA,2026-08-06,27.600000381469727,27.600000381469727,27.3700008392334,27.43000030517578,463900.0
DBA,2026-08-07,27.479999542236328,27.690000534057617,27.469999313354492,27.6200008392334,412500.0
DBA,2026-08-10,27.690000534057617,27.860000610351562,27.68000030517578,27.81999969482422,356900.0
DBA,2026-08-11,27.75,27.75,27.559999465942383,27.59000015258789,480100.0
DBA,2026-08-12,27.690000534057617,27.920000076293945,27.670000076293945,27.84000015258789,695200.0
DBA,2026-08-13,27.770000457763672,27.81999969482422,27.59000015258789,27.6200008392334,484400.0
DBA,2026-08-14,27.649999618530273,27.790000915527344,27.6299991607666,27.770000457763672,450800.0
DBA,2026-08-17,27.860000610351562,28.15999984741211,27.850000381469727,28.139999389648438,867200.0
DBA,2026-08-18,28.190000534057617,28.239999771118164,28.010000228881836,28.030000686645508,1485300.0
DBA,2026-08-19,28.149999618530273,28.399999618530273,28.149999618530273,28.290000915527344,740400.0
DBA,2026-08-20,28.399999618530273,28.479999542236328,28.329999923706055,28.3799991607666,1363300.0
DBA,2026-08-21,28.360000610351562,28.360000610351562,28.139999389648438,28.31999969482422,1068000.0
DBA,2026-08-24,28.329999923706055,28.34000015258789,28.170000076293945,28.299999237060547,967800.0
DBA,2026-08-25,28.030000686645508,28.299999237060547,27.969999313354492,28.280000686645508,1066100.0
DBA,2026-08-26,28.280000686645508,28.65999984741211,28.280000686645508,28.59000015258789,1946400.0
DBA,2026-08-27,28.6299991607666,28.920000076293945,28.59000015258789,28.81999969482422,2499900.0
DBA,2026-08-28,29.010000228881836,29.200000762939453,28.959999084472656,29.190000534057617,3341100.0
DBA,2026-08-31,29.09000015258789,29.360000610351562,29.040000915527344,29.31999969482422,2298600.0
DBA,2026-09-01,29.280000686645508,29.520000457763672,29.229999542236328,29.489999771118164,3565600.0
DBA,2026-09-02,29.1200008392334,29.440000534057617,29.1200008392334,29.270000457763672,3171300.0
DBA,2026-09-03,28.850000381469727,29.1299991607666,28.770000457763672,29.09000015258789,1619700.0
DBA,2026-09-04,29.040000915527344,29.079999923706055,28.850000381469727,28.850000381469727,988600.0
DBA,2026-09-08,28.90999984741211,29.1299991607666,28.889999389648438,29.1299991607666,951500.0
DBA,2026-09-09,29.209999084472656,29.209999084472656,28.969999313354492,29.0,1539300.0
DBA,2026-09-10,29.100000381469727,29.31999969482422,28.989999771118164,29.31999969482422,1351700.0
DBA,2026-09-11,29.200000762939453,29.200000762939453,28.829999923706055,28.93000030517578,1330600.0
DBA,2026-09-14,28.950000762939453,29.059999465942383,28.8700008392334,28.959999084472656,1422000.0
DBA,2026-09-15,28.850000381469727,28.969999313354492,28.829999923706055,28.8799991607666,2588900.0
DBA,2026-09-16,28.90999984741211,28.979999542236328,28.709999084472656,28.81999969482422,1159600.0
DBA,2026-09-17,28.65999984741211,28.719999313354492,28.420000076293945,28.420000076293945,2038800.0
