time,open,high,low,close,volume
2026-05-18 17:45:00+00:00,1.16516,1.16521,1.16481,1.16482,682.00000
2026-05-18 18:00:00+00:00,1.16483,1.16488,1.16452,1.16457,938.00000
2026-05-18 18:15:00+00:00,1.16458,1.16458,1.16367,1.16389,1324.00000
2026-05-18 18:30:00+00:00,1.16393,1.16398,1.16356,1.16373,1290.00000
2026-05-18 18:45:00+00:00,1.16372,1.16373,1.16288,1.16293,1291.00000
2026-05-18 19:00:00+00:00,1.16294,1.16563,1.16293,1.16460,3896.00000
2026-05-18 19:15:00+00:00,1.16461,1.16511,1.16445,1.16476,1975.00000
2026-05-18 19:30:00+00:00,1.16477,1.16526,1.16473,1.16517,1479.00000
2026-05-18 19:45:00+00:00,1.16516,1.16556,1.16508,1.16510,1364.00000
2026-05-18 20:00:00+00:00,1.16511,1.16574,1.16511,1.16573,722.00000
2026-05-18 20:15:00+00:00,1.16574,1.16608,1.16573,1.16593,432.00000
2026-05-18 20:30:00+00:00,1.16592,1.16594,1.16548,1.16578,384.00000
2026-05-18 20:45:00+00:00,1.16577,1.16577,1.16541,1.16562,518.00000
2026-05-18 21:00:00+00:00,1.16555,1.16555,1.16496,1.16521,98.00000
2026-05-18 21:15:00+00:00,1.16523,1.16526,1.16522,1.16524,18.00000
2026-05-18 21:30:00+00:00,1.16523,1.16580,1.16508,1.16575,396.00000
2026-05-18 21:45:00+00:00,1.16562,1.16610,1.16562,1.16591,351.00000
2026-05-18 22:00:00+00:00,1.16592,1.16618,1.16583,1.16598,478.00000
2026-05-18 22:15:00+00:00,1.16597,1.16602,1.16587,1.16591,200.00000
2026-05-18 22:30:00+00:00,1.16592,1.16605,1.16586,1.16587,268.00000
2026-05-18 22:45:00+00:00,1.16588,1.16590,1.16562,1.16580,159.00000
2026-05-18 23:00:00+00:00,1.16579,1.16585,1.16567,1.16568,226.00000
2026-05-18 23:15:00+00:00,1.16569,1.16583,1.16563,1.16581,170.00000
2026-05-18 23:30:00+00:00,1.16582,1.16584,1.16560,1.16577,365.00000
2026-05-18 23:45:00+00:00,1.16576,1.16576,1.16547,1.16548,274.00000
2026-05-19 00:00:00+00:00,1.16549,1.16559,1.16497,1.16508,1559.00000
2026-05-19 00:15:00+00:00,1.16509,1.16541,1.16490,1.16506,1086.00000
2026-05-19 00:30:00+00:00,1.16507,1.16509,1.16452,1.16457,968.00000
2026-05-19 00:45:00+00:00,1.16460,1.16465,1.16437,1.16446,620.00000
2026-05-19 01:00:00+00:00,1.16445,1.16462,1.16431,1.16449,1142.00000
2026-05-19 01:15:00+00:00,1.16450,1.16471,1.16438,1.16463,1066.00000
2026-05-19 01:30:00+00:00,1.16462,1.16528,1.16444,1.16523,1060.00000
2026-05-19 01:45:00+00:00,1.16517,1.16523,1.16463,1.16464,1054.00000
2026-05-19 02:00:00+00:00,1.16462,1.16462,1.16409,1.16433,1215.00000
2026-05-19 02:15:00+00:00,1.16432,1.16472,1.16422,1.16451,856.00000
2026-05-19 02:30:00+00:00,1.16450,1.16467,1.16436,1.16446,718.00000
2026-05-19 02:45:00+00:00,1.16447,1.16457,1.16416,1.16432,732.00000
2026-05-19 03:00:00+00:00,1.16431,1.16436,1.16402,1.16428,883.00000
2026-05-19 03:15:00+00:00,1.16429,1.16457,1.16423,1.16448,640.00000
2026-05-19 03:30:00+00:00,1.16449,1.16452,1.16437,1.16437,442.00000
2026-05-19 03:45:00+00:00,1.16432,1.16432,1.16411,1.16411,576.00000
2026-05-19 04:00:00+00:00,1.16414,1.16431,1.16405,1.16423,562.00000
2026-05-19 04:15:00+00:00,1.16424,1.16432,1.16403,1.16411,618.00000
2026-05-19 04:30:00+00:00,1.16413,1.16424,1.16374,1.16376,598.00000
2026-05-19 04:45:00+00:00,1.16378,1.16383,1.16353,1.16366,674.00000
2026-05-19 05:00:00+00:00,1.16368,1.16396,1.16354,1.16387,556.00000
2026-05-19 05:15:00+00:00,1.16386,1.16390,1.16336,1.16355,937.00000
2026-05-19 05:30:00+00:00,1.16351,1.16395,1.16344,1.16386,748.00000
2026-05-19 05:45:00+00:00,1.16385,1.16431,1.16380,1.16421,846.00000
2026-05-19 06:00:00+00:00,1.16423,1.16426,1.16380,1.16406,1224.00000
2026-05-19 06:15:00+00:00,1.16405,1.16457,1.16400,1.16429,953.00000
2026-05-19 06:30:00+00:00,1.16425,1.16430,1.16386,1.16424,932.00000
2026-05-19 06:45:00+00:00,1.16423,1.16425,1.16360,1.16366,1036.00000
2026-05-19 07:00:00+00:00,1.16360,1.16365,1.16306,1.16343,1458.00000
2026-05-19 07:15:00+00:00,1.16344,1.16347,1.16300,1.16316,1032.00000
2026-05-19 07:30:00+00:00,1.16317,1.16337,1.16305,1.16310,976.00000
2026-05-19 07:45:00+00:00,1.16312,1.16376,1.16312,1.16349,1299.00000
2026-05-19 08:00:00+00:00,1.16350,1.16360,1.16261,1.16281,1680.00000
2026-05-19 08:15:00+00:00,1.16283,1.16324,1.16272,1.16302,1456.00000
2026-05-19 08:30:00+00:00,1.16301,1.16338,1.16261,1.16273,1102.00000
2026-05-19 08:45:00+00:00,1.16272,1.16283,1.16223,1.16234,1026.00000
2026-05-19 09:00:00+00:00,1.16233,1.16233,1.16163,1.16174,1120.00000
2026-05-19 09:15:00+00:00,1.16172,1.16196,1.16149,1.16178,1105.00000
2026-05-19 09:30:00+00:00,1.16179,1.16196,1.16148,1.16181,1165.00000
2026-05-19 09:45:00+00:00,1.16180,1.16205,1.16164,1.16194,1056.00000
2026-05-19 10:00:00+00:00,1.16192,1.16260,1.16185,1.16255,1196.00000
2026-05-19 10:15:00+00:00,1.16254,1.16267,1.16230,1.16248,828.00000
2026-05-19 10:30:00+00:00,1.16249,1.16253,1.16111,1.16126,1957.00000
2026-05-19 10:45:00+00:00,1.16127,1.16235,1.16122,1.16221,1824.00000
2026-05-19 11:00:00+00:00,1.16222,1.16224,1.16182,1.16184,1257.00000
2026-05-19 11:15:00+00:00,1.16183,1.16203,1.16170,1.16189,1076.00000
2026-05-19 11:30:00+00:00,1.16193,1.16225,1.16189,1.16217,1044.00000
2026-05-19 11:45:00+00:00,1.16214,1.16223,1.16164,1.16166,1110.00000
2026-05-19 12:00:00+00:00,1.16163,1.16229,1.16152,1.16220,1560.00000
2026-05-19 12:15:00+00:00,1.16218,1.16239,1.16201,1.16221,1022.00000
2026-05-19 12:30:00+00:00,1.16220,1.16236,1.16168,1.16182,1941.00000
2026-05-19 12:45:00+00:00,1.16183,1.16217,1.16160,1.16166,1442.00000
2026-05-19 13:00:00+00:00,1.16165,1.16179,1.16117,1.16147,2063.00000
2026-05-19 13:15:00+00:00,1.16148,1.16153,1.16043,1.16056,2245.00000
2026-05-19 13:30:00+00:00,1.16057,1.16099,1.16016,1.16092,2788.00000
2026-05-19 13:45:00+00:00,1.16093,1.16156,1.16079,1.16136,2686.00000
2026-05-19 14:00:00+00:00,1.16135,1.16169,1.16052,1.16053,3199.00000
2026-05-19 14:15:00+00:00,1.16052,1.16065,1.15949,1.16008,2746.00000
2026-05-19 14:30:00+00:00,1.16007,1.16014,1.15949,1.15961,2806.00000
2026-05-19 14:45:00+00:00,1.15962,1.16010,1.15954,1.15955,2386.00000
2026-05-19 15:00:00+00:00,1.15956,1.15981,1.15922,1.15950,2025.00000
2026-05-19 15:15:00+00:00,1.15952,1.15983,1.15934,1.15960,2220.00000
2026-05-19 15:30:00+00:00,1.15958,1.16030,1.15947,1.15999,1732.00000
2026-05-19 15:45:00+00:00,1.15995,1.16029,1.15993,1.16019,1014.00000
2026-05-19 16:00:00+00:00,1.16020,1.16025,1.15959,1.15989,1700.00000
2026-05-19 16:15:00+00:00,1.15990,1.16060,1.15976,1.16052,1289.00000
2026-05-19 16:30:00+00:00,1.16050,1.16094,1.16039,1.16085,1416.00000
2026-05-19 16:45:00+00:00,1.16086,1.16089,1.16058,1.16071,897.00000
2026-05-19 17:00:00+00:00,1.16070,1.16122,1.16068,1.16116,752.00000
2026-05-19 17:15:00+00:00,1.16117,1.16120,1.16086,1.16094,630.00000
2026-05-19 17:30:00+00:00,1.16095,1.16107,1.16073,1.16103,864.00000
2026-05-19 17:45:00+00:00,1.16104,1.16117,1.16082,1.16106,838.00000
2026-05-19 18:00:00+00:00,1.16107,1.16148,1.16106,1.16124,692.00000
2026-05-19 18:15:00+00:00,1.16123,1.16128,1.16082,1.16085,804.00000
2026-05-19 18:30:00+00:00,1.16084,1.16097,1.16065,1.16093,1248.00000
2026-05-19 18:45:00+00:00,1.16092,1.16092,1.16028,1.16032,1030.00000
2026-05-19 19:00:00+00:00,1.16030,1.16067,1.16026,1.16054,930.00000
2026-05-19 19:15:00+00:00,1.16055,1.16062,1.16028,1.16045,774.00000
2026-05-19 19:30:00+00:00,1.16047,1.16080,1.16039,1.16078,634.00000
2026-05-19 19:45:00+00:00,1.16076,1.16078,1.16044,1.16063,812.00000
2026-05-19 20:00:00+00:00,1.16064,1.16066,1.16034,1.16043,364.00000
2026-05-19 20:15:00+00:00,1.16042,1.16050,1.16034,1.16048,186.00000
2026-05-19 20:30:00+00:00,1.16054,1.16070,1.16053,1.16053,193.00000
2026-05-19 20:45:00+00:00,1.16047,1.16067,1.16043,1.16065,462.00000
2026-05-19 21:00:00+00:00,1.16055,1.16057,1.15994,1.16055,49.00000
2026-05-19 21:15:00+00:00,1.16056,1.16077,1.16031,1.16076,156.00000
2026-05-19 21:30:00+00:00,1.16077,1.16087,1.16073,1.16074,202.00000
2026-05-19 21:45:00+00:00,1.16076,1.16082,1.16061,1.16081,446.00000
2026-05-19 22:00:00+00:00,1.16078,1.16083,1.16056,1.16068,261.00000
2026-05-19 22:15:00+00:00,1.16068,1.16083,1.16067,1.16080,133.00000
2026-05-19 22:30:00+00:00,1.16079,1.16088,1.16067,1.16069,228.00000
2026-05-19 22:45:00+00:00,1.16068,1.16088,1.16068,1.16087,284.00000
2026-05-19 23:00:00+00:00,1.16086,1.16092,1.16076,1.16091,222.00000
2026-05-19 23:15:00+00:00,1.16092,1.16105,1.16092,1.16103,60.00000
2026-05-19 23:30:00+00:00,1.16104,1.16129,1.16100,1.16113,268.00000
2026-05-19 23:45:00+00:00,1.16112,1.16113,1.16063,1.16067,486.00000
2026-05-20 00:00:00+00:00,1.16064,1.16069,1.16032,1.16049,1420.00000
2026-05-20 00:15:00+00:00,1.16050,1.16103,1.16039,1.16085,1188.00000
2026-05-20 00:30:00+00:00,1.16087,1.16105,1.16037,1.16044,1138.00000
2026-05-20 00:45:00+00:00,1.16043,1.16061,1.16008,1.16013,980.00000
2026-05-20 01:00:00+00:00,1.16010,1.16024,1.15983,1.15988,1421.00000
2026-05-20 01:15:00+00:00,1.15987,1.16005,1.15953,1.15958,972.00000
2026-05-20 01:30:00+00:00,1.15959,1.15976,1.15936,1.15954,1184.00000
2026-05-20 01:45:00+00:00,1.15955,1.16028,1.15943,1.15973,1614.00000
2026-05-20 02:00:00+00:00,1.15976,1.16004,1.15970,1.16002,1043.00000
2026-05-20 02:15:00+00:00,1.16003,1.16029,1.15983,1.15991,1188.00000
2026-05-20 02:30:00+00:00,1.15992,1.15993,1.15943,1.15976,1427.00000
2026-05-20 02:45:00+00:00,1.15974,1.15995,1.15970,1.15979,696.00000
2026-05-20 03:00:00+00:00,1.15976,1.15984,1.15954,1.15976,740.00000
2026-05-20 03:15:00+00:00,1.15975,1.16029,1.15974,1.16023,730.00000
2026-05-20 03:30:00+00:00,1.16024,1.16054,1.16013,1.16048,854.00000
2026-05-20 03:45:00+00:00,1.16049,1.16055,1.16018,1.16022,648.00000
2026-05-20 04:00:00+00:00,1.16023,1.16067,1.16022,1.16050,742.00000
2026-05-20 04:15:00+00:00,1.16049,1.16049,1.16021,1.16031,538.00000
2026-05-20 04:30:00+00:00,1.16030,1.16031,1.15970,1.15986,881.00000
2026-05-20 04:45:00+00:00,1.15984,1.15996,1.15971,1.15972,610.00000
2026-05-20 05:00:00+00:00,1.15971,1.16014,1.15971,1.15986,687.00000
2026-05-20 05:15:00+00:00,1.15984,1.16009,1.15948,1.15950,714.00000
2026-05-20 05:30:00+00:00,1.15952,1.15994,1.15948,1.15958,1061.00000
2026-05-20 05:45:00+00:00,1.15956,1.15956,1.15917,1.15955,864.00000
2026-05-20 06:00:00+00:00,1.15956,1.15985,1.15933,1.15984,1216.00000
2026-05-20 06:15:00+00:00,1.15987,1.16060,1.15987,1.16050,1499.00000
2026-05-20 06:30:00+00:00,1.16049,1.16050,1.15982,1.15997,1000.00000
2026-05-20 06:45:00+00:00,1.15998,1.15999,1.15931,1.15966,1207.00000
2026-05-20 07:00:00+00:00,1.15967,1.16015,1.15950,1.15984,1319.00000
2026-05-20 07:15:00+00:00,1.15984,1.16003,1.15959,1.15973,1062.00000
2026-05-20 07:30:00+00:00,1.15972,1.15980,1.15942,1.15943,972.00000
2026-05-20 07:45:00+00:00,1.15942,1.15947,1.15920,1.15931,892.00000
2026-05-20 08:00:00+00:00,1.15932,1.15951,1.15870,1.15877,1405.00000
2026-05-20 08:15:00+00:00,1.15876,1.15898,1.15835,1.15889,1488.00000
2026-05-20 08:30:00+00:00,1.15893,1.15943,1.15877,1.15934,1578.00000
2026-05-20 08:45:00+00:00,1.15935,1.15944,1.15902,1.15904,1044.00000
2026-05-20 09:00:00+00:00,1.15902,1.15945,1.15899,1.15931,1180.00000
2026-05-20 09:15:00+00:00,1.15932,1.15945,1.15901,1.15914,884.00000
2026-05-20 09:30:00+00:00,1.15913,1.15929,1.15909,1.15910,702.00000
2026-05-20 09:45:00+00:00,1.15911,1.15922,1.15881,1.15882,668.00000
2026-05-20 10:00:00+00:00,1.15881,1.15936,1.15874,1.15930,970.00000
2026-05-20 10:15:00+00:00,1.15929,1.15966,1.15922,1.15949,756.00000
2026-05-20 10:30:00+00:00,1.15952,1.16027,1.15943,1.16004,1111.00000
2026-05-20 10:45:00+00:00,1.16002,1.16029,1.15998,1.16011,892.00000
2026-05-20 11:00:00+00:00,1.16010,1.16011,1.15963,1.15981,848.00000
2026-05-20 11:15:00+00:00,1.15982,1.16024,1.15964,1.16022,934.00000
2026-05-20 11:30:00+00:00,1.16023,1.16055,1.16008,1.16020,906.00000
2026-05-20 11:45:00+00:00,1.16019,1.16033,1.15980,1.16009,1148.00000
2026-05-20 12:00:00+00:00,1.16010,1.16043,1.15993,1.16016,1114.00000
2026-05-20 12:15:00+00:00,1.16017,1.16026,1.15958,1.15989,1440.00000
2026-05-20 12:30:00+00:00,1.15990,1.16017,1.15966,1.15986,1316.00000
2026-05-20 12:45:00+00:00,1.15987,1.16000,1.15934,1.15953,919.00000
2026-05-20 13:00:00+00:00,1.15952,1.15955,1.15920,1.15933,1322.00000
2026-05-20 13:15:00+00:00,1.15932,1.15938,1.15903,1.15909,1232.00000
2026-05-20 13:30:00+00:00,1.15908,1.15935,1.15893,1.15929,1832.00000
2026-05-20 13:45:00+00:00,1.15930,1.15971,1.15891,1.15909,2521.00000
2026-05-20 14:00:00+00:00,1.15913,1.15913,1.15827,1.15886,2365.00000
2026-05-20 14:15:00+00:00,1.15890,1.16204,1.15890,1.16132,5679.00000
2026-05-20 14:30:00+00:00,1.16131,1.16240,1.16115,1.16169,3765.00000
2026-05-20 14:45:00+00:00,1.16173,1.16242,1.16158,1.16181,3356.00000
2026-05-20 15:00:00+00:00,1.16182,1.16230,1.16130,1.16148,2456.00000
2026-05-20 15:15:00+00:00,1.16149,1.16453,1.16146,1.16252,5644.00000
2026-05-20 15:30:00+00:00,1.16253,1.16345,1.16252,1.16270,3108.00000
2026-05-20 15:45:00+00:00,1.16274,1.16290,1.16170,1.16191,2576.00000
2026-05-20 16:00:00+00:00,1.16189,1.16307,1.16188,1.16286,1981.00000
2026-05-20 16:15:00+00:00,1.16285,1.16308,1.16216,1.16238,2342.00000
2026-05-20 16:30:00+00:00,1.16239,1.16277,1.16198,1.16276,2033.00000
2026-05-20 16:45:00+00:00,1.16275,1.16303,1.16226,1.16255,2331.00000
2026-05-20 17:00:00+00:00,1.16256,1.16265,1.16185,1.16239,1792.00000
2026-05-20 17:15:00+00:00,1.16242,1.16259,1.16214,1.16246,1436.00000
2026-05-20 17:30:00+00:00,1.16249,1.16270,1.16201,1.16201,1388.00000
2026-05-20 17:45:00+00:00,1.16199,1.16230,1.16181,1.16181,902.00000
2026-05-20 18:00:00+00:00,1.16187,1.16240,1.16156,1.16238,1108.00000
2026-05-20 18:15:00+00:00,1.16237,1.16279,1.16232,1.16278,1172.00000
2026-05-20 18:30:00+00:00,1.16279,1.16329,1.16269,1.16271,826.00000
2026-05-20 18:45:00+00:00,1.16272,1.16357,1.16267,1.16310,956.00000
2026-05-20 19:00:00+00:00,1.16307,1.16341,1.16298,1.16303,782.00000
2026-05-20 19:15:00+00:00,1.16302,1.16329,1.16301,1.16326,622.00000
2026-05-20 19:30:00+00:00,1.16327,1.16354,1.16303,1.16307,742.00000
2026-05-20 19:45:00+00:00,1.16303,1.16325,1.16276,1.16279,1048.00000
2026-05-20 20:00:00+00:00,1.16278,1.16284,1.16267,1.16281,515.00000
2026-05-20 20:15:00+00:00,1.16282,1.16285,1.16262,1.16271,730.00000
2026-05-20 20:30:00+00:00,1.16272,1.16274,1.16240,1.16241,424.00000
2026-05-20 20:45:00+00:00,1.16242,1.16264,1.16233,1.16254,536.00000
2026-05-20 21:00:00+00:00,1.16231,1.16263,1.16212,1.16259,475.00000
2026-05-20 21:15:00+00:00,1.16251,1.16262,1.16218,1.16256,86.00000
2026-05-20 21:30:00+00:00,1.16254,1.16266,1.16225,1.16266,224.00000
2026-05-20 21:45:00+00:00,1.16232,1.16274,1.16232,1.16246,247.00000
2026-05-20 22:00:00+00:00,1.16253,1.16280,1.16229,1.16280,335.00000
2026-05-20 22:15:00+00:00,1.16279,1.16280,1.16260,1.16265,214.00000
2026-05-20 22:30:00+00:00,1.16264,1.16270,1.16256,1.16268,253.00000
2026-05-20 22:45:00+00:00,1.16266,1.16270,1.16260,1.16263,202.00000
2026-05-20 23:00:00+00:00,1.16264,1.16275,1.16259,1.16264,172.00000
2026-05-20 23:15:00+00:00,1.16261,1.16261,1.16239,1.16245,160.00000
2026-05-20 23:30:00+00:00,1.16246,1.16246,1.16229,1.16232,120.00000
2026-05-20 23:45:00+00:00,1.16231,1.16270,1.16231,1.16248,281.00000
2026-05-21 00:00:00+00:00,1.16251,1.16265,1.16229,1.16259,936.00000
2026-05-21 00:15:00+00:00,1.16258,1.16274,1.16222,1.16264,858.00000
2026-05-21 00:30:00+00:00,1.16265,1.16269,1.16247,1.16265,500.00000
2026-05-21 00:45:00+00:00,1.16268,1.16290,1.16264,1.16286,550.00000
2026-05-21 01:00:00+00:00,1.16287,1.16346,1.16287,1.16332,694.00000
2026-05-21 01:15:00+00:00,1.16334,1.16353,1.16323,1.16330,654.00000
2026-05-21 01:30:00+00:00,1.16320,1.16345,1.16299,1.16312,1284.00000
2026-05-21 01:45:00+00:00,1.16311,1.16316,1.16229,1.16260,1186.00000
2026-05-21 02:00:00+00:00,1.16263,1.16285,1.16251,1.16253,768.00000
2026-05-21 02:15:00+00:00,1.16254,1.16256,1.16208,1.16212,794.00000
2026-05-21 02:30:00+00:00,1.16211,1.16223,1.16184,1.16200,740.00000
2026-05-21 02:45:00+00:00,1.16201,1.16203,1.16157,1.16176,838.00000
2026-05-21 03:00:00+00:00,1.16178,1.16208,1.16175,1.16190,482.00000
2026-05-21 03:15:00+00:00,1.16191,1.16226,1.16183,1.16204,393.00000
2026-05-21 03:30:00+00:00,1.16203,1.16216,1.16182,1.16210,432.00000
2026-05-21 03:45:00+00:00,1.16211,1.16216,1.16186,1.16191,442.00000
2026-05-21 04:00:00+00:00,1.16188,1.16211,1.16179,1.16209,416.00000
2026-05-21 04:15:00+00:00,1.16209,1.16217,1.16199,1.16212,292.00000
2026-05-21 04:30:00+00:00,1.16211,1.16216,1.16202,1.16216,270.00000
2026-05-21 04:45:00+00:00,1.16215,1.16236,1.16209,1.16221,422.00000
2026-05-21 05:00:00+00:00,1.16222,1.16235,1.16213,1.16217,572.00000
2026-05-21 05:15:00+00:00,1.16216,1.16220,1.16182,1.16190,516.00000
2026-05-21 05:30:00+00:00,1.16192,1.16216,1.16186,1.16208,600.00000
2026-05-21 05:45:00+00:00,1.16207,1.16223,1.16179,1.16219,880.00000
2026-05-21 06:00:00+00:00,1.16213,1.16265,1.16213,1.16257,1076.00000
2026-05-21 06:15:00+00:00,1.16256,1.16268,1.16199,1.16251,1232.00000
2026-05-21 06:30:00+00:00,1.16250,1.16258,1.16155,1.16170,917.00000
2026-05-21 06:45:00+00:00,1.16172,1.16204,1.16164,1.16203,986.00000
2026-05-21 07:00:00+00:00,1.16204,1.16210,1.16163,1.16182,1405.00000
2026-05-21 07:15:00+00:00,1.16156,1.16156,1.15942,1.15974,4518.00000
2026-05-21 07:30:00+00:00,1.15996,1.16041,1.15970,1.16035,3722.00000
2026-05-21 07:45:00+00:00,1.16033,1.16090,1.16033,1.16076,1779.00000
2026-05-21 08:00:00+00:00,1.16075,1.16261,1.16062,1.16260,2154.00000
2026-05-21 08:15:00+00:00,1.16264,1.16355,1.16243,1.16339,2652.00000
2026-05-21 08:30:00+00:00,1.16326,1.16326,1.16225,1.16230,1780.00000
2026-05-21 08:45:00+00:00,1.16231,1.16287,1.16214,1.16235,1748.00000
2026-05-21 09:00:00+00:00,1.16234,1.16288,1.16208,1.16279,1630.00000
2026-05-21 09:15:00+00:00,1.16277,1.16320,1.16269,1.16318,1502.00000
2026-05-21 09:30:00+00:00,1.16317,1.16335,1.16267,1.16273,1295.00000
2026-05-21 09:45:00+00:00,1.16274,1.16297,1.16260,1.16274,1024.00000
2026-05-21 10:00:00+00:00,1.16275,1.16303,1.16238,1.16244,1045.00000
2026-05-21 10:15:00+00:00,1.16243,1.16252,1.16087,1.16134,2424.00000
2026-05-21 10:30:00+00:00,1.16137,1.16137,1.16001,1.16064,2785.00000
2026-05-21 10:45:00+00:00,1.16066,1.16108,1.16038,1.16074,2006.00000
2026-05-21 11:00:00+00:00,1.16073,1.16124,1.16062,1.16095,1641.00000
2026-05-21 11:15:00+00:00,1.16094,1.16160,1.16086,1.16130,1498.00000
2026-05-21 11:30:00+00:00,1.16129,1.16144,1.16071,1.16076,1092.00000
2026-05-21 11:45:00+00:00,1.16075,1.16079,1.15960,1.15990,1171.00000
2026-05-21 12:00:00+00:00,1.15989,1.16034,1.15952,1.15975,1591.00000
2026-05-21 12:15:00+00:00,1.15976,1.15985,1.15933,1.15948,1251.00000
2026-05-21 12:30:00+00:00,1.15949,1.16066,1.15946,1.16065,2260.00000
2026-05-21 12:45:00+00:00,1.16066,1.16090,1.15972,1.15973,1696.00000
2026-05-21 13:00:00+00:00,1.15967,1.16000,1.15930,1.15955,1779.00000
2026-05-21 13:15:00+00:00,1.15953,1.15958,1.15874,1.15896,1696.00000
2026-05-21 13:30:00+00:00,1.15902,1.15902,1.15764,1.15778,2779.00000
2026-05-21 13:45:00+00:00,1.15778,1.16011,1.15778,1.15947,3573.00000
2026-05-21 14:00:00+00:00,1.15946,1.15956,1.15882,1.15930,2466.00000
2026-05-21 14:15:00+00:00,1.15931,1.15940,1.15843,1.15887,2810.00000
2026-05-21 14:30:00+00:00,1.15888,1.15948,1.15860,1.15904,2238.00000
2026-05-21 14:45:00+00:00,1.15905,1.15966,1.15898,1.15928,2336.00000
2026-05-21 15:00:00+00:00,1.15929,1.15940,1.15823,1.15878,2989.00000
2026-05-21 15:15:00+00:00,1.15879,1.15894,1.15851,1.15855,1956.00000
2026-05-21 15:30:00+00:00,1.15853,1.15884,1.15829,1.15833,1332.00000
2026-05-21 15:45:00+00:00,1.15834,1.15889,1.15831,1.15883,1312.00000
2026-05-21 16:00:00+00:00,1.15886,1.15919,1.15846,1.15885,1848.00000
2026-05-21 16:15:00+00:00,1.15884,1.15936,1.15866,1.15934,1394.00000
2026-05-21 16:30:00+00:00,1.15935,1.15959,1.15923,1.15953,1121.00000
2026-05-21 16:45:00+00:00,1.15954,1.15963,1.15938,1.15953,1002.00000
2026-05-21 17:00:00+00:00,1.15954,1.16025,1.15928,1.16020,2332.00000
2026-05-21 17:15:00+00:00,1.16023,1.16204,1.16023,1.16183,4476.00000
2026-05-21 17:30:00+00:00,1.16181,1.16247,1.16149,1.16234,2420.00000
2026-05-21 17:45:00+00:00,1.16235,1.16300,1.16197,1.16248,2178.00000
2026-05-21 18:00:00+00:00,1.16247,1.16300,1.16189,1.16227,2934.00000
2026-05-21 18:15:00+00:00,1.16228,1.16278,1.16207,1.16262,1458.00000
2026-05-21 18:30:00+00:00,1.16264,1.16271,1.16236,1.16248,1110.00000
2026-05-21 18:45:00+00:00,1.16249,1.16253,1.16070,1.16114,3303.00000
2026-05-21 19:00:00+00:00,1.16110,1.16164,1.16099,1.16148,1568.00000
2026-05-21 19:15:00+00:00,1.16149,1.16208,1.16148,1.16199,810.00000
2026-05-21 19:30:00+00:00,1.16200,1.16240,1.16182,1.16182,849.00000
2026-05-21 19:45:00+00:00,1.16183,1.16242,1.16142,1.16213,1656.00000
2026-05-21 20:00:00+00:00,1.16217,1.16228,1.16165,1.16175,604.00000
2026-05-21 20:15:00+00:00,1.16174,1.16199,1.16160,1.16184,332.00000
2026-05-21 20:30:00+00:00,1.16186,1.16186,1.16161,1.16175,276.00000
2026-05-21 20:45:00+00:00,1.16173,1.16190,1.16163,1.16172,471.00000
2026-05-21 21:00:00+00:00,1.16201,1.16223,1.16190,1.16223,101.00000
2026-05-21 21:15:00+00:00,1.16224,1.16224,1.16207,1.16219,92.00000
2026-05-21 21:30:00+00:00,1.16220,1.16220,1.16159,1.16175,220.00000
2026-05-21 21:45:00+00:00,1.16159,1.16195,1.16159,1.16184,300.00000
2026-05-21 22:00:00+00:00,1.16187,1.16197,1.16154,1.16166,283.00000
2026-05-21 22:15:00+00:00,1.16165,1.16174,1.16164,1.16169,168.00000
2026-05-21 22:30:00+00:00,1.16168,1.16188,1.16168,1.16186,162.00000
2026-05-21 22:45:00+00:00,1.16189,1.16192,1.16174,1.16175,196.00000
2026-05-21 23:00:00+00:00,1.16176,1.16185,1.16170,1.16179,172.00000
2026-05-21 23:15:00+00:00,1.16180,1.16180,1.16160,1.16173,156.00000
2026-05-21 23:30:00+00:00,1.16170,1.16174,1.16168,1.16170,140.00000
2026-05-21 23:45:00+00:00,1.16169,1.16190,1.16169,1.16179,238.00000
2026-05-22 00:00:00+00:00,1.16180,1.16180,1.16135,1.16139,886.00000
2026-05-22 00:15:00+00:00,1.16140,1.16150,1.16131,1.16141,591.00000
2026-05-22 00:30:00+00:00,1.16142,1.16150,1.16124,1.16150,544.00000
2026-05-22 00:45:00+00:00,1.16151,1.16161,1.16136,1.16144,712.00000
2026-05-22 01:00:00+00:00,1.16141,1.16155,1.16126,1.16145,702.00000
2026-05-22 01:15:00+00:00,1.16144,1.16158,1.16123,1.16140,572.00000
2026-05-22 01:30:00+00:00,1.16139,1.16150,1.16123,1.16141,640.00000
2026-05-22 01:45:00+00:00,1.16140,1.16156,1.16100,1.16100,558.00000
2026-05-22 02:00:00+00:00,1.16099,1.16118,1.16097,1.16109,518.00000
2026-05-22 02:15:00+00:00,1.16108,1.16120,1.16103,1.16115,360.00000
2026-05-22 02:30:00+00:00,1.16114,1.16143,1.16114,1.16134,324.00000
2026-05-22 02:45:00+00:00,1.16135,1.16143,1.16100,1.16118,416.00000
2026-05-22 03:00:00+00:00,1.16117,1.16131,1.16089,1.16093,432.00000
2026-05-22 03:15:00+00:00,1.16091,1.16109,1.16087,1.16103,404.00000
2026-05-22 03:30:00+00:00,1.16105,1.16116,1.16101,1.16114,258.00000
2026-05-22 03:45:00+00:00,1.16113,1.16121,1.16107,1.16120,176.00000
2026-05-22 04:00:00+00:00,1.16121,1.16144,1.16114,1.16142,268.00000
2026-05-22 04:15:00+00:00,1.16140,1.16150,1.16133,1.16135,134.00000
2026-05-22 04:30:00+00:00,1.16136,1.16140,1.16130,1.16135,168.00000
2026-05-22 04:45:00+00:00,1.16133,1.16155,1.16133,1.16154,158.00000
2026-05-22 05:00:00+00:00,1.16151,1.16169,1.16146,1.16152,346.00000
2026-05-22 05:15:00+00:00,1.16155,1.16157,1.16144,1.16145,304.00000
2026-05-22 05:30:00+00:00,1.16144,1.16156,1.16139,1.16149,342.00000
2026-05-22 05:45:00+00:00,1.16148,1.16169,1.16072,1.16093,980.00000
2026-05-22 06:00:00+00:00,1.16087,1.16145,1.16074,1.16125,992.00000
2026-05-22 06:15:00+00:00,1.16122,1.16130,1.16094,1.16124,980.00000
2026-05-22 06:30:00+00:00,1.16125,1.16125,1.16053,1.16097,1156.00000
2026-05-22 06:45:00+00:00,1.16096,1.16109,1.16059,1.16099,870.00000
2026-05-22 07:00:00+00:00,1.16097,1.16097,1.16014,1.16020,982.00000
2026-05-22 07:15:00+00:00,1.16021,1.16086,1.16020,1.16085,721.00000
2026-05-22 07:30:00+00:00,1.16084,1.16084,1.16044,1.16065,1213.00000
2026-05-22 07:45:00+00:00,1.16064,1.16094,1.16052,1.16085,671.00000
2026-05-22 08:00:00+00:00,1.16084,1.16106,1.16059,1.16064,976.00000
2026-05-22 08:15:00+00:00,1.16063,1.16159,1.16061,1.16113,1528.00000
2026-05-22 08:30:00+00:00,1.16116,1.16123,1.16033,1.16074,1625.00000
2026-05-22 08:45:00+00:00,1.16074,1.16103,1.16060,1.16078,921.00000
2026-05-22 09:00:00+00:00,1.16077,1.16080,1.15994,1.15999,986.00000
2026-05-22 09:15:00+00:00,1.15998,1.16010,1.15963,1.15993,982.00000
2026-05-22 09:30:00+00:00,1.15992,1.16040,1.15983,1.16023,1034.00000
2026-05-22 09:45:00+00:00,1.16024,1.16058,1.16024,1.16042,934.00000
2026-05-22 10:00:00+00:00,1.16043,1.16079,1.16028,1.16036,831.00000
2026-05-22 10:15:00+00:00,1.16033,1.16059,1.16002,1.16003,984.00000
2026-05-22 10:30:00+00:00,1.16001,1.16014,1.15974,1.15985,914.00000
2026-05-22 10:45:00+00:00,1.15984,1.15995,1.15950,1.15974,758.00000
2026-05-22 11:00:00+00:00,1.15975,1.15977,1.15935,1.15954,887.00000
2026-05-22 11:15:00+00:00,1.15951,1.15969,1.15937,1.15940,620.00000
2026-05-22 11:30:00+00:00,1.15939,1.15988,1.15933,1.15979,844.00000
2026-05-22 11:45:00+00:00,1.15980,1.16023,1.15956,1.15965,1597.00000
2026-05-22 12:00:00+00:00,1.15964,1.16067,1.15945,1.16047,2138.00000
2026-05-22 12:15:00+00:00,1.16046,1.16070,1.15965,1.15985,1848.00000
2026-05-22 12:30:00+00:00,1.15986,1.16011,1.15978,1.16000,1142.00000
2026-05-22 12:45:00+00:00,1.16004,1.16048,1.16003,1.16044,1235.00000
2026-05-22 13:00:00+00:00,1.16047,1.16184,1.16038,1.16129,2455.00000
2026-05-22 13:15:00+00:00,1.16130,1.16140,1.16078,1.16111,1317.00000
2026-05-22 13:30:00+00:00,1.16112,1.16117,1.16024,1.16043,2200.00000
2026-05-22 13:45:00+00:00,1.16042,1.16058,1.15995,1.16037,1378.00000
2026-05-22 14:00:00+00:00,1.16031,1.16039,1.15892,1.15899,2817.00000
2026-05-22 14:15:00+00:00,1.15897,1.15966,1.15883,1.15966,1712.00000
2026-05-22 14:30:00+00:00,1.15965,1.16018,1.15956,1.16009,1900.00000
2026-05-22 14:45:00+00:00,1.16010,1.16024,1.15948,1.15978,1584.00000
2026-05-22 15:00:00+00:00,1.15975,1.16048,1.15958,1.16034,1908.00000
2026-05-22 15:15:00+00:00,1.16036,1.16055,1.15990,1.16027,1486.00000
2026-05-22 15:30:00+00:00,1.16026,1.16039,1.15983,1.16010,1647.00000
2026-05-22 15:45:00+00:00,1.16007,1.16044,1.15994,1.16028,1181.00000
2026-05-22 16:00:00+00:00,1.16029,1.16078,1.15996,1.16070,1422.00000
2026-05-22 16:15:00+00:00,1.16069,1.16093,1.16054,1.16093,1040.00000
2026-05-22 16:30:00+00:00,1.16092,1.16108,1.16055,1.16068,984.00000
2026-05-22 16:45:00+00:00,1.16066,1.16112,1.16064,1.16112,890.00000
2026-05-22 17:00:00+00:00,1.16113,1.16153,1.16111,1.16136,946.00000
2026-05-22 17:15:00+00:00,1.16137,1.16175,1.16087,1.16163,1918.00000
2026-05-22 17:30:00+00:00,1.16167,1.16191,1.16112,1.16134,1808.00000
2026-05-22 17:45:00+00:00,1.16133,1.16152,1.16107,1.16134,1002.00000
2026-05-22 18:00:00+00:00,1.16133,1.16151,1.16095,1.16116,1144.00000
2026-05-22 18:15:00+00:00,1.16113,1.16122,1.16100,1.16104,718.00000
2026-05-22 18:30:00+00:00,1.16103,1.16153,1.16092,1.16118,740.00000
2026-05-22 18:45:00+00:00,1.16120,1.16141,1.16110,1.16118,420.00000
2026-05-22 19:00:00+00:00,1.16114,1.16139,1.16080,1.16086,882.00000
2026-05-22 19:15:00+00:00,1.16085,1.16103,1.16082,1.16083,414.00000
2026-05-22 19:30:00+00:00,1.16082,1.16089,1.16067,1.16070,504.00000
2026-05-22 19:45:00+00:00,1.16069,1.16074,1.16053,1.16059,490.00000
2026-05-22 20:00:00+00:00,1.16058,1.16066,1.16042,1.16048,320.00000
2026-05-22 20:15:00+00:00,1.16050,1.16059,1.16030,1.16040,284.00000
2026-05-22 20:30:00+00:00,1.16039,1.16039,1.15998,1.16017,410.00000
2026-05-22 20:45:00+00:00,1.16016,1.16037,1.15982,1.16025,894.00000
2026-05-24 21:00:00+00:00,1.16393,1.16401,1.16337,1.16378,164.00000
2026-05-24 21:15:00+00:00,1.16377,1.16392,1.16339,1.16371,215.00000
2026-05-24 21:30:00+00:00,1.16366,1.16366,1.16325,1.16349,180.00000
2026-05-24 21:45:00+00:00,1.16341,1.16341,1.16275,1.16341,239.00000
2026-05-24 22:00:00+00:00,1.16331,1.16375,1.16290,1.16361,876.00000
2026-05-24 22:15:00+00:00,1.16362,1.16418,1.16344,1.16406,565.00000
2026-05-24 22:30:00+00:00,1.16407,1.16441,1.16406,1.16438,509.00000
2026-05-24 22:45:00+00:00,1.16439,1.16448,1.16417,1.16432,220.00000
2026-05-24 23:00:00+00:00,1.16431,1.16462,1.16431,1.16448,430.00000
2026-05-24 23:15:00+00:00,1.16450,1.16458,1.16442,1.16452,238.00000
2026-05-24 23:30:00+00:00,1.16453,1.16455,1.16442,1.16448,324.00000
2026-05-24 23:45:00+00:00,1.16447,1.16455,1.16413,1.16418,510.00000
2026-05-25 00:00:00+00:00,1.16417,1.16424,1.16380,1.16391,754.00000
2026-05-25 00:15:00+00:00,1.16387,1.16425,1.16382,1.16419,637.00000
2026-05-25 00:30:00+00:00,1.16423,1.16433,1.16386,1.16394,454.00000
2026-05-25 00:45:00+00:00,1.16398,1.16490,1.16353,1.16367,1438.00000
2026-05-25 01:00:00+00:00,1.16366,1.16437,1.16355,1.16434,1262.00000
2026-05-25 01:15:00+00:00,1.16433,1.16471,1.16429,1.16463,758.00000
2026-05-25 01:30:00+00:00,1.16462,1.16462,1.16395,1.16401,978.00000
2026-05-25 01:45:00+00:00,1.16400,1.16417,1.16384,1.16391,652.00000
2026-05-25 02:00:00+00:00,1.16392,1.16426,1.16391,1.16403,694.00000
2026-05-25 02:15:00+00:00,1.16404,1.16423,1.16396,1.16417,536.00000
2026-05-25 02:30:00+00:00,1.16418,1.16419,1.16390,1.16404,376.00000
2026-05-25 02:45:00+00:00,1.16405,1.16408,1.16367,1.16376,372.00000
2026-05-25 03:00:00+00:00,1.16379,1.16396,1.16358,1.16374,529.00000
2026-05-25 03:15:00+00:00,1.16373,1.16390,1.16363,1.16373,640.00000
2026-05-25 03:30:00+00:00,1.16374,1.16397,1.16373,1.16375,486.00000
2026-05-25 03:45:00+00:00,1.16373,1.16378,1.16361,1.16373,486.00000
2026-05-25 04:00:00+00:00,1.16371,1.16377,1.16357,1.16364,386.00000
2026-05-25 04:15:00+00:00,1.16365,1.16373,1.16360,1.16371,308.00000
2026-05-25 04:30:00+00:00,1.16372,1.16402,1.16372,1.16401,418.00000
2026-05-25 04:45:00+00:00,1.16402,1.16437,1.16401,1.16420,450.00000
2026-05-25 05:00:00+00:00,1.16419,1.16453,1.16412,1.16431,728.00000
2026-05-25 05:15:00+00:00,1.16429,1.16437,1.16413,1.16433,377.00000
2026-05-25 05:30:00+00:00,1.16432,1.16448,1.16422,1.16429,498.00000
2026-05-25 05:45:00+00:00,1.16433,1.16440,1.16381,1.16392,544.00000
2026-05-25 06:00:00+00:00,1.16391,1.16408,1.16380,1.16407,856.00000
2026-05-25 06:15:00+00:00,1.16404,1.16413,1.16376,1.16389,910.00000
2026-05-25 06:30:00+00:00,1.16390,1.16427,1.16376,1.16408,733.00000
2026-05-25 06:45:00+00:00,1.16407,1.16447,1.16395,1.16410,914.00000
2026-05-25 07:00:00+00:00,1.16414,1.16419,1.16357,1.16370,1044.00000
2026-05-25 07:15:00+00:00,1.16369,1.16372,1.16297,1.16338,1210.00000
2026-05-25 07:30:00+00:00,1.16339,1.16382,1.16335,1.16357,1198.00000
2026-05-25 07:45:00+00:00,1.16356,1.16376,1.16335,1.16375,720.00000
2026-05-25 08:00:00+00:00,1.16376,1.16405,1.16330,1.16394,763.00000
2026-05-25 08:15:00+00:00,1.16393,1.16408,1.16378,1.16404,522.00000
2026-05-25 08:30:00+00:00,1.16406,1.16443,1.16401,1.16423,998.00000
2026-05-25 08:45:00+00:00,1.16424,1.16443,1.16421,1.16438,676.00000
2026-05-25 09:00:00+00:00,1.16437,1.16453,1.16412,1.16415,556.00000
2026-05-25 09:15:00+00:00,1.16416,1.16439,1.16404,1.16423,434.00000
2026-05-25 09:30:00+00:00,1.16424,1.16448,1.16421,1.16447,360.00000
2026-05-25 09:45:00+00:00,1.16448,1.16448,1.16406,1.16414,390.00000
2026-05-25 10:00:00+00:00,1.16413,1.16433,1.16413,1.16426,518.00000
2026-05-25 10:15:00+00:00,1.16427,1.16444,1.16419,1.16420,512.00000
2026-05-25 10:30:00+00:00,1.16418,1.16439,1.16415,1.16438,364.00000
2026-05-25 10:45:00+00:00,1.16439,1.16440,1.16418,1.16429,310.00000
2026-05-25 11:00:00+00:00,1.16431,1.16431,1.16403,1.16418,424.00000
2026-05-25 11:15:00+00:00,1.16419,1.16447,1.16418,1.16444,448.00000
2026-05-25 11:30:00+00:00,1.16445,1.16499,1.16443,1.16498,825.00000
2026-05-25 11:45:00+00:00,1.16499,1.16507,1.16436,1.16439,998.00000
2026-05-25 12:00:00+00:00,1.16440,1.16464,1.16426,1.16458,730.00000
2026-05-25 12:15:00+00:00,1.16457,1.16471,1.16434,1.16442,716.00000
2026-05-25 12:30:00+00:00,1.16443,1.16505,1.16442,1.16504,718.00000
2026-05-25 12:45:00+00:00,1.16503,1.16529,1.16476,1.16483,938.00000
2026-05-25 13:00:00+00:00,1.16482,1.16497,1.16463,1.16472,871.00000
2026-05-25 13:15:00+00:00,1.16471,1.16473,1.16439,1.16441,666.00000
2026-05-25 13:30:00+00:00,1.16442,1.16445,1.16415,1.16419,696.00000
2026-05-25 13:45:00+00:00,1.16418,1.16430,1.16389,1.16389,564.00000
2026-05-25 14:00:00+00:00,1.16388,1.16417,1.16384,1.16394,552.00000
2026-05-25 14:15:00+00:00,1.16396,1.16430,1.16396,1.16413,510.00000
2026-05-25 14:30:00+00:00,1.16414,1.16449,1.16403,1.16445,518.00000
2026-05-25 14:45:00+00:00,1.16444,1.16464,1.16408,1.16420,931.00000
2026-05-25 15:00:00+00:00,1.16418,1.16485,1.16396,1.16443,1566.00000
2026-05-25 15:15:00+00:00,1.16444,1.16479,1.16439,1.16457,840.00000
2026-05-25 15:30:00+00:00,1.16456,1.16459,1.16441,1.16452,468.00000
2026-05-25 15:45:00+00:00,1.16449,1.16458,1.16421,1.16422,312.00000
2026-05-25 16:00:00+00:00,1.16423,1.16427,1.16379,1.16399,480.00000
2026-05-25 16:15:00+00:00,1.16398,1.16400,1.16381,1.16383,442.00000
2026-05-25 16:30:00+00:00,1.16384,1.16395,1.16361,1.16382,782.00000
2026-05-25 16:45:00+00:00,1.16384,1.16416,1.16382,1.16411,480.00000
2026-05-25 17:00:00+00:00,1.16412,1.16425,1.16403,1.16421,178.00000
2026-05-25 17:15:00+00:00,1.16423,1.16441,1.16416,1.16438,142.00000
2026-05-25 17:30:00+00:00,1.16437,1.16440,1.16427,1.16432,126.00000
2026-05-25 17:45:00+00:00,1.16431,1.16436,1.16417,1.16433,116.00000
2026-05-25 18:00:00+00:00,1.16434,1.16438,1.16421,1.16434,122.00000
2026-05-25 18:15:00+00:00,1.16435,1.16438,1.16425,1.16426,104.00000
2026-05-25 18:30:00+00:00,1.16425,1.16434,1.16416,1.16420,92.00000
2026-05-25 18:45:00+00:00,1.16417,1.16439,1.16417,1.16434,124.00000
2026-05-25 19:00:00+00:00,1.16435,1.16437,1.16422,1.16425,92.00000
2026-05-25 19:15:00+00:00,1.16426,1.16432,1.16424,1.16430,82.00000
2026-05-25 19:30:00+00:00,1.16429,1.16436,1.16422,1.16429,122.00000
2026-05-25 19:45:00+00:00,1.16428,1.16429,1.16418,1.16421,158.00000
2026-05-25 20:00:00+00:00,1.16423,1.16432,1.16423,1.16430,72.00000
2026-05-25 20:15:00+00:00,1.16431,1.16435,1.16420,1.16432,94.00000
2026-05-25 20:30:00+00:00,1.16433,1.16434,1.16414,1.16427,188.00000
2026-05-25 20:45:00+00:00,1.16426,1.16435,1.16423,1.16430,232.00000
2026-05-25 21:00:00+00:00,1.16422,1.16422,1.16370,1.16419,113.00000
2026-05-25 21:15:00+00:00,1.16415,1.16418,1.16385,1.16412,120.00000
2026-05-25 21:30:00+00:00,1.16406,1.16435,1.16393,1.16394,261.00000
2026-05-25 21:45:00+00:00,1.16395,1.16401,1.16356,1.16400,353.00000
2026-05-25 22:00:00+00:00,1.16401,1.16426,1.16387,1.16408,851.00000
2026-05-25 22:15:00+00:00,1.16407,1.16412,1.16394,1.16399,260.00000
2026-05-25 22:30:00+00:00,1.16400,1.16413,1.16391,1.16413,188.00000
2026-05-25 22:45:00+00:00,1.16412,1.16417,1.16407,1.16407,218.00000
2026-05-25 23:00:00+00:00,1.16408,1.16426,1.16408,1.16422,334.00000
2026-05-25 23:15:00+00:00,1.16423,1.16432,1.16404,1.16410,144.00000
2026-05-25 23:30:00+00:00,1.16409,1.16409,1.16372,1.16374,390.00000
2026-05-25 23:45:00+00:00,1.16377,1.16397,1.16357,1.16359,456.00000
2026-05-26 00:00:00+00:00,1.16361,1.16398,1.16348,1.16383,1322.00000
2026-05-26 00:15:00+00:00,1.16382,1.16389,1.16340,1.16357,823.00000
2026-05-26 00:30:00+00:00,1.16356,1.16366,1.16350,1.16359,636.00000
2026-05-26 00:45:00+00:00,1.16357,1.16396,1.16353,1.16388,754.00000
2026-05-26 01:00:00+00:00,1.16387,1.16398,1.16350,1.16394,868.00000
2026-05-26 01:15:00+00:00,1.16393,1.16398,1.16362,1.16367,730.00000
2026-05-26 01:30:00+00:00,1.16368,1.16369,1.16303,1.16312,938.00000
2026-05-26 01:45:00+00:00,1.16311,1.16342,1.16307,1.16338,620.00000
2026-05-26 02:00:00+00:00,1.16339,1.16352,1.16324,1.16327,624.00000
2026-05-26 02:15:00+00:00,1.16328,1.16338,1.16323,1.16331,468.00000
2026-05-26 02:30:00+00:00,1.16332,1.16341,1.16316,1.16318,540.00000
2026-05-26 02:45:00+00:00,1.16317,1.16345,1.16312,1.16340,556.00000
2026-05-26 03:00:00+00:00,1.16339,1.16354,1.16335,1.16348,326.00000
2026-05-26 03:15:00+00:00,1.16347,1.16372,1.16346,1.16347,300.00000
2026-05-26 03:30:00+00:00,1.16348,1.16353,1.16344,1.16349,230.00000
2026-05-26 03:45:00+00:00,1.16348,1.16362,1.16342,1.16360,266.00000
2026-05-26 04:00:00+00:00,1.16359,1.16361,1.16334,1.16357,222.00000
2026-05-26 04:15:00+00:00,1.16353,1.16353,1.16332,1.16332,176.00000
2026-05-26 04:30:00+00:00,1.16333,1.16343,1.16323,1.16329,294.00000
2026-05-26 04:45:00+00:00,1.16328,1.16332,1.16295,1.16297,410.00000
2026-05-26 05:00:00+00:00,1.16296,1.16303,1.16284,1.16290,658.00000
2026-05-26 05:15:00+00:00,1.16289,1.16299,1.16281,1.16296,346.00000
2026-05-26 05:30:00+00:00,1.16294,1.16308,1.16289,1.16298,488.00000
2026-05-26 05:45:00+00:00,1.16297,1.16299,1.16272,1.16279,529.00000
2026-05-26 06:00:00+00:00,1.16278,1.16301,1.16272,1.16299,772.00000
2026-05-26 06:15:00+00:00,1.16295,1.16355,1.16289,1.16330,784.00000
2026-05-26 06:30:00+00:00,1.16329,1.16364,1.16327,1.16361,824.00000
2026-05-26 06:45:00+00:00,1.16363,1.16375,1.16340,1.16352,741.00000
2026-05-26 07:00:00+00:00,1.16354,1.16365,1.16240,1.16303,1426.00000
2026-05-26 07:15:00+00:00,1.16301,1.16339,1.16290,1.16339,828.00000
2026-05-26 07:30:00+00:00,1.16338,1.16404,1.16327,1.16357,1395.00000
2026-05-26 07:45:00+00:00,1.16358,1.16397,1.16335,1.16370,1048.00000
2026-05-26 08:00:00+00:00,1.16372,1.16406,1.16351,1.16386,1024.00000
2026-05-26 08:15:00+00:00,1.16387,1.16421,1.16376,1.16393,894.00000
2026-05-26 08:30:00+00:00,1.16391,1.16412,1.16348,1.16348,820.00000
2026-05-26 08:45:00+00:00,1.16349,1.16413,1.16344,1.16364,807.00000
2026-05-26 09:00:00+00:00,1.16365,1.16392,1.16325,1.16380,1048.00000
2026-05-26 09:15:00+00:00,1.16379,1.16424,1.16369,1.16419,980.00000
2026-05-26 09:30:00+00:00,1.16420,1.16434,1.16398,1.16409,728.00000
2026-05-26 09:45:00+00:00,1.16410,1.16441,1.16400,1.16427,716.00000
2026-05-26 10:00:00+00:00,1.16428,1.16437,1.16398,1.16428,810.00000
2026-05-26 10:15:00+00:00,1.16429,1.16436,1.16408,1.16429,732.00000
2026-05-26 10:30:00+00:00,1.16431,1.16452,1.16377,1.16405,1052.00000
2026-05-26 10:45:00+00:00,1.16406,1.16435,1.16394,1.16415,998.00000
2026-05-26 11:00:00+00:00,1.16416,1.16448,1.16404,1.16434,936.00000
2026-05-26 11:15:00+00:00,1.16437,1.16445,1.16398,1.16401,612.00000
2026-05-26 11:30:00+00:00,1.16402,1.16421,1.16349,1.16349,1308.00000
2026-05-26 11:45:00+00:00,1.16350,1.16365,1.16335,1.16347,970.00000
2026-05-26 12:00:00+00:00,1.16344,1.16361,1.16313,1.16338,1310.00000
2026-05-26 12:15:00+00:00,1.16333,1.16353,1.16322,1.16353,838.00000
2026-05-26 12:30:00+00:00,1.16348,1.16367,1.16332,1.16340,928.00000
2026-05-26 12:45:00+00:00,1.16339,1.16348,1.16316,1.16320,974.00000
2026-05-26 13:00:00+00:00,1.16318,1.16330,1.16286,1.16308,1029.00000
2026-05-26 13:15:00+00:00,1.16309,1.16331,1.16266,1.16267,1136.00000
2026-05-26 13:30:00+00:00,1.16272,1.16303,1.16254,1.16281,1932.00000
2026-05-26 13:45:00+00:00,1.16282,1.16313,1.16171,1.16256,2393.00000
2026-05-26 14:00:00+00:00,1.16259,1.16299,1.16222,1.16248,1815.00000
2026-05-26 14:15:00+00:00,1.16249,1.16264,1.16208,1.16245,1340.00000
2026-05-26 14:30:00+00:00,1.16244,1.16289,1.16229,1.16260,1795.00000
2026-05-26 14:45:00+00:00,1.16259,1.16288,1.16239,1.16251,1602.00000
2026-05-26 15:00:00+00:00,1.16250,1.16258,1.16199,1.16227,1683.00000
2026-05-26 15:15:00+00:00,1.16228,1.16229,1.16175,1.16208,1426.00000
2026-05-26 15:30:00+00:00,1.16210,1.16224,1.16163,1.16198,1414.00000
2026-05-26 15:45:00+00:00,1.16199,1.16221,1.16189,1.16194,1425.00000
2026-05-26 16:00:00+00:00,1.16202,1.16259,1.16196,1.16249,1134.00000
2026-05-26 16:15:00+00:00,1.16250,1.16289,1.16247,1.16272,728.00000
2026-05-26 16:30:00+00:00,1.16271,1.16295,1.16251,1.16253,943.00000
2026-05-26 16:45:00+00:00,1.16250,1.16262,1.16224,1.16240,993.00000
2026-05-26 17:00:00+00:00,1.16239,1.16276,1.16229,1.16265,776.00000
2026-05-26 17:15:00+00:00,1.16264,1.16277,1.16241,1.16241,784.00000
2026-05-26 17:30:00+00:00,1.16240,1.16261,1.16223,1.16229,566.00000
2026-05-26 17:45:00+00:00,1.16226,1.16241,1.16213,1.16240,566.00000
2026-05-26 18:00:00+00:00,1.16241,1.16266,1.16234,1.16259,482.00000
2026-05-26 18:15:00+00:00,1.16260,1.16275,1.16255,1.16271,524.00000
2026-05-26 18:30:00+00:00,1.16270,1.16287,1.16264,1.16280,630.00000
2026-05-26 18:45:00+00:00,1.16283,1.16310,1.16279,1.16295,436.00000
2026-05-26 19:00:00+00:00,1.16292,1.16301,1.16274,1.16284,480.00000
2026-05-26 19:15:00+00:00,1.16282,1.16306,1.16281,1.16294,372.00000
2026-05-26 19:30:00+00:00,1.16295,1.16318,1.16295,1.16313,392.00000
2026-05-26 19:45:00+00:00,1.16314,1.16325,1.16308,1.16320,576.00000
2026-05-26 20:00:00+00:00,1.16319,1.16329,1.16315,1.16321,286.00000
2026-05-26 20:15:00+00:00,1.16322,1.16325,1.16304,1.16304,254.00000
2026-05-26 20:30:00+00:00,1.16308,1.16321,1.16308,1.16310,230.00000
2026-05-26 20:45:00+00:00,1.16309,1.16319,1.16308,1.16318,290.00000
2026-05-26 21:00:00+00:00,1.16271,1.16303,1.16241,1.16303,446.00000
2026-05-26 21:15:00+00:00,1.16304,1.16312,1.16292,1.16308,815.00000
2026-05-26 21:30:00+00:00,1.16311,1.16316,1.16296,1.16305,657.00000
2026-05-26 21:45:00+00:00,1.16301,1.16309,1.16290,1.16304,814.00000
2026-05-26 22:00:00+00:00,1.16307,1.16335,1.16305,1.16318,470.00000
2026-05-26 22:15:00+00:00,1.16319,1.16329,1.16314,1.16325,188.00000
2026-05-26 22:30:00+00:00,1.16326,1.16330,1.16320,1.16330,112.00000
2026-05-26 22:45:00+00:00,1.16329,1.16334,1.16328,1.16334,64.00000
2026-05-26 23:00:00+00:00,1.16333,1.16342,1.16331,1.16339,112.00000
2026-05-26 23:15:00+00:00,1.16342,1.16370,1.16342,1.16369,160.00000
2026-05-26 23:30:00+00:00,1.16365,1.16394,1.16364,1.16393,106.00000
2026-05-26 23:45:00+00:00,1.16398,1.16399,1.16360,1.16365,376.00000
2026-05-27 00:00:00+00:00,1.16364,1.16390,1.16360,1.16388,738.00000
2026-05-27 00:15:00+00:00,1.16389,1.16404,1.16379,1.16393,584.00000
2026-05-27 00:30:00+00:00,1.16394,1.16399,1.16376,1.16389,481.00000
2026-05-27 00:45:00+00:00,1.16390,1.16406,1.16374,1.16381,800.00000
2026-05-27 01:00:00+00:00,1.16380,1.16393,1.16374,1.16388,754.00000
2026-05-27 01:15:00+00:00,1.16386,1.16394,1.16368,1.16371,408.00000
2026-05-27 01:30:00+00:00,1.16372,1.16372,1.16327,1.16348,1212.00000
2026-05-27 01:45:00+00:00,1.16347,1.16349,1.16331,1.16340,536.00000
2026-05-27 02:00:00+00:00,1.16339,1.16384,1.16339,1.16359,1022.00000
2026-05-27 02:15:00+00:00,1.16360,1.16372,1.16344,1.16349,610.00000
2026-05-27 02:30:00+00:00,1.16348,1.16362,1.16340,1.16343,550.00000
2026-05-27 02:45:00+00:00,1.16344,1.16385,1.16343,1.16384,444.00000
2026-05-27 03:00:00+00:00,1.16385,1.16425,1.16383,1.16392,604.00000
2026-05-27 03:15:00+00:00,1.16391,1.16398,1.16378,1.16391,474.00000
2026-05-27 03:30:00+00:00,1.16392,1.16397,1.16369,1.16382,348.00000
2026-05-27 03:45:00+00:00,1.16383,1.16393,1.16372,1.16388,398.00000
2026-05-27 04:00:00+00:00,1.16386,1.16402,1.16383,1.16400,350.00000
2026-05-27 04:15:00+00:00,1.16399,1.16409,1.16395,1.16395,364.00000
2026-05-27 04:30:00+00:00,1.16394,1.16418,1.16393,1.16418,492.00000
2026-05-27 04:45:00+00:00,1.16419,1.16424,1.16403,1.16414,324.00000
2026-05-27 05:00:00+00:00,1.16413,1.16435,1.16409,1.16428,553.00000
2026-05-27 05:15:00+00:00,1.16425,1.16445,1.16417,1.16439,440.00000
2026-05-27 05:30:00+00:00,1.16440,1.16443,1.16407,1.16413,598.00000
2026-05-27 05:45:00+00:00,1.16412,1.16430,1.16387,1.16396,668.00000
2026-05-27 06:00:00+00:00,1.16397,1.16415,1.16373,1.16385,1055.00000
2026-05-27 06:15:00+00:00,1.16386,1.16409,1.16378,1.16401,872.00000
2026-05-27 06:30:00+00:00,1.16400,1.16465,1.16388,1.16463,940.00000
2026-05-27 06:45:00+00:00,1.16462,1.16493,1.16443,1.16456,866.00000
2026-05-27 07:00:00+00:00,1.16458,1.16489,1.16442,1.16446,1386.00000
2026-05-27 07:15:00+00:00,1.16445,1.16464,1.16422,1.16453,1060.00000
2026-05-27 07:30:00+00:00,1.16454,1.16479,1.16438,1.16475,750.00000
2026-05-27 07:45:00+00:00,1.16477,1.16477,1.16402,1.16406,916.00000
2026-05-27 08:00:00+00:00,1.16403,1.16445,1.16383,1.16436,1334.00000
2026-05-27 08:15:00+00:00,1.16437,1.16472,1.16425,1.16472,960.00000
2026-05-27 08:30:00+00:00,1.16465,1.16470,1.16434,1.16459,882.00000
2026-05-27 08:45:00+00:00,1.16458,1.16461,1.16429,1.16449,896.00000
2026-05-27 09:00:00+00:00,1.16448,1.16456,1.16425,1.16439,898.00000
2026-05-27 09:15:00+00:00,1.16440,1.16470,1.16439,1.16454,940.00000
2026-05-27 09:30:00+00:00,1.16453,1.16458,1.16434,1.16444,616.00000
2026-05-27 09:45:00+00:00,1.16445,1.16487,1.16439,1.16446,636.00000
2026-05-27 10:00:00+00:00,1.16445,1.16447,1.16428,1.16437,724.00000
2026-05-27 10:15:00+00:00,1.16436,1.16441,1.16361,1.16376,764.00000
2026-05-27 10:30:00+00:00,1.16375,1.16406,1.16361,1.16384,875.00000
2026-05-27 10:45:00+00:00,1.16386,1.16397,1.16360,1.16391,1118.00000
2026-05-27 11:00:00+00:00,1.16394,1.16408,1.16363,1.16407,1080.00000
2026-05-27 11:15:00+00:00,1.16406,1.16419,1.16368,1.16379,874.00000
2026-05-27 11:30:00+00:00,1.16378,1.16395,1.16358,1.16388,1016.00000
2026-05-27 11:45:00+00:00,1.16389,1.16399,1.16330,1.16377,1258.00000
2026-05-27 12:00:00+00:00,1.16378,1.16395,1.16362,1.16374,1192.00000
2026-05-27 12:15:00+00:00,1.16373,1.16601,1.16346,1.16561,4781.00000
2026-05-27 12:30:00+00:00,1.16563,1.16614,1.16536,1.16537,3608.00000
2026-05-27 12:45:00+00:00,1.16538,1.16552,1.16418,1.16438,2200.00000
2026-05-27 13:00:00+00:00,1.16437,1.16479,1.16428,1.16453,2685.00000
2026-05-27 13:15:00+00:00,1.16454,1.16476,1.16398,1.16411,1947.00000
2026-05-27 13:30:00+00:00,1.16409,1.16459,1.16393,1.16419,2644.00000
2026-05-27 13:45:00+00:00,1.16420,1.16462,1.16376,1.16411,2300.00000
2026-05-27 14:00:00+00:00,1.16413,1.16489,1.16367,1.16484,2512.00000
2026-05-27 14:15:00+00:00,1.16480,1.16523,1.16439,1.16488,2452.00000
2026-05-27 14:30:00+00:00,1.16487,1.16519,1.16416,1.16488,2735.00000
2026-05-27 14:45:00+00:00,1.16489,1.16508,1.16249,1.16255,3220.00000
2026-05-27 15:00:00+00:00,1.16254,1.16340,1.16224,1.16335,2589.00000
2026-05-27 15:15:00+00:00,1.16336,1.16346,1.16294,1.16338,1882.00000
2026-05-27 15:30:00+00:00,1.16340,1.16363,1.16302,1.16308,1986.00000
2026-05-27 15:45:00+00:00,1.16310,1.16338,1.16264,1.16302,1872.00000
2026-05-27 16:00:00+00:00,1.16303,1.16303,1.16242,1.16293,1582.00000
2026-05-27 16:15:00+00:00,1.16294,1.16322,1.16281,1.16286,1021.00000
2026-05-27 16:30:00+00:00,1.16287,1.16327,1.16275,1.16313,848.00000
2026-05-27 16:45:00+00:00,1.16316,1.16328,1.16304,1.16323,658.00000
2026-05-27 17:00:00+00:00,1.16324,1.16330,1.16231,1.16233,1460.00000
2026-05-27 17:15:00+00:00,1.16235,1.16257,1.16222,1.16236,772.00000
2026-05-27 17:30:00+00:00,1.16231,1.16260,1.16223,1.16253,842.00000
2026-05-27 17:45:00+00:00,1.16254,1.16286,1.16253,1.16273,476.00000
2026-05-27 18:00:00+00:00,1.16271,1.16275,1.16231,1.16241,786.00000
2026-05-27 18:15:00+00:00,1.16242,1.16247,1.16226,1.16246,864.00000
2026-05-27 18:30:00+00:00,1.16247,1.16282,1.16238,1.16280,690.00000
2026-05-27 18:45:00+00:00,1.16276,1.16304,1.16267,1.16294,602.00000
2026-05-27 19:00:00+00:00,1.16295,1.16315,1.16284,1.16303,540.00000
2026-05-27 19:15:00+00:00,1.16304,1.16320,1.16297,1.16310,576.00000
2026-05-27 19:30:00+00:00,1.16311,1.16317,1.16289,1.16290,618.00000
2026-05-27 19:45:00+00:00,1.16289,1.16299,1.16269,1.16288,484.00000
2026-05-27 20:00:00+00:00,1.16285,1.16307,1.16281,1.16287,312.00000
2026-05-27 20:15:00+00:00,1.16288,1.16293,1.16278,1.16280,264.00000
2026-05-27 20:30:00+00:00,1.16279,1.16290,1.16264,1.16278,266.00000
2026-05-27 20:45:00+00:00,1.16279,1.16279,1.16256,1.16259,507.00000
2026-05-27 21:00:00+00:00,1.16269,1.16298,1.16252,1.16293,111.00000
2026-05-27 21:15:00+00:00,1.16279,1.16301,1.16266,1.16289,60.00000
2026-05-27 21:30:00+00:00,1.16286,1.16297,1.16277,1.16286,358.00000
2026-05-27 21:45:00+00:00,1.16289,1.16304,1.16256,1.16285,468.00000
2026-05-27 22:00:00+00:00,1.16278,1.16303,1.16269,1.16301,239.00000
2026-05-27 22:15:00+00:00,1.16300,1.16305,1.16279,1.16282,276.00000
2026-05-27 22:30:00+00:00,1.16281,1.16295,1.16269,1.16271,392.00000
2026-05-27 22:45:00+00:00,1.16270,1.16271,1.16258,1.16260,164.00000
2026-05-27 23:00:00+00:00,1.16259,1.16280,1.16256,1.16276,154.00000
2026-05-27 23:15:00+00:00,1.16277,1.16286,1.16217,1.16218,558.00000
2026-05-27 23:30:00+00:00,1.16219,1.16227,1.16206,1.16221,304.00000
2026-05-27 23:45:00+00:00,1.16220,1.16220,1.16160,1.16176,526.00000
2026-05-28 00:00:00+00:00,1.16175,1.16208,1.16166,1.16202,1160.00000
2026-05-28 00:15:00+00:00,1.16203,1.16235,1.16199,1.16233,686.00000
2026-05-28 00:30:00+00:00,1.16235,1.16236,1.16196,1.16198,718.00000
2026-05-28 00:45:00+00:00,1.16199,1.16213,1.16168,1.16207,894.00000
2026-05-28 01:00:00+00:00,1.16206,1.16212,1.16179,1.16194,862.00000
2026-05-28 01:15:00+00:00,1.16195,1.16203,1.16185,1.16186,608.00000
2026-05-28 01:30:00+00:00,1.16191,1.16197,1.16159,1.16162,670.00000
2026-05-28 01:45:00+00:00,1.16160,1.16160,1.16092,1.16100,915.00000
2026-05-28 02:00:00+00:00,1.16101,1.16127,1.16095,1.16126,846.00000
2026-05-28 02:15:00+00:00,1.16127,1.16142,1.16121,1.16136,519.00000
2026-05-28 02:30:00+00:00,1.16137,1.16152,1.16114,1.16118,578.00000
2026-05-28 02:45:00+00:00,1.16117,1.16128,1.16104,1.16127,762.00000
2026-05-28 03:00:00+00:00,1.16126,1.16138,1.16056,1.16056,670.00000
2026-05-28 03:15:00+00:00,1.16057,1.16057,1.16009,1.16011,939.00000
2026-05-28 03:30:00+00:00,1.16012,1.16012,1.15927,1.15931,1622.00000
2026-05-28 03:45:00+00:00,1.15930,1.15943,1.15872,1.15872,1160.00000
2026-05-28 04:00:00+00:00,1.15871,1.15913,1.15863,1.15911,1108.00000
2026-05-28 04:15:00+00:00,1.15910,1.15917,1.15880,1.15881,902.00000
2026-05-28 04:30:00+00:00,1.15880,1.15927,1.15880,1.15916,606.00000
2026-05-28 04:45:00+00:00,1.15917,1.15924,1.15903,1.15918,532.00000
2026-05-28 05:00:00+00:00,1.15920,1.15932,1.15889,1.15909,786.00000
2026-05-28 05:15:00+00:00,1.15908,1.15950,1.15901,1.15944,963.00000
2026-05-28 05:30:00+00:00,1.15947,1.16002,1.15943,1.15997,1064.00000
2026-05-28 05:45:00+00:00,1.15998,1.16021,1.15991,1.15992,750.00000
2026-05-28 06:00:00+00:00,1.15989,1.16049,1.15987,1.16041,1127.00000
2026-05-28 06:15:00+00:00,1.16040,1.16093,1.16033,1.16070,992.00000
2026-05-28 06:30:00+00:00,1.16071,1.16098,1.16056,1.16078,969.00000
2026-05-28 06:45:00+00:00,1.16081,1.16122,1.16061,1.16102,938.00000
2026-05-28 07:00:00+00:00,1.16103,1.16177,1.16103,1.16172,1399.00000
2026-05-28 07:15:00+00:00,1.16171,1.16172,1.16111,1.16125,1438.00000
2026-05-28 07:30:00+00:00,1.16126,1.16139,1.16101,1.16125,1028.00000
2026-05-28 07:45:00+00:00,1.16122,1.16138,1.16112,1.16117,924.00000
2026-05-28 08:00:00+00:00,1.16118,1.16161,1.16093,1.16112,1268.00000
2026-05-28 08:15:00+00:00,1.16111,1.16121,1.16066,1.16096,1076.00000
2026-05-28 08:30:00+00:00,1.16097,1.16122,1.16091,1.16108,944.00000
2026-05-28 08:45:00+00:00,1.16107,1.16169,1.16104,1.16156,778.00000
2026-05-28 09:00:00+00:00,1.16157,1.16182,1.16145,1.16181,922.00000
2026-05-28 09:15:00+00:00,1.16180,1.16193,1.16156,1.16179,852.00000
2026-05-28 09:30:00+00:00,1.16180,1.16185,1.16143,1.16166,900.00000
2026-05-28 09:45:00+00:00,1.16163,1.16179,1.16130,1.16131,1018.00000
2026-05-28 10:00:00+00:00,1.16130,1.16140,1.16090,1.16129,872.00000
2026-05-28 10:15:00+00:00,1.16130,1.16156,1.16099,1.16146,940.00000
2026-05-28 10:30:00+00:00,1.16144,1.16147,1.16057,1.16062,805.00000
2026-05-28 10:45:00+00:00,1.16063,1.16107,1.16036,1.16036,1397.00000
2026-05-28 11:00:00+00:00,1.16035,1.16081,1.16034,1.16079,1243.00000
2026-05-28 11:15:00+00:00,1.16078,1.16112,1.16076,1.16109,846.00000
2026-05-28 11:30:00+00:00,1.16108,1.16119,1.16081,1.16113,989.00000
2026-05-28 11:45:00+00:00,1.16112,1.16227,1.16105,1.16170,1623.00000
2026-05-28 12:00:00+00:00,1.16167,1.16197,1.16157,1.16193,1120.00000
2026-05-28 12:15:00+00:00,1.16195,1.16256,1.16189,1.16239,1184.00000
2026-05-28 12:30:00+00:00,1.16237,1.16343,1.16234,1.16326,2349.00000
2026-05-28 12:45:00+00:00,1.16325,1.16382,1.16321,1.16363,1717.00000
2026-05-28 13:00:00+00:00,1.16366,1.16431,1.16327,1.16328,1958.00000
2026-05-28 13:15:00+00:00,1.16329,1.16355,1.16326,1.16329,1286.00000
2026-05-28 13:30:00+00:00,1.16330,1.16386,1.16321,1.16375,2281.00000
2026-05-28 13:45:00+00:00,1.16372,1.16385,1.16291,1.16306,1642.00000
2026-05-28 14:00:00+00:00,1.16307,1.16540,1.16270,1.16462,3306.00000
2026-05-28 14:15:00+00:00,1.16466,1.16580,1.16419,1.16542,4335.00000
2026-05-28 14:30:00+00:00,1.16543,1.16569,1.16466,1.16520,3352.00000
2026-05-28 14:45:00+00:00,1.16519,1.16555,1.16430,1.16476,3482.00000
2026-05-28 15:00:00+00:00,1.16478,1.16553,1.16476,1.16536,2322.00000
2026-05-28 15:15:00+00:00,1.16537,1.16546,1.16506,1.16530,1826.00000
2026-05-28 15:30:00+00:00,1.16532,1.16568,1.16499,1.16512,1802.00000
2026-05-28 15:45:00+00:00,1.16513,1.16538,1.16477,1.16481,1444.00000
2026-05-28 16:00:00+00:00,1.16483,1.16507,1.16455,1.16503,1502.00000
2026-05-28 16:15:00+00:00,1.16506,1.16614,1.16493,1.16572,2088.00000
2026-05-28 16:30:00+00:00,1.16573,1.16596,1.16539,1.16564,1512.00000
2026-05-28 16:45:00+00:00,1.16567,1.16590,1.16536,1.16568,1405.00000
2026-05-28 17:00:00+00:00,1.16569,1.16574,1.16534,1.16549,870.00000
2026-05-28 17:15:00+00:00,1.16548,1.16549,1.16509,1.16510,780.00000
2026-05-28 17:30:00+00:00,1.16513,1.16539,1.16510,1.16513,774.00000
2026-05-28 17:45:00+00:00,1.16514,1.16544,1.16513,1.16534,598.00000
2026-05-28 18:00:00+00:00,1.16533,1.16550,1.16501,1.16521,908.00000
2026-05-28 18:15:00+00:00,1.16522,1.16554,1.16485,1.16490,1576.00000
2026-05-28 18:30:00+00:00,1.16488,1.16493,1.16466,1.16475,872.00000
2026-05-28 18:45:00+00:00,1.16474,1.16501,1.16473,1.16479,760.00000
2026-05-28 19:00:00+00:00,1.16476,1.16491,1.16465,1.16472,798.00000
2026-05-28 19:15:00+00:00,1.16471,1.16490,1.16470,1.16489,412.00000
2026-05-28 19:30:00+00:00,1.16490,1.16511,1.16486,1.16500,718.00000
2026-05-28 19:45:00+00:00,1.16499,1.16516,1.16469,1.16477,952.00000
2026-05-28 20:00:00+00:00,1.16475,1.16481,1.16449,1.16472,596.00000
2026-05-28 20:15:00+00:00,1.16471,1.16479,1.16462,1.16467,366.00000
2026-05-28 20:30:00+00:00,1.16466,1.16484,1.16466,1.16477,290.00000
2026-05-28 20:45:00+00:00,1.16478,1.16498,1.16477,1.16495,326.00000
2026-05-28 21:00:00+00:00,1.16507,1.16537,1.16497,1.16522,69.00000
2026-05-28 21:15:00+00:00,1.16521,1.16521,1.16506,1.16514,274.00000
2026-05-28 21:30:00+00:00,1.16516,1.16522,1.16508,1.16512,615.00000
2026-05-28 21:45:00+00:00,1.16518,1.16518,1.16505,1.16515,353.00000
2026-05-28 22:00:00+00:00,1.16514,1.16519,1.16505,1.16519,326.00000
2026-05-28 22:15:00+00:00,1.16515,1.16520,1.16513,1.16514,60.00000
2026-05-28 22:30:00+00:00,1.16515,1.16515,1.16502,1.16506,226.00000
2026-05-28 22:45:00+00:00,1.16507,1.16516,1.16499,1.16503,158.00000
2026-05-28 23:00:00+00:00,1.16502,1.16531,1.16502,1.16516,482.00000
2026-05-28 23:15:00+00:00,1.16517,1.16521,1.16514,1.16515,166.00000
2026-05-28 23:30:00+00:00,1.16510,1.16525,1.16507,1.16516,214.00000
2026-05-28 23:45:00+00:00,1.16515,1.16532,1.16513,1.16525,256.00000
2026-05-29 00:00:00+00:00,1.16521,1.16547,1.16521,1.16535,770.00000
2026-05-29 00:15:00+00:00,1.16534,1.16557,1.16524,1.16539,632.00000
2026-05-29 00:30:00+00:00,1.16538,1.16539,1.16498,1.16516,640.00000
2026-05-29 00:45:00+00:00,1.16515,1.16521,1.16475,1.16487,614.00000
2026-05-29 01:00:00+00:00,1.16488,1.16559,1.16478,1.16551,1310.00000
2026-05-29 01:15:00+00:00,1.16552,1.16566,1.16537,1.16540,892.00000
2026-05-29 01:30:00+00:00,1.16539,1.16540,1.16493,1.16495,770.00000
2026-05-29 01:45:00+00:00,1.16491,1.16491,1.16433,1.16446,944.00000
2026-05-29 02:00:00+00:00,1.16448,1.16476,1.16435,1.16473,806.00000
2026-05-29 02:15:00+00:00,1.16474,1.16479,1.16457,1.16464,556.00000
2026-05-29 02:30:00+00:00,1.16463,1.16493,1.16457,1.16486,588.00000
2026-05-29 02:45:00+00:00,1.16487,1.16492,1.16448,1.16449,424.00000
2026-05-29 03:00:00+00:00,1.16450,1.16451,1.16403,1.16408,584.00000
2026-05-29 03:15:00+00:00,1.16409,1.16417,1.16397,1.16410,664.00000
2026-05-29 03:30:00+00:00,1.16411,1.16413,1.16363,1.16384,606.00000
2026-05-29 03:45:00+00:00,1.16383,1.16391,1.16360,1.16372,676.00000
2026-05-29 04:00:00+00:00,1.16370,1.16392,1.16369,1.16377,762.00000
2026-05-29 04:15:00+00:00,1.16376,1.16381,1.16355,1.16357,462.00000
2026-05-29 04:30:00+00:00,1.16358,1.16393,1.16343,1.16389,588.00000
2026-05-29 04:45:00+00:00,1.16388,1.16392,1.16370,1.16392,526.00000
2026-05-29 05:00:00+00:00,1.16393,1.16426,1.16382,1.16423,665.00000
2026-05-29 05:15:00+00:00,1.16421,1.16437,1.16410,1.16416,501.00000
2026-05-29 05:30:00+00:00,1.16415,1.16425,1.16396,1.16401,432.00000
2026-05-29 05:45:00+00:00,1.16400,1.16428,1.16391,1.16422,515.00000
2026-05-29 06:00:00+00:00,1.16425,1.16479,1.16423,1.16478,905.00000
2026-05-29 06:15:00+00:00,1.16477,1.16477,1.16452,1.16456,1006.00000
2026-05-29 06:30:00+00:00,1.16457,1.16501,1.16451,1.16497,1191.00000
2026-05-29 06:45:00+00:00,1.16496,1.16544,1.16488,1.16535,794.00000
2026-05-29 07:00:00+00:00,1.16531,1.16533,1.16485,1.16492,1124.00000
2026-05-29 07:15:00+00:00,1.16491,1.16507,1.16415,1.16435,1281.00000
2026-05-29 07:30:00+00:00,1.16436,1.16444,1.16380,1.16433,1381.00000
2026-05-29 07:45:00+00:00,1.16436,1.16447,1.16395,1.16420,998.00000
2026-05-29 08:00:00+00:00,1.16405,1.16405,1.16341,1.16351,1655.00000
2026-05-29 08:15:00+00:00,1.16350,1.16391,1.16337,1.16388,1176.00000
2026-05-29 08:30:00+00:00,1.16387,1.16397,1.16356,1.16373,1078.00000
2026-05-29 08:45:00+00:00,1.16372,1.16372,1.16249,1.16281,1450.00000
2026-05-29 09:00:00+00:00,1.16282,1.16364,1.16266,1.16363,1320.00000
2026-05-29 09:15:00+00:00,1.16361,1.16386,1.16341,1.16366,1144.00000
2026-05-29 09:30:00+00:00,1.16365,1.16372,1.16331,1.16368,1042.00000
2026-05-29 09:45:00+00:00,1.16367,1.16428,1.16366,1.16416,1157.00000
2026-05-29 10:00:00+00:00,1.16417,1.16452,1.16379,1.16450,1098.00000
2026-05-29 10:15:00+00:00,1.16449,1.16451,1.16401,1.16426,846.00000
2026-05-29 10:30:00+00:00,1.16427,1.16444,1.16414,1.16426,818.00000
2026-05-29 10:45:00+00:00,1.16425,1.16441,1.16408,1.16431,1032.00000
2026-05-29 11:00:00+00:00,1.16427,1.16449,1.16410,1.16423,1088.00000
2026-05-29 11:15:00+00:00,1.16424,1.16436,1.16399,1.16434,992.00000
2026-05-29 11:30:00+00:00,1.16430,1.16469,1.16405,1.16457,730.00000
2026-05-29 11:45:00+00:00,1.16459,1.16482,1.16414,1.16477,1383.00000
2026-05-29 12:00:00+00:00,1.16478,1.16487,1.16429,1.16458,1146.00000
2026-05-29 12:15:00+00:00,1.16456,1.16471,1.16439,1.16464,968.00000
2026-05-29 12:30:00+00:00,1.16465,1.16470,1.16414,1.16453,1234.00000
2026-05-29 12:45:00+00:00,1.16451,1.16491,1.16438,1.16490,1167.00000
2026-05-29 13:00:00+00:00,1.16491,1.16495,1.16465,1.16474,1555.00000
2026-05-29 13:15:00+00:00,1.16475,1.16531,1.16474,1.16499,1321.00000
2026-05-29 13:30:00+00:00,1.16497,1.16522,1.16480,1.16509,1506.00000
2026-05-29 13:45:00+00:00,1.16507,1.16512,1.16449,1.16473,1842.00000
2026-05-29 14:00:00+00:00,1.16474,1.16510,1.16433,1.16435,2093.00000
2026-05-29 14:15:00+00:00,1.16436,1.16462,1.16418,1.16460,1956.00000
2026-05-29 14:30:00+00:00,1.16462,1.16482,1.16405,1.16477,2348.00000
2026-05-29 14:45:00+00:00,1.16476,1.16746,1.16468,1.16686,4717.00000
2026-05-29 15:00:00+00:00,1.16685,1.16780,1.16672,1.16764,3661.00000
2026-05-29 15:15:00+00:00,1.16765,1.16821,1.16741,1.16751,2326.00000
2026-05-29 15:30:00+00:00,1.16753,1.16860,1.16744,1.16761,3047.00000
2026-05-29 15:45:00+00:00,1.16759,1.16805,1.16758,1.16781,1783.00000
2026-05-29 16:00:00+00:00,1.16780,1.16792,1.16693,1.16697,1760.00000
2026-05-29 16:15:00+00:00,1.16695,1.16710,1.16678,1.16698,1149.00000
2026-05-29 16:30:00+00:00,1.16699,1.16748,1.16667,1.16709,1752.00000
2026-05-29 16:45:00+00:00,1.16708,1.16723,1.16692,1.16721,1281.00000
2026-05-29 17:00:00+00:00,1.16722,1.16734,1.16689,1.16691,1066.00000
2026-05-29 17:15:00+00:00,1.16692,1.16705,1.16659,1.16678,1120.00000
2026-05-29 17:30:00+00:00,1.16682,1.16683,1.16632,1.16645,768.00000
2026-05-29 17:45:00+00:00,1.16646,1.16657,1.16618,1.16623,992.00000
2026-05-29 18:00:00+00:00,1.16622,1.16642,1.16616,1.16642,850.00000
2026-05-29 18:15:00+00:00,1.16641,1.16659,1.16626,1.16646,958.00000
2026-05-29 18:30:00+00:00,1.16647,1.16686,1.16646,1.16653,908.00000
2026-05-29 18:45:00+00:00,1.16652,1.16678,1.16606,1.16642,1486.00000
2026-05-29 19:00:00+00:00,1.16641,1.16692,1.16641,1.16680,726.00000
2026-05-29 19:15:00+00:00,1.16677,1.16695,1.16656,1.16680,692.00000
2026-05-29 19:30:00+00:00,1.16681,1.16688,1.16665,1.16676,734.00000
2026-05-29 19:45:00+00:00,1.16678,1.16679,1.16638,1.16646,1170.00000
2026-05-29 20:00:00+00:00,1.16649,1.16650,1.16617,1.16631,604.00000
2026-05-29 20:15:00+00:00,1.16630,1.16631,1.16608,1.16614,256.00000
2026-05-29 20:30:00+00:00,1.16613,1.16626,1.16600,1.16621,443.00000
2026-05-29 20:45:00+00:00,1.16620,1.16620,1.16584,1.16613,1125.00000
2026-05-31 21:00:00+00:00,1.16538,1.16567,1.16522,1.16559,56.00000
2026-05-31 21:15:00+00:00,1.16562,1.16564,1.16536,1.16559,44.00000
2026-05-31 21:30:00+00:00,1.16559,1.16588,1.16535,1.16584,134.00000
2026-05-31 21:45:00+00:00,1.16585,1.16615,1.16556,1.16599,137.00000
2026-05-31 22:00:00+00:00,1.16600,1.16600,1.16512,1.16541,582.00000
2026-05-31 22:15:00+00:00,1.16540,1.16557,1.16526,1.16531,521.00000
2026-05-31 22:30:00+00:00,1.16532,1.16539,1.16520,1.16534,431.00000
2026-05-31 22:45:00+00:00,1.16535,1.16550,1.16533,1.16541,1199.00000
2026-05-31 23:00:00+00:00,1.16542,1.16557,1.16534,1.16545,452.00000
2026-05-31 23:15:00+00:00,1.16541,1.16556,1.16534,1.16555,476.00000
2026-05-31 23:30:00+00:00,1.16556,1.16558,1.16538,1.16542,784.00000
2026-05-31 23:45:00+00:00,1.16541,1.16547,1.16485,1.16486,1108.00000
2026-06-01 00:00:00+00:00,1.16487,1.16537,1.16476,1.16513,1570.00000
2026-06-01 00:15:00+00:00,1.16512,1.16520,1.16456,1.16477,1754.00000
2026-06-01 00:30:00+00:00,1.16476,1.16486,1.16461,1.16473,1100.00000
2026-06-01 00:45:00+00:00,1.16476,1.16485,1.16450,1.16478,739.00000
2026-06-01 01:00:00+00:00,1.16477,1.16483,1.16442,1.16459,938.00000
2026-06-01 01:15:00+00:00,1.16458,1.16469,1.16437,1.16439,696.00000
2026-06-01 01:30:00+00:00,1.16442,1.16454,1.16424,1.16441,751.00000
2026-06-01 01:45:00+00:00,1.16442,1.16450,1.16420,1.16448,496.00000
2026-06-01 02:00:00+00:00,1.16447,1.16452,1.16438,1.16446,592.00000
2026-06-01 02:15:00+00:00,1.16445,1.16454,1.16443,1.16446,374.00000
2026-06-01 02:30:00+00:00,1.16444,1.16458,1.16428,1.16444,646.00000
2026-06-01 02:45:00+00:00,1.16445,1.16469,1.16444,1.16464,522.00000
2026-06-01 03:00:00+00:00,1.16465,1.16491,1.16458,1.16458,688.00000
2026-06-01 03:15:00+00:00,1.16457,1.16482,1.16434,1.16476,686.00000
2026-06-01 03:30:00+00:00,1.16477,1.16486,1.16417,1.16418,512.00000
2026-06-01 03:45:00+00:00,1.16419,1.16442,1.16419,1.16438,490.00000
2026-06-01 04:00:00+00:00,1.16439,1.16458,1.16434,1.16454,348.00000
2026-06-01 04:15:00+00:00,1.16456,1.16474,1.16455,1.16473,234.00000
2026-06-01 04:30:00+00:00,1.16474,1.16486,1.16467,1.16481,252.00000
2026-06-01 04:45:00+00:00,1.16480,1.16482,1.16462,1.16481,447.00000
2026-06-01 05:00:00+00:00,1.16483,1.16524,1.16479,1.16517,768.00000
2026-06-01 05:15:00+00:00,1.16516,1.16525,1.16513,1.16513,414.00000
2026-06-01 05:30:00+00:00,1.16515,1.16522,1.16502,1.16522,574.00000
2026-06-01 05:45:00+00:00,1.16520,1.16533,1.16505,1.16513,521.00000
2026-06-01 06:00:00+00:00,1.16518,1.16561,1.16517,1.16547,1126.00000
2026-06-01 06:15:00+00:00,1.16544,1.16556,1.16501,1.16515,874.00000
2026-06-01 06:30:00+00:00,1.16518,1.16542,1.16509,1.16539,956.00000
2026-06-01 06:45:00+00:00,1.16538,1.16648,1.16526,1.16647,1866.00000
2026-06-01 07:00:00+00:00,1.16646,1.16648,1.16560,1.16587,1327.00000
2026-06-01 07:15:00+00:00,1.16586,1.16612,1.16557,1.16584,1042.00000
2026-06-01 07:30:00+00:00,1.16583,1.16590,1.16527,1.16535,808.00000
2026-06-01 07:45:00+00:00,1.16534,1.16591,1.16518,1.16566,910.00000
2026-06-01 08:00:00+00:00,1.16574,1.16588,1.16550,1.16582,958.00000
2026-06-01 08:15:00+00:00,1.16581,1.16601,1.16549,1.16589,1003.00000
2026-06-01 08:30:00+00:00,1.16590,1.16596,1.16571,1.16592,746.00000
2026-06-01 08:45:00+00:00,1.16591,1.16601,1.16531,1.16580,874.00000
2026-06-01 09:00:00+00:00,1.16578,1.16606,1.16509,1.16521,1179.00000
2026-06-01 09:15:00+00:00,1.16522,1.16546,1.16480,1.16498,926.00000
2026-06-01 09:30:00+00:00,1.16496,1.16511,1.16487,1.16487,1118.00000
2026-06-01 09:45:00+00:00,1.16488,1.16514,1.16486,1.16508,938.00000
2026-06-01 10:00:00+00:00,1.16511,1.16511,1.16488,1.16492,770.00000
2026-06-01 10:15:00+00:00,1.16491,1.16496,1.16472,1.16485,578.00000
2026-06-01 10:30:00+00:00,1.16486,1.16503,1.16474,1.16496,736.00000
2026-06-01 10:45:00+00:00,1.16497,1.16502,1.16461,1.16476,671.00000
2026-06-01 11:00:00+00:00,1.16475,1.16481,1.16417,1.16448,857.00000
2026-06-01 11:15:00+00:00,1.16447,1.16466,1.16439,1.16464,730.00000
2026-06-01 11:30:00+00:00,1.16462,1.16462,1.16429,1.16454,932.00000
2026-06-01 11:45:00+00:00,1.16453,1.16482,1.16438,1.16463,828.00000
2026-06-01 12:00:00+00:00,1.16465,1.16483,1.16457,1.16462,1108.00000
2026-06-01 12:15:00+00:00,1.16463,1.16502,1.16456,1.16499,880.00000
2026-06-01 12:30:00+00:00,1.16500,1.16505,1.16452,1.16481,1425.00000
2026-06-01 12:45:00+00:00,1.16482,1.16490,1.16459,1.16473,1240.00000
2026-06-01 13:00:00+00:00,1.16474,1.16482,1.16278,1.16322,3257.00000
2026-06-01 13:15:00+00:00,1.16323,1.16381,1.16255,1.16272,3533.00000
2026-06-01 13:30:00+00:00,1.16278,1.16295,1.16205,1.16208,3542.00000
2026-06-01 13:45:00+00:00,1.16205,1.16229,1.16098,1.16100,2828.00000
2026-06-01 14:00:00+00:00,1.16083,1.16153,1.16069,1.16141,3539.00000
2026-06-01 14:15:00+00:00,1.16140,1.16181,1.16111,1.16143,2657.00000
2026-06-01 14:30:00+00:00,1.16142,1.16181,1.16126,1.16175,1820.00000
2026-06-01 14:45:00+00:00,1.16174,1.16184,1.16110,1.16175,2025.00000
2026-06-01 15:00:00+00:00,1.16178,1.16197,1.16152,1.16165,2679.00000
2026-06-01 15:15:00+00:00,1.16166,1.16228,1.16163,1.16218,1704.00000
2026-06-01 15:30:00+00:00,1.16217,1.16288,1.16217,1.16249,2540.00000
2026-06-01 15:45:00+00:00,1.16250,1.16255,1.16217,1.16230,1006.00000
2026-06-01 16:00:00+00:00,1.16232,1.16262,1.16172,1.16189,1251.00000
2026-06-01 16:15:00+00:00,1.16187,1.16222,1.16164,1.16214,1165.00000
2026-06-01 16:30:00+00:00,1.16218,1.16243,1.16206,1.16212,1366.00000
2026-06-01 16:45:00+00:00,1.16213,1.16304,1.16211,1.16298,1620.00000
2026-06-01 17:00:00+00:00,1.16301,1.16303,1.16252,1.16264,1180.00000
2026-06-01 17:15:00+00:00,1.16263,1.16320,1.16253,1.16320,1141.00000
2026-06-01 17:30:00+00:00,1.16321,1.16380,1.16296,1.16354,1935.00000
2026-06-01 17:45:00+00:00,1.16353,1.16373,1.16337,1.16348,906.00000
2026-06-01 18:00:00+00:00,1.16350,1.16353,1.16327,1.16342,587.00000
2026-06-01 18:15:00+00:00,1.16339,1.16353,1.16329,1.16332,420.00000
2026-06-01 18:30:00+00:00,1.16333,1.16348,1.16324,1.16346,448.00000
2026-06-01 18:45:00+00:00,1.16344,1.16348,1.16307,1.16308,602.00000
2026-06-01 19:00:00+00:00,1.16307,1.16338,1.16296,1.16316,550.00000
2026-06-01 19:15:00+00:00,1.16317,1.16334,1.16316,1.16321,460.00000
2026-06-01 19:30:00+00:00,1.16322,1.16334,1.16316,1.16318,702.00000
2026-06-01 19:45:00+00:00,1.16319,1.16325,1.16266,1.16317,1204.00000
2026-06-01 20:00:00+00:00,1.16314,1.16339,1.16312,1.16319,382.00000
2026-06-01 20:15:00+00:00,1.16321,1.16322,1.16305,1.16316,270.00000
2026-06-01 20:30:00+00:00,1.16313,1.16331,1.16310,1.16330,234.00000
2026-06-01 20:45:00+00:00,1.16328,1.16332,1.16311,1.16323,571.00000
2026-06-01 21:00:00+00:00,1.16296,1.16324,1.16256,1.16302,51.00000
2026-06-01 21:15:00+00:00,1.16309,1.16343,1.16297,1.16337,108.00000
2026-06-01 21:30:00+00:00,1.16338,1.16351,1.16330,1.16349,314.00000
2026-06-01 21:45:00+00:00,1.16350,1.16364,1.16326,1.16337,311.00000
2026-06-01 22:00:00+00:00,1.16338,1.16349,1.16323,1.16338,289.00000
2026-06-01 22:15:00+00:00,1.16339,1.16340,1.16331,1.16331,152.00000
2026-06-01 22:30:00+00:00,1.16332,1.16341,1.16330,1.16338,180.00000
2026-06-01 22:45:00+00:00,1.16339,1.16341,1.16334,1.16340,168.00000
2026-06-01 23:00:00+00:00,1.16341,1.16359,1.16340,1.16350,212.00000
2026-06-01 23:15:00+00:00,1.16351,1.16355,1.16348,1.16348,82.00000
2026-06-01 23:30:00+00:00,1.16353,1.16362,1.16329,1.16360,394.00000
2026-06-01 23:45:00+00:00,1.16359,1.16361,1.16349,1.16354,264.00000
2026-06-02 00:00:00+00:00,1.16355,1.16355,1.16300,1.16333,893.00000
2026-06-02 00:15:00+00:00,1.16332,1.16344,1.16318,1.16332,594.00000
2026-06-02 00:30:00+00:00,1.16330,1.16348,1.16318,1.16324,511.00000
2026-06-02 00:45:00+00:00,1.16323,1.16329,1.16293,1.16314,766.00000
2026-06-02 01:00:00+00:00,1.16315,1.16369,1.16313,1.16360,922.00000
2026-06-02 01:15:00+00:00,1.16361,1.16361,1.16327,1.16337,806.00000
2026-06-02 01:30:00+00:00,1.16338,1.16353,1.16325,1.16331,826.00000
2026-06-02 01:45:00+00:00,1.16330,1.16330,1.16286,1.16306,800.00000
2026-06-02 02:00:00+00:00,1.16307,1.16322,1.16303,1.16319,558.00000
2026-06-02 02:15:00+00:00,1.16318,1.16342,1.16314,1.16338,390.00000
2026-06-02 02:30:00+00:00,1.16339,1.16345,1.16303,1.16307,402.00000
2026-06-02 02:45:00+00:00,1.16308,1.16317,1.16306,1.16308,312.00000
2026-06-02 03:00:00+00:00,1.16309,1.16336,1.16308,1.16329,546.00000
2026-06-02 03:15:00+00:00,1.16328,1.16337,1.16316,1.16332,506.00000
2026-06-02 03:30:00+00:00,1.16331,1.16345,1.16327,1.16340,360.00000
2026-06-02 03:45:00+00:00,1.16341,1.16352,1.16335,1.16342,372.00000
2026-06-02 04:00:00+00:00,1.16341,1.16354,1.16341,1.16352,276.00000
2026-06-02 04:15:00+00:00,1.16351,1.16365,1.16351,1.16360,418.00000
2026-06-02 04:30:00+00:00,1.16359,1.16373,1.16359,1.16368,316.00000
2026-06-02 04:45:00+00:00,1.16369,1.16388,1.16364,1.16379,352.00000
2026-06-02 05:00:00+00:00,1.16380,1.16393,1.16378,1.16392,414.00000
2026-06-02 05:15:00+00:00,1.16391,1.16398,1.16369,1.16376,454.00000
2026-06-02 05:30:00+00:00,1.16377,1.16387,1.16377,1.16378,398.00000
2026-06-02 05:45:00+00:00,1.16377,1.16378,1.16363,1.16371,306.00000
2026-06-02 06:00:00+00:00,1.16372,1.16472,1.16371,1.16453,1091.00000
2026-06-02 06:15:00+00:00,1.16452,1.16503,1.16448,1.16491,1150.00000
2026-06-02 06:30:00+00:00,1.16492,1.16523,1.16481,1.16483,1215.00000
2026-06-02 06:45:00+00:00,1.16482,1.16507,1.16481,1.16505,982.00000
2026-06-02 07:00:00+00:00,1.16504,1.16508,1.16463,1.16465,1002.00000
2026-06-02 07:15:00+00:00,1.16466,1.16476,1.16447,1.16469,866.00000
2026-06-02 07:30:00+00:00,1.16467,1.16489,1.16458,1.16483,826.00000
2026-06-02 07:45:00+00:00,1.16482,1.16495,1.16470,1.16486,1148.00000
2026-06-02 08:00:00+00:00,1.16489,1.16526,1.16464,1.16464,1092.00000
2026-06-02 08:15:00+00:00,1.16465,1.16476,1.16450,1.16463,1022.00000
2026-06-02 08:30:00+00:00,1.16464,1.16477,1.16451,1.16454,924.00000
2026-06-02 08:45:00+00:00,1.16455,1.16455,1.16420,1.16436,890.00000
2026-06-02 09:00:00+00:00,1.16435,1.16438,1.16402,1.16411,900.00000
2026-06-02 09:15:00+00:00,1.16412,1.16434,1.16404,1.16433,960.00000
2026-06-02 09:30:00+00:00,1.16434,1.16449,1.16428,1.16437,832.00000
2026-06-02 09:45:00+00:00,1.16438,1.16446,1.16410,1.16432,830.00000
2026-06-02 10:00:00+00:00,1.16433,1.16455,1.16414,1.16438,838.00000
2026-06-02 10:15:00+00:00,1.16437,1.16440,1.16384,1.16426,706.00000
2026-06-02 10:30:00+00:00,1.16427,1.16439,1.16417,1.16439,556.00000
2026-06-02 10:45:00+00:00,1.16440,1.16461,1.16424,1.16436,728.00000
2026-06-02 11:00:00+00:00,1.16437,1.16459,1.16436,1.16442,668.00000
2026-06-02 11:15:00+00:00,1.16443,1.16468,1.16439,1.16468,830.00000
2026-06-02 11:30:00+00:00,1.16464,1.16506,1.16461,1.16503,795.00000
2026-06-02 11:45:00+00:00,1.16502,1.16527,1.16482,1.16495,778.00000
2026-06-02 12:00:00+00:00,1.16496,1.16513,1.16483,1.16488,782.00000
2026-06-02 12:15:00+00:00,1.16492,1.16540,1.16475,1.16524,962.00000
2026-06-02 12:30:00+00:00,1.16523,1.16557,1.16494,1.16511,1491.00000
2026-06-02 12:45:00+00:00,1.16513,1.16524,1.16492,1.16504,1008.00000
2026-06-02 13:00:00+00:00,1.16505,1.16524,1.16472,1.16485,1654.00000
2026-06-02 13:15:00+00:00,1.16486,1.16502,1.16456,1.16456,1110.00000
2026-06-02 13:30:00+00:00,1.16458,1.16480,1.16442,1.16443,1707.00000
2026-06-02 13:45:00+00:00,1.16441,1.16452,1.16395,1.16437,1494.00000
2026-06-02 14:00:00+00:00,1.16436,1.16436,1.16362,1.16417,1878.00000
2026-06-02 14:15:00+00:00,1.16416,1.16436,1.16365,1.16397,1520.00000
2026-06-02 14:30:00+00:00,1.16398,1.16500,1.16394,1.16466,1478.00000
2026-06-02 14:45:00+00:00,1.16462,1.16468,1.16424,1.16436,1542.00000
2026-06-02 15:00:00+00:00,1.16434,1.16446,1.16386,1.16417,1657.00000
2026-06-02 15:15:00+00:00,1.16418,1.16452,1.16355,1.16368,1354.00000
2026-06-02 15:30:00+00:00,1.16372,1.16409,1.16362,1.16402,1376.00000
2026-06-02 15:45:00+00:00,1.16400,1.16418,1.16392,1.16405,904.00000
2026-06-02 16:00:00+00:00,1.16406,1.16411,1.16357,1.16377,943.00000
2026-06-02 16:15:00+00:00,1.16376,1.16382,1.16304,1.16308,900.00000
2026-06-02 16:30:00+00:00,1.16309,1.16316,1.16268,1.16284,758.00000
2026-06-02 16:45:00+00:00,1.16280,1.16295,1.16268,1.16284,658.00000
2026-06-02 17:00:00+00:00,1.16282,1.16298,1.16249,1.16260,844.00000
2026-06-02 17:15:00+00:00,1.16262,1.16270,1.16233,1.16244,722.00000
2026-06-02 17:30:00+00:00,1.16243,1.16253,1.16219,1.16230,690.00000
2026-06-02 17:45:00+00:00,1.16229,1.16230,1.16202,1.16215,486.00000
2026-06-02 18:00:00+00:00,1.16217,1.16226,1.16177,1.16184,529.00000
2026-06-02 18:15:00+00:00,1.16183,1.16211,1.16135,1.16205,1028.00000
2026-06-02 18:30:00+00:00,1.16209,1.16261,1.16208,1.16249,972.00000
2026-06-02 18:45:00+00:00,1.16248,1.16299,1.16248,1.16284,581.00000
2026-06-02 19:00:00+00:00,1.16286,1.16323,1.16286,1.16323,458.00000
2026-06-02 19:15:00+00:00,1.16324,1.16330,1.16308,1.16318,512.00000
2026-06-02 19:30:00+00:00,1.16321,1.16326,1.16308,1.16314,362.00000
2026-06-02 19:45:00+00:00,1.16319,1.16326,1.16306,1.16323,656.00000
2026-06-02 20:00:00+00:00,1.16322,1.16348,1.16322,1.16334,352.00000
2026-06-02 20:15:00+00:00,1.16336,1.16336,1.16311,1.16319,216.00000
2026-06-02 20:30:00+00:00,1.16320,1.16324,1.16300,1.16313,268.00000
2026-06-02 20:45:00+00:00,1.16317,1.16321,1.16304,1.16313,535.00000
2026-06-02 21:00:00+00:00,1.16288,1.16316,1.16248,1.16316,128.00000
2026-06-02 21:15:00+00:00,1.16302,1.16320,1.16302,1.16302,56.00000
2026-06-02 21:30:00+00:00,1.16316,1.16318,1.16302,1.16314,156.00000
2026-06-02 21:45:00+00:00,1.16318,1.16325,1.16286,1.16291,210.00000
2026-06-02 22:00:00+00:00,1.16294,1.16298,1.16265,1.16270,449.00000
2026-06-02 22:15:00+00:00,1.16272,1.16287,1.16269,1.16284,157.00000
2026-06-02 22:30:00+00:00,1.16285,1.16291,1.16281,1.16287,180.00000
2026-06-02 22:45:00+00:00,1.16286,1.16289,1.16264,1.16266,346.00000
2026-06-02 23:00:00+00:00,1.16267,1.16274,1.16245,1.16250,584.00000
2026-06-02 23:15:00+00:00,1.16251,1.16254,1.16222,1.16231,602.00000
2026-06-02 23:30:00+00:00,1.16232,1.16235,1.16199,1.16218,610.00000
2026-06-02 23:45:00+00:00,1.16216,1.16219,1.16198,1.16212,548.00000
2026-06-03 00:00:00+00:00,1.16210,1.16240,1.16205,1.16234,850.00000
2026-06-03 00:15:00+00:00,1.16233,1.16273,1.16224,1.16272,672.00000
2026-06-03 00:30:00+00:00,1.16271,1.16308,1.16269,1.16290,478.00000
2026-06-03 00:45:00+00:00,1.16289,1.16294,1.16275,1.16287,638.00000
2026-06-03 01:00:00+00:00,1.16288,1.16295,1.16261,1.16280,1034.00000
2026-06-03 01:15:00+00:00,1.16279,1.16310,1.16270,1.16307,660.00000
2026-06-03 01:30:00+00:00,1.16306,1.16325,1.16284,1.16319,901.00000
2026-06-03 01:45:00+00:00,1.16318,1.16334,1.16276,1.16295,684.00000
2026-06-03 02:00:00+00:00,1.16296,1.16320,1.16294,1.16308,610.00000
2026-06-03 02:15:00+00:00,1.16306,1.16308,1.16283,1.16286,414.00000
2026-06-03 02:30:00+00:00,1.16287,1.16297,1.16273,1.16282,444.00000
2026-06-03 02:45:00+00:00,1.16281,1.16286,1.16249,1.16281,882.00000
2026-06-03 03:00:00+00:00,1.16283,1.16296,1.16274,1.16284,556.00000
2026-06-03 03:15:00+00:00,1.16283,1.16290,1.16269,1.16271,542.00000
2026-06-03 03:30:00+00:00,1.16272,1.16296,1.16263,1.16284,492.00000
2026-06-03 03:45:00+00:00,1.16288,1.16290,1.16268,1.16275,384.00000
2026-06-03 04:00:00+00:00,1.16276,1.16281,1.16256,1.16259,276.00000
2026-06-03 04:15:00+00:00,1.16258,1.16265,1.16248,1.16249,308.00000
2026-06-03 04:30:00+00:00,1.16248,1.16258,1.16246,1.16258,264.00000
2026-06-03 04:45:00+00:00,1.16257,1.16260,1.16244,1.16256,346.00000
2026-06-03 05:00:00+00:00,1.16257,1.16269,1.16246,1.16263,388.00000
2026-06-03 05:15:00+00:00,1.16264,1.16272,1.16219,1.16223,418.00000
2026-06-03 05:30:00+00:00,1.16224,1.16241,1.16213,1.16219,638.00000
2026-06-03 05:45:00+00:00,1.16218,1.16233,1.16186,1.16187,742.00000
2026-06-03 06:00:00+00:00,1.16188,1.16225,1.16144,1.16175,1143.00000
2026-06-03 06:15:00+00:00,1.16174,1.16185,1.16123,1.16161,1160.00000
2026-06-03 06:30:00+00:00,1.16160,1.16186,1.16135,1.16144,1488.00000
2026-06-03 06:45:00+00:00,1.16143,1.16173,1.16132,1.16164,1060.00000
2026-06-03 07:00:00+00:00,1.16163,1.16208,1.16132,1.16184,1473.00000
2026-06-03 07:15:00+00:00,1.16185,1.16198,1.16139,1.16139,874.00000
2026-06-03 07:30:00+00:00,1.16138,1.16245,1.16129,1.16217,2179.00000
2026-06-03 07:45:00+00:00,1.16219,1.16224,1.16159,1.16162,1114.00000
2026-06-03 08:00:00+00:00,1.16164,1.16168,1.16120,1.16121,1254.00000
2026-06-03 08:15:00+00:00,1.16122,1.16130,1.16098,1.16120,1050.00000
2026-06-03 08:30:00+00:00,1.16121,1.16154,1.16052,1.16063,2032.00000
2026-06-03 08:45:00+00:00,1.16065,1.16105,1.16064,1.16082,1124.00000
2026-06-03 09:00:00+00:00,1.16081,1.16134,1.16080,1.16119,1034.00000
2026-06-03 09:15:00+00:00,1.16118,1.16160,1.16110,1.16124,953.00000
2026-06-03 09:30:00+00:00,1.16122,1.16143,1.16093,1.16142,1009.00000
2026-06-03 09:45:00+00:00,1.16141,1.16157,1.16108,1.16135,994.00000
2026-06-03 10:00:00+00:00,1.16136,1.16230,1.16128,1.16154,2498.00000
2026-06-03 10:15:00+00:00,1.16150,1.16161,1.16134,1.16154,1020.00000
2026-06-03 10:30:00+00:00,1.16151,1.16178,1.16146,1.16166,910.00000
2026-06-03 10:45:00+00:00,1.16168,1.16170,1.16145,1.16162,764.00000
2026-06-03 11:00:00+00:00,1.16163,1.16189,1.16154,1.16182,834.00000
2026-06-03 11:15:00+00:00,1.16186,1.16203,1.16174,1.16201,726.00000
2026-06-03 11:30:00+00:00,1.16202,1.16209,1.16177,1.16181,812.00000
2026-06-03 11:45:00+00:00,1.16180,1.16226,1.16164,1.16178,1237.00000
2026-06-03 12:00:00+00:00,1.16177,1.16184,1.16124,1.16141,1438.00000
2026-06-03 12:15:00+00:00,1.16142,1.16142,1.16069,1.16070,1303.00000
2026-06-03 12:30:00+00:00,1.16069,1.16070,1.15967,1.16052,1875.00000
2026-06-03 12:45:00+00:00,1.16053,1.16053,1.15975,1.16005,1403.00000
2026-06-03 13:00:00+00:00,1.16008,1.16036,1.15990,1.16014,1704.00000
2026-06-03 13:15:00+00:00,1.16015,1.16048,1.15973,1.16041,1586.00000
2026-06-03 13:30:00+00:00,1.16046,1.16063,1.16024,1.16031,2024.00000
2026-06-03 13:45:00+00:00,1.16030,1.16048,1.15988,1.16028,2386.00000
2026-06-03 14:00:00+00:00,1.16027,1.16086,1.16001,1.16065,2508.00000
2026-06-03 14:15:00+00:00,1.16066,1.16077,1.15996,1.16038,2642.00000
2026-06-03 14:30:00+00:00,1.16039,1.16044,1.15960,1.15963,2132.00000
2026-06-03 14:45:00+00:00,1.15962,1.16123,1.15948,1.16123,3335.00000
2026-06-03 15:00:00+00:00,1.16124,1.16131,1.16024,1.16070,2873.00000
2026-06-03 15:15:00+00:00,1.16068,1.16114,1.16052,1.16075,2510.00000
2026-06-03 15:30:00+00:00,1.16074,1.16104,1.16042,1.16064,2002.00000
2026-06-03 15:45:00+00:00,1.16063,1.16076,1.16042,1.16048,1377.00000
2026-06-03 16:00:00+00:00,1.16050,1.16050,1.15972,1.15983,1572.00000
2026-06-03 16:15:00+00:00,1.15984,1.16002,1.15958,1.15994,1403.00000
2026-06-03 16:30:00+00:00,1.15995,1.16001,1.15951,1.15964,1259.00000
2026-06-03 16:45:00+00:00,1.15967,1.16019,1.15956,1.16002,1335.00000
2026-06-03 17:00:00+00:00,1.16005,1.16037,1.15983,1.16003,1076.00000
2026-06-03 17:15:00+00:00,1.16004,1.16006,1.15972,1.15974,684.00000
2026-06-03 17:30:00+00:00,1.15973,1.15997,1.15971,1.15983,414.00000
2026-06-03 17:45:00+00:00,1.15984,1.15993,1.15969,1.15984,621.00000
2026-06-03 18:00:00+00:00,1.15985,1.15993,1.15959,1.15964,648.00000
2026-06-03 18:15:00+00:00,1.15962,1.15981,1.15953,1.15978,620.00000
2026-06-03 18:30:00+00:00,1.15979,1.15979,1.15956,1.15972,638.00000
2026-06-03 18:45:00+00:00,1.15971,1.15998,1.15971,1.15983,582.00000
2026-06-03 19:00:00+00:00,1.15982,1.16001,1.15979,1.15981,460.00000
2026-06-03 19:15:00+00:00,1.15980,1.16009,1.15971,1.15974,610.00000
2026-06-03 19:30:00+00:00,1.15976,1.15992,1.15974,1.15981,468.00000
2026-06-03 19:45:00+00:00,1.15980,1.15989,1.15973,1.15981,608.00000
2026-06-03 20:00:00+00:00,1.15982,1.15993,1.15970,1.15988,396.00000
2026-06-03 20:15:00+00:00,1.15985,1.16004,1.15983,1.15995,360.00000
2026-06-03 20:30:00+00:00,1.15994,1.16002,1.15976,1.15982,277.00000
2026-06-03 20:45:00+00:00,1.15983,1.16000,1.15975,1.15984,366.00000
2026-06-03 21:00:00+00:00,1.16008,1.16030,1.15967,1.16002,148.00000
2026-06-03 21:15:00+00:00,1.15988,1.15995,1.15974,1.15989,49.00000
2026-06-03 21:30:00+00:00,1.15990,1.16004,1.15971,1.16004,98.00000
2026-06-03 21:45:00+00:00,1.16003,1.16003,1.15972,1.15985,235.00000
2026-06-03 22:00:00+00:00,1.15981,1.15992,1.15949,1.15958,349.00000
2026-06-03 22:15:00+00:00,1.15961,1.15972,1.15945,1.15969,268.00000
2026-06-03 22:30:00+00:00,1.15970,1.15988,1.15967,1.15975,358.00000
2026-06-03 22:45:00+00:00,1.15974,1.16124,1.15969,1.16058,882.00000
2026-06-03 23:00:00+00:00,1.16059,1.16084,1.16015,1.16051,682.00000
2026-06-03 23:15:00+00:00,1.16053,1.16062,1.16040,1.16054,362.00000
2026-06-03 23:30:00+00:00,1.16055,1.16074,1.16049,1.16069,328.00000
2026-06-03 23:45:00+00:00,1.16070,1.16109,1.16069,1.16091,494.00000
2026-06-04 00:00:00+00:00,1.16088,1.16112,1.16055,1.16086,1280.00000
2026-06-04 00:15:00+00:00,1.16085,1.16127,1.16076,1.16096,804.00000
2026-06-04 00:30:00+00:00,1.16095,1.16119,1.16083,1.16115,800.00000
2026-06-04 00:45:00+00:00,1.16114,1.16116,1.16059,1.16067,830.00000
2026-06-04 01:00:00+00:00,1.16065,1.16074,1.16039,1.16064,1188.00000
2026-06-04 01:15:00+00:00,1.16063,1.16086,1.16053,1.16079,890.00000
2026-06-04 01:30:00+00:00,1.16080,1.16101,1.16072,1.16079,842.00000
2026-06-04 01:45:00+00:00,1.16080,1.16099,1.16074,1.16096,768.00000
2026-06-04 02:00:00+00:00,1.16098,1.16104,1.16076,1.16076,928.00000
2026-06-04 02:15:00+00:00,1.16077,1.16082,1.16063,1.16077,642.00000
2026-06-04 02:30:00+00:00,1.16078,1.16096,1.16078,1.16094,332.00000
2026-06-04 02:45:00+00:00,1.16096,1.16113,1.16096,1.16101,412.00000
2026-06-04 03:00:00+00:00,1.16100,1.16100,1.16036,1.16046,428.00000
2026-06-04 03:15:00+00:00,1.16048,1.16064,1.16026,1.16035,420.00000
2026-06-04 03:30:00+00:00,1.16034,1.16050,1.16028,1.16034,528.00000
2026-06-04 03:45:00+00:00,1.16035,1.16062,1.16028,1.16061,394.00000
2026-06-04 04:00:00+00:00,1.16060,1.16061,1.16040,1.16046,370.00000
2026-06-04 04:15:00+00:00,1.16045,1.16061,1.16045,1.16059,230.00000
2026-06-04 04:30:00+00:00,1.16060,1.16131,1.16060,1.16111,800.00000
2026-06-04 04:45:00+00:00,1.16109,1.16126,1.16085,1.16098,326.00000
2026-06-04 05:00:00+00:00,1.16097,1.16105,1.16075,1.16083,686.00000
2026-06-04 05:15:00+00:00,1.16084,1.16092,1.16056,1.16058,472.00000
2026-06-04 05:30:00+00:00,1.16059,1.16089,1.16053,1.16084,666.00000
2026-06-04 05:45:00+00:00,1.16085,1.16105,1.16076,1.16099,544.00000
2026-06-04 06:00:00+00:00,1.16098,1.16126,1.16091,1.16124,1006.00000
2026-06-04 06:15:00+00:00,1.16123,1.16128,1.16072,1.16105,916.00000
2026-06-04 06:30:00+00:00,1.16106,1.16150,1.16086,1.16131,1298.00000
2026-06-04 06:45:00+00:00,1.16130,1.16130,1.16080,1.16107,1026.00000
2026-06-04 07:00:00+00:00,1.16109,1.16127,1.16092,1.16105,1193.00000
2026-06-04 07:15:00+00:00,1.16104,1.16115,1.16033,1.16065,858.00000
2026-06-04 07:30:00+00:00,1.16063,1.16072,1.15985,1.16014,1372.00000
2026-06-04 07:45:00+00:00,1.16013,1.16044,1.16000,1.16039,1237.00000
2026-06-04 08:00:00+00:00,1.16040,1.16077,1.16035,1.16054,1126.00000
2026-06-04 08:15:00+00:00,1.16055,1.16109,1.16053,1.16105,1196.00000
2026-06-04 08:30:00+00:00,1.16106,1.16141,1.16068,1.16075,1294.00000
2026-06-04 08:45:00+00:00,1.16076,1.16140,1.16075,1.16132,1028.00000
2026-06-04 09:00:00+00:00,1.16131,1.16199,1.16131,1.16188,1756.00000
2026-06-04 09:15:00+00:00,1.16189,1.16225,1.16183,1.16206,1224.00000
2026-06-04 09:30:00+00:00,1.16205,1.16273,1.16193,1.16267,1314.00000
2026-06-04 09:45:00+00:00,1.16268,1.16284,1.16242,1.16257,1246.00000
2026-06-04 10:00:00+00:00,1.16255,1.16307,1.16251,1.16297,1240.00000
2026-06-04 10:15:00+00:00,1.16298,1.16306,1.16258,1.16288,1012.00000
2026-06-04 10:30:00+00:00,1.16285,1.16335,1.16280,1.16325,1126.00000
2026-06-04 10:45:00+00:00,1.16324,1.16342,1.16278,1.16305,1188.00000
2026-06-04 11:00:00+00:00,1.16306,1.16369,1.16303,1.16353,1488.00000
2026-06-04 11:15:00+00:00,1.16352,1.16434,1.16351,1.16407,1783.00000
2026-06-04 11:30:00+00:00,1.16408,1.16441,1.16370,1.16438,1774.00000
2026-06-04 11:45:00+00:00,1.16437,1.16454,1.16410,1.16418,1576.00000
2026-06-04 12:00:00+00:00,1.16416,1.16452,1.16345,1.16378,2347.00000
2026-06-04 12:15:00+00:00,1.16379,1.16400,1.16368,1.16384,1330.00000
2026-06-04 12:30:00+00:00,1.16390,1.16414,1.16382,1.16400,1450.00000
2026-06-04 12:45:00+00:00,1.16399,1.16434,1.16370,1.16371,1496.00000
2026-06-04 13:00:00+00:00,1.16369,1.16399,1.16343,1.16348,1366.00000
2026-06-04 13:15:00+00:00,1.16349,1.16379,1.16340,1.16365,1300.00000
2026-06-04 13:30:00+00:00,1.16367,1.16396,1.16349,1.16396,1971.00000
2026-06-04 13:45:00+00:00,1.16395,1.16398,1.16353,1.16361,1846.00000
2026-06-04 14:00:00+00:00,1.16363,1.16399,1.16323,1.16334,1746.00000
2026-06-04 14:15:00+00:00,1.16335,1.16349,1.16314,1.16316,1252.00000
2026-06-04 14:30:00+00:00,1.16317,1.16329,1.16292,1.16313,1301.00000
2026-06-04 14:45:00+00:00,1.16315,1.16332,1.16294,1.16305,1566.00000
2026-06-04 15:00:00+00:00,1.16306,1.16315,1.16236,1.16250,1589.00000
2026-06-04 15:15:00+00:00,1.16251,1.16263,1.16224,1.16235,1138.00000
2026-06-04 15:30:00+00:00,1.16236,1.16266,1.16225,1.16236,1277.00000
2026-06-04 15:45:00+00:00,1.16237,1.16299,1.16228,1.16282,1218.00000
2026-06-04 16:00:00+00:00,1.16284,1.16291,1.16260,1.16275,873.00000
2026-06-04 16:15:00+00:00,1.16276,1.16296,1.16268,1.16281,638.00000
2026-06-04 16:30:00+00:00,1.16283,1.16289,1.16255,1.16264,794.00000
2026-06-04 16:45:00+00:00,1.16263,1.16263,1.16232,1.16234,726.00000
2026-06-04 17:00:00+00:00,1.16233,1.16240,1.16210,1.16215,709.00000
2026-06-04 17:15:00+00:00,1.16214,1.16221,1.16198,1.16202,494.00000
2026-06-04 17:30:00+00:00,1.16203,1.16221,1.16199,1.16205,488.00000
2026-06-04 17:45:00+00:00,1.16204,1.16212,1.16190,1.16208,358.00000
2026-06-04 18:00:00+00:00,1.16207,1.16225,1.16198,1.16205,470.00000
2026-06-04 18:15:00+00:00,1.16204,1.16207,1.16165,1.16165,362.00000
2026-06-04 18:30:00+00:00,1.16166,1.16180,1.16149,1.16164,638.00000
2026-06-04 18:45:00+00:00,1.16165,1.16174,1.16132,1.16149,540.00000
2026-06-04 19:00:00+00:00,1.16150,1.16162,1.16104,1.16120,611.00000
2026-06-04 19:15:00+00:00,1.16123,1.16129,1.16120,1.16123,416.00000
2026-06-04 19:30:00+00:00,1.16124,1.16128,1.16107,1.16113,288.00000
2026-06-04 19:45:00+00:00,1.16114,1.16131,1.16106,1.16125,570.00000
2026-06-04 20:00:00+00:00,1.16126,1.16135,1.16102,1.16102,298.00000
2026-06-04 20:15:00+00:00,1.16101,1.16114,1.16079,1.16093,284.00000
2026-06-04 20:30:00+00:00,1.16092,1.16107,1.16081,1.16105,264.00000
2026-06-04 20:45:00+00:00,1.16106,1.16121,1.16099,1.16110,367.00000
2026-06-04 21:00:00+00:00,1.16142,1.16152,1.16107,1.16129,63.00000
2026-06-04 21:15:00+00:00,1.16128,1.16153,1.16117,1.16150,94.00000
2026-06-04 21:30:00+00:00,1.16135,1.16157,1.16111,1.16136,468.00000
2026-06-04 21:45:00+00:00,1.16128,1.16151,1.16125,1.16138,121.00000
2026-06-04 22:00:00+00:00,1.16135,1.16136,1.16116,1.16130,218.00000
2026-06-04 22:15:00+00:00,1.16129,1.16132,1.16123,1.16131,90.00000
2026-06-04 22:30:00+00:00,1.16129,1.16134,1.16115,1.16115,156.00000
2026-06-04 22:45:00+00:00,1.16114,1.16121,1.16110,1.16121,162.00000
2026-06-04 23:00:00+00:00,1.16120,1.16131,1.16119,1.16129,208.00000
2026-06-04 23:15:00+00:00,1.16130,1.16137,1.16127,1.16131,104.00000
2026-06-04 23:30:00+00:00,1.16132,1.16132,1.16120,1.16125,126.00000
2026-06-04 23:45:00+00:00,1.16124,1.16134,1.16119,1.16123,260.00000
2026-06-05 00:00:00+00:00,1.16121,1.16141,1.16110,1.16115,1022.00000
2026-06-05 00:15:00+00:00,1.16116,1.16134,1.16112,1.16130,728.00000
2026-06-05 00:30:00+00:00,1.16131,1.16134,1.16116,1.16117,484.00000
2026-06-05 00:45:00+00:00,1.16113,1.16136,1.16110,1.16129,674.00000
2026-06-05 01:00:00+00:00,1.16128,1.16141,1.16114,1.16119,1150.00000
2026-06-05 01:15:00+00:00,1.16120,1.16133,1.16098,1.16117,1040.00000
2026-06-05 01:30:00+00:00,1.16118,1.16143,1.16111,1.16136,1078.00000
2026-06-05 01:45:00+00:00,1.16137,1.16150,1.16130,1.16137,792.00000
2026-06-05 02:00:00+00:00,1.16139,1.16161,1.16125,1.16153,608.00000
2026-06-05 02:15:00+00:00,1.16154,1.16166,1.16147,1.16160,500.00000
2026-06-05 02:30:00+00:00,1.16159,1.16160,1.16135,1.16141,458.00000
2026-06-05 02:45:00+00:00,1.16142,1.16153,1.16137,1.16140,596.00000
2026-06-05 03:00:00+00:00,1.16141,1.16150,1.16137,1.16143,602.00000
2026-06-05 03:15:00+00:00,1.16142,1.16157,1.16139,1.16146,492.00000
2026-06-05 03:30:00+00:00,1.16147,1.16151,1.16138,1.16138,454.00000
2026-06-05 03:45:00+00:00,1.16141,1.16149,1.16137,1.16148,340.00000
2026-06-05 04:00:00+00:00,1.16149,1.16157,1.16144,1.16148,508.00000
2026-06-05 04:15:00+00:00,1.16146,1.16165,1.16139,1.16139,452.00000
2026-06-05 04:30:00+00:00,1.16141,1.16161,1.16139,1.16155,528.00000
2026-06-05 04:45:00+00:00,1.16156,1.16171,1.16149,1.16161,490.00000
2026-06-05 05:00:00+00:00,1.16158,1.16164,1.16149,1.16156,636.00000
2026-06-05 05:15:00+00:00,1.16157,1.16163,1.16153,1.16160,464.00000
2026-06-05 05:30:00+00:00,1.16159,1.16193,1.16159,1.16171,548.00000
2026-06-05 05:45:00+00:00,1.16174,1.16182,1.16146,1.16157,548.00000
2026-06-05 06:00:00+00:00,1.16155,1.16161,1.16130,1.16149,880.00000
2026-06-05 06:15:00+00:00,1.16153,1.16181,1.16131,1.16178,908.00000
2026-06-05 06:30:00+00:00,1.16177,1.16218,1.16175,1.16218,1069.00000
2026-06-05 06:45:00+00:00,1.16220,1.16228,1.16186,1.16223,992.00000
2026-06-05 07:00:00+00:00,1.16221,1.16272,1.16218,1.16261,1292.00000
2026-06-05 07:15:00+00:00,1.16262,1.16302,1.16260,1.16302,900.00000
2026-06-05 07:30:00+00:00,1.16301,1.16372,1.16294,1.16332,1116.00000
2026-06-05 07:45:00+00:00,1.16331,1.16360,1.16320,1.16320,824.00000
2026-06-05 08:00:00+00:00,1.16319,1.16396,1.16302,1.16394,1191.00000
2026-06-05 08:15:00+00:00,1.16395,1.16399,1.16364,1.16378,1194.00000
2026-06-05 08:30:00+00:00,1.16377,1.16397,1.16366,1.16378,1066.00000
2026-06-05 08:45:00+00:00,1.16379,1.16390,1.16365,1.16366,732.00000
2026-06-05 09:00:00+00:00,1.16365,1.16439,1.16338,1.16421,1420.00000
2026-06-05 09:15:00+00:00,1.16424,1.16444,1.16392,1.16395,1229.00000
2026-06-05 09:30:00+00:00,1.16396,1.16404,1.16376,1.16384,800.00000
2026-06-05 09:45:00+00:00,1.16385,1.16397,1.16374,1.16387,644.00000
2026-06-05 10:00:00+00:00,1.16386,1.16405,1.16385,1.16399,620.00000
2026-06-05 10:15:00+00:00,1.16398,1.16425,1.16393,1.16421,656.00000
2026-06-05 10:30:00+00:00,1.16422,1.16443,1.16404,1.16412,786.00000
2026-06-05 10:45:00+00:00,1.16411,1.16425,1.16388,1.16404,532.00000
2026-06-05 11:00:00+00:00,1.16403,1.16406,1.16354,1.16361,664.00000
2026-06-05 11:15:00+00:00,1.16362,1.16395,1.16346,1.16390,864.00000
2026-06-05 11:30:00+00:00,1.16389,1.16397,1.16344,1.16358,1262.00000
2026-06-05 11:45:00+00:00,1.16359,1.16420,1.16356,1.16415,956.00000
2026-06-05 12:00:00+00:00,1.16422,1.16429,1.16387,1.16406,1178.00000
2026-06-05 12:15:00+00:00,1.16405,1.16408,1.16348,1.16351,1267.00000
2026-06-05 12:30:00+00:00,1.16349,1.16354,1.16054,1.16072,4809.00000
2026-06-05 12:45:00+00:00,1.16071,1.16083,1.15864,1.15865,3374.00000
2026-06-05 13:00:00+00:00,1.15868,1.15997,1.15841,1.15956,4868.00000
2026-06-05 13:15:00+00:00,1.15955,1.15989,1.15839,1.15847,2762.00000
2026-06-05 13:30:00+00:00,1.15848,1.15867,1.15769,1.15809,3173.00000
2026-06-05 13:45:00+00:00,1.15807,1.15855,1.15718,1.15720,3600.00000
2026-06-05 14:00:00+00:00,1.15716,1.15806,1.15610,1.15624,3657.00000
2026-06-05 14:15:00+00:00,1.15620,1.15625,1.15534,1.15559,2448.00000
2026-06-05 14:30:00+00:00,1.15557,1.15619,1.15496,1.15516,2908.00000
2026-06-05 14:45:00+00:00,1.15515,1.15603,1.15514,1.15591,2834.00000
2026-06-05 15:00:00+00:00,1.15589,1.15600,1.15461,1.15467,2646.00000
2026-06-05 15:15:00+00:00,1.15468,1.15511,1.15440,1.15466,2672.00000
2026-06-05 15:30:00+00:00,1.15465,1.15480,1.15346,1.15366,1832.00000
2026-06-05 15:45:00+00:00,1.15362,1.15367,1.15315,1.15326,1506.00000
2026-06-05 16:00:00+00:00,1.15325,1.15326,1.15264,1.15281,2058.00000
2026-06-05 16:15:00+00:00,1.15280,1.15306,1.15232,1.15268,2206.00000
2026-06-05 16:30:00+00:00,1.15266,1.15266,1.15225,1.15249,1634.00000
2026-06-05 16:45:00+00:00,1.15248,1.15330,1.15245,1.15323,1868.00000
2026-06-05 17:00:00+00:00,1.15328,1.15331,1.15267,1.15289,1438.00000
2026-06-05 17:15:00+00:00,1.15288,1.15296,1.15260,1.15272,1604.00000
2026-06-05 17:30:00+00:00,1.15271,1.15276,1.15221,1.15226,1405.00000
2026-06-05 17:45:00+00:00,1.15225,1.15254,1.15192,1.15243,1506.00000
2026-06-05 18:00:00+00:00,1.15244,1.15252,1.15195,1.15211,1433.00000
2026-06-05 18:15:00+00:00,1.15210,1.15259,1.15203,1.15225,1900.00000
2026-06-05 18:30:00+00:00,1.15224,1.15268,1.15219,1.15231,1278.00000
2026-06-05 18:45:00+00:00,1.15230,1.15290,1.15210,1.15230,1754.00000
2026-06-05 19:00:00+00:00,1.15229,1.15236,1.15189,1.15199,1124.00000
2026-06-05 19:15:00+00:00,1.15198,1.15225,1.15184,1.15219,1196.00000
2026-06-05 19:30:00+00:00,1.15220,1.15249,1.15205,1.15242,1282.00000
2026-06-05 19:45:00+00:00,1.15241,1.15274,1.15235,1.15253,1320.00000
2026-06-05 20:00:00+00:00,1.15254,1.15254,1.15180,1.15181,810.00000
2026-06-05 20:15:00+00:00,1.15182,1.15241,1.15180,1.15236,488.00000
2026-06-05 20:30:00+00:00,1.15235,1.15262,1.15216,1.15225,681.00000
2026-06-05 20:45:00+00:00,1.15231,1.15256,1.15186,1.15239,1210.00000
2026-06-07 21:00:00+00:00,1.15131,1.15133,1.15068,1.15124,102.00000
2026-06-07 21:15:00+00:00,1.15129,1.15135,1.15124,1.15131,60.00000
2026-06-07 21:30:00+00:00,1.15132,1.15138,1.15087,1.15116,84.00000
2026-06-07 21:45:00+00:00,1.15086,1.15129,1.15082,1.15113,124.00000
2026-06-07 22:00:00+00:00,1.15156,1.15171,1.15088,1.15170,876.00000
2026-06-07 22:15:00+00:00,1.15168,1.15188,1.15134,1.15136,1127.00000
2026-06-07 22:30:00+00:00,1.15137,1.15166,1.15121,1.15140,526.00000
2026-06-07 22:45:00+00:00,1.15136,1.15154,1.15106,1.15131,658.00000
2026-06-07 23:00:00+00:00,1.15133,1.15179,1.15133,1.15176,560.00000
2026-06-07 23:15:00+00:00,1.15180,1.15203,1.15175,1.15183,641.00000
2026-06-07 23:30:00+00:00,1.15185,1.15206,1.15179,1.15195,496.00000
2026-06-07 23:45:00+00:00,1.15196,1.15228,1.15185,1.15221,578.00000
2026-06-08 00:00:00+00:00,1.15220,1.15246,1.15208,1.15231,849.00000
2026-06-08 00:15:00+00:00,1.15230,1.15247,1.15209,1.15227,718.00000
2026-06-08 00:30:00+00:00,1.15226,1.15282,1.15225,1.15282,1074.00000
2026-06-08 00:45:00+00:00,1.15284,1.15336,1.15276,1.15335,1128.00000
2026-06-08 01:00:00+00:00,1.15331,1.15348,1.15301,1.15304,1376.00000
2026-06-08 01:15:00+00:00,1.15303,1.15308,1.15179,1.15195,2717.00000
2026-06-08 01:30:00+00:00,1.15197,1.15246,1.15118,1.15239,2724.00000
2026-06-08 01:45:00+00:00,1.15241,1.15271,1.15216,1.15264,1480.00000
2026-06-08 02:00:00+00:00,1.15265,1.15279,1.15206,1.15242,1496.00000
2026-06-08 02:15:00+00:00,1.15240,1.15301,1.15232,1.15291,1152.00000
2026-06-08 02:30:00+00:00,1.15290,1.15294,1.15260,1.15290,1018.00000
2026-06-08 02:45:00+00:00,1.15289,1.15316,1.15280,1.15286,866.00000
2026-06-08 03:00:00+00:00,1.15287,1.15291,1.15260,1.15274,760.00000
2026-06-08 03:15:00+00:00,1.15273,1.15286,1.15261,1.15276,472.00000
2026-06-08 03:30:00+00:00,1.15275,1.15302,1.15273,1.15301,480.00000
2026-06-08 03:45:00+00:00,1.15302,1.15325,1.15292,1.15324,468.00000
2026-06-08 04:00:00+00:00,1.15323,1.15327,1.15300,1.15325,586.00000
2026-06-08 04:15:00+00:00,1.15326,1.15334,1.15310,1.15334,426.00000
2026-06-08 04:30:00+00:00,1.15335,1.15340,1.15303,1.15307,705.00000
2026-06-08 04:45:00+00:00,1.15308,1.15324,1.15301,1.15314,486.00000
2026-06-08 05:00:00+00:00,1.15316,1.15357,1.15314,1.15320,800.00000
2026-06-08 05:15:00+00:00,1.15319,1.15398,1.15319,1.15345,890.00000
2026-06-08 05:30:00+00:00,1.15344,1.15348,1.15248,1.15279,1494.00000
2026-06-08 05:45:00+00:00,1.15278,1.15291,1.15177,1.15192,1250.00000
2026-06-08 06:00:00+00:00,1.15194,1.15225,1.15163,1.15189,1879.00000
2026-06-08 06:15:00+00:00,1.15190,1.15249,1.15186,1.15236,1454.00000
2026-06-08 06:30:00+00:00,1.15235,1.15235,1.15161,1.15191,1457.00000
2026-06-08 06:45:00+00:00,1.15188,1.15215,1.15136,1.15152,1272.00000
2026-06-08 07:00:00+00:00,1.15156,1.15261,1.15143,1.15239,2146.00000
2026-06-08 07:15:00+00:00,1.15236,1.15270,1.15205,1.15234,1530.00000
2026-06-08 07:30:00+00:00,1.15235,1.15266,1.15194,1.15239,1540.00000
2026-06-08 07:45:00+00:00,1.15241,1.15254,1.15165,1.15165,1298.00000
2026-06-08 08:00:00+00:00,1.15163,1.15233,1.15143,1.15192,1666.00000
2026-06-08 08:15:00+00:00,1.15191,1.15199,1.15144,1.15199,1662.00000
2026-06-08 08:30:00+00:00,1.15198,1.15211,1.15114,1.15157,1602.00000
2026-06-08 08:45:00+00:00,1.15156,1.15171,1.15079,1.15083,1781.00000
2026-06-08 09:00:00+00:00,1.15082,1.15111,1.15056,1.15066,1462.00000
2026-06-08 09:15:00+00:00,1.15067,1.15076,1.15019,1.15021,1026.00000
2026-06-08 09:30:00+00:00,1.15020,1.15107,1.14998,1.15054,2270.00000
2026-06-08 09:45:00+00:00,1.15052,1.15146,1.15048,1.15126,1571.00000
2026-06-08 10:00:00+00:00,1.15125,1.15181,1.15101,1.15172,1542.00000
2026-06-08 10:15:00+00:00,1.15171,1.15202,1.15143,1.15175,1366.00000
2026-06-08 10:30:00+00:00,1.15177,1.15321,1.15156,1.15248,2141.00000
2026-06-08 10:45:00+00:00,1.15247,1.15277,1.15232,1.15245,1398.00000
2026-06-08 11:00:00+00:00,1.15249,1.15349,1.15234,1.15345,1822.00000
2026-06-08 11:15:00+00:00,1.15349,1.15421,1.15309,1.15407,2786.00000
2026-06-08 11:30:00+00:00,1.15409,1.15439,1.15351,1.15359,1560.00000
2026-06-08 11:45:00+00:00,1.15358,1.15390,1.15334,1.15365,1516.00000
2026-06-08 12:00:00+00:00,1.15366,1.15435,1.15365,1.15374,2132.00000
2026-06-08 12:15:00+00:00,1.15372,1.15404,1.15365,1.15392,1340.00000
2026-06-08 12:30:00+00:00,1.15391,1.15437,1.15360,1.15411,1345.00000
2026-06-08 12:45:00+00:00,1.15410,1.15426,1.15351,1.15421,1147.00000
2026-06-08 13:00:00+00:00,1.15423,1.15468,1.15414,1.15438,1992.00000
2026-06-08 13:15:00+00:00,1.15437,1.15548,1.15421,1.15495,1862.00000
2026-06-08 13:30:00+00:00,1.15494,1.15526,1.15449,1.15454,2307.00000
2026-06-08 13:45:00+00:00,1.15455,1.15477,1.15415,1.15415,1982.00000
2026-06-08 14:00:00+00:00,1.15416,1.15446,1.15374,1.15385,2045.00000
2026-06-08 14:15:00+00:00,1.15386,1.15394,1.15319,1.15366,1796.00000
2026-06-08 14:30:00+00:00,1.15363,1.15402,1.15335,1.15360,1777.00000
2026-06-08 14:45:00+00:00,1.15361,1.15428,1.15327,1.15427,2253.00000
2026-06-08 15:00:00+00:00,1.15430,1.15479,1.15401,1.15451,1846.00000
2026-06-08 15:15:00+00:00,1.15450,1.15476,1.15395,1.15396,1646.00000
2026-06-08 15:30:00+00:00,1.15397,1.15415,1.15366,1.15402,1546.00000
2026-06-08 15:45:00+00:00,1.15403,1.15470,1.15399,1.15442,1246.00000
2026-06-08 16:00:00+00:00,1.15441,1.15461,1.15421,1.15435,1034.00000
2026-06-08 16:15:00+00:00,1.15437,1.15443,1.15411,1.15411,794.00000
2026-06-08 16:30:00+00:00,1.15412,1.15436,1.15404,1.15424,1056.00000
2026-06-08 16:45:00+00:00,1.15424,1.15430,1.15389,1.15389,1038.00000
2026-06-08 17:00:00+00:00,1.15388,1.15409,1.15381,1.15405,1176.00000
2026-06-08 17:15:00+00:00,1.15410,1.15416,1.15382,1.15396,847.00000
2026-06-08 17:30:00+00:00,1.15399,1.15399,1.15356,1.15391,1036.00000
2026-06-08 17:45:00+00:00,1.15390,1.15409,1.15379,1.15379,688.00000
2026-06-08 18:00:00+00:00,1.15381,1.15421,1.15381,1.15398,766.00000
2026-06-08 18:15:00+00:00,1.15399,1.15409,1.15387,1.15407,916.00000
2026-06-08 18:30:00+00:00,1.15410,1.15418,1.15363,1.15366,798.00000
2026-06-08 18:45:00+00:00,1.15363,1.15365,1.15282,1.15283,1157.00000
2026-06-08 19:00:00+00:00,1.15282,1.15337,1.15282,1.15311,912.00000
2026-06-08 19:15:00+00:00,1.15310,1.15328,1.15303,1.15321,634.00000
2026-06-08 19:30:00+00:00,1.15320,1.15343,1.15306,1.15311,1150.00000
2026-06-08 19:45:00+00:00,1.15312,1.15322,1.15293,1.15308,1140.00000
2026-06-08 20:00:00+00:00,1.15309,1.15324,1.15306,1.15317,458.00000
2026-06-08 20:15:00+00:00,1.15314,1.15337,1.15306,1.15326,390.00000
2026-06-08 20:30:00+00:00,1.15327,1.15328,1.15310,1.15316,234.00000
2026-06-08 20:45:00+00:00,1.15315,1.15326,1.15311,1.15319,300.00000
2026-06-08 21:00:00+00:00,1.15394,1.15396,1.15341,1.15350,222.00000
2026-06-08 21:15:00+00:00,1.15351,1.15351,1.15338,1.15343,114.00000
2026-06-08 21:30:00+00:00,1.15341,1.15369,1.15341,1.15367,336.00000
2026-06-08 21:45:00+00:00,1.15369,1.15386,1.15352,1.15365,185.00000
2026-06-08 22:00:00+00:00,1.15368,1.15368,1.15322,1.15342,522.00000
2026-06-08 22:15:00+00:00,1.15339,1.15341,1.15330,1.15332,296.00000
2026-06-08 22:30:00+00:00,1.15325,1.15335,1.15320,1.15326,213.00000
2026-06-08 22:45:00+00:00,1.15325,1.15339,1.15324,1.15337,154.00000
2026-06-08 23:00:00+00:00,1.15336,1.15342,1.15335,1.15336,142.00000
2026-06-08 23:15:00+00:00,1.15337,1.15340,1.15309,1.15311,310.00000
2026-06-08 23:30:00+00:00,1.15308,1.15312,1.15296,1.15304,204.00000
2026-06-08 23:45:00+00:00,1.15303,1.15305,1.15279,1.15282,304.00000
2026-06-09 00:00:00+00:00,1.15276,1.15302,1.15271,1.15285,1206.00000
2026-06-09 00:15:00+00:00,1.15283,1.15299,1.15281,1.15290,834.00000
2026-06-09 00:30:00+00:00,1.15291,1.15314,1.15277,1.15306,764.00000
2026-06-09 00:45:00+00:00,1.15305,1.15316,1.15279,1.15314,718.00000
2026-06-09 01:00:00+00:00,1.15314,1.15342,1.15304,1.15341,986.00000
2026-06-09 01:15:00+00:00,1.15342,1.15367,1.15335,1.15356,1146.00000
2026-06-09 01:30:00+00:00,1.15358,1.15376,1.15351,1.15368,799.00000
2026-06-09 01:45:00+00:00,1.15366,1.15397,1.15366,1.15397,920.00000
2026-06-09 02:00:00+00:00,1.15399,1.15404,1.15388,1.15396,666.00000
2026-06-09 02:15:00+00:00,1.15395,1.15395,1.15367,1.15390,668.00000
2026-06-09 02:30:00+00:00,1.15391,1.15397,1.15376,1.15387,690.00000
2026-06-09 02:45:00+00:00,1.15386,1.15394,1.15373,1.15376,532.00000
2026-06-09 03:00:00+00:00,1.15374,1.15397,1.15365,1.15392,708.00000
2026-06-09 03:15:00+00:00,1.15394,1.15400,1.15349,1.15367,550.00000
2026-06-09 03:30:00+00:00,1.15368,1.15376,1.15361,1.15375,608.00000
2026-06-09 03:45:00+00:00,1.15376,1.15382,1.15351,1.15381,444.00000
2026-06-09 04:00:00+00:00,1.15382,1.15397,1.15370,1.15394,354.00000
2026-06-09 04:15:00+00:00,1.15395,1.15419,1.15391,1.15419,608.00000
2026-06-09 04:30:00+00:00,1.15418,1.15466,1.15406,1.15460,666.00000
2026-06-09 04:45:00+00:00,1.15461,1.15483,1.15451,1.15455,452.00000
2026-06-09 05:00:00+00:00,1.15456,1.15459,1.15396,1.15398,869.00000
2026-06-09 05:15:00+00:00,1.15399,1.15434,1.15399,1.15419,722.00000
2026-06-09 05:30:00+00:00,1.15418,1.15473,1.15415,1.15456,1492.00000
2026-06-09 05:45:00+00:00,1.15458,1.15476,1.15440,1.15448,970.00000
2026-06-09 06:00:00+00:00,1.15449,1.15501,1.15434,1.15499,1082.00000
2026-06-09 06:15:00+00:00,1.15497,1.15535,1.15488,1.15498,968.00000
2026-06-09 06:30:00+00:00,1.15497,1.15497,1.15446,1.15464,1124.00000
2026-06-09 06:45:00+00:00,1.15461,1.15471,1.15439,1.15441,1252.00000
2026-06-09 07:00:00+00:00,1.15440,1.15469,1.15399,1.15400,1324.00000
2026-06-09 07:15:00+00:00,1.15399,1.15426,1.15374,1.15400,1188.00000
2026-06-09 07:30:00+00:00,1.15399,1.15422,1.15383,1.15420,1078.00000
2026-06-09 07:45:00+00:00,1.15419,1.15439,1.15390,1.15393,1049.00000
2026-06-09 08:00:00+00:00,1.15392,1.15428,1.15364,1.15396,1583.00000
2026-06-09 08:15:00+00:00,1.15397,1.15454,1.15390,1.15445,1424.00000
2026-06-09 08:30:00+00:00,1.15446,1.15473,1.15442,1.15464,1178.00000
2026-06-09 08:45:00+00:00,1.15463,1.15527,1.15452,1.15507,960.00000
2026-06-09 09:00:00+00:00,1.15509,1.15568,1.15503,1.15561,1010.00000
2026-06-09 09:15:00+00:00,1.15562,1.15596,1.15548,1.15560,892.00000
2026-06-09 09:30:00+00:00,1.15561,1.15600,1.15555,1.15596,864.00000
2026-06-09 09:45:00+00:00,1.15597,1.15638,1.15596,1.15615,915.00000
2026-06-09 10:00:00+00:00,1.15613,1.15633,1.15601,1.15626,1253.00000
2026-06-09 10:15:00+00:00,1.15625,1.15662,1.15623,1.15653,802.00000
2026-06-09 10:30:00+00:00,1.15654,1.15687,1.15648,1.15685,562.00000
2026-06-09 10:45:00+00:00,1.15682,1.15693,1.15650,1.15654,599.00000
2026-06-09 11:00:00+00:00,1.15653,1.15696,1.15653,1.15684,710.00000
2026-06-09 11:15:00+00:00,1.15683,1.15728,1.15672,1.15723,648.00000
2026-06-09 11:30:00+00:00,1.15725,1.15731,1.15674,1.15676,688.00000
2026-06-09 11:45:00+00:00,1.15677,1.15743,1.15669,1.15726,895.00000
2026-06-09 12:00:00+00:00,1.15729,1.15749,1.15704,1.15711,1220.00000
2026-06-09 12:15:00+00:00,1.15714,1.15720,1.15692,1.15693,920.00000
2026-06-09 12:30:00+00:00,1.15692,1.15744,1.15692,1.15735,761.00000
2026-06-09 12:45:00+00:00,1.15734,1.15749,1.15722,1.15737,802.00000
2026-06-09 13:00:00+00:00,1.15738,1.15781,1.15738,1.15769,1703.00000
2026-06-09 13:15:00+00:00,1.15767,1.15769,1.15712,1.15722,1016.00000
2026-06-09 13:30:00+00:00,1.15724,1.15725,1.15636,1.15649,1581.00000
2026-06-09 13:45:00+00:00,1.15650,1.15765,1.15641,1.15664,2631.00000
2026-06-09 14:00:00+00:00,1.15662,1.15735,1.15638,1.15639,2462.00000
2026-06-09 14:15:00+00:00,1.15638,1.15669,1.15582,1.15630,2993.00000
2026-06-09 14:30:00+00:00,1.15629,1.15693,1.15618,1.15626,2766.00000
2026-06-09 14:45:00+00:00,1.15625,1.15665,1.15607,1.15623,2983.00000
2026-06-09 15:00:00+00:00,1.15625,1.15674,1.15604,1.15644,2191.00000
2026-06-09 15:15:00+00:00,1.15645,1.15646,1.15576,1.15584,2162.00000
2026-06-09 15:30:00+00:00,1.15582,1.15600,1.15457,1.15534,2868.00000
2026-06-09 15:45:00+00:00,1.15536,1.15571,1.15509,1.15551,2184.00000
2026-06-09 16:00:00+00:00,1.15550,1.15575,1.15458,1.15461,2607.00000
2026-06-09 16:15:00+00:00,1.15458,1.15473,1.15408,1.15461,2579.00000
2026-06-09 16:30:00+00:00,1.15460,1.15475,1.15285,1.15357,4085.00000
2026-06-09 16:45:00+00:00,1.15356,1.15409,1.15335,1.15409,3410.00000
2026-06-09 17:00:00+00:00,1.15412,1.15453,1.15402,1.15430,2191.00000
2026-06-09 17:15:00+00:00,1.15429,1.15532,1.15420,1.15508,2181.00000
2026-06-09 17:30:00+00:00,1.15506,1.15526,1.15484,1.15504,1728.00000
2026-06-09 17:45:00+00:00,1.15505,1.15512,1.15464,1.15481,1832.00000
2026-06-09 18:00:00+00:00,1.15482,1.15499,1.15461,1.15495,1493.00000
2026-06-09 18:15:00+00:00,1.15494,1.15531,1.15480,1.15515,1240.00000
2026-06-09 18:30:00+00:00,1.15514,1.15531,1.15493,1.15497,1110.00000
2026-06-09 18:45:00+00:00,1.15496,1.15503,1.15482,1.15498,1056.00000
2026-06-09 19:00:00+00:00,1.15499,1.15504,1.15463,1.15468,852.00000
2026-06-09 19:15:00+00:00,1.15467,1.15467,1.15421,1.15429,1084.00000
2026-06-09 19:30:00+00:00,1.15430,1.15435,1.15409,1.15413,886.00000
2026-06-09 19:45:00+00:00,1.15414,1.15439,1.15397,1.15415,1445.00000
2026-06-09 20:00:00+00:00,1.15414,1.15436,1.15407,1.15429,724.00000
2026-06-09 20:15:00+00:00,1.15430,1.15456,1.15430,1.15434,284.00000
2026-06-09 20:30:00+00:00,1.15435,1.15440,1.15427,1.15432,184.00000
2026-06-09 20:45:00+00:00,1.15435,1.15444,1.15428,1.15436,223.00000
2026-06-09 21:00:00+00:00,1.15446,1.15449,1.15430,1.15447,37.00000
2026-06-09 21:15:00+00:00,1.15448,1.15448,1.15406,1.15407,86.00000
2026-06-09 21:30:00+00:00,1.15406,1.15407,1.15359,1.15360,260.00000
2026-06-09 21:45:00+00:00,1.15353,1.15394,1.15353,1.15387,240.00000
2026-06-09 22:00:00+00:00,1.15390,1.15399,1.15362,1.15391,563.00000
2026-06-09 22:15:00+00:00,1.15392,1.15403,1.15384,1.15402,252.00000
2026-06-09 22:30:00+00:00,1.15403,1.15403,1.15375,1.15375,394.00000
2026-06-09 22:45:00+00:00,1.15374,1.15375,1.15362,1.15365,204.00000
2026-06-09 23:00:00+00:00,1.15366,1.15391,1.15363,1.15385,240.00000
2026-06-09 23:15:00+00:00,1.15384,1.15384,1.15347,1.15348,286.00000
2026-06-09 23:30:00+00:00,1.15349,1.15372,1.15347,1.15366,252.00000
2026-06-09 23:45:00+00:00,1.15365,1.15366,1.15331,1.15351,710.00000
2026-06-10 00:00:00+00:00,1.15349,1.15412,1.15338,1.15412,1474.00000
2026-06-10 00:15:00+00:00,1.15411,1.15419,1.15390,1.15415,906.00000
2026-06-10 00:30:00+00:00,1.15414,1.15416,1.15334,1.15346,1144.00000
2026-06-10 00:45:00+00:00,1.15345,1.15435,1.15333,1.15424,1372.00000
2026-06-10 01:00:00+00:00,1.15426,1.15429,1.15384,1.15398,1466.00000
2026-06-10 01:15:00+00:00,1.15399,1.15426,1.15387,1.15396,1098.00000
2026-06-10 01:30:00+00:00,1.15395,1.15405,1.15373,1.15385,1275.00000
2026-06-10 01:45:00+00:00,1.15386,1.15405,1.15354,1.15379,1304.00000
2026-06-10 02:00:00+00:00,1.15381,1.15406,1.15371,1.15403,888.00000
2026-06-10 02:15:00+00:00,1.15405,1.15431,1.15394,1.15430,784.00000
2026-06-10 02:30:00+00:00,1.15432,1.15443,1.15421,1.15441,930.00000
2026-06-10 02:45:00+00:00,1.15440,1.15450,1.15419,1.15427,642.00000
2026-06-10 03:00:00+00:00,1.15426,1.15481,1.15424,1.15476,838.00000
2026-06-10 03:15:00+00:00,1.15478,1.15498,1.15461,1.15467,606.00000
2026-06-10 03:30:00+00:00,1.15468,1.15480,1.15451,1.15452,670.00000
2026-06-10 03:45:00+00:00,1.15451,1.15522,1.15451,1.15503,770.00000
2026-06-10 04:00:00+00:00,1.15505,1.15506,1.15477,1.15478,692.00000
2026-06-10 04:15:00+00:00,1.15479,1.15491,1.15468,1.15487,924.00000
2026-06-10 04:30:00+00:00,1.15488,1.15488,1.15447,1.15451,776.00000
2026-06-10 04:45:00+00:00,1.15453,1.15465,1.15445,1.15464,720.00000
2026-06-10 05:00:00+00:00,1.15465,1.15489,1.15454,1.15469,798.00000
2026-06-10 05:15:00+00:00,1.15467,1.15498,1.15454,1.15496,770.00000
2026-06-10 05:30:00+00:00,1.15497,1.15556,1.15492,1.15545,1132.00000
2026-06-10 05:45:00+00:00,1.15546,1.15550,1.15529,1.15543,742.00000
2026-06-10 06:00:00+00:00,1.15546,1.15582,1.15537,1.15566,1118.00000
2026-06-10 06:15:00+00:00,1.15565,1.15576,1.15527,1.15558,1118.00000
2026-06-10 06:30:00+00:00,1.15557,1.15565,1.15540,1.15550,976.00000
2026-06-10 06:45:00+00:00,1.15549,1.15556,1.15483,1.15488,1155.00000
2026-06-10 07:00:00+00:00,1.15487,1.15563,1.15467,1.15562,1264.00000
2026-06-10 07:15:00+00:00,1.15563,1.15587,1.15529,1.15535,966.00000
2026-06-10 07:30:00+00:00,1.15534,1.15552,1.15526,1.15540,1076.00000
2026-06-10 07:45:00+00:00,1.15541,1.15553,1.15518,1.15538,946.00000
2026-06-10 08:00:00+00:00,1.15540,1.15541,1.15482,1.15493,1502.00000
2026-06-10 08:15:00+00:00,1.15495,1.15536,1.15492,1.15532,1340.00000
2026-06-10 08:30:00+00:00,1.15531,1.15532,1.15500,1.15503,954.00000
2026-06-10 08:45:00+00:00,1.15502,1.15536,1.15485,1.15536,1225.00000
2026-06-10 09:00:00+00:00,1.15537,1.15567,1.15509,1.15509,1218.00000
2026-06-10 09:15:00+00:00,1.15510,1.15534,1.15507,1.15527,992.00000
2026-06-10 09:30:00+00:00,1.15526,1.15571,1.15526,1.15559,1319.00000
2026-06-10 09:45:00+00:00,1.15562,1.15597,1.15561,1.15580,1097.00000
2026-06-10 10:00:00+00:00,1.15579,1.15593,1.15553,1.15561,979.00000
2026-06-10 10:15:00+00:00,1.15562,1.15574,1.15548,1.15560,874.00000
2026-06-10 10:30:00+00:00,1.15559,1.15572,1.15521,1.15531,1068.00000
2026-06-10 10:45:00+00:00,1.15530,1.15549,1.15502,1.15521,872.00000
2026-06-10 11:00:00+00:00,1.15522,1.15525,1.15362,1.15473,2646.00000
2026-06-10 11:15:00+00:00,1.15477,1.15490,1.15401,1.15433,2232.00000
2026-06-10 11:30:00+00:00,1.15432,1.15448,1.15356,1.15379,1613.00000
2026-06-10 11:45:00+00:00,1.15378,1.15407,1.15361,1.15366,1410.00000
2026-06-10 12:00:00+00:00,1.15368,1.15428,1.15360,1.15401,1444.00000
2026-06-10 12:15:00+00:00,1.15402,1.15465,1.15396,1.15464,1494.00000
2026-06-10 12:30:00+00:00,1.15465,1.15594,1.15427,1.15592,3710.00000
2026-06-10 12:45:00+00:00,1.15596,1.15647,1.15481,1.15484,2160.00000
2026-06-10 13:00:00+00:00,1.15481,1.15552,1.15475,1.15548,1926.00000
2026-06-10 13:15:00+00:00,1.15547,1.15597,1.15536,1.15572,1476.00000
2026-06-10 13:30:00+00:00,1.15573,1.15709,1.15565,1.15708,3030.00000
2026-06-10 13:45:00+00:00,1.15709,1.15731,1.15621,1.15625,2364.00000
2026-06-10 14:00:00+00:00,1.15626,1.15671,1.15599,1.15635,2628.00000
2026-06-10 14:15:00+00:00,1.15636,1.15636,1.15554,1.15571,2628.00000
2026-06-10 14:30:00+00:00,1.15569,1.15595,1.15551,1.15567,2396.00000
2026-06-10 14:45:00+00:00,1.15565,1.15595,1.15502,1.15522,2923.00000
2026-06-10 15:00:00+00:00,1.15523,1.15554,1.15471,1.15512,2569.00000
2026-06-10 15:15:00+00:00,1.15511,1.15567,1.15473,1.15545,2446.00000
2026-06-10 15:30:00+00:00,1.15548,1.15568,1.15504,1.15526,2130.00000
2026-06-10 15:45:00+00:00,1.15524,1.15532,1.15344,1.15493,4016.00000
2026-06-10 16:00:00+00:00,1.15499,1.15591,1.15485,1.15568,1863.00000
2026-06-10 16:15:00+00:00,1.15567,1.15581,1.15545,1.15571,1828.00000
2026-06-10 16:30:00+00:00,1.15572,1.15595,1.15556,1.15556,1322.00000
2026-06-10 16:45:00+00:00,1.15554,1.15557,1.15521,1.15538,1038.00000
2026-06-10 17:00:00+00:00,1.15539,1.15566,1.15497,1.15508,1351.00000
2026-06-10 17:15:00+00:00,1.15509,1.15516,1.15486,1.15497,1360.00000
2026-06-10 17:30:00+00:00,1.15496,1.15496,1.15447,1.15452,1219.00000
2026-06-10 17:45:00+00:00,1.15451,1.15533,1.15449,1.15526,1661.00000
2026-06-10 18:00:00+00:00,1.15525,1.15577,1.15525,1.15541,1320.00000
2026-06-10 18:15:00+00:00,1.15540,1.15547,1.15503,1.15508,1380.00000
2026-06-10 18:30:00+00:00,1.15511,1.15515,1.15486,1.15502,1396.00000
2026-06-10 18:45:00+00:00,1.15501,1.15522,1.15482,1.15483,1300.00000
2026-06-10 19:00:00+00:00,1.15484,1.15488,1.15436,1.15438,1084.00000
2026-06-10 19:15:00+00:00,1.15440,1.15447,1.15428,1.15438,832.00000
2026-06-10 19:30:00+00:00,1.15437,1.15473,1.15435,1.15468,1186.00000
2026-06-10 19:45:00+00:00,1.15467,1.15469,1.15411,1.15414,1132.00000
2026-06-10 20:00:00+00:00,1.15415,1.15415,1.15373,1.15374,802.00000
2026-06-10 20:15:00+00:00,1.15375,1.15398,1.15367,1.15392,376.00000
2026-06-10 20:30:00+00:00,1.15391,1.15400,1.15356,1.15366,454.00000
2026-06-10 20:45:00+00:00,1.15364,1.15372,1.15349,1.15359,589.00000
2026-06-10 21:00:00+00:00,1.15366,1.15391,1.15366,1.15390,78.00000
2026-06-10 21:15:00+00:00,1.15385,1.15398,1.15366,1.15366,177.00000
2026-06-10 21:30:00+00:00,1.15359,1.15374,1.15357,1.15372,64.00000
2026-06-10 21:45:00+00:00,1.15368,1.15378,1.15350,1.15352,205.00000
2026-06-10 22:00:00+00:00,1.15361,1.15361,1.15281,1.15304,574.00000
2026-06-10 22:15:00+00:00,1.15305,1.15317,1.15287,1.15308,559.00000
2026-06-10 22:30:00+00:00,1.15307,1.15359,1.15306,1.15344,714.00000
2026-06-10 22:45:00+00:00,1.15343,1.15367,1.15295,1.15298,710.00000
2026-06-10 23:00:00+00:00,1.15297,1.15304,1.15256,1.15268,1015.00000
2026-06-10 23:15:00+00:00,1.15267,1.15366,1.15262,1.15358,1254.00000
2026-06-10 23:30:00+00:00,1.15357,1.15378,1.15323,1.15364,524.00000
2026-06-10 23:45:00+00:00,1.15363,1.15374,1.15337,1.15353,747.00000
2026-06-11 00:00:00+00:00,1.15354,1.15411,1.15354,1.15393,1720.00000
2026-06-11 00:15:00+00:00,1.15396,1.15428,1.15388,1.15413,1730.00000
2026-06-11 00:30:00+00:00,1.15412,1.15424,1.15391,1.15402,1219.00000
2026-06-11 00:45:00+00:00,1.15401,1.15430,1.15399,1.15424,1268.00000
2026-06-11 01:00:00+00:00,1.15425,1.15525,1.15416,1.15523,1584.00000
2026-06-11 01:15:00+00:00,1.15523,1.15558,1.15498,1.15549,1246.00000
2026-06-11 01:30:00+00:00,1.15549,1.15561,1.15526,1.15543,1068.00000
2026-06-11 01:45:00+00:00,1.15544,1.15556,1.15530,1.15541,800.00000
2026-06-11 02:00:00+00:00,1.15542,1.15542,1.15517,1.15518,1039.00000
2026-06-11 02:15:00+00:00,1.15519,1.15522,1.15471,1.15479,1092.00000
2026-06-11 02:30:00+00:00,1.15480,1.15488,1.15461,1.15475,1162.00000
2026-06-11 02:45:00+00:00,1.15474,1.15487,1.15461,1.15480,690.00000
2026-06-11 03:00:00+00:00,1.15481,1.15490,1.15443,1.15445,886.00000
2026-06-11 03:15:00+00:00,1.15446,1.15474,1.15445,1.15472,854.00000
2026-06-11 03:30:00+00:00,1.15470,1.15478,1.15459,1.15468,744.00000
2026-06-11 03:45:00+00:00,1.15471,1.15472,1.15450,1.15453,564.00000
2026-06-11 04:00:00+00:00,1.15454,1.15460,1.15426,1.15451,620.00000
2026-06-11 04:15:00+00:00,1.15450,1.15474,1.15450,1.15468,682.00000
2026-06-11 04:30:00+00:00,1.15471,1.15487,1.15462,1.15483,518.00000
2026-06-11 04:45:00+00:00,1.15482,1.15503,1.15475,1.15483,816.00000
2026-06-11 05:00:00+00:00,1.15484,1.15501,1.15466,1.15498,936.00000
2026-06-11 05:15:00+00:00,1.15499,1.15513,1.15488,1.15502,882.00000
2026-06-11 05:30:00+00:00,1.15503,1.15513,1.15483,1.15494,898.00000
2026-06-11 05:45:00+00:00,1.15495,1.15495,1.15455,1.15474,976.00000
2026-06-11 06:00:00+00:00,1.15473,1.15473,1.15421,1.15462,1183.00000
2026-06-11 06:15:00+00:00,1.15463,1.15474,1.15429,1.15433,896.00000
2026-06-11 06:30:00+00:00,1.15436,1.15469,1.15428,1.15447,1110.00000
2026-06-11 06:45:00+00:00,1.15446,1.15458,1.15395,1.15416,942.00000
2026-06-11 07:00:00+00:00,1.15419,1.15480,1.15413,1.15471,1574.00000
2026-06-11 07:15:00+00:00,1.15470,1.15556,1.15465,1.15532,1429.00000
2026-06-11 07:30:00+00:00,1.15532,1.15543,1.15467,1.15468,1025.00000
2026-06-11 07:45:00+00:00,1.15467,1.15478,1.15442,1.15450,917.00000
2026-06-11 08:00:00+00:00,1.15448,1.15454,1.15409,1.15413,1320.00000
2026-06-11 08:15:00+00:00,1.15412,1.15418,1.15385,1.15388,1208.00000
2026-06-11 08:30:00+00:00,1.15387,1.15402,1.15373,1.15382,1208.00000
2026-06-11 08:45:00+00:00,1.15384,1.15386,1.15307,1.15321,1388.00000
2026-06-11 09:00:00+00:00,1.15322,1.15343,1.15300,1.15343,1124.00000
2026-06-11 09:15:00+00:00,1.15344,1.15370,1.15321,1.15324,869.00000
2026-06-11 09:30:00+00:00,1.15325,1.15342,1.15304,1.15339,934.00000
2026-06-11 09:45:00+00:00,1.15338,1.15372,1.15312,1.15339,1092.00000
2026-06-11 10:00:00+00:00,1.15338,1.15345,1.15255,1.15262,1162.00000
2026-06-11 10:15:00+00:00,1.15263,1.15273,1.15231,1.15253,1132.00000
2026-06-11 10:30:00+00:00,1.15254,1.15289,1.15249,1.15270,1060.00000
2026-06-11 10:45:00+00:00,1.15271,1.15318,1.15266,1.15312,762.00000
2026-06-11 11:00:00+00:00,1.15314,1.15395,1.15313,1.15387,1304.00000
2026-06-11 11:15:00+00:00,1.15388,1.15392,1.15348,1.15376,1038.00000
2026-06-11 11:30:00+00:00,1.15373,1.15418,1.15367,1.15376,1434.00000
2026-06-11 11:45:00+00:00,1.15377,1.15390,1.15355,1.15382,808.00000
2026-06-11 12:00:00+00:00,1.15386,1.15403,1.15329,1.15340,1207.00000
2026-06-11 12:15:00+00:00,1.15338,1.15392,1.15165,1.15272,3050.00000
2026-06-11 12:30:00+00:00,1.15274,1.15355,1.15197,1.15308,3065.00000
2026-06-11 12:45:00+00:00,1.15307,1.15436,1.15290,1.15398,3098.00000
2026-06-11 13:00:00+00:00,1.15399,1.15405,1.15251,1.15256,2306.00000
2026-06-11 13:15:00+00:00,1.15257,1.15318,1.15176,1.15303,1943.00000
2026-06-11 13:30:00+00:00,1.15301,1.15343,1.15266,1.15321,2452.00000
2026-06-11 13:45:00+00:00,1.15317,1.15397,1.15293,1.15296,2595.00000
2026-06-11 14:00:00+00:00,1.15297,1.15305,1.15209,1.15232,2296.00000
2026-06-11 14:15:00+00:00,1.15235,1.15246,1.15206,1.15216,2132.00000
2026-06-11 14:30:00+00:00,1.15218,1.15221,1.15153,1.15176,1688.00000
2026-06-11 14:45:00+00:00,1.15177,1.15195,1.15148,1.15193,1714.00000
2026-06-11 15:00:00+00:00,1.15190,1.15225,1.15141,1.15170,2532.00000
2026-06-11 15:15:00+00:00,1.15171,1.15243,1.15170,1.15221,1818.00000
2026-06-11 15:30:00+00:00,1.15222,1.15230,1.15173,1.15193,1845.00000
2026-06-11 15:45:00+00:00,1.15195,1.15200,1.15141,1.15144,1800.00000
2026-06-11 16:00:00+00:00,1.15146,1.15162,1.15082,1.15098,1239.00000
2026-06-11 16:15:00+00:00,1.15097,1.15114,1.15073,1.15093,1638.00000
2026-06-11 16:30:00+00:00,1.15088,1.15123,1.15079,1.15099,1726.00000
2026-06-11 16:45:00+00:00,1.15097,1.15102,1.15082,1.15090,858.00000
2026-06-11 17:00:00+00:00,1.15091,1.15092,1.15034,1.15048,1413.00000
2026-06-11 17:15:00+00:00,1.15047,1.15239,1.15029,1.15229,1624.00000
2026-06-11 17:30:00+00:00,1.15228,1.15663,1.15228,1.15605,7203.00000
2026-06-11 17:45:00+00:00,1.15606,1.15629,1.15460,1.15510,4292.00000
2026-06-11 18:00:00+00:00,1.15512,1.15540,1.15415,1.15523,4081.00000
2026-06-11 18:15:00+00:00,1.15520,1.15605,1.15513,1.15556,3342.00000
2026-06-11 18:30:00+00:00,1.15557,1.15579,1.15481,1.15578,2130.00000
2026-06-11 18:45:00+00:00,1.15577,1.15666,1.15576,1.15578,1872.00000
2026-06-11 19:00:00+00:00,1.15579,1.15751,1.15578,1.15743,2644.00000
2026-06-11 19:15:00+00:00,1.15745,1.15814,1.15726,1.15807,2310.00000
2026-06-11 19:30:00+00:00,1.15809,1.15897,1.15795,1.15795,2720.00000
2026-06-11 19:45:00+00:00,1.15796,1.15808,1.15773,1.15788,1752.00000
2026-06-11 20:00:00+00:00,1.15792,1.15835,1.15785,1.15803,987.00000
2026-06-11 20:15:00+00:00,1.15804,1.15830,1.15778,1.15804,660.00000
2026-06-11 20:30:00+00:00,1.15806,1.15817,1.15768,1.15771,709.00000
2026-06-11 20:45:00+00:00,1.15770,1.15803,1.15765,1.15787,636.00000
2026-06-11 21:00:00+00:00,1.15768,1.15800,1.15743,1.15799,102.00000
2026-06-11 21:15:00+00:00,1.15799,1.15799,1.15767,1.15773,130.00000
2026-06-11 21:30:00+00:00,1.15774,1.15776,1.15761,1.15761,77.00000
2026-06-11 21:45:00+00:00,1.15762,1.15795,1.15757,1.15770,174.00000
2026-06-11 22:00:00+00:00,1.15773,1.15817,1.15758,1.15760,562.00000
2026-06-11 22:15:00+00:00,1.15759,1.15767,1.15732,1.15751,364.00000
2026-06-11 22:30:00+00:00,1.15752,1.15796,1.15735,1.15790,570.00000
2026-06-11 22:45:00+00:00,1.15791,1.15850,1.15790,1.15849,574.00000
2026-06-11 23:00:00+00:00,1.15850,1.15866,1.15817,1.15824,648.00000
2026-06-11 23:15:00+00:00,1.15822,1.15831,1.15769,1.15777,528.00000
2026-06-11 23:30:00+00:00,1.15775,1.15780,1.15753,1.15760,402.00000
2026-06-11 23:45:00+00:00,1.15763,1.15770,1.15743,1.15756,582.00000
2026-06-12 00:00:00+00:00,1.15755,1.15765,1.15690,1.15713,1531.00000
2026-06-12 00:15:00+00:00,1.15712,1.15719,1.15689,1.15704,977.00000
2026-06-12 00:30:00+00:00,1.15705,1.15720,1.15662,1.15663,846.00000
2026-06-12 00:45:00+00:00,1.15667,1.15709,1.15662,1.15696,1118.00000
2026-06-12 01:00:00+00:00,1.15697,1.15702,1.15633,1.15657,1396.00000
2026-06-12 01:15:00+00:00,1.15655,1.15664,1.15616,1.15622,975.00000
2026-06-12 01:30:00+00:00,1.15621,1.15665,1.15621,1.15627,1390.00000
2026-06-12 01:45:00+00:00,1.15628,1.15659,1.15621,1.15633,760.00000
2026-06-12 02:00:00+00:00,1.15634,1.15703,1.15627,1.15687,1170.00000
2026-06-12 02:15:00+00:00,1.15686,1.15687,1.15648,1.15648,734.00000
2026-06-12 02:30:00+00:00,1.15650,1.15672,1.15625,1.15656,742.00000
2026-06-12 02:45:00+00:00,1.15661,1.15674,1.15652,1.15668,576.00000
2026-06-12 03:00:00+00:00,1.15667,1.15684,1.15650,1.15672,692.00000
2026-06-12 03:15:00+00:00,1.15673,1.15712,1.15667,1.15705,878.00000
2026-06-12 03:30:00+00:00,1.15704,1.15752,1.15704,1.15736,1142.00000
2026-06-12 03:45:00+00:00,1.15735,1.15735,1.15700,1.15721,904.00000
2026-06-12 04:00:00+00:00,1.15724,1.15726,1.15688,1.15716,758.00000
2026-06-12 04:15:00+00:00,1.15715,1.15720,1.15704,1.15718,428.00000
2026-06-12 04:30:00+00:00,1.15713,1.15751,1.15712,1.15740,480.00000
2026-06-12 04:45:00+00:00,1.15741,1.15743,1.15705,1.15715,500.00000
2026-06-12 05:00:00+00:00,1.15714,1.15739,1.15667,1.15691,1078.00000
2026-06-12 05:15:00+00:00,1.15690,1.15691,1.15643,1.15651,771.00000
2026-06-12 05:30:00+00:00,1.15650,1.15665,1.15628,1.15638,1076.00000
2026-06-12 05:45:00+00:00,1.15640,1.15641,1.15572,1.15574,1031.00000
2026-06-12 06:00:00+00:00,1.15575,1.15683,1.15575,1.15656,1230.00000
2026-06-12 06:15:00+00:00,1.15657,1.15682,1.15650,1.15674,938.00000
2026-06-12 06:30:00+00:00,1.15675,1.15708,1.15651,1.15688,1380.00000
2026-06-12 06:45:00+00:00,1.15692,1.15742,1.15672,1.15730,1282.00000
2026-06-12 07:00:00+00:00,1.15734,1.15734,1.15629,1.15647,1348.00000
2026-06-12 07:15:00+00:00,1.15646,1.15669,1.15607,1.15607,1222.00000
2026-06-12 07:30:00+00:00,1.15603,1.15631,1.15572,1.15606,1499.00000
2026-06-12 07:45:00+00:00,1.15606,1.15674,1.15572,1.15666,1740.00000
2026-06-12 08:00:00+00:00,1.15667,1.15712,1.15654,1.15697,1836.00000
2026-06-12 08:15:00+00:00,1.15696,1.15856,1.15688,1.15761,3004.00000
2026-06-12 08:30:00+00:00,1.15763,1.15834,1.15754,1.15805,1754.00000
2026-06-12 08:45:00+00:00,1.15804,1.15825,1.15753,1.15768,1170.00000
2026-06-12 09:00:00+00:00,1.15769,1.15778,1.15735,1.15771,1324.00000
2026-06-12 09:15:00+00:00,1.15772,1.15895,1.15772,1.15880,2035.00000
2026-06-12 09:30:00+00:00,1.15881,1.15890,1.15841,1.15859,1226.00000
2026-06-12 09:45:00+00:00,1.15858,1.15871,1.15804,1.15840,1070.00000
2026-06-12 10:00:00+00:00,1.15839,1.15856,1.15814,1.15829,1248.00000
2026-06-12 10:15:00+00:00,1.15830,1.15841,1.15690,1.15743,1788.00000
2026-06-12 10:30:00+00:00,1.15744,1.15795,1.15733,1.15761,1258.00000
2026-06-12 10:45:00+00:00,1.15763,1.15784,1.15720,1.15740,1157.00000
2026-06-12 11:00:00+00:00,1.15741,1.15748,1.15717,1.15748,1161.00000
2026-06-12 11:15:00+00:00,1.15746,1.15779,1.15737,1.15747,998.00000
2026-06-12 11:30:00+00:00,1.15743,1.15794,1.15732,1.15786,1022.00000
2026-06-12 11:45:00+00:00,1.15787,1.15789,1.15706,1.15714,994.00000
2026-06-12 12:00:00+00:00,1.15715,1.15724,1.15667,1.15683,1441.00000
2026-06-12 12:15:00+00:00,1.15684,1.15690,1.15613,1.15615,1250.00000
2026-06-12 12:30:00+00:00,1.15617,1.15653,1.15611,1.15630,1472.00000
2026-06-12 12:45:00+00:00,1.15631,1.15644,1.15601,1.15635,1243.00000
2026-06-12 13:00:00+00:00,1.15632,1.15688,1.15618,1.15661,1594.00000
2026-06-12 13:15:00+00:00,1.15660,1.15765,1.15655,1.15761,1540.00000
2026-06-12 13:30:00+00:00,1.15762,1.15791,1.15638,1.15675,3653.00000
2026-06-12 13:45:00+00:00,1.15676,1.15741,1.15673,1.15695,1982.00000
2026-06-12 14:00:00+00:00,1.15694,1.15775,1.15676,1.15734,2646.00000
2026-06-12 14:15:00+00:00,1.15733,1.15750,1.15661,1.15692,1860.00000
2026-06-12 14:30:00+00:00,1.15691,1.15763,1.15690,1.15732,1740.00000
2026-06-12 14:45:00+00:00,1.15730,1.15788,1.15682,1.15733,3708.00000
2026-06-12 15:00:00+00:00,1.15734,1.15779,1.15716,1.15773,2769.00000
2026-06-12 15:15:00+00:00,1.15774,1.15831,1.15763,1.15825,1839.00000
2026-06-12 15:30:00+00:00,1.15824,1.15835,1.15734,1.15757,2133.00000
2026-06-12 15:45:00+00:00,1.15754,1.15785,1.15730,1.15730,1557.00000
2026-06-12 16:00:00+00:00,1.15728,1.15779,1.15695,1.15725,2400.00000
2026-06-12 16:15:00+00:00,1.15726,1.15761,1.15698,1.15725,1998.00000
2026-06-12 16:30:00+00:00,1.15728,1.15755,1.15718,1.15724,1491.00000
2026-06-12 16:45:00+00:00,1.15725,1.15755,1.15718,1.15746,947.00000
2026-06-12 17:00:00+00:00,1.15749,1.15776,1.15718,1.15735,1052.00000
2026-06-12 17:15:00+00:00,1.15736,1.15759,1.15723,1.15756,764.00000
2026-06-12 17:30:00+00:00,1.15757,1.15764,1.15738,1.15756,832.00000
2026-06-12 17:45:00+00:00,1.15757,1.15758,1.15736,1.15746,730.00000
2026-06-12 18:00:00+00:00,1.15745,1.15753,1.15723,1.15736,790.00000
2026-06-12 18:15:00+00:00,1.15737,1.15761,1.15736,1.15754,840.00000
2026-06-12 18:30:00+00:00,1.15758,1.15786,1.15757,1.15777,590.00000
2026-06-12 18:45:00+00:00,1.15776,1.15783,1.15744,1.15748,446.00000
2026-06-12 19:00:00+00:00,1.15746,1.15778,1.15733,1.15748,632.00000
2026-06-12 19:15:00+00:00,1.15752,1.15763,1.15733,1.15748,612.00000
2026-06-12 19:30:00+00:00,1.15747,1.15750,1.15708,1.15708,864.00000
2026-06-12 19:45:00+00:00,1.15706,1.15723,1.15688,1.15714,766.00000
2026-06-12 20:00:00+00:00,1.15715,1.15718,1.15687,1.15694,570.00000
2026-06-12 20:15:00+00:00,1.15693,1.15710,1.15681,1.15683,384.00000
2026-06-12 20:30:00+00:00,1.15681,1.15684,1.15664,1.15669,433.00000
2026-06-12 20:45:00+00:00,1.15671,1.15693,1.15658,1.15667,1147.00000
2026-06-14 21:00:00+00:00,1.15758,1.15771,1.15738,1.15762,65.00000
2026-06-14 21:15:00+00:00,1.15745,1.15940,1.15735,1.15939,379.00000
2026-06-14 21:30:00+00:00,1.15938,1.15991,1.15900,1.15989,309.00000
2026-06-14 21:45:00+00:00,1.15988,1.16063,1.15954,1.16057,384.00000
2026-06-14 22:00:00+00:00,1.16043,1.16176,1.16007,1.16116,1611.00000
2026-06-14 22:15:00+00:00,1.16116,1.16151,1.16077,1.16086,1326.00000
2026-06-14 22:30:00+00:00,1.16089,1.16116,1.16039,1.16088,1311.00000
2026-06-14 22:45:00+00:00,1.16087,1.16113,1.16086,1.16087,792.00000
2026-06-14 23:00:00+00:00,1.16083,1.16094,1.16042,1.16048,902.00000
2026-06-14 23:15:00+00:00,1.16047,1.16069,1.16037,1.16041,555.00000
2026-06-14 23:30:00+00:00,1.16042,1.16069,1.16031,1.16064,306.00000
2026-06-14 23:45:00+00:00,1.16065,1.16091,1.16022,1.16029,970.00000
2026-06-15 00:00:00+00:00,1.16032,1.16109,1.16031,1.16106,1720.00000
2026-06-15 00:15:00+00:00,1.16107,1.16118,1.16071,1.16074,1184.00000
2026-06-15 00:30:00+00:00,1.16075,1.16077,1.16047,1.16059,668.00000
2026-06-15 00:45:00+00:00,1.16058,1.16061,1.15981,1.15989,1104.00000
2026-06-15 01:00:00+00:00,1.15988,1.15990,1.15943,1.15974,1226.00000
2026-06-15 01:15:00+00:00,1.15973,1.15994,1.15969,1.15982,648.00000
2026-06-15 01:30:00+00:00,1.15983,1.15988,1.15961,1.15964,695.00000
2026-06-15 01:45:00+00:00,1.15965,1.16017,1.15958,1.15981,690.00000
2026-06-15 02:00:00+00:00,1.15983,1.15994,1.15943,1.15948,758.00000
2026-06-15 02:15:00+00:00,1.15950,1.15981,1.15943,1.15978,444.00000
2026-06-15 02:30:00+00:00,1.15981,1.16014,1.15981,1.15988,538.00000
2026-06-15 02:45:00+00:00,1.15986,1.15998,1.15976,1.15995,372.00000
2026-06-15 03:00:00+00:00,1.15994,1.16009,1.15984,1.15987,436.00000
2026-06-15 03:15:00+00:00,1.15988,1.16019,1.15988,1.16018,382.00000
2026-06-15 03:30:00+00:00,1.16016,1.16043,1.16013,1.16034,490.00000
2026-06-15 03:45:00+00:00,1.16033,1.16053,1.16033,1.16043,346.00000
2026-06-15 04:00:00+00:00,1.16044,1.16052,1.16032,1.16047,414.00000
2026-06-15 04:15:00+00:00,1.16048,1.16090,1.16043,1.16090,436.00000
2026-06-15 04:30:00+00:00,1.16090,1.16114,1.16087,1.16109,370.00000
2026-06-15 04:45:00+00:00,1.16108,1.16135,1.16104,1.16127,396.00000
2026-06-15 05:00:00+00:00,1.16128,1.16220,1.16127,1.16193,881.00000
2026-06-15 05:15:00+00:00,1.16193,1.16203,1.16175,1.16184,562.00000
2026-06-15 05:30:00+00:00,1.16186,1.16196,1.16138,1.16140,714.00000
2026-06-15 05:45:00+00:00,1.16141,1.16178,1.16136,1.16168,658.00000
2026-06-15 06:00:00+00:00,1.16170,1.16179,1.16084,1.16098,1080.00000
2026-06-15 06:15:00+00:00,1.16102,1.16114,1.16066,1.16078,856.00000
2026-06-15 06:30:00+00:00,1.16076,1.16085,1.16008,1.16073,1404.00000
2026-06-15 06:45:00+00:00,1.16074,1.16087,1.16044,1.16063,864.00000
2026-06-15 07:00:00+00:00,1.16065,1.16094,1.16015,1.16067,1482.00000
2026-06-15 07:15:00+00:00,1.16063,1.16105,1.16039,1.16086,1006.00000
2026-06-15 07:30:00+00:00,1.16088,1.16093,1.16043,1.16080,1050.00000
2026-06-15 07:45:00+00:00,1.16079,1.16091,1.16040,1.16062,959.00000
2026-06-15 08:00:00+00:00,1.16060,1.16083,1.16043,1.16058,1344.00000
2026-06-15 08:15:00+00:00,1.16059,1.16102,1.16047,1.16077,1084.00000
2026-06-15 08:30:00+00:00,1.16078,1.16103,1.15999,1.16011,1046.00000
2026-06-15 08:45:00+00:00,1.16012,1.16018,1.15972,1.16016,1028.00000
2026-06-15 09:00:00+00:00,1.16017,1.16108,1.16006,1.16073,1093.00000
2026-06-15 09:15:00+00:00,1.16072,1.16072,1.16034,1.16054,854.00000
2026-06-15 09:30:00+00:00,1.16053,1.16103,1.16051,1.16078,804.00000
2026-06-15 09:45:00+00:00,1.16079,1.16089,1.16051,1.16068,992.00000
2026-06-15 10:00:00+00:00,1.16069,1.16070,1.16033,1.16066,1010.00000
2026-06-15 10:15:00+00:00,1.16067,1.16114,1.16065,1.16104,870.00000
2026-06-15 10:30:00+00:00,1.16106,1.16144,1.16102,1.16133,714.00000
2026-06-15 10:45:00+00:00,1.16136,1.16136,1.16100,1.16106,751.00000
2026-06-15 11:00:00+00:00,1.16105,1.16142,1.16104,1.16122,792.00000
2026-06-15 11:15:00+00:00,1.16121,1.16121,1.16068,1.16070,866.00000
2026-06-15 11:30:00+00:00,1.16068,1.16107,1.16057,1.16069,949.00000
2026-06-15 11:45:00+00:00,1.16071,1.16139,1.16069,1.16089,1116.00000
2026-06-15 12:00:00+00:00,1.16085,1.16123,1.16057,1.16063,1108.00000
2026-06-15 12:15:00+00:00,1.16064,1.16098,1.16045,1.16097,1106.00000
2026-06-15 12:30:00+00:00,1.16096,1.16145,1.16084,1.16145,1088.00000
2026-06-15 12:45:00+00:00,1.16144,1.16197,1.16130,1.16155,1267.00000
2026-06-15 13:00:00+00:00,1.16154,1.16167,1.16121,1.16151,892.00000
2026-06-15 13:15:00+00:00,1.16152,1.16179,1.16150,1.16166,856.00000
2026-06-15 13:30:00+00:00,1.16167,1.16206,1.16132,1.16173,1972.00000
2026-06-15 13:45:00+00:00,1.16177,1.16185,1.16136,1.16168,1615.00000
2026-06-15 14:00:00+00:00,1.16169,1.16186,1.16125,1.16134,1462.00000
2026-06-15 14:15:00+00:00,1.16135,1.16153,1.16089,1.16124,1840.00000
2026-06-15 14:30:00+00:00,1.16126,1.16134,1.16056,1.16067,1680.00000
2026-06-15 14:45:00+00:00,1.16068,1.16125,1.16057,1.16078,2430.00000
2026-06-15 15:00:00+00:00,1.16074,1.16074,1.16042,1.16046,1588.00000
2026-06-15 15:15:00+00:00,1.16044,1.16063,1.16014,1.16032,1018.00000
2026-06-15 15:30:00+00:00,1.16033,1.16034,1.15976,1.15978,1083.00000
2026-06-15 15:45:00+00:00,1.15979,1.15988,1.15963,1.15985,801.00000
2026-06-15 16:00:00+00:00,1.15986,1.16030,1.15975,1.16029,856.00000
2026-06-15 16:15:00+00:00,1.16026,1.16049,1.16011,1.16049,890.00000
2026-06-15 16:30:00+00:00,1.16048,1.16050,1.15980,1.15989,892.00000
2026-06-15 16:45:00+00:00,1.15990,1.16051,1.15986,1.16036,744.00000
2026-06-15 17:00:00+00:00,1.16035,1.16040,1.16002,1.16019,840.00000
2026-06-15 17:15:00+00:00,1.16018,1.16024,1.15988,1.16005,516.00000
2026-06-15 17:30:00+00:00,1.16006,1.16008,1.15980,1.15998,796.00000
2026-06-15 17:45:00+00:00,1.15999,1.16008,1.15984,1.15994,436.00000
2026-06-15 18:00:00+00:00,1.15995,1.16030,1.15986,1.16016,838.00000
2026-06-15 18:15:00+00:00,1.16018,1.16020,1.15976,1.15977,561.00000
2026-06-15 18:30:00+00:00,1.15976,1.15978,1.15950,1.15966,756.00000
2026-06-15 18:45:00+00:00,1.15967,1.15986,1.15940,1.15947,840.00000
2026-06-15 19:00:00+00:00,1.15951,1.15962,1.15902,1.15920,1036.00000
2026-06-15 19:15:00+00:00,1.15921,1.15942,1.15911,1.15917,698.00000
2026-06-15 19:30:00+00:00,1.15918,1.15943,1.15916,1.15929,758.00000
2026-06-15 19:45:00+00:00,1.15930,1.15941,1.15845,1.15852,999.00000
2026-06-15 20:00:00+00:00,1.15854,1.15887,1.15837,1.15887,601.00000
2026-06-15 20:15:00+00:00,1.15886,1.15892,1.15869,1.15891,238.00000
2026-06-15 20:30:00+00:00,1.15890,1.15900,1.15871,1.15890,324.00000
2026-06-15 20:45:00+00:00,1.15889,1.15899,1.15875,1.15895,333.00000
2026-06-15 21:00:00+00:00,1.15931,1.15945,1.15866,1.15907,184.00000
2026-06-15 21:15:00+00:00,1.15905,1.15905,1.15878,1.15879,131.00000
2026-06-15 21:30:00+00:00,1.15878,1.15949,1.15871,1.15945,472.00000
2026-06-15 21:45:00+00:00,1.15919,1.15950,1.15900,1.15903,127.00000
2026-06-15 22:00:00+00:00,1.15901,1.15911,1.15868,1.15874,463.00000
2026-06-15 22:15:00+00:00,1.15873,1.15874,1.15852,1.15867,208.00000
2026-06-15 22:30:00+00:00,1.15866,1.15880,1.15864,1.15880,160.00000
2026-06-15 22:45:00+00:00,1.15881,1.15895,1.15871,1.15885,148.00000
2026-06-15 23:00:00+00:00,1.15886,1.15910,1.15885,1.15903,166.00000
2026-06-15 23:15:00+00:00,1.15901,1.15920,1.15894,1.15913,118.00000
2026-06-15 23:30:00+00:00,1.15913,1.15932,1.15910,1.15932,176.00000
2026-06-15 23:45:00+00:00,1.15934,1.15937,1.15907,1.15913,366.00000
2026-06-16 00:00:00+00:00,1.15914,1.15921,1.15897,1.15898,470.00000
2026-06-16 00:15:00+00:00,1.15897,1.15906,1.15879,1.15886,524.00000
2026-06-16 00:30:00+00:00,1.15884,1.15919,1.15884,1.15913,552.00000
2026-06-16 00:45:00+00:00,1.15914,1.15936,1.15888,1.15930,588.00000
2026-06-16 01:00:00+00:00,1.15931,1.15951,1.15909,1.15920,1048.00000
2026-06-16 01:15:00+00:00,1.15921,1.15922,1.15895,1.15910,670.00000
2026-06-16 01:30:00+00:00,1.15909,1.15924,1.15880,1.15890,676.00000
2026-06-16 01:45:00+00:00,1.15891,1.15924,1.15869,1.15879,624.00000
2026-06-16 02:00:00+00:00,1.15880,1.15880,1.15847,1.15854,550.00000
2026-06-16 02:15:00+00:00,1.15853,1.15863,1.15828,1.15862,404.00000
2026-06-16 02:30:00+00:00,1.15864,1.15893,1.15864,1.15884,368.00000
2026-06-16 02:45:00+00:00,1.15885,1.15886,1.15861,1.15878,498.00000
2026-06-16 03:00:00+00:00,1.15877,1.15883,1.15848,1.15870,448.00000
2026-06-16 03:15:00+00:00,1.15869,1.15874,1.15842,1.15856,622.00000
2026-06-16 03:30:00+00:00,1.15857,1.15875,1.15857,1.15869,371.00000
2026-06-16 03:45:00+00:00,1.15868,1.15887,1.15859,1.15864,326.00000
2026-06-16 04:00:00+00:00,1.15866,1.15870,1.15787,1.15795,592.00000
2026-06-16 04:15:00+00:00,1.15796,1.15812,1.15757,1.15783,700.00000
2026-06-16 04:30:00+00:00,1.15784,1.15805,1.15773,1.15790,596.00000
2026-06-16 04:45:00+00:00,1.15791,1.15794,1.15764,1.15789,614.00000
2026-06-16 05:00:00+00:00,1.15791,1.15810,1.15775,1.15775,486.00000
2026-06-16 05:15:00+00:00,1.15770,1.15795,1.15770,1.15794,436.00000
2026-06-16 05:30:00+00:00,1.15795,1.15807,1.15772,1.15774,594.00000
2026-06-16 05:45:00+00:00,1.15775,1.15779,1.15752,1.15754,642.00000
2026-06-16 06:00:00+00:00,1.15751,1.15778,1.15749,1.15771,652.00000
2026-06-16 06:15:00+00:00,1.15767,1.15789,1.15749,1.15786,738.00000
2026-06-16 06:30:00+00:00,1.15784,1.15856,1.15778,1.15815,1260.00000
2026-06-16 06:45:00+00:00,1.15817,1.15876,1.15814,1.15874,1037.00000
2026-06-16 07:00:00+00:00,1.15875,1.15904,1.15851,1.15881,1161.00000
2026-06-16 07:15:00+00:00,1.15880,1.15914,1.15872,1.15911,984.00000
2026-06-16 07:30:00+00:00,1.15910,1.15939,1.15894,1.15930,816.00000
2026-06-16 07:45:00+00:00,1.15929,1.15956,1.15918,1.15955,748.00000
2026-06-16 08:00:00+00:00,1.15958,1.15995,1.15932,1.15989,1041.00000
2026-06-16 08:15:00+00:00,1.15992,1.16020,1.15974,1.16016,1052.00000
2026-06-16 08:30:00+00:00,1.16015,1.16023,1.15988,1.16008,798.00000
2026-06-16 08:45:00+00:00,1.16008,1.16066,1.15992,1.16058,817.00000
2026-06-16 09:00:00+00:00,1.16057,1.16094,1.16034,1.16071,950.00000
2026-06-16 09:15:00+00:00,1.16072,1.16074,1.16006,1.16016,890.00000
2026-06-16 09:30:00+00:00,1.16017,1.16035,1.16001,1.16008,791.00000
2026-06-16 09:45:00+00:00,1.16007,1.16023,1.15999,1.16010,758.00000
2026-06-16 10:00:00+00:00,1.16012,1.16079,1.16005,1.16071,856.00000
2026-06-16 10:15:00+00:00,1.16069,1.16129,1.16066,1.16091,875.00000
2026-06-16 10:30:00+00:00,1.16092,1.16122,1.16077,1.16113,660.00000
2026-06-16 10:45:00+00:00,1.16115,1.16124,1.16093,1.16119,828.00000
2026-06-16 11:00:00+00:00,1.16118,1.16119,1.16074,1.16088,898.00000
2026-06-16 11:15:00+00:00,1.16086,1.16089,1.16034,1.16041,680.00000
2026-06-16 11:30:00+00:00,1.16042,1.16066,1.15979,1.15998,948.00000
2026-06-16 11:45:00+00:00,1.15997,1.16008,1.15971,1.15991,901.00000
2026-06-16 12:00:00+00:00,1.15990,1.15993,1.15936,1.15976,1005.00000
2026-06-16 12:15:00+00:00,1.15976,1.15981,1.15914,1.15950,1077.00000
2026-06-16 12:30:00+00:00,1.15949,1.16019,1.15948,1.16009,1036.00000
2026-06-16 12:45:00+00:00,1.16010,1.16012,1.15956,1.15996,1241.00000
2026-06-16 13:00:00+00:00,1.15994,1.16026,1.15988,1.15999,997.00000
2026-06-16 13:15:00+00:00,1.16000,1.16006,1.15952,1.15978,1411.00000
2026-06-16 13:30:00+00:00,1.15979,1.16036,1.15972,1.15992,1850.00000
2026-06-16 13:45:00+00:00,1.15993,1.15995,1.15913,1.15927,1450.00000
2026-06-16 14:00:00+00:00,1.15928,1.15967,1.15878,1.15949,1728.00000
2026-06-16 14:15:00+00:00,1.15947,1.15973,1.15908,1.15908,1622.00000
2026-06-16 14:30:00+00:00,1.15906,1.15969,1.15878,1.15964,1663.00000
2026-06-16 14:45:00+00:00,1.15966,1.16084,1.15959,1.16070,1865.00000
2026-06-16 15:00:00+00:00,1.16072,1.16081,1.15998,1.16018,1604.00000
2026-06-16 15:15:00+00:00,1.16017,1.16051,1.16013,1.16021,1024.00000
2026-06-16 15:30:00+00:00,1.16022,1.16085,1.16013,1.16068,1245.00000
2026-06-16 15:45:00+00:00,1.16069,1.16187,1.16038,1.16141,2104.00000
2026-06-16 16:00:00+00:00,1.16142,1.16181,1.16126,1.16172,1621.00000
2026-06-16 16:15:00+00:00,1.16173,1.16198,1.16157,1.16169,1203.00000
2026-06-16 16:30:00+00:00,1.16170,1.16176,1.16136,1.16141,922.00000
2026-06-16 16:45:00+00:00,1.16138,1.16149,1.16117,1.16132,834.00000
2026-06-16 17:00:00+00:00,1.16131,1.16138,1.16113,1.16121,706.00000
2026-06-16 17:15:00+00:00,1.16123,1.16131,1.16108,1.16120,628.00000
2026-06-16 17:30:00+00:00,1.16119,1.16131,1.16109,1.16123,664.00000
2026-06-16 17:45:00+00:00,1.16124,1.16127,1.16108,1.16114,521.00000
2026-06-16 18:00:00+00:00,1.16113,1.16141,1.16107,1.16114,836.00000
2026-06-16 18:15:00+00:00,1.16115,1.16120,1.16096,1.16103,566.00000
2026-06-16 18:30:00+00:00,1.16104,1.16110,1.16064,1.16072,598.00000
2026-06-16 18:45:00+00:00,1.16075,1.16113,1.16064,1.16106,608.00000
2026-06-16 19:00:00+00:00,1.16110,1.16138,1.16108,1.16111,764.00000
2026-06-16 19:15:00+00:00,1.16112,1.16120,1.16105,1.16117,637.00000
2026-06-16 19:30:00+00:00,1.16115,1.16117,1.16076,1.16079,551.00000
2026-06-16 19:45:00+00:00,1.16080,1.16093,1.16057,1.16082,756.00000
2026-06-16 20:00:00+00:00,1.16081,1.16085,1.16068,1.16075,318.00000
2026-06-16 20:15:00+00:00,1.16076,1.16098,1.16076,1.16093,174.00000
2026-06-16 20:30:00+00:00,1.16094,1.16094,1.16067,1.16071,240.00000
2026-06-16 20:45:00+00:00,1.16069,1.16089,1.16065,1.16084,409.00000
2026-06-16 21:00:00+00:00,1.16087,1.16108,1.16048,1.16096,122.00000
2026-06-16 21:15:00+00:00,1.16097,1.16120,1.16080,1.16116,556.00000
2026-06-16 21:30:00+00:00,1.16126,1.16127,1.16077,1.16078,448.00000
2026-06-16 21:45:00+00:00,1.16079,1.16086,1.16062,1.16077,135.00000
2026-06-16 22:00:00+00:00,1.16080,1.16109,1.16080,1.16105,412.00000
2026-06-16 22:15:00+00:00,1.16105,1.16114,1.16102,1.16108,225.00000
2026-06-16 22:30:00+00:00,1.16110,1.16129,1.16088,1.16125,254.00000
2026-06-16 22:45:00+00:00,1.16124,1.16132,1.16119,1.16125,237.00000
2026-06-16 23:00:00+00:00,1.16125,1.16142,1.16118,1.16139,229.00000
2026-06-16 23:15:00+00:00,1.16138,1.16147,1.16132,1.16145,237.00000
2026-06-16 23:30:00+00:00,1.16144,1.16149,1.16118,1.16133,378.00000
2026-06-16 23:45:00+00:00,1.16133,1.16134,1.16089,1.16098,640.00000
2026-06-17 00:00:00+00:00,1.16101,1.16141,1.16088,1.16134,788.00000
2026-06-17 00:15:00+00:00,1.16135,1.16166,1.16134,1.16154,478.00000
2026-06-17 00:30:00+00:00,1.16153,1.16160,1.16144,1.16153,288.00000
2026-06-17 00:45:00+00:00,1.16154,1.16154,1.16124,1.16146,484.00000
2026-06-17 01:00:00+00:00,1.16147,1.16160,1.16138,1.16141,632.00000
2026-06-17 01:15:00+00:00,1.16140,1.16143,1.16121,1.16122,386.00000
2026-06-17 01:30:00+00:00,1.16123,1.16133,1.16103,1.16133,384.00000
2026-06-17 01:45:00+00:00,1.16132,1.16141,1.16114,1.16123,384.00000
2026-06-17 02:00:00+00:00,1.16121,1.16131,1.16120,1.16126,332.00000
2026-06-17 02:15:00+00:00,1.16124,1.16150,1.16118,1.16137,242.00000
2026-06-17 02:30:00+00:00,1.16138,1.16140,1.16123,1.16128,230.00000
2026-06-17 02:45:00+00:00,1.16126,1.16126,1.16093,1.16093,216.00000
2026-06-17 03:00:00+00:00,1.16094,1.16113,1.16084,1.16110,330.00000
2026-06-17 03:15:00+00:00,1.16111,1.16111,1.16092,1.16106,240.00000
2026-06-17 03:30:00+00:00,1.16107,1.16123,1.16102,1.16110,308.00000
2026-06-17 03:45:00+00:00,1.16109,1.16116,1.16103,1.16104,160.00000
2026-06-17 04:00:00+00:00,1.16105,1.16131,1.16100,1.16125,278.00000
2026-06-17 04:15:00+00:00,1.16125,1.16135,1.16115,1.16115,250.00000
2026-06-17 04:30:00+00:00,1.16116,1.16123,1.16106,1.16114,216.00000
2026-06-17 04:45:00+00:00,1.16112,1.16130,1.16111,1.16124,210.00000
2026-06-17 05:00:00+00:00,1.16125,1.16138,1.16113,1.16121,288.00000
2026-06-17 05:15:00+00:00,1.16122,1.16144,1.16114,1.16123,324.00000
2026-06-17 05:30:00+00:00,1.16124,1.16143,1.16114,1.16142,398.00000
2026-06-17 05:45:00+00:00,1.16141,1.16150,1.16105,1.16121,432.00000
2026-06-17 06:00:00+00:00,1.16131,1.16147,1.16095,1.16116,904.00000
2026-06-17 06:15:00+00:00,1.16115,1.16118,1.16059,1.16061,708.00000
2026-06-17 06:30:00+00:00,1.16060,1.16074,1.16040,1.16071,787.00000
2026-06-17 06:45:00+00:00,1.16072,1.16088,1.16055,1.16079,697.00000
2026-06-17 07:00:00+00:00,1.16078,1.16141,1.16067,1.16140,1016.00000
2026-06-17 07:15:00+00:00,1.16137,1.16148,1.16070,1.16070,750.00000
2026-06-17 07:30:00+00:00,1.16069,1.16087,1.16045,1.16059,948.00000
2026-06-17 07:45:00+00:00,1.16058,1.16091,1.16049,1.16083,676.00000
2026-06-17 08:00:00+00:00,1.16084,1.16084,1.16007,1.16046,1046.00000
2026-06-17 08:15:00+00:00,1.16042,1.16051,1.15981,1.16021,911.00000
2026-06-17 08:30:00+00:00,1.16022,1.16032,1.16005,1.16013,890.00000
2026-06-17 08:45:00+00:00,1.16014,1.16030,1.16001,1.16019,792.00000
2026-06-17 09:00:00+00:00,1.16018,1.16034,1.16008,1.16015,638.00000
2026-06-17 09:15:00+00:00,1.16016,1.16059,1.16013,1.16046,764.00000
2026-06-17 09:30:00+00:00,1.16048,1.16058,1.16016,1.16018,579.00000
2026-06-17 09:45:00+00:00,1.16016,1.16043,1.16014,1.16039,650.00000
2026-06-17 10:00:00+00:00,1.16038,1.16046,1.16020,1.16041,868.00000
2026-06-17 10:15:00+00:00,1.16042,1.16042,1.15957,1.15961,636.00000
2026-06-17 10:30:00+00:00,1.15960,1.16002,1.15960,1.15984,674.00000
2026-06-17 10:45:00+00:00,1.15985,1.16008,1.15955,1.15971,710.00000
2026-06-17 11:00:00+00:00,1.15972,1.15972,1.15911,1.15915,729.00000
2026-06-17 11:15:00+00:00,1.15914,1.15951,1.15895,1.15899,664.00000
2026-06-17 11:30:00+00:00,1.15898,1.15901,1.15853,1.15866,950.00000
2026-06-17 11:45:00+00:00,1.15865,1.15915,1.15865,1.15915,880.00000
2026-06-17 12:00:00+00:00,1.15916,1.15943,1.15906,1.15921,1036.00000
2026-06-17 12:15:00+00:00,1.15922,1.15981,1.15911,1.15964,794.00000
2026-06-17 12:30:00+00:00,1.15960,1.15994,1.15931,1.15975,1038.00000
2026-06-17 12:45:00+00:00,1.15977,1.16027,1.15974,1.16022,882.00000
2026-06-17 13:00:00+00:00,1.16019,1.16023,1.15981,1.16011,988.00000
2026-06-17 13:15:00+00:00,1.16010,1.16028,1.15979,1.15983,806.00000
2026-06-17 13:30:00+00:00,1.15984,1.15998,1.15957,1.15975,1426.00000
2026-06-17 13:45:00+00:00,1.15973,1.16014,1.15959,1.15971,1628.00000
2026-06-17 14:00:00+00:00,1.15970,1.15985,1.15922,1.15927,1641.00000
2026-06-17 14:15:00+00:00,1.15928,1.15945,1.15903,1.15926,1460.00000
2026-06-17 14:30:00+00:00,1.15931,1.15956,1.15912,1.15926,1416.00000
2026-06-17 14:45:00+00:00,1.15925,1.15933,1.15810,1.15894,2633.00000
2026-06-17 15:00:00+00:00,1.15893,1.15921,1.15870,1.15902,1494.00000
2026-06-17 15:15:00+00:00,1.15901,1.15940,1.15898,1.15927,1327.00000
2026-06-17 15:30:00+00:00,1.15925,1.15939,1.15892,1.15930,1052.00000
2026-06-17 15:45:00+00:00,1.15931,1.15940,1.15915,1.15926,784.00000
2026-06-17 16:00:00+00:00,1.15930,1.15933,1.15891,1.15895,772.00000
2026-06-17 16:15:00+00:00,1.15893,1.15931,1.15893,1.15919,578.00000
2026-06-17 16:30:00+00:00,1.15918,1.15921,1.15889,1.15903,564.00000
2026-06-17 16:45:00+00:00,1.15902,1.15928,1.15896,1.15917,602.00000
2026-06-17 17:00:00+00:00,1.15916,1.15919,1.15877,1.15907,859.00000
2026-06-17 17:15:00+00:00,1.15908,1.15917,1.15899,1.15907,588.00000
2026-06-17 17:30:00+00:00,1.15908,1.15936,1.15903,1.15930,780.00000
2026-06-17 17:45:00+00:00,1.15931,1.15962,1.15923,1.15950,673.00000
2026-06-17 18:00:00+00:00,1.15866,1.15866,1.15417,1.15447,6424.00000
2026-06-17 18:15:00+00:00,1.15448,1.15565,1.15446,1.15487,4357.00000
2026-06-17 18:30:00+00:00,1.15486,1.15666,1.15355,1.15628,7372.00000
2026-06-17 18:45:00+00:00,1.15629,1.15634,1.15369,1.15387,5966.00000
2026-06-17 19:00:00+00:00,1.15381,1.15419,1.15051,1.15159,6905.00000
2026-06-17 19:15:00+00:00,1.15160,1.15165,1.14957,1.14957,5290.00000
2026-06-17 19:30:00+00:00,1.14958,1.14975,1.14780,1.14841,5247.00000
2026-06-17 19:45:00+00:00,1.14843,1.14973,1.14843,1.14942,3913.00000
2026-06-17 20:00:00+00:00,1.14939,1.14973,1.14870,1.14909,1188.00000
2026-06-17 20:15:00+00:00,1.14907,1.14997,1.14890,1.14997,943.00000
2026-06-17 20:30:00+00:00,1.14998,1.15055,1.14989,1.15018,744.00000
2026-06-17 20:45:00+00:00,1.15019,1.15034,1.15003,1.15016,878.00000
2026-06-17 21:00:00+00:00,1.15003,1.15035,1.15001,1.15024,102.00000
2026-06-17 21:15:00+00:00,1.15024,1.15034,1.15007,1.15033,52.00000
2026-06-17 21:30:00+00:00,1.15034,1.15036,1.15002,1.15012,76.00000
2026-06-17 21:45:00+00:00,1.15015,1.15038,1.15014,1.15034,161.00000
2026-06-17 22:00:00+00:00,1.15032,1.15049,1.15005,1.15031,676.00000
2026-06-17 22:15:00+00:00,1.15029,1.15039,1.15015,1.15021,348.00000
2026-06-17 22:30:00+00:00,1.15022,1.15053,1.15018,1.15043,458.00000
2026-06-17 22:45:00+00:00,1.15045,1.15056,1.15030,1.15045,352.00000
2026-06-17 23:00:00+00:00,1.15044,1.15078,1.15044,1.15075,304.00000
2026-06-17 23:15:00+00:00,1.15076,1.15085,1.15059,1.15063,321.00000
2026-06-17 23:30:00+00:00,1.15064,1.15072,1.15037,1.15072,500.00000
2026-06-17 23:45:00+00:00,1.15071,1.15076,1.15059,1.15069,484.00000
2026-06-18 00:00:00+00:00,1.15070,1.15207,1.15068,1.15116,2011.00000
2026-06-18 00:15:00+00:00,1.15119,1.15137,1.15090,1.15105,1062.00000
2026-06-18 00:30:00+00:00,1.15104,1.15129,1.15097,1.15111,839.00000
2026-06-18 00:45:00+00:00,1.15110,1.15167,1.15091,1.15156,1483.00000
2026-06-18 01:00:00+00:00,1.15154,1.15203,1.15153,1.15197,1206.00000
2026-06-18 01:15:00+00:00,1.15193,1.15219,1.15184,1.15212,780.00000
2026-06-18 01:30:00+00:00,1.15213,1.15224,1.15199,1.15215,702.00000
2026-06-18 01:45:00+00:00,1.15213,1.15215,1.15161,1.15166,904.00000
2026-06-18 02:00:00+00:00,1.15167,1.15183,1.15139,1.15144,821.00000
2026-06-18 02:15:00+00:00,1.15147,1.15165,1.15131,1.15164,520.00000
2026-06-18 02:30:00+00:00,1.15163,1.15201,1.15154,1.15198,638.00000
2026-06-18 02:45:00+00:00,1.15199,1.15209,1.15178,1.15178,532.00000
2026-06-18 03:00:00+00:00,1.15179,1.15193,1.15178,1.15193,452.00000
2026-06-18 03:15:00+00:00,1.15194,1.15234,1.15189,1.15227,594.00000
2026-06-18 03:30:00+00:00,1.15228,1.15245,1.15210,1.15224,474.00000
2026-06-18 03:45:00+00:00,1.15225,1.15240,1.15219,1.15235,396.00000
2026-06-18 04:00:00+00:00,1.15237,1.15263,1.15207,1.15207,446.00000
2026-06-18 04:15:00+00:00,1.15209,1.15232,1.15209,1.15226,590.00000
2026-06-18 04:30:00+00:00,1.15227,1.15251,1.15216,1.15236,692.00000
2026-06-18 04:45:00+00:00,1.15235,1.15250,1.15231,1.15231,566.00000
2026-06-18 05:00:00+00:00,1.15232,1.15249,1.15218,1.15224,604.00000
2026-06-18 05:15:00+00:00,1.15223,1.15223,1.15177,1.15179,604.00000
2026-06-18 05:30:00+00:00,1.15178,1.15186,1.15159,1.15175,593.00000
2026-06-18 05:45:00+00:00,1.15176,1.15176,1.15102,1.15107,690.00000
2026-06-18 06:00:00+00:00,1.15108,1.15234,1.15105,1.15227,1414.00000
2026-06-18 06:15:00+00:00,1.15226,1.15272,1.15196,1.15271,1262.00000
2026-06-18 06:30:00+00:00,1.15270,1.15283,1.15193,1.15256,1391.00000
2026-06-18 06:45:00+00:00,1.15252,1.15258,1.15190,1.15196,1324.00000
2026-06-18 07:00:00+00:00,1.15194,1.15228,1.15119,1.15125,1532.00000
2026-06-18 07:15:00+00:00,1.15122,1.15152,1.15079,1.15105,1230.00000
2026-06-18 07:30:00+00:00,1.15104,1.15153,1.15065,1.15152,1559.00000
2026-06-18 07:45:00+00:00,1.15151,1.15209,1.15125,1.15129,1540.00000
2026-06-18 08:00:00+00:00,1.15131,1.15139,1.15049,1.15052,1981.00000
2026-06-18 08:15:00+00:00,1.15053,1.15076,1.15010,1.15025,1361.00000
2026-06-18 08:30:00+00:00,1.15024,1.15033,1.14923,1.14923,1775.00000
2026-06-18 08:45:00+00:00,1.14928,1.14929,1.14822,1.14826,1825.00000
2026-06-18 09:00:00+00:00,1.14834,1.14859,1.14749,1.14761,2824.00000
2026-06-18 09:15:00+00:00,1.14760,1.14819,1.14754,1.14762,1654.00000
2026-06-18 09:30:00+00:00,1.14761,1.14835,1.14747,1.14813,1378.00000
2026-06-18 09:45:00+00:00,1.14812,1.14833,1.14767,1.14767,1346.00000
2026-06-18 10:00:00+00:00,1.14766,1.14773,1.14621,1.14707,2340.00000
2026-06-18 10:15:00+00:00,1.14708,1.14743,1.14665,1.14715,1377.00000
2026-06-18 10:30:00+00:00,1.14714,1.14725,1.14628,1.14634,1456.00000
2026-06-18 10:45:00+00:00,1.14635,1.14657,1.14596,1.14608,1585.00000
2026-06-18 11:00:00+00:00,1.14609,1.14669,1.14582,1.14598,1765.00000
2026-06-18 11:15:00+00:00,1.14599,1.14652,1.14544,1.14623,2048.00000
2026-06-18 11:30:00+00:00,1.14624,1.14655,1.14581,1.14596,1604.00000
2026-06-18 11:45:00+00:00,1.14594,1.14609,1.14556,1.14573,1361.00000
2026-06-18 12:00:00+00:00,1.14567,1.14698,1.14533,1.14692,2060.00000
2026-06-18 12:15:00+00:00,1.14688,1.14817,1.14649,1.14711,2301.00000
2026-06-18 12:30:00+00:00,1.14710,1.14732,1.14639,1.14647,1952.00000
2026-06-18 12:45:00+00:00,1.14648,1.14718,1.14644,1.14694,2234.00000
2026-06-18 13:00:00+00:00,1.14693,1.14708,1.14631,1.14705,2824.00000
2026-06-18 13:15:00+00:00,1.14703,1.14719,1.14630,1.14714,2098.00000
2026-06-18 13:30:00+00:00,1.14712,1.14841,1.14708,1.14761,3037.00000
2026-06-18 13:45:00+00:00,1.14760,1.14773,1.14711,1.14722,2222.00000
2026-06-18 14:00:00+00:00,1.14720,1.14742,1.14678,1.14721,2488.00000
2026-06-18 14:15:00+00:00,1.14719,1.14774,1.14696,1.14746,2090.00000
2026-06-18 14:30:00+00:00,1.14741,1.14755,1.14697,1.14708,2002.00000
2026-06-18 14:45:00+00:00,1.14707,1.14874,1.14707,1.14864,2123.00000
2026-06-18 15:00:00+00:00,1.14867,1.14876,1.14782,1.14783,2420.00000
2026-06-18 15:15:00+00:00,1.14784,1.14812,1.14758,1.14778,1472.00000
2026-06-18 15:30:00+00:00,1.14777,1.14783,1.14712,1.14740,1922.00000
2026-06-18 15:45:00+00:00,1.14742,1.14770,1.14690,1.14692,1575.00000
2026-06-18 16:00:00+00:00,1.14693,1.14721,1.14654,1.14670,2068.00000
2026-06-18 16:15:00+00:00,1.14671,1.14712,1.14634,1.14701,1380.00000
2026-06-18 16:30:00+00:00,1.14702,1.14706,1.14640,1.14668,1360.00000
2026-06-18 16:45:00+00:00,1.14667,1.14675,1.14615,1.14653,1236.00000
2026-06-18 17:00:00+00:00,1.14656,1.14721,1.14632,1.14713,1515.00000
2026-06-18 17:15:00+00:00,1.14715,1.14736,1.14703,1.14715,1004.00000
2026-06-18 17:30:00+00:00,1.14711,1.14715,1.14650,1.14663,682.00000
2026-06-18 17:45:00+00:00,1.14662,1.14662,1.14624,1.14625,958.00000
2026-06-18 18:00:00+00:00,1.14626,1.14654,1.14604,1.14639,1024.00000
2026-06-18 18:15:00+00:00,1.14640,1.14657,1.14624,1.14631,1100.00000
2026-06-18 18:30:00+00:00,1.14630,1.14652,1.14621,1.14642,948.00000
2026-06-18 18:45:00+00:00,1.14643,1.14646,1.14590,1.14593,1008.00000
2026-06-18 19:00:00+00:00,1.14596,1.14602,1.14531,1.14559,1448.00000
2026-06-18 19:15:00+00:00,1.14557,1.14562,1.14514,1.14523,1042.00000
2026-06-18 19:30:00+00:00,1.14524,1.14604,1.14520,1.14584,2021.00000
2026-06-18 19:45:00+00:00,1.14583,1.14628,1.14574,1.14575,1470.00000
2026-06-18 20:00:00+00:00,1.14580,1.14627,1.14557,1.14622,790.00000
2026-06-18 20:15:00+00:00,1.14621,1.14631,1.14603,1.14621,432.00000
2026-06-18 20:30:00+00:00,1.14623,1.14625,1.14589,1.14590,449.00000
2026-06-18 20:45:00+00:00,1.14589,1.14589,1.14568,1.14573,522.00000
2026-06-18 21:00:00+00:00,1.14623,1.14623,1.14575,1.14599,144.00000
2026-06-18 21:15:00+00:00,1.14603,1.14603,1.14581,1.14593,56.00000
2026-06-18 21:30:00+00:00,1.14592,1.14632,1.14592,1.14615,116.00000
2026-06-18 21:45:00+00:00,1.14618,1.14627,1.14588,1.14610,200.00000
2026-06-18 22:00:00+00:00,1.14607,1.14630,1.14587,1.14621,909.00000
2026-06-18 22:15:00+00:00,1.14620,1.14622,1.14589,1.14600,270.00000
2026-06-18 22:30:00+00:00,1.14601,1.14609,1.14599,1.14606,188.00000
2026-06-18 22:45:00+00:00,1.14605,1.14634,1.14605,1.14634,340.00000
2026-06-18 23:00:00+00:00,1.14633,1.14633,1.14605,1.14616,378.00000
2026-06-18 23:15:00+00:00,1.14618,1.14619,1.14601,1.14605,272.00000
2026-06-18 23:30:00+00:00,1.14606,1.14612,1.14596,1.14598,310.00000
2026-06-18 23:45:00+00:00,1.14599,1.14602,1.14571,1.14583,308.00000
2026-06-19 00:00:00+00:00,1.14584,1.14646,1.14584,1.14621,1096.00000
2026-06-19 00:15:00+00:00,1.14620,1.14639,1.14606,1.14607,594.00000
2026-06-19 00:30:00+00:00,1.14608,1.14657,1.14607,1.14625,798.00000
2026-06-19 00:45:00+00:00,1.14624,1.14646,1.14618,1.14619,866.00000
2026-06-19 01:00:00+00:00,1.14621,1.14634,1.14603,1.14608,880.00000
2026-06-19 01:15:00+00:00,1.14609,1.14618,1.14594,1.14612,804.00000
2026-06-19 01:30:00+00:00,1.14613,1.14613,1.14577,1.14580,759.00000
2026-06-19 01:45:00+00:00,1.14581,1.14583,1.14527,1.14531,546.00000
2026-06-19 02:00:00+00:00,1.14532,1.14543,1.14517,1.14533,632.00000
2026-06-19 02:15:00+00:00,1.14532,1.14575,1.14523,1.14571,510.00000
2026-06-19 02:30:00+00:00,1.14572,1.14579,1.14562,1.14572,526.00000
2026-06-19 02:45:00+00:00,1.14571,1.14572,1.14541,1.14546,384.00000
2026-06-19 03:00:00+00:00,1.14547,1.14547,1.14499,1.14503,491.00000
2026-06-19 03:15:00+00:00,1.14504,1.14505,1.14435,1.14438,972.00000
2026-06-19 03:30:00+00:00,1.14439,1.14465,1.14436,1.14458,834.00000
2026-06-19 03:45:00+00:00,1.14462,1.14462,1.14419,1.14424,598.00000
2026-06-19 04:00:00+00:00,1.14425,1.14429,1.14387,1.14413,920.00000
2026-06-19 04:15:00+00:00,1.14412,1.14413,1.14379,1.14395,642.00000
2026-06-19 04:30:00+00:00,1.14396,1.14435,1.14355,1.14356,806.00000
2026-06-19 04:45:00+00:00,1.14352,1.14353,1.14273,1.14287,806.00000
2026-06-19 05:00:00+00:00,1.14287,1.14291,1.14230,1.14248,1426.00000
2026-06-19 05:15:00+00:00,1.14249,1.14251,1.14177,1.14225,1171.00000
2026-06-19 05:30:00+00:00,1.14226,1.14260,1.14188,1.14231,1144.00000
2026-06-19 05:45:00+00:00,1.14233,1.14338,1.14231,1.14308,1387.00000
2026-06-19 06:00:00+00:00,1.14309,1.14361,1.14303,1.14344,1612.00000
2026-06-19 06:15:00+00:00,1.14343,1.14390,1.14325,1.14370,1286.00000
2026-06-19 06:30:00+00:00,1.14369,1.14376,1.14290,1.14336,1138.00000
2026-06-19 06:45:00+00:00,1.14335,1.14422,1.14326,1.14421,914.00000
2026-06-19 07:00:00+00:00,1.14420,1.14493,1.14419,1.14440,1540.00000
2026-06-19 07:15:00+00:00,1.14442,1.14473,1.14421,1.14460,1273.00000
2026-06-19 07:30:00+00:00,1.14461,1.14488,1.14439,1.14466,1172.00000
2026-06-19 07:45:00+00:00,1.14465,1.14488,1.14448,1.14464,1008.00000
2026-06-19 08:00:00+00:00,1.14466,1.14554,1.14464,1.14499,1355.00000
2026-06-19 08:15:00+00:00,1.14497,1.14603,1.14491,1.14581,1281.00000
2026-06-19 08:30:00+00:00,1.14580,1.14658,1.14573,1.14640,1283.00000
2026-06-19 08:45:00+00:00,1.14641,1.14644,1.14613,1.14643,847.00000
2026-06-19 09:00:00+00:00,1.14644,1.14644,1.14585,1.14617,1108.00000
2026-06-19 09:15:00+00:00,1.14618,1.14635,1.14596,1.14606,816.00000
2026-06-19 09:30:00+00:00,1.14605,1.14647,1.14605,1.14630,990.00000
2026-06-19 09:45:00+00:00,1.14629,1.14631,1.14594,1.14595,944.00000
2026-06-19 10:00:00+00:00,1.14594,1.14621,1.14590,1.14590,792.00000
2026-06-19 10:15:00+00:00,1.14587,1.14596,1.14525,1.14565,994.00000
2026-06-19 10:30:00+00:00,1.14564,1.14596,1.14551,1.14592,829.00000
2026-06-19 10:45:00+00:00,1.14594,1.14634,1.14578,1.14624,1016.00000
2026-06-19 11:00:00+00:00,1.14625,1.14656,1.14614,1.14642,1134.00000
2026-06-19 11:15:00+00:00,1.14643,1.14679,1.14631,1.14631,631.00000
2026-06-19 11:30:00+00:00,1.14632,1.14646,1.14608,1.14646,706.00000
2026-06-19 11:45:00+00:00,1.14651,1.14657,1.14591,1.14611,903.00000
2026-06-19 12:00:00+00:00,1.14613,1.14680,1.14611,1.14664,1223.00000
2026-06-19 12:15:00+00:00,1.14667,1.14674,1.14640,1.14642,802.00000
2026-06-19 12:30:00+00:00,1.14641,1.14662,1.14622,1.14647,1068.00000
2026-06-19 12:45:00+00:00,1.14646,1.14748,1.14644,1.14711,2092.00000
2026-06-19 13:00:00+00:00,1.14713,1.14726,1.14626,1.14626,1494.00000
2026-06-19 13:15:00+00:00,1.14631,1.14647,1.14602,1.14643,948.00000
2026-06-19 13:30:00+00:00,1.14642,1.14651,1.14566,1.14615,1280.00000
2026-06-19 13:45:00+00:00,1.14616,1.14661,1.14612,1.14630,1204.00000
2026-06-19 14:00:00+00:00,1.14629,1.14649,1.14592,1.14594,1459.00000
2026-06-19 14:15:00+00:00,1.14595,1.14620,1.14577,1.14616,973.00000
2026-06-19 14:30:00+00:00,1.14617,1.14666,1.14617,1.14653,1032.00000
2026-06-19 14:45:00+00:00,1.14655,1.14701,1.14624,1.14685,1953.00000
2026-06-19 15:00:00+00:00,1.14686,1.14761,1.14683,1.14701,1447.00000
2026-06-19 15:15:00+00:00,1.14702,1.14722,1.14689,1.14691,616.00000
2026-06-19 15:30:00+00:00,1.14692,1.14692,1.14631,1.14641,600.00000
2026-06-19 15:45:00+00:00,1.14639,1.14666,1.14625,1.14648,512.00000
2026-06-19 16:00:00+00:00,1.14651,1.14661,1.14636,1.14647,420.00000
2026-06-19 16:15:00+00:00,1.14648,1.14691,1.14620,1.14686,460.00000
2026-06-19 16:30:00+00:00,1.14687,1.14689,1.14641,1.14653,436.00000
2026-06-19 16:45:00+00:00,1.14654,1.14694,1.14651,1.14689,386.00000
2026-06-19 17:00:00+00:00,1.14694,1.14720,1.14678,1.14691,854.00000
2026-06-19 17:15:00+00:00,1.14692,1.14705,1.14690,1.14703,901.00000
2026-06-19 17:30:00+00:00,1.14702,1.14756,1.14693,1.14755,799.00000
2026-06-19 17:45:00+00:00,1.14754,1.14765,1.14709,1.14749,1010.00000
2026-06-19 18:00:00+00:00,1.14750,1.14756,1.14738,1.14745,486.00000
2026-06-19 18:15:00+00:00,1.14743,1.14779,1.14743,1.14774,524.00000
2026-06-19 18:30:00+00:00,1.14772,1.14805,1.14769,1.14805,702.00000
2026-06-19 18:45:00+00:00,1.14806,1.14807,1.14750,1.14766,1153.00000
2026-06-19 19:00:00+00:00,1.14764,1.14786,1.14763,1.14774,459.00000
2026-06-19 19:15:00+00:00,1.14774,1.14780,1.14768,1.14777,440.00000
2026-06-19 19:30:00+00:00,1.14779,1.14781,1.14752,1.14754,412.00000
2026-06-19 19:45:00+00:00,1.14753,1.14775,1.14752,1.14757,427.00000
2026-06-19 20:00:00+00:00,1.14758,1.14773,1.14746,1.14767,982.00000
2026-06-19 20:15:00+00:00,1.14767,1.14767,1.14705,1.14725,717.00000
2026-06-19 20:30:00+00:00,1.14725,1.14751,1.14722,1.14737,510.00000
2026-06-19 20:45:00+00:00,1.14736,1.14742,1.14658,1.14678,303.00000
2026-06-21 21:00:00+00:00,1.14657,1.14658,1.14553,1.14591,114.00000
2026-06-21 21:15:00+00:00,1.14589,1.14594,1.14552,1.14589,54.00000
2026-06-21 21:30:00+00:00,1.14596,1.14695,1.14563,1.14663,151.00000
2026-06-21 21:45:00+00:00,1.14653,1.14664,1.14607,1.14612,112.00000
2026-06-21 22:00:00+00:00,1.14611,1.14674,1.14573,1.14633,959.00000
2026-06-21 22:15:00+00:00,1.14636,1.14666,1.14630,1.14637,622.00000
2026-06-21 22:30:00+00:00,1.14638,1.14640,1.14611,1.14619,387.00000
2026-06-21 22:45:00+00:00,1.14621,1.14631,1.14612,1.14621,427.00000
2026-06-21 23:00:00+00:00,1.14622,1.14658,1.14621,1.14644,501.00000
2026-06-21 23:15:00+00:00,1.14645,1.14646,1.14618,1.14633,372.00000
2026-06-21 23:30:00+00:00,1.14629,1.14639,1.14586,1.14592,312.00000
2026-06-21 23:45:00+00:00,1.14590,1.14624,1.14580,1.14624,506.00000
2026-06-22 00:00:00+00:00,1.14626,1.14653,1.14623,1.14634,1166.00000
2026-06-22 00:15:00+00:00,1.14635,1.14649,1.14613,1.14628,864.00000
2026-06-22 00:30:00+00:00,1.14631,1.14633,1.14588,1.14591,572.00000
2026-06-22 00:45:00+00:00,1.14592,1.14667,1.14577,1.14665,1126.00000
2026-06-22 01:00:00+00:00,1.14676,1.14737,1.14673,1.14715,1938.00000
2026-06-22 01:15:00+00:00,1.14714,1.14718,1.14665,1.14684,1280.00000
2026-06-22 01:30:00+00:00,1.14683,1.14684,1.14642,1.14677,914.00000
2026-06-22 01:45:00+00:00,1.14676,1.14687,1.14636,1.14636,1008.00000
2026-06-22 02:00:00+00:00,1.14640,1.14651,1.14618,1.14619,838.00000
2026-06-22 02:15:00+00:00,1.14620,1.14634,1.14602,1.14629,666.00000
2026-06-22 02:30:00+00:00,1.14632,1.14665,1.14630,1.14654,586.00000
2026-06-22 02:45:00+00:00,1.14653,1.14677,1.14644,1.14654,616.00000
2026-06-22 03:00:00+00:00,1.14655,1.14668,1.14628,1.14630,722.00000
2026-06-22 03:15:00+00:00,1.14628,1.14654,1.14623,1.14629,582.00000
2026-06-22 03:30:00+00:00,1.14630,1.14636,1.14582,1.14589,608.00000
2026-06-22 03:45:00+00:00,1.14588,1.14621,1.14544,1.14563,690.00000
2026-06-22 04:00:00+00:00,1.14562,1.14568,1.14528,1.14550,720.00000
2026-06-22 04:15:00+00:00,1.14551,1.14566,1.14539,1.14555,556.00000
2026-06-22 04:30:00+00:00,1.14554,1.14566,1.14546,1.14555,515.00000
2026-06-22 04:45:00+00:00,1.14554,1.14569,1.14532,1.14561,561.00000
2026-06-22 05:00:00+00:00,1.14563,1.14576,1.14549,1.14572,636.00000
2026-06-22 05:15:00+00:00,1.14573,1.14595,1.14564,1.14594,586.00000
2026-06-22 05:30:00+00:00,1.14595,1.14629,1.14587,1.14610,700.00000
2026-06-22 05:45:00+00:00,1.14609,1.14609,1.14543,1.14543,799.00000
2026-06-22 06:00:00+00:00,1.14542,1.14577,1.14527,1.14565,1283.00000
2026-06-22 06:15:00+00:00,1.14564,1.14599,1.14537,1.14582,1042.00000
2026-06-22 06:30:00+00:00,1.14581,1.14587,1.14533,1.14541,1174.00000
2026-06-22 06:45:00+00:00,1.14539,1.14634,1.14524,1.14602,1242.00000
2026-06-22 07:00:00+00:00,1.14601,1.14626,1.14582,1.14594,1472.00000
2026-06-22 07:15:00+00:00,1.14595,1.14611,1.14518,1.14520,1030.00000
2026-06-22 07:30:00+00:00,1.14517,1.14519,1.14446,1.14461,1312.00000
2026-06-22 07:45:00+00:00,1.14460,1.14489,1.14442,1.14458,1102.00000
2026-06-22 08:00:00+00:00,1.14459,1.14471,1.14416,1.14435,1428.00000
2026-06-22 08:15:00+00:00,1.14433,1.14531,1.14419,1.14481,1407.00000
2026-06-22 08:30:00+00:00,1.14480,1.14530,1.14440,1.14473,1457.00000
2026-06-22 08:45:00+00:00,1.14475,1.14514,1.14469,1.14510,990.00000
2026-06-22 09:00:00+00:00,1.14513,1.14632,1.14504,1.14579,1401.00000
2026-06-22 09:15:00+00:00,1.14581,1.14602,1.14558,1.14578,980.00000
2026-06-22 09:30:00+00:00,1.14577,1.14615,1.14553,1.14561,1088.00000
2026-06-22 09:45:00+00:00,1.14565,1.14624,1.14555,1.14579,962.00000
2026-06-22 10:00:00+00:00,1.14581,1.14626,1.14565,1.14615,1144.00000
2026-06-22 10:15:00+00:00,1.14614,1.14616,1.14573,1.14601,982.00000
2026-06-22 10:30:00+00:00,1.14605,1.14605,1.14546,1.14585,952.00000
2026-06-22 10:45:00+00:00,1.14586,1.14597,1.14555,1.14563,896.00000
2026-06-22 11:00:00+00:00,1.14564,1.14602,1.14525,1.14528,1683.00000
2026-06-22 11:15:00+00:00,1.14527,1.14535,1.14494,1.14522,680.00000
2026-06-22 11:30:00+00:00,1.14524,1.14548,1.14510,1.14535,738.00000
2026-06-22 11:45:00+00:00,1.14536,1.14542,1.14475,1.14486,944.00000
2026-06-22 12:00:00+00:00,1.14487,1.14589,1.14478,1.14570,1578.00000
2026-06-22 12:15:00+00:00,1.14568,1.14619,1.14548,1.14598,1122.00000
2026-06-22 12:30:00+00:00,1.14594,1.14619,1.14579,1.14609,1397.00000
2026-06-22 12:45:00+00:00,1.14608,1.14610,1.14549,1.14549,1208.00000
2026-06-22 13:00:00+00:00,1.14550,1.14551,1.14356,1.14447,3604.00000
2026-06-22 13:15:00+00:00,1.14444,1.14444,1.14350,1.14361,1766.00000
2026-06-22 13:30:00+00:00,1.14362,1.14429,1.14337,1.14351,2252.00000
2026-06-22 13:45:00+00:00,1.14349,1.14376,1.14285,1.14287,1752.00000
2026-06-22 14:00:00+00:00,1.14284,1.14393,1.14258,1.14350,3034.00000
2026-06-22 14:15:00+00:00,1.14349,1.14387,1.14294,1.14370,1960.00000
2026-06-22 14:30:00+00:00,1.14371,1.14385,1.14310,1.14360,2328.00000
2026-06-22 14:45:00+00:00,1.14361,1.14505,1.14361,1.14447,3394.00000
2026-06-22 15:00:00+00:00,1.14445,1.14503,1.14443,1.14467,2140.00000
2026-06-22 15:15:00+00:00,1.14468,1.14479,1.14406,1.14414,1524.00000
2026-06-22 15:30:00+00:00,1.14413,1.14419,1.14376,1.14380,1308.00000
2026-06-22 15:45:00+00:00,1.14379,1.14379,1.14304,1.14318,1402.00000
2026-06-22 16:00:00+00:00,1.14320,1.14324,1.14265,1.14281,1376.00000
2026-06-22 16:15:00+00:00,1.14279,1.14302,1.14266,1.14269,1126.00000
2026-06-22 16:30:00+00:00,1.14268,1.14308,1.14253,1.14268,857.00000
2026-06-22 16:45:00+00:00,1.14266,1.14320,1.14259,1.14311,942.00000
2026-06-22 17:00:00+00:00,1.14310,1.14334,1.14297,1.14304,800.00000
2026-06-22 17:15:00+00:00,1.14305,1.14328,1.14297,1.14297,460.00000
2026-06-22 17:30:00+00:00,1.14296,1.14306,1.14272,1.14288,748.00000
2026-06-22 17:45:00+00:00,1.14286,1.14301,1.14283,1.14291,412.00000
2026-06-22 18:00:00+00:00,1.14290,1.14315,1.14285,1.14303,504.00000
2026-06-22 18:15:00+00:00,1.14304,1.14306,1.14269,1.14275,654.00000
2026-06-22 18:30:00+00:00,1.14276,1.14279,1.14245,1.14260,638.00000
2026-06-22 18:45:00+00:00,1.14261,1.14267,1.14231,1.14243,940.00000
2026-06-22 19:00:00+00:00,1.14245,1.14254,1.14230,1.14235,896.00000
2026-06-22 19:15:00+00:00,1.14236,1.14236,1.14211,1.14211,692.00000
2026-06-22 19:30:00+00:00,1.14210,1.14215,1.14190,1.14195,716.00000
2026-06-22 19:45:00+00:00,1.14196,1.14256,1.14190,1.14250,760.00000
2026-06-22 20:00:00+00:00,1.14249,1.14293,1.14246,1.14287,400.00000
2026-06-22 20:15:00+00:00,1.14286,1.14292,1.14267,1.14275,190.00000
2026-06-22 20:30:00+00:00,1.14272,1.14277,1.14265,1.14274,232.00000
2026-06-22 20:45:00+00:00,1.14271,1.14288,1.14260,1.14280,504.00000
2026-06-22 21:00:00+00:00,1.14259,1.14274,1.14189,1.14270,47.00000
2026-06-22 21:15:00+00:00,1.14273,1.14285,1.14269,1.14279,62.00000
2026-06-22 21:30:00+00:00,1.14278,1.14295,1.14250,1.14273,286.00000
2026-06-22 21:45:00+00:00,1.14269,1.14285,1.14263,1.14278,150.00000
2026-06-22 22:00:00+00:00,1.14277,1.14289,1.14275,1.14284,429.00000
2026-06-22 22:15:00+00:00,1.14285,1.14286,1.14262,1.14267,226.00000
2026-06-22 22:30:00+00:00,1.14268,1.14272,1.14255,1.14260,158.00000
2026-06-22 22:45:00+00:00,1.14261,1.14275,1.14261,1.14274,186.00000
2026-06-22 23:00:00+00:00,1.14273,1.14292,1.14273,1.14274,308.00000
2026-06-22 23:15:00+00:00,1.14275,1.14276,1.14260,1.14266,162.00000
2026-06-22 23:30:00+00:00,1.14265,1.14273,1.14263,1.14263,94.00000
2026-06-22 23:45:00+00:00,1.14264,1.14271,1.14255,1.14269,238.00000
2026-06-23 00:00:00+00:00,1.14268,1.14268,1.14225,1.14226,894.00000
2026-06-23 00:15:00+00:00,1.14227,1.14254,1.14225,1.14254,754.00000
2026-06-23 00:30:00+00:00,1.14255,1.14276,1.14244,1.14260,830.00000
2026-06-23 00:45:00+00:00,1.14261,1.14278,1.14255,1.14270,828.00000
2026-06-23 01:00:00+00:00,1.14271,1.14279,1.14234,1.14235,881.00000
2026-06-23 01:15:00+00:00,1.14234,1.14251,1.14225,1.14238,722.00000
2026-06-23 01:30:00+00:00,1.14239,1.14255,1.14224,1.14253,864.00000
2026-06-23 01:45:00+00:00,1.14252,1.14284,1.14235,1.14268,924.00000
2026-06-23 02:00:00+00:00,1.14269,1.14308,1.14265,1.14307,802.00000
2026-06-23 02:15:00+00:00,1.14309,1.14319,1.14297,1.14300,560.00000
2026-06-23 02:30:00+00:00,1.14300,1.14306,1.14287,1.14292,398.00000
2026-06-23 02:45:00+00:00,1.14291,1.14291,1.14255,1.14258,584.00000
2026-06-23 03:00:00+00:00,1.14260,1.14271,1.14224,1.14245,700.00000
2026-06-23 03:15:00+00:00,1.14246,1.14263,1.14186,1.14255,760.00000
2026-06-23 03:30:00+00:00,1.14256,1.14271,1.14240,1.14269,588.00000
2026-06-23 03:45:00+00:00,1.14268,1.14300,1.14260,1.14296,478.00000
2026-06-23 04:00:00+00:00,1.14297,1.14301,1.14274,1.14276,534.00000
2026-06-23 04:15:00+00:00,1.14275,1.14277,1.14246,1.14256,432.00000
2026-06-23 04:30:00+00:00,1.14255,1.14260,1.14236,1.14251,390.00000
2026-06-23 04:45:00+00:00,1.14252,1.14256,1.14197,1.14209,542.00000
2026-06-23 05:00:00+00:00,1.14208,1.14232,1.14190,1.14211,806.00000
2026-06-23 05:15:00+00:00,1.14210,1.14251,1.14210,1.14244,512.00000
2026-06-23 05:30:00+00:00,1.14242,1.14256,1.14213,1.14233,746.00000
2026-06-23 05:45:00+00:00,1.14229,1.14233,1.14194,1.14231,754.00000
2026-06-23 06:00:00+00:00,1.14230,1.14262,1.14219,1.14256,1032.00000
2026-06-23 06:15:00+00:00,1.14255,1.14302,1.14235,1.14267,1167.00000
2026-06-23 06:30:00+00:00,1.14266,1.14287,1.14219,1.14220,1054.00000
2026-06-23 06:45:00+00:00,1.14217,1.14247,1.14194,1.14230,1138.00000
2026-06-23 07:00:00+00:00,1.14228,1.14357,1.14224,1.14305,1942.00000
2026-06-23 07:15:00+00:00,1.14330,1.14391,1.14317,1.14377,1452.00000
2026-06-23 07:30:00+00:00,1.14348,1.14350,1.14121,1.14159,2129.00000
2026-06-23 07:45:00+00:00,1.14160,1.14182,1.14098,1.14118,1616.00000
2026-06-23 08:00:00+00:00,1.14124,1.14176,1.14099,1.14136,1908.00000
2026-06-23 08:15:00+00:00,1.14135,1.14143,1.14048,1.14077,1400.00000
2026-06-23 08:30:00+00:00,1.14075,1.14089,1.14046,1.14066,1466.00000
2026-06-23 08:45:00+00:00,1.14065,1.14094,1.14059,1.14083,1108.00000
2026-06-23 09:00:00+00:00,1.14082,1.14103,1.14060,1.14095,1207.00000
2026-06-23 09:15:00+00:00,1.14091,1.14111,1.14066,1.14096,914.00000
2026-06-23 09:30:00+00:00,1.14095,1.14112,1.14068,1.14083,889.00000
2026-06-23 09:45:00+00:00,1.14082,1.14113,1.14078,1.14110,807.00000
2026-06-23 10:00:00+00:00,1.14111,1.14127,1.14061,1.14078,914.00000
2026-06-23 10:15:00+00:00,1.14077,1.14104,1.14048,1.14051,776.00000
2026-06-23 10:30:00+00:00,1.14049,1.14072,1.14044,1.14048,790.00000
2026-06-23 10:45:00+00:00,1.14047,1.14057,1.13957,1.14006,1468.00000
2026-06-23 11:00:00+00:00,1.14007,1.14024,1.13984,1.14020,1036.00000
2026-06-23 11:15:00+00:00,1.14023,1.14029,1.13950,1.13954,1088.00000
2026-06-23 11:30:00+00:00,1.13959,1.13961,1.13911,1.13936,988.00000
2026-06-23 11:45:00+00:00,1.13937,1.13941,1.13844,1.13857,1116.00000
2026-06-23 12:00:00+00:00,1.13855,1.13946,1.13854,1.13874,1399.00000
2026-06-23 12:15:00+00:00,1.13875,1.13900,1.13827,1.13841,1357.00000
2026-06-23 12:30:00+00:00,1.13842,1.13918,1.13840,1.13866,1451.00000
2026-06-23 12:45:00+00:00,1.13867,1.13910,1.13864,1.13889,1630.00000
2026-06-23 13:00:00+00:00,1.13891,1.13947,1.13857,1.13862,1589.00000
2026-06-23 13:15:00+00:00,1.13863,1.13938,1.13851,1.13910,1464.00000
2026-06-23 13:30:00+00:00,1.13911,1.14001,1.13901,1.13972,2810.00000
2026-06-23 13:45:00+00:00,1.13973,1.13997,1.13888,1.13897,1770.00000
2026-06-23 14:00:00+00:00,1.13896,1.13912,1.13845,1.13845,2364.00000
2026-06-23 14:15:00+00:00,1.13844,1.13858,1.13761,1.13796,1934.00000
2026-06-23 14:30:00+00:00,1.13799,1.13811,1.13766,1.13801,1908.00000
2026-06-23 14:45:00+00:00,1.13800,1.13847,1.13786,1.13820,2196.00000
2026-06-23 15:00:00+00:00,1.13821,1.13840,1.13759,1.13827,1728.00000
2026-06-23 15:15:00+00:00,1.13830,1.13855,1.13803,1.13810,1430.00000
2026-06-23 15:30:00+00:00,1.13809,1.13849,1.13778,1.13789,1394.00000
2026-06-23 15:45:00+00:00,1.13790,1.13830,1.13778,1.13829,951.00000
2026-06-23 16:00:00+00:00,1.13830,1.13838,1.13789,1.13830,1178.00000
2026-06-23 16:15:00+00:00,1.13831,1.13837,1.13799,1.13799,1063.00000
2026-06-23 16:30:00+00:00,1.13798,1.13837,1.13789,1.13837,714.00000
2026-06-23 16:45:00+00:00,1.13836,1.13838,1.13785,1.13795,828.00000
2026-06-23 17:00:00+00:00,1.13794,1.13809,1.13765,1.13799,880.00000
2026-06-23 17:15:00+00:00,1.13800,1.13806,1.13784,1.13786,632.00000
2026-06-23 17:30:00+00:00,1.13787,1.13817,1.13784,1.13812,686.00000
2026-06-23 17:45:00+00:00,1.13811,1.13812,1.13786,1.13795,512.00000
2026-06-23 18:00:00+00:00,1.13796,1.13806,1.13787,1.13800,580.00000
2026-06-23 18:15:00+00:00,1.13799,1.13806,1.13788,1.13788,512.00000
2026-06-23 18:30:00+00:00,1.13787,1.13798,1.13761,1.13764,556.00000
2026-06-23 18:45:00+00:00,1.13763,1.13789,1.13762,1.13787,550.00000
2026-06-23 19:00:00+00:00,1.13788,1.13828,1.13786,1.13820,892.00000
2026-06-23 19:15:00+00:00,1.13821,1.13825,1.13801,1.13814,606.00000
2026-06-23 19:30:00+00:00,1.13818,1.13820,1.13800,1.13805,704.00000
2026-06-23 19:45:00+00:00,1.13806,1.13814,1.13790,1.13790,868.00000
2026-06-23 20:00:00+00:00,1.13791,1.13806,1.13780,1.13797,628.00000
2026-06-23 20:15:00+00:00,1.13798,1.13801,1.13784,1.13797,318.00000
2026-06-23 20:30:00+00:00,1.13795,1.13804,1.13790,1.13801,210.00000
2026-06-23 20:45:00+00:00,1.13802,1.13816,1.13799,1.13815,319.00000
2026-06-23 21:00:00+00:00,1.13831,1.13836,1.13820,1.13836,77.00000
2026-06-23 21:15:00+00:00,1.13837,1.13837,1.13824,1.13831,70.00000
2026-06-23 21:30:00+00:00,1.13832,1.13835,1.13821,1.13832,82.00000
2026-06-23 21:45:00+00:00,1.13832,1.13840,1.13829,1.13833,150.00000
2026-06-23 22:00:00+00:00,1.13832,1.13833,1.13786,1.13805,332.00000
2026-06-23 22:15:00+00:00,1.13806,1.13806,1.13794,1.13795,240.00000
2026-06-23 22:30:00+00:00,1.13798,1.13811,1.13795,1.13810,270.00000
2026-06-23 22:45:00+00:00,1.13812,1.13823,1.13811,1.13814,134.00000
2026-06-23 23:00:00+00:00,1.13815,1.13825,1.13809,1.13815,244.00000
2026-06-23 23:15:00+00:00,1.13816,1.13821,1.13803,1.13803,126.00000
2026-06-23 23:30:00+00:00,1.13802,1.13822,1.13789,1.13822,258.00000
2026-06-23 23:45:00+00:00,1.13820,1.13836,1.13788,1.13790,500.00000
2026-06-24 00:00:00+00:00,1.13789,1.13822,1.13775,1.13784,1260.00000
2026-06-24 00:15:00+00:00,1.13785,1.13793,1.13733,1.13745,1183.00000
2026-06-24 00:30:00+00:00,1.13746,1.13768,1.13734,1.13755,916.00000
2026-06-24 00:45:00+00:00,1.13757,1.13784,1.13754,1.13763,982.00000
2026-06-24 01:00:00+00:00,1.13765,1.13765,1.13713,1.13749,1100.00000
2026-06-24 01:15:00+00:00,1.13748,1.13749,1.13710,1.13718,862.00000
2026-06-24 01:30:00+00:00,1.13717,1.13758,1.13710,1.13744,1192.00000
2026-06-24 01:45:00+00:00,1.13743,1.13770,1.13732,1.13765,706.00000
2026-06-24 02:00:00+00:00,1.13764,1.13769,1.13743,1.13759,656.00000
2026-06-24 02:15:00+00:00,1.13758,1.13767,1.13746,1.13749,668.00000
2026-06-24 02:30:00+00:00,1.13750,1.13766,1.13730,1.13734,632.00000
2026-06-24 02:45:00+00:00,1.13735,1.13735,1.13667,1.13675,708.00000
2026-06-24 03:00:00+00:00,1.13674,1.13685,1.13612,1.13634,1532.00000
2026-06-24 03:15:00+00:00,1.13633,1.13649,1.13614,1.13648,1052.00000
2026-06-24 03:30:00+00:00,1.13652,1.13688,1.13637,1.13678,918.00000
2026-06-24 03:45:00+00:00,1.13679,1.13685,1.13669,1.13673,576.00000
2026-06-24 04:00:00+00:00,1.13675,1.13676,1.13612,1.13629,552.00000
2026-06-24 04:15:00+00:00,1.13630,1.13670,1.13630,1.13643,620.00000
2026-06-24 04:30:00+00:00,1.13644,1.13654,1.13636,1.13642,524.00000
2026-06-24 04:45:00+00:00,1.13641,1.13649,1.13619,1.13630,416.00000
2026-06-24 05:00:00+00:00,1.13632,1.13674,1.13628,1.13665,536.00000
2026-06-24 05:15:00+00:00,1.13664,1.13680,1.13653,1.13664,763.00000
2026-06-24 05:30:00+00:00,1.13663,1.13677,1.13649,1.13649,614.00000
2026-06-24 05:45:00+00:00,1.13650,1.13683,1.13649,1.13681,648.00000
2026-06-24 06:00:00+00:00,1.13680,1.13752,1.13670,1.13739,1070.00000
2026-06-24 06:15:00+00:00,1.13737,1.13737,1.13646,1.13652,1064.00000
2026-06-24 06:30:00+00:00,1.13653,1.13676,1.13639,1.13671,938.00000
2026-06-24 06:45:00+00:00,1.13669,1.13681,1.13576,1.13595,1284.00000
2026-06-24 07:00:00+00:00,1.13593,1.13610,1.13516,1.13537,1618.00000
2026-06-24 07:15:00+00:00,1.13535,1.13571,1.13532,1.13553,1300.00000
2026-06-24 07:30:00+00:00,1.13554,1.13596,1.13522,1.13592,1440.00000
2026-06-24 07:45:00+00:00,1.13591,1.13609,1.13514,1.13515,1192.00000
2026-06-24 08:00:00+00:00,1.13516,1.13560,1.13380,1.13398,1540.00000
2026-06-24 08:15:00+00:00,1.13397,1.13535,1.13391,1.13532,1946.00000
2026-06-24 08:30:00+00:00,1.13531,1.13556,1.13442,1.13504,1303.00000
2026-06-24 08:45:00+00:00,1.13505,1.13550,1.13500,1.13527,1206.00000
2026-06-24 09:00:00+00:00,1.13526,1.13537,1.13446,1.13514,1466.00000
2026-06-24 09:15:00+00:00,1.13513,1.13530,1.13457,1.13476,1006.00000
2026-06-24 09:30:00+00:00,1.13477,1.13493,1.13444,1.13452,1188.00000
2026-06-24 09:45:00+00:00,1.13447,1.13500,1.13446,1.13460,982.00000
2026-06-24 10:00:00+00:00,1.13459,1.13464,1.13401,1.13431,1008.00000
2026-06-24 10:15:00+00:00,1.13430,1.13435,1.13392,1.13408,1025.00000
2026-06-24 10:30:00+00:00,1.13407,1.13454,1.13389,1.13422,1066.00000
2026-06-24 10:45:00+00:00,1.13423,1.13434,1.13385,1.13397,881.00000
2026-06-24 11:00:00+00:00,1.13398,1.13422,1.13370,1.13403,1012.00000
2026-06-24 11:15:00+00:00,1.13404,1.13448,1.13394,1.13439,888.00000
2026-06-24 11:30:00+00:00,1.13440,1.13487,1.13424,1.13443,1458.00000
2026-06-24 11:45:00+00:00,1.13440,1.13489,1.13380,1.13403,1950.00000
2026-06-24 12:00:00+00:00,1.13402,1.13461,1.13381,1.13394,1870.00000
2026-06-24 12:15:00+00:00,1.13396,1.13418,1.13374,1.13385,1318.00000
2026-06-24 12:30:00+00:00,1.13384,1.13390,1.13252,1.13302,2134.00000
2026-06-24 12:45:00+00:00,1.13304,1.13327,1.13263,1.13291,1758.00000
2026-06-24 13:00:00+00:00,1.13292,1.13317,1.13246,1.13259,2008.00000
2026-06-24 13:15:00+00:00,1.13263,1.13386,1.13250,1.13378,1982.00000
2026-06-24 13:30:00+00:00,1.13373,1.13430,1.13370,1.13399,3082.00000
2026-06-24 13:45:00+00:00,1.13400,1.13479,1.13338,1.13443,2836.00000
2026-06-24 14:00:00+00:00,1.13441,1.13522,1.13423,1.13469,2705.00000
2026-06-24 14:15:00+00:00,1.13468,1.13480,1.13390,1.13446,2120.00000
2026-06-24 14:30:00+00:00,1.13445,1.13465,1.13379,1.13421,1766.00000
2026-06-24 14:45:00+00:00,1.13420,1.13436,1.13359,1.13418,2097.00000
2026-06-24 15:00:00+00:00,1.13421,1.13518,1.13401,1.13511,2210.00000
2026-06-24 15:15:00+00:00,1.13513,1.13618,1.13501,1.13554,2067.00000
2026-06-24 15:30:00+00:00,1.13551,1.13555,1.13486,1.13524,1532.00000
2026-06-24 15:45:00+00:00,1.13525,1.13541,1.13466,1.13480,1286.00000
2026-06-24 16:00:00+00:00,1.13483,1.13538,1.13469,1.13519,1334.00000
2026-06-24 16:15:00+00:00,1.13522,1.13616,1.13509,1.13615,1190.00000
2026-06-24 16:30:00+00:00,1.13614,1.13680,1.13592,1.13607,1652.00000
2026-06-24 16:45:00+00:00,1.13609,1.13612,1.13578,1.13595,968.00000
2026-06-24 17:00:00+00:00,1.13596,1.13612,1.13538,1.13549,1268.00000
2026-06-24 17:15:00+00:00,1.13551,1.13557,1.13509,1.13518,1011.00000
2026-06-24 17:30:00+00:00,1.13519,1.13594,1.13516,1.13530,1504.00000
2026-06-24 17:45:00+00:00,1.13527,1.13530,1.13490,1.13496,1210.00000
2026-06-24 18:00:00+00:00,1.13497,1.13550,1.13497,1.13526,1220.00000
2026-06-24 18:15:00+00:00,1.13530,1.13584,1.13524,1.13577,1076.00000
2026-06-24 18:30:00+00:00,1.13579,1.13609,1.13551,1.13553,812.00000
2026-06-24 18:45:00+00:00,1.13551,1.13572,1.13534,1.13550,990.00000
2026-06-24 19:00:00+00:00,1.13552,1.13586,1.13536,1.13536,1166.00000
2026-06-24 19:15:00+00:00,1.13537,1.13549,1.13509,1.13547,908.00000
2026-06-24 19:30:00+00:00,1.13548,1.13567,1.13538,1.13566,762.00000
2026-06-24 19:45:00+00:00,1.13567,1.13576,1.13531,1.13534,952.00000
2026-06-24 20:00:00+00:00,1.13533,1.13563,1.13518,1.13538,711.00000
2026-06-24 20:15:00+00:00,1.13537,1.13580,1.13529,1.13576,478.00000
2026-06-24 20:30:00+00:00,1.13577,1.13596,1.13574,1.13592,550.00000
2026-06-24 20:45:00+00:00,1.13591,1.13604,1.13567,1.13585,839.00000
2026-06-24 21:00:00+00:00,1.13609,1.13623,1.13529,1.13553,102.00000
2026-06-24 21:15:00+00:00,1.13554,1.13575,1.13525,1.13572,132.00000
2026-06-24 21:30:00+00:00,1.13564,1.13567,1.13526,1.13561,286.00000
2026-06-24 21:45:00+00:00,1.13562,1.13598,1.13524,1.13594,469.00000
2026-06-24 22:00:00+00:00,1.13588,1.13598,1.13567,1.13567,363.00000
2026-06-24 22:15:00+00:00,1.13566,1.13566,1.13554,1.13558,130.00000
2026-06-24 22:30:00+00:00,1.13557,1.13574,1.13557,1.13568,254.00000
2026-06-24 22:45:00+00:00,1.13569,1.13569,1.13548,1.13551,132.00000
2026-06-24 23:00:00+00:00,1.13550,1.13551,1.13538,1.13549,210.00000
2026-06-24 23:15:00+00:00,1.13550,1.13563,1.13549,1.13550,198.00000
2026-06-24 23:30:00+00:00,1.13549,1.13562,1.13541,1.13553,118.00000
2026-06-24 23:45:00+00:00,1.13551,1.13561,1.13528,1.13540,222.00000
2026-06-25 00:00:00+00:00,1.13543,1.13551,1.13504,1.13516,860.00000
2026-06-25 00:15:00+00:00,1.13515,1.13523,1.13491,1.13500,642.00000
2026-06-25 00:30:00+00:00,1.13498,1.13501,1.13477,1.13491,472.00000
2026-06-25 00:45:00+00:00,1.13492,1.13542,1.13491,1.13534,692.00000
2026-06-25 01:00:00+00:00,1.13535,1.13614,1.13534,1.13611,1028.00000
2026-06-25 01:15:00+00:00,1.13613,1.13675,1.13605,1.13619,1224.00000
2026-06-25 01:30:00+00:00,1.13620,1.13643,1.13569,1.13610,1286.00000
2026-06-25 01:45:00+00:00,1.13606,1.13610,1.13571,1.13581,916.00000
2026-06-25 02:00:00+00:00,1.13582,1.13614,1.13566,1.13605,979.00000
2026-06-25 02:15:00+00:00,1.13606,1.13651,1.13595,1.13644,804.00000
2026-06-25 02:30:00+00:00,1.13643,1.13656,1.13621,1.13631,734.00000
2026-06-25 02:45:00+00:00,1.13630,1.13639,1.13615,1.13636,626.00000
2026-06-25 03:00:00+00:00,1.13633,1.13668,1.13630,1.13667,862.00000
2026-06-25 03:15:00+00:00,1.13666,1.13676,1.13642,1.13656,804.00000
2026-06-25 03:30:00+00:00,1.13657,1.13680,1.13653,1.13678,432.00000
2026-06-25 03:45:00+00:00,1.13677,1.13711,1.13672,1.13700,588.00000
2026-06-25 04:00:00+00:00,1.13701,1.13706,1.13681,1.13701,648.00000
2026-06-25 04:15:00+00:00,1.13702,1.13709,1.13690,1.13698,406.00000
2026-06-25 04:30:00+00:00,1.13702,1.13703,1.13662,1.13669,282.00000
2026-06-25 04:45:00+00:00,1.13667,1.13682,1.13662,1.13671,256.00000
2026-06-25 05:00:00+00:00,1.13669,1.13681,1.13657,1.13662,610.00000
2026-06-25 05:15:00+00:00,1.13661,1.13668,1.13636,1.13644,582.00000
2026-06-25 05:30:00+00:00,1.13642,1.13657,1.13627,1.13627,710.00000
2026-06-25 05:45:00+00:00,1.13626,1.13643,1.13598,1.13612,782.00000
2026-06-25 06:00:00+00:00,1.13609,1.13641,1.13591,1.13640,831.00000
2026-06-25 06:15:00+00:00,1.13639,1.13650,1.13622,1.13627,1004.00000
2026-06-25 06:30:00+00:00,1.13626,1.13626,1.13544,1.13571,1102.00000
2026-06-25 06:45:00+00:00,1.13570,1.13587,1.13523,1.13529,1034.00000
2026-06-25 07:00:00+00:00,1.13528,1.13605,1.13502,1.13502,1434.00000
2026-06-25 07:15:00+00:00,1.13503,1.13545,1.13446,1.13519,1642.00000
2026-06-25 07:30:00+00:00,1.13523,1.13559,1.13520,1.13542,1190.00000
2026-06-25 07:45:00+00:00,1.13541,1.13595,1.13531,1.13593,1130.00000
2026-06-25 08:00:00+00:00,1.13596,1.13645,1.13589,1.13615,1601.00000
2026-06-25 08:15:00+00:00,1.13616,1.13680,1.13608,1.13678,1336.00000
2026-06-25 08:30:00+00:00,1.13679,1.13725,1.13674,1.13709,1042.00000
2026-06-25 08:45:00+00:00,1.13708,1.13720,1.13665,1.13676,1126.00000
2026-06-25 09:00:00+00:00,1.13680,1.13680,1.13632,1.13659,898.00000
2026-06-25 09:15:00+00:00,1.13658,1.13705,1.13643,1.13698,906.00000
2026-06-25 09:30:00+00:00,1.13697,1.13741,1.13641,1.13641,986.00000
2026-06-25 09:45:00+00:00,1.13642,1.13660,1.13617,1.13617,680.00000
2026-06-25 10:00:00+00:00,1.13616,1.13618,1.13546,1.13566,856.00000
2026-06-25 10:15:00+00:00,1.13565,1.13565,1.13531,1.13547,712.00000
2026-06-25 10:30:00+00:00,1.13542,1.13555,1.13487,1.13489,780.00000
2026-06-25 10:45:00+00:00,1.13486,1.13486,1.13428,1.13458,842.00000
2026-06-25 11:00:00+00:00,1.13459,1.13459,1.13418,1.13442,855.00000
2026-06-25 11:15:00+00:00,1.13441,1.13443,1.13373,1.13374,810.00000
2026-06-25 11:30:00+00:00,1.13372,1.13390,1.13332,1.13373,900.00000
2026-06-25 11:45:00+00:00,1.13374,1.13387,1.13334,1.13376,1201.00000
2026-06-25 12:00:00+00:00,1.13378,1.13423,1.13363,1.13417,1098.00000
2026-06-25 12:15:00+00:00,1.13419,1.13426,1.13385,1.13407,892.00000
2026-06-25 12:30:00+00:00,1.13408,1.13646,1.13408,1.13628,3650.00000
2026-06-25 12:45:00+00:00,1.13629,1.13643,1.13521,1.13535,2372.00000
2026-06-25 13:00:00+00:00,1.13536,1.13578,1.13493,1.13538,2095.00000
2026-06-25 13:15:00+00:00,1.13542,1.13657,1.13533,1.13654,1952.00000
2026-06-25 13:30:00+00:00,1.13652,1.13698,1.13611,1.13616,2406.00000
2026-06-25 13:45:00+00:00,1.13617,1.13686,1.13589,1.13636,3125.00000
2026-06-25 14:00:00+00:00,1.13640,1.13836,1.13629,1.13740,3557.00000
2026-06-25 14:15:00+00:00,1.13741,1.13771,1.13656,1.13716,2568.00000
2026-06-25 14:30:00+00:00,1.13718,1.13793,1.13701,1.13781,2369.00000
2026-06-25 14:45:00+00:00,1.13782,1.13815,1.13740,1.13748,2626.00000
2026-06-25 15:00:00+00:00,1.13749,1.13861,1.13736,1.13761,2748.00000
2026-06-25 15:15:00+00:00,1.13760,1.13879,1.13740,1.13872,2482.00000
2026-06-25 15:30:00+00:00,1.13871,1.13881,1.13801,1.13804,1660.00000
2026-06-25 15:45:00+00:00,1.13803,1.13848,1.13782,1.13843,1733.00000
2026-06-25 16:00:00+00:00,1.13848,1.13857,1.13798,1.13814,1478.00000
2026-06-25 16:15:00+00:00,1.13815,1.13866,1.13809,1.13854,1050.00000
2026-06-25 16:30:00+00:00,1.13855,1.13855,1.13775,1.13778,1040.00000
2026-06-25 16:45:00+00:00,1.13779,1.13780,1.13734,1.13741,1026.00000
2026-06-25 17:00:00+00:00,1.13740,1.13771,1.13732,1.13747,1100.00000
2026-06-25 17:15:00+00:00,1.13746,1.13750,1.13720,1.13738,906.00000
2026-06-25 17:30:00+00:00,1.13740,1.13748,1.13715,1.13731,591.00000
2026-06-25 17:45:00+00:00,1.13733,1.13777,1.13724,1.13742,936.00000
2026-06-25 18:00:00+00:00,1.13743,1.13792,1.13700,1.13788,1702.00000
2026-06-25 18:15:00+00:00,1.13787,1.13806,1.13768,1.13792,908.00000
2026-06-25 18:30:00+00:00,1.13791,1.13791,1.13740,1.13748,1206.00000
2026-06-25 18:45:00+00:00,1.13747,1.13777,1.13726,1.13729,904.00000
2026-06-25 19:00:00+00:00,1.13730,1.13744,1.13709,1.13731,782.00000
2026-06-25 19:15:00+00:00,1.13735,1.13776,1.13729,1.13776,742.00000
2026-06-25 19:30:00+00:00,1.13775,1.13803,1.13725,1.13731,1018.00000
2026-06-25 19:45:00+00:00,1.13730,1.13745,1.13685,1.13727,1042.00000
2026-06-25 20:00:00+00:00,1.13726,1.13745,1.13716,1.13721,532.00000
2026-06-25 20:15:00+00:00,1.13722,1.13734,1.13717,1.13730,260.00000
2026-06-25 20:30:00+00:00,1.13729,1.13733,1.13716,1.13723,210.00000
2026-06-25 20:45:00+00:00,1.13722,1.13722,1.13700,1.13700,384.00000
2026-06-25 21:00:00+00:00,1.13728,1.13736,1.13657,1.13727,148.00000
2026-06-25 21:15:00+00:00,1.13730,1.13741,1.13688,1.13689,94.00000
2026-06-25 21:30:00+00:00,1.13690,1.13720,1.13680,1.13719,170.00000
2026-06-25 21:45:00+00:00,1.13718,1.13743,1.13714,1.13733,207.00000
2026-06-25 22:00:00+00:00,1.13736,1.13737,1.13710,1.13711,376.00000
2026-06-25 22:15:00+00:00,1.13709,1.13718,1.13689,1.13690,276.00000
2026-06-25 22:30:00+00:00,1.13691,1.13708,1.13687,1.13687,355.00000
2026-06-25 22:45:00+00:00,1.13685,1.13699,1.13671,1.13693,463.00000
2026-06-25 23:00:00+00:00,1.13697,1.13706,1.13645,1.13669,711.00000
2026-06-25 23:15:00+00:00,1.13668,1.13668,1.13636,1.13647,438.00000
2026-06-25 23:30:00+00:00,1.13649,1.13651,1.13611,1.13630,396.00000
2026-06-25 23:45:00+00:00,1.13629,1.13634,1.13604,1.13614,438.00000
2026-06-26 00:00:00+00:00,1.13617,1.13638,1.13611,1.13637,1270.00000
2026-06-26 00:15:00+00:00,1.13635,1.13649,1.13622,1.13649,925.00000
2026-06-26 00:30:00+00:00,1.13648,1.13663,1.13633,1.13650,976.00000
2026-06-26 00:45:00+00:00,1.13651,1.13671,1.13631,1.13648,788.00000
2026-06-26 01:00:00+00:00,1.13649,1.13691,1.13646,1.13672,908.00000
2026-06-26 01:15:00+00:00,1.13673,1.13683,1.13644,1.13656,704.00000
2026-06-26 01:30:00+00:00,1.13660,1.13664,1.13578,1.13591,1246.00000
2026-06-26 01:45:00+00:00,1.13590,1.13599,1.13566,1.13597,904.00000
2026-06-26 02:00:00+00:00,1.13598,1.13629,1.13586,1.13587,924.00000
2026-06-26 02:15:00+00:00,1.13586,1.13591,1.13543,1.13556,1068.00000
2026-06-26 02:30:00+00:00,1.13557,1.13603,1.13552,1.13591,756.00000
2026-06-26 02:45:00+00:00,1.13590,1.13600,1.13571,1.13591,814.00000
2026-06-26 03:00:00+00:00,1.13592,1.13648,1.13585,1.13631,956.00000
2026-06-26 03:15:00+00:00,1.13632,1.13646,1.13622,1.13641,595.00000
2026-06-26 03:30:00+00:00,1.13642,1.13676,1.13621,1.13676,757.00000
2026-06-26 03:45:00+00:00,1.13674,1.13717,1.13661,1.13717,892.00000
2026-06-26 04:00:00+00:00,1.13719,1.13730,1.13696,1.13717,786.00000
2026-06-26 04:15:00+00:00,1.13716,1.13749,1.13714,1.13739,830.00000
2026-06-26 04:30:00+00:00,1.13738,1.13740,1.13684,1.13727,708.00000
2026-06-26 04:45:00+00:00,1.13723,1.13772,1.13723,1.13771,614.00000
2026-06-26 05:00:00+00:00,1.13768,1.13779,1.13756,1.13762,636.00000
2026-06-26 05:15:00+00:00,1.13764,1.13786,1.13752,1.13777,664.00000
2026-06-26 05:30:00+00:00,1.13778,1.13800,1.13767,1.13791,1104.00000
2026-06-26 05:45:00+00:00,1.13792,1.13822,1.13777,1.13782,820.00000
2026-06-26 06:00:00+00:00,1.13790,1.13798,1.13729,1.13751,829.00000
2026-06-26 06:15:00+00:00,1.13753,1.13792,1.13741,1.13788,962.00000
2026-06-26 06:30:00+00:00,1.13789,1.13824,1.13765,1.13765,1392.00000
2026-06-26 06:45:00+00:00,1.13764,1.13780,1.13715,1.13752,1014.00000
2026-06-26 07:00:00+00:00,1.13750,1.13784,1.13731,1.13768,1362.00000
2026-06-26 07:15:00+00:00,1.13769,1.13779,1.13744,1.13752,1251.00000
2026-06-26 07:30:00+00:00,1.13751,1.13887,1.13748,1.13857,1282.00000
2026-06-26 07:45:00+00:00,1.13854,1.13887,1.13845,1.13867,966.00000
2026-06-26 08:00:00+00:00,1.13864,1.13978,1.13830,1.13978,2019.00000
2026-06-26 08:15:00+00:00,1.13979,1.14026,1.13944,1.14023,1690.00000
2026-06-26 08:30:00+00:00,1.14022,1.14034,1.13954,1.14031,1289.00000
2026-06-26 08:45:00+00:00,1.14032,1.14076,1.14004,1.14013,1480.00000
2026-06-26 09:00:00+00:00,1.14012,1.14013,1.13954,1.13972,1232.00000
2026-06-26 09:15:00+00:00,1.13971,1.14038,1.13960,1.14033,1112.00000
2026-06-26 09:30:00+00:00,1.14032,1.14074,1.14004,1.14056,1141.00000
2026-06-26 09:45:00+00:00,1.14055,1.14121,1.14052,1.14068,1103.00000
2026-06-26 10:00:00+00:00,1.14069,1.14083,1.14035,1.14049,1158.00000
2026-06-26 10:15:00+00:00,1.14048,1.14069,1.14002,1.14034,1164.00000
2026-06-26 10:30:00+00:00,1.14033,1.14068,1.14022,1.14028,1419.00000
2026-06-26 10:45:00+00:00,1.14029,1.14055,1.14016,1.14048,952.00000
2026-06-26 11:00:00+00:00,1.14049,1.14058,1.14007,1.14021,992.00000
2026-06-26 11:15:00+00:00,1.14019,1.14064,1.14001,1.14059,982.00000
2026-06-26 11:30:00+00:00,1.14058,1.14060,1.13989,1.13997,1042.00000
2026-06-26 11:45:00+00:00,1.13996,1.14002,1.13938,1.13983,1206.00000
2026-06-26 12:00:00+00:00,1.13986,1.14026,1.13975,1.14010,1012.00000
2026-06-26 12:15:00+00:00,1.14011,1.14065,1.13998,1.14044,1416.00000
2026-06-26 12:30:00+00:00,1.14038,1.14096,1.14016,1.14078,1268.00000
2026-06-26 12:45:00+00:00,1.14077,1.14340,1.14063,1.14272,2190.00000
2026-06-26 13:00:00+00:00,1.14274,1.14299,1.14177,1.14198,2530.00000
2026-06-26 13:15:00+00:00,1.14197,1.14234,1.14117,1.14216,2288.00000
2026-06-26 13:30:00+00:00,1.14217,1.14249,1.14198,1.14232,2447.00000
2026-06-26 13:45:00+00:00,1.14231,1.14251,1.14167,1.14251,1792.00000
2026-06-26 14:00:00+00:00,1.14254,1.14284,1.14188,1.14218,2259.00000
2026-06-26 14:15:00+00:00,1.14217,1.14268,1.14173,1.14177,1613.00000
2026-06-26 14:30:00+00:00,1.14178,1.14194,1.14115,1.14159,1570.00000
2026-06-26 14:45:00+00:00,1.14160,1.14187,1.13936,1.13940,2696.00000
2026-06-26 15:00:00+00:00,1.13943,1.14038,1.13922,1.14029,2294.00000
2026-06-26 15:15:00+00:00,1.14031,1.14060,1.14012,1.14047,1242.00000
2026-06-26 15:30:00+00:00,1.14048,1.14067,1.14014,1.14052,1311.00000
2026-06-26 15:45:00+00:00,1.14051,1.14079,1.13950,1.14029,2130.00000
2026-06-26 16:00:00+00:00,1.14030,1.14034,1.13978,1.13994,1141.00000
2026-06-26 16:15:00+00:00,1.13993,1.14001,1.13902,1.13912,1238.00000
2026-06-26 16:30:00+00:00,1.13914,1.13945,1.13831,1.13892,1256.00000
2026-06-26 16:45:00+00:00,1.13891,1.13914,1.13886,1.13899,720.00000
2026-06-26 17:00:00+00:00,1.13900,1.13932,1.13888,1.13915,803.00000
2026-06-26 17:15:00+00:00,1.13916,1.13923,1.13886,1.13887,870.00000
2026-06-26 17:30:00+00:00,1.13888,1.13900,1.13847,1.13889,950.00000
2026-06-26 17:45:00+00:00,1.13890,1.13897,1.13855,1.13864,444.00000
2026-06-26 18:00:00+00:00,1.13868,1.13912,1.13853,1.13899,832.00000
2026-06-26 18:15:00+00:00,1.13898,1.13904,1.13873,1.13894,498.00000
2026-06-26 18:30:00+00:00,1.13895,1.13913,1.13888,1.13898,380.00000
2026-06-26 18:45:00+00:00,1.13894,1.13904,1.13857,1.13859,592.00000
2026-06-26 19:00:00+00:00,1.13858,1.13871,1.13850,1.13862,559.00000
2026-06-26 19:15:00+00:00,1.13855,1.13855,1.13812,1.13818,576.00000
2026-06-26 19:30:00+00:00,1.13815,1.13840,1.13809,1.13823,518.00000
2026-06-26 19:45:00+00:00,1.13821,1.13893,1.13817,1.13871,764.00000
2026-06-26 20:00:00+00:00,1.13874,1.13888,1.13853,1.13884,618.00000
2026-06-26 20:15:00+00:00,1.13885,1.13917,1.13884,1.13898,389.00000
2026-06-26 20:30:00+00:00,1.13902,1.13920,1.13832,1.13866,1035.00000
2026-06-26 20:45:00+00:00,1.13865,1.13874,1.13800,1.13856,918.00000
2026-06-28 21:00:00+00:00,1.13884,1.13899,1.13819,1.13840,106.00000
2026-06-28 21:15:00+00:00,1.13836,1.13861,1.13832,1.13861,21.00000
2026-06-28 21:30:00+00:00,1.13864,1.13915,1.13809,1.13837,208.00000
2026-06-28 21:45:00+00:00,1.13809,1.13848,1.13808,1.13843,54.00000
2026-06-28 22:00:00+00:00,1.13834,1.13866,1.13809,1.13836,422.00000
2026-06-28 22:15:00+00:00,1.13834,1.13843,1.13824,1.13834,234.00000
2026-06-28 22:30:00+00:00,1.13833,1.13859,1.13833,1.13855,178.00000
2026-06-28 22:45:00+00:00,1.13854,1.13863,1.13850,1.13854,212.00000
2026-06-28 23:00:00+00:00,1.13855,1.13870,1.13854,1.13858,328.00000
2026-06-28 23:15:00+00:00,1.13855,1.13859,1.13847,1.13851,186.00000
2026-06-28 23:30:00+00:00,1.13852,1.13852,1.13823,1.13842,242.00000
2026-06-28 23:45:00+00:00,1.13844,1.13865,1.13840,1.13853,410.00000
2026-06-29 00:00:00+00:00,1.13849,1.13885,1.13834,1.13861,1438.00000
2026-06-29 00:15:00+00:00,1.13862,1.13871,1.13843,1.13848,1135.00000
2026-06-29 00:30:00+00:00,1.13849,1.13883,1.13840,1.13878,933.00000
2026-06-29 00:45:00+00:00,1.13877,1.13893,1.13849,1.13876,974.00000
2026-06-29 01:00:00+00:00,1.13879,1.13897,1.13846,1.13868,1100.00000
2026-06-29 01:15:00+00:00,1.13867,1.13899,1.13857,1.13887,1004.00000
2026-06-29 01:30:00+00:00,1.13888,1.13909,1.13878,1.13896,1114.00000
2026-06-29 01:45:00+00:00,1.13898,1.13898,1.13846,1.13853,980.00000
2026-06-29 02:00:00+00:00,1.13854,1.13876,1.13848,1.13872,966.00000
2026-06-29 02:15:00+00:00,1.13873,1.13934,1.13872,1.13930,952.00000
2026-06-29 02:30:00+00:00,1.13929,1.13930,1.13888,1.13895,750.00000
2026-06-29 02:45:00+00:00,1.13896,1.13896,1.13876,1.13878,620.00000
2026-06-29 03:00:00+00:00,1.13879,1.13901,1.13877,1.13892,497.00000
2026-06-29 03:15:00+00:00,1.13891,1.13892,1.13867,1.13882,400.00000
2026-06-29 03:30:00+00:00,1.13885,1.13902,1.13866,1.13871,532.00000
2026-06-29 03:45:00+00:00,1.13872,1.13874,1.13832,1.13832,522.00000
2026-06-29 04:00:00+00:00,1.13831,1.13849,1.13823,1.13828,475.00000
2026-06-29 04:15:00+00:00,1.13827,1.13839,1.13811,1.13837,398.00000
2026-06-29 04:30:00+00:00,1.13838,1.13853,1.13834,1.13840,446.00000
2026-06-29 04:45:00+00:00,1.13839,1.13847,1.13812,1.13827,524.00000
2026-06-29 05:00:00+00:00,1.13828,1.13873,1.13826,1.13871,824.00000
2026-06-29 05:15:00+00:00,1.13869,1.13873,1.13847,1.13869,582.00000
2026-06-29 05:30:00+00:00,1.13868,1.13923,1.13868,1.13911,956.00000
2026-06-29 05:45:00+00:00,1.13909,1.13953,1.13909,1.13946,762.00000
2026-06-29 06:00:00+00:00,1.13945,1.13957,1.13929,1.13953,1244.00000
2026-06-29 06:15:00+00:00,1.13954,1.13980,1.13941,1.13976,871.00000
2026-06-29 06:30:00+00:00,1.13975,1.14025,1.13968,1.14008,966.00000
2026-06-29 06:45:00+00:00,1.14007,1.14150,1.14001,1.14124,1687.00000
2026-06-29 07:00:00+00:00,1.14123,1.14132,1.14049,1.14063,1564.00000
2026-06-29 07:15:00+00:00,1.14066,1.14100,1.14056,1.14082,1319.00000
2026-06-29 07:30:00+00:00,1.14083,1.14110,1.14063,1.14065,1008.00000
2026-06-29 07:45:00+00:00,1.14067,1.14079,1.14002,1.14025,1312.00000
2026-06-29 08:00:00+00:00,1.14029,1.14074,1.14017,1.14020,1250.00000
2026-06-29 08:15:00+00:00,1.14019,1.14029,1.13976,1.14017,1186.00000
2026-06-29 08:30:00+00:00,1.14017,1.14054,1.13981,1.13989,1010.00000
2026-06-29 08:45:00+00:00,1.13988,1.13989,1.13926,1.13959,911.00000
2026-06-29 09:00:00+00:00,1.13962,1.13998,1.13944,1.13984,1050.00000
2026-06-29 09:15:00+00:00,1.13983,1.14025,1.13975,1.14001,1102.00000
2026-06-29 09:30:00+00:00,1.14002,1.14027,1.13969,1.13987,1109.00000
2026-06-29 09:45:00+00:00,1.13986,1.14039,1.13968,1.14034,970.00000
2026-06-29 10:00:00+00:00,1.14032,1.14053,1.14019,1.14020,806.00000
2026-06-29 10:15:00+00:00,1.14019,1.14025,1.13995,1.14016,588.00000
2026-06-29 10:30:00+00:00,1.14024,1.14032,1.13998,1.14011,774.00000
2026-06-29 10:45:00+00:00,1.14007,1.14056,1.13999,1.14045,1186.00000
2026-06-29 11:00:00+00:00,1.14044,1.14078,1.14041,1.14058,1192.00000
2026-06-29 11:15:00+00:00,1.14057,1.14064,1.14021,1.14030,862.00000
2026-06-29 11:30:00+00:00,1.14029,1.14062,1.13989,1.13997,1074.00000
2026-06-29 11:45:00+00:00,1.13998,1.14117,1.13990,1.14089,1315.00000
2026-06-29 12:00:00+00:00,1.14090,1.14090,1.14049,1.14066,1020.00000
2026-06-29 12:15:00+00:00,1.14065,1.14074,1.14006,1.14033,1130.00000
2026-06-29 12:30:00+00:00,1.14032,1.14066,1.14008,1.14039,1088.00000
2026-06-29 12:45:00+00:00,1.14040,1.14042,1.14006,1.14026,1154.00000
2026-06-29 13:00:00+00:00,1.14029,1.14054,1.14023,1.14038,1040.00000
2026-06-29 13:15:00+00:00,1.14033,1.14053,1.14006,1.14048,1116.00000
2026-06-29 13:30:00+00:00,1.14049,1.14075,1.14014,1.14045,1694.00000
2026-06-29 13:45:00+00:00,1.14044,1.14122,1.14032,1.14100,1765.00000
2026-06-29 14:00:00+00:00,1.14104,1.14147,1.14069,1.14099,2239.00000
2026-06-29 14:15:00+00:00,1.14100,1.14205,1.14045,1.14152,3060.00000
2026-06-29 14:30:00+00:00,1.14151,1.14223,1.14130,1.14142,1754.00000
2026-06-29 14:45:00+00:00,1.14146,1.14233,1.14116,1.14220,2450.00000
2026-06-29 15:00:00+00:00,1.14221,1.14223,1.14165,1.14190,1682.00000
2026-06-29 15:15:00+00:00,1.14191,1.14240,1.14191,1.14225,1126.00000
2026-06-29 15:30:00+00:00,1.14226,1.14244,1.14189,1.14211,1448.00000
2026-06-29 15:45:00+00:00,1.14208,1.14250,1.14207,1.14237,1339.00000
2026-06-29 16:00:00+00:00,1.14240,1.14278,1.14236,1.14240,1071.00000
2026-06-29 16:15:00+00:00,1.14241,1.14263,1.14233,1.14235,558.00000
2026-06-29 16:30:00+00:00,1.14236,1.14267,1.14236,1.14264,546.00000
2026-06-29 16:45:00+00:00,1.14262,1.14307,1.14253,1.14258,906.00000
2026-06-29 17:00:00+00:00,1.14256,1.14273,1.14245,1.14269,565.00000
2026-06-29 17:15:00+00:00,1.14270,1.14271,1.14214,1.14225,806.00000
2026-06-29 17:30:00+00:00,1.14224,1.14261,1.14218,1.14242,780.00000
2026-06-29 17:45:00+00:00,1.14241,1.14281,1.14225,1.14267,758.00000
2026-06-29 18:00:00+00:00,1.14268,1.14291,1.14256,1.14290,926.00000
2026-06-29 18:15:00+00:00,1.14289,1.14289,1.14271,1.14276,608.00000
2026-06-29 18:30:00+00:00,1.14277,1.14286,1.14267,1.14282,636.00000
2026-06-29 18:45:00+00:00,1.14281,1.14287,1.14250,1.14256,678.00000
2026-06-29 19:00:00+00:00,1.14255,1.14268,1.14222,1.14229,790.00000
2026-06-29 19:15:00+00:00,1.14231,1.14261,1.14229,1.14255,492.00000
2026-06-29 19:30:00+00:00,1.14256,1.14262,1.14242,1.14256,514.00000
2026-06-29 19:45:00+00:00,1.14257,1.14269,1.14247,1.14257,740.00000
2026-06-29 20:00:00+00:00,1.14258,1.14274,1.14246,1.14261,442.00000
2026-06-29 20:15:00+00:00,1.14262,1.14268,1.14258,1.14264,154.00000
2026-06-29 20:30:00+00:00,1.14263,1.14263,1.14220,1.14234,252.00000
2026-06-29 20:45:00+00:00,1.14236,1.14242,1.14230,1.14241,266.00000
2026-06-29 21:00:00+00:00,1.14224,1.14246,1.14217,1.14238,94.00000
2026-06-29 21:15:00+00:00,1.14237,1.14262,1.14236,1.14260,84.00000
2026-06-29 21:30:00+00:00,1.14262,1.14262,1.14245,1.14259,54.00000
2026-06-29 21:45:00+00:00,1.14258,1.14262,1.14244,1.14245,106.00000
2026-06-29 22:00:00+00:00,1.14250,1.14258,1.14226,1.14249,537.00000
2026-06-29 22:15:00+00:00,1.14247,1.14255,1.14239,1.14243,138.00000
2026-06-29 22:30:00+00:00,1.14242,1.14244,1.14224,1.14229,188.00000
2026-06-29 22:45:00+00:00,1.14230,1.14254,1.14229,1.14250,158.00000
2026-06-29 23:00:00+00:00,1.14248,1.14253,1.14240,1.14242,199.00000
2026-06-29 23:15:00+00:00,1.14243,1.14250,1.14232,1.14232,114.00000
2026-06-29 23:30:00+00:00,1.14231,1.14238,1.14216,1.14218,172.00000
2026-06-29 23:45:00+00:00,1.14217,1.14221,1.14190,1.14191,244.00000
2026-06-30 00:00:00+00:00,1.14193,1.14205,1.14167,1.14167,1324.00000
2026-06-30 00:15:00+00:00,1.14168,1.14171,1.14136,1.14145,596.00000
2026-06-30 00:30:00+00:00,1.14146,1.14166,1.14136,1.14137,586.00000
2026-06-30 00:45:00+00:00,1.14138,1.14169,1.14125,1.14163,1502.00000
2026-06-30 01:00:00+00:00,1.14164,1.14173,1.14060,1.14065,1378.00000
2026-06-30 01:15:00+00:00,1.14064,1.14156,1.14063,1.14149,1196.00000
2026-06-30 01:30:00+00:00,1.14147,1.14162,1.14062,1.14064,1226.00000
2026-06-30 01:45:00+00:00,1.14062,1.14081,1.14020,1.14041,1110.00000
2026-06-30 02:00:00+00:00,1.14042,1.14060,1.14034,1.14036,778.00000
2026-06-30 02:15:00+00:00,1.14037,1.14057,1.14024,1.14036,628.00000
2026-06-30 02:30:00+00:00,1.14034,1.14065,1.14033,1.14047,444.00000
2026-06-30 02:45:00+00:00,1.14048,1.14055,1.14017,1.14036,552.00000
2026-06-30 03:00:00+00:00,1.14037,1.14052,1.14017,1.14019,628.00000
2026-06-30 03:15:00+00:00,1.14018,1.14031,1.13985,1.13991,798.00000
2026-06-30 03:30:00+00:00,1.13992,1.14000,1.13969,1.13973,514.00000
2026-06-30 03:45:00+00:00,1.13974,1.13996,1.13973,1.13985,394.00000
2026-06-30 04:00:00+00:00,1.13983,1.13990,1.13971,1.13979,298.00000
2026-06-30 04:15:00+00:00,1.13980,1.13983,1.13953,1.13964,314.00000
2026-06-30 04:30:00+00:00,1.13962,1.13991,1.13961,1.13983,432.00000
2026-06-30 04:45:00+00:00,1.13982,1.13982,1.13890,1.13891,888.00000
2026-06-30 05:00:00+00:00,1.13893,1.13914,1.13865,1.13901,1372.00000
2026-06-30 05:15:00+00:00,1.13902,1.13926,1.13899,1.13911,628.00000
2026-06-30 05:30:00+00:00,1.13911,1.13926,1.13909,1.13917,509.00000
2026-06-30 05:45:00+00:00,1.13914,1.13927,1.13826,1.13847,1107.00000
2026-06-30 06:00:00+00:00,1.13845,1.13896,1.13836,1.13886,1528.00000
2026-06-30 06:15:00+00:00,1.13887,1.13985,1.13882,1.13973,1433.00000
2026-06-30 06:30:00+00:00,1.13972,1.14003,1.13966,1.13988,1334.00000
2026-06-30 06:45:00+00:00,1.13983,1.14038,1.13952,1.14030,1301.00000
2026-06-30 07:00:00+00:00,1.14032,1.14066,1.14013,1.14048,1507.00000
2026-06-30 07:15:00+00:00,1.14047,1.14094,1.14037,1.14064,928.00000
2026-06-30 07:30:00+00:00,1.14066,1.14076,1.14037,1.14059,844.00000
2026-06-30 07:45:00+00:00,1.14058,1.14064,1.13971,1.13988,1140.00000
2026-06-30 08:00:00+00:00,1.13980,1.13996,1.13882,1.13899,2362.00000
2026-06-30 08:15:00+00:00,1.13898,1.13936,1.13882,1.13926,1232.00000
2026-06-30 08:30:00+00:00,1.13927,1.13931,1.13841,1.13871,1536.00000
2026-06-30 08:45:00+00:00,1.13872,1.13936,1.13836,1.13936,1451.00000
2026-06-30 09:00:00+00:00,1.13935,1.13968,1.13899,1.13936,1268.00000
2026-06-30 09:15:00+00:00,1.13932,1.13949,1.13917,1.13923,973.00000
2026-06-30 09:30:00+00:00,1.13927,1.13946,1.13892,1.13943,989.00000
2026-06-30 09:45:00+00:00,1.13944,1.13985,1.13934,1.13972,932.00000
2026-06-30 10:00:00+00:00,1.13973,1.13980,1.13931,1.13949,848.00000
2026-06-30 10:15:00+00:00,1.13948,1.13967,1.13926,1.13953,732.00000
2026-06-30 10:30:00+00:00,1.13952,1.14009,1.13926,1.13995,936.00000
2026-06-30 10:45:00+00:00,1.13993,1.14024,1.13976,1.14019,916.00000
2026-06-30 11:00:00+00:00,1.14021,1.14028,1.13981,1.13992,900.00000
2026-06-30 11:15:00+00:00,1.13993,1.14013,1.13950,1.13967,1166.00000
2026-06-30 11:30:00+00:00,1.13968,1.13985,1.13864,1.13970,1385.00000
2026-06-30 11:45:00+00:00,1.13972,1.13972,1.13926,1.13930,1012.00000
2026-06-30 12:00:00+00:00,1.13931,1.13966,1.13894,1.13959,1082.00000
2026-06-30 12:15:00+00:00,1.13960,1.13964,1.13886,1.13912,1132.00000
2026-06-30 12:30:00+00:00,1.13913,1.13989,1.13894,1.13982,2006.00000
2026-06-30 12:45:00+00:00,1.13983,1.14029,1.13933,1.13960,1393.00000
2026-06-30 13:00:00+00:00,1.13961,1.14027,1.13939,1.13998,1159.00000
2026-06-30 13:15:00+00:00,1.13999,1.14070,1.13996,1.14018,1224.00000
2026-06-30 13:30:00+00:00,1.14021,1.14037,1.13970,1.14010,1382.00000
2026-06-30 13:45:00+00:00,1.14012,1.14016,1.13961,1.13967,1731.00000
2026-06-30 14:00:00+00:00,1.13969,1.14068,1.13911,1.14067,2666.00000
2026-06-30 14:15:00+00:00,1.14064,1.14159,1.14062,1.14131,2551.00000
2026-06-30 14:30:00+00:00,1.14129,1.14198,1.14088,1.14191,2684.00000
2026-06-30 14:45:00+00:00,1.14190,1.14349,1.14160,1.14330,4803.00000
2026-06-30 15:00:00+00:00,1.14329,1.14367,1.14255,1.14260,3037.00000
2026-06-30 15:15:00+00:00,1.14259,1.14269,1.14216,1.14216,1594.00000
2026-06-30 15:30:00+00:00,1.14217,1.14260,1.14181,1.14181,1412.00000
2026-06-30 15:45:00+00:00,1.14183,1.14207,1.14151,1.14170,1244.00000
2026-06-30 16:00:00+00:00,1.14171,1.14179,1.14122,1.14151,1066.00000
2026-06-30 16:15:00+00:00,1.14150,1.14162,1.14123,1.14148,872.00000
2026-06-30 16:30:00+00:00,1.14149,1.14173,1.14132,1.14164,988.00000
2026-06-30 16:45:00+00:00,1.14162,1.14182,1.14124,1.14142,850.00000
2026-06-30 17:00:00+00:00,1.14145,1.14193,1.14144,1.14145,752.00000
2026-06-30 17:15:00+00:00,1.14146,1.14191,1.14146,1.14187,667.00000
2026-06-30 17:30:00+00:00,1.14186,1.14194,1.14169,1.14189,554.00000
2026-06-30 17:45:00+00:00,1.14188,1.14223,1.14186,1.14215,626.00000
2026-06-30 18:00:00+00:00,1.14216,1.14270,1.14214,1.14264,756.00000
2026-06-30 18:15:00+00:00,1.14265,1.14270,1.14239,1.14260,632.00000
2026-06-30 18:30:00+00:00,1.14258,1.14268,1.14204,1.14209,700.00000
2026-06-30 18:45:00+00:00,1.14210,1.14264,1.14194,1.14205,824.00000
2026-06-30 19:00:00+00:00,1.14196,1.14224,1.14196,1.14208,928.00000
2026-06-30 19:15:00+00:00,1.14207,1.14221,1.14159,1.14161,710.00000
2026-06-30 19:30:00+00:00,1.14158,1.14191,1.14155,1.14181,700.00000
2026-06-30 19:45:00+00:00,1.14180,1.14266,1.14171,1.14266,1054.00000
2026-06-30 20:00:00+00:00,1.14267,1.14274,1.14250,1.14254,620.00000
2026-06-30 20:15:00+00:00,1.14255,1.14262,1.14239,1.14246,276.00000
2026-06-30 20:30:00+00:00,1.14247,1.14249,1.14225,1.14235,174.00000
2026-06-30 20:45:00+00:00,1.14234,1.14234,1.14206,1.14218,368.00000
2026-06-30 21:00:00+00:00,1.14204,1.14224,1.14204,1.14219,28.00000
2026-06-30 21:15:00+00:00,1.14223,1.14224,1.14172,1.14211,134.00000
2026-06-30 21:30:00+00:00,1.14210,1.14223,1.14201,1.14223,139.00000
2026-06-30 21:45:00+00:00,1.14221,1.14234,1.14196,1.14225,245.00000
2026-06-30 22:00:00+00:00,1.14220,1.14229,1.14207,1.14214,198.00000
2026-06-30 22:15:00+00:00,1.14215,1.14221,1.14208,1.14211,258.00000
2026-06-30 22:30:00+00:00,1.14210,1.14215,1.14207,1.14211,94.00000
2026-06-30 22:45:00+00:00,1.14212,1.14212,1.14185,1.14200,171.00000
2026-06-30 23:00:00+00:00,1.14201,1.14202,1.14188,1.14191,232.00000
2026-06-30 23:15:00+00:00,1.14190,1.14193,1.14166,1.14169,176.00000
2026-06-30 23:30:00+00:00,1.14168,1.14183,1.14148,1.14149,222.00000
2026-06-30 23:45:00+00:00,1.14150,1.14151,1.14125,1.14130,324.00000
2026-07-01 00:00:00+00:00,1.14128,1.14141,1.14119,1.14131,709.00000
2026-07-01 00:15:00+00:00,1.14129,1.14137,1.14100,1.14129,728.00000
2026-07-01 00:30:00+00:00,1.14128,1.14132,1.14095,1.14096,636.00000
2026-07-01 00:45:00+00:00,1.14097,1.14108,1.14086,1.14095,930.00000
2026-07-01 01:00:00+00:00,1.14096,1.14096,1.14047,1.14052,1002.00000
2026-07-01 01:15:00+00:00,1.14054,1.14084,1.14051,1.14066,926.00000
2026-07-01 01:30:00+00:00,1.14067,1.14068,1.14047,1.14061,743.00000
2026-07-01 01:45:00+00:00,1.14065,1.14073,1.14027,1.14044,768.00000
2026-07-01 02:00:00+00:00,1.14045,1.14068,1.14036,1.14066,824.00000
2026-07-01 02:15:00+00:00,1.14067,1.14081,1.14039,1.14042,816.00000
2026-07-01 02:30:00+00:00,1.14041,1.14063,1.14027,1.14055,688.00000
2026-07-01 02:45:00+00:00,1.14057,1.14072,1.14048,1.14056,602.00000
2026-07-01 03:00:00+00:00,1.14055,1.14083,1.14053,1.14072,586.00000
2026-07-01 03:15:00+00:00,1.14071,1.14075,1.14045,1.14052,474.00000
2026-07-01 03:30:00+00:00,1.14053,1.14058,1.14018,1.14021,576.00000
2026-07-01 03:45:00+00:00,1.14021,1.14043,1.14020,1.14042,370.00000
2026-07-01 04:00:00+00:00,1.14043,1.14048,1.14026,1.14048,340.00000
2026-07-01 04:15:00+00:00,1.14047,1.14048,1.14030,1.14047,382.00000
2026-07-01 04:30:00+00:00,1.14048,1.14088,1.14046,1.14081,826.00000
2026-07-01 04:45:00+00:00,1.14082,1.14108,1.14082,1.14086,504.00000
2026-07-01 05:00:00+00:00,1.14085,1.14098,1.14074,1.14091,498.00000
2026-07-01 05:15:00+00:00,1.14087,1.14104,1.14081,1.14098,528.00000
2026-07-01 05:30:00+00:00,1.14097,1.14106,1.14076,1.14101,616.00000
2026-07-01 05:45:00+00:00,1.14102,1.14102,1.14030,1.14057,901.00000
2026-07-01 06:00:00+00:00,1.14058,1.14096,1.14017,1.14025,1244.00000
2026-07-01 06:15:00+00:00,1.14024,1.14048,1.14019,1.14024,913.00000
2026-07-01 06:30:00+00:00,1.14026,1.14049,1.14004,1.14019,881.00000
2026-07-01 06:45:00+00:00,1.14017,1.14042,1.14016,1.14030,834.00000
2026-07-01 07:00:00+00:00,1.14029,1.14043,1.13962,1.13968,1830.00000
2026-07-01 07:15:00+00:00,1.13967,1.13973,1.13932,1.13932,989.00000
2026-07-01 07:30:00+00:00,1.13933,1.13999,1.13931,1.13987,960.00000
2026-07-01 07:45:00+00:00,1.13984,1.14037,1.13972,1.14021,1036.00000
2026-07-01 08:00:00+00:00,1.14020,1.14023,1.13994,1.14003,958.00000
2026-07-01 08:15:00+00:00,1.14002,1.14038,1.13955,1.13962,1054.00000
2026-07-01 08:30:00+00:00,1.13961,1.14003,1.13941,1.13997,984.00000
2026-07-01 08:45:00+00:00,1.13996,1.14018,1.13949,1.13966,888.00000
2026-07-01 09:00:00+00:00,1.13965,1.13996,1.13940,1.13978,1272.00000
2026-07-01 09:15:00+00:00,1.13976,1.13976,1.13920,1.13924,988.00000
2026-07-01 09:30:00+00:00,1.13922,1.13922,1.13868,1.13891,1042.00000
2026-07-01 09:45:00+00:00,1.13892,1.13895,1.13853,1.13879,835.00000
2026-07-01 10:00:00+00:00,1.13878,1.13895,1.13862,1.13894,744.00000
2026-07-01 10:15:00+00:00,1.13893,1.13946,1.13893,1.13946,800.00000
2026-07-01 10:30:00+00:00,1.13945,1.13978,1.13941,1.13961,794.00000
2026-07-01 10:45:00+00:00,1.13960,1.14004,1.13960,1.13982,632.00000
2026-07-01 11:00:00+00:00,1.13980,1.13990,1.13919,1.13936,859.00000
2026-07-01 11:15:00+00:00,1.13936,1.13952,1.13926,1.13951,991.00000
2026-07-01 11:30:00+00:00,1.13952,1.13961,1.13932,1.13953,980.00000
2026-07-01 11:45:00+00:00,1.13952,1.13952,1.13849,1.13855,1466.00000
2026-07-01 12:00:00+00:00,1.13856,1.13879,1.13800,1.13827,1504.00000
2026-07-01 12:15:00+00:00,1.13826,1.13873,1.13810,1.13811,1402.00000
2026-07-01 12:30:00+00:00,1.13812,1.13837,1.13691,1.13733,2061.00000
2026-07-01 12:45:00+00:00,1.13732,1.13753,1.13704,1.13710,1550.00000
2026-07-01 13:00:00+00:00,1.13711,1.13750,1.13618,1.13620,2701.00000
2026-07-01 13:15:00+00:00,1.13619,1.13874,1.13619,1.13855,4023.00000
2026-07-01 13:30:00+00:00,1.13857,1.14049,1.13835,1.14046,4690.00000
2026-07-01 13:45:00+00:00,1.14045,1.14118,1.13924,1.13953,3670.00000
2026-07-01 14:00:00+00:00,1.13986,1.14055,1.13917,1.14001,3333.00000
2026-07-01 14:15:00+00:00,1.14002,1.14003,1.13901,1.13917,2716.00000
2026-07-01 14:30:00+00:00,1.13918,1.14015,1.13906,1.13945,2572.00000
2026-07-01 14:45:00+00:00,1.13957,1.13988,1.13847,1.13955,3064.00000
2026-07-01 15:00:00+00:00,1.13954,1.13961,1.13859,1.13872,2662.00000
2026-07-01 15:15:00+00:00,1.13871,1.13929,1.13843,1.13924,1762.00000
2026-07-01 15:30:00+00:00,1.13923,1.13943,1.13789,1.13804,2291.00000
2026-07-01 15:45:00+00:00,1.13803,1.13874,1.13796,1.13838,1526.00000
2026-07-01 16:00:00+00:00,1.13842,1.13941,1.13837,1.13877,1690.00000
2026-07-01 16:15:00+00:00,1.13876,1.13893,1.13832,1.13856,1731.00000
2026-07-01 16:30:00+00:00,1.13857,1.13857,1.13807,1.13814,1131.00000
2026-07-01 16:45:00+00:00,1.13813,1.13841,1.13799,1.13823,1411.00000
2026-07-01 17:00:00+00:00,1.13824,1.13850,1.13800,1.13801,1336.00000
2026-07-01 17:15:00+00:00,1.13800,1.13859,1.13790,1.13848,1026.00000
2026-07-01 17:30:00+00:00,1.13849,1.13860,1.13801,1.13802,848.00000
2026-07-01 17:45:00+00:00,1.13801,1.13827,1.13798,1.13810,782.00000
2026-07-01 18:00:00+00:00,1.13812,1.13829,1.13778,1.13789,868.00000
2026-07-01 18:15:00+00:00,1.13786,1.13786,1.13753,1.13773,655.00000
2026-07-01 18:30:00+00:00,1.13774,1.13798,1.13763,1.13796,694.00000
2026-07-01 18:45:00+00:00,1.13795,1.13804,1.13777,1.13798,836.00000
2026-07-01 19:00:00+00:00,1.13797,1.13817,1.13793,1.13795,704.00000
2026-07-01 19:15:00+00:00,1.13796,1.13800,1.13776,1.13796,616.00000
2026-07-01 19:30:00+00:00,1.13797,1.13806,1.13786,1.13803,559.00000
2026-07-01 19:45:00+00:00,1.13804,1.13811,1.13778,1.13789,912.00000
2026-07-01 20:00:00+00:00,1.13786,1.13794,1.13775,1.13779,472.00000
2026-07-01 20:15:00+00:00,1.13780,1.13784,1.13760,1.13765,298.00000
2026-07-01 20:30:00+00:00,1.13764,1.13773,1.13742,1.13746,362.00000
2026-07-01 20:45:00+00:00,1.13747,1.13784,1.13740,1.13782,390.00000
2026-07-01 21:00:00+00:00,1.13773,1.13784,1.13764,1.13782,62.00000
2026-07-01 21:15:00+00:00,1.13774,1.13788,1.13774,1.13788,38.00000
2026-07-01 21:30:00+00:00,1.13790,1.13792,1.13782,1.13787,93.00000
2026-07-01 21:45:00+00:00,1.13782,1.13789,1.13766,1.13783,35.00000
2026-07-01 22:00:00+00:00,1.13782,1.13787,1.13773,1.13782,177.00000
2026-07-01 22:15:00+00:00,1.13780,1.13796,1.13779,1.13792,138.00000
2026-07-01 22:30:00+00:00,1.13790,1.13796,1.13788,1.13793,72.00000
2026-07-01 22:45:00+00:00,1.13792,1.13792,1.13783,1.13789,100.00000
2026-07-01 23:00:00+00:00,1.13788,1.13789,1.13780,1.13784,97.00000
2026-07-01 23:15:00+00:00,1.13785,1.13786,1.13774,1.13781,120.00000
2026-07-01 23:30:00+00:00,1.13782,1.13786,1.13777,1.13785,168.00000
2026-07-01 23:45:00+00:00,1.13784,1.13786,1.13772,1.13775,306.00000
2026-07-02 00:00:00+00:00,1.13776,1.13834,1.13763,1.13806,936.00000
2026-07-02 00:15:00+00:00,1.13804,1.13804,1.13765,1.13768,648.00000
2026-07-02 00:30:00+00:00,1.13771,1.13787,1.13752,1.13775,562.00000
2026-07-02 00:45:00+00:00,1.13774,1.13796,1.13759,1.13766,730.00000
2026-07-02 01:00:00+00:00,1.13765,1.13801,1.13763,1.13794,922.00000
2026-07-02 01:15:00+00:00,1.13795,1.13804,1.13777,1.13794,831.00000
2026-07-02 01:30:00+00:00,1.13793,1.13831,1.13775,1.13813,808.00000
2026-07-02 01:45:00+00:00,1.13812,1.13859,1.13807,1.13816,844.00000
2026-07-02 02:00:00+00:00,1.13817,1.13866,1.13815,1.13866,756.00000
2026-07-02 02:15:00+00:00,1.13862,1.13885,1.13840,1.13851,692.00000
2026-07-02 02:30:00+00:00,1.13852,1.13865,1.13840,1.13845,430.00000
2026-07-02 02:45:00+00:00,1.13846,1.13851,1.13811,1.13822,470.00000
2026-07-02 03:00:00+00:00,1.13821,1.13834,1.13790,1.13797,600.00000
2026-07-02 03:15:00+00:00,1.13798,1.13805,1.13781,1.13801,434.00000
2026-07-02 03:30:00+00:00,1.13802,1.13813,1.13793,1.13809,440.00000
2026-07-02 03:45:00+00:00,1.13808,1.13826,1.13793,1.13824,584.00000
2026-07-02 04:00:00+00:00,1.13825,1.13874,1.13825,1.13858,794.00000
2026-07-02 04:15:00+00:00,1.13856,1.13862,1.13839,1.13846,556.00000
2026-07-02 04:30:00+00:00,1.13847,1.13864,1.13844,1.13858,450.00000
2026-07-02 04:45:00+00:00,1.13857,1.13883,1.13853,1.13867,522.00000
2026-07-02 05:00:00+00:00,1.13868,1.13887,1.13855,1.13864,732.00000
2026-07-02 05:15:00+00:00,1.13863,1.13867,1.13839,1.13846,466.00000
2026-07-02 05:30:00+00:00,1.13843,1.13853,1.13816,1.13840,646.00000
2026-07-02 05:45:00+00:00,1.13841,1.13863,1.13835,1.13859,572.00000
2026-07-02 06:00:00+00:00,1.13857,1.13917,1.13855,1.13892,1335.00000
2026-07-02 06:15:00+00:00,1.13891,1.13893,1.13862,1.13875,876.00000
2026-07-02 06:30:00+00:00,1.13876,1.13915,1.13870,1.13913,632.00000
2026-07-02 06:45:00+00:00,1.13914,1.14044,1.13907,1.13947,2816.00000
2026-07-02 07:00:00+00:00,1.13948,1.13972,1.13905,1.13954,1912.00000
2026-07-02 07:15:00+00:00,1.13955,1.14015,1.13928,1.14007,1379.00000
2026-07-02 07:30:00+00:00,1.14008,1.14073,1.13961,1.14055,1412.00000
2026-07-02 07:45:00+00:00,1.14056,1.14093,1.14026,1.14078,1598.00000
2026-07-02 08:00:00+00:00,1.14076,1.14181,1.14069,1.14170,2184.00000
2026-07-02 08:15:00+00:00,1.14169,1.14186,1.14136,1.14165,1882.00000
2026-07-02 08:30:00+00:00,1.14166,1.14200,1.14129,1.14165,1794.00000
2026-07-02 08:45:00+00:00,1.14173,1.14211,1.14157,1.14201,1738.00000
2026-07-02 09:00:00+00:00,1.14193,1.14211,1.14101,1.14131,1276.00000
2026-07-02 09:15:00+00:00,1.14132,1.14163,1.14093,1.14096,976.00000
2026-07-02 09:30:00+00:00,1.14097,1.14141,1.14088,1.14124,1194.00000
2026-07-02 09:45:00+00:00,1.14123,1.14149,1.14098,1.14098,1305.00000
2026-07-02 10:00:00+00:00,1.14093,1.14109,1.14073,1.14075,1052.00000
2026-07-02 10:15:00+00:00,1.14074,1.14082,1.14051,1.14071,938.00000
2026-07-02 10:30:00+00:00,1.14070,1.14071,1.14031,1.14059,830.00000
2026-07-02 10:45:00+00:00,1.14060,1.14114,1.14060,1.14105,970.00000
2026-07-02 11:00:00+00:00,1.14107,1.14117,1.14072,1.14101,995.00000
2026-07-02 11:15:00+00:00,1.14102,1.14147,1.14101,1.14133,1007.00000
2026-07-02 11:30:00+00:00,1.14134,1.14146,1.14075,1.14079,736.00000
2026-07-02 11:45:00+00:00,1.14080,1.14083,1.14005,1.14040,1021.00000
2026-07-02 12:00:00+00:00,1.14039,1.14049,1.13983,1.13987,1476.00000
2026-07-02 12:15:00+00:00,1.13988,1.14016,1.13955,1.13994,1764.00000
2026-07-02 12:30:00+00:00,1.13993,1.14718,1.13988,1.14715,8125.00000
2026-07-02 12:45:00+00:00,1.14717,1.14727,1.14485,1.14515,5949.00000
2026-07-02 13:00:00+00:00,1.14517,1.14554,1.14446,1.14497,4206.00000
2026-07-02 13:15:00+00:00,1.14496,1.14500,1.14387,1.14410,2954.00000
2026-07-02 13:30:00+00:00,1.14408,1.14518,1.14396,1.14478,3914.00000
2026-07-02 13:45:00+00:00,1.14477,1.14538,1.14462,1.14507,2863.00000
2026-07-02 14:00:00+00:00,1.14511,1.14583,1.14437,1.14566,3108.00000
2026-07-02 14:15:00+00:00,1.14566,1.14581,1.14421,1.14426,2606.00000
2026-07-02 14:30:00+00:00,1.14429,1.14454,1.14336,1.14356,2575.00000
2026-07-02 14:45:00+00:00,1.14357,1.14446,1.14348,1.14439,2584.00000
2026-07-02 15:00:00+00:00,1.14440,1.14478,1.14398,1.14451,2653.00000
2026-07-02 15:15:00+00:00,1.14452,1.14479,1.14406,1.14406,1948.00000
2026-07-02 15:30:00+00:00,1.14413,1.14497,1.14413,1.14447,1738.00000
2026-07-02 15:45:00+00:00,1.14448,1.14479,1.14422,1.14475,1556.00000
2026-07-02 16:00:00+00:00,1.14477,1.14481,1.14408,1.14431,1999.00000
2026-07-02 16:15:00+00:00,1.14433,1.14434,1.14360,1.14364,1576.00000
2026-07-02 16:30:00+00:00,1.14365,1.14400,1.14354,1.14395,1550.00000
2026-07-02 16:45:00+00:00,1.14394,1.14410,1.14370,1.14378,1369.00000
2026-07-02 17:00:00+00:00,1.14377,1.14377,1.14324,1.14347,1653.00000
2026-07-02 17:15:00+00:00,1.14346,1.14350,1.14298,1.14314,1140.00000
2026-07-02 17:30:00+00:00,1.14311,1.14335,1.14293,1.14294,1219.00000
2026-07-02 17:45:00+00:00,1.14294,1.14320,1.14288,1.14306,1044.00000
2026-07-02 18:00:00+00:00,1.14309,1.14364,1.14303,1.14319,1150.00000
2026-07-02 18:15:00+00:00,1.14320,1.14346,1.14294,1.14332,910.00000
2026-07-02 18:30:00+00:00,1.14331,1.14370,1.14324,1.14331,866.00000
2026-07-02 18:45:00+00:00,1.14330,1.14341,1.14323,1.14330,638.00000
2026-07-02 19:00:00+00:00,1.14331,1.14340,1.14303,1.14323,858.00000
2026-07-02 19:15:00+00:00,1.14321,1.14325,1.14290,1.14294,380.00000
2026-07-02 19:30:00+00:00,1.14293,1.14311,1.14277,1.14289,421.00000
2026-07-02 19:45:00+00:00,1.14286,1.14319,1.14262,1.14309,886.00000
2026-07-02 20:00:00+00:00,1.14307,1.14326,1.14295,1.14322,488.00000
2026-07-02 20:15:00+00:00,1.14324,1.14357,1.14323,1.14349,220.00000
2026-07-02 20:30:00+00:00,1.14348,1.14348,1.14326,1.14330,218.00000
2026-07-02 20:45:00+00:00,1.14331,1.14355,1.14329,1.14336,354.00000
2026-07-02 21:00:00+00:00,1.14305,1.14353,1.14296,1.14334,73.00000
2026-07-02 21:15:00+00:00,1.14320,1.14353,1.14308,1.14351,100.00000
2026-07-02 21:30:00+00:00,1.14347,1.14348,1.14314,1.14321,129.00000
2026-07-02 21:45:00+00:00,1.14317,1.14338,1.14306,1.14338,74.00000
2026-07-02 22:00:00+00:00,1.14339,1.14355,1.14338,1.14339,255.00000
2026-07-02 22:15:00+00:00,1.14338,1.14339,1.14311,1.14315,262.00000
2026-07-02 22:30:00+00:00,1.14314,1.14315,1.14280,1.14290,390.00000
2026-07-02 22:45:00+00:00,1.14289,1.14294,1.14278,1.14288,208.00000
2026-07-02 23:00:00+00:00,1.14289,1.14296,1.14279,1.14280,308.00000
2026-07-02 23:15:00+00:00,1.14282,1.14305,1.14281,1.14300,226.00000
2026-07-02 23:30:00+00:00,1.14295,1.14295,1.14239,1.14259,440.00000
2026-07-02 23:45:00+00:00,1.14260,1.14266,1.14219,1.14225,500.00000
2026-07-03 00:00:00+00:00,1.14223,1.14245,1.14208,1.14220,1170.00000
2026-07-03 00:15:00+00:00,1.14221,1.14235,1.14207,1.14221,762.00000
2026-07-03 00:30:00+00:00,1.14223,1.14223,1.14208,1.14222,866.00000
2026-07-03 00:45:00+00:00,1.14223,1.14309,1.14221,1.14306,884.00000
2026-07-03 01:00:00+00:00,1.14309,1.14373,1.14302,1.14373,1570.00000
2026-07-03 01:15:00+00:00,1.14372,1.14446,1.14368,1.14394,1382.00000
2026-07-03 01:30:00+00:00,1.14393,1.14430,1.14380,1.14409,1406.00000
2026-07-03 01:45:00+00:00,1.14408,1.14408,1.14363,1.14371,940.00000
2026-07-03 02:00:00+00:00,1.14370,1.14424,1.14359,1.14407,848.00000
2026-07-03 02:15:00+00:00,1.14408,1.14446,1.14406,1.14441,674.00000
2026-07-03 02:30:00+00:00,1.14442,1.14448,1.14413,1.14434,670.00000
2026-07-03 02:45:00+00:00,1.14436,1.14438,1.14388,1.14398,522.00000
2026-07-03 03:00:00+00:00,1.14396,1.14403,1.14378,1.14399,504.00000
2026-07-03 03:15:00+00:00,1.14401,1.14401,1.14369,1.14389,406.00000
2026-07-03 03:30:00+00:00,1.14390,1.14409,1.14375,1.14398,482.00000
2026-07-03 03:45:00+00:00,1.14397,1.14414,1.14392,1.14411,488.00000
2026-07-03 04:00:00+00:00,1.14412,1.14426,1.14391,1.14424,350.00000
2026-07-03 04:15:00+00:00,1.14426,1.14433,1.14418,1.14423,262.00000
2026-07-03 04:30:00+00:00,1.14424,1.14455,1.14417,1.14449,356.00000
2026-07-03 04:45:00+00:00,1.14447,1.14461,1.14440,1.14461,304.00000
2026-07-03 05:00:00+00:00,1.14459,1.14535,1.14456,1.14525,822.00000
2026-07-03 05:15:00+00:00,1.14526,1.14549,1.14505,1.14519,578.00000
2026-07-03 05:30:00+00:00,1.14521,1.14538,1.14502,1.14525,618.00000
2026-07-03 05:45:00+00:00,1.14526,1.14540,1.14467,1.14487,828.00000
2026-07-03 06:00:00+00:00,1.14488,1.14541,1.14482,1.14541,1069.00000
2026-07-03 06:15:00+00:00,1.14542,1.14584,1.14514,1.14529,1138.00000
2026-07-03 06:30:00+00:00,1.14528,1.14624,1.14527,1.14597,2038.00000
2026-07-03 06:45:00+00:00,1.14598,1.14608,1.14517,1.14541,1196.00000
2026-07-03 07:00:00+00:00,1.14542,1.14548,1.14522,1.14541,1247.00000
2026-07-03 07:15:00+00:00,1.14539,1.14569,1.14510,1.14556,890.00000
2026-07-03 07:30:00+00:00,1.14555,1.14569,1.14475,1.14514,964.00000
2026-07-03 07:45:00+00:00,1.14515,1.14579,1.14506,1.14546,1174.00000
2026-07-03 08:00:00+00:00,1.14552,1.14560,1.14505,1.14537,1082.00000
2026-07-03 08:15:00+00:00,1.14536,1.14548,1.14509,1.14538,896.00000
2026-07-03 08:30:00+00:00,1.14536,1.14577,1.14518,1.14546,984.00000
2026-07-03 08:45:00+00:00,1.14545,1.14550,1.14509,1.14528,928.00000
2026-07-03 09:00:00+00:00,1.14526,1.14528,1.14480,1.14500,1032.00000
2026-07-03 09:15:00+00:00,1.14498,1.14518,1.14473,1.14476,808.00000
2026-07-03 09:30:00+00:00,1.14475,1.14493,1.14468,1.14471,716.00000
2026-07-03 09:45:00+00:00,1.14467,1.14468,1.14403,1.14410,738.00000
2026-07-03 10:00:00+00:00,1.14406,1.14473,1.14405,1.14463,994.00000
2026-07-03 10:15:00+00:00,1.14465,1.14474,1.14441,1.14446,724.00000
2026-07-03 10:30:00+00:00,1.14444,1.14487,1.14441,1.14474,560.00000
2026-07-03 10:45:00+00:00,1.14473,1.14501,1.14466,1.14468,438.00000
2026-07-03 11:00:00+00:00,1.14467,1.14549,1.14463,1.14544,922.00000
2026-07-03 11:15:00+00:00,1.14546,1.14572,1.14532,1.14548,934.00000
2026-07-03 11:30:00+00:00,1.14549,1.14553,1.14494,1.14498,642.00000
2026-07-03 11:45:00+00:00,1.14497,1.14507,1.14470,1.14504,986.00000
2026-07-03 12:00:00+00:00,1.14506,1.14528,1.14467,1.14505,1118.00000
2026-07-03 12:15:00+00:00,1.14506,1.14507,1.14462,1.14478,814.00000
2026-07-03 12:30:00+00:00,1.14477,1.14509,1.14464,1.14478,730.00000
2026-07-03 12:45:00+00:00,1.14475,1.14494,1.14466,1.14470,936.00000
2026-07-03 13:00:00+00:00,1.14469,1.14480,1.14418,1.14444,1050.00000
2026-07-03 13:15:00+00:00,1.14442,1.14445,1.14413,1.14438,680.00000
2026-07-03 13:30:00+00:00,1.14437,1.14438,1.14402,1.14417,718.00000
2026-07-03 13:45:00+00:00,1.14416,1.14426,1.14379,1.14404,917.00000
2026-07-03 14:00:00+00:00,1.14403,1.14427,1.14387,1.14414,996.00000
2026-07-03 14:15:00+00:00,1.14413,1.14477,1.14413,1.14469,802.00000
2026-07-03 14:30:00+00:00,1.14468,1.14479,1.14433,1.14439,686.00000
2026-07-03 14:45:00+00:00,1.14438,1.14449,1.14411,1.14416,732.00000
2026-07-03 15:00:00+00:00,1.14417,1.14445,1.14409,1.14417,986.00000
2026-07-03 15:15:00+00:00,1.14416,1.14439,1.14386,1.14402,610.00000
2026-07-03 15:30:00+00:00,1.14405,1.14416,1.14387,1.14387,420.00000
2026-07-03 15:45:00+00:00,1.14388,1.14397,1.14343,1.14370,604.00000
2026-07-03 16:00:00+00:00,1.14369,1.14396,1.14363,1.14386,462.00000
2026-07-03 16:15:00+00:00,1.14387,1.14393,1.14369,1.14372,289.00000
2026-07-03 16:30:00+00:00,1.14374,1.14379,1.14353,1.14355,264.00000
2026-07-03 16:45:00+00:00,1.14356,1.14377,1.14354,1.14376,274.00000
2026-07-03 17:00:00+00:00,1.14377,1.14421,1.14376,1.14402,1258.00000
2026-07-03 17:15:00+00:00,1.14401,1.14415,1.14400,1.14403,646.00000
2026-07-03 17:30:00+00:00,1.14404,1.14416,1.14395,1.14405,1840.00000
2026-07-03 17:45:00+00:00,1.14404,1.14410,1.14393,1.14403,2391.00000
2026-07-03 18:00:00+00:00,1.14405,1.14413,1.14380,1.14390,1030.00000
2026-07-03 18:15:00+00:00,1.14391,1.14404,1.14390,1.14395,849.00000
2026-07-03 18:30:00+00:00,1.14394,1.14402,1.14393,1.14398,646.00000
2026-07-03 18:45:00+00:00,1.14399,1.14406,1.14381,1.14388,420.00000
2026-07-03 19:00:00+00:00,1.14387,1.14405,1.14379,1.14393,866.00000
2026-07-03 19:15:00+00:00,1.14394,1.14395,1.14384,1.14386,1030.00000
2026-07-03 19:30:00+00:00,1.14385,1.14385,1.14373,1.14379,364.00000
2026-07-03 19:45:00+00:00,1.14380,1.14384,1.14357,1.14364,622.00000
2026-07-03 20:00:00+00:00,1.14362,1.14374,1.14350,1.14361,287.00000
2026-07-03 20:15:00+00:00,1.14361,1.14366,1.14349,1.14358,500.00000
2026-07-03 20:30:00+00:00,1.14361,1.14363,1.14351,1.14360,135.00000
2026-07-03 20:45:00+00:00,1.14361,1.14368,1.14332,1.14363,480.00000
2026-07-05 21:00:00+00:00,1.14404,1.14404,1.14345,1.14365,64.00000
2026-07-05 21:15:00+00:00,1.14366,1.14377,1.14344,1.14375,84.00000
2026-07-05 21:30:00+00:00,1.14376,1.14381,1.14339,1.14367,492.00000
2026-07-05 21:45:00+00:00,1.14335,1.14379,1.14335,1.14379,86.00000
2026-07-05 22:00:00+00:00,1.14381,1.14382,1.14348,1.14359,710.00000
2026-07-05 22:15:00+00:00,1.14358,1.14368,1.14355,1.14363,159.00000
2026-07-05 22:30:00+00:00,1.14362,1.14377,1.14355,1.14376,237.00000
2026-07-05 22:45:00+00:00,1.14377,1.14378,1.14358,1.14366,114.00000
2026-07-05 23:00:00+00:00,1.14367,1.14371,1.14337,1.14343,150.00000
2026-07-05 23:15:00+00:00,1.14344,1.14368,1.14332,1.14362,192.00000
2026-07-05 23:30:00+00:00,1.14358,1.14378,1.14358,1.14373,224.00000
2026-07-05 23:45:00+00:00,1.14372,1.14381,1.14351,1.14368,569.00000
2026-07-06 00:00:00+00:00,1.14366,1.14376,1.14328,1.14363,1086.00000
2026-07-06 00:15:00+00:00,1.14365,1.14411,1.14364,1.14387,862.00000
2026-07-06 00:30:00+00:00,1.14386,1.14408,1.14376,1.14396,1070.00000
2026-07-06 00:45:00+00:00,1.14397,1.14402,1.14372,1.14383,1024.00000
2026-07-06 01:00:00+00:00,1.14384,1.14388,1.14356,1.14368,849.00000
2026-07-06 01:15:00+00:00,1.14367,1.14368,1.14307,1.14317,826.00000
2026-07-06 01:30:00+00:00,1.14318,1.14349,1.14306,1.14341,752.00000
2026-07-06 01:45:00+00:00,1.14338,1.14341,1.14285,1.14287,766.00000
2026-07-06 02:00:00+00:00,1.14286,1.14302,1.14276,1.14298,868.00000
2026-07-06 02:15:00+00:00,1.14296,1.14308,1.14286,1.14293,603.00000
2026-07-06 02:30:00+00:00,1.14295,1.14306,1.14288,1.14296,638.00000
2026-07-06 02:45:00+00:00,1.14297,1.14352,1.14297,1.14338,584.00000
2026-07-06 03:00:00+00:00,1.14337,1.14358,1.14328,1.14328,684.00000
2026-07-06 03:15:00+00:00,1.14329,1.14333,1.14292,1.14292,541.00000
2026-07-06 03:30:00+00:00,1.14291,1.14313,1.14280,1.14313,602.00000
2026-07-06 03:45:00+00:00,1.14312,1.14322,1.14297,1.14319,548.00000
2026-07-06 04:00:00+00:00,1.14318,1.14343,1.14317,1.14334,296.00000
2026-07-06 04:15:00+00:00,1.14333,1.14341,1.14321,1.14321,322.00000
2026-07-06 04:30:00+00:00,1.14323,1.14336,1.14318,1.14336,316.00000
2026-07-06 04:45:00+00:00,1.14333,1.14337,1.14319,1.14330,330.00000
2026-07-06 05:00:00+00:00,1.14331,1.14333,1.14287,1.14298,507.00000
2026-07-06 05:15:00+00:00,1.14296,1.14299,1.14274,1.14288,417.00000
2026-07-06 05:30:00+00:00,1.14287,1.14324,1.14281,1.14296,472.00000
2026-07-06 05:45:00+00:00,1.14295,1.14317,1.14229,1.14236,726.00000
2026-07-06 06:00:00+00:00,1.14244,1.14289,1.14244,1.14255,998.00000
2026-07-06 06:15:00+00:00,1.14254,1.14256,1.14216,1.14241,951.00000
2026-07-06 06:30:00+00:00,1.14240,1.14253,1.14198,1.14235,1275.00000
2026-07-06 06:45:00+00:00,1.14237,1.14254,1.14200,1.14230,1147.00000
2026-07-06 07:00:00+00:00,1.14229,1.14255,1.14165,1.14254,1382.00000
2026-07-06 07:15:00+00:00,1.14253,1.14283,1.14207,1.14224,1322.00000
2026-07-06 07:30:00+00:00,1.14225,1.14272,1.14215,1.14251,1400.00000
2026-07-06 07:45:00+00:00,1.14250,1.14276,1.14223,1.14265,1146.00000
2026-07-06 08:00:00+00:00,1.14266,1.14272,1.14158,1.14192,1511.00000
2026-07-06 08:15:00+00:00,1.14193,1.14211,1.14169,1.14190,1054.00000
2026-07-06 08:30:00+00:00,1.14191,1.14208,1.14162,1.14166,838.00000
2026-07-06 08:45:00+00:00,1.14171,1.14207,1.14153,1.14206,968.00000
2026-07-06 09:00:00+00:00,1.14205,1.14214,1.14175,1.14187,1010.00000
2026-07-06 09:15:00+00:00,1.14186,1.14198,1.14169,1.14183,724.00000
2026-07-06 09:30:00+00:00,1.14181,1.14202,1.14174,1.14176,664.00000
2026-07-06 09:45:00+00:00,1.14175,1.14175,1.14109,1.14132,660.00000
2026-07-06 10:00:00+00:00,1.14132,1.14160,1.14096,1.14158,774.00000
2026-07-06 10:15:00+00:00,1.14157,1.14198,1.14142,1.14158,803.00000
2026-07-06 10:30:00+00:00,1.14157,1.14208,1.14155,1.14191,535.00000
2026-07-06 10:45:00+00:00,1.14188,1.14212,1.14171,1.14195,748.00000
2026-07-06 11:00:00+00:00,1.14196,1.14203,1.14158,1.14187,859.00000
2026-07-06 11:15:00+00:00,1.14188,1.14194,1.14160,1.14182,800.00000
2026-07-06 11:30:00+00:00,1.14183,1.14192,1.14139,1.14145,706.00000
2026-07-06 11:45:00+00:00,1.14146,1.14167,1.14120,1.14152,1098.00000
2026-07-06 12:00:00+00:00,1.14153,1.14199,1.14142,1.14174,1237.00000
2026-07-06 12:15:00+00:00,1.14175,1.14196,1.14154,1.14175,944.00000
2026-07-06 12:30:00+00:00,1.14176,1.14182,1.14128,1.14137,1030.00000
2026-07-06 12:45:00+00:00,1.14136,1.14165,1.14107,1.14132,976.00000
2026-07-06 13:00:00+00:00,1.14133,1.14206,1.14111,1.14181,1276.00000
2026-07-06 13:15:00+00:00,1.14182,1.14227,1.14179,1.14203,1211.00000
2026-07-06 13:30:00+00:00,1.14206,1.14214,1.14165,1.14171,1650.00000
2026-07-06 13:45:00+00:00,1.14169,1.14169,1.14085,1.14129,1210.00000
2026-07-06 14:00:00+00:00,1.14128,1.14202,1.14109,1.14192,1545.00000
2026-07-06 14:15:00+00:00,1.14194,1.14197,1.14145,1.14151,1195.00000
2026-07-06 14:30:00+00:00,1.14152,1.14183,1.14119,1.14121,1188.00000
2026-07-06 14:45:00+00:00,1.14122,1.14185,1.14112,1.14171,1206.00000
2026-07-06 15:00:00+00:00,1.14172,1.14195,1.14153,1.14168,1440.00000
2026-07-06 15:15:00+00:00,1.14170,1.14188,1.14157,1.14178,1096.00000
2026-07-06 15:30:00+00:00,1.14176,1.14238,1.14166,1.14233,988.00000
2026-07-06 15:45:00+00:00,1.14232,1.14263,1.14227,1.14253,1022.00000
2026-07-06 16:00:00+00:00,1.14256,1.14285,1.14251,1.14263,836.00000
2026-07-06 16:15:00+00:00,1.14264,1.14310,1.14264,1.14301,690.00000
2026-07-06 16:30:00+00:00,1.14298,1.14302,1.14261,1.14281,625.00000
2026-07-06 16:45:00+00:00,1.14282,1.14321,1.14274,1.14307,762.00000
2026-07-06 17:00:00+00:00,1.14306,1.14342,1.14302,1.14342,681.00000
2026-07-06 17:15:00+00:00,1.14341,1.14370,1.14334,1.14361,546.00000
2026-07-06 17:30:00+00:00,1.14360,1.14394,1.14356,1.14386,659.00000
2026-07-06 17:45:00+00:00,1.14384,1.14391,1.14360,1.14363,580.00000
2026-07-06 18:00:00+00:00,1.14364,1.14382,1.14351,1.14363,602.00000
2026-07-06 18:15:00+00:00,1.14365,1.14391,1.14361,1.14391,300.00000
2026-07-06 18:30:00+00:00,1.14387,1.14428,1.14379,1.14421,600.00000
2026-07-06 18:45:00+00:00,1.14422,1.14450,1.14421,1.14430,529.00000
2026-07-06 19:00:00+00:00,1.14427,1.14429,1.14410,1.14412,592.00000
2026-07-06 19:15:00+00:00,1.14411,1.14416,1.14380,1.14389,534.00000
2026-07-06 19:30:00+00:00,1.14390,1.14411,1.14389,1.14396,468.00000
2026-07-06 19:45:00+00:00,1.14397,1.14420,1.14396,1.14410,740.00000
2026-07-06 20:00:00+00:00,1.14411,1.14420,1.14405,1.14405,358.00000
2026-07-06 20:15:00+00:00,1.14404,1.14419,1.14393,1.14416,206.00000
2026-07-06 20:30:00+00:00,1.14415,1.14418,1.14392,1.14403,170.00000
2026-07-06 20:45:00+00:00,1.14402,1.14410,1.14398,1.14407,402.00000
2026-07-06 21:00:00+00:00,1.14417,1.14419,1.14408,1.14416,50.00000
2026-07-06 21:15:00+00:00,1.14417,1.14419,1.14408,1.14418,149.00000
2026-07-06 21:30:00+00:00,1.14416,1.14426,1.14411,1.14413,157.00000
2026-07-06 21:45:00+00:00,1.14415,1.14461,1.14412,1.14458,395.00000
2026-07-06 22:00:00+00:00,1.14462,1.14462,1.14426,1.14442,369.00000
2026-07-06 22:15:00+00:00,1.14441,1.14441,1.14431,1.14432,158.00000
2026-07-06 22:30:00+00:00,1.14431,1.14443,1.14431,1.14432,145.00000
2026-07-06 22:45:00+00:00,1.14433,1.14452,1.14433,1.14450,104.00000
2026-07-06 23:00:00+00:00,1.14451,1.14480,1.14449,1.14455,272.00000
2026-07-06 23:15:00+00:00,1.14454,1.14469,1.14441,1.14443,170.00000
2026-07-06 23:30:00+00:00,1.14442,1.14451,1.14434,1.14445,182.00000
2026-07-06 23:45:00+00:00,1.14444,1.14446,1.14413,1.14415,494.00000
2026-07-07 00:00:00+00:00,1.14412,1.14424,1.14404,1.14412,964.00000
2026-07-07 00:15:00+00:00,1.14411,1.14412,1.14382,1.14387,674.00000
2026-07-07 00:30:00+00:00,1.14388,1.14402,1.14378,1.14395,576.00000
2026-07-07 00:45:00+00:00,1.14394,1.14421,1.14384,1.14387,908.00000
2026-07-07 01:00:00+00:00,1.14386,1.14400,1.14384,1.14396,862.00000
2026-07-07 01:15:00+00:00,1.14397,1.14402,1.14371,1.14396,616.00000
2026-07-07 01:30:00+00:00,1.14398,1.14466,1.14395,1.14397,1258.00000
2026-07-07 01:45:00+00:00,1.14398,1.14475,1.14397,1.14440,1040.00000
2026-07-07 02:00:00+00:00,1.14441,1.14462,1.14426,1.14431,774.00000
2026-07-07 02:15:00+00:00,1.14432,1.14438,1.14417,1.14417,598.00000
2026-07-07 02:30:00+00:00,1.14416,1.14436,1.14407,1.14413,494.00000
2026-07-07 02:45:00+00:00,1.14412,1.14413,1.14394,1.14394,420.00000
2026-07-07 03:00:00+00:00,1.14395,1.14420,1.14391,1.14406,414.00000
2026-07-07 03:15:00+00:00,1.14407,1.14427,1.14395,1.14395,554.00000
2026-07-07 03:30:00+00:00,1.14393,1.14401,1.14369,1.14376,619.00000
2026-07-07 03:45:00+00:00,1.14375,1.14381,1.14362,1.14368,472.00000
2026-07-07 04:00:00+00:00,1.14369,1.14387,1.14365,1.14376,500.00000
2026-07-07 04:15:00+00:00,1.14377,1.14385,1.14365,1.14370,486.00000
2026-07-07 04:30:00+00:00,1.14371,1.14393,1.14367,1.14380,448.00000
2026-07-07 04:45:00+00:00,1.14377,1.14391,1.14356,1.14356,410.00000
2026-07-07 05:00:00+00:00,1.14352,1.14374,1.14341,1.14343,683.00000
2026-07-07 05:15:00+00:00,1.14342,1.14349,1.14301,1.14308,980.00000
2026-07-07 05:30:00+00:00,1.14306,1.14333,1.14288,1.14291,973.00000
2026-07-07 05:45:00+00:00,1.14288,1.14319,1.14282,1.14318,702.00000
2026-07-07 06:00:00+00:00,1.14320,1.14323,1.14252,1.14272,898.00000
2026-07-07 06:15:00+00:00,1.14269,1.14306,1.14269,1.14277,993.00000
2026-07-07 06:30:00+00:00,1.14278,1.14313,1.14277,1.14294,688.00000
2026-07-07 06:45:00+00:00,1.14292,1.14314,1.14275,1.14299,682.00000
2026-07-07 07:00:00+00:00,1.14301,1.14301,1.14261,1.14285,838.00000
2026-07-07 07:15:00+00:00,1.14286,1.14321,1.14264,1.14266,1022.00000
2026-07-07 07:30:00+00:00,1.14264,1.14303,1.14260,1.14276,788.00000
2026-07-07 07:45:00+00:00,1.14277,1.14283,1.14248,1.14252,946.00000
2026-07-07 08:00:00+00:00,1.14251,1.14323,1.14250,1.14313,992.00000
2026-07-07 08:15:00+00:00,1.14312,1.14339,1.14282,1.14326,1305.00000
2026-07-07 08:30:00+00:00,1.14325,1.14358,1.14309,1.14309,1137.00000
2026-07-07 08:45:00+00:00,1.14307,1.14334,1.14270,1.14279,1096.00000
2026-07-07 09:00:00+00:00,1.14284,1.14290,1.14265,1.14269,1094.00000
2026-07-07 09:15:00+00:00,1.14270,1.14292,1.14256,1.14276,827.00000
2026-07-07 09:30:00+00:00,1.14277,1.14301,1.14261,1.14284,696.00000
2026-07-07 09:45:00+00:00,1.14285,1.14295,1.14247,1.14251,792.00000
2026-07-07 10:00:00+00:00,1.14250,1.14289,1.14234,1.14288,832.00000
2026-07-07 10:15:00+00:00,1.14289,1.14305,1.14285,1.14301,524.00000
2026-07-07 10:30:00+00:00,1.14300,1.14318,1.14291,1.14300,697.00000
2026-07-07 10:45:00+00:00,1.14301,1.14342,1.14290,1.14338,624.00000
2026-07-07 11:00:00+00:00,1.14339,1.14344,1.14316,1.14330,680.00000
2026-07-07 11:15:00+00:00,1.14331,1.14391,1.14329,1.14372,1046.00000
2026-07-07 11:30:00+00:00,1.14369,1.14370,1.14324,1.14325,696.00000
2026-07-07 11:45:00+00:00,1.14326,1.14347,1.14254,1.14325,1361.00000
2026-07-07 12:00:00+00:00,1.14330,1.14347,1.14309,1.14340,1136.00000
2026-07-07 12:15:00+00:00,1.14339,1.14419,1.14313,1.14407,979.00000
2026-07-07 12:30:00+00:00,1.14406,1.14421,1.14355,1.14360,950.00000
2026-07-07 12:45:00+00:00,1.14362,1.14382,1.14345,1.14366,746.00000
2026-07-07 13:00:00+00:00,1.14365,1.14366,1.14303,1.14335,1240.00000
2026-07-07 13:15:00+00:00,1.14334,1.14377,1.14327,1.14351,1402.00000
2026-07-07 13:30:00+00:00,1.14352,1.14412,1.14352,1.14401,1932.00000
2026-07-07 13:45:00+00:00,1.14400,1.14419,1.14344,1.14363,1265.00000
2026-07-07 14:00:00+00:00,1.14365,1.14379,1.14237,1.14266,2334.00000
2026-07-07 14:15:00+00:00,1.14267,1.14315,1.14254,1.14299,1772.00000
2026-07-07 14:30:00+00:00,1.14303,1.14334,1.14279,1.14327,1708.00000
2026-07-07 14:45:00+00:00,1.14328,1.14371,1.14316,1.14331,1550.00000
2026-07-07 15:00:00+00:00,1.14330,1.14349,1.14287,1.14301,1338.00000
2026-07-07 15:15:00+00:00,1.14303,1.14303,1.14254,1.14285,1280.00000
2026-07-07 15:30:00+00:00,1.14286,1.14290,1.14257,1.14257,1010.00000
2026-07-07 15:45:00+00:00,1.14256,1.14267,1.14222,1.14229,1048.00000
2026-07-07 16:00:00+00:00,1.14230,1.14257,1.14215,1.14225,934.00000
2026-07-07 16:15:00+00:00,1.14226,1.14228,1.14181,1.14186,689.00000
2026-07-07 16:30:00+00:00,1.14185,1.14217,1.14184,1.14201,607.00000
2026-07-07 16:45:00+00:00,1.14202,1.14237,1.14199,1.14235,918.00000
2026-07-07 17:00:00+00:00,1.14236,1.14263,1.14224,1.14231,600.00000
2026-07-07 17:15:00+00:00,1.14232,1.14254,1.14222,1.14239,674.00000
2026-07-07 17:30:00+00:00,1.14240,1.14266,1.14232,1.14261,406.00000
2026-07-07 17:45:00+00:00,1.14262,1.14294,1.14254,1.14282,548.00000
2026-07-07 18:00:00+00:00,1.14283,1.14288,1.14256,1.14271,775.00000
2026-07-07 18:15:00+00:00,1.14267,1.14299,1.14266,1.14278,502.00000
2026-07-07 18:30:00+00:00,1.14279,1.14289,1.14260,1.14280,898.00000
2026-07-07 18:45:00+00:00,1.14279,1.14288,1.14175,1.14184,2188.00000
2026-07-07 19:00:00+00:00,1.14189,1.14194,1.14114,1.14118,1898.00000
2026-07-07 19:15:00+00:00,1.14117,1.14138,1.14080,1.14125,1934.00000
2026-07-07 19:30:00+00:00,1.14126,1.14166,1.14126,1.14154,1288.00000
2026-07-07 19:45:00+00:00,1.14155,1.14172,1.14138,1.14167,1014.00000
2026-07-07 20:00:00+00:00,1.14166,1.14173,1.14140,1.14140,366.00000
2026-07-07 20:15:00+00:00,1.14139,1.14149,1.14124,1.14139,442.00000
2026-07-07 20:30:00+00:00,1.14137,1.14139,1.14110,1.14120,250.00000
2026-07-07 20:45:00+00:00,1.14118,1.14121,1.14104,1.14115,308.00000
2026-07-07 21:00:00+00:00,1.14111,1.14153,1.14086,1.14086,112.00000
2026-07-07 21:15:00+00:00,1.14086,1.14094,1.14051,1.14073,352.00000
2026-07-07 21:30:00+00:00,1.14073,1.14073,1.14015,1.14072,485.00000
2026-07-07 21:45:00+00:00,1.14063,1.14087,1.14033,1.14067,236.00000
2026-07-07 22:00:00+00:00,1.14074,1.14088,1.14055,1.14057,316.00000
2026-07-07 22:15:00+00:00,1.14055,1.14067,1.14048,1.14051,210.00000
2026-07-07 22:30:00+00:00,1.14048,1.14054,1.14030,1.14049,226.00000
2026-07-07 22:45:00+00:00,1.14048,1.14071,1.14043,1.14069,138.00000
2026-07-07 23:00:00+00:00,1.14066,1.14084,1.14038,1.14039,339.00000
2026-07-07 23:15:00+00:00,1.14040,1.14065,1.14035,1.14049,199.00000
2026-07-07 23:30:00+00:00,1.14050,1.14058,1.14041,1.14041,176.00000
2026-07-07 23:45:00+00:00,1.14040,1.14043,1.14001,1.14015,324.00000
2026-07-08 00:00:00+00:00,1.14016,1.14066,1.14003,1.14056,1214.00000
2026-07-08 00:15:00+00:00,1.14057,1.14084,1.14030,1.14071,1042.00000
2026-07-08 00:30:00+00:00,1.14072,1.14115,1.14068,1.14101,1042.00000
2026-07-08 00:45:00+00:00,1.14100,1.14111,1.14070,1.14079,884.00000
2026-07-08 01:00:00+00:00,1.14081,1.14093,1.14056,1.14076,936.00000
2026-07-08 01:15:00+00:00,1.14078,1.14078,1.14040,1.14041,622.00000
2026-07-08 01:30:00+00:00,1.14043,1.14043,1.13985,1.13998,708.00000
2026-07-08 01:45:00+00:00,1.13999,1.14062,1.13999,1.14055,1256.00000
2026-07-08 02:00:00+00:00,1.14059,1.14075,1.14047,1.14060,898.00000
2026-07-08 02:15:00+00:00,1.14061,1.14120,1.14061,1.14109,943.00000
2026-07-08 02:30:00+00:00,1.14108,1.14125,1.14088,1.14121,670.00000
2026-07-08 02:45:00+00:00,1.14122,1.14126,1.14106,1.14112,576.00000
2026-07-08 03:00:00+00:00,1.14116,1.14158,1.14116,1.14158,654.00000
2026-07-08 03:15:00+00:00,1.14159,1.14165,1.14142,1.14153,500.00000
2026-07-08 03:30:00+00:00,1.14151,1.14154,1.14135,1.14149,502.00000
2026-07-08 03:45:00+00:00,1.14148,1.14154,1.14134,1.14145,338.00000
2026-07-08 04:00:00+00:00,1.14146,1.14146,1.14113,1.14121,494.00000
2026-07-08 04:15:00+00:00,1.14120,1.14136,1.14110,1.14135,370.00000
2026-07-08 04:30:00+00:00,1.14134,1.14160,1.14131,1.14144,618.00000
2026-07-08 04:45:00+00:00,1.14143,1.14156,1.14134,1.14145,556.00000
2026-07-08 05:00:00+00:00,1.14144,1.14188,1.14140,1.14146,1018.00000
2026-07-08 05:15:00+00:00,1.14145,1.14162,1.14125,1.14136,644.00000
2026-07-08 05:30:00+00:00,1.14135,1.14207,1.14135,1.14196,856.00000
2026-07-08 05:45:00+00:00,1.14195,1.14205,1.14168,1.14195,884.00000
2026-07-08 06:00:00+00:00,1.14196,1.14234,1.14173,1.14178,1278.00000
2026-07-08 06:15:00+00:00,1.14181,1.14230,1.14181,1.14221,1194.00000
2026-07-08 06:30:00+00:00,1.14222,1.14241,1.14199,1.14215,1482.00000
2026-07-08 06:45:00+00:00,1.14216,1.14229,1.14179,1.14225,1048.00000
2026-07-08 07:00:00+00:00,1.14227,1.14229,1.14181,1.14193,1744.00000
2026-07-08 07:15:00+00:00,1.14191,1.14285,1.14169,1.14279,1544.00000
2026-07-08 07:30:00+00:00,1.14280,1.14317,1.14264,1.14292,1228.00000
2026-07-08 07:45:00+00:00,1.14291,1.14304,1.14255,1.14257,1083.00000
2026-07-08 08:00:00+00:00,1.14254,1.14276,1.14224,1.14226,1616.00000
2026-07-08 08:15:00+00:00,1.14225,1.14256,1.14006,1.14142,4273.00000
2026-07-08 08:30:00+00:00,1.14141,1.14168,1.14051,1.14102,2738.00000
2026-07-08 08:45:00+00:00,1.14105,1.14187,1.14086,1.14103,2592.00000
2026-07-08 09:00:00+00:00,1.14102,1.14112,1.13962,1.13964,2692.00000
2026-07-08 09:15:00+00:00,1.13965,1.14071,1.13962,1.14056,2568.00000
2026-07-08 09:30:00+00:00,1.14055,1.14115,1.14046,1.14104,1778.00000
2026-07-08 09:45:00+00:00,1.14101,1.14111,1.14039,1.14043,1711.00000
2026-07-08 10:00:00+00:00,1.14044,1.14076,1.14012,1.14032,1508.00000
2026-07-08 10:15:00+00:00,1.14030,1.14120,1.14020,1.14114,1440.00000
2026-07-08 10:30:00+00:00,1.14112,1.14147,1.14103,1.14133,1266.00000
2026-07-08 10:45:00+00:00,1.14130,1.14136,1.14081,1.14086,1292.00000
2026-07-08 11:00:00+00:00,1.14083,1.14090,1.14049,1.14066,1112.00000
2026-07-08 11:15:00+00:00,1.14067,1.14097,1.14057,1.14064,830.00000
2026-07-08 11:30:00+00:00,1.14063,1.14073,1.13931,1.14044,2075.00000
2026-07-08 11:45:00+00:00,1.14042,1.14044,1.13970,1.13983,1902.00000
2026-07-08 12:00:00+00:00,1.13982,1.14054,1.13975,1.14024,1910.00000
2026-07-08 12:15:00+00:00,1.14025,1.14068,1.14024,1.14049,1622.00000
2026-07-08 12:30:00+00:00,1.14050,1.14063,1.14032,1.14047,1374.00000
2026-07-08 12:45:00+00:00,1.14048,1.14071,1.13956,1.13961,1909.00000
2026-07-08 13:00:00+00:00,1.13960,1.14037,1.13958,1.14009,2534.00000
2026-07-08 13:15:00+00:00,1.14008,1.14062,1.13973,1.14033,1918.00000
2026-07-08 13:30:00+00:00,1.14035,1.14123,1.14035,1.14115,2357.00000
2026-07-08 13:45:00+00:00,1.14114,1.14138,1.14077,1.14099,2209.00000
2026-07-08 14:00:00+00:00,1.14097,1.14133,1.14059,1.14061,1948.00000
2026-07-08 14:15:00+00:00,1.14063,1.14122,1.14059,1.14083,2178.00000
2026-07-08 14:30:00+00:00,1.14080,1.14085,1.14041,1.14061,2057.00000
2026-07-08 14:45:00+00:00,1.14059,1.14083,1.14033,1.14074,2212.00000
2026-07-08 15:00:00+00:00,1.14076,1.14119,1.14028,1.14029,1797.00000
2026-07-08 15:15:00+00:00,1.14030,1.14036,1.13992,1.14004,2300.00000
2026-07-08 15:30:00+00:00,1.14006,1.14012,1.13912,1.13928,2165.00000
2026-07-08 15:45:00+00:00,1.13929,1.13970,1.13917,1.13951,1655.00000
2026-07-08 16:00:00+00:00,1.13953,1.14010,1.13949,1.13973,1872.00000
2026-07-08 16:15:00+00:00,1.13972,1.14031,1.13959,1.14015,1396.00000
2026-07-08 16:30:00+00:00,1.14010,1.14125,1.14008,1.14119,2208.00000
2026-07-08 16:45:00+00:00,1.14120,1.14147,1.14106,1.14141,1580.00000
2026-07-08 17:00:00+00:00,1.14144,1.14238,1.14142,1.14213,1672.00000
2026-07-08 17:15:00+00:00,1.14212,1.14267,1.14209,1.14261,1602.00000
2026-07-08 17:30:00+00:00,1.14262,1.14271,1.14215,1.14217,1055.00000
2026-07-08 17:45:00+00:00,1.14218,1.14227,1.14189,1.14189,636.00000
2026-07-08 18:00:00+00:00,1.14188,1.14280,1.14163,1.14279,1482.00000
2026-07-08 18:15:00+00:00,1.14278,1.14287,1.14255,1.14260,1098.00000
2026-07-08 18:30:00+00:00,1.14259,1.14288,1.14238,1.14286,946.00000
2026-07-08 18:45:00+00:00,1.14288,1.14289,1.14252,1.14253,991.00000
2026-07-08 19:00:00+00:00,1.14255,1.14295,1.14255,1.14287,872.00000
2026-07-08 19:15:00+00:00,1.14286,1.14294,1.14274,1.14288,682.00000
2026-07-08 19:30:00+00:00,1.14289,1.14303,1.14270,1.14275,724.00000
2026-07-08 19:45:00+00:00,1.14274,1.14290,1.14227,1.14276,1338.00000
2026-07-08 20:00:00+00:00,1.14273,1.14279,1.14245,1.14246,530.00000
2026-07-08 20:15:00+00:00,1.14245,1.14249,1.14203,1.14204,350.00000
2026-07-08 20:30:00+00:00,1.14203,1.14203,1.14153,1.14164,616.00000
2026-07-08 20:45:00+00:00,1.14165,1.14172,1.14160,1.14164,364.00000
2026-07-08 21:00:00+00:00,1.14176,1.14210,1.14148,1.14201,79.00000
2026-07-08 21:15:00+00:00,1.14202,1.14209,1.14165,1.14200,224.00000
2026-07-08 21:30:00+00:00,1.14201,1.14203,1.14151,1.14171,147.00000
2026-07-08 21:45:00+00:00,1.14165,1.14176,1.14161,1.14176,46.00000
2026-07-08 22:00:00+00:00,1.14180,1.14182,1.14161,1.14170,351.00000
2026-07-08 22:15:00+00:00,1.14171,1.14172,1.14167,1.14168,174.00000
2026-07-08 22:30:00+00:00,1.14169,1.14188,1.14168,1.14183,336.00000
2026-07-08 22:45:00+00:00,1.14180,1.14193,1.14179,1.14191,134.00000
2026-07-08 23:00:00+00:00,1.14190,1.14196,1.14175,1.14178,140.00000
2026-07-08 23:15:00+00:00,1.14179,1.14186,1.14172,1.14185,174.00000
2026-07-08 23:30:00+00:00,1.14184,1.14207,1.14183,1.14205,232.00000
2026-07-08 23:45:00+00:00,1.14204,1.14224,1.14198,1.14213,250.00000
2026-07-09 00:00:00+00:00,1.14219,1.14289,1.14212,1.14279,850.00000
2026-07-09 00:15:00+00:00,1.14283,1.14285,1.14255,1.14277,622.00000
2026-07-09 00:30:00+00:00,1.14278,1.14302,1.14264,1.14266,741.00000
2026-07-09 00:45:00+00:00,1.14264,1.14270,1.14230,1.14257,896.00000
2026-07-09 01:00:00+00:00,1.14259,1.14273,1.14227,1.14229,950.00000
2026-07-09 01:15:00+00:00,1.14228,1.14247,1.14215,1.14218,782.00000
2026-07-09 01:30:00+00:00,1.14219,1.14254,1.14200,1.14234,902.00000
2026-07-09 01:45:00+00:00,1.14233,1.14262,1.14212,1.14257,782.00000
2026-07-09 02:00:00+00:00,1.14260,1.14283,1.14255,1.14273,882.00000
2026-07-09 02:15:00+00:00,1.14272,1.14282,1.14258,1.14263,656.00000
2026-07-09 02:30:00+00:00,1.14264,1.14268,1.14232,1.14247,746.00000
2026-07-09 02:45:00+00:00,1.14248,1.14273,1.14243,1.14244,698.00000
2026-07-09 03:00:00+00:00,1.14241,1.14261,1.14240,1.14255,546.00000
2026-07-09 03:15:00+00:00,1.14256,1.14268,1.14229,1.14261,451.00000
2026-07-09 03:30:00+00:00,1.14263,1.14303,1.14263,1.14280,867.00000
2026-07-09 03:45:00+00:00,1.14281,1.14289,1.14261,1.14269,500.00000
2026-07-09 04:00:00+00:00,1.14268,1.14274,1.14256,1.14265,526.00000
2026-07-09 04:15:00+00:00,1.14264,1.14266,1.14231,1.14253,480.00000
2026-07-09 04:30:00+00:00,1.14254,1.14270,1.14251,1.14256,406.00000
2026-07-09 04:45:00+00:00,1.14255,1.14273,1.14253,1.14268,330.00000
2026-07-09 05:00:00+00:00,1.14267,1.14337,1.14264,1.14321,932.00000
2026-07-09 05:15:00+00:00,1.14320,1.14329,1.14291,1.14323,756.00000
2026-07-09 05:30:00+00:00,1.14324,1.14335,1.14299,1.14317,962.00000
2026-07-09 05:45:00+00:00,1.14318,1.14337,1.14304,1.14308,642.00000
2026-07-09 06:00:00+00:00,1.14310,1.14369,1.14310,1.14343,1304.00000
2026-07-09 06:15:00+00:00,1.14342,1.14477,1.14337,1.14468,1512.00000
2026-07-09 06:30:00+00:00,1.14467,1.14493,1.14416,1.14455,1379.00000
2026-07-09 06:45:00+00:00,1.14454,1.14458,1.14396,1.14420,982.00000
2026-07-09 07:00:00+00:00,1.14421,1.14423,1.14352,1.14368,1435.00000
2026-07-09 07:15:00+00:00,1.14367,1.14392,1.14361,1.14379,967.00000
2026-07-09 07:30:00+00:00,1.14380,1.14385,1.14346,1.14355,834.00000
2026-07-09 07:45:00+00:00,1.14356,1.14359,1.14326,1.14355,876.00000
2026-07-09 08:00:00+00:00,1.14356,1.14382,1.14336,1.14357,1124.00000
2026-07-09 08:15:00+00:00,1.14358,1.14378,1.14344,1.14367,937.00000
2026-07-09 08:30:00+00:00,1.14366,1.14373,1.14312,1.14323,1036.00000
2026-07-09 08:45:00+00:00,1.14322,1.14327,1.14255,1.14266,973.00000
2026-07-09 09:00:00+00:00,1.14265,1.14286,1.14237,1.14259,1104.00000
2026-07-09 09:15:00+00:00,1.14258,1.14283,1.14253,1.14274,904.00000
2026-07-09 09:30:00+00:00,1.14276,1.14278,1.14242,1.14263,1030.00000
2026-07-09 09:45:00+00:00,1.14261,1.14315,1.14259,1.14307,946.00000
2026-07-09 10:00:00+00:00,1.14310,1.14311,1.14274,1.14293,900.00000
2026-07-09 10:15:00+00:00,1.14292,1.14301,1.14263,1.14271,746.00000
2026-07-09 10:30:00+00:00,1.14269,1.14317,1.14266,1.14273,666.00000
2026-07-09 10:45:00+00:00,1.14274,1.14284,1.14211,1.14233,1580.00000
2026-07-09 11:00:00+00:00,1.14234,1.14259,1.14220,1.14259,1371.00000
2026-07-09 11:15:00+00:00,1.14258,1.14265,1.14232,1.14236,801.00000
2026-07-09 11:30:00+00:00,1.14235,1.14268,1.14220,1.14258,828.00000
2026-07-09 11:45:00+00:00,1.14257,1.14300,1.14249,1.14295,958.00000
2026-07-09 12:00:00+00:00,1.14296,1.14359,1.14296,1.14340,1406.00000
2026-07-09 12:15:00+00:00,1.14341,1.14350,1.14310,1.14326,1051.00000
2026-07-09 12:30:00+00:00,1.14328,1.14354,1.14267,1.14283,1153.00000
2026-07-09 12:45:00+00:00,1.14284,1.14285,1.14226,1.14248,1412.00000
2026-07-09 13:00:00+00:00,1.14247,1.14306,1.14239,1.14304,1332.00000
2026-07-09 13:15:00+00:00,1.14308,1.14366,1.14305,1.14343,1425.00000
2026-07-09 13:30:00+00:00,1.14346,1.14369,1.14316,1.14348,1872.00000
2026-07-09 13:45:00+00:00,1.14349,1.14392,1.14334,1.14392,1408.00000
2026-07-09 14:00:00+00:00,1.14395,1.14460,1.14395,1.14409,1850.00000
2026-07-09 14:15:00+00:00,1.14410,1.14410,1.14364,1.14391,1318.00000
2026-07-09 14:30:00+00:00,1.14390,1.14428,1.14354,1.14365,1816.00000
2026-07-09 14:45:00+00:00,1.14364,1.14369,1.14313,1.14329,2245.00000
2026-07-09 15:00:00+00:00,1.14328,1.14361,1.14292,1.14313,1808.00000
2026-07-09 15:15:00+00:00,1.14314,1.14345,1.14292,1.14333,1240.00000
2026-07-09 15:30:00+00:00,1.14334,1.14374,1.14310,1.14374,1138.00000
2026-07-09 15:45:00+00:00,1.14373,1.14406,1.14358,1.14388,1200.00000
2026-07-09 16:00:00+00:00,1.14389,1.14404,1.14373,1.14395,1008.00000
2026-07-09 16:15:00+00:00,1.14396,1.14413,1.14359,1.14371,678.00000
2026-07-09 16:30:00+00:00,1.14367,1.14405,1.14351,1.14397,716.00000
2026-07-09 16:45:00+00:00,1.14398,1.14407,1.14365,1.14368,555.00000
2026-07-09 17:00:00+00:00,1.14367,1.14380,1.14342,1.14364,902.00000
2026-07-09 17:15:00+00:00,1.14363,1.14406,1.14355,1.14400,904.00000
2026-07-09 17:30:00+00:00,1.14403,1.14406,1.14360,1.14369,649.00000
2026-07-09 17:45:00+00:00,1.14371,1.14381,1.14367,1.14376,584.00000
2026-07-09 18:00:00+00:00,1.14377,1.14381,1.14348,1.14351,635.00000
2026-07-09 18:15:00+00:00,1.14352,1.14359,1.14319,1.14321,647.00000
2026-07-09 18:30:00+00:00,1.14321,1.14338,1.14314,1.14330,491.00000
2026-07-09 18:45:00+00:00,1.14329,1.14344,1.14322,1.14335,466.00000
2026-07-09 19:00:00+00:00,1.14339,1.14344,1.14306,1.14315,516.00000
2026-07-09 19:15:00+00:00,1.14318,1.14323,1.14287,1.14290,444.00000
2026-07-09 19:30:00+00:00,1.14289,1.14292,1.14272,1.14274,580.00000
2026-07-09 19:45:00+00:00,1.14275,1.14285,1.14255,1.14276,630.00000
2026-07-09 20:00:00+00:00,1.14273,1.14300,1.14273,1.14296,354.00000
2026-07-09 20:15:00+00:00,1.14292,1.14302,1.14286,1.14289,178.00000
2026-07-09 20:30:00+00:00,1.14290,1.14299,1.14289,1.14296,140.00000
2026-07-09 20:45:00+00:00,1.14295,1.14304,1.14277,1.14302,396.00000
2026-07-09 21:00:00+00:00,1.14323,1.14324,1.14306,1.14317,36.00000
2026-07-09 21:15:00+00:00,1.14312,1.14318,1.14300,1.14300,140.00000
2026-07-09 21:30:00+00:00,1.14301,1.14314,1.14284,1.14311,354.00000
2026-07-09 21:45:00+00:00,1.14307,1.14312,1.14301,1.14307,253.00000
2026-07-09 22:00:00+00:00,1.14306,1.14335,1.14277,1.14328,281.00000
2026-07-09 22:15:00+00:00,1.14328,1.14334,1.14327,1.14330,108.00000
2026-07-09 22:30:00+00:00,1.14329,1.14331,1.14328,1.14329,102.00000
2026-07-09 22:45:00+00:00,1.14330,1.14336,1.14329,1.14335,104.00000
2026-07-09 23:00:00+00:00,1.14333,1.14341,1.14332,1.14338,174.00000
2026-07-09 23:15:00+00:00,1.14337,1.14338,1.14315,1.14321,86.00000
2026-07-09 23:30:00+00:00,1.14320,1.14332,1.14318,1.14331,122.00000
2026-07-09 23:45:00+00:00,1.14334,1.14336,1.14321,1.14331,156.00000
2026-07-10 00:00:00+00:00,1.14333,1.14342,1.14318,1.14321,634.00000
2026-07-10 00:15:00+00:00,1.14320,1.14329,1.14309,1.14313,478.00000
2026-07-10 00:30:00+00:00,1.14311,1.14352,1.14305,1.14350,670.00000
2026-07-10 00:45:00+00:00,1.14349,1.14421,1.14349,1.14403,1510.00000
2026-07-10 01:00:00+00:00,1.14400,1.14447,1.14381,1.14446,1520.00000
2026-07-10 01:15:00+00:00,1.14447,1.14472,1.14415,1.14425,1364.00000
2026-07-10 01:30:00+00:00,1.14423,1.14457,1.14420,1.14433,1330.00000
2026-07-10 01:45:00+00:00,1.14434,1.14499,1.14422,1.14472,1476.00000
2026-07-10 02:00:00+00:00,1.14473,1.14561,1.14470,1.14557,1575.00000
2026-07-10 02:15:00+00:00,1.14556,1.14600,1.14554,1.14571,1533.00000
2026-07-10 02:30:00+00:00,1.14572,1.14592,1.14549,1.14587,1451.00000
2026-07-10 02:45:00+00:00,1.14586,1.14608,1.14573,1.14582,1111.00000
2026-07-10 03:00:00+00:00,1.14583,1.14594,1.14558,1.14559,800.00000
2026-07-10 03:15:00+00:00,1.14559,1.14563,1.14537,1.14557,648.00000
2026-07-10 03:30:00+00:00,1.14558,1.14568,1.14535,1.14542,588.00000
2026-07-10 03:45:00+00:00,1.14541,1.14541,1.14473,1.14495,636.00000
2026-07-10 04:00:00+00:00,1.14494,1.14494,1.14470,1.14489,474.00000
2026-07-10 04:15:00+00:00,1.14488,1.14490,1.14443,1.14458,556.00000
2026-07-10 04:30:00+00:00,1.14457,1.14457,1.14417,1.14418,406.00000
2026-07-10 04:45:00+00:00,1.14417,1.14428,1.14391,1.14427,630.00000
2026-07-10 05:00:00+00:00,1.14428,1.14446,1.14401,1.14404,830.00000
2026-07-10 05:15:00+00:00,1.14403,1.14411,1.14374,1.14380,534.00000
2026-07-10 05:30:00+00:00,1.14378,1.14384,1.14355,1.14375,670.00000
2026-07-10 05:45:00+00:00,1.14376,1.14412,1.14375,1.14397,912.00000
2026-07-10 06:00:00+00:00,1.14394,1.14442,1.14392,1.14430,1276.00000
2026-07-10 06:15:00+00:00,1.14435,1.14474,1.14404,1.14419,1599.00000
2026-07-10 06:30:00+00:00,1.14420,1.14461,1.14402,1.14402,1342.00000
2026-07-10 06:45:00+00:00,1.14401,1.14431,1.14390,1.14421,825.00000
2026-07-10 07:00:00+00:00,1.14424,1.14425,1.14375,1.14384,1322.00000
2026-07-10 07:15:00+00:00,1.14385,1.14422,1.14374,1.14396,1343.00000
2026-07-10 07:30:00+00:00,1.14395,1.14412,1.14374,1.14400,1316.00000
2026-07-10 07:45:00+00:00,1.14401,1.14416,1.14365,1.14372,1197.00000
2026-07-10 08:00:00+00:00,1.14371,1.14423,1.14352,1.14371,1752.00000
2026-07-10 08:15:00+00:00,1.14370,1.14371,1.14321,1.14340,1299.00000
2026-07-10 08:30:00+00:00,1.14341,1.14359,1.14318,1.14353,1420.00000
2026-07-10 08:45:00+00:00,1.14352,1.14354,1.14304,1.14305,964.00000
2026-07-10 09:00:00+00:00,1.14304,1.14342,1.14304,1.14332,1094.00000
2026-07-10 09:15:00+00:00,1.14333,1.14338,1.14308,1.14326,788.00000
2026-07-10 09:30:00+00:00,1.14325,1.14332,1.14290,1.14295,850.00000
2026-07-10 09:45:00+00:00,1.14296,1.14308,1.14267,1.14272,1051.00000
2026-07-10 10:00:00+00:00,1.14275,1.14293,1.14267,1.14289,815.00000
2026-07-10 10:15:00+00:00,1.14288,1.14336,1.14284,1.14333,745.00000
2026-07-10 10:30:00+00:00,1.14334,1.14338,1.14303,1.14318,865.00000
2026-07-10 10:45:00+00:00,1.14319,1.14353,1.14305,1.14333,1092.00000
2026-07-10 11:00:00+00:00,1.14334,1.14353,1.14303,1.14305,946.00000
2026-07-10 11:15:00+00:00,1.14306,1.14319,1.14272,1.14301,1065.00000
2026-07-10 11:30:00+00:00,1.14303,1.14311,1.14265,1.14297,1312.00000
2026-07-10 11:45:00+00:00,1.14291,1.14320,1.14289,1.14309,1044.00000
2026-07-10 12:00:00+00:00,1.14313,1.14420,1.14267,1.14353,1802.00000
2026-07-10 12:15:00+00:00,1.14356,1.14362,1.14288,1.14290,1219.00000
2026-07-10 12:30:00+00:00,1.14289,1.14305,1.14251,1.14261,1447.00000
2026-07-10 12:45:00+00:00,1.14263,1.14295,1.14233,1.14291,1316.00000
2026-07-10 13:00:00+00:00,1.14292,1.14295,1.14197,1.14222,1557.00000
2026-07-10 13:15:00+00:00,1.14223,1.14233,1.14197,1.14201,1148.00000
2026-07-10 13:30:00+00:00,1.14202,1.14266,1.14196,1.14258,1704.00000
2026-07-10 13:45:00+00:00,1.14259,1.14260,1.14195,1.14207,1720.00000
2026-07-10 14:00:00+00:00,1.14208,1.14237,1.14167,1.14236,1569.00000
2026-07-10 14:15:00+00:00,1.14237,1.14267,1.14205,1.14261,1538.00000
2026-07-10 14:30:00+00:00,1.14264,1.14285,1.14122,1.14206,3292.00000
2026-07-10 14:45:00+00:00,1.14205,1.14231,1.14184,1.14224,1950.00000
2026-07-10 15:00:00+00:00,1.14225,1.14287,1.14214,1.14265,1787.00000
2026-07-10 15:15:00+00:00,1.14266,1.14348,1.14266,1.14333,2232.00000
2026-07-10 15:30:00+00:00,1.14331,1.14349,1.14314,1.14315,1456.00000
2026-07-10 15:45:00+00:00,1.14317,1.14390,1.14317,1.14377,1193.00000
2026-07-10 16:00:00+00:00,1.14376,1.14403,1.14362,1.14397,1564.00000
2026-07-10 16:15:00+00:00,1.14396,1.14412,1.14358,1.14393,1362.00000
2026-07-10 16:30:00+00:00,1.14392,1.14394,1.14346,1.14346,1008.00000
2026-07-10 16:45:00+00:00,1.14347,1.14355,1.14295,1.14296,1304.00000
2026-07-10 17:00:00+00:00,1.14295,1.14312,1.14261,1.14273,964.00000
2026-07-10 17:15:00+00:00,1.14272,1.14276,1.14223,1.14248,817.00000
2026-07-10 17:30:00+00:00,1.14247,1.14247,1.14199,1.14217,806.00000
2026-07-10 17:45:00+00:00,1.14216,1.14227,1.14167,1.14176,825.00000
2026-07-10 18:00:00+00:00,1.14177,1.14181,1.14158,1.14165,1080.00000
2026-07-10 18:15:00+00:00,1.14166,1.14170,1.14142,1.14146,880.00000
2026-07-10 18:30:00+00:00,1.14145,1.14163,1.14117,1.14129,704.00000
2026-07-10 18:45:00+00:00,1.14132,1.14165,1.14129,1.14164,638.00000
2026-07-10 19:00:00+00:00,1.14163,1.14164,1.14140,1.14149,590.00000
2026-07-10 19:15:00+00:00,1.14152,1.14164,1.14148,1.14159,368.00000
2026-07-10 19:30:00+00:00,1.14158,1.14171,1.14147,1.14150,576.00000
2026-07-10 19:45:00+00:00,1.14149,1.14168,1.14139,1.14159,694.00000
2026-07-10 20:00:00+00:00,1.14158,1.14183,1.14144,1.14157,498.00000
2026-07-10 20:15:00+00:00,1.14155,1.14169,1.14140,1.14146,272.00000
2026-07-10 20:30:00+00:00,1.14143,1.14143,1.14116,1.14129,230.00000
2026-07-10 20:45:00+00:00,1.14131,1.14151,1.14130,1.14148,1179.00000
2026-07-12 21:00:00+00:00,1.14014,1.14071,1.14009,1.14061,145.00000
2026-07-12 21:15:00+00:00,1.14066,1.14066,1.14037,1.14056,40.00000
2026-07-12 21:30:00+00:00,1.14040,1.14041,1.14023,1.14034,40.00000
2026-07-12 21:45:00+00:00,1.14033,1.14063,1.14028,1.14037,113.00000
2026-07-12 22:00:00+00:00,1.14037,1.14043,1.13886,1.13902,1108.00000
2026-07-12 22:15:00+00:00,1.13903,1.13962,1.13892,1.13949,774.00000
2026-07-12 22:30:00+00:00,1.13946,1.13957,1.13937,1.13943,683.00000
2026-07-12 22:45:00+00:00,1.13942,1.13958,1.13940,1.13947,358.00000
2026-07-12 23:00:00+00:00,1.13946,1.13971,1.13932,1.13969,468.00000
2026-07-12 23:15:00+00:00,1.13967,1.13985,1.13964,1.13984,354.00000
2026-07-12 23:30:00+00:00,1.13983,1.13991,1.13962,1.13985,332.00000
2026-07-12 23:45:00+00:00,1.13984,1.14042,1.13983,1.14042,742.00000
2026-07-13 00:00:00+00:00,1.14045,1.14045,1.14004,1.14007,1484.00000
2026-07-13 00:15:00+00:00,1.14006,1.14054,1.13978,1.14016,1084.00000
2026-07-13 00:30:00+00:00,1.14015,1.14032,1.13954,1.13970,1094.00000
2026-07-13 00:45:00+00:00,1.13971,1.13984,1.13948,1.13955,1238.00000
2026-07-13 01:00:00+00:00,1.13951,1.13952,1.13905,1.13906,1420.00000
2026-07-13 01:15:00+00:00,1.13905,1.13924,1.13843,1.13898,1351.00000
2026-07-13 01:30:00+00:00,1.13899,1.13952,1.13891,1.13951,1290.00000
2026-07-13 01:45:00+00:00,1.13952,1.13975,1.13937,1.13974,1513.00000
2026-07-13 02:00:00+00:00,1.13976,1.13983,1.13934,1.13950,1266.00000
2026-07-13 02:15:00+00:00,1.13949,1.13962,1.13943,1.13955,850.00000
2026-07-13 02:30:00+00:00,1.13956,1.13998,1.13943,1.13996,808.00000
2026-07-13 02:45:00+00:00,1.13997,1.13998,1.13942,1.13943,736.00000
2026-07-13 03:00:00+00:00,1.13942,1.13953,1.13907,1.13934,736.00000
2026-07-13 03:15:00+00:00,1.13933,1.13958,1.13931,1.13951,718.00000
2026-07-13 03:30:00+00:00,1.13949,1.13970,1.13948,1.13961,660.00000
2026-07-13 03:45:00+00:00,1.13962,1.13990,1.13957,1.13990,510.00000
2026-07-13 04:00:00+00:00,1.13989,1.13992,1.13968,1.13992,602.00000
2026-07-13 04:15:00+00:00,1.13990,1.14014,1.13983,1.14014,496.00000
2026-07-13 04:30:00+00:00,1.14015,1.14026,1.14008,1.14011,410.00000
2026-07-13 04:45:00+00:00,1.14012,1.14051,1.14011,1.14039,486.00000
2026-07-13 05:00:00+00:00,1.14041,1.14091,1.14036,1.14081,964.00000
2026-07-13 05:15:00+00:00,1.14080,1.14084,1.14010,1.14016,1014.00000
2026-07-13 05:30:00+00:00,1.14015,1.14035,1.13996,1.14012,1182.00000
2026-07-13 05:45:00+00:00,1.14011,1.14041,1.13969,1.13986,1496.00000
2026-07-13 06:00:00+00:00,1.13987,1.13995,1.13958,1.13966,1450.00000
2026-07-13 06:15:00+00:00,1.13967,1.14038,1.13966,1.14037,1350.00000
2026-07-13 06:30:00+00:00,1.14038,1.14076,1.14028,1.14048,1332.00000
2026-07-13 06:45:00+00:00,1.14049,1.14069,1.14001,1.14010,1308.00000
2026-07-13 07:00:00+00:00,1.14011,1.14104,1.14009,1.14081,2628.00000
2026-07-13 07:15:00+00:00,1.14082,1.14094,1.14065,1.14091,1166.00000
2026-07-13 07:30:00+00:00,1.14088,1.14219,1.14067,1.14166,2090.00000
2026-07-13 07:45:00+00:00,1.14167,1.14262,1.14166,1.14247,1982.00000
2026-07-13 08:00:00+00:00,1.14250,1.14432,1.14242,1.14398,2990.00000
2026-07-13 08:15:00+00:00,1.14399,1.14459,1.14371,1.14385,2288.00000
2026-07-13 08:30:00+00:00,1.14386,1.14407,1.14357,1.14394,1614.00000
2026-07-13 08:45:00+00:00,1.14393,1.14397,1.14358,1.14360,1503.00000
2026-07-13 09:00:00+00:00,1.14358,1.14373,1.14310,1.14315,1358.00000
2026-07-13 09:15:00+00:00,1.14314,1.14345,1.14285,1.14318,1243.00000
2026-07-13 09:30:00+00:00,1.14317,1.14331,1.14277,1.14296,1293.00000
2026-07-13 09:45:00+00:00,1.14297,1.14315,1.14274,1.14315,1033.00000
2026-07-13 10:00:00+00:00,1.14316,1.14348,1.14306,1.14318,1304.00000
2026-07-13 10:15:00+00:00,1.14317,1.14317,1.14278,1.14291,1093.00000
2026-07-13 10:30:00+00:00,1.14290,1.14315,1.14259,1.14291,1066.00000
2026-07-13 10:45:00+00:00,1.14292,1.14356,1.14284,1.14355,1340.00000
2026-07-13 11:00:00+00:00,1.14359,1.14373,1.14277,1.14301,1585.00000
2026-07-13 11:15:00+00:00,1.14300,1.14304,1.14252,1.14291,1260.00000
2026-07-13 11:30:00+00:00,1.14290,1.14309,1.14267,1.14302,994.00000
2026-07-13 11:45:00+00:00,1.14301,1.14301,1.14267,1.14276,1292.00000
2026-07-13 12:00:00+00:00,1.14274,1.14307,1.14205,1.14223,1812.00000
2026-07-13 12:15:00+00:00,1.14227,1.14252,1.14209,1.14241,1550.00000
2026-07-13 12:30:00+00:00,1.14242,1.14286,1.14230,1.14254,1491.00000
2026-07-13 12:45:00+00:00,1.14252,1.14309,1.14219,1.14309,1332.00000
2026-07-13 13:00:00+00:00,1.14314,1.14334,1.14260,1.14265,1699.00000
2026-07-13 13:15:00+00:00,1.14266,1.14273,1.14228,1.14246,1202.00000
2026-07-13 13:30:00+00:00,1.14249,1.14296,1.14196,1.14209,2392.00000
2026-07-13 13:45:00+00:00,1.14208,1.14221,1.14144,1.14145,2240.00000
2026-07-13 14:00:00+00:00,1.14144,1.14161,1.14108,1.14138,2166.00000
2026-07-13 14:15:00+00:00,1.14137,1.14149,1.14006,1.14079,3384.00000
2026-07-13 14:30:00+00:00,1.14078,1.14090,1.13997,1.14029,2031.00000
2026-07-13 14:45:00+00:00,1.14028,1.14072,1.13984,1.14061,2470.00000
2026-07-13 15:00:00+00:00,1.14062,1.14066,1.13973,1.13982,2008.00000
2026-07-13 15:15:00+00:00,1.13981,1.14019,1.13964,1.13995,1544.00000
2026-07-13 15:30:00+00:00,1.13996,1.14009,1.13965,1.13997,1465.00000
2026-07-13 15:45:00+00:00,1.13998,1.14039,1.13970,1.14015,1238.00000
2026-07-13 16:00:00+00:00,1.14018,1.14027,1.13999,1.14014,1108.00000
2026-07-13 16:15:00+00:00,1.14015,1.14017,1.13891,1.13911,1468.00000
2026-07-13 16:30:00+00:00,1.13906,1.13914,1.13828,1.13897,3182.00000
2026-07-13 16:45:00+00:00,1.13898,1.13921,1.13834,1.13887,2555.00000
2026-07-13 17:00:00+00:00,1.13890,1.13908,1.13853,1.13870,1504.00000
2026-07-13 17:15:00+00:00,1.13871,1.13891,1.13857,1.13875,1028.00000
2026-07-13 17:30:00+00:00,1.13872,1.13889,1.13855,1.13886,930.00000
2026-07-13 17:45:00+00:00,1.13888,1.13900,1.13859,1.13862,876.00000
2026-07-13 18:00:00+00:00,1.13863,1.13887,1.13847,1.13867,1138.00000
2026-07-13 18:15:00+00:00,1.13866,1.13878,1.13850,1.13868,932.00000
2026-07-13 18:30:00+00:00,1.13872,1.13889,1.13861,1.13878,1016.00000
2026-07-13 18:45:00+00:00,1.13879,1.13883,1.13858,1.13874,916.00000
2026-07-13 19:00:00+00:00,1.13872,1.13879,1.13821,1.13821,1154.00000
2026-07-13 19:15:00+00:00,1.13822,1.13846,1.13818,1.13830,800.00000
2026-07-13 19:30:00+00:00,1.13831,1.13846,1.13825,1.13834,593.00000
2026-07-13 19:45:00+00:00,1.13833,1.13839,1.13823,1.13834,634.00000
2026-07-13 20:00:00+00:00,1.13836,1.13844,1.13795,1.13798,494.00000
2026-07-13 20:15:00+00:00,1.13799,1.13799,1.13775,1.13796,364.00000
2026-07-13 20:30:00+00:00,1.13797,1.13802,1.13784,1.13797,264.00000
2026-07-13 20:45:00+00:00,1.13798,1.13805,1.13792,1.13804,228.00000
2026-07-13 21:00:00+00:00,1.13821,1.13833,1.13788,1.13822,83.00000
2026-07-13 21:15:00+00:00,1.13788,1.13845,1.13788,1.13845,28.00000
2026-07-13 21:30:00+00:00,1.13838,1.13874,1.13817,1.13841,437.00000
2026-07-13 21:45:00+00:00,1.13833,1.13850,1.13820,1.13833,310.00000
2026-07-13 22:00:00+00:00,1.13825,1.13862,1.13809,1.13830,377.00000
2026-07-13 22:15:00+00:00,1.13829,1.13840,1.13829,1.13837,200.00000
2026-07-13 22:30:00+00:00,1.13840,1.13850,1.13828,1.13850,260.00000
2026-07-13 22:45:00+00:00,1.13849,1.13849,1.13809,1.13809,272.00000
2026-07-13 23:00:00+00:00,1.13808,1.13829,1.13800,1.13814,354.00000
2026-07-13 23:15:00+00:00,1.13813,1.13820,1.13801,1.13810,398.00000
2026-07-13 23:30:00+00:00,1.13809,1.13836,1.13803,1.13825,446.00000
2026-07-13 23:45:00+00:00,1.13824,1.13839,1.13816,1.13834,756.00000
2026-07-14 00:00:00+00:00,1.13835,1.13865,1.13812,1.13847,1866.00000
2026-07-14 00:15:00+00:00,1.13848,1.13848,1.13782,1.13803,1838.00000
2026-07-14 00:30:00+00:00,1.13804,1.13883,1.13797,1.13876,1608.00000
2026-07-14 00:45:00+00:00,1.13875,1.13895,1.13847,1.13848,2018.00000
2026-07-14 01:00:00+00:00,1.13847,1.13874,1.13846,1.13866,1348.00000
2026-07-14 01:15:00+00:00,1.13868,1.13902,1.13851,1.13851,1242.00000
2026-07-14 01:30:00+00:00,1.13852,1.13886,1.13850,1.13878,1036.00000
2026-07-14 01:45:00+00:00,1.13877,1.13906,1.13865,1.13888,1152.00000
2026-07-14 02:00:00+00:00,1.13889,1.13913,1.13889,1.13905,1096.00000
2026-07-14 02:15:00+00:00,1.13904,1.13940,1.13903,1.13937,798.00000
2026-07-14 02:30:00+00:00,1.13938,1.13943,1.13923,1.13926,591.00000
2026-07-14 02:45:00+00:00,1.13924,1.13931,1.13906,1.13907,700.00000
2026-07-14 03:00:00+00:00,1.13908,1.13924,1.13884,1.13913,708.00000
2026-07-14 03:15:00+00:00,1.13912,1.13932,1.13887,1.13930,866.00000
2026-07-14 03:30:00+00:00,1.13931,1.13967,1.13925,1.13939,1206.00000
2026-07-14 03:45:00+00:00,1.13940,1.13951,1.13933,1.13936,674.00000
2026-07-14 04:00:00+00:00,1.13937,1.13946,1.13905,1.13929,592.00000
2026-07-14 04:15:00+00:00,1.13931,1.13946,1.13927,1.13927,544.00000
2026-07-14 04:30:00+00:00,1.13928,1.13940,1.13918,1.13921,850.00000
2026-07-14 04:45:00+00:00,1.13922,1.13922,1.13875,1.13906,692.00000
2026-07-14 05:00:00+00:00,1.13908,1.13931,1.13906,1.13927,534.00000
2026-07-14 05:15:00+00:00,1.13928,1.13947,1.13926,1.13940,638.00000
2026-07-14 05:30:00+00:00,1.13941,1.13959,1.13926,1.13942,936.00000
2026-07-14 05:45:00+00:00,1.13943,1.13943,1.13909,1.13918,760.00000
2026-07-14 06:00:00+00:00,1.13917,1.13926,1.13879,1.13884,1298.00000
2026-07-14 06:15:00+00:00,1.13885,1.13895,1.13861,1.13872,1048.00000
2026-07-14 06:30:00+00:00,1.13874,1.13938,1.13867,1.13885,1384.00000
2026-07-14 06:45:00+00:00,1.13884,1.13886,1.13846,1.13860,1182.00000
2026-07-14 07:00:00+00:00,1.13861,1.13903,1.13841,1.13867,1840.00000
2026-07-14 07:15:00+00:00,1.13866,1.13947,1.13864,1.13937,1525.00000
2026-07-14 07:30:00+00:00,1.13936,1.13938,1.13889,1.13917,1548.00000
2026-07-14 07:45:00+00:00,1.13918,1.13976,1.13917,1.13959,1634.00000
2026-07-14 08:00:00+00:00,1.13962,1.13982,1.13933,1.13966,1740.00000
2026-07-14 08:15:00+00:00,1.13969,1.14005,1.13956,1.14000,1436.00000
2026-07-14 08:30:00+00:00,1.14001,1.14060,1.13982,1.14055,1462.00000
2026-07-14 08:45:00+00:00,1.14054,1.14057,1.13992,1.13995,1703.00000
2026-07-14 09:00:00+00:00,1.13996,1.14037,1.13992,1.14033,1644.00000
2026-07-14 09:15:00+00:00,1.14034,1.14034,1.13976,1.13983,1414.00000
2026-07-14 09:30:00+00:00,1.13984,1.13992,1.13949,1.13952,1207.00000
2026-07-14 09:45:00+00:00,1.13953,1.14029,1.13949,1.14010,1580.00000
2026-07-14 10:00:00+00:00,1.14013,1.14016,1.13969,1.13977,1006.00000
2026-07-14 10:15:00+00:00,1.13979,1.13991,1.13941,1.13950,1236.00000
2026-07-14 10:30:00+00:00,1.13951,1.13971,1.13933,1.13947,1216.00000
2026-07-14 10:45:00+00:00,1.13948,1.13957,1.13910,1.13918,1124.00000
2026-07-14 11:00:00+00:00,1.13920,1.13946,1.13899,1.13942,1584.00000
2026-07-14 11:15:00+00:00,1.13941,1.13971,1.13925,1.13953,1338.00000
2026-07-14 11:30:00+00:00,1.13954,1.14013,1.13953,1.14012,1296.00000
2026-07-14 11:45:00+00:00,1.14011,1.14093,1.14011,1.14066,1620.00000
2026-07-14 12:00:00+00:00,1.14065,1.14075,1.14040,1.14062,1610.00000
2026-07-14 12:15:00+00:00,1.14061,1.14152,1.14042,1.14138,1797.00000
2026-07-14 12:30:00+00:00,1.14140,1.14624,1.14074,1.14579,7310.00000
2026-07-14 12:45:00+00:00,1.14582,1.14592,1.14412,1.14461,4677.00000
2026-07-14 13:00:00+00:00,1.14464,1.14552,1.14415,1.14453,4242.00000
2026-07-14 13:15:00+00:00,1.14451,1.14534,1.14440,1.14500,3422.00000
2026-07-14 13:30:00+00:00,1.14504,1.14539,1.14468,1.14528,3618.00000
2026-07-14 13:45:00+00:00,1.14525,1.14544,1.14478,1.14515,2447.00000
2026-07-14 14:00:00+00:00,1.14514,1.14590,1.14504,1.14551,2618.00000
2026-07-14 14:15:00+00:00,1.14550,1.14553,1.14438,1.14443,3030.00000
2026-07-14 14:30:00+00:00,1.14441,1.14584,1.14412,1.14481,3014.00000
2026-07-14 14:45:00+00:00,1.14480,1.14495,1.14401,1.14452,2230.00000
2026-07-14 15:00:00+00:00,1.14451,1.14536,1.14421,1.14485,2763.00000
2026-07-14 15:15:00+00:00,1.14484,1.14493,1.14410,1.14416,1641.00000
2026-07-14 15:30:00+00:00,1.14415,1.14437,1.14304,1.14332,2326.00000
2026-07-14 15:45:00+00:00,1.14333,1.14363,1.14258,1.14271,2316.00000
2026-07-14 16:00:00+00:00,1.14274,1.14289,1.14241,1.14281,1908.00000
2026-07-14 16:15:00+00:00,1.14282,1.14308,1.14267,1.14303,1294.00000
2026-07-14 16:30:00+00:00,1.14305,1.14344,1.14304,1.14323,920.00000
2026-07-14 16:45:00+00:00,1.14325,1.14333,1.14298,1.14319,804.00000
2026-07-14 17:00:00+00:00,1.14316,1.14333,1.14229,1.14230,1280.00000
2026-07-14 17:15:00+00:00,1.14233,1.14264,1.14192,1.14258,1300.00000
2026-07-14 17:30:00+00:00,1.14263,1.14267,1.14240,1.14259,786.00000
2026-07-14 17:45:00+00:00,1.14260,1.14282,1.14228,1.14233,1113.00000
2026-07-14 18:00:00+00:00,1.14234,1.14251,1.14230,1.14240,938.00000
2026-07-14 18:15:00+00:00,1.14242,1.14263,1.14202,1.14214,1034.00000
2026-07-14 18:30:00+00:00,1.14212,1.14232,1.14161,1.14191,1318.00000
2026-07-14 18:45:00+00:00,1.14190,1.14239,1.14190,1.14235,990.00000
2026-07-14 19:00:00+00:00,1.14239,1.14261,1.14229,1.14255,873.00000
2026-07-14 19:15:00+00:00,1.14256,1.14260,1.14231,1.14245,1040.00000
2026-07-14 19:30:00+00:00,1.14246,1.14246,1.14211,1.14227,1216.00000
2026-07-14 19:45:00+00:00,1.14228,1.14240,1.14202,1.14202,868.00000
2026-07-14 20:00:00+00:00,1.14203,1.14226,1.14184,1.14205,580.00000
2026-07-14 20:15:00+00:00,1.14204,1.14209,1.14190,1.14194,222.00000
2026-07-14 20:30:00+00:00,1.14193,1.14215,1.14192,1.14204,298.00000
2026-07-14 20:45:00+00:00,1.14203,1.14215,1.14193,1.14209,429.00000
2026-07-14 21:00:00+00:00,1.14200,1.14218,1.14175,1.14214,56.00000
2026-07-14 21:15:00+00:00,1.14217,1.14232,1.14189,1.14223,63.00000
2026-07-14 21:30:00+00:00,1.14220,1.14231,1.14191,1.14209,113.00000
2026-07-14 21:45:00+00:00,1.14203,1.14218,1.14189,1.14196,264.00000
2026-07-14 22:00:00+00:00,1.14193,1.14236,1.14174,1.14189,349.00000
2026-07-14 22:15:00+00:00,1.14187,1.14203,1.14182,1.14202,264.00000
2026-07-14 22:30:00+00:00,1.14201,1.14217,1.14198,1.14210,324.00000
2026-07-14 22:45:00+00:00,1.14209,1.14211,1.14192,1.14205,210.00000
2026-07-14 23:00:00+00:00,1.14206,1.14221,1.14199,1.14219,280.00000
2026-07-14 23:15:00+00:00,1.14220,1.14226,1.14206,1.14226,164.00000
2026-07-14 23:30:00+00:00,1.14228,1.14246,1.14216,1.14243,242.00000
2026-07-14 23:45:00+00:00,1.14244,1.14249,1.14233,1.14245,286.00000
2026-07-15 00:00:00+00:00,1.14244,1.14276,1.14239,1.14256,1090.00000
2026-07-15 00:15:00+00:00,1.14255,1.14303,1.14255,1.14295,848.00000
2026-07-15 00:30:00+00:00,1.14296,1.14300,1.14264,1.14271,598.00000
2026-07-15 00:45:00+00:00,1.14274,1.14341,1.14274,1.14331,928.00000
2026-07-15 01:00:00+00:00,1.14330,1.14356,1.14324,1.14353,1212.00000
2026-07-15 01:15:00+00:00,1.14354,1.14375,1.14351,1.14359,1068.00000
2026-07-15 01:30:00+00:00,1.14357,1.14369,1.14331,1.14338,1014.00000
2026-07-15 01:45:00+00:00,1.14339,1.14358,1.14326,1.14355,848.00000
2026-07-15 02:00:00+00:00,1.14353,1.14392,1.14342,1.14362,994.00000
2026-07-15 02:15:00+00:00,1.14361,1.14361,1.14332,1.14351,654.00000
2026-07-15 02:30:00+00:00,1.14352,1.14411,1.14349,1.14409,732.00000
2026-07-15 02:45:00+00:00,1.14410,1.14422,1.14394,1.14403,576.00000
2026-07-15 03:00:00+00:00,1.14404,1.14423,1.14377,1.14377,720.00000
2026-07-15 03:15:00+00:00,1.14376,1.14377,1.14334,1.14349,714.00000
2026-07-15 03:30:00+00:00,1.14350,1.14370,1.14341,1.14342,583.00000
2026-07-15 03:45:00+00:00,1.14344,1.14384,1.14344,1.14380,492.00000
2026-07-15 04:00:00+00:00,1.14382,1.14391,1.14368,1.14374,516.00000
2026-07-15 04:15:00+00:00,1.14373,1.14403,1.14370,1.14394,522.00000
2026-07-15 04:30:00+00:00,1.14393,1.14408,1.14376,1.14381,488.00000
2026-07-15 04:45:00+00:00,1.14380,1.14396,1.14366,1.14370,408.00000
2026-07-15 05:00:00+00:00,1.14372,1.14380,1.14354,1.14367,996.00000
2026-07-15 05:15:00+00:00,1.14368,1.14384,1.14365,1.14375,648.00000
2026-07-15 05:30:00+00:00,1.14374,1.14409,1.14373,1.14409,774.00000
2026-07-15 05:45:00+00:00,1.14408,1.14432,1.14404,1.14405,1016.00000
2026-07-15 06:00:00+00:00,1.14406,1.14426,1.14391,1.14399,852.00000
2026-07-15 06:15:00+00:00,1.14398,1.14438,1.14397,1.14419,848.00000
2026-07-15 06:30:00+00:00,1.14420,1.14420,1.14377,1.14386,888.00000
2026-07-15 06:45:00+00:00,1.14385,1.14387,1.14280,1.14288,2064.00000
2026-07-15 07:00:00+00:00,1.14287,1.14319,1.14261,1.14301,1846.00000
2026-07-15 07:15:00+00:00,1.14300,1.14305,1.14199,1.14226,1497.00000
2026-07-15 07:30:00+00:00,1.14225,1.14248,1.14212,1.14239,1557.00000
2026-07-15 07:45:00+00:00,1.14240,1.14252,1.14216,1.14234,1111.00000
2026-07-15 08:00:00+00:00,1.14235,1.14275,1.14215,1.14227,1550.00000
2026-07-15 08:15:00+00:00,1.14228,1.14254,1.14223,1.14252,1114.00000
2026-07-15 08:30:00+00:00,1.14253,1.14268,1.14238,1.14245,1115.00000
2026-07-15 08:45:00+00:00,1.14244,1.14255,1.14210,1.14244,1108.00000
2026-07-15 09:00:00+00:00,1.14250,1.14259,1.14203,1.14243,1136.00000
2026-07-15 09:15:00+00:00,1.14242,1.14251,1.14218,1.14219,1122.00000
2026-07-15 09:30:00+00:00,1.14220,1.14225,1.14180,1.14206,1088.00000
2026-07-15 09:45:00+00:00,1.14209,1.14221,1.14166,1.14169,1500.00000
2026-07-15 10:00:00+00:00,1.14170,1.14181,1.14134,1.14150,1426.00000
2026-07-15 10:15:00+00:00,1.14148,1.14183,1.14122,1.14132,1281.00000
2026-07-15 10:30:00+00:00,1.14133,1.14146,1.14107,1.14126,1296.00000
2026-07-15 10:45:00+00:00,1.14125,1.14159,1.14120,1.14158,822.00000
2026-07-15 11:00:00+00:00,1.14160,1.14194,1.14154,1.14171,1235.00000
2026-07-15 11:15:00+00:00,1.14170,1.14185,1.14153,1.14159,916.00000
2026-07-15 11:30:00+00:00,1.14158,1.14191,1.14145,1.14147,902.00000
2026-07-15 11:45:00+00:00,1.14149,1.14156,1.14101,1.14117,2152.00000
2026-07-15 12:00:00+00:00,1.14121,1.14145,1.14060,1.14092,1635.00000
2026-07-15 12:15:00+00:00,1.14094,1.14149,1.14076,1.14143,1495.00000
2026-07-15 12:30:00+00:00,1.14137,1.14253,1.14134,1.14251,2576.00000
2026-07-15 12:45:00+00:00,1.14250,1.14302,1.14245,1.14284,2049.00000
2026-07-15 13:00:00+00:00,1.14287,1.14338,1.14270,1.14271,1967.00000
2026-07-15 13:15:00+00:00,1.14270,1.14335,1.14236,1.14245,1436.00000
2026-07-15 13:30:00+00:00,1.14244,1.14281,1.14240,1.14265,1572.00000
2026-07-15 13:45:00+00:00,1.14268,1.14356,1.14252,1.14301,2406.00000
2026-07-15 14:00:00+00:00,1.14305,1.14356,1.14302,1.14319,1616.00000
2026-07-15 14:15:00+00:00,1.14320,1.14355,1.14302,1.14323,1955.00000
2026-07-15 14:30:00+00:00,1.14324,1.14392,1.14323,1.14387,2593.00000
2026-07-15 14:45:00+00:00,1.14388,1.14414,1.14328,1.14369,3196.00000
2026-07-15 15:00:00+00:00,1.14370,1.14415,1.14356,1.14356,1692.00000
2026-07-15 15:15:00+00:00,1.14355,1.14401,1.14334,1.14395,2051.00000
2026-07-15 15:30:00+00:00,1.14394,1.14394,1.14317,1.14344,2100.00000
2026-07-15 15:45:00+00:00,1.14345,1.14371,1.14318,1.14353,1420.00000
2026-07-15 16:00:00+00:00,1.14354,1.14362,1.14303,1.14345,1576.00000
2026-07-15 16:15:00+00:00,1.14344,1.14397,1.14340,1.14388,1432.00000
2026-07-15 16:30:00+00:00,1.14387,1.14391,1.14343,1.14354,1148.00000
2026-07-15 16:45:00+00:00,1.14355,1.14422,1.14347,1.14422,1912.00000
2026-07-15 17:00:00+00:00,1.14423,1.14501,1.14421,1.14496,1580.00000
2026-07-15 17:15:00+00:00,1.14495,1.14558,1.14480,1.14558,1392.00000
2026-07-15 17:30:00+00:00,1.14557,1.14709,1.14556,1.14706,2210.00000
2026-07-15 17:45:00+00:00,1.14704,1.14748,1.14669,1.14733,1706.00000
2026-07-15 18:00:00+00:00,1.14734,1.14769,1.14723,1.14733,1252.00000
2026-07-15 18:15:00+00:00,1.14730,1.14787,1.14723,1.14784,1011.00000
2026-07-15 18:30:00+00:00,1.14785,1.14825,1.14733,1.14734,1236.00000
2026-07-15 18:45:00+00:00,1.14733,1.14744,1.14661,1.14667,1338.00000
2026-07-15 19:00:00+00:00,1.14662,1.14739,1.14658,1.14738,1364.00000
2026-07-15 19:15:00+00:00,1.14737,1.14746,1.14702,1.14728,1058.00000
2026-07-15 19:30:00+00:00,1.14726,1.14726,1.14624,1.14631,1770.00000
2026-07-15 19:45:00+00:00,1.14632,1.14649,1.14615,1.14639,1116.00000
2026-07-15 20:00:00+00:00,1.14637,1.14645,1.14609,1.14615,587.00000
2026-07-15 20:15:00+00:00,1.14616,1.14641,1.14614,1.14638,323.00000
2026-07-15 20:30:00+00:00,1.14639,1.14639,1.14611,1.14626,294.00000
2026-07-15 20:45:00+00:00,1.14627,1.14640,1.14623,1.14635,296.00000
2026-07-15 21:00:00+00:00,1.14641,1.14647,1.14608,1.14639,52.00000
2026-07-15 21:15:00+00:00,1.14616,1.14644,1.14600,1.14644,11.00000
2026-07-15 21:30:00+00:00,1.14654,1.14654,1.14609,1.14645,237.00000
2026-07-15 21:45:00+00:00,1.14647,1.14662,1.14636,1.14642,314.00000
2026-07-15 22:00:00+00:00,1.14644,1.14681,1.14617,1.14664,362.00000
2026-07-15 22:15:00+00:00,1.14663,1.14672,1.14653,1.14672,198.00000
2026-07-15 22:30:00+00:00,1.14673,1.14675,1.14663,1.14667,170.00000
2026-07-15 22:45:00+00:00,1.14666,1.14670,1.14652,1.14669,254.00000
2026-07-15 23:00:00+00:00,1.14671,1.14689,1.14666,1.14688,194.00000
2026-07-15 23:15:00+00:00,1.14687,1.14697,1.14677,1.14693,274.00000
2026-07-15 23:30:00+00:00,1.14692,1.14707,1.14684,1.14705,318.00000
2026-07-15 23:45:00+00:00,1.14704,1.14709,1.14691,1.14698,434.00000
2026-07-16 00:00:00+00:00,1.14699,1.14740,1.14692,1.14738,1004.00000
2026-07-16 00:15:00+00:00,1.14737,1.14740,1.14702,1.14719,652.00000
2026-07-16 00:30:00+00:00,1.14720,1.14724,1.14680,1.14698,680.00000
2026-07-16 00:45:00+00:00,1.14696,1.14746,1.14673,1.14738,1566.00000
2026-07-16 01:00:00+00:00,1.14736,1.14740,1.14705,1.14728,942.00000
2026-07-16 01:15:00+00:00,1.14727,1.14731,1.14686,1.14697,982.00000
2026-07-16 01:30:00+00:00,1.14700,1.14707,1.14652,1.14670,1038.00000
2026-07-16 01:45:00+00:00,1.14671,1.14672,1.14650,1.14658,630.00000
2026-07-16 02:00:00+00:00,1.14659,1.14659,1.14605,1.14608,686.00000
2026-07-16 02:15:00+00:00,1.14609,1.14646,1.14602,1.14643,588.00000
2026-07-16 02:30:00+00:00,1.14642,1.14652,1.14622,1.14632,786.00000
2026-07-16 02:45:00+00:00,1.14633,1.14648,1.14616,1.14646,506.00000
2026-07-16 03:00:00+00:00,1.14648,1.14669,1.14634,1.14658,647.00000
2026-07-16 03:15:00+00:00,1.14656,1.14684,1.14656,1.14681,506.00000
2026-07-16 03:30:00+00:00,1.14679,1.14689,1.14671,1.14672,423.00000
2026-07-16 03:45:00+00:00,1.14667,1.14675,1.14656,1.14666,380.00000
2026-07-16 04:00:00+00:00,1.14662,1.14664,1.14638,1.14651,496.00000
2026-07-16 04:15:00+00:00,1.14650,1.14651,1.14631,1.14632,370.00000
2026-07-16 04:30:00+00:00,1.14633,1.14672,1.14632,1.14660,504.00000
2026-07-16 04:45:00+00:00,1.14659,1.14668,1.14651,1.14662,553.00000
2026-07-16 05:00:00+00:00,1.14663,1.14675,1.14657,1.14673,522.00000
2026-07-16 05:15:00+00:00,1.14674,1.14683,1.14663,1.14667,587.00000
2026-07-16 05:30:00+00:00,1.14666,1.14689,1.14661,1.14671,1012.00000
2026-07-16 05:45:00+00:00,1.14672,1.14672,1.14622,1.14633,792.00000
2026-07-16 06:00:00+00:00,1.14635,1.14696,1.14632,1.14692,1238.00000
2026-07-16 06:15:00+00:00,1.14688,1.14691,1.14658,1.14682,1090.00000
2026-07-16 06:30:00+00:00,1.14681,1.14683,1.14650,1.14667,1196.00000
2026-07-16 06:45:00+00:00,1.14666,1.14710,1.14662,1.14685,944.00000
2026-07-16 07:00:00+00:00,1.14686,1.14702,1.14667,1.14682,1161.00000
2026-07-16 07:15:00+00:00,1.14681,1.14722,1.14678,1.14692,1124.00000
2026-07-16 07:30:00+00:00,1.14687,1.14720,1.14673,1.14714,876.00000
2026-07-16 07:45:00+00:00,1.14717,1.14764,1.14686,1.14691,1502.00000
2026-07-16 08:00:00+00:00,1.14694,1.14719,1.14636,1.14643,1680.00000
2026-07-16 08:15:00+00:00,1.14644,1.14663,1.14625,1.14650,1521.00000
2026-07-16 08:30:00+00:00,1.14649,1.14683,1.14649,1.14672,1178.00000
2026-07-16 08:45:00+00:00,1.14673,1.14676,1.14628,1.14658,1100.00000
2026-07-16 09:00:00+00:00,1.14659,1.14659,1.14627,1.14652,1006.00000
2026-07-16 09:15:00+00:00,1.14647,1.14668,1.14630,1.14634,778.00000
2026-07-16 09:30:00+00:00,1.14635,1.14654,1.14604,1.14652,1275.00000
2026-07-16 09:45:00+00:00,1.14653,1.14682,1.14651,1.14663,804.00000
2026-07-16 10:00:00+00:00,1.14662,1.14662,1.14643,1.14657,820.00000
2026-07-16 10:15:00+00:00,1.14658,1.14684,1.14651,1.14653,776.00000
2026-07-16 10:30:00+00:00,1.14655,1.14655,1.14621,1.14646,1100.00000
2026-07-16 10:45:00+00:00,1.14647,1.14663,1.14593,1.14599,816.00000
2026-07-16 11:00:00+00:00,1.14597,1.14623,1.14588,1.14603,972.00000
2026-07-16 11:15:00+00:00,1.14604,1.14632,1.14582,1.14603,974.00000
2026-07-16 11:30:00+00:00,1.14602,1.14664,1.14601,1.14645,1145.00000
2026-07-16 11:45:00+00:00,1.14646,1.14690,1.14565,1.14686,2251.00000
2026-07-16 12:00:00+00:00,1.14689,1.14707,1.14636,1.14647,2021.00000
2026-07-16 12:15:00+00:00,1.14648,1.14653,1.14599,1.14636,1528.00000
2026-07-16 12:30:00+00:00,1.14634,1.14651,1.14511,1.14527,2301.00000
2026-07-16 12:45:00+00:00,1.14526,1.14561,1.14470,1.14476,1832.00000
2026-07-16 13:00:00+00:00,1.14478,1.14536,1.14445,1.14534,2050.00000
2026-07-16 13:15:00+00:00,1.14531,1.14584,1.14508,1.14582,1430.00000
2026-07-16 13:30:00+00:00,1.14583,1.14591,1.14533,1.14535,2476.00000
2026-07-16 13:45:00+00:00,1.14536,1.14561,1.14496,1.14496,1912.00000
2026-07-16 14:00:00+00:00,1.14497,1.14539,1.14450,1.14482,2102.00000
2026-07-16 14:15:00+00:00,1.14483,1.14524,1.14469,1.14492,1810.00000
2026-07-16 14:30:00+00:00,1.14494,1.14521,1.14424,1.14447,1724.00000
2026-07-16 14:45:00+00:00,1.14449,1.14461,1.14401,1.14430,1912.00000
2026-07-16 15:00:00+00:00,1.14428,1.14430,1.14365,1.14418,1902.00000
2026-07-16 15:15:00+00:00,1.14419,1.14440,1.14398,1.14404,1542.00000
2026-07-16 15:30:00+00:00,1.14405,1.14468,1.14400,1.14465,1246.00000
2026-07-16 15:45:00+00:00,1.14466,1.14496,1.14456,1.14469,1090.00000
2026-07-16 16:00:00+00:00,1.14470,1.14471,1.14408,1.14420,1156.00000
2026-07-16 16:15:00+00:00,1.14419,1.14428,1.14356,1.14362,1499.00000
2026-07-16 16:30:00+00:00,1.14363,1.14386,1.14347,1.14370,974.00000
2026-07-16 16:45:00+00:00,1.14370,1.14381,1.14342,1.14348,986.00000
2026-07-16 17:00:00+00:00,1.14347,1.14351,1.14312,1.14319,967.00000
2026-07-16 17:15:00+00:00,1.14321,1.14353,1.14318,1.14351,672.00000
2026-07-16 17:30:00+00:00,1.14354,1.14357,1.14326,1.14346,868.00000
2026-07-16 17:45:00+00:00,1.14347,1.14383,1.14344,1.14365,961.00000
2026-07-16 18:00:00+00:00,1.14367,1.14380,1.14349,1.14376,1026.00000
2026-07-16 18:15:00+00:00,1.14377,1.14391,1.14364,1.14366,850.00000
2026-07-16 18:30:00+00:00,1.14365,1.14378,1.14357,1.14376,784.00000
2026-07-16 18:45:00+00:00,1.14377,1.14387,1.14369,1.14385,776.00000
2026-07-16 19:00:00+00:00,1.14384,1.14401,1.14373,1.14375,748.00000
2026-07-16 19:15:00+00:00,1.14374,1.14376,1.14343,1.14351,724.00000
2026-07-16 19:30:00+00:00,1.14352,1.14380,1.14350,1.14373,632.00000
2026-07-16 19:45:00+00:00,1.14374,1.14417,1.14373,1.14404,899.00000
2026-07-16 20:00:00+00:00,1.14403,1.14419,1.14398,1.14403,556.00000
2026-07-16 20:15:00+00:00,1.14404,1.14407,1.14386,1.14397,208.00000
2026-07-16 20:30:00+00:00,1.14396,1.14441,1.14394,1.14429,384.00000
2026-07-16 20:45:00+00:00,1.14425,1.14443,1.14425,1.14429,275.00000
2026-07-16 21:00:00+00:00,1.14408,1.14422,1.14391,1.14422,52.00000
2026-07-16 21:15:00+00:00,1.14408,1.14424,1.14406,1.14423,54.00000
2026-07-16 21:30:00+00:00,1.14421,1.14423,1.14402,1.14421,130.00000
2026-07-16 21:45:00+00:00,1.14420,1.14427,1.14416,1.14418,120.00000
2026-07-16 22:00:00+00:00,1.14430,1.14448,1.14402,1.14445,237.00000
2026-07-16 22:15:00+00:00,1.14444,1.14445,1.14434,1.14437,120.00000
2026-07-16 22:30:00+00:00,1.14438,1.14441,1.14431,1.14432,146.00000
2026-07-16 22:45:00+00:00,1.14428,1.14435,1.14422,1.14433,218.00000
2026-07-16 23:00:00+00:00,1.14432,1.14444,1.14426,1.14441,288.00000
2026-07-16 23:15:00+00:00,1.14443,1.14454,1.14438,1.14448,154.00000
2026-07-16 23:30:00+00:00,1.14446,1.14464,1.14444,1.14452,160.00000
2026-07-16 23:45:00+00:00,1.14451,1.14453,1.14437,1.14451,295.00000
2026-07-17 00:00:00+00:00,1.14458,1.14463,1.14439,1.14444,918.00000
2026-07-17 00:15:00+00:00,1.14446,1.14459,1.14418,1.14420,740.00000
2026-07-17 00:30:00+00:00,1.14419,1.14434,1.14412,1.14414,570.00000
2026-07-17 00:45:00+00:00,1.14415,1.14469,1.14414,1.14469,860.00000
2026-07-17 01:00:00+00:00,1.14468,1.14482,1.14435,1.14446,920.00000
2026-07-17 01:15:00+00:00,1.14447,1.14467,1.14433,1.14435,636.00000
2026-07-17 01:30:00+00:00,1.14434,1.14444,1.14417,1.14433,544.00000
2026-07-17 01:45:00+00:00,1.14432,1.14432,1.14374,1.14391,788.00000
2026-07-17 02:00:00+00:00,1.14392,1.14414,1.14389,1.14411,682.00000
2026-07-17 02:15:00+00:00,1.14410,1.14414,1.14389,1.14390,616.00000
2026-07-17 02:30:00+00:00,1.14391,1.14400,1.14367,1.14380,674.00000
2026-07-17 02:45:00+00:00,1.14381,1.14395,1.14367,1.14369,686.00000
2026-07-17 03:00:00+00:00,1.14371,1.14402,1.14364,1.14379,632.00000
2026-07-17 03:15:00+00:00,1.14382,1.14401,1.14381,1.14393,482.00000
2026-07-17 03:30:00+00:00,1.14392,1.14399,1.14359,1.14364,638.00000
2026-07-17 03:45:00+00:00,1.14365,1.14394,1.14359,1.14393,504.00000
2026-07-17 04:00:00+00:00,1.14394,1.14394,1.14377,1.14379,462.00000
2026-07-17 04:15:00+00:00,1.14380,1.14384,1.14361,1.14364,536.00000
2026-07-17 04:30:00+00:00,1.14365,1.14380,1.14359,1.14368,504.00000
2026-07-17 04:45:00+00:00,1.14367,1.14379,1.14346,1.14361,414.00000
2026-07-17 05:00:00+00:00,1.14362,1.14371,1.14357,1.14365,402.00000
2026-07-17 05:15:00+00:00,1.14366,1.14381,1.14357,1.14369,506.00000
2026-07-17 05:30:00+00:00,1.14370,1.14436,1.14369,1.14418,1250.00000
2026-07-17 05:45:00+00:00,1.14417,1.14434,1.14391,1.14397,998.00000
2026-07-17 06:00:00+00:00,1.14398,1.14460,1.14397,1.14459,1246.00000
2026-07-17 06:15:00+00:00,1.14458,1.14512,1.14458,1.14485,1198.00000
2026-07-17 06:30:00+00:00,1.14484,1.14516,1.14478,1.14495,1106.00000
2026-07-17 06:45:00+00:00,1.14494,1.14523,1.14483,1.14498,1310.00000
2026-07-17 07:00:00+00:00,1.14499,1.14522,1.14471,1.14489,1133.00000
2026-07-17 07:15:00+00:00,1.14490,1.14491,1.14443,1.14468,937.00000
2026-07-17 07:30:00+00:00,1.14469,1.14499,1.14444,1.14469,876.00000
2026-07-17 07:45:00+00:00,1.14466,1.14495,1.14448,1.14448,1012.00000
2026-07-17 08:00:00+00:00,1.14453,1.14479,1.14402,1.14408,1393.00000
2026-07-17 08:15:00+00:00,1.14407,1.14409,1.14357,1.14402,1620.00000
2026-07-17 08:30:00+00:00,1.14401,1.14437,1.14396,1.14426,1422.00000
2026-07-17 08:45:00+00:00,1.14425,1.14432,1.14392,1.14412,1082.00000
2026-07-17 09:00:00+00:00,1.14409,1.14422,1.14371,1.14386,1268.00000
2026-07-17 09:15:00+00:00,1.14385,1.14425,1.14374,1.14419,1092.00000
2026-07-17 09:30:00+00:00,1.14416,1.14419,1.14363,1.14378,986.00000
2026-07-17 09:45:00+00:00,1.14376,1.14406,1.14374,1.14405,970.00000
2026-07-17 10:00:00+00:00,1.14404,1.14404,1.14357,1.14392,1220.00000
2026-07-17 10:15:00+00:00,1.14393,1.14404,1.14313,1.14324,985.00000
2026-07-17 10:30:00+00:00,1.14323,1.14338,1.14310,1.14326,872.00000
2026-07-17 10:45:00+00:00,1.14328,1.14331,1.14261,1.14267,1332.00000
2026-07-17 11:00:00+00:00,1.14272,1.14303,1.14245,1.14290,1292.00000
2026-07-17 11:15:00+00:00,1.14291,1.14309,1.14271,1.14304,1140.00000
2026-07-17 11:30:00+00:00,1.14305,1.14361,1.14300,1.14335,1061.00000
2026-07-17 11:45:00+00:00,1.14334,1.14348,1.14293,1.14301,946.00000
2026-07-17 12:00:00+00:00,1.14302,1.14353,1.14302,1.14329,1109.00000
2026-07-17 12:15:00+00:00,1.14330,1.14344,1.14309,1.14343,988.00000
2026-07-17 12:30:00+00:00,1.14344,1.14344,1.14260,1.14269,1148.00000
2026-07-17 12:45:00+00:00,1.14268,1.14293,1.14249,1.14290,1287.00000
2026-07-17 13:00:00+00:00,1.14291,1.14319,1.14257,1.14295,1675.00000
2026-07-17 13:15:00+00:00,1.14294,1.14298,1.14244,1.14253,1675.00000
2026-07-17 13:30:00+00:00,1.14256,1.14330,1.14249,1.14320,2533.00000
2026-07-17 13:45:00+00:00,1.14319,1.14369,1.14302,1.14360,2172.00000
2026-07-17 14:00:00+00:00,1.14359,1.14375,1.14331,1.14364,2029.00000
2026-07-17 14:15:00+00:00,1.14365,1.14410,1.14343,1.14354,1642.00000
2026-07-17 14:30:00+00:00,1.14357,1.14425,1.14349,1.14420,1594.00000
2026-07-17 14:45:00+00:00,1.14421,1.14442,1.14380,1.14397,1705.00000
2026-07-17 15:00:00+00:00,1.14398,1.14433,1.14388,1.14395,1424.00000
2026-07-17 15:15:00+00:00,1.14397,1.14444,1.14393,1.14415,1098.00000
2026-07-17 15:30:00+00:00,1.14419,1.14426,1.14372,1.14373,1424.00000
2026-07-17 15:45:00+00:00,1.14374,1.14411,1.14372,1.14400,972.00000
2026-07-17 16:00:00+00:00,1.14401,1.14405,1.14341,1.14399,1670.00000
2026-07-17 16:15:00+00:00,1.14403,1.14417,1.14379,1.14410,896.00000
2026-07-17 16:30:00+00:00,1.14409,1.14415,1.14388,1.14399,820.00000
2026-07-17 16:45:00+00:00,1.14398,1.14399,1.14371,1.14382,666.00000
2026-07-17 17:00:00+00:00,1.14383,1.14388,1.14343,1.14347,758.00000
2026-07-17 17:15:00+00:00,1.14343,1.14361,1.14333,1.14358,826.00000
2026-07-17 17:30:00+00:00,1.14359,1.14361,1.14339,1.14339,426.00000
2026-07-17 17:45:00+00:00,1.14340,1.14351,1.14337,1.14343,406.00000
2026-07-17 18:00:00+00:00,1.14342,1.14361,1.14335,1.14352,414.00000
2026-07-17 18:15:00+00:00,1.14350,1.14373,1.14344,1.14368,722.00000
2026-07-17 18:30:00+00:00,1.14369,1.14374,1.14355,1.14359,458.00000
2026-07-17 18:45:00+00:00,1.14358,1.14365,1.14346,1.14354,410.00000
2026-07-17 19:00:00+00:00,1.14353,1.14365,1.14350,1.14359,342.00000
2026-07-17 19:15:00+00:00,1.14360,1.14370,1.14339,1.14358,598.00000
2026-07-17 19:30:00+00:00,1.14361,1.14390,1.14340,1.14382,492.00000
2026-07-17 19:45:00+00:00,1.14381,1.14415,1.14378,1.14410,724.00000
2026-07-17 20:00:00+00:00,1.14409,1.14424,1.14393,1.14393,314.00000
2026-07-17 20:15:00+00:00,1.14392,1.14398,1.14363,1.14377,246.00000
2026-07-17 20:30:00+00:00,1.14378,1.14384,1.14368,1.14376,272.00000
2026-07-17 20:45:00+00:00,1.14372,1.14386,1.14363,1.14378,1007.00000
2026-07-19 21:00:00+00:00,1.14271,1.14296,1.14252,1.14293,56.00000
2026-07-19 21:15:00+00:00,1.14264,1.14301,1.14264,1.14278,21.00000
2026-07-19 21:30:00+00:00,1.14300,1.14316,1.14273,1.14311,59.00000
2026-07-19 21:45:00+00:00,1.14306,1.14313,1.14299,1.14299,60.00000
2026-07-19 22:00:00+00:00,1.14290,1.14310,1.14247,1.14298,572.00000
2026-07-19 22:15:00+00:00,1.14297,1.14313,1.14264,1.14275,540.00000
2026-07-19 22:30:00+00:00,1.14271,1.14299,1.14265,1.14283,372.00000
2026-07-19 22:45:00+00:00,1.14282,1.14283,1.14264,1.14265,160.00000
2026-07-19 23:00:00+00:00,1.14267,1.14270,1.14251,1.14252,314.00000
2026-07-19 23:15:00+00:00,1.14253,1.14259,1.14238,1.14254,212.00000
2026-07-19 23:30:00+00:00,1.14255,1.14270,1.14249,1.14267,194.00000
2026-07-19 23:45:00+00:00,1.14269,1.14276,1.14252,1.14274,548.00000
2026-07-20 00:00:00+00:00,1.14278,1.14310,1.14265,1.14297,796.00000
2026-07-20 00:15:00+00:00,1.14298,1.14328,1.14298,1.14323,870.00000
2026-07-20 00:30:00+00:00,1.14322,1.14323,1.14304,1.14317,658.00000
2026-07-20 00:45:00+00:00,1.14319,1.14336,1.14317,1.14334,580.00000
2026-07-20 01:00:00+00:00,1.14335,1.14356,1.14313,1.14319,954.00000
2026-07-20 01:15:00+00:00,1.14320,1.14345,1.14314,1.14345,966.00000
2026-07-20 01:30:00+00:00,1.14344,1.14356,1.14316,1.14329,884.00000
2026-07-20 01:45:00+00:00,1.14330,1.14365,1.14324,1.14362,686.00000
2026-07-20 02:00:00+00:00,1.14361,1.14381,1.14346,1.14364,846.00000
2026-07-20 02:15:00+00:00,1.14365,1.14390,1.14361,1.14390,546.00000
2026-07-20 02:30:00+00:00,1.14389,1.14429,1.14379,1.14407,598.00000
2026-07-20 02:45:00+00:00,1.14408,1.14424,1.14396,1.14409,490.00000
2026-07-20 03:00:00+00:00,1.14410,1.14414,1.14397,1.14407,458.00000
2026-07-20 03:15:00+00:00,1.14406,1.14415,1.14402,1.14409,348.00000
2026-07-20 03:30:00+00:00,1.14410,1.14425,1.14404,1.14424,404.00000
2026-07-20 03:45:00+00:00,1.14423,1.14426,1.14417,1.14420,324.00000
2026-07-20 04:00:00+00:00,1.14419,1.14428,1.14413,1.14425,270.00000
2026-07-20 04:15:00+00:00,1.14426,1.14446,1.14425,1.14445,369.00000
2026-07-20 04:30:00+00:00,1.14446,1.14451,1.14439,1.14449,240.00000
2026-07-20 04:45:00+00:00,1.14448,1.14450,1.14441,1.14445,294.00000
2026-07-20 05:00:00+00:00,1.14444,1.14449,1.14424,1.14431,442.00000
2026-07-20 05:15:00+00:00,1.14430,1.14438,1.14419,1.14421,472.00000
2026-07-20 05:30:00+00:00,1.14420,1.14422,1.14403,1.14404,412.00000
2026-07-20 05:45:00+00:00,1.14403,1.14423,1.14400,1.14401,516.00000
2026-07-20 06:00:00+00:00,1.14398,1.14422,1.14362,1.14369,810.00000
2026-07-20 06:15:00+00:00,1.14370,1.14393,1.14362,1.14365,789.00000
2026-07-20 06:30:00+00:00,1.14368,1.14391,1.14341,1.14359,858.00000
2026-07-20 06:45:00+00:00,1.14358,1.14395,1.14349,1.14351,822.00000
2026-07-20 07:00:00+00:00,1.14353,1.14395,1.14341,1.14348,1002.00000
2026-07-20 07:15:00+00:00,1.14349,1.14425,1.14340,1.14425,1276.00000
2026-07-20 07:30:00+00:00,1.14424,1.14495,1.14419,1.14479,1974.00000
2026-07-20 07:45:00+00:00,1.14481,1.14489,1.14421,1.14442,1207.00000
2026-07-20 08:00:00+00:00,1.14443,1.14456,1.14417,1.14422,900.00000
2026-07-20 08:15:00+00:00,1.14428,1.14430,1.14379,1.14382,846.00000
2026-07-20 08:30:00+00:00,1.14379,1.14437,1.14375,1.14409,742.00000
2026-07-20 08:45:00+00:00,1.14410,1.14416,1.14375,1.14390,889.00000
2026-07-20 09:00:00+00:00,1.14389,1.14397,1.14331,1.14343,868.00000
2026-07-20 09:15:00+00:00,1.14344,1.14353,1.14305,1.14307,717.00000
2026-07-20 09:30:00+00:00,1.14305,1.14325,1.14292,1.14318,619.00000
2026-07-20 09:45:00+00:00,1.14312,1.14312,1.14274,1.14301,772.00000
2026-07-20 10:00:00+00:00,1.14300,1.14333,1.14284,1.14316,818.00000
2026-07-20 10:15:00+00:00,1.14313,1.14328,1.14311,1.14318,512.00000
2026-07-20 10:30:00+00:00,1.14316,1.14362,1.14312,1.14345,630.00000
2026-07-20 10:45:00+00:00,1.14346,1.14349,1.14305,1.14311,654.00000
2026-07-20 11:00:00+00:00,1.14312,1.14336,1.14287,1.14303,1024.00000
2026-07-20 11:15:00+00:00,1.14304,1.14334,1.14302,1.14333,816.00000
2026-07-20 11:30:00+00:00,1.14334,1.14406,1.14333,1.14350,2848.00000
2026-07-20 11:45:00+00:00,1.14349,1.14352,1.14281,1.14293,1380.00000
2026-07-20 12:00:00+00:00,1.14294,1.14301,1.14210,1.14224,1868.00000
2026-07-20 12:15:00+00:00,1.14223,1.14223,1.14172,1.14193,1492.00000
2026-07-20 12:30:00+00:00,1.14192,1.14236,1.14169,1.14199,1390.00000
2026-07-20 12:45:00+00:00,1.14201,1.14278,1.14201,1.14237,1425.00000
2026-07-20 13:00:00+00:00,1.14240,1.14246,1.14178,1.14196,1368.00000
2026-07-20 13:15:00+00:00,1.14197,1.14206,1.14170,1.14193,1102.00000
2026-07-20 13:30:00+00:00,1.14196,1.14200,1.14145,1.14151,1492.00000
2026-07-20 13:45:00+00:00,1.14152,1.14184,1.14145,1.14152,1276.00000
2026-07-20 14:00:00+00:00,1.14151,1.14163,1.14120,1.14142,1369.00000
2026-07-20 14:15:00+00:00,1.14146,1.14176,1.14127,1.14164,1286.00000
2026-07-20 14:30:00+00:00,1.14163,1.14164,1.14064,1.14066,1318.00000
2026-07-20 14:45:00+00:00,1.14065,1.14104,1.14024,1.14067,1628.00000
2026-07-20 15:00:00+00:00,1.14068,1.14104,1.14048,1.14074,2116.00000
2026-07-20 15:15:00+00:00,1.14071,1.14098,1.14053,1.14095,978.00000
2026-07-20 15:30:00+00:00,1.14094,1.14113,1.14071,1.14082,1050.00000
2026-07-20 15:45:00+00:00,1.14084,1.14124,1.14080,1.14113,991.00000
2026-07-20 16:00:00+00:00,1.14111,1.14158,1.14108,1.14158,947.00000
2026-07-20 16:15:00+00:00,1.14157,1.14171,1.14134,1.14138,911.00000
2026-07-20 16:30:00+00:00,1.14140,1.14153,1.14076,1.14112,1101.00000
2026-07-20 16:45:00+00:00,1.14111,1.14119,1.14097,1.14116,864.00000
2026-07-20 17:00:00+00:00,1.14117,1.14146,1.14113,1.14118,1038.00000
2026-07-20 17:15:00+00:00,1.14121,1.14154,1.14118,1.14148,750.00000
2026-07-20 17:30:00+00:00,1.14147,1.14150,1.14128,1.14134,545.00000
2026-07-20 17:45:00+00:00,1.14133,1.14147,1.14126,1.14139,656.00000
2026-07-20 18:00:00+00:00,1.14140,1.14167,1.14139,1.14166,506.00000
2026-07-20 18:15:00+00:00,1.14167,1.14189,1.14163,1.14173,793.00000
2026-07-20 18:30:00+00:00,1.14174,1.14174,1.14138,1.14141,570.00000
2026-07-20 18:45:00+00:00,1.14142,1.14156,1.14132,1.14153,726.00000
2026-07-20 19:00:00+00:00,1.14154,1.14164,1.14137,1.14142,728.00000
2026-07-20 19:15:00+00:00,1.14141,1.14179,1.14134,1.14173,656.00000
2026-07-20 19:30:00+00:00,1.14174,1.14182,1.14155,1.14162,678.00000
2026-07-20 19:45:00+00:00,1.14163,1.14174,1.14146,1.14157,746.00000
2026-07-20 20:00:00+00:00,1.14156,1.14169,1.14136,1.14141,314.00000
2026-07-20 20:15:00+00:00,1.14140,1.14149,1.14125,1.14147,220.00000
2026-07-20 20:30:00+00:00,1.14148,1.14148,1.14127,1.14134,216.00000
2026-07-20 20:45:00+00:00,1.14133,1.14143,1.14126,1.14137,308.00000
2026-07-20 21:00:00+00:00,1.14145,1.14163,1.14126,1.14162,66.00000
2026-07-20 21:15:00+00:00,1.14166,1.14169,1.14116,1.14130,76.00000
2026-07-20 21:30:00+00:00,1.14131,1.14136,1.14093,1.14122,199.00000
2026-07-20 21:45:00+00:00,1.14123,1.14123,1.14099,1.14117,58.00000
2026-07-20 22:00:00+00:00,1.14112,1.14123,1.14096,1.14120,608.00000
2026-07-20 22:15:00+00:00,1.14121,1.14126,1.14116,1.14120,128.00000
2026-07-20 22:30:00+00:00,1.14119,1.14122,1.14114,1.14121,208.00000
2026-07-20 22:45:00+00:00,1.14122,1.14138,1.14121,1.14130,308.00000
2026-07-20 23:00:00+00:00,1.14131,1.14136,1.14125,1.14135,256.00000
2026-07-20 23:15:00+00:00,1.14136,1.14140,1.14127,1.14132,120.00000
2026-07-20 23:30:00+00:00,1.14131,1.14136,1.14131,1.14131,22.00000
2026-07-20 23:45:00+00:00,1.14130,1.14161,1.14130,1.14159,230.00000
2026-07-21 00:00:00+00:00,1.14158,1.14183,1.14153,1.14161,1024.00000
2026-07-21 00:15:00+00:00,1.14160,1.14162,1.14122,1.14128,438.00000
2026-07-21 00:30:00+00:00,1.14127,1.14143,1.14115,1.14143,288.00000
2026-07-21 00:45:00+00:00,1.14146,1.14162,1.14131,1.14132,570.00000
2026-07-21 01:00:00+00:00,1.14133,1.14153,1.14122,1.14132,490.00000
2026-07-21 01:15:00+00:00,1.14134,1.14166,1.14130,1.14147,796.00000
2026-07-21 01:30:00+00:00,1.14148,1.14161,1.14126,1.14159,808.00000
2026-07-21 01:45:00+00:00,1.14157,1.14162,1.14143,1.14146,532.00000
2026-07-21 02:00:00+00:00,1.14147,1.14161,1.14146,1.14150,586.00000
2026-07-21 02:15:00+00:00,1.14149,1.14162,1.14134,1.14135,516.00000
2026-07-21 02:30:00+00:00,1.14136,1.14151,1.14133,1.14134,422.00000
2026-07-21 02:45:00+00:00,1.14130,1.14131,1.14105,1.14112,364.00000
2026-07-21 03:00:00+00:00,1.14114,1.14126,1.14090,1.14096,386.00000
2026-07-21 03:15:00+00:00,1.14095,1.14117,1.14093,1.14111,516.00000
2026-07-21 03:30:00+00:00,1.14112,1.14132,1.14111,1.14129,367.00000
2026-07-21 03:45:00+00:00,1.14130,1.14154,1.14124,1.14124,382.00000
2026-07-21 04:00:00+00:00,1.14123,1.14152,1.14122,1.14149,453.00000
2026-07-21 04:15:00+00:00,1.14150,1.14157,1.14138,1.14147,326.00000
2026-07-21 04:30:00+00:00,1.14148,1.14168,1.14147,1.14166,418.00000
2026-07-21 04:45:00+00:00,1.14165,1.14181,1.14161,1.14180,284.00000
2026-07-21 05:00:00+00:00,1.14179,1.14193,1.14159,1.14161,526.00000
2026-07-21 05:15:00+00:00,1.14160,1.14176,1.14160,1.14173,404.00000
2026-07-21 05:30:00+00:00,1.14174,1.14218,1.14174,1.14216,578.00000
2026-07-21 05:45:00+00:00,1.14217,1.14217,1.14171,1.14177,472.00000
2026-07-21 06:00:00+00:00,1.14174,1.14204,1.14172,1.14191,890.00000
2026-07-21 06:15:00+00:00,1.14192,1.14220,1.14186,1.14201,903.00000
2026-07-21 06:30:00+00:00,1.14202,1.14225,1.14189,1.14220,802.00000
2026-07-21 06:45:00+00:00,1.14221,1.14238,1.14200,1.14212,859.00000
2026-07-21 07:00:00+00:00,1.14215,1.14267,1.14215,1.14220,1146.00000
2026-07-21 07:15:00+00:00,1.14222,1.14277,1.14219,1.14243,944.00000
2026-07-21 07:30:00+00:00,1.14242,1.14252,1.14221,1.14227,716.00000
2026-07-21 07:45:00+00:00,1.14226,1.14235,1.14206,1.14229,854.00000
2026-07-21 08:00:00+00:00,1.14230,1.14238,1.14213,1.14231,924.00000
2026-07-21 08:15:00+00:00,1.14230,1.14262,1.14220,1.14226,830.00000
2026-07-21 08:30:00+00:00,1.14227,1.14234,1.14183,1.14231,862.00000
2026-07-21 08:45:00+00:00,1.14232,1.14235,1.14204,1.14209,846.00000
2026-07-21 09:00:00+00:00,1.14211,1.14232,1.14209,1.14223,536.00000
2026-07-21 09:15:00+00:00,1.14224,1.14251,1.14207,1.14210,822.00000
2026-07-21 09:30:00+00:00,1.14209,1.14288,1.14202,1.14236,1022.00000
2026-07-21 09:45:00+00:00,1.14235,1.14255,1.14224,1.14224,628.00000
2026-07-21 10:00:00+00:00,1.14220,1.14277,1.14218,1.14244,1246.00000
2026-07-21 10:15:00+00:00,1.14245,1.14275,1.14240,1.14270,664.00000
2026-07-21 10:30:00+00:00,1.14267,1.14286,1.14243,1.14247,518.00000
2026-07-21 10:45:00+00:00,1.14246,1.14246,1.14201,1.14201,972.00000
2026-07-21 11:00:00+00:00,1.14202,1.14211,1.14165,1.14197,1214.00000
2026-07-21 11:15:00+00:00,1.14199,1.14217,1.14183,1.14204,752.00000
2026-07-21 11:30:00+00:00,1.14206,1.14229,1.14201,1.14226,668.00000
2026-07-21 11:45:00+00:00,1.14225,1.14225,1.14178,1.14191,846.00000
2026-07-21 12:00:00+00:00,1.14190,1.14205,1.14161,1.14171,1062.00000
2026-07-21 12:15:00+00:00,1.14172,1.14176,1.14148,1.14156,1255.00000
2026-07-21 12:30:00+00:00,1.14157,1.14188,1.14134,1.14152,1222.00000
2026-07-21 12:45:00+00:00,1.14153,1.14184,1.14150,1.14172,1066.00000
2026-07-21 13:00:00+00:00,1.14176,1.14180,1.14137,1.14165,1090.00000
2026-07-21 13:15:00+00:00,1.14166,1.14167,1.14090,1.14106,973.00000
2026-07-21 13:30:00+00:00,1.14105,1.14136,1.14054,1.14064,1860.00000
2026-07-21 13:45:00+00:00,1.14063,1.14125,1.14059,1.14113,1838.00000
2026-07-21 14:00:00+00:00,1.14115,1.14196,1.14113,1.14190,1407.00000
2026-07-21 14:15:00+00:00,1.14186,1.14187,1.14096,1.14101,1406.00000
2026-07-21 14:30:00+00:00,1.14099,1.14110,1.14038,1.14079,1447.00000
2026-07-21 14:45:00+00:00,1.14080,1.14088,1.14024,1.14059,2171.00000
2026-07-21 15:00:00+00:00,1.14055,1.14063,1.14028,1.14053,1404.00000
2026-07-21 15:15:00+00:00,1.14054,1.14114,1.14053,1.14088,1493.00000
2026-07-21 15:30:00+00:00,1.14085,1.14115,1.14056,1.14059,1282.00000
2026-07-21 15:45:00+00:00,1.14064,1.14074,1.14038,1.14074,892.00000
2026-07-21 16:00:00+00:00,1.14075,1.14096,1.14070,1.14080,788.00000
2026-07-21 16:15:00+00:00,1.14079,1.14090,1.14073,1.14082,546.00000
2026-07-21 16:30:00+00:00,1.14083,1.14109,1.14069,1.14099,610.00000
2026-07-21 16:45:00+00:00,1.14098,1.14100,1.14077,1.14080,556.00000
2026-07-21 17:00:00+00:00,1.14079,1.14093,1.14072,1.14089,646.00000
2026-07-21 17:15:00+00:00,1.14090,1.14104,1.14079,1.14103,416.00000
2026-07-21 17:30:00+00:00,1.14102,1.14106,1.14068,1.14078,330.00000
2026-07-21 17:45:00+00:00,1.14077,1.14083,1.14064,1.14068,392.00000
2026-07-21 18:00:00+00:00,1.14069,1.14070,1.14012,1.14018,737.00000
2026-07-21 18:15:00+00:00,1.14017,1.14032,1.13987,1.14025,642.00000
2026-07-21 18:30:00+00:00,1.14023,1.14028,1.13991,1.14012,524.00000
2026-07-21 18:45:00+00:00,1.14011,1.14030,1.14007,1.14029,544.00000
2026-07-21 19:00:00+00:00,1.14030,1.14040,1.14009,1.14018,558.00000
2026-07-21 19:15:00+00:00,1.14019,1.14039,1.14017,1.14032,486.00000
2026-07-21 19:30:00+00:00,1.14033,1.14034,1.14004,1.14011,540.00000
2026-07-21 19:45:00+00:00,1.14010,1.14030,1.14009,1.14016,652.00000
2026-07-21 20:00:00+00:00,1.14017,1.14030,1.14010,1.14011,288.00000
2026-07-21 20:15:00+00:00,1.14010,1.14012,1.13996,1.14011,246.00000
2026-07-21 20:30:00+00:00,1.14012,1.14013,1.14004,1.14006,187.00000
2026-07-21 20:45:00+00:00,1.14005,1.14010,1.13972,1.13977,299.00000
2026-07-21 21:00:00+00:00,1.13970,1.13986,1.13954,1.13985,71.00000
2026-07-21 21:15:00+00:00,1.13983,1.13989,1.13950,1.13983,85.00000
2026-07-21 21:30:00+00:00,1.13986,1.14014,1.13983,1.14011,102.00000
2026-07-21 21:45:00+00:00,1.14012,1.14013,1.13998,1.14006,58.00000
2026-07-21 22:00:00+00:00,1.14003,1.14009,1.13990,1.13991,272.00000
2026-07-21 22:15:00+00:00,1.13990,1.14004,1.13990,1.14000,118.00000
2026-07-21 22:30:00+00:00,1.14001,1.14004,1.13995,1.14001,166.00000
2026-07-21 22:45:00+00:00,1.14002,1.14002,1.13991,1.13992,136.00000
2026-07-21 23:00:00+00:00,1.13993,1.13996,1.13980,1.13991,210.00000
2026-07-21 23:15:00+00:00,1.13992,1.13997,1.13987,1.13990,202.00000
2026-07-21 23:30:00+00:00,1.13991,1.14008,1.13991,1.14006,154.00000
2026-07-21 23:45:00+00:00,1.14003,1.14024,1.13999,1.14022,332.00000
2026-07-22 00:00:00+00:00,1.14026,1.14040,1.14011,1.14038,1080.00000
2026-07-22 00:15:00+00:00,1.14037,1.14071,1.14034,1.14068,948.00000
2026-07-22 00:30:00+00:00,1.14069,1.14072,1.14026,1.14034,724.00000
2026-07-22 00:45:00+00:00,1.14033,1.14044,1.14017,1.14040,894.00000
2026-07-22 01:00:00+00:00,1.14041,1.14067,1.14039,1.14058,850.00000
2026-07-22 01:15:00+00:00,1.14060,1.14062,1.14023,1.14036,642.00000
2026-07-22 01:30:00+00:00,1.14037,1.14037,1.13989,1.14011,682.00000
2026-07-22 01:45:00+00:00,1.14012,1.14030,1.14011,1.14029,446.00000
2026-07-22 02:00:00+00:00,1.14032,1.14049,1.14011,1.14046,812.00000
2026-07-22 02:15:00+00:00,1.14045,1.14101,1.14040,1.14078,622.00000
2026-07-22 02:30:00+00:00,1.14077,1.14082,1.14062,1.14071,572.00000
2026-07-22 02:45:00+00:00,1.14072,1.14085,1.14055,1.14056,428.00000
2026-07-22 03:00:00+00:00,1.14057,1.14074,1.14043,1.14057,560.00000
2026-07-22 03:15:00+00:00,1.14058,1.14079,1.14057,1.14076,602.00000
2026-07-22 03:30:00+00:00,1.14077,1.14078,1.14057,1.14062,440.00000
2026-07-22 03:45:00+00:00,1.14063,1.14074,1.14057,1.14073,366.00000
2026-07-22 04:00:00+00:00,1.14074,1.14076,1.14049,1.14057,546.00000
2026-07-22 04:15:00+00:00,1.14058,1.14074,1.14057,1.14073,426.00000
2026-07-22 04:30:00+00:00,1.14072,1.14085,1.14071,1.14082,314.00000
2026-07-22 04:45:00+00:00,1.14081,1.14083,1.14073,1.14083,274.00000
2026-07-22 05:00:00+00:00,1.14084,1.14093,1.14076,1.14081,470.00000
2026-07-22 05:15:00+00:00,1.14082,1.14096,1.14071,1.14072,416.00000
2026-07-22 05:30:00+00:00,1.14071,1.14075,1.14053,1.14074,590.00000
2026-07-22 05:45:00+00:00,1.14073,1.14096,1.14060,1.14095,866.00000
2026-07-22 06:00:00+00:00,1.14091,1.14138,1.14089,1.14111,1122.00000
2026-07-22 06:15:00+00:00,1.14108,1.14124,1.14076,1.14084,1178.00000
2026-07-22 06:30:00+00:00,1.14085,1.14118,1.14071,1.14112,800.00000
2026-07-22 06:45:00+00:00,1.14113,1.14123,1.14083,1.14120,922.00000
2026-07-22 07:00:00+00:00,1.14121,1.14130,1.14086,1.14126,848.00000
2026-07-22 07:15:00+00:00,1.14125,1.14151,1.14107,1.14130,764.00000
2026-07-22 07:30:00+00:00,1.14128,1.14183,1.14056,1.14067,1700.00000
2026-07-22 07:45:00+00:00,1.14066,1.14111,1.14034,1.14094,1311.00000
2026-07-22 08:00:00+00:00,1.14097,1.14103,1.14046,1.14053,1219.00000
2026-07-22 08:15:00+00:00,1.14052,1.14097,1.14040,1.14084,1020.00000
2026-07-22 08:30:00+00:00,1.14083,1.14124,1.14083,1.14113,1220.00000
2026-07-22 08:45:00+00:00,1.14114,1.14122,1.14082,1.14100,906.00000
2026-07-22 09:00:00+00:00,1.14099,1.14123,1.14082,1.14096,988.00000
2026-07-22 09:15:00+00:00,1.14095,1.14101,1.14077,1.14092,729.00000
2026-07-22 09:30:00+00:00,1.14091,1.14133,1.14085,1.14087,1010.00000
2026-07-22 09:45:00+00:00,1.14088,1.14094,1.14042,1.14048,1218.00000
2026-07-22 10:00:00+00:00,1.14049,1.14059,1.14005,1.14029,992.00000
2026-07-22 10:15:00+00:00,1.14030,1.14076,1.14022,1.14051,1080.00000
2026-07-22 10:30:00+00:00,1.14052,1.14061,1.14034,1.14052,708.00000
2026-07-22 10:45:00+00:00,1.14051,1.14070,1.14029,1.14036,1038.00000
2026-07-22 11:00:00+00:00,1.14035,1.14050,1.14024,1.14046,987.00000
2026-07-22 11:15:00+00:00,1.14045,1.14064,1.14025,1.14041,754.00000
2026-07-22 11:30:00+00:00,1.14040,1.14066,1.14034,1.14051,1458.00000
2026-07-22 11:45:00+00:00,1.14049,1.14073,1.14039,1.14069,1538.00000
2026-07-22 12:00:00+00:00,1.14070,1.14114,1.14067,1.14113,1289.00000
2026-07-22 12:15:00+00:00,1.14115,1.14116,1.14089,1.14101,1031.00000
2026-07-22 12:30:00+00:00,1.14102,1.14136,1.14101,1.14113,1042.00000
2026-07-22 12:45:00+00:00,1.14114,1.14114,1.14037,1.14078,1358.00000
2026-07-22 13:00:00+00:00,1.14077,1.14125,1.14073,1.14100,1341.00000
2026-07-22 13:15:00+00:00,1.14101,1.14169,1.14089,1.14151,1356.00000
2026-07-22 13:30:00+00:00,1.14153,1.14216,1.14153,1.14178,1599.00000
2026-07-22 13:45:00+00:00,1.14179,1.14184,1.14119,1.14135,1388.00000
2026-07-22 14:00:00+00:00,1.14138,1.14176,1.14106,1.14164,1626.00000
2026-07-22 14:15:00+00:00,1.14165,1.14184,1.14108,1.14114,1346.00000
2026-07-22 14:30:00+00:00,1.14113,1.14133,1.14100,1.14112,1506.00000
2026-07-22 14:45:00+00:00,1.14113,1.14130,1.14078,1.14092,1778.00000
2026-07-22 15:00:00+00:00,1.14093,1.14114,1.14083,1.14099,1346.00000
2026-07-22 15:15:00+00:00,1.14098,1.14139,1.14083,1.14137,784.00000
2026-07-22 15:30:00+00:00,1.14136,1.14139,1.14075,1.14102,1268.00000
2026-07-22 15:45:00+00:00,1.14103,1.14138,1.14096,1.14137,1118.00000
2026-07-22 16:00:00+00:00,1.14136,1.14140,1.14064,1.14073,1126.00000
2026-07-22 16:15:00+00:00,1.14074,1.14118,1.14062,1.14109,942.00000
2026-07-22 16:30:00+00:00,1.14110,1.14123,1.14076,1.14088,1064.00000
2026-07-22 16:45:00+00:00,1.14084,1.14100,1.14076,1.14093,627.00000
2026-07-22 17:00:00+00:00,1.14092,1.14125,1.14088,1.14114,662.00000
2026-07-22 17:15:00+00:00,1.14115,1.14127,1.14108,1.14115,956.00000
2026-07-22 17:30:00+00:00,1.14114,1.14115,1.14081,1.14098,449.00000
2026-07-22 17:45:00+00:00,1.14099,1.14113,1.14089,1.14100,490.00000
2026-07-22 18:00:00+00:00,1.14103,1.14106,1.14081,1.14088,556.00000
2026-07-22 18:15:00+00:00,1.14089,1.14106,1.14084,1.14103,526.00000
2026-07-22 18:30:00+00:00,1.14099,1.14110,1.14090,1.14092,394.00000
2026-07-22 18:45:00+00:00,1.14093,1.14113,1.14092,1.14110,526.00000
2026-07-22 19:00:00+00:00,1.14109,1.14123,1.14097,1.14098,428.00000
2026-07-22 19:15:00+00:00,1.14097,1.14118,1.14097,1.14111,366.00000
2026-07-22 19:30:00+00:00,1.14110,1.14113,1.14103,1.14112,330.00000
2026-07-22 19:45:00+00:00,1.14113,1.14120,1.14093,1.14113,562.00000
2026-07-22 20:00:00+00:00,1.14112,1.14126,1.14106,1.14118,574.00000
2026-07-22 20:15:00+00:00,1.14117,1.14125,1.14115,1.14117,168.00000
2026-07-22 20:30:00+00:00,1.14118,1.14125,1.14108,1.14123,212.00000
2026-07-22 20:45:00+00:00,1.14122,1.14124,1.14113,1.14119,369.00000
2026-07-22 21:00:00+00:00,1.14097,1.14098,1.14060,1.14090,83.00000
2026-07-22 21:15:00+00:00,1.14092,1.14092,1.14063,1.14081,221.00000
2026-07-22 21:30:00+00:00,1.14079,1.14091,1.14060,1.14071,250.00000
2026-07-22 21:45:00+00:00,1.14074,1.14087,1.14065,1.14087,218.00000
2026-07-22 22:00:00+00:00,1.14082,1.14093,1.14071,1.14077,368.00000
2026-07-22 22:15:00+00:00,1.14078,1.14082,1.14073,1.14076,268.00000
2026-07-22 22:30:00+00:00,1.14079,1.14080,1.14060,1.14065,212.00000
2026-07-22 22:45:00+00:00,1.14064,1.14082,1.14062,1.14080,220.00000
2026-07-22 23:00:00+00:00,1.14081,1.14096,1.14081,1.14092,232.00000
2026-07-22 23:15:00+00:00,1.14093,1.14104,1.14088,1.14102,246.00000
2026-07-22 23:30:00+00:00,1.14101,1.14112,1.14097,1.14109,212.00000
2026-07-22 23:45:00+00:00,1.14105,1.14116,1.14101,1.14114,328.00000
2026-07-23 00:00:00+00:00,1.14115,1.14137,1.14111,1.14113,804.00000
2026-07-23 00:15:00+00:00,1.14114,1.14140,1.14105,1.14119,630.00000
2026-07-23 00:30:00+00:00,1.14120,1.14138,1.14119,1.14134,480.00000
2026-07-23 00:45:00+00:00,1.14135,1.14176,1.14118,1.14173,780.00000
2026-07-23 01:00:00+00:00,1.14177,1.14204,1.14171,1.14174,978.00000
2026-07-23 01:15:00+00:00,1.14175,1.14187,1.14167,1.14176,626.00000
2026-07-23 01:30:00+00:00,1.14186,1.14202,1.14170,1.14176,1244.00000
2026-07-23 01:45:00+00:00,1.14175,1.14180,1.14160,1.14163,990.00000
2026-07-23 02:00:00+00:00,1.14162,1.14187,1.14162,1.14183,486.00000
2026-07-23 02:15:00+00:00,1.14182,1.14204,1.14178,1.14202,478.00000
2026-07-23 02:30:00+00:00,1.14203,1.14261,1.14203,1.14256,657.00000
2026-07-23 02:45:00+00:00,1.14255,1.14283,1.14254,1.14276,590.00000
2026-07-23 03:00:00+00:00,1.14279,1.14292,1.14235,1.14235,570.00000
2026-07-23 03:15:00+00:00,1.14234,1.14289,1.14233,1.14287,506.00000
2026-07-23 03:30:00+00:00,1.14286,1.14300,1.14278,1.14297,444.00000
2026-07-23 03:45:00+00:00,1.14298,1.14306,1.14287,1.14291,694.00000
2026-07-23 04:00:00+00:00,1.14290,1.14355,1.14283,1.14339,950.00000
2026-07-23 04:15:00+00:00,1.14338,1.14350,1.14306,1.14349,658.00000
2026-07-23 04:30:00+00:00,1.14350,1.14357,1.14319,1.14320,430.00000
2026-07-23 04:45:00+00:00,1.14319,1.14342,1.14298,1.14326,592.00000
2026-07-23 05:00:00+00:00,1.14328,1.14350,1.14324,1.14324,628.00000
2026-07-23 05:15:00+00:00,1.14325,1.14325,1.14287,1.14304,574.00000
2026-07-23 05:30:00+00:00,1.14301,1.14310,1.14290,1.14299,585.00000
2026-07-23 05:45:00+00:00,1.14300,1.14317,1.14293,1.14299,528.00000
2026-07-23 06:00:00+00:00,1.14298,1.14330,1.14284,1.14315,1026.00000
2026-07-23 06:15:00+00:00,1.14314,1.14318,1.14277,1.14285,734.00000
2026-07-23 06:30:00+00:00,1.14286,1.14286,1.14245,1.14265,694.00000
2026-07-23 06:45:00+00:00,1.14264,1.14280,1.14237,1.14254,694.00000
2026-07-23 07:00:00+00:00,1.14256,1.14269,1.14221,1.14269,1348.00000
2026-07-23 07:15:00+00:00,1.14268,1.14276,1.14238,1.14256,855.00000
2026-07-23 07:30:00+00:00,1.14255,1.14275,1.14222,1.14224,800.00000
2026-07-23 07:45:00+00:00,1.14225,1.14255,1.14197,1.14245,1412.00000
2026-07-23 08:00:00+00:00,1.14249,1.14251,1.14194,1.14194,1011.00000
2026-07-23 08:15:00+00:00,1.14195,1.14195,1.14158,1.14171,1102.00000
2026-07-23 08:30:00+00:00,1.14170,1.14171,1.14070,1.14091,1522.00000
2026-07-23 08:45:00+00:00,1.14093,1.14119,1.14086,1.14105,1502.00000
2026-07-23 09:00:00+00:00,1.14104,1.14152,1.14101,1.14107,1380.00000
2026-07-23 09:15:00+00:00,1.14108,1.14132,1.14097,1.14101,1014.00000
2026-07-23 09:30:00+00:00,1.14102,1.14143,1.14097,1.14141,1165.00000
2026-07-23 09:45:00+00:00,1.14143,1.14147,1.14116,1.14131,872.00000
2026-07-23 10:00:00+00:00,1.14130,1.14133,1.14087,1.14102,992.00000
2026-07-23 10:15:00+00:00,1.14101,1.14105,1.14058,1.14077,1094.00000
2026-07-23 10:30:00+00:00,1.14076,1.14100,1.14061,1.14069,966.00000
2026-07-23 10:45:00+00:00,1.14070,1.14081,1.14032,1.14046,1350.00000
2026-07-23 11:00:00+00:00,1.14043,1.14067,1.14024,1.14058,1004.00000
2026-07-23 11:15:00+00:00,1.14057,1.14060,1.13972,1.13979,1176.00000
2026-07-23 11:30:00+00:00,1.13981,1.13986,1.13833,1.13872,2683.00000
2026-07-23 11:45:00+00:00,1.13873,1.13965,1.13873,1.13946,2103.00000
2026-07-23 12:00:00+00:00,1.13945,1.13953,1.13902,1.13948,1229.00000
2026-07-23 12:15:00+00:00,1.13950,1.13958,1.13810,1.13847,1745.00000
2026-07-23 12:30:00+00:00,1.13836,1.13856,1.13769,1.13784,2090.00000
2026-07-23 12:45:00+00:00,1.13782,1.13858,1.13757,1.13850,2105.00000
2026-07-23 13:00:00+00:00,1.13852,1.13863,1.13681,1.13689,2403.00000
2026-07-23 13:15:00+00:00,1.13683,1.13788,1.13683,1.13783,2258.00000
2026-07-23 13:30:00+00:00,1.13782,1.13856,1.13775,1.13785,2591.00000
2026-07-23 13:45:00+00:00,1.13786,1.13796,1.13723,1.13725,2618.00000
2026-07-23 14:00:00+00:00,1.13730,1.13761,1.13676,1.13716,2524.00000
2026-07-23 14:15:00+00:00,1.13717,1.13725,1.13640,1.13704,2589.00000
2026-07-23 14:30:00+00:00,1.13703,1.13736,1.13675,1.13676,2008.00000
2026-07-23 14:45:00+00:00,1.13677,1.13716,1.13646,1.13716,2091.00000
2026-07-23 15:00:00+00:00,1.13717,1.13754,1.13702,1.13736,1983.00000
2026-07-23 15:15:00+00:00,1.13735,1.13755,1.13680,1.13714,2301.00000
2026-07-23 15:30:00+00:00,1.13712,1.13761,1.13659,1.13734,2363.00000
2026-07-23 15:45:00+00:00,1.13733,1.13755,1.13705,1.13727,1306.00000
2026-07-23 16:00:00+00:00,1.13731,1.13778,1.13725,1.13774,1524.00000
2026-07-23 16:15:00+00:00,1.13775,1.13784,1.13729,1.13783,1136.00000
2026-07-23 16:30:00+00:00,1.13784,1.13797,1.13759,1.13784,1250.00000
2026-07-23 16:45:00+00:00,1.13782,1.13803,1.13769,1.13800,1160.00000
2026-07-23 17:00:00+00:00,1.13801,1.13810,1.13767,1.13768,1258.00000
2026-07-23 17:15:00+00:00,1.13767,1.13784,1.13755,1.13759,988.00000
2026-07-23 17:30:00+00:00,1.13763,1.13763,1.13738,1.13739,675.00000
2026-07-23 17:45:00+00:00,1.13738,1.13751,1.13712,1.13714,866.00000
2026-07-23 18:00:00+00:00,1.13713,1.13751,1.13711,1.13741,814.00000
2026-07-23 18:15:00+00:00,1.13740,1.13755,1.13728,1.13750,822.00000
2026-07-23 18:30:00+00:00,1.13749,1.13763,1.13739,1.13745,646.00000
2026-07-23 18:45:00+00:00,1.13746,1.13764,1.13741,1.13761,646.00000
2026-07-23 19:00:00+00:00,1.13762,1.13780,1.13751,1.13751,492.00000
2026-07-23 19:15:00+00:00,1.13750,1.13769,1.13739,1.13769,514.00000
2026-07-23 19:30:00+00:00,1.13770,1.13799,1.13759,1.13759,644.00000
2026-07-23 19:45:00+00:00,1.13761,1.13787,1.13751,1.13774,592.00000
2026-07-23 20:00:00+00:00,1.13775,1.13794,1.13775,1.13780,295.00000
2026-07-23 20:15:00+00:00,1.13781,1.13792,1.13770,1.13792,254.00000
2026-07-23 20:30:00+00:00,1.13794,1.13800,1.13768,1.13778,280.00000
2026-07-23 20:45:00+00:00,1.13779,1.13782,1.13766,1.13776,315.00000
2026-07-23 21:00:00+00:00,1.13750,1.13771,1.13723,1.13771,47.00000
2026-07-23 21:15:00+00:00,1.13774,1.13774,1.13754,1.13769,50.00000
2026-07-23 21:30:00+00:00,1.13768,1.13790,1.13759,1.13779,100.00000
2026-07-23 21:45:00+00:00,1.13780,1.13799,1.13749,1.13757,184.00000
2026-07-23 22:00:00+00:00,1.13767,1.13789,1.13764,1.13780,138.00000
2026-07-23 22:15:00+00:00,1.13782,1.13794,1.13776,1.13778,234.00000
2026-07-23 22:30:00+00:00,1.13777,1.13786,1.13771,1.13784,248.00000
2026-07-23 22:45:00+00:00,1.13785,1.13799,1.13785,1.13795,94.00000
2026-07-23 23:00:00+00:00,1.13796,1.13799,1.13787,1.13788,222.00000
2026-07-23 23:15:00+00:00,1.13789,1.13794,1.13788,1.13789,134.00000
2026-07-23 23:30:00+00:00,1.13788,1.13798,1.13763,1.13773,282.00000
2026-07-23 23:45:00+00:00,1.13774,1.13789,1.13758,1.13765,464.00000
2026-07-24 00:00:00+00:00,1.13764,1.13804,1.13752,1.13789,1192.00000
2026-07-24 00:15:00+00:00,1.13792,1.13803,1.13783,1.13796,664.00000
2026-07-24 00:30:00+00:00,1.13795,1.13797,1.13771,1.13773,406.00000
2026-07-24 00:45:00+00:00,1.13774,1.13840,1.13766,1.13840,740.00000
2026-07-24 01:00:00+00:00,1.13843,1.13862,1.13824,1.13839,1044.00000
2026-07-24 01:15:00+00:00,1.13840,1.13860,1.13819,1.13820,794.00000
2026-07-24 01:30:00+00:00,1.13819,1.13863,1.13818,1.13861,816.00000
2026-07-24 01:45:00+00:00,1.13859,1.13872,1.13835,1.13839,634.00000
2026-07-24 02:00:00+00:00,1.13840,1.13849,1.13829,1.13848,614.00000
2026-07-24 02:15:00+00:00,1.13847,1.13855,1.13835,1.13844,400.00000
2026-07-24 02:30:00+00:00,1.13843,1.13875,1.13843,1.13847,542.00000
2026-07-24 02:45:00+00:00,1.13846,1.13850,1.13808,1.13808,590.00000
2026-07-24 03:00:00+00:00,1.13809,1.13813,1.13779,1.13784,472.00000
2026-07-24 03:15:00+00:00,1.13783,1.13794,1.13779,1.13789,484.00000
2026-07-24 03:30:00+00:00,1.13788,1.13824,1.13788,1.13820,654.00000
2026-07-24 03:45:00+00:00,1.13819,1.13825,1.13808,1.13824,466.00000
2026-07-24 04:00:00+00:00,1.13825,1.13835,1.13818,1.13834,460.00000
2026-07-24 04:15:00+00:00,1.13833,1.13839,1.13806,1.13809,358.00000
2026-07-24 04:30:00+00:00,1.13810,1.13814,1.13778,1.13778,424.00000
2026-07-24 04:45:00+00:00,1.13776,1.13794,1.13763,1.13792,372.00000
2026-07-24 05:00:00+00:00,1.13793,1.13813,1.13784,1.13804,530.00000
2026-07-24 05:15:00+00:00,1.13803,1.13824,1.13803,1.13817,356.00000
2026-07-24 05:30:00+00:00,1.13818,1.13834,1.13804,1.13809,668.00000
2026-07-24 05:45:00+00:00,1.13808,1.13814,1.13765,1.13778,596.00000
2026-07-24 06:00:00+00:00,1.13777,1.13799,1.13774,1.13799,888.00000
2026-07-24 06:15:00+00:00,1.13802,1.13864,1.13799,1.13855,1010.00000
2026-07-24 06:30:00+00:00,1.13854,1.13865,1.13834,1.13839,950.00000
2026-07-24 06:45:00+00:00,1.13838,1.13869,1.13833,1.13868,964.00000
2026-07-24 07:00:00+00:00,1.13869,1.13959,1.13864,1.13937,1293.00000
2026-07-24 07:15:00+00:00,1.13945,1.13995,1.13902,1.13972,1106.00000
2026-07-24 07:30:00+00:00,1.13973,1.14012,1.13897,1.13929,1293.00000
2026-07-24 07:45:00+00:00,1.13926,1.13927,1.13890,1.13898,1108.00000
2026-07-24 08:00:00+00:00,1.13899,1.13905,1.13859,1.13880,1082.00000
2026-07-24 08:15:00+00:00,1.13879,1.13884,1.13837,1.13875,1102.00000
2026-07-24 08:30:00+00:00,1.13877,1.13877,1.13847,1.13858,1290.00000
2026-07-24 08:45:00+00:00,1.13859,1.13861,1.13813,1.13834,1248.00000
2026-07-24 09:00:00+00:00,1.13833,1.13866,1.13825,1.13852,1088.00000
2026-07-24 09:15:00+00:00,1.13851,1.13876,1.13833,1.13870,1057.00000
2026-07-24 09:30:00+00:00,1.13871,1.13874,1.13831,1.13860,1040.00000
2026-07-24 09:45:00+00:00,1.13862,1.13891,1.13854,1.13891,1020.00000
2026-07-24 10:00:00+00:00,1.13893,1.13906,1.13873,1.13881,902.00000
2026-07-24 10:15:00+00:00,1.13877,1.13929,1.13876,1.13901,794.00000
2026-07-24 10:30:00+00:00,1.13900,1.13918,1.13867,1.13871,702.00000
2026-07-24 10:45:00+00:00,1.13870,1.13880,1.13809,1.13830,840.00000
2026-07-24 11:00:00+00:00,1.13829,1.13881,1.13815,1.13881,1006.00000
2026-07-24 11:15:00+00:00,1.13880,1.13881,1.13822,1.13822,768.00000
2026-07-24 11:30:00+00:00,1.13823,1.13828,1.13783,1.13798,702.00000
2026-07-24 11:45:00+00:00,1.13800,1.13811,1.13712,1.13746,1489.00000
2026-07-24 12:00:00+00:00,1.13747,1.13783,1.13719,1.13777,1320.00000
2026-07-24 12:15:00+00:00,1.13776,1.13778,1.13726,1.13740,1256.00000
2026-07-24 12:30:00+00:00,1.13741,1.13761,1.13675,1.13682,1274.00000
2026-07-24 12:45:00+00:00,1.13683,1.13716,1.13675,1.13698,1177.00000
2026-07-24 13:00:00+00:00,1.13696,1.13725,1.13649,1.13704,1442.00000
2026-07-24 13:15:00+00:00,1.13703,1.13741,1.13693,1.13706,1492.00000
2026-07-24 13:30:00+00:00,1.13709,1.13734,1.13678,1.13716,1422.00000
2026-07-24 13:45:00+00:00,1.13702,1.13767,1.13687,1.13766,1480.00000
2026-07-24 14:00:00+00:00,1.13767,1.13794,1.13705,1.13720,1819.00000
2026-07-24 14:15:00+00:00,1.13721,1.13783,1.13721,1.13754,1696.00000
2026-07-24 14:30:00+00:00,1.13755,1.13791,1.13747,1.13761,1187.00000
2026-07-24 14:45:00+00:00,1.13760,1.13808,1.13749,1.13782,2374.00000
2026-07-24 15:00:00+00:00,1.13783,1.13891,1.13768,1.13873,2345.00000
2026-07-24 15:15:00+00:00,1.13871,1.13908,1.13843,1.13847,2474.00000
2026-07-24 15:30:00+00:00,1.13848,1.13893,1.13838,1.13846,1526.00000
2026-07-24 15:45:00+00:00,1.13847,1.13865,1.13826,1.13846,1022.00000
2026-07-24 16:00:00+00:00,1.13844,1.13859,1.13815,1.13852,849.00000
2026-07-24 16:15:00+00:00,1.13853,1.13864,1.13819,1.13834,744.00000
2026-07-24 16:30:00+00:00,1.13833,1.13838,1.13795,1.13804,708.00000
2026-07-24 16:45:00+00:00,1.13799,1.13807,1.13777,1.13778,639.00000
2026-07-24 17:00:00+00:00,1.13777,1.13779,1.13703,1.13713,1264.00000
2026-07-24 17:15:00+00:00,1.13714,1.13724,1.13686,1.13719,650.00000
2026-07-24 17:30:00+00:00,1.13718,1.13725,1.13684,1.13693,500.00000
2026-07-24 17:45:00+00:00,1.13692,1.13702,1.13674,1.13695,382.00000
2026-07-24 18:00:00+00:00,1.13696,1.13706,1.13678,1.13699,514.00000
2026-07-24 18:15:00+00:00,1.13696,1.13711,1.13677,1.13691,572.00000
2026-07-24 18:30:00+00:00,1.13694,1.13698,1.13674,1.13688,632.00000
2026-07-24 18:45:00+00:00,1.13689,1.13707,1.13688,1.13699,358.00000
2026-07-24 19:00:00+00:00,1.13702,1.13713,1.13698,1.13704,462.00000
2026-07-24 19:15:00+00:00,1.13703,1.13706,1.13680,1.13686,400.00000
2026-07-24 19:30:00+00:00,1.13684,1.13722,1.13682,1.13714,750.00000
2026-07-24 19:45:00+00:00,1.13713,1.13716,1.13700,1.13701,454.00000
2026-07-24 20:00:00+00:00,1.13700,1.13705,1.13698,1.13699,234.00000
2026-07-24 20:15:00+00:00,1.13698,1.13699,1.13681,1.13684,178.00000
2026-07-24 20:30:00+00:00,1.13685,1.13692,1.13673,1.13687,217.00000
2026-07-24 20:45:00+00:00,1.13686,1.13736,1.13686,1.13709,761.00000
2026-07-26 21:00:00+00:00,1.13954,1.13957,1.13877,1.13953,280.00000
2026-07-26 21:15:00+00:00,1.13955,1.13978,1.13922,1.13934,237.00000
2026-07-26 21:30:00+00:00,1.13935,1.13960,1.13903,1.13944,152.00000
2026-07-26 21:45:00+00:00,1.13941,1.13974,1.13894,1.13903,140.00000
2026-07-26 22:00:00+00:00,1.13892,1.14001,1.13890,1.13934,1050.00000
2026-07-26 22:15:00+00:00,1.13932,1.13942,1.13907,1.13917,657.00000
2026-07-26 22:30:00+00:00,1.13916,1.13921,1.13906,1.13919,336.00000
2026-07-26 22:45:00+00:00,1.13920,1.13920,1.13882,1.13893,418.00000
2026-07-26 23:00:00+00:00,1.13894,1.13911,1.13890,1.13891,274.00000
2026-07-26 23:15:00+00:00,1.13892,1.13901,1.13885,1.13891,250.00000
2026-07-26 23:30:00+00:00,1.13892,1.13930,1.13891,1.13926,284.00000
2026-07-26 23:45:00+00:00,1.13925,1.13953,1.13914,1.13946,470.00000
2026-07-27 00:00:00+00:00,1.13947,1.14037,1.13947,1.14035,1504.00000
2026-07-27 00:15:00+00:00,1.14036,1.14123,1.14012,1.14110,1600.00000
2026-07-27 00:30:00+00:00,1.14107,1.14130,1.14042,1.14045,1498.00000
2026-07-27 00:45:00+00:00,1.14044,1.14054,1.14005,1.14016,1043.00000
2026-07-27 01:00:00+00:00,1.14017,1.14073,1.14017,1.14053,1296.00000
2026-07-27 01:15:00+00:00,1.14054,1.14077,1.14047,1.14062,898.00000
2026-07-27 01:30:00+00:00,1.14064,1.14088,1.14034,1.14076,956.00000
2026-07-27 01:45:00+00:00,1.14077,1.14143,1.14076,1.14143,874.00000
2026-07-27 02:00:00+00:00,1.14142,1.14144,1.14098,1.14102,1054.00000
2026-07-27 02:15:00+00:00,1.14103,1.14109,1.14076,1.14103,464.00000
2026-07-27 02:30:00+00:00,1.14102,1.14106,1.14078,1.14086,616.00000
2026-07-27 02:45:00+00:00,1.14088,1.14089,1.14056,1.14056,462.00000
2026-07-27 03:00:00+00:00,1.14055,1.14071,1.14031,1.14035,591.00000
2026-07-27 03:15:00+00:00,1.14033,1.14046,1.14029,1.14036,372.00000
2026-07-27 03:30:00+00:00,1.14034,1.14041,1.14013,1.14033,468.00000
2026-07-27 03:45:00+00:00,1.14034,1.14047,1.14032,1.14036,346.00000
2026-07-27 04:00:00+00:00,1.14037,1.14048,1.14031,1.14045,414.00000
2026-07-27 04:15:00+00:00,1.14046,1.14052,1.14026,1.14031,286.00000
2026-07-27 04:30:00+00:00,1.14032,1.14048,1.14028,1.14033,252.00000
2026-07-27 04:45:00+00:00,1.14032,1.14044,1.14019,1.14037,306.00000
2026-07-27 05:00:00+00:00,1.14036,1.14071,1.14026,1.14070,594.00000
2026-07-27 05:15:00+00:00,1.14071,1.14076,1.14046,1.14062,468.00000
2026-07-27 05:30:00+00:00,1.14063,1.14068,1.14035,1.14047,476.00000
2026-07-27 05:45:00+00:00,1.14048,1.14072,1.14037,1.14062,450.00000
2026-07-27 06:00:00+00:00,1.14061,1.14138,1.14056,1.14122,1100.00000
2026-07-27 06:15:00+00:00,1.14123,1.14133,1.14074,1.14129,1032.00000
2026-07-27 06:30:00+00:00,1.14130,1.14184,1.14095,1.14152,1110.00000
2026-07-27 06:45:00+00:00,1.14152,1.14152,1.14071,1.14086,892.00000
2026-07-27 07:00:00+00:00,1.14081,1.14099,1.14046,1.14098,1454.00000
2026-07-27 07:15:00+00:00,1.14099,1.14101,1.14058,1.14070,1563.00000
2026-07-27 07:30:00+00:00,1.14068,1.14070,1.14010,1.14027,1372.00000
2026-07-27 07:45:00+00:00,1.14026,1.14031,1.13961,1.13964,1267.00000
2026-07-27 08:00:00+00:00,1.13962,1.13995,1.13952,1.13963,1483.00000
2026-07-27 08:15:00+00:00,1.13964,1.13973,1.13948,1.13955,1376.00000
2026-07-27 08:30:00+00:00,1.13956,1.14014,1.13955,1.13988,1134.00000
2026-07-27 08:45:00+00:00,1.13989,1.14033,1.13966,1.14022,1064.00000
2026-07-27 09:00:00+00:00,1.14021,1.14033,1.13976,1.13979,869.00000
2026-07-27 09:15:00+00:00,1.13980,1.13995,1.13953,1.13953,918.00000
2026-07-27 09:30:00+00:00,1.13954,1.13984,1.13947,1.13973,940.00000
2026-07-27 09:45:00+00:00,1.13974,1.13987,1.13957,1.13964,694.00000
2026-07-27 10:00:00+00:00,1.13963,1.14013,1.13928,1.13953,965.00000
2026-07-27 10:15:00+00:00,1.13954,1.13999,1.13953,1.13976,990.00000
2026-07-27 10:30:00+00:00,1.13975,1.14015,1.13967,1.14006,760.00000
2026-07-27 10:45:00+00:00,1.14004,1.14004,1.13945,1.13953,761.00000
2026-07-27 11:00:00+00:00,1.13954,1.13960,1.13914,1.13917,844.00000
2026-07-27 11:15:00+00:00,1.13918,1.13944,1.13912,1.13912,750.00000
2026-07-27 11:30:00+00:00,1.13911,1.13952,1.13909,1.13917,1206.00000
2026-07-27 11:45:00+00:00,1.13921,1.13923,1.13851,1.13865,944.00000
2026-07-27 12:00:00+00:00,1.13866,1.13903,1.13836,1.13842,1366.00000
2026-07-27 12:15:00+00:00,1.13841,1.13863,1.13833,1.13833,1110.00000
2026-07-27 12:30:00+00:00,1.13834,1.13839,1.13764,1.13805,939.00000
2026-07-27 12:45:00+00:00,1.13806,1.13855,1.13799,1.13834,1530.00000
2026-07-27 13:00:00+00:00,1.13833,1.13865,1.13793,1.13837,1746.00000
2026-07-27 13:15:00+00:00,1.13835,1.13838,1.13774,1.13793,1232.00000
2026-07-27 13:30:00+00:00,1.13798,1.13835,1.13787,1.13804,2380.00000
2026-07-27 13:45:00+00:00,1.13806,1.13812,1.13725,1.13741,1636.00000
2026-07-27 14:00:00+00:00,1.13742,1.13768,1.13710,1.13761,1666.00000
2026-07-27 14:15:00+00:00,1.13762,1.13763,1.13704,1.13704,1272.00000
2026-07-27 14:30:00+00:00,1.13703,1.13744,1.13697,1.13713,1326.00000
2026-07-27 14:45:00+00:00,1.13714,1.13750,1.13689,1.13724,1380.00000
2026-07-27 15:00:00+00:00,1.13723,1.13733,1.13684,1.13713,1484.00000
2026-07-27 15:15:00+00:00,1.13712,1.13767,1.13711,1.13764,1444.00000
2026-07-27 15:30:00+00:00,1.13763,1.13764,1.13736,1.13753,1074.00000
2026-07-27 15:45:00+00:00,1.13752,1.13782,1.13736,1.13751,953.00000
2026-07-27 16:00:00+00:00,1.13750,1.13774,1.13736,1.13763,1110.00000
2026-07-27 16:15:00+00:00,1.13764,1.13838,1.13762,1.13824,1400.00000
2026-07-27 16:30:00+00:00,1.13825,1.13852,1.13818,1.13826,1032.00000
2026-07-27 16:45:00+00:00,1.13827,1.13827,1.13787,1.13797,592.00000
2026-07-27 17:00:00+00:00,1.13798,1.13798,1.13725,1.13735,1440.00000
2026-07-27 17:15:00+00:00,1.13733,1.13736,1.13695,1.13701,784.00000
2026-07-27 17:30:00+00:00,1.13702,1.13728,1.13687,1.13693,566.00000
2026-07-27 17:45:00+00:00,1.13692,1.13727,1.13688,1.13723,522.00000
2026-07-27 18:00:00+00:00,1.13722,1.13737,1.13712,1.13728,598.00000
2026-07-27 18:15:00+00:00,1.13727,1.13728,1.13692,1.13704,786.00000
2026-07-27 18:30:00+00:00,1.13703,1.13726,1.13682,1.13699,938.00000
2026-07-27 18:45:00+00:00,1.13698,1.13704,1.13674,1.13684,926.00000
2026-07-27 19:00:00+00:00,1.13685,1.13699,1.13673,1.13677,668.00000
2026-07-27 19:15:00+00:00,1.13676,1.13706,1.13672,1.13705,616.00000
2026-07-27 19:30:00+00:00,1.13704,1.13734,1.13704,1.13723,568.00000
2026-07-27 19:45:00+00:00,1.13724,1.13728,1.13698,1.13699,526.00000
2026-07-27 20:00:00+00:00,1.13698,1.13722,1.13698,1.13720,368.00000
2026-07-27 20:15:00+00:00,1.13721,1.13722,1.13700,1.13706,108.00000
2026-07-27 20:30:00+00:00,1.13705,1.13705,1.13670,1.13673,185.00000
2026-07-27 20:45:00+00:00,1.13672,1.13682,1.13670,1.13680,233.00000
2026-07-27 21:00:00+00:00,1.13683,1.13741,1.13678,1.13736,213.00000
2026-07-27 21:15:00+00:00,1.13740,1.13743,1.13683,1.13734,248.00000
2026-07-27 21:30:00+00:00,1.13725,1.13733,1.13690,1.13714,1094.00000
2026-07-27 21:45:00+00:00,1.13717,1.13730,1.13702,1.13723,606.00000
2026-07-27 22:00:00+00:00,1.13724,1.13724,1.13675,1.13699,567.00000
2026-07-27 22:15:00+00:00,1.13701,1.13711,1.13692,1.13693,208.00000
2026-07-27 22:30:00+00:00,1.13694,1.13703,1.13691,1.13693,182.00000
2026-07-27 22:45:00+00:00,1.13692,1.13694,1.13689,1.13692,140.00000
2026-07-27 23:00:00+00:00,1.13693,1.13704,1.13683,1.13699,354.00000
2026-07-27 23:15:00+00:00,1.13698,1.13704,1.13697,1.13704,94.00000
2026-07-27 23:30:00+00:00,1.13703,1.13703,1.13688,1.13696,128.00000
2026-07-27 23:45:00+00:00,1.13697,1.13701,1.13677,1.13692,286.00000
2026-07-28 00:00:00+00:00,1.13693,1.13694,1.13668,1.13684,516.00000
2026-07-28 00:15:00+00:00,1.13680,1.13729,1.13680,1.13721,510.00000
2026-07-28 00:30:00+00:00,1.13722,1.13737,1.13717,1.13723,425.00000
2026-07-28 00:45:00+00:00,1.13722,1.13745,1.13702,1.13742,534.00000
2026-07-28 01:00:00+00:00,1.13743,1.13773,1.13742,1.13754,874.00000
2026-07-28 01:15:00+00:00,1.13753,1.13757,1.13738,1.13752,666.00000
2026-07-28 01:30:00+00:00,1.13753,1.13758,1.13730,1.13734,540.00000
2026-07-28 01:45:00+00:00,1.13733,1.13740,1.13706,1.13731,530.00000
2026-07-28 02:00:00+00:00,1.13734,1.13748,1.13720,1.13741,378.00000
2026-07-28 02:15:00+00:00,1.13738,1.13753,1.13718,1.13718,460.00000
2026-07-28 02:30:00+00:00,1.13717,1.13732,1.13713,1.13731,418.00000
2026-07-28 02:45:00+00:00,1.13732,1.13787,1.13727,1.13771,602.00000
2026-07-28 03:00:00+00:00,1.13772,1.13777,1.13750,1.13756,606.00000
2026-07-28 03:15:00+00:00,1.13755,1.13779,1.13754,1.13777,370.00000
2026-07-28 03:30:00+00:00,1.13782,1.13802,1.13756,1.13761,656.00000
2026-07-28 03:45:00+00:00,1.13762,1.13762,1.13739,1.13746,304.00000
2026-07-28 04:00:00+00:00,1.13745,1.13745,1.13707,1.13708,634.00000
2026-07-28 04:15:00+00:00,1.13703,1.13720,1.13697,1.13708,252.00000
2026-07-28 04:30:00+00:00,1.13709,1.13712,1.13700,1.13709,206.00000
2026-07-28 04:45:00+00:00,1.13710,1.13714,1.13681,1.13687,290.00000
2026-07-28 05:00:00+00:00,1.13684,1.13688,1.13618,1.13623,720.00000
2026-07-28 05:15:00+00:00,1.13624,1.13652,1.13618,1.13651,496.00000
2026-07-28 05:30:00+00:00,1.13652,1.13663,1.13631,1.13654,676.00000
2026-07-28 05:45:00+00:00,1.13657,1.13664,1.13641,1.13659,356.00000
2026-07-28 06:00:00+00:00,1.13660,1.13679,1.13649,1.13668,920.00000
2026-07-28 06:15:00+00:00,1.13669,1.13711,1.13667,1.13707,1020.00000
2026-07-28 06:30:00+00:00,1.13708,1.13729,1.13688,1.13697,980.00000
2026-07-28 06:45:00+00:00,1.13698,1.13716,1.13674,1.13686,866.00000
2026-07-28 07:00:00+00:00,1.13687,1.13735,1.13669,1.13731,1176.00000
2026-07-28 07:15:00+00:00,1.13732,1.13735,1.13693,1.13699,864.00000
2026-07-28 07:30:00+00:00,1.13700,1.13720,1.13684,1.13690,666.00000
2026-07-28 07:45:00+00:00,1.13691,1.13692,1.13632,1.13648,950.00000
2026-07-28 08:00:00+00:00,1.13647,1.13703,1.13647,1.13680,1221.00000
2026-07-28 08:15:00+00:00,1.13683,1.13724,1.13681,1.13700,856.00000
2026-07-28 08:30:00+00:00,1.13704,1.13715,1.13682,1.13712,910.00000
2026-07-28 08:45:00+00:00,1.13713,1.13725,1.13702,1.13725,734.00000
2026-07-28 09:00:00+00:00,1.13723,1.13730,1.13664,1.13669,586.00000
2026-07-28 09:15:00+00:00,1.13670,1.13680,1.13658,1.13659,594.00000
2026-07-28 09:30:00+00:00,1.13655,1.13656,1.13623,1.13624,701.00000
2026-07-28 09:45:00+00:00,1.13625,1.13626,1.13560,1.13564,721.00000
2026-07-28 10:00:00+00:00,1.13563,1.13574,1.13532,1.13567,855.00000
2026-07-28 10:15:00+00:00,1.13566,1.13577,1.13548,1.13564,666.00000
2026-07-28 10:30:00+00:00,1.13563,1.13611,1.13561,1.13574,986.00000
2026-07-28 10:45:00+00:00,1.13573,1.13630,1.13572,1.13607,858.00000
2026-07-28 11:00:00+00:00,1.13608,1.13612,1.13567,1.13583,794.00000
2026-07-28 11:15:00+00:00,1.13584,1.13656,1.13583,1.13654,1345.00000
2026-07-28 11:30:00+00:00,1.13655,1.13666,1.13622,1.13635,832.00000
2026-07-28 11:45:00+00:00,1.13636,1.13679,1.13611,1.13652,954.00000
2026-07-28 12:00:00+00:00,1.13654,1.13675,1.13618,1.13652,876.00000
2026-07-28 12:15:00+00:00,1.13653,1.13663,1.13624,1.13627,739.00000
2026-07-28 12:30:00+00:00,1.13628,1.13651,1.13609,1.13646,961.00000
2026-07-28 12:45:00+00:00,1.13645,1.13684,1.13645,1.13659,984.00000
2026-07-28 13:00:00+00:00,1.13656,1.13705,1.13656,1.13669,942.00000
2026-07-28 13:15:00+00:00,1.13670,1.13706,1.13663,1.13674,908.00000
2026-07-28 13:30:00+00:00,1.13672,1.13708,1.13672,1.13694,1558.00000
2026-07-28 13:45:00+00:00,1.13693,1.13741,1.13682,1.13724,1676.00000
2026-07-28 14:00:00+00:00,1.13717,1.13758,1.13713,1.13739,1448.00000
2026-07-28 14:15:00+00:00,1.13738,1.13782,1.13716,1.13780,1344.00000
2026-07-28 14:30:00+00:00,1.13779,1.13798,1.13758,1.13789,1074.00000
2026-07-28 14:45:00+00:00,1.13787,1.13865,1.13762,1.13858,2059.00000
2026-07-28 15:00:00+00:00,1.13860,1.13959,1.13840,1.13944,2042.00000
2026-07-28 15:15:00+00:00,1.13948,1.13993,1.13927,1.13961,2370.00000
2026-07-28 15:30:00+00:00,1.13959,1.14022,1.13942,1.14015,1890.00000
2026-07-28 15:45:00+00:00,1.14014,1.14014,1.13963,1.14004,1200.00000
2026-07-28 16:00:00+00:00,1.14009,1.14033,1.13989,1.14024,1152.00000
2026-07-28 16:15:00+00:00,1.14022,1.14053,1.14017,1.14051,938.00000
2026-07-28 16:30:00+00:00,1.14050,1.14051,1.14003,1.14003,906.00000
2026-07-28 16:45:00+00:00,1.14004,1.14009,1.13958,1.13959,972.00000
2026-07-28 17:00:00+00:00,1.13960,1.13975,1.13935,1.13941,1028.00000
2026-07-28 17:15:00+00:00,1.13942,1.13979,1.13929,1.13931,840.00000
2026-07-28 17:30:00+00:00,1.13930,1.13941,1.13917,1.13920,644.00000
2026-07-28 17:45:00+00:00,1.13922,1.13925,1.13883,1.13892,748.00000
2026-07-28 18:00:00+00:00,1.13893,1.13908,1.13879,1.13893,674.00000
2026-07-28 18:15:00+00:00,1.13894,1.13915,1.13873,1.13878,526.00000
2026-07-28 18:30:00+00:00,1.13879,1.13891,1.13877,1.13883,338.00000
2026-07-28 18:45:00+00:00,1.13882,1.13882,1.13862,1.13867,382.00000
2026-07-28 19:00:00+00:00,1.13869,1.13903,1.13862,1.13881,393.00000
2026-07-28 19:15:00+00:00,1.13882,1.13908,1.13879,1.13890,459.00000
2026-07-28 19:30:00+00:00,1.13889,1.13905,1.13888,1.13900,684.00000
2026-07-28 19:45:00+00:00,1.13902,1.13919,1.13873,1.13873,580.00000
2026-07-28 20:00:00+00:00,1.13872,1.13884,1.13869,1.13884,212.00000
2026-07-28 20:15:00+00:00,1.13883,1.13891,1.13854,1.13864,240.00000
2026-07-28 20:30:00+00:00,1.13863,1.13874,1.13854,1.13873,242.00000
2026-07-28 20:45:00+00:00,1.13874,1.13879,1.13859,1.13863,384.00000
2026-07-28 21:00:00+00:00,1.13896,1.13905,1.13876,1.13903,50.00000
2026-07-28 21:15:00+00:00,1.13898,1.13925,1.13898,1.13914,187.00000
2026-07-28 21:30:00+00:00,1.13916,1.13933,1.13902,1.13928,83.00000
2026-07-28 21:45:00+00:00,1.13929,1.13930,1.13898,1.13899,207.00000
2026-07-28 22:00:00+00:00,1.13901,1.13911,1.13878,1.13879,313.00000
2026-07-28 22:15:00+00:00,1.13880,1.13886,1.13840,1.13850,564.00000
2026-07-28 22:30:00+00:00,1.13854,1.13865,1.13845,1.13853,460.00000
2026-07-28 22:45:00+00:00,1.13852,1.13854,1.13843,1.13851,310.00000
2026-07-28 23:00:00+00:00,1.13852,1.13852,1.13821,1.13843,637.00000
2026-07-28 23:15:00+00:00,1.13844,1.13854,1.13838,1.13853,354.00000
2026-07-28 23:30:00+00:00,1.13854,1.13865,1.13845,1.13863,206.00000
2026-07-28 23:45:00+00:00,1.13862,1.13864,1.13841,1.13860,542.00000
2026-07-29 00:00:00+00:00,1.13863,1.13864,1.13829,1.13838,1084.00000
2026-07-29 00:15:00+00:00,1.13836,1.13902,1.13836,1.13894,641.00000
2026-07-29 00:30:00+00:00,1.13892,1.13900,1.13881,1.13889,448.00000
2026-07-29 00:45:00+00:00,1.13888,1.13914,1.13870,1.13910,764.00000
2026-07-29 01:00:00+00:00,1.13912,1.13917,1.13883,1.13886,658.00000
2026-07-29 01:15:00+00:00,1.13885,1.13925,1.13879,1.13902,556.00000
2026-07-29 01:30:00+00:00,1.13894,1.13906,1.13854,1.13862,1478.00000
2026-07-29 01:45:00+00:00,1.13861,1.13917,1.13856,1.13914,834.00000
2026-07-29 02:00:00+00:00,1.13913,1.13948,1.13903,1.13935,690.00000
2026-07-29 02:15:00+00:00,1.13936,1.13958,1.13925,1.13939,602.00000
2026-07-29 02:30:00+00:00,1.13937,1.13959,1.13935,1.13947,504.00000
2026-07-29 02:45:00+00:00,1.13946,1.13957,1.13926,1.13948,376.00000
2026-07-29 03:00:00+00:00,1.13946,1.13964,1.13945,1.13955,508.00000
2026-07-29 03:15:00+00:00,1.13956,1.13994,1.13956,1.13990,386.00000
2026-07-29 03:30:00+00:00,1.13991,1.14002,1.13986,1.13993,396.00000
2026-07-29 03:45:00+00:00,1.13992,1.14007,1.13964,1.13971,520.00000
2026-07-29 04:00:00+00:00,1.13968,1.13999,1.13963,1.13996,517.00000
2026-07-29 04:15:00+00:00,1.13997,1.14025,1.13985,1.13993,608.00000
2026-07-29 04:30:00+00:00,1.13992,1.14035,1.13984,1.14027,603.00000
2026-07-29 04:45:00+00:00,1.14028,1.14037,1.13989,1.14011,672.00000
2026-07-29 05:00:00+00:00,1.14012,1.14029,1.14006,1.14024,574.00000
2026-07-29 05:15:00+00:00,1.14025,1.14027,1.13993,1.13996,468.00000
2026-07-29 05:30:00+00:00,1.13997,1.14002,1.13976,1.13999,556.00000
2026-07-29 05:45:00+00:00,1.14000,1.14017,1.13977,1.13983,614.00000
2026-07-29 06:00:00+00:00,1.13982,1.14008,1.13952,1.13976,728.00000
2026-07-29 06:15:00+00:00,1.13975,1.13990,1.13931,1.13938,642.00000
2026-07-29 06:30:00+00:00,1.13939,1.13949,1.13929,1.13943,718.00000
2026-07-29 06:45:00+00:00,1.13942,1.13942,1.13900,1.13920,954.00000
2026-07-29 07:00:00+00:00,1.13916,1.13966,1.13903,1.13938,840.00000
2026-07-29 07:15:00+00:00,1.13939,1.13971,1.13935,1.13969,708.00000
2026-07-29 07:30:00+00:00,1.13970,1.14009,1.13959,1.13975,874.00000
2026-07-29 07:45:00+00:00,1.13974,1.14011,1.13967,1.13978,854.00000
2026-07-29 08:00:00+00:00,1.13979,1.13997,1.13953,1.13959,888.00000
2026-07-29 08:15:00+00:00,1.13960,1.13979,1.13942,1.13959,982.00000
2026-07-29 08:30:00+00:00,1.13958,1.13979,1.13932,1.13978,728.00000
2026-07-29 08:45:00+00:00,1.13977,1.14005,1.13954,1.13965,732.00000
2026-07-29 09:00:00+00:00,1.13964,1.13970,1.13946,1.13960,611.00000
2026-07-29 09:15:00+00:00,1.13959,1.13963,1.13938,1.13954,610.00000
2026-07-29 09:30:00+00:00,1.13953,1.13963,1.13919,1.13946,568.00000
2026-07-29 09:45:00+00:00,1.13947,1.13963,1.13917,1.13919,1002.00000
2026-07-29 10:00:00+00:00,1.13918,1.13929,1.13904,1.13911,1033.00000
2026-07-29 10:15:00+00:00,1.13914,1.13914,1.13871,1.13904,916.00000
2026-07-29 10:30:00+00:00,1.13903,1.13921,1.13872,1.13881,851.00000
2026-07-29 10:45:00+00:00,1.13880,1.13881,1.13834,1.13854,742.00000
2026-07-29 11:00:00+00:00,1.13855,1.13879,1.13855,1.13869,660.00000
2026-07-29 11:15:00+00:00,1.13868,1.13885,1.13851,1.13872,578.00000
2026-07-29 11:30:00+00:00,1.13877,1.13879,1.13815,1.13820,808.00000
2026-07-29 11:45:00+00:00,1.13821,1.13845,1.13802,1.13820,1099.00000
2026-07-29 12:00:00+00:00,1.13821,1.13830,1.13778,1.13788,1144.00000
2026-07-29 12:15:00+00:00,1.13789,1.13798,1.13747,1.13769,1864.00000
2026-07-29 12:30:00+00:00,1.13768,1.13803,1.13747,1.13792,1235.00000
2026-07-29 12:45:00+00:00,1.13790,1.13803,1.13765,1.13783,978.00000
2026-07-29 13:00:00+00:00,1.13784,1.13801,1.13766,1.13801,1166.00000
2026-07-29 13:15:00+00:00,1.13799,1.13870,1.13796,1.13856,1189.00000
2026-07-29 13:30:00+00:00,1.13857,1.13876,1.13834,1.13875,1398.00000
2026-07-29 13:45:00+00:00,1.13874,1.13923,1.13870,1.13918,1571.00000
2026-07-29 14:00:00+00:00,1.13919,1.13934,1.13880,1.13884,1453.00000
2026-07-29 14:15:00+00:00,1.13886,1.13946,1.13866,1.13944,1340.00000
2026-07-29 14:30:00+00:00,1.13945,1.13970,1.13896,1.13924,1362.00000
2026-07-29 14:45:00+00:00,1.13925,1.13928,1.13807,1.13808,2407.00000
2026-07-29 15:00:00+00:00,1.13807,1.13855,1.13792,1.13848,1773.00000
2026-07-29 15:15:00+00:00,1.13849,1.13854,1.13786,1.13799,1048.00000
2026-07-29 15:30:00+00:00,1.13798,1.13815,1.13779,1.13814,1054.00000
2026-07-29 15:45:00+00:00,1.13810,1.13833,1.13810,1.13828,960.00000
2026-07-29 16:00:00+00:00,1.13833,1.13835,1.13779,1.13781,866.00000
2026-07-29 16:15:00+00:00,1.13780,1.13827,1.13768,1.13823,876.00000
2026-07-29 16:30:00+00:00,1.13822,1.13825,1.13793,1.13825,668.00000
2026-07-29 16:45:00+00:00,1.13822,1.13859,1.13820,1.13851,787.00000
2026-07-29 17:00:00+00:00,1.13860,1.13904,1.13845,1.13897,820.00000
2026-07-29 17:15:00+00:00,1.13896,1.13932,1.13889,1.13911,954.00000
2026-07-29 17:30:00+00:00,1.13908,1.13970,1.13902,1.13959,1170.00000
2026-07-29 17:45:00+00:00,1.13958,1.13997,1.13951,1.13954,1028.00000
2026-07-29 18:00:00+00:00,1.13954,1.14306,1.13895,1.14277,6148.00000
2026-07-29 18:15:00+00:00,1.14278,1.14298,1.14152,1.14224,2859.00000
2026-07-29 18:30:00+00:00,1.14229,1.14368,1.14068,1.14354,5918.00000
2026-07-29 18:45:00+00:00,1.14352,1.14523,1.14338,1.14519,4866.00000
2026-07-29 19:00:00+00:00,1.14523,1.14556,1.14398,1.14516,4679.00000
2026-07-29 19:15:00+00:00,1.14519,1.14667,1.14492,1.14526,4964.00000
2026-07-29 19:30:00+00:00,1.14528,1.14586,1.14457,1.14577,4082.00000
2026-07-29 19:45:00+00:00,1.14578,1.14581,1.14478,1.14479,2567.00000
2026-07-29 20:00:00+00:00,1.14480,1.14527,1.14469,1.14515,1402.00000
2026-07-29 20:15:00+00:00,1.14512,1.14563,1.14488,1.14556,1126.00000
2026-07-29 20:30:00+00:00,1.14555,1.14659,1.14555,1.14659,913.00000
2026-07-29 20:45:00+00:00,1.14660,1.14710,1.14645,1.14665,1001.00000
2026-07-29 21:00:00+00:00,1.14655,1.14655,1.14559,1.14577,486.00000
2026-07-29 21:15:00+00:00,1.14596,1.14643,1.14591,1.14642,506.00000
2026-07-29 21:30:00+00:00,1.14641,1.14648,1.14633,1.14646,147.00000
2026-07-29 21:45:00+00:00,1.14645,1.14645,1.14599,1.14613,597.00000
2026-07-29 22:00:00+00:00,1.14611,1.14689,1.14610,1.14684,1242.00000
2026-07-29 22:15:00+00:00,1.14683,1.14693,1.14672,1.14679,347.00000
2026-07-29 22:30:00+00:00,1.14678,1.14695,1.14675,1.14695,286.00000
2026-07-29 22:45:00+00:00,1.14696,1.14714,1.14695,1.14713,362.00000
2026-07-29 23:00:00+00:00,1.14714,1.14749,1.14702,1.14705,653.00000
2026-07-29 23:15:00+00:00,1.14704,1.14705,1.14668,1.14670,408.00000
2026-07-29 23:30:00+00:00,1.14673,1.14675,1.14647,1.14649,376.00000
2026-07-29 23:45:00+00:00,1.14648,1.14695,1.14644,1.14669,504.00000
2026-07-30 00:00:00+00:00,1.14665,1.14680,1.14636,1.14668,1209.00000
2026-07-30 00:15:00+00:00,1.14667,1.14676,1.14563,1.14570,1634.00000
2026-07-30 00:30:00+00:00,1.14568,1.14583,1.14558,1.14575,970.00000
2026-07-30 00:45:00+00:00,1.14578,1.14582,1.14561,1.14580,816.00000
2026-07-30 01:00:00+00:00,1.14582,1.14611,1.14574,1.14594,1078.00000
2026-07-30 01:15:00+00:00,1.14589,1.14591,1.14534,1.14553,866.00000
2026-07-30 01:30:00+00:00,1.14552,1.14592,1.14540,1.14562,800.00000
2026-07-30 01:45:00+00:00,1.14561,1.14583,1.14524,1.14533,586.00000
2026-07-30 02:00:00+00:00,1.14532,1.14550,1.14517,1.14523,626.00000
2026-07-30 02:15:00+00:00,1.14524,1.14530,1.14513,1.14526,408.00000
2026-07-30 02:30:00+00:00,1.14525,1.14550,1.14523,1.14541,374.00000
2026-07-30 02:45:00+00:00,1.14543,1.14552,1.14528,1.14528,338.00000
2026-07-30 03:00:00+00:00,1.14529,1.14543,1.14513,1.14518,492.00000
2026-07-30 03:15:00+00:00,1.14519,1.14521,1.14471,1.14501,676.00000
2026-07-30 03:30:00+00:00,1.14502,1.14527,1.14494,1.14519,434.00000
2026-07-30 03:45:00+00:00,1.14520,1.14523,1.14495,1.14497,328.00000
2026-07-30 04:00:00+00:00,1.14498,1.14529,1.14490,1.14529,402.00000
2026-07-30 04:15:00+00:00,1.14527,1.14534,1.14523,1.14529,254.00000
2026-07-30 04:30:00+00:00,1.14528,1.14540,1.14524,1.14528,304.00000
2026-07-30 04:45:00+00:00,1.14529,1.14533,1.14499,1.14509,438.00000
2026-07-30 05:00:00+00:00,1.14508,1.14550,1.14502,1.14549,508.00000
2026-07-30 05:15:00+00:00,1.14551,1.14567,1.14543,1.14556,556.00000
2026-07-30 05:30:00+00:00,1.14557,1.14560,1.14515,1.14525,734.00000
2026-07-30 05:45:00+00:00,1.14524,1.14554,1.14489,1.14500,1072.00000
2026-07-30 06:00:00+00:00,1.14501,1.14514,1.14438,1.14448,1178.00000
2026-07-30 06:15:00+00:00,1.14447,1.14464,1.14438,1.14450,790.00000
2026-07-30 06:30:00+00:00,1.14449,1.14485,1.14432,1.14459,1024.00000
2026-07-30 06:45:00+00:00,1.14458,1.14512,1.14458,1.14469,944.00000
2026-07-30 07:00:00+00:00,1.14471,1.14511,1.14424,1.14427,1933.00000
2026-07-30 07:15:00+00:00,1.14428,1.14449,1.14364,1.14373,1360.00000
2026-07-30 07:30:00+00:00,1.14372,1.14389,1.14344,1.14369,1252.00000
2026-07-30 07:45:00+00:00,1.14370,1.14388,1.14363,1.14377,982.00000
2026-07-30 08:00:00+00:00,1.14373,1.14474,1.14370,1.14458,1598.00000
2026-07-30 08:15:00+00:00,1.14459,1.14548,1.14457,1.14544,1253.00000
2026-07-30 08:30:00+00:00,1.14543,1.14556,1.14454,1.14513,1242.00000
2026-07-30 08:45:00+00:00,1.14516,1.14541,1.14467,1.14482,1196.00000
2026-07-30 09:00:00+00:00,1.14481,1.14584,1.14480,1.14574,1179.00000
2026-07-30 09:15:00+00:00,1.14575,1.14638,1.14565,1.14616,1238.00000
2026-07-30 09:30:00+00:00,1.14615,1.14639,1.14597,1.14628,912.00000
2026-07-30 09:45:00+00:00,1.14630,1.14675,1.14609,1.14648,1068.00000
2026-07-30 10:00:00+00:00,1.14647,1.14728,1.14614,1.14719,1651.00000
2026-07-30 10:15:00+00:00,1.14720,1.14797,1.14688,1.14723,2274.00000
2026-07-30 10:30:00+00:00,1.14722,1.14841,1.14720,1.14805,1874.00000
2026-07-30 10:45:00+00:00,1.14804,1.14836,1.14728,1.14728,1830.00000
2026-07-30 11:00:00+00:00,1.14731,1.14781,1.14719,1.14721,1353.00000
2026-07-30 11:15:00+00:00,1.14723,1.14729,1.14655,1.14676,1126.00000
2026-07-30 11:30:00+00:00,1.14678,1.14679,1.14650,1.14654,792.00000
2026-07-30 11:45:00+00:00,1.14653,1.14759,1.14653,1.14759,988.00000
2026-07-30 12:00:00+00:00,1.14758,1.14812,1.14754,1.14806,1540.00000
2026-07-30 12:15:00+00:00,1.14805,1.14806,1.14743,1.14761,1200.00000
2026-07-30 12:30:00+00:00,1.14760,1.14834,1.14726,1.14810,2805.00000
2026-07-30 12:45:00+00:00,1.14813,1.14815,1.14694,1.14725,2404.00000
2026-07-30 13:00:00+00:00,1.14726,1.14761,1.14696,1.14725,2192.00000
2026-07-30 13:15:00+00:00,1.14724,1.14809,1.14715,1.14801,1922.00000
2026-07-30 13:30:00+00:00,1.14800,1.15037,1.14790,1.15010,5697.00000
2026-07-30 13:45:00+00:00,1.15011,1.15239,1.14981,1.15236,5933.00000
2026-07-30 14:00:00+00:00,1.15238,1.15370,1.15175,1.15277,6955.00000
2026-07-30 14:15:00+00:00,1.15276,1.15323,1.15190,1.15215,6717.00000
2026-07-30 14:30:00+00:00,1.15211,1.15230,1.15097,1.15123,3832.00000
2026-07-30 14:45:00+00:00,1.15127,1.15149,1.15025,1.15030,3262.00000
2026-07-30 15:00:00+00:00,1.15029,1.15073,1.14986,1.15069,2878.00000
2026-07-30 15:15:00+00:00,1.15068,1.15161,1.15068,1.15157,1998.00000
2026-07-30 15:30:00+00:00,1.15156,1.15226,1.15134,1.15218,1779.00000
2026-07-30 15:45:00+00:00,1.15219,1.15249,1.15205,1.15211,1434.00000
2026-07-30 16:00:00+00:00,1.15215,1.15283,1.15215,1.15244,1788.00000
2026-07-30 16:15:00+00:00,1.15245,1.15303,1.15235,1.15299,1529.00000
2026-07-30 16:30:00+00:00,1.15300,1.15305,1.15253,1.15253,1419.00000
2026-07-30 16:45:00+00:00,1.15254,1.15286,1.15226,1.15285,766.00000
2026-07-30 17:00:00+00:00,1.15286,1.15304,1.15206,1.15209,979.00000
2026-07-30 17:15:00+00:00,1.15210,1.15210,1.15186,1.15191,1002.00000
2026-07-30 17:30:00+00:00,1.15190,1.15300,1.15138,1.15295,3476.00000
2026-07-30 17:45:00+00:00,1.15294,1.15309,1.15256,1.15296,2124.00000
2026-07-30 18:00:00+00:00,1.15297,1.15355,1.15294,1.15350,1541.00000
2026-07-30 18:15:00+00:00,1.15349,1.15351,1.15275,1.15302,1038.00000
2026-07-30 18:30:00+00:00,1.15303,1.15337,1.15291,1.15314,848.00000
2026-07-30 18:45:00+00:00,1.15315,1.15355,1.15315,1.15355,897.00000
2026-07-30 19:00:00+00:00,1.15354,1.15356,1.15285,1.15292,1194.00000
2026-07-30 19:15:00+00:00,1.15291,1.15343,1.15281,1.15321,802.00000
2026-07-30 19:30:00+00:00,1.15320,1.15326,1.15300,1.15311,550.00000
2026-07-30 19:45:00+00:00,1.15312,1.15324,1.15286,1.15311,836.00000
2026-07-30 20:00:00+00:00,1.15313,1.15328,1.15294,1.15308,556.00000
2026-07-30 20:15:00+00:00,1.15309,1.15310,1.15276,1.15277,364.00000
2026-07-30 20:30:00+00:00,1.15278,1.15301,1.15265,1.15270,462.00000
2026-07-30 20:45:00+00:00,1.15271,1.15295,1.15269,1.15280,322.00000
2026-07-30 21:00:00+00:00,1.15258,1.15270,1.15231,1.15249,148.00000
2026-07-30 21:15:00+00:00,1.15248,1.15249,1.15239,1.15244,105.00000
2026-07-30 21:30:00+00:00,1.15240,1.15247,1.15229,1.15244,108.00000
2026-07-30 21:45:00+00:00,1.15245,1.15253,1.15238,1.15249,130.00000
2026-07-30 22:00:00+00:00,1.15255,1.15295,1.15253,1.15268,561.00000
2026-07-30 22:15:00+00:00,1.15270,1.15282,1.15257,1.15270,408.00000
2026-07-30 22:30:00+00:00,1.15266,1.15312,1.15262,1.15302,727.00000
2026-07-30 22:45:00+00:00,1.15303,1.15307,1.15281,1.15287,447.00000
2026-07-30 23:00:00+00:00,1.15288,1.15308,1.15247,1.15255,754.00000
2026-07-30 23:15:00+00:00,1.15252,1.15273,1.15236,1.15242,592.00000
2026-07-30 23:30:00+00:00,1.15243,1.15250,1.15223,1.15246,390.00000
2026-07-30 23:45:00+00:00,1.15247,1.15263,1.15229,1.15230,570.00000
2026-07-31 00:00:00+00:00,1.15233,1.15248,1.15207,1.15225,1358.00000
2026-07-31 00:15:00+00:00,1.15222,1.15265,1.15217,1.15229,1094.00000
2026-07-31 00:30:00+00:00,1.15227,1.15234,1.15153,1.15173,1040.00000
2026-07-31 00:45:00+00:00,1.15175,1.15202,1.15160,1.15179,1440.00000
2026-07-31 01:00:00+00:00,1.15180,1.15199,1.15153,1.15166,1446.00000
2026-07-31 01:15:00+00:00,1.15167,1.15190,1.15154,1.15173,1006.00000
2026-07-31 01:30:00+00:00,1.15171,1.15214,1.15143,1.15144,1016.00000
2026-07-31 01:45:00+00:00,1.15143,1.15149,1.15100,1.15100,1012.00000
2026-07-31 02:00:00+00:00,1.15102,1.15164,1.15101,1.15152,948.00000
2026-07-31 02:15:00+00:00,1.15151,1.15155,1.15129,1.15133,786.00000
2026-07-31 02:30:00+00:00,1.15134,1.15149,1.15119,1.15125,578.00000
2026-07-31 02:45:00+00:00,1.15124,1.15129,1.15105,1.15121,670.00000
2026-07-31 03:00:00+00:00,1.15122,1.15134,1.15089,1.15106,1064.00000
2026-07-31 03:15:00+00:00,1.15105,1.15112,1.15082,1.15089,608.00000
2026-07-31 03:30:00+00:00,1.15088,1.15103,1.15063,1.15077,708.00000
2026-07-31 03:45:00+00:00,1.15078,1.15136,1.15077,1.15134,760.00000
2026-07-31 04:00:00+00:00,1.15132,1.15142,1.15122,1.15131,506.00000
2026-07-31 04:15:00+00:00,1.15130,1.15140,1.15110,1.15111,420.00000
2026-07-31 04:30:00+00:00,1.15110,1.15111,1.15058,1.15062,674.00000
2026-07-31 04:45:00+00:00,1.15063,1.15085,1.15044,1.15082,612.00000
2026-07-31 05:00:00+00:00,1.15084,1.15093,1.15059,1.15061,606.00000
2026-07-31 05:15:00+00:00,1.15060,1.15074,1.15048,1.15051,582.00000
2026-07-31 05:30:00+00:00,1.15054,1.15096,1.15050,1.15074,756.00000
2026-07-31 05:45:00+00:00,1.15073,1.15074,1.15046,1.15063,720.00000
2026-07-31 06:00:00+00:00,1.15065,1.15170,1.15054,1.15167,1302.00000
2026-07-31 06:15:00+00:00,1.15164,1.15216,1.15137,1.15205,1203.00000
2026-07-31 06:30:00+00:00,1.15204,1.15204,1.15108,1.15128,1651.00000
2026-07-31 06:45:00+00:00,1.15136,1.15222,1.15134,1.15171,2303.00000
2026-07-31 07:00:00+00:00,1.15170,1.15176,1.15139,1.15170,1208.00000
2026-07-31 07:15:00+00:00,1.15172,1.15173,1.15123,1.15138,1180.00000
2026-07-31 07:30:00+00:00,1.15139,1.15194,1.15116,1.15187,942.00000
2026-07-31 07:45:00+00:00,1.15189,1.15248,1.15120,1.15144,1676.00000
2026-07-31 08:00:00+00:00,1.15143,1.15159,1.15082,1.15105,1378.00000
2026-07-31 08:15:00+00:00,1.15106,1.15131,1.15075,1.15075,1538.00000
2026-07-31 08:30:00+00:00,1.15076,1.15101,1.15044,1.15091,1377.00000
2026-07-31 08:45:00+00:00,1.15092,1.15261,1.15091,1.15219,2680.00000
2026-07-31 09:00:00+00:00,1.15212,1.15249,1.15147,1.15165,3758.00000
2026-07-31 09:15:00+00:00,1.15168,1.15186,1.15091,1.15092,1790.00000
2026-07-31 09:30:00+00:00,1.15091,1.15123,1.15032,1.15035,1585.00000
2026-07-31 09:45:00+00:00,1.15033,1.15092,1.15033,1.15054,1078.00000
2026-07-31 10:00:00+00:00,1.15053,1.15081,1.15036,1.15070,1138.00000
2026-07-31 10:15:00+00:00,1.15069,1.15070,1.15014,1.15019,1086.00000
2026-07-31 10:30:00+00:00,1.15017,1.15044,1.15011,1.15029,962.00000
2026-07-31 10:45:00+00:00,1.15028,1.15041,1.15013,1.15018,776.00000
2026-07-31 11:00:00+00:00,1.15019,1.15020,1.14973,1.14984,992.00000
2026-07-31 11:15:00+00:00,1.14983,1.14985,1.14923,1.14931,1400.00000
2026-07-31 11:30:00+00:00,1.14930,1.14935,1.14893,1.14904,1244.00000
2026-07-31 11:45:00+00:00,1.14905,1.14909,1.14848,1.14852,1418.00000
2026-07-31 12:00:00+00:00,1.14851,1.14869,1.14815,1.14868,1294.00000
2026-07-31 12:15:00+00:00,1.14867,1.14879,1.14839,1.14841,1028.00000
2026-07-31 12:30:00+00:00,1.14840,1.14871,1.14821,1.14852,1208.00000
2026-07-31 12:45:00+00:00,1.14857,1.14908,1.14838,1.14882,1314.00000
2026-07-31 13:00:00+00:00,1.14881,1.14918,1.14867,1.14877,1441.00000
2026-07-31 13:15:00+00:00,1.14880,1.15037,1.14841,1.15005,3502.00000
2026-07-31 13:30:00+00:00,1.15001,1.15013,1.14552,1.14709,5156.00000
2026-07-31 13:45:00+00:00,1.14712,1.14749,1.14650,1.14666,3671.00000
2026-07-31 14:00:00+00:00,1.14668,1.14748,1.14625,1.14747,4207.00000
2026-07-31 14:15:00+00:00,1.14746,1.14802,1.14722,1.14797,2818.00000
2026-07-31 14:30:00+00:00,1.14802,1.14922,1.14796,1.14921,2351.00000
2026-07-31 14:45:00+00:00,1.14922,1.15064,1.14895,1.15047,4071.00000
2026-07-31 15:00:00+00:00,1.15048,1.15075,1.14972,1.15037,3238.00000
2026-07-31 15:15:00+00:00,1.15038,1.15079,1.14991,1.15038,2376.00000
2026-07-31 15:30:00+00:00,1.15037,1.15102,1.15014,1.15089,2110.00000
2026-07-31 15:45:00+00:00,1.15090,1.15187,1.15088,1.15181,1864.00000
2026-07-31 16:00:00+00:00,1.15182,1.15192,1.15128,1.15169,1436.00000
2026-07-31 16:15:00+00:00,1.15170,1.15182,1.15123,1.15135,1478.00000
2026-07-31 16:30:00+00:00,1.15138,1.15176,1.15129,1.15139,1170.00000
2026-07-31 16:45:00+00:00,1.15140,1.15181,1.15139,1.15171,1152.00000
2026-07-31 17:00:00+00:00,1.15172,1.15233,1.15170,1.15226,1103.00000
2026-07-31 17:15:00+00:00,1.15225,1.15279,1.15200,1.15272,1855.00000
2026-07-31 17:30:00+00:00,1.15275,1.15358,1.15272,1.15357,3081.00000
2026-07-31 17:45:00+00:00,1.15356,1.15376,1.15276,1.15334,3086.00000
2026-07-31 18:00:00+00:00,1.15335,1.15363,1.15278,1.15280,2147.00000
2026-07-31 18:15:00+00:00,1.15281,1.15306,1.15264,1.15295,1182.00000
2026-07-31 18:30:00+00:00,1.15296,1.15302,1.15272,1.15273,1032.00000
2026-07-31 18:45:00+00:00,1.15270,1.15311,1.15245,1.15307,1067.00000
2026-07-31 19:00:00+00:00,1.15311,1.15342,1.15310,1.15326,766.00000
2026-07-31 19:15:00+00:00,1.15325,1.15325,1.15295,1.15310,556.00000
2026-07-31 19:30:00+00:00,1.15307,1.15341,1.15271,1.15340,1156.00000
2026-07-31 19:45:00+00:00,1.15339,1.15361,1.15308,1.15313,1250.00000
2026-07-31 20:00:00+00:00,1.15310,1.15311,1.15239,1.15305,1237.00000
2026-07-31 20:15:00+00:00,1.15304,1.15387,1.15297,1.15362,2071.00000
2026-07-31 20:30:00+00:00,1.15361,1.15400,1.15334,1.15399,2286.00000
2026-07-31 20:45:00+00:00,1.15398,1.15472,1.15287,1.15288,3572.00000
2026-08-02 21:00:00+00:00,1.15492,1.15495,1.15444,1.15464,130.00000
2026-08-02 21:15:00+00:00,1.15466,1.15485,1.15419,1.15419,137.00000
2026-08-02 21:30:00+00:00,1.15464,1.15485,1.15419,1.15485,107.00000
2026-08-02 21:45:00+00:00,1.15481,1.15500,1.15458,1.15490,202.00000
2026-08-02 22:00:00+00:00,1.15503,1.15586,1.15466,1.15580,1046.00000
2026-08-02 22:15:00+00:00,1.15579,1.15589,1.15478,1.15506,1262.00000
2026-08-02 22:30:00+00:00,1.15509,1.15515,1.15477,1.15487,920.00000
2026-08-02 22:45:00+00:00,1.15488,1.15519,1.15481,1.15484,621.00000
2026-08-02 23:00:00+00:00,1.15482,1.15512,1.15433,1.15452,991.00000
2026-08-02 23:15:00+00:00,1.15456,1.15458,1.15429,1.15447,580.00000
2026-08-02 23:30:00+00:00,1.15446,1.15460,1.15426,1.15444,652.00000
2026-08-02 23:45:00+00:00,1.15445,1.15447,1.15421,1.15438,674.00000
2026-08-03 00:00:00+00:00,1.15439,1.15440,1.15351,1.15366,1478.00000
2026-08-03 00:15:00+00:00,1.15370,1.15483,1.15357,1.15473,1743.00000
2026-08-03 00:30:00+00:00,1.15470,1.15553,1.15461,1.15540,3614.00000
2026-08-03 00:45:00+00:00,1.15545,1.15560,1.15410,1.15425,3492.00000
2026-08-03 01:00:00+00:00,1.15424,1.15460,1.15362,1.15362,2665.00000
2026-08-03 01:15:00+00:00,1.15363,1.15381,1.15321,1.15321,1312.00000
2026-08-03 01:30:00+00:00,1.15322,1.15338,1.15304,1.15322,1168.00000
2026-08-03 01:45:00+00:00,1.15320,1.15332,1.15300,1.15322,963.00000
2026-08-03 02:00:00+00:00,1.15323,1.15341,1.15295,1.15300,838.00000
2026-08-03 02:15:00+00:00,1.15301,1.15333,1.15285,1.15329,692.00000
2026-08-03 02:30:00+00:00,1.15328,1.15354,1.15319,1.15319,848.00000
2026-08-03 02:45:00+00:00,1.15316,1.15331,1.15308,1.15310,670.00000
2026-08-03 03:00:00+00:00,1.15309,1.15311,1.15271,1.15281,698.00000
2026-08-03 03:15:00+00:00,1.15280,1.15296,1.15271,1.15292,684.00000
2026-08-03 03:30:00+00:00,1.15291,1.15293,1.15269,1.15275,706.00000
2026-08-03 03:45:00+00:00,1.15276,1.15304,1.15270,1.15299,468.00000
2026-08-03 04:00:00+00:00,1.15302,1.15318,1.15290,1.15314,634.00000
2026-08-03 04:15:00+00:00,1.15322,1.15331,1.15311,1.15328,486.00000
2026-08-03 04:30:00+00:00,1.15329,1.15360,1.15317,1.15360,536.00000
2026-08-03 04:45:00+00:00,1.15359,1.15359,1.15327,1.15342,484.00000
2026-08-03 05:00:00+00:00,1.15343,1.15356,1.15316,1.15334,592.00000
2026-08-03 05:15:00+00:00,1.15335,1.15343,1.15323,1.15336,472.00000
2026-08-03 05:30:00+00:00,1.15335,1.15361,1.15333,1.15360,624.00000
2026-08-03 05:45:00+00:00,1.15361,1.15376,1.15346,1.15372,545.00000
2026-08-03 06:00:00+00:00,1.15373,1.15388,1.15328,1.15328,889.00000
2026-08-03 06:15:00+00:00,1.15330,1.15358,1.15313,1.15339,1010.00000
2026-08-03 06:30:00+00:00,1.15341,1.15346,1.15241,1.15254,1294.00000
2026-08-03 06:45:00+00:00,1.15255,1.15284,1.15237,1.15270,1368.00000
2026-08-03 07:00:00+00:00,1.15268,1.15302,1.15224,1.15294,1488.00000
2026-08-03 07:15:00+00:00,1.15295,1.15306,1.15207,1.15288,1709.00000
2026-08-03 07:30:00+00:00,1.15289,1.15321,1.15235,1.15264,1199.00000
2026-08-03 07:45:00+00:00,1.15263,1.15274,1.15234,1.15261,992.00000
2026-08-03 08:00:00+00:00,1.15263,1.15275,1.15231,1.15271,906.00000
2026-08-03 08:15:00+00:00,1.15270,1.15274,1.15217,1.15244,1094.00000
2026-08-03 08:30:00+00:00,1.15245,1.15277,1.15233,1.15250,1316.00000
2026-08-03 08:45:00+00:00,1.15251,1.15255,1.15209,1.15228,892.00000
2026-08-03 09:00:00+00:00,1.15226,1.15264,1.15199,1.15245,948.00000
2026-08-03 09:15:00+00:00,1.15244,1.15245,1.15210,1.15239,916.00000
2026-08-03 09:30:00+00:00,1.15240,1.15289,1.15234,1.15285,968.00000
2026-08-03 09:45:00+00:00,1.15284,1.15303,1.15219,1.15222,1071.00000
2026-08-03 10:00:00+00:00,1.15221,1.15246,1.15210,1.15230,895.00000
2026-08-03 10:15:00+00:00,1.15227,1.15244,1.15172,1.15231,1160.00000
2026-08-03 10:30:00+00:00,1.15233,1.15236,1.15204,1.15210,840.00000
2026-08-03 10:45:00+00:00,1.15209,1.15246,1.15199,1.15222,922.00000
2026-08-03 11:00:00+00:00,1.15221,1.15267,1.15220,1.15255,920.00000
2026-08-03 11:15:00+00:00,1.15254,1.15257,1.15207,1.15220,980.00000
2026-08-03 11:30:00+00:00,1.15222,1.15260,1.15214,1.15256,828.00000
2026-08-03 11:45:00+00:00,1.15257,1.15325,1.15257,1.15325,1060.00000
2026-08-03 12:00:00+00:00,1.15323,1.15352,1.15307,1.15314,1300.00000
2026-08-03 12:15:00+00:00,1.15315,1.15331,1.15291,1.15297,1186.00000
2026-08-03 12:30:00+00:00,1.15298,1.15332,1.15240,1.15246,1030.00000
2026-08-03 12:45:00+00:00,1.15245,1.15290,1.15227,1.15280,1518.00000
2026-08-03 13:00:00+00:00,1.15281,1.15336,1.15280,1.15295,1688.00000
2026-08-03 13:15:00+00:00,1.15294,1.15316,1.15248,1.15316,1812.00000
2026-08-03 13:30:00+00:00,1.15315,1.15351,1.15255,1.15274,2082.00000
2026-08-03 13:45:00+00:00,1.15273,1.15306,1.15218,1.15274,1792.00000
2026-08-03 14:00:00+00:00,1.15219,1.15274,1.15163,1.15163,2113.00000
2026-08-03 14:15:00+00:00,1.15164,1.15232,1.15147,1.15152,2384.00000
2026-08-03 14:30:00+00:00,1.15153,1.15179,1.15101,1.15136,1764.00000
2026-08-03 14:45:00+00:00,1.15137,1.15162,1.15113,1.15140,2276.00000
2026-08-03 15:00:00+00:00,1.15139,1.15142,1.15024,1.15033,2100.00000
2026-08-03 15:15:00+00:00,1.15034,1.15072,1.15029,1.15040,1434.00000
2026-08-03 15:30:00+00:00,1.15042,1.15058,1.15004,1.15034,1659.00000
2026-08-03 15:45:00+00:00,1.15036,1.15097,1.15033,1.15095,1298.00000
2026-08-03 16:00:00+00:00,1.15097,1.15104,1.15058,1.15083,1208.00000
2026-08-03 16:15:00+00:00,1.15082,1.15089,1.15047,1.15056,1062.00000
2026-08-03 16:30:00+00:00,1.15054,1.15081,1.15043,1.15071,788.00000
2026-08-03 16:45:00+00:00,1.15073,1.15084,1.15051,1.15068,808.00000
2026-08-03 17:00:00+00:00,1.15067,1.15069,1.15032,1.15038,696.00000
2026-08-03 17:15:00+00:00,1.15036,1.15039,1.15020,1.15035,650.00000
2026-08-03 17:30:00+00:00,1.15034,1.15049,1.15028,1.15039,750.00000
2026-08-03 17:45:00+00:00,1.15038,1.15060,1.15013,1.15021,676.00000
2026-08-03 18:00:00+00:00,1.15020,1.15065,1.15015,1.15051,788.00000
2026-08-03 18:15:00+00:00,1.15048,1.15102,1.15048,1.15096,605.00000
2026-08-03 18:30:00+00:00,1.15095,1.15122,1.15084,1.15118,644.00000
2026-08-03 18:45:00+00:00,1.15117,1.15147,1.15113,1.15135,1026.00000
2026-08-03 19:00:00+00:00,1.15136,1.15147,1.15129,1.15136,686.00000
2026-08-03 19:15:00+00:00,1.15134,1.15139,1.15121,1.15124,382.00000
2026-08-03 19:30:00+00:00,1.15122,1.15129,1.15110,1.15126,470.00000
2026-08-03 19:45:00+00:00,1.15125,1.15129,1.15095,1.15103,480.00000
2026-08-03 20:00:00+00:00,1.15101,1.15108,1.15069,1.15075,418.00000
2026-08-03 20:15:00+00:00,1.15076,1.15093,1.15063,1.15074,326.00000
2026-08-03 20:30:00+00:00,1.15073,1.15097,1.15072,1.15093,318.00000
2026-08-03 20:45:00+00:00,1.15094,1.15096,1.15080,1.15083,485.00000
2026-08-03 21:00:00+00:00,1.15105,1.15116,1.15070,1.15070,145.00000
2026-08-03 21:15:00+00:00,1.15072,1.15105,1.15068,1.15101,154.00000
2026-08-03 21:30:00+00:00,1.15103,1.15106,1.15096,1.15100,350.00000
2026-08-03 21:45:00+00:00,1.15099,1.15131,1.15094,1.15131,332.00000
2026-08-03 22:00:00+00:00,1.15115,1.15115,1.15067,1.15072,320.00000
2026-08-03 22:15:00+00:00,1.15073,1.15083,1.15069,1.15069,258.00000
2026-08-03 22:30:00+00:00,1.15068,1.15085,1.15067,1.15079,340.00000
2026-08-03 22:45:00+00:00,1.15080,1.15095,1.15077,1.15088,312.00000
2026-08-03 23:00:00+00:00,1.15089,1.15099,1.15082,1.15099,188.00000
2026-08-03 23:15:00+00:00,1.15100,1.15103,1.15091,1.15094,154.00000
2026-08-03 23:30:00+00:00,1.15095,1.15095,1.15073,1.15079,246.00000
2026-08-03 23:45:00+00:00,1.15078,1.15081,1.15063,1.15070,556.00000
2026-08-04 00:00:00+00:00,1.15074,1.15137,1.15071,1.15097,1132.00000
2026-08-04 00:15:00+00:00,1.15098,1.15125,1.15095,1.15118,642.00000
2026-08-04 00:30:00+00:00,1.15119,1.15150,1.15110,1.15126,530.00000
2026-08-04 00:45:00+00:00,1.15123,1.15124,1.15048,1.15056,1160.00000
2026-08-04 01:00:00+00:00,1.15055,1.15059,1.15022,1.15050,1106.00000
2026-08-04 01:15:00+00:00,1.15051,1.15094,1.15049,1.15084,762.00000
2026-08-04 01:30:00+00:00,1.15083,1.15144,1.15083,1.15144,1072.00000
2026-08-04 01:45:00+00:00,1.15143,1.15146,1.15120,1.15123,794.00000
2026-08-04 02:00:00+00:00,1.15124,1.15139,1.15093,1.15122,936.00000
2026-08-04 02:15:00+00:00,1.15123,1.15129,1.15077,1.15093,664.00000
2026-08-04 02:30:00+00:00,1.15092,1.15119,1.15088,1.15113,544.00000
2026-08-04 02:45:00+00:00,1.15112,1.15126,1.15077,1.15081,478.00000
2026-08-04 03:00:00+00:00,1.15080,1.15114,1.15076,1.15094,556.00000
2026-08-04 03:15:00+00:00,1.15095,1.15125,1.15092,1.15121,660.00000
2026-08-04 03:30:00+00:00,1.15119,1.15141,1.15075,1.15085,912.00000
2026-08-04 03:45:00+00:00,1.15084,1.15100,1.15077,1.15080,438.00000
2026-08-04 04:00:00+00:00,1.15081,1.15086,1.15058,1.15068,448.00000
2026-08-04 04:15:00+00:00,1.15069,1.15087,1.15066,1.15081,424.00000
2026-08-04 04:30:00+00:00,1.15083,1.15099,1.15083,1.15091,360.00000
2026-08-04 04:45:00+00:00,1.15093,1.15110,1.15086,1.15104,338.00000
2026-08-04 05:00:00+00:00,1.15103,1.15104,1.15070,1.15073,460.00000
2026-08-04 05:15:00+00:00,1.15074,1.15099,1.15064,1.15094,410.00000
2026-08-04 05:30:00+00:00,1.15096,1.15104,1.15053,1.15054,540.00000
2026-08-04 05:45:00+00:00,1.15053,1.15076,1.15038,1.15073,758.00000
2026-08-04 06:00:00+00:00,1.15072,1.15078,1.15043,1.15077,1120.00000
2026-08-04 06:15:00+00:00,1.15078,1.15106,1.15059,1.15061,938.00000
2026-08-04 06:30:00+00:00,1.15060,1.15081,1.15038,1.15047,730.00000
2026-08-04 06:45:00+00:00,1.15046,1.15076,1.15039,1.15074,898.00000
2026-08-04 07:00:00+00:00,1.15075,1.15105,1.15063,1.15091,1050.00000
2026-08-04 07:15:00+00:00,1.15090,1.15171,1.15087,1.15126,1113.00000
2026-08-04 07:30:00+00:00,1.15123,1.15149,1.15099,1.15099,760.00000
2026-08-04 07:45:00+00:00,1.15100,1.15131,1.15088,1.15109,746.00000
2026-08-04 08:00:00+00:00,1.15108,1.15144,1.15089,1.15096,1176.00000
2026-08-04 08:15:00+00:00,1.15097,1.15123,1.15078,1.15120,980.00000
2026-08-04 08:30:00+00:00,1.15119,1.15119,1.15062,1.15096,1082.00000
2026-08-04 08:45:00+00:00,1.15095,1.15096,1.15064,1.15079,938.00000
2026-08-04 09:00:00+00:00,1.15078,1.15082,1.15034,1.15070,988.00000
2026-08-04 09:15:00+00:00,1.15071,1.15111,1.15068,1.15104,851.00000
2026-08-04 09:30:00+00:00,1.15103,1.15113,1.15075,1.15082,658.00000
2026-08-04 09:45:00+00:00,1.15080,1.15091,1.15055,1.15080,958.00000
2026-08-04 10:00:00+00:00,1.15081,1.15111,1.15077,1.15102,1210.00000
2026-08-04 10:15:00+00:00,1.15101,1.15105,1.15080,1.15095,944.00000
2026-08-04 10:30:00+00:00,1.15096,1.15174,1.15086,1.15143,1164.00000
2026-08-04 10:45:00+00:00,1.15144,1.15189,1.15127,1.15139,1898.00000
2026-08-04 11:00:00+00:00,1.15142,1.15165,1.15116,1.15163,1042.00000
2026-08-04 11:15:00+00:00,1.15162,1.15199,1.15158,1.15199,957.00000
2026-08-04 11:30:00+00:00,1.15200,1.15234,1.15174,1.15227,2034.00000
2026-08-04 11:45:00+00:00,1.15229,1.15229,1.15149,1.15162,2358.00000
2026-08-04 12:00:00+00:00,1.15163,1.15186,1.15138,1.15142,1650.00000
2026-08-04 12:15:00+00:00,1.15139,1.15179,1.15134,1.15144,930.00000
2026-08-04 12:30:00+00:00,1.15142,1.15233,1.15142,1.15218,1245.00000
2026-08-04 12:45:00+00:00,1.15217,1.15217,1.15145,1.15148,948.00000
2026-08-04 13:00:00+00:00,1.15151,1.15152,1.15109,1.15128,946.00000
2026-08-04 13:15:00+00:00,1.15129,1.15195,1.15093,1.15155,2342.00000
2026-08-04 13:30:00+00:00,1.15156,1.15251,1.15149,1.15234,2390.00000
2026-08-04 13:45:00+00:00,1.15232,1.15261,1.15213,1.15236,1713.00000
2026-08-04 14:00:00+00:00,1.15235,1.15304,1.15221,1.15296,1626.00000
2026-08-04 14:15:00+00:00,1.15295,1.15308,1.15262,1.15268,1512.00000
2026-08-04 14:30:00+00:00,1.15269,1.15285,1.15232,1.15233,1775.00000
2026-08-04 14:45:00+00:00,1.15234,1.15244,1.15189,1.15230,1963.00000
2026-08-04 15:00:00+00:00,1.15231,1.15254,1.15184,1.15184,1720.00000
2026-08-04 15:15:00+00:00,1.15185,1.15185,1.15139,1.15179,1296.00000
2026-08-04 15:30:00+00:00,1.15177,1.15227,1.15134,1.15212,1796.00000
2026-08-04 15:45:00+00:00,1.15211,1.15265,1.15201,1.15262,1016.00000
2026-08-04 16:00:00+00:00,1.15264,1.15267,1.15208,1.15218,792.00000
2026-08-04 16:15:00+00:00,1.15217,1.15223,1.15193,1.15193,744.00000
2026-08-04 16:30:00+00:00,1.15192,1.15198,1.15162,1.15187,486.00000
2026-08-04 16:45:00+00:00,1.15188,1.15197,1.15164,1.15187,634.00000
2026-08-04 17:00:00+00:00,1.15186,1.15225,1.15186,1.15223,612.00000
2026-08-04 17:15:00+00:00,1.15220,1.15224,1.15197,1.15209,594.00000
2026-08-04 17:30:00+00:00,1.15208,1.15259,1.15205,1.15257,546.00000
2026-08-04 17:45:00+00:00,1.15256,1.15265,1.15240,1.15240,646.00000
2026-08-04 18:00:00+00:00,1.15241,1.15266,1.15232,1.15243,858.00000
2026-08-04 18:15:00+00:00,1.15244,1.15257,1.15228,1.15248,458.00000
2026-08-04 18:30:00+00:00,1.15249,1.15273,1.15243,1.15273,608.00000
2026-08-04 18:45:00+00:00,1.15274,1.15338,1.15270,1.15329,900.00000
2026-08-04 19:00:00+00:00,1.15330,1.15334,1.15306,1.15308,704.00000
2026-08-04 19:15:00+00:00,1.15311,1.15324,1.15297,1.15324,600.00000
2026-08-04 19:30:00+00:00,1.15326,1.15328,1.15303,1.15313,408.00000
2026-08-04 19:45:00+00:00,1.15314,1.15316,1.15296,1.15308,474.00000
2026-08-04 20:00:00+00:00,1.15307,1.15322,1.15306,1.15316,366.00000
2026-08-04 20:15:00+00:00,1.15315,1.15340,1.15314,1.15325,364.00000
2026-08-04 20:30:00+00:00,1.15324,1.15326,1.15308,1.15308,172.00000
2026-08-04 20:45:00+00:00,1.15307,1.15340,1.15306,1.15327,418.00000
2026-08-04 21:00:00+00:00,1.15295,1.15303,1.15269,1.15279,120.00000
2026-08-04 21:15:00+00:00,1.15280,1.15300,1.15280,1.15293,124.00000
2026-08-04 21:30:00+00:00,1.15294,1.15318,1.15288,1.15289,246.00000
2026-08-04 21:45:00+00:00,1.15292,1.15297,1.15289,1.15293,80.00000
2026-08-04 22:00:00+00:00,1.15294,1.15316,1.15294,1.15311,247.00000
2026-08-04 22:15:00+00:00,1.15312,1.15312,1.15301,1.15307,172.00000
2026-08-04 22:30:00+00:00,1.15308,1.15328,1.15308,1.15323,152.00000
2026-08-04 22:45:00+00:00,1.15326,1.15328,1.15308,1.15328,286.00000
2026-08-04 23:00:00+00:00,1.15326,1.15332,1.15301,1.15322,336.00000
2026-08-04 23:15:00+00:00,1.15320,1.15320,1.15302,1.15304,158.00000
2026-08-04 23:30:00+00:00,1.15303,1.15310,1.15298,1.15301,178.00000
2026-08-04 23:45:00+00:00,1.15302,1.15326,1.15302,1.15321,312.00000
2026-08-05 00:00:00+00:00,1.15320,1.15347,1.15314,1.15328,794.00000
2026-08-05 00:15:00+00:00,1.15329,1.15353,1.15324,1.15346,596.00000
2026-08-05 00:30:00+00:00,1.15344,1.15356,1.15323,1.15323,490.00000
2026-08-05 00:45:00+00:00,1.15322,1.15333,1.15297,1.15313,860.00000
2026-08-05 01:00:00+00:00,1.15314,1.15316,1.15288,1.15301,728.00000
2026-08-05 01:15:00+00:00,1.15302,1.15318,1.15269,1.15283,700.00000
2026-08-05 01:30:00+00:00,1.15286,1.15288,1.15271,1.15280,562.00000
2026-08-05 01:45:00+00:00,1.15279,1.15288,1.15269,1.15271,584.00000
2026-08-05 02:00:00+00:00,1.15267,1.15314,1.15267,1.15297,992.00000
2026-08-05 02:15:00+00:00,1.15298,1.15353,1.15291,1.15335,692.00000
2026-08-05 02:30:00+00:00,1.15336,1.15406,1.15331,1.15404,990.00000
2026-08-05 02:45:00+00:00,1.15405,1.15408,1.15347,1.15348,628.00000
2026-08-05 03:00:00+00:00,1.15347,1.15404,1.15346,1.15395,626.00000
2026-08-05 03:15:00+00:00,1.15394,1.15404,1.15371,1.15376,556.00000
2026-08-05 03:30:00+00:00,1.15373,1.15373,1.15352,1.15356,518.00000
2026-08-05 03:45:00+00:00,1.15355,1.15377,1.15355,1.15373,468.00000
2026-08-05 04:00:00+00:00,1.15374,1.15393,1.15372,1.15386,500.00000
2026-08-05 04:15:00+00:00,1.15385,1.15403,1.15383,1.15392,380.00000
2026-08-05 04:30:00+00:00,1.15393,1.15399,1.15369,1.15370,408.00000
2026-08-05 04:45:00+00:00,1.15369,1.15380,1.15347,1.15361,534.00000
2026-08-05 05:00:00+00:00,1.15362,1.15362,1.15318,1.15339,498.00000
2026-08-05 05:15:00+00:00,1.15340,1.15356,1.15331,1.15346,518.00000
2026-08-05 05:30:00+00:00,1.15347,1.15369,1.15347,1.15360,548.00000
2026-08-05 05:45:00+00:00,1.15361,1.15381,1.15343,1.15357,678.00000
2026-08-05 06:00:00+00:00,1.15360,1.15376,1.15350,1.15365,789.00000
2026-08-05 06:15:00+00:00,1.15362,1.15364,1.15324,1.15353,874.00000
2026-08-05 06:30:00+00:00,1.15354,1.15423,1.15325,1.15420,1102.00000
2026-08-05 06:45:00+00:00,1.15421,1.15459,1.15421,1.15448,702.00000
2026-08-05 07:00:00+00:00,1.15446,1.15468,1.15377,1.15384,1437.00000
2026-08-05 07:15:00+00:00,1.15385,1.15417,1.15339,1.15341,1220.00000
2026-08-05 07:30:00+00:00,1.15342,1.15379,1.15342,1.15358,798.00000
2026-08-05 07:45:00+00:00,1.15357,1.15397,1.15348,1.15380,822.00000
2026-08-05 08:00:00+00:00,1.15378,1.15403,1.15359,1.15367,988.00000
2026-08-05 08:15:00+00:00,1.15368,1.15434,1.15368,1.15434,1072.00000
2026-08-05 08:30:00+00:00,1.15435,1.15446,1.15332,1.15348,1216.00000
2026-08-05 08:45:00+00:00,1.15345,1.15371,1.15307,1.15356,1029.00000
2026-08-05 09:00:00+00:00,1.15358,1.15385,1.15336,1.15373,1122.00000
2026-08-05 09:15:00+00:00,1.15374,1.15416,1.15367,1.15396,1010.00000
2026-08-05 09:30:00+00:00,1.15397,1.15426,1.15381,1.15417,848.00000
2026-08-05 09:45:00+00:00,1.15415,1.15418,1.15397,1.15398,620.00000
2026-08-05 10:00:00+00:00,1.15397,1.15402,1.15351,1.15364,769.00000
2026-08-05 10:15:00+00:00,1.15363,1.15409,1.15359,1.15378,720.00000
2026-08-05 10:30:00+00:00,1.15379,1.15393,1.15364,1.15379,722.00000
2026-08-05 10:45:00+00:00,1.15382,1.15408,1.15362,1.15396,717.00000
2026-08-05 11:00:00+00:00,1.15399,1.15463,1.15399,1.15459,802.00000
2026-08-05 11:15:00+00:00,1.15458,1.15511,1.15437,1.15478,1090.00000
2026-08-05 11:30:00+00:00,1.15479,1.15552,1.15466,1.15528,1021.00000
2026-08-05 11:45:00+00:00,1.15527,1.15537,1.15490,1.15526,1010.00000
2026-08-05 12:00:00+00:00,1.15520,1.15551,1.15511,1.15519,1056.00000
2026-08-05 12:15:00+00:00,1.15518,1.15572,1.15518,1.15538,1194.00000
2026-08-05 12:30:00+00:00,1.15542,1.15548,1.15477,1.15479,1202.00000
2026-08-05 12:45:00+00:00,1.15478,1.15502,1.15448,1.15456,1083.00000
2026-08-05 13:00:00+00:00,1.15457,1.15474,1.15423,1.15461,1614.00000
2026-08-05 13:15:00+00:00,1.15460,1.15534,1.15457,1.15523,1459.00000
2026-08-05 13:30:00+00:00,1.15522,1.15540,1.15452,1.15455,2394.00000
2026-08-05 13:45:00+00:00,1.15456,1.15465,1.15402,1.15437,1997.00000
2026-08-05 14:00:00+00:00,1.15422,1.15557,1.15422,1.15533,2635.00000
2026-08-05 14:15:00+00:00,1.15531,1.15569,1.15501,1.15502,1817.00000
2026-08-05 14:30:00+00:00,1.15504,1.15527,1.15474,1.15515,1620.00000
2026-08-05 14:45:00+00:00,1.15516,1.15539,1.15452,1.15535,2140.00000
2026-08-05 15:00:00+00:00,1.15534,1.15566,1.15494,1.15495,1944.00000
2026-08-05 15:15:00+00:00,1.15494,1.15494,1.15454,1.15473,1490.00000
2026-08-05 15:30:00+00:00,1.15471,1.15509,1.15443,1.15493,1266.00000
2026-08-05 15:45:00+00:00,1.15492,1.15498,1.15428,1.15461,1601.00000
2026-08-05 16:00:00+00:00,1.15460,1.15480,1.15428,1.15469,1261.00000
2026-08-05 16:15:00+00:00,1.15470,1.15492,1.15462,1.15476,690.00000
2026-08-05 16:30:00+00:00,1.15477,1.15477,1.15431,1.15456,605.00000
2026-08-05 16:45:00+00:00,1.15455,1.15469,1.15432,1.15458,950.00000
2026-08-05 17:00:00+00:00,1.15462,1.15474,1.15427,1.15443,616.00000
2026-08-05 17:15:00+00:00,1.15444,1.15494,1.15440,1.15489,909.00000
2026-08-05 17:30:00+00:00,1.15488,1.15540,1.15477,1.15536,805.00000
2026-08-05 17:45:00+00:00,1.15538,1.15573,1.15538,1.15563,628.00000
2026-08-05 18:00:00+00:00,1.15562,1.15585,1.15551,1.15552,834.00000
2026-08-05 18:15:00+00:00,1.15551,1.15595,1.15542,1.15591,728.00000
2026-08-05 18:30:00+00:00,1.15590,1.15595,1.15533,1.15537,678.00000
2026-08-05 18:45:00+00:00,1.15538,1.15557,1.15532,1.15537,755.00000
2026-08-05 19:00:00+00:00,1.15538,1.15548,1.15510,1.15513,632.00000
2026-08-05 19:15:00+00:00,1.15512,1.15514,1.15476,1.15478,523.00000
2026-08-05 19:30:00+00:00,1.15483,1.15509,1.15482,1.15499,478.00000
2026-08-05 19:45:00+00:00,1.15502,1.15523,1.15487,1.15509,578.00000
2026-08-05 20:00:00+00:00,1.15510,1.15530,1.15499,1.15501,382.00000
2026-08-05 20:15:00+00:00,1.15502,1.15516,1.15492,1.15508,220.00000
2026-08-05 20:30:00+00:00,1.15507,1.15542,1.15506,1.15518,306.00000
2026-08-05 20:45:00+00:00,1.15519,1.15538,1.15514,1.15536,569.00000
2026-08-05 21:00:00+00:00,1.15543,1.15562,1.15526,1.15553,102.00000
2026-08-05 21:15:00+00:00,1.15550,1.15569,1.15525,1.15546,79.00000
2026-08-05 21:30:00+00:00,1.15549,1.15549,1.15512,1.15524,358.00000
2026-08-05 21:45:00+00:00,1.15526,1.15544,1.15522,1.15533,804.00000
2026-08-05 22:00:00+00:00,1.15534,1.15551,1.15513,1.15535,544.00000
2026-08-05 22:15:00+00:00,1.15534,1.15547,1.15533,1.15543,632.00000
2026-08-05 22:30:00+00:00,1.15544,1.15548,1.15534,1.15547,209.00000
2026-08-05 22:45:00+00:00,1.15549,1.15551,1.15540,1.15548,122.00000
2026-08-05 23:00:00+00:00,1.15547,1.15558,1.15541,1.15557,138.00000
2026-08-05 23:15:00+00:00,1.15556,1.15558,1.15548,1.15548,142.00000
2026-08-05 23:30:00+00:00,1.15549,1.15558,1.15546,1.15557,256.00000
2026-08-05 23:45:00+00:00,1.15558,1.15577,1.15557,1.15570,254.00000
2026-08-06 00:00:00+00:00,1.15571,1.15575,1.15546,1.15553,824.00000
2026-08-06 00:15:00+00:00,1.15554,1.15581,1.15553,1.15564,584.00000
2026-08-06 00:30:00+00:00,1.15565,1.15580,1.15561,1.15566,450.00000
2026-08-06 00:45:00+00:00,1.15569,1.15597,1.15563,1.15564,680.00000
2026-08-06 01:00:00+00:00,1.15565,1.15572,1.15535,1.15554,1014.00000
2026-08-06 01:15:00+00:00,1.15555,1.15575,1.15541,1.15553,802.00000
2026-08-06 01:30:00+00:00,1.15551,1.15570,1.15546,1.15567,644.00000
2026-08-06 01:45:00+00:00,1.15566,1.15566,1.15544,1.15550,556.00000
2026-08-06 02:00:00+00:00,1.15549,1.15575,1.15548,1.15559,598.00000
2026-08-06 02:15:00+00:00,1.15560,1.15580,1.15546,1.15560,498.00000
2026-08-06 02:30:00+00:00,1.15557,1.15575,1.15549,1.15574,430.00000
2026-08-06 02:45:00+00:00,1.15573,1.15577,1.15526,1.15537,486.00000
2026-08-06 03:00:00+00:00,1.15538,1.15539,1.15520,1.15522,394.00000
2026-08-06 03:15:00+00:00,1.15523,1.15524,1.15493,1.15501,514.00000
2026-08-06 03:30:00+00:00,1.15500,1.15509,1.15476,1.15477,346.00000
2026-08-06 03:45:00+00:00,1.15476,1.15489,1.15469,1.15488,378.00000
2026-08-06 04:00:00+00:00,1.15486,1.15497,1.15481,1.15493,316.00000
2026-08-06 04:15:00+00:00,1.15492,1.15493,1.15476,1.15483,208.00000
2026-08-06 04:30:00+00:00,1.15484,1.15492,1.15477,1.15477,240.00000
2026-08-06 04:45:00+00:00,1.15478,1.15492,1.15470,1.15491,380.00000
2026-08-06 05:00:00+00:00,1.15490,1.15490,1.15446,1.15453,390.00000
2026-08-06 05:15:00+00:00,1.15452,1.15462,1.15451,1.15456,204.00000
2026-08-06 05:30:00+00:00,1.15457,1.15490,1.15452,1.15487,394.00000
2026-08-06 05:45:00+00:00,1.15486,1.15506,1.15478,1.15494,404.00000
2026-08-06 06:00:00+00:00,1.15495,1.15516,1.15456,1.15467,627.00000
2026-08-06 06:15:00+00:00,1.15468,1.15477,1.15450,1.15463,798.00000
2026-08-06 06:30:00+00:00,1.15464,1.15466,1.15427,1.15457,656.00000
2026-08-06 06:45:00+00:00,1.15459,1.15472,1.15431,1.15448,660.00000
2026-08-06 07:00:00+00:00,1.15447,1.15458,1.15422,1.15446,828.00000
2026-08-06 07:15:00+00:00,1.15447,1.15466,1.15430,1.15446,807.00000
2026-08-06 07:30:00+00:00,1.15447,1.15460,1.15429,1.15448,854.00000
2026-08-06 07:45:00+00:00,1.15447,1.15451,1.15412,1.15442,1154.00000
2026-08-06 08:00:00+00:00,1.15444,1.15451,1.15389,1.15431,904.00000
2026-08-06 08:15:00+00:00,1.15432,1.15448,1.15406,1.15410,858.00000
2026-08-06 08:30:00+00:00,1.15411,1.15444,1.15401,1.15431,901.00000
2026-08-06 08:45:00+00:00,1.15432,1.15444,1.15411,1.15432,968.00000
2026-08-06 09:00:00+00:00,1.15431,1.15440,1.15407,1.15437,850.00000
2026-08-06 09:15:00+00:00,1.15436,1.15437,1.15402,1.15423,640.00000
2026-08-06 09:30:00+00:00,1.15424,1.15431,1.15374,1.15378,792.00000
2026-08-06 09:45:00+00:00,1.15379,1.15403,1.15365,1.15385,540.00000
2026-08-06 10:00:00+00:00,1.15384,1.15410,1.15366,1.15367,752.00000
2026-08-06 10:15:00+00:00,1.15366,1.15423,1.15365,1.15413,534.00000
2026-08-06 10:30:00+00:00,1.15412,1.15428,1.15402,1.15407,408.00000
2026-08-06 10:45:00+00:00,1.15406,1.15422,1.15391,1.15409,512.00000
2026-08-06 11:00:00+00:00,1.15410,1.15450,1.15410,1.15429,754.00000
2026-08-06 11:15:00+00:00,1.15425,1.15469,1.15422,1.15452,570.00000
2026-08-06 11:30:00+00:00,1.15453,1.15456,1.15386,1.15386,668.00000
2026-08-06 11:45:00+00:00,1.15383,1.15452,1.15375,1.15452,1266.00000
2026-08-06 12:00:00+00:00,1.15453,1.15457,1.15392,1.15396,928.00000
2026-08-06 12:15:00+00:00,1.15397,1.15438,1.15397,1.15424,794.00000
2026-08-06 12:30:00+00:00,1.15425,1.15453,1.15401,1.15417,860.00000
2026-08-06 12:45:00+00:00,1.15421,1.15423,1.15368,1.15387,1106.00000
2026-08-06 13:00:00+00:00,1.15389,1.15411,1.15357,1.15381,1260.00000
2026-08-06 13:15:00+00:00,1.15382,1.15407,1.15366,1.15388,870.00000
2026-08-06 13:30:00+00:00,1.15389,1.15437,1.15377,1.15425,1018.00000
2026-08-06 13:45:00+00:00,1.15422,1.15450,1.15389,1.15429,1268.00000
2026-08-06 14:00:00+00:00,1.15430,1.15441,1.15325,1.15346,1588.00000
2026-08-06 14:15:00+00:00,1.15345,1.15388,1.15339,1.15347,1474.00000
2026-08-06 14:30:00+00:00,1.15351,1.15374,1.15336,1.15357,1090.00000
2026-08-06 14:45:00+00:00,1.15356,1.15356,1.15304,1.15352,1304.00000
2026-08-06 15:00:00+00:00,1.15352,1.15357,1.15275,1.15282,1360.00000
2026-08-06 15:15:00+00:00,1.15285,1.15285,1.15213,1.15237,1836.00000
2026-08-06 15:30:00+00:00,1.15235,1.15241,1.15197,1.15226,1028.00000
2026-08-06 15:45:00+00:00,1.15228,1.15244,1.15190,1.15207,1402.00000
2026-08-06 16:00:00+00:00,1.15208,1.15221,1.15191,1.15201,986.00000
2026-08-06 16:15:00+00:00,1.15200,1.15201,1.15147,1.15193,1238.00000
2026-08-06 16:30:00+00:00,1.15192,1.15206,1.15168,1.15178,664.00000
2026-08-06 16:45:00+00:00,1.15182,1.15228,1.15181,1.15206,678.00000
2026-08-06 17:00:00+00:00,1.15208,1.15222,1.15192,1.15196,958.00000
2026-08-06 17:15:00+00:00,1.15195,1.15209,1.15176,1.15201,732.00000
2026-08-06 17:30:00+00:00,1.15201,1.15206,1.15175,1.15191,661.00000
2026-08-06 17:45:00+00:00,1.15190,1.15229,1.15187,1.15229,516.00000
2026-08-06 18:00:00+00:00,1.15228,1.15248,1.15224,1.15235,384.00000
2026-08-06 18:15:00+00:00,1.15236,1.15242,1.15218,1.15223,288.00000
2026-08-06 18:30:00+00:00,1.15222,1.15233,1.15217,1.15221,308.00000
2026-08-06 18:45:00+00:00,1.15223,1.15238,1.15215,1.15237,406.00000
2026-08-06 19:00:00+00:00,1.15240,1.15256,1.15222,1.15227,490.00000
2026-08-06 19:15:00+00:00,1.15227,1.15239,1.15172,1.15188,944.00000
2026-08-06 19:30:00+00:00,1.15185,1.15210,1.15180,1.15186,625.00000
2026-08-06 19:45:00+00:00,1.15187,1.15256,1.15185,1.15232,716.00000
2026-08-06 20:00:00+00:00,1.15231,1.15239,1.15210,1.15213,328.00000
2026-08-06 20:15:00+00:00,1.15211,1.15211,1.15188,1.15206,216.00000
2026-08-06 20:30:00+00:00,1.15207,1.15222,1.15202,1.15221,212.00000
2026-08-06 20:45:00+00:00,1.15220,1.15242,1.15218,1.15241,1382.00000
2026-08-06 21:00:00+00:00,1.15238,1.15247,1.15209,1.15224,73.00000
2026-08-06 21:15:00+00:00,1.15223,1.15225,1.15202,1.15218,90.00000
2026-08-06 21:30:00+00:00,1.15207,1.15217,1.15181,1.15207,275.00000
2026-08-06 21:45:00+00:00,1.15197,1.15212,1.15189,1.15200,343.00000
2026-08-06 22:00:00+00:00,1.15206,1.15228,1.15206,1.15217,263.00000
2026-08-06 22:15:00+00:00,1.15218,1.15224,1.15216,1.15221,172.00000
2026-08-06 22:30:00+00:00,1.15222,1.15226,1.15215,1.15221,176.00000
2026-08-06 22:45:00+00:00,1.15217,1.15225,1.15216,1.15218,112.00000
2026-08-06 23:00:00+00:00,1.15217,1.15234,1.15217,1.15234,166.00000
2026-08-06 23:15:00+00:00,1.15236,1.15236,1.15225,1.15231,83.00000
2026-08-06 23:30:00+00:00,1.15230,1.15237,1.15223,1.15237,144.00000
2026-08-06 23:45:00+00:00,1.15236,1.15242,1.15232,1.15240,172.00000
2026-08-07 00:00:00+00:00,1.15238,1.15241,1.15209,1.15213,682.00000
2026-08-07 00:15:00+00:00,1.15214,1.15222,1.15201,1.15215,572.00000
2026-08-07 00:30:00+00:00,1.15216,1.15225,1.15204,1.15208,450.00000
2026-08-07 00:45:00+00:00,1.15209,1.15219,1.15181,1.15191,676.00000
2026-08-07 01:00:00+00:00,1.15192,1.15226,1.15185,1.15220,544.00000
2026-08-07 01:15:00+00:00,1.15219,1.15222,1.15209,1.15217,308.00000
2026-08-07 01:30:00+00:00,1.15216,1.15256,1.15202,1.15246,592.00000
2026-08-07 01:45:00+00:00,1.15247,1.15251,1.15213,1.15217,476.00000
2026-08-07 02:00:00+00:00,1.15216,1.15230,1.15214,1.15216,508.00000
2026-08-07 02:15:00+00:00,1.15217,1.15230,1.15207,1.15224,222.00000
2026-08-07 02:30:00+00:00,1.15226,1.15227,1.15209,1.15213,254.00000
2026-08-07 02:45:00+00:00,1.15211,1.15236,1.15210,1.15216,304.00000
2026-08-07 03:00:00+00:00,1.15215,1.15225,1.15198,1.15211,336.00000
2026-08-07 03:15:00+00:00,1.15206,1.15217,1.15203,1.15215,304.00000
2026-08-07 03:30:00+00:00,1.15214,1.15222,1.15210,1.15214,220.00000
2026-08-07 03:45:00+00:00,1.15216,1.15233,1.15213,1.15233,226.00000
2026-08-07 04:00:00+00:00,1.15232,1.15233,1.15216,1.15221,228.00000
2026-08-07 04:15:00+00:00,1.15220,1.15232,1.15217,1.15222,296.00000
2026-08-07 04:30:00+00:00,1.15223,1.15242,1.15217,1.15242,432.00000
2026-08-07 04:45:00+00:00,1.15240,1.15243,1.15227,1.15236,296.00000
2026-08-07 05:00:00+00:00,1.15235,1.15253,1.15235,1.15247,226.00000
2026-08-07 05:15:00+00:00,1.15248,1.15250,1.15215,1.15216,248.00000
2026-08-07 05:30:00+00:00,1.15217,1.15241,1.15207,1.15235,370.00000
2026-08-07 05:45:00+00:00,1.15236,1.15248,1.15222,1.15223,516.00000
2026-08-07 06:00:00+00:00,1.15224,1.15242,1.15210,1.15236,518.00000
2026-08-07 06:15:00+00:00,1.15234,1.15250,1.15214,1.15241,532.00000
2026-08-07 06:30:00+00:00,1.15242,1.15242,1.15215,1.15222,642.00000
2026-08-07 06:45:00+00:00,1.15221,1.15247,1.15215,1.15221,550.00000
2026-08-07 07:00:00+00:00,1.15222,1.15234,1.15178,1.15228,778.00000
2026-08-07 07:15:00+00:00,1.15227,1.15243,1.15217,1.15225,586.00000
2026-08-07 07:30:00+00:00,1.15224,1.15233,1.15197,1.15201,526.00000
2026-08-07 07:45:00+00:00,1.15202,1.15232,1.15199,1.15224,640.00000
2026-08-07 08:00:00+00:00,1.15225,1.15229,1.15181,1.15186,734.00000
2026-08-07 08:15:00+00:00,1.15187,1.15213,1.15187,1.15193,757.00000
2026-08-07 08:30:00+00:00,1.15192,1.15243,1.15191,1.15241,840.00000
2026-08-07 08:45:00+00:00,1.15242,1.15253,1.15226,1.15235,708.00000
2026-08-07 09:00:00+00:00,1.15234,1.15288,1.15230,1.15286,900.00000
2026-08-07 09:15:00+00:00,1.15288,1.15296,1.15268,1.15273,630.00000
2026-08-07 09:30:00+00:00,1.15271,1.15282,1.15257,1.15276,618.00000
2026-08-07 09:45:00+00:00,1.15277,1.15313,1.15277,1.15290,678.00000
2026-08-07 10:00:00+00:00,1.15289,1.15292,1.15260,1.15266,691.00000
2026-08-07 10:15:00+00:00,1.15266,1.15285,1.15261,1.15276,532.00000
2026-08-07 10:30:00+00:00,1.15277,1.15284,1.15257,1.15259,665.00000
2026-08-07 10:45:00+00:00,1.15256,1.15291,1.15256,1.15271,565.00000
2026-08-07 11:00:00+00:00,1.15272,1.15299,1.15271,1.15282,654.00000
2026-08-07 11:15:00+00:00,1.15283,1.15296,1.15264,1.15266,576.00000
2026-08-07 11:30:00+00:00,1.15265,1.15323,1.15264,1.15320,608.00000
2026-08-07 11:45:00+00:00,1.15321,1.15332,1.15312,1.15331,721.00000
2026-08-07 12:00:00+00:00,1.15332,1.15378,1.15330,1.15342,871.00000
2026-08-07 12:15:00+00:00,1.15341,1.15346,1.15269,1.15281,1413.00000
2026-08-07 12:30:00+00:00,1.15278,1.15773,1.15270,1.15735,6573.00000
2026-08-07 12:45:00+00:00,1.15736,1.15809,1.15708,1.15728,3910.00000
2026-08-07 13:00:00+00:00,1.15725,1.15749,1.15673,1.15746,2720.00000
2026-08-07 13:15:00+00:00,1.15745,1.15754,1.15668,1.15700,1885.00000
2026-08-07 13:30:00+00:00,1.15705,1.15745,1.15620,1.15720,2472.00000
2026-08-07 13:45:00+00:00,1.15718,1.15723,1.15566,1.15577,2222.00000
2026-08-07 14:00:00+00:00,1.15580,1.15586,1.15521,1.15578,2330.00000
2026-08-07 14:15:00+00:00,1.15577,1.15643,1.15564,1.15570,1756.00000
2026-08-07 14:30:00+00:00,1.15571,1.15603,1.15505,1.15521,1524.00000
2026-08-07 14:45:00+00:00,1.15520,1.15559,1.15510,1.15531,2100.00000
2026-08-07 15:00:00+00:00,1.15529,1.15610,1.15502,1.15608,2115.00000
2026-08-07 15:15:00+00:00,1.15607,1.15638,1.15568,1.15569,1740.00000
2026-08-07 15:30:00+00:00,1.15571,1.15625,1.15543,1.15615,1213.00000
2026-08-07 15:45:00+00:00,1.15616,1.15631,1.15566,1.15586,1126.00000
2026-08-07 16:00:00+00:00,1.15584,1.15652,1.15575,1.15652,1254.00000
2026-08-07 16:15:00+00:00,1.15651,1.15657,1.15602,1.15624,1148.00000
2026-08-07 16:30:00+00:00,1.15625,1.15640,1.15612,1.15630,870.00000
2026-08-07 16:45:00+00:00,1.15629,1.15673,1.15588,1.15589,774.00000
2026-08-07 17:00:00+00:00,1.15588,1.15614,1.15575,1.15612,600.00000
2026-08-07 17:15:00+00:00,1.15613,1.15632,1.15594,1.15610,526.00000
2026-08-07 17:30:00+00:00,1.15611,1.15635,1.15599,1.15626,578.00000
2026-08-07 17:45:00+00:00,1.15627,1.15633,1.15611,1.15612,432.00000
2026-08-07 18:00:00+00:00,1.15611,1.15633,1.15585,1.15613,540.00000
2026-08-07 18:15:00+00:00,1.15612,1.15626,1.15600,1.15623,512.00000
2026-08-07 18:30:00+00:00,1.15622,1.15642,1.15619,1.15640,352.00000
2026-08-07 18:45:00+00:00,1.15641,1.15662,1.15637,1.15650,348.00000
2026-08-07 19:00:00+00:00,1.15655,1.15681,1.15640,1.15644,914.00000
2026-08-07 19:15:00+00:00,1.15641,1.15702,1.15639,1.15696,784.00000
2026-08-07 19:30:00+00:00,1.15697,1.15699,1.15659,1.15659,594.00000
2026-08-07 19:45:00+00:00,1.15660,1.15670,1.15609,1.15616,773.00000
2026-08-07 20:00:00+00:00,1.15617,1.15617,1.15586,1.15590,360.00000
2026-08-07 20:15:00+00:00,1.15589,1.15590,1.15559,1.15567,363.00000
2026-08-07 20:30:00+00:00,1.15566,1.15593,1.15554,1.15579,304.00000
2026-08-07 20:45:00+00:00,1.15581,1.15602,1.15564,1.15583,1013.00000
2026-08-09 21:00:00+00:00,1.15647,1.15656,1.15618,1.15651,78.00000
2026-08-09 21:15:00+00:00,1.15660,1.15662,1.15624,1.15645,40.00000
2026-08-09 21:30:00+00:00,1.15642,1.15645,1.15588,1.15606,71.00000
2026-08-09 21:45:00+00:00,1.15605,1.15618,1.15590,1.15610,83.00000
2026-08-09 22:00:00+00:00,1.15609,1.15617,1.15558,1.15563,366.00000
2026-08-09 22:15:00+00:00,1.15559,1.15570,1.15548,1.15549,293.00000
2026-08-09 22:30:00+00:00,1.15550,1.15570,1.15549,1.15565,118.00000
2026-08-09 22:45:00+00:00,1.15564,1.15571,1.15552,1.15555,128.00000
2026-08-09 23:00:00+00:00,1.15557,1.15580,1.15557,1.15577,214.00000
2026-08-09 23:15:00+00:00,1.15579,1.15582,1.15569,1.15574,184.00000
2026-08-09 23:30:00+00:00,1.15575,1.15577,1.15544,1.15576,272.00000
2026-08-09 23:45:00+00:00,1.15579,1.15581,1.15555,1.15555,318.00000
2026-08-10 00:00:00+00:00,1.15556,1.15590,1.15556,1.15586,802.00000
2026-08-10 00:15:00+00:00,1.15581,1.15586,1.15550,1.15559,608.00000
2026-08-10 00:30:00+00:00,1.15560,1.15560,1.15543,1.15544,496.00000
2026-08-10 00:45:00+00:00,1.15545,1.15588,1.15540,1.15581,730.00000
2026-08-10 01:00:00+00:00,1.15582,1.15589,1.15526,1.15549,1442.00000
2026-08-10 01:15:00+00:00,1.15550,1.15565,1.15538,1.15544,926.00000
2026-08-10 01:30:00+00:00,1.15545,1.15549,1.15520,1.15540,758.00000
2026-08-10 01:45:00+00:00,1.15536,1.15554,1.15528,1.15540,798.00000
2026-08-10 02:00:00+00:00,1.15539,1.15548,1.15528,1.15536,482.00000
2026-08-10 02:15:00+00:00,1.15535,1.15550,1.15527,1.15541,320.00000
2026-08-10 02:30:00+00:00,1.15542,1.15551,1.15521,1.15521,310.00000
2026-08-10 02:45:00+00:00,1.15522,1.15528,1.15508,1.15515,314.00000
2026-08-10 03:00:00+00:00,1.15516,1.15519,1.15493,1.15509,429.00000
2026-08-10 03:15:00+00:00,1.15510,1.15528,1.15498,1.15511,328.00000
2026-08-10 03:30:00+00:00,1.15513,1.15513,1.15488,1.15494,302.00000
2026-08-10 03:45:00+00:00,1.15495,1.15507,1.15489,1.15490,266.00000
2026-08-10 04:00:00+00:00,1.15491,1.15497,1.15479,1.15494,354.00000
2026-08-10 04:15:00+00:00,1.15495,1.15501,1.15486,1.15497,314.00000
2026-08-10 04:30:00+00:00,1.15495,1.15501,1.15484,1.15501,332.00000
2026-08-10 04:45:00+00:00,1.15502,1.15525,1.15501,1.15514,268.00000
2026-08-10 05:00:00+00:00,1.15516,1.15531,1.15500,1.15510,364.00000
2026-08-10 05:15:00+00:00,1.15512,1.15519,1.15504,1.15515,306.00000
2026-08-10 05:30:00+00:00,1.15516,1.15533,1.15503,1.15516,586.00000
2026-08-10 05:45:00+00:00,1.15515,1.15562,1.15512,1.15547,598.00000
2026-08-10 06:00:00+00:00,1.15546,1.15550,1.15525,1.15541,531.00000
2026-08-10 06:15:00+00:00,1.15540,1.15576,1.15537,1.15560,660.00000
2026-08-10 06:30:00+00:00,1.15555,1.15563,1.15539,1.15546,792.00000
2026-08-10 06:45:00+00:00,1.15544,1.15554,1.15518,1.15550,628.00000
2026-08-10 07:00:00+00:00,1.15549,1.15559,1.15520,1.15537,786.00000
2026-08-10 07:15:00+00:00,1.15534,1.15579,1.15533,1.15560,676.00000
2026-08-10 07:30:00+00:00,1.15561,1.15632,1.15555,1.15632,956.00000
2026-08-10 07:45:00+00:00,1.15628,1.15656,1.15572,1.15609,1044.00000
2026-08-10 08:00:00+00:00,1.15610,1.15653,1.15595,1.15651,836.00000
2026-08-10 08:15:00+00:00,1.15652,1.15657,1.15625,1.15646,646.00000
2026-08-10 08:30:00+00:00,1.15648,1.15651,1.15617,1.15627,652.00000
2026-08-10 08:45:00+00:00,1.15626,1.15626,1.15604,1.15610,636.00000
2026-08-10 09:00:00+00:00,1.15609,1.15637,1.15594,1.15634,458.00000
2026-08-10 09:15:00+00:00,1.15635,1.15636,1.15610,1.15625,496.00000
2026-08-10 09:30:00+00:00,1.15624,1.15625,1.15569,1.15601,702.00000
2026-08-10 09:45:00+00:00,1.15600,1.15612,1.15568,1.15569,847.00000
2026-08-10 10:00:00+00:00,1.15568,1.15574,1.15544,1.15554,908.00000
2026-08-10 10:15:00+00:00,1.15553,1.15580,1.15550,1.15566,752.00000
2026-08-10 10:30:00+00:00,1.15567,1.15574,1.15545,1.15565,868.00000
2026-08-10 10:45:00+00:00,1.15566,1.15570,1.15549,1.15554,730.00000
2026-08-10 11:00:00+00:00,1.15553,1.15564,1.15509,1.15523,610.00000
2026-08-10 11:15:00+00:00,1.15524,1.15529,1.15500,1.15515,714.00000
2026-08-10 11:30:00+00:00,1.15516,1.15530,1.15504,1.15510,598.00000
2026-08-10 11:45:00+00:00,1.15507,1.15524,1.15490,1.15524,581.00000
2026-08-10 12:00:00+00:00,1.15521,1.15551,1.15509,1.15516,1236.00000
2026-08-10 12:15:00+00:00,1.15515,1.15517,1.15469,1.15486,860.00000
2026-08-10 12:30:00+00:00,1.15485,1.15502,1.15458,1.15459,769.00000
2026-08-10 12:45:00+00:00,1.15458,1.15490,1.15455,1.15470,810.00000
2026-08-10 13:00:00+00:00,1.15473,1.15523,1.15456,1.15521,1066.00000
2026-08-10 13:15:00+00:00,1.15517,1.15536,1.15495,1.15526,888.00000
2026-08-10 13:30:00+00:00,1.15525,1.15535,1.15479,1.15480,1210.00000
2026-08-10 13:45:00+00:00,1.15482,1.15510,1.15439,1.15450,1680.00000
2026-08-10 14:00:00+00:00,1.15451,1.15504,1.15444,1.15491,1116.00000
2026-08-10 14:15:00+00:00,1.15490,1.15539,1.15476,1.15528,1079.00000
2026-08-10 14:30:00+00:00,1.15529,1.15546,1.15512,1.15534,964.00000
2026-08-10 14:45:00+00:00,1.15535,1.15557,1.15500,1.15519,1478.00000
2026-08-10 15:00:00+00:00,1.15518,1.15523,1.15475,1.15512,1228.00000
2026-08-10 15:15:00+00:00,1.15511,1.15533,1.15465,1.15486,1008.00000
2026-08-10 15:30:00+00:00,1.15487,1.15496,1.15463,1.15471,900.00000
2026-08-10 15:45:00+00:00,1.15473,1.15521,1.15467,1.15517,826.00000
2026-08-10 16:00:00+00:00,1.15518,1.15542,1.15517,1.15526,676.00000
2026-08-10 16:15:00+00:00,1.15525,1.15527,1.15490,1.15526,488.00000
2026-08-10 16:30:00+00:00,1.15527,1.15532,1.15466,1.15469,884.00000
2026-08-10 16:45:00+00:00,1.15470,1.15487,1.15451,1.15470,628.00000
2026-08-10 17:00:00+00:00,1.15471,1.15476,1.15436,1.15447,520.00000
2026-08-10 17:15:00+00:00,1.15446,1.15449,1.15411,1.15436,784.00000
2026-08-10 17:30:00+00:00,1.15437,1.15466,1.15437,1.15446,368.00000
2026-08-10 17:45:00+00:00,1.15445,1.15446,1.15420,1.15428,517.00000
2026-08-10 18:00:00+00:00,1.15431,1.15448,1.15426,1.15437,356.00000
2026-08-10 18:15:00+00:00,1.15436,1.15436,1.15411,1.15422,410.00000
2026-08-10 18:30:00+00:00,1.15421,1.15448,1.15412,1.15446,558.00000
2026-08-10 18:45:00+00:00,1.15445,1.15446,1.15400,1.15421,822.00000
2026-08-10 19:00:00+00:00,1.15422,1.15426,1.15403,1.15414,476.00000
2026-08-10 19:15:00+00:00,1.15415,1.15430,1.15405,1.15420,494.00000
2026-08-10 19:30:00+00:00,1.15424,1.15431,1.15409,1.15427,448.00000
2026-08-10 19:45:00+00:00,1.15428,1.15430,1.15411,1.15415,510.00000
2026-08-10 20:00:00+00:00,1.15416,1.15432,1.15415,1.15431,256.00000
2026-08-10 20:15:00+00:00,1.15430,1.15431,1.15416,1.15416,98.00000
2026-08-10 20:30:00+00:00,1.15412,1.15427,1.15412,1.15425,76.00000
2026-08-10 20:45:00+00:00,1.15422,1.15427,1.15414,1.15425,848.00000
2026-08-10 21:00:00+00:00,1.15428,1.15449,1.15403,1.15429,59.00000
2026-08-10 21:15:00+00:00,1.15430,1.15432,1.15405,1.15426,34.00000
2026-08-10 21:30:00+00:00,1.15424,1.15436,1.15409,1.15426,98.00000
2026-08-10 21:45:00+00:00,1.15424,1.15432,1.15421,1.15425,98.00000
2026-08-10 22:00:00+00:00,1.15421,1.15440,1.15421,1.15429,446.00000
2026-08-10 22:15:00+00:00,1.15428,1.15432,1.15423,1.15429,170.00000
2026-08-10 22:30:00+00:00,1.15430,1.15437,1.15424,1.15433,168.00000
2026-08-10 22:45:00+00:00,1.15438,1.15439,1.15430,1.15438,130.00000
2026-08-10 23:00:00+00:00,1.15437,1.15441,1.15429,1.15432,126.00000
2026-08-10 23:15:00+00:00,1.15430,1.15435,1.15426,1.15429,112.00000
2026-08-10 23:30:00+00:00,1.15427,1.15433,1.15423,1.15430,94.00000
2026-08-10 23:45:00+00:00,1.15431,1.15467,1.15431,1.15462,268.00000
2026-08-11 00:00:00+00:00,1.15463,1.15472,1.15454,1.15471,510.00000
2026-08-11 00:15:00+00:00,1.15470,1.15486,1.15464,1.15481,460.00000
2026-08-11 00:30:00+00:00,1.15482,1.15498,1.15470,1.15489,554.00000
2026-08-11 00:45:00+00:00,1.15490,1.15491,1.15461,1.15462,364.00000
2026-08-11 01:00:00+00:00,1.15460,1.15473,1.15431,1.15473,594.00000
2026-08-11 01:15:00+00:00,1.15472,1.15493,1.15470,1.15485,528.00000
2026-08-11 01:30:00+00:00,1.15486,1.15497,1.15464,1.15464,464.00000
2026-08-11 01:45:00+00:00,1.15465,1.15487,1.15462,1.15462,456.00000
2026-08-11 02:00:00+00:00,1.15463,1.15463,1.15433,1.15448,644.00000
2026-08-11 02:15:00+00:00,1.15449,1.15450,1.15404,1.15411,738.00000
2026-08-11 02:30:00+00:00,1.15412,1.15423,1.15406,1.15416,544.00000
2026-08-11 02:45:00+00:00,1.15417,1.15418,1.15387,1.15398,504.00000
2026-08-11 03:00:00+00:00,1.15399,1.15423,1.15394,1.15422,380.00000
2026-08-11 03:15:00+00:00,1.15421,1.15445,1.15418,1.15444,258.00000
2026-08-11 03:30:00+00:00,1.15445,1.15451,1.15434,1.15434,212.00000
2026-08-11 03:45:00+00:00,1.15431,1.15435,1.15420,1.15429,280.00000
2026-08-11 04:00:00+00:00,1.15430,1.15441,1.15426,1.15439,308.00000
2026-08-11 04:15:00+00:00,1.15440,1.15450,1.15438,1.15446,226.00000
2026-08-11 04:30:00+00:00,1.15448,1.15453,1.15404,1.15410,888.00000
2026-08-11 04:45:00+00:00,1.15410,1.15431,1.15394,1.15428,581.00000
2026-08-11 05:00:00+00:00,1.15429,1.15429,1.15404,1.15410,308.00000
2026-08-11 05:15:00+00:00,1.15409,1.15414,1.15400,1.15413,320.00000
2026-08-11 05:30:00+00:00,1.15412,1.15429,1.15400,1.15426,538.00000
2026-08-11 05:45:00+00:00,1.15427,1.15427,1.15379,1.15411,484.00000
2026-08-11 06:00:00+00:00,1.15414,1.15435,1.15400,1.15404,686.00000
2026-08-11 06:15:00+00:00,1.15403,1.15410,1.15345,1.15368,858.00000
2026-08-11 06:30:00+00:00,1.15367,1.15379,1.15328,1.15365,842.00000
2026-08-11 06:45:00+00:00,1.15364,1.15370,1.15341,1.15370,674.00000
2026-08-11 07:00:00+00:00,1.15371,1.15401,1.15371,1.15385,956.00000
2026-08-11 07:15:00+00:00,1.15386,1.15388,1.15355,1.15376,626.00000
2026-08-11 07:30:00+00:00,1.15375,1.15386,1.15326,1.15327,676.00000
2026-08-11 07:45:00+00:00,1.15328,1.15350,1.15317,1.15320,837.00000
2026-08-11 08:00:00+00:00,1.15317,1.15343,1.15314,1.15328,767.00000
2026-08-11 08:15:00+00:00,1.15331,1.15343,1.15324,1.15342,696.00000
2026-08-11 08:30:00+00:00,1.15343,1.15387,1.15339,1.15381,608.00000
2026-08-11 08:45:00+00:00,1.15378,1.15382,1.15349,1.15362,785.00000
2026-08-11 09:00:00+00:00,1.15363,1.15364,1.15337,1.15342,626.00000
2026-08-11 09:15:00+00:00,1.15341,1.15352,1.15330,1.15338,574.00000
2026-08-11 09:30:00+00:00,1.15337,1.15346,1.15330,1.15341,524.00000
2026-08-11 09:45:00+00:00,1.15340,1.15374,1.15339,1.15372,564.00000
2026-08-11 10:00:00+00:00,1.15371,1.15384,1.15343,1.15359,590.00000
2026-08-11 10:15:00+00:00,1.15360,1.15380,1.15334,1.15366,914.00000
2026-08-11 10:30:00+00:00,1.15365,1.15385,1.15355,1.15360,648.00000
2026-08-11 10:45:00+00:00,1.15361,1.15366,1.15345,1.15365,724.00000
2026-08-11 11:00:00+00:00,1.15364,1.15436,1.15346,1.15417,2258.00000
2026-08-11 11:15:00+00:00,1.15418,1.15420,1.15383,1.15391,966.00000
2026-08-11 11:30:00+00:00,1.15392,1.15395,1.15361,1.15363,950.00000
2026-08-11 11:45:00+00:00,1.15364,1.15376,1.15349,1.15365,740.00000
2026-08-11 12:00:00+00:00,1.15366,1.15403,1.15355,1.15378,914.00000
2026-08-11 12:15:00+00:00,1.15377,1.15395,1.15338,1.15369,1184.00000
2026-08-11 12:30:00+00:00,1.15371,1.15417,1.15365,1.15406,898.00000
2026-08-11 12:45:00+00:00,1.15409,1.15441,1.15401,1.15415,776.00000
2026-08-11 13:00:00+00:00,1.15414,1.15450,1.15414,1.15418,884.00000
2026-08-11 13:15:00+00:00,1.15417,1.15450,1.15409,1.15416,1016.00000
2026-08-11 13:30:00+00:00,1.15415,1.15447,1.15391,1.15445,1040.00000
2026-08-11 13:45:00+00:00,1.15446,1.15484,1.15437,1.15440,1082.00000
2026-08-11 14:00:00+00:00,1.15441,1.15442,1.15391,1.15415,1094.00000
2026-08-11 14:15:00+00:00,1.15416,1.15427,1.15378,1.15393,987.00000
2026-08-11 14:30:00+00:00,1.15391,1.15426,1.15385,1.15424,852.00000
2026-08-11 14:45:00+00:00,1.15423,1.15430,1.15401,1.15426,914.00000
2026-08-11 15:00:00+00:00,1.15427,1.15447,1.15375,1.15375,1010.00000
2026-08-11 15:15:00+00:00,1.15374,1.15411,1.15366,1.15404,894.00000
2026-08-11 15:30:00+00:00,1.15402,1.15411,1.15366,1.15380,1192.00000
2026-08-11 15:45:00+00:00,1.15381,1.15436,1.15380,1.15430,720.00000
2026-08-11 16:00:00+00:00,1.15434,1.15437,1.15399,1.15411,714.00000
2026-08-11 16:15:00+00:00,1.15408,1.15416,1.15390,1.15414,482.00000
2026-08-11 16:30:00+00:00,1.15415,1.15428,1.15408,1.15414,520.00000
2026-08-11 16:45:00+00:00,1.15412,1.15415,1.15392,1.15395,687.00000
2026-08-11 17:00:00+00:00,1.15396,1.15403,1.15354,1.15355,748.00000
2026-08-11 17:15:00+00:00,1.15354,1.15378,1.15344,1.15353,326.00000
2026-08-11 17:30:00+00:00,1.15358,1.15379,1.15348,1.15375,304.00000
2026-08-11 17:45:00+00:00,1.15374,1.15390,1.15371,1.15380,346.00000
2026-08-11 18:00:00+00:00,1.15379,1.15382,1.15361,1.15366,404.00000
2026-08-11 18:15:00+00:00,1.15365,1.15372,1.15355,1.15369,518.00000
2026-08-11 18:30:00+00:00,1.15370,1.15415,1.15365,1.15410,780.00000
2026-08-11 18:45:00+00:00,1.15414,1.15422,1.15395,1.15405,518.00000
2026-08-11 19:00:00+00:00,1.15408,1.15424,1.15402,1.15419,542.00000
2026-08-11 19:15:00+00:00,1.15416,1.15425,1.15400,1.15424,236.00000
2026-08-11 19:30:00+00:00,1.15425,1.15429,1.15412,1.15420,360.00000
2026-08-11 19:45:00+00:00,1.15420,1.15430,1.15412,1.15428,568.00000
2026-08-11 20:00:00+00:00,1.15429,1.15437,1.15421,1.15423,236.00000
2026-08-11 20:15:00+00:00,1.15421,1.15423,1.15408,1.15414,126.00000
2026-08-11 20:30:00+00:00,1.15413,1.15415,1.15394,1.15396,192.00000
2026-08-11 20:45:00+00:00,1.15397,1.15431,1.15395,1.15428,530.00000
2026-08-11 21:00:00+00:00,1.15410,1.15412,1.15397,1.15409,71.00000
2026-08-11 21:15:00+00:00,1.15411,1.15412,1.15389,1.15396,160.00000
2026-08-11 21:30:00+00:00,1.15398,1.15407,1.15393,1.15405,98.00000
2026-08-11 21:45:00+00:00,1.15405,1.15408,1.15400,1.15402,154.00000
2026-08-11 22:00:00+00:00,1.15403,1.15432,1.15403,1.15427,264.00000
2026-08-11 22:15:00+00:00,1.15428,1.15432,1.15421,1.15431,121.00000
2026-08-11 22:30:00+00:00,1.15432,1.15432,1.15415,1.15420,208.00000
2026-08-11 22:45:00+00:00,1.15419,1.15433,1.15419,1.15433,114.00000
2026-08-11 23:00:00+00:00,1.15435,1.15435,1.15424,1.15424,106.00000
2026-08-11 23:15:00+00:00,1.15425,1.15431,1.15419,1.15419,138.00000
2026-08-11 23:30:00+00:00,1.15420,1.15434,1.15412,1.15434,116.00000
2026-08-11 23:45:00+00:00,1.15431,1.15437,1.15423,1.15436,190.00000
2026-08-12 00:00:00+00:00,1.15438,1.15447,1.15423,1.15439,592.00000
2026-08-12 00:15:00+00:00,1.15437,1.15447,1.15429,1.15441,352.00000
2026-08-12 00:30:00+00:00,1.15440,1.15443,1.15423,1.15427,278.00000
2026-08-12 00:45:00+00:00,1.15426,1.15429,1.15396,1.15408,557.00000
2026-08-12 01:00:00+00:00,1.15407,1.15408,1.15365,1.15379,644.00000
2026-08-12 01:15:00+00:00,1.15378,1.15387,1.15365,1.15384,464.00000
2026-08-12 01:30:00+00:00,1.15385,1.15399,1.15375,1.15398,290.00000
2026-08-12 01:45:00+00:00,1.15396,1.15404,1.15379,1.15384,356.00000
2026-08-12 02:00:00+00:00,1.15383,1.15385,1.15368,1.15368,384.00000
2026-08-12 02:15:00+00:00,1.15369,1.15370,1.15351,1.15369,430.00000
2026-08-12 02:30:00+00:00,1.15373,1.15401,1.15373,1.15389,386.00000
2026-08-12 02:45:00+00:00,1.15390,1.15391,1.15373,1.15384,272.00000
2026-08-12 03:00:00+00:00,1.15381,1.15386,1.15369,1.15375,246.00000
2026-08-12 03:15:00+00:00,1.15374,1.15380,1.15365,1.15366,152.00000
2026-08-12 03:30:00+00:00,1.15368,1.15376,1.15361,1.15362,192.00000
2026-08-12 03:45:00+00:00,1.15361,1.15362,1.15351,1.15354,152.00000
2026-08-12 04:00:00+00:00,1.15355,1.15364,1.15343,1.15346,164.00000
2026-08-12 04:15:00+00:00,1.15345,1.15348,1.15329,1.15339,268.00000
2026-08-12 04:30:00+00:00,1.15341,1.15363,1.15339,1.15359,188.00000
2026-08-12 04:45:00+00:00,1.15358,1.15365,1.15349,1.15358,252.00000
2026-08-12 05:00:00+00:00,1.15359,1.15359,1.15333,1.15333,294.00000
2026-08-12 05:15:00+00:00,1.15332,1.15336,1.15321,1.15334,236.00000
2026-08-12 05:30:00+00:00,1.15335,1.15352,1.15334,1.15342,340.00000
2026-08-12 05:45:00+00:00,1.15341,1.15346,1.15328,1.15338,324.00000
2026-08-12 06:00:00+00:00,1.15339,1.15356,1.15334,1.15351,416.00000
2026-08-12 06:15:00+00:00,1.15349,1.15361,1.15343,1.15355,508.00000
2026-08-12 06:30:00+00:00,1.15354,1.15361,1.15341,1.15349,724.00000
2026-08-12 06:45:00+00:00,1.15348,1.15373,1.15342,1.15372,815.00000
2026-08-12 07:00:00+00:00,1.15373,1.15393,1.15360,1.15383,776.00000
2026-08-12 07:15:00+00:00,1.15382,1.15395,1.15371,1.15371,438.00000
2026-08-12 07:30:00+00:00,1.15372,1.15390,1.15370,1.15373,426.00000
2026-08-12 07:45:00+00:00,1.15374,1.15384,1.15359,1.15375,384.00000
2026-08-12 08:00:00+00:00,1.15376,1.15376,1.15346,1.15369,570.00000
2026-08-12 08:15:00+00:00,1.15368,1.15396,1.15359,1.15379,648.00000
2026-08-12 08:30:00+00:00,1.15378,1.15401,1.15365,1.15401,492.00000
2026-08-12 08:45:00+00:00,1.15400,1.15400,1.15366,1.15372,618.00000
2026-08-12 09:00:00+00:00,1.15373,1.15412,1.15369,1.15412,572.00000
2026-08-12 09:15:00+00:00,1.15409,1.15499,1.15401,1.15428,2072.00000
2026-08-12 09:30:00+00:00,1.15429,1.15446,1.15384,1.15385,1230.00000
2026-08-12 09:45:00+00:00,1.15385,1.15400,1.15348,1.15361,1415.00000
2026-08-12 10:00:00+00:00,1.15360,1.15389,1.15353,1.15361,782.00000
2026-08-12 10:15:00+00:00,1.15362,1.15390,1.15357,1.15379,640.00000
2026-08-12 10:30:00+00:00,1.15376,1.15377,1.15359,1.15371,536.00000
2026-08-12 10:45:00+00:00,1.15370,1.15382,1.15325,1.15349,904.00000
2026-08-12 11:00:00+00:00,1.15348,1.15371,1.15340,1.15345,464.00000
2026-08-12 11:15:00+00:00,1.15346,1.15391,1.15345,1.15390,728.00000
2026-08-12 11:30:00+00:00,1.15391,1.15406,1.15381,1.15406,729.00000
2026-08-12 11:45:00+00:00,1.15414,1.15455,1.15406,1.15435,807.00000
2026-08-12 12:00:00+00:00,1.15436,1.15458,1.15423,1.15451,960.00000
2026-08-12 12:15:00+00:00,1.15454,1.15484,1.15413,1.15459,1252.00000
2026-08-12 12:30:00+00:00,1.15458,1.15623,1.15334,1.15580,6327.00000
2026-08-12 12:45:00+00:00,1.15579,1.15598,1.15517,1.15595,3092.00000
2026-08-12 13:00:00+00:00,1.15597,1.15628,1.15503,1.15504,2925.00000
2026-08-12 13:15:00+00:00,1.15505,1.15558,1.15493,1.15544,2175.00000
2026-08-12 13:30:00+00:00,1.15545,1.15566,1.15462,1.15468,2389.00000
2026-08-12 13:45:00+00:00,1.15465,1.15534,1.15460,1.15522,2303.00000
2026-08-12 14:00:00+00:00,1.15524,1.15540,1.15494,1.15501,1804.00000
2026-08-12 14:15:00+00:00,1.15502,1.15544,1.15481,1.15489,1438.00000
2026-08-12 14:30:00+00:00,1.15488,1.15513,1.15433,1.15448,1763.00000
2026-08-12 14:45:00+00:00,1.15449,1.15473,1.15389,1.15431,1788.00000
2026-08-12 15:00:00+00:00,1.15429,1.15439,1.15383,1.15424,1630.00000
2026-08-12 15:15:00+00:00,1.15425,1.15425,1.15391,1.15396,918.00000
2026-08-12 15:30:00+00:00,1.15399,1.15406,1.15359,1.15369,902.00000
2026-08-12 15:45:00+00:00,1.15368,1.15403,1.15348,1.15394,987.00000
2026-08-12 16:00:00+00:00,1.15395,1.15401,1.15335,1.15358,914.00000
2026-08-12 16:15:00+00:00,1.15359,1.15360,1.15316,1.15317,688.00000
2026-08-12 16:30:00+00:00,1.15316,1.15323,1.15283,1.15302,749.00000
2026-08-12 16:45:00+00:00,1.15301,1.15306,1.15247,1.15281,933.00000
2026-08-12 17:00:00+00:00,1.15280,1.15307,1.15280,1.15281,762.00000
2026-08-12 17:15:00+00:00,1.15280,1.15284,1.15263,1.15278,540.00000
2026-08-12 17:30:00+00:00,1.15279,1.15289,1.15224,1.15227,658.00000
2026-08-12 17:45:00+00:00,1.15226,1.15252,1.15214,1.15215,756.00000
2026-08-12 18:00:00+00:00,1.15214,1.15255,1.15198,1.15245,694.00000
2026-08-12 18:15:00+00:00,1.15244,1.15270,1.15239,1.15249,520.00000
2026-08-12 18:30:00+00:00,1.15247,1.15251,1.15231,1.15236,382.00000
2026-08-12 18:45:00+00:00,1.15237,1.15242,1.15199,1.15211,264.00000
2026-08-12 19:00:00+00:00,1.15212,1.15232,1.15206,1.15226,484.00000
2026-08-12 19:15:00+00:00,1.15227,1.15247,1.15220,1.15221,462.00000
2026-08-12 19:30:00+00:00,1.15222,1.15231,1.15211,1.15226,530.00000
2026-08-12 19:45:00+00:00,1.15225,1.15229,1.15199,1.15224,456.00000
2026-08-12 20:00:00+00:00,1.15225,1.15242,1.15219,1.15221,386.00000
2026-08-12 20:15:00+00:00,1.15220,1.15228,1.15215,1.15226,198.00000
2026-08-12 20:30:00+00:00,1.15225,1.15246,1.15223,1.15245,167.00000
2026-08-12 20:45:00+00:00,1.15246,1.15262,1.15237,1.15249,378.00000
2026-08-12 21:00:00+00:00,1.15272,1.15276,1.15203,1.15218,167.00000
2026-08-12 21:15:00+00:00,1.15218,1.15224,1.15206,1.15222,71.00000
2026-08-12 21:30:00+00:00,1.15225,1.15230,1.15219,1.15225,238.00000
2026-08-12 21:45:00+00:00,1.15222,1.15226,1.15219,1.15224,230.00000
2026-08-12 22:00:00+00:00,1.15223,1.15250,1.15223,1.15248,224.00000
2026-08-12 22:15:00+00:00,1.15249,1.15252,1.15244,1.15250,98.00000
2026-08-12 22:30:00+00:00,1.15252,1.15259,1.15249,1.15259,92.00000
2026-08-12 22:45:00+00:00,1.15258,1.15268,1.15256,1.15267,108.00000
2026-08-12 23:00:00+00:00,1.15268,1.15273,1.15263,1.15268,90.00000
2026-08-12 23:15:00+00:00,1.15269,1.15275,1.15267,1.15270,80.00000
2026-08-12 23:30:00+00:00,1.15271,1.15273,1.15264,1.15269,72.00000
2026-08-12 23:45:00+00:00,1.15270,1.15280,1.15264,1.15278,166.00000
2026-08-13 00:00:00+00:00,1.15282,1.15302,1.15279,1.15284,500.00000
2026-08-13 00:15:00+00:00,1.15286,1.15299,1.15283,1.15295,320.00000
2026-08-13 00:30:00+00:00,1.15297,1.15313,1.15296,1.15305,486.00000
2026-08-13 00:45:00+00:00,1.15304,1.15304,1.15266,1.15290,578.00000
2026-08-13 01:00:00+00:00,1.15292,1.15297,1.15273,1.15288,610.00000
2026-08-13 01:15:00+00:00,1.15289,1.15303,1.15288,1.15297,588.00000
2026-08-13 01:30:00+00:00,1.15295,1.15310,1.15279,1.15280,466.00000
2026-08-13 01:45:00+00:00,1.15279,1.15280,1.15235,1.15248,592.00000
2026-08-13 02:00:00+00:00,1.15247,1.15255,1.15238,1.15240,292.00000
2026-08-13 02:15:00+00:00,1.15238,1.15238,1.15218,1.15219,278.00000
2026-08-13 02:30:00+00:00,1.15218,1.15227,1.15199,1.15218,436.00000
2026-08-13 02:45:00+00:00,1.15216,1.15224,1.15209,1.15218,308.00000
2026-08-13 03:00:00+00:00,1.15219,1.15242,1.15208,1.15223,714.00000
2026-08-13 03:15:00+00:00,1.15222,1.15223,1.15201,1.15219,580.00000
2026-08-13 03:30:00+00:00,1.15218,1.15233,1.15216,1.15231,212.00000
2026-08-13 03:45:00+00:00,1.15230,1.15230,1.15215,1.15225,350.00000
2026-08-13 04:00:00+00:00,1.15224,1.15225,1.15207,1.15211,206.00000
2026-08-13 04:15:00+00:00,1.15210,1.15217,1.15199,1.15217,150.00000
2026-08-13 04:30:00+00:00,1.15216,1.15220,1.15210,1.15215,204.00000
2026-08-13 04:45:00+00:00,1.15214,1.15270,1.15214,1.15260,982.00000
2026-08-13 05:00:00+00:00,1.15259,1.15264,1.15248,1.15259,432.00000
2026-08-13 05:15:00+00:00,1.15258,1.15272,1.15255,1.15266,307.00000
2026-08-13 05:30:00+00:00,1.15264,1.15266,1.15239,1.15241,366.00000
2026-08-13 05:45:00+00:00,1.15239,1.15258,1.15233,1.15250,354.00000
2026-08-13 06:00:00+00:00,1.15251,1.15261,1.15203,1.15207,636.00000
2026-08-13 06:15:00+00:00,1.15206,1.15224,1.15174,1.15180,714.00000
2026-08-13 06:30:00+00:00,1.15181,1.15181,1.15118,1.15164,1252.00000
2026-08-13 06:45:00+00:00,1.15165,1.15185,1.15158,1.15182,771.00000
2026-08-13 07:00:00+00:00,1.15181,1.15199,1.15170,1.15180,721.00000
2026-08-13 07:15:00+00:00,1.15182,1.15219,1.15178,1.15216,702.00000
2026-08-13 07:30:00+00:00,1.15217,1.15251,1.15203,1.15250,807.00000
2026-08-13 07:45:00+00:00,1.15249,1.15278,1.15243,1.15258,904.00000
2026-08-13 08:00:00+00:00,1.15256,1.15265,1.15227,1.15255,966.00000
2026-08-13 08:15:00+00:00,1.15254,1.15255,1.15237,1.15249,650.00000
2026-08-13 08:30:00+00:00,1.15248,1.15275,1.15247,1.15269,682.00000
2026-08-13 08:45:00+00:00,1.15267,1.15286,1.15238,1.15241,626.00000
2026-08-13 09:00:00+00:00,1.15242,1.15281,1.15228,1.15280,586.00000
2026-08-13 09:15:00+00:00,1.15281,1.15321,1.15276,1.15312,828.00000
2026-08-13 09:30:00+00:00,1.15311,1.15327,1.15300,1.15314,538.00000
2026-08-13 09:45:00+00:00,1.15315,1.15348,1.15306,1.15345,536.00000
2026-08-13 10:00:00+00:00,1.15344,1.15364,1.15342,1.15349,770.00000
2026-08-13 10:15:00+00:00,1.15350,1.15374,1.15338,1.15374,508.00000
2026-08-13 10:30:00+00:00,1.15375,1.15386,1.15368,1.15369,506.00000
2026-08-13 10:45:00+00:00,1.15370,1.15372,1.15347,1.15359,590.00000
2026-08-13 11:00:00+00:00,1.15361,1.15387,1.15347,1.15386,538.00000
2026-08-13 11:15:00+00:00,1.15387,1.15387,1.15359,1.15376,722.00000
2026-08-13 11:30:00+00:00,1.15375,1.15377,1.15351,1.15358,574.00000
2026-08-13 11:45:00+00:00,1.15359,1.15368,1.15325,1.15340,723.00000
2026-08-13 12:00:00+00:00,1.15342,1.15349,1.15324,1.15327,846.00000
2026-08-13 12:15:00+00:00,1.15329,1.15329,1.15302,1.15312,646.00000
2026-08-13 12:30:00+00:00,1.15315,1.15347,1.15257,1.15313,2203.00000
2026-08-13 12:45:00+00:00,1.15312,1.15444,1.15312,1.15438,1932.00000
2026-08-13 13:00:00+00:00,1.15442,1.15453,1.15377,1.15398,1882.00000
2026-08-13 13:15:00+00:00,1.15399,1.15419,1.15346,1.15351,1346.00000
2026-08-13 13:30:00+00:00,1.15352,1.15361,1.15306,1.15342,1690.00000
2026-08-13 13:45:00+00:00,1.15343,1.15362,1.15306,1.15343,1992.00000
2026-08-13 14:00:00+00:00,1.15344,1.15417,1.15314,1.15415,2483.00000
2026-08-13 14:15:00+00:00,1.15416,1.15454,1.15386,1.15386,1965.00000
2026-08-13 14:30:00+00:00,1.15385,1.15420,1.15370,1.15403,1763.00000
2026-08-13 14:45:00+00:00,1.15404,1.15451,1.15389,1.15439,1568.00000
2026-08-13 15:00:00+00:00,1.15440,1.15454,1.15377,1.15380,1762.00000
2026-08-13 15:15:00+00:00,1.15379,1.15384,1.15328,1.15337,1619.00000
2026-08-13 15:30:00+00:00,1.15336,1.15364,1.15324,1.15329,1521.00000
2026-08-13 15:45:00+00:00,1.15330,1.15349,1.15302,1.15306,954.00000
2026-08-13 16:00:00+00:00,1.15307,1.15329,1.15278,1.15287,853.00000
2026-08-13 16:15:00+00:00,1.15288,1.15292,1.15244,1.15263,1052.00000
2026-08-13 16:30:00+00:00,1.15264,1.15295,1.15251,1.15289,768.00000
2026-08-13 16:45:00+00:00,1.15290,1.15305,1.15289,1.15295,744.00000
2026-08-13 17:00:00+00:00,1.15296,1.15316,1.15275,1.15277,925.00000
2026-08-13 17:15:00+00:00,1.15278,1.15290,1.15258,1.15265,458.00000
2026-08-13 17:30:00+00:00,1.15266,1.15296,1.15262,1.15293,667.00000
2026-08-13 17:45:00+00:00,1.15294,1.15294,1.15276,1.15279,544.00000
2026-08-13 18:00:00+00:00,1.15280,1.15323,1.15264,1.15314,782.00000
2026-08-13 18:15:00+00:00,1.15310,1.15314,1.15283,1.15291,486.00000
2026-08-13 18:30:00+00:00,1.15292,1.15308,1.15283,1.15300,512.00000
2026-08-13 18:45:00+00:00,1.15299,1.15305,1.15288,1.15290,512.00000
2026-08-13 19:00:00+00:00,1.15291,1.15305,1.15288,1.15300,630.00000
2026-08-13 19:15:00+00:00,1.15299,1.15314,1.15297,1.15312,362.00000
2026-08-13 19:30:00+00:00,1.15313,1.15313,1.15279,1.15284,656.00000
2026-08-13 19:45:00+00:00,1.15285,1.15293,1.15276,1.15287,630.00000
2026-08-13 20:00:00+00:00,1.15288,1.15293,1.15262,1.15271,338.00000
2026-08-13 20:15:00+00:00,1.15270,1.15283,1.15265,1.15282,150.00000
2026-08-13 20:30:00+00:00,1.15281,1.15284,1.15272,1.15279,352.00000
2026-08-13 20:45:00+00:00,1.15280,1.15300,1.15280,1.15292,303.00000
2026-08-13 21:00:00+00:00,1.15274,1.15275,1.15253,1.15259,81.00000
2026-08-13 21:15:00+00:00,1.15258,1.15287,1.15257,1.15287,87.00000
2026-08-13 21:30:00+00:00,1.15286,1.15314,1.15284,1.15284,144.00000
2026-08-13 21:45:00+00:00,1.15283,1.15287,1.15273,1.15278,102.00000
2026-08-13 22:00:00+00:00,1.15279,1.15305,1.15279,1.15290,163.00000
2026-08-13 22:15:00+00:00,1.15292,1.15313,1.15290,1.15306,186.00000
2026-08-13 22:30:00+00:00,1.15308,1.15314,1.15302,1.15314,124.00000
2026-08-13 22:45:00+00:00,1.15313,1.15317,1.15309,1.15314,204.00000
2026-08-13 23:00:00+00:00,1.15317,1.15335,1.15315,1.15329,138.00000
2026-08-13 23:15:00+00:00,1.15330,1.15330,1.15322,1.15325,132.00000
2026-08-13 23:30:00+00:00,1.15327,1.15338,1.15325,1.15334,84.00000
2026-08-13 23:45:00+00:00,1.15335,1.15344,1.15334,1.15339,186.00000
2026-08-14 00:00:00+00:00,1.15338,1.15359,1.15335,1.15348,612.00000
2026-08-14 00:15:00+00:00,1.15349,1.15372,1.15347,1.15368,432.00000
2026-08-14 00:30:00+00:00,1.15370,1.15378,1.15362,1.15366,428.00000
2026-08-14 00:45:00+00:00,1.15367,1.15392,1.15360,1.15383,584.00000
2026-08-14 01:00:00+00:00,1.15381,1.15382,1.15334,1.15335,694.00000
2026-08-14 01:15:00+00:00,1.15335,1.15355,1.15321,1.15339,620.00000
2026-08-14 01:30:00+00:00,1.15338,1.15380,1.15335,1.15365,440.00000
2026-08-14 01:45:00+00:00,1.15364,1.15374,1.15339,1.15340,448.00000
2026-08-14 02:00:00+00:00,1.15341,1.15362,1.15340,1.15360,406.00000
2026-08-14 02:15:00+00:00,1.15361,1.15369,1.15349,1.15359,280.00000
2026-08-14 02:30:00+00:00,1.15358,1.15374,1.15357,1.15372,322.00000
2026-08-14 02:45:00+00:00,1.15369,1.15371,1.15336,1.15343,472.00000
2026-08-14 03:00:00+00:00,1.15342,1.15357,1.15339,1.15354,412.00000
2026-08-14 03:15:00+00:00,1.15355,1.15394,1.15351,1.15382,529.00000
2026-08-14 03:30:00+00:00,1.15383,1.15385,1.15370,1.15374,344.00000
2026-08-14 03:45:00+00:00,1.15373,1.15377,1.15361,1.15371,350.00000
2026-08-14 04:00:00+00:00,1.15372,1.15404,1.15370,1.15394,358.00000
2026-08-14 04:15:00+00:00,1.15395,1.15399,1.15368,1.15370,332.00000
2026-08-14 04:30:00+00:00,1.15371,1.15397,1.15368,1.15383,364.00000
2026-08-14 04:45:00+00:00,1.15384,1.15399,1.15380,1.15388,170.00000
2026-08-14 05:00:00+00:00,1.15389,1.15400,1.15383,1.15399,370.00000
2026-08-14 05:15:00+00:00,1.15398,1.15413,1.15393,1.15411,230.00000
2026-08-14 05:30:00+00:00,1.15410,1.15430,1.15402,1.15409,866.00000
2026-08-14 05:45:00+00:00,1.15410,1.15419,1.15404,1.15418,414.00000
2026-08-14 06:00:00+00:00,1.15419,1.15441,1.15408,1.15412,820.00000
2026-08-14 06:15:00+00:00,1.15411,1.15417,1.15389,1.15397,538.00000
2026-08-14 06:30:00+00:00,1.15398,1.15429,1.15398,1.15427,586.00000
2026-08-14 06:45:00+00:00,1.15426,1.15445,1.15410,1.15444,644.00000
2026-08-14 07:00:00+00:00,1.15446,1.15471,1.15431,1.15452,921.00000
2026-08-14 07:15:00+00:00,1.15451,1.15474,1.15442,1.15460,805.00000
2026-08-14 07:30:00+00:00,1.15461,1.15490,1.15448,1.15483,806.00000
2026-08-14 07:45:00+00:00,1.15484,1.15513,1.15483,1.15509,938.00000
2026-08-14 08:00:00+00:00,1.15508,1.15554,1.15505,1.15540,932.00000
2026-08-14 08:15:00+00:00,1.15541,1.15542,1.15504,1.15529,884.00000
2026-08-14 08:30:00+00:00,1.15530,1.15577,1.15506,1.15545,888.00000
2026-08-14 08:45:00+00:00,1.15544,1.15559,1.15522,1.15558,934.00000
2026-08-14 09:00:00+00:00,1.15559,1.15570,1.15543,1.15548,814.00000
2026-08-14 09:15:00+00:00,1.15547,1.15556,1.15535,1.15538,600.00000
2026-08-14 09:30:00+00:00,1.15539,1.15552,1.15511,1.15522,660.00000
2026-08-14 09:45:00+00:00,1.15524,1.15549,1.15514,1.15547,852.00000
2026-08-14 10:00:00+00:00,1.15548,1.15554,1.15521,1.15544,564.00000
2026-08-14 10:15:00+00:00,1.15545,1.15552,1.15530,1.15533,426.00000
2026-08-14 10:30:00+00:00,1.15534,1.15551,1.15527,1.15551,546.00000
2026-08-14 10:45:00+00:00,1.15552,1.15562,1.15541,1.15556,714.00000
2026-08-14 11:00:00+00:00,1.15557,1.15588,1.15556,1.15588,834.00000
2026-08-14 11:15:00+00:00,1.15589,1.15639,1.15587,1.15626,1079.00000
2026-08-14 11:30:00+00:00,1.15629,1.15719,1.15622,1.15692,1193.00000
2026-08-14 11:45:00+00:00,1.15691,1.15703,1.15651,1.15654,1040.00000
2026-08-14 12:00:00+00:00,1.15659,1.15711,1.15627,1.15642,1448.00000
2026-08-14 12:15:00+00:00,1.15640,1.15716,1.15640,1.15703,1473.00000
2026-08-14 12:30:00+00:00,1.15717,1.15788,1.15660,1.15661,2691.00000
2026-08-14 12:45:00+00:00,1.15659,1.15699,1.15637,1.15660,1542.00000
2026-08-14 13:00:00+00:00,1.15662,1.15669,1.15621,1.15631,1432.00000
2026-08-14 13:15:00+00:00,1.15632,1.15695,1.15622,1.15676,1508.00000
2026-08-14 13:30:00+00:00,1.15678,1.15825,1.15666,1.15815,2434.00000
2026-08-14 13:45:00+00:00,1.15814,1.15848,1.15759,1.15805,2170.00000
2026-08-14 14:00:00+00:00,1.15806,1.15844,1.15778,1.15792,2045.00000
2026-08-14 14:15:00+00:00,1.15791,1.15854,1.15770,1.15834,1724.00000
2026-08-14 14:30:00+00:00,1.15837,1.15841,1.15781,1.15823,1662.00000
2026-08-14 14:45:00+00:00,1.15821,1.15822,1.15781,1.15807,1702.00000
2026-08-14 15:00:00+00:00,1.15808,1.15846,1.15801,1.15809,1490.00000
2026-08-14 15:15:00+00:00,1.15808,1.15828,1.15770,1.15810,1397.00000
2026-08-14 15:30:00+00:00,1.15812,1.15852,1.15801,1.15815,1524.00000
2026-08-14 15:45:00+00:00,1.15816,1.15851,1.15796,1.15802,1164.00000
2026-08-14 16:00:00+00:00,1.15803,1.15819,1.15761,1.15767,1064.00000
2026-08-14 16:15:00+00:00,1.15766,1.15801,1.15756,1.15756,1044.00000
2026-08-14 16:30:00+00:00,1.15757,1.15783,1.15737,1.15741,760.00000
2026-08-14 16:45:00+00:00,1.15742,1.15749,1.15701,1.15711,730.00000
2026-08-14 17:00:00+00:00,1.15710,1.15712,1.15659,1.15671,860.00000
2026-08-14 17:15:00+00:00,1.15672,1.15681,1.15639,1.15653,840.00000
2026-08-14 17:30:00+00:00,1.15652,1.15661,1.15637,1.15637,638.00000
2026-08-14 17:45:00+00:00,1.15637,1.15648,1.15628,1.15648,683.00000
2026-08-14 18:00:00+00:00,1.15649,1.15660,1.15633,1.15633,794.00000
2026-08-14 18:15:00+00:00,1.15632,1.15667,1.15632,1.15664,544.00000
2026-08-14 18:30:00+00:00,1.15663,1.15665,1.15645,1.15655,377.00000
2026-08-14 18:45:00+00:00,1.15654,1.15669,1.15646,1.15655,458.00000
2026-08-14 19:00:00+00:00,1.15658,1.15680,1.15645,1.15672,550.00000
2026-08-14 19:15:00+00:00,1.15671,1.15691,1.15664,1.15681,450.00000
2026-08-14 19:30:00+00:00,1.15680,1.15691,1.15653,1.15663,708.00000
2026-08-14 19:45:00+00:00,1.15664,1.15687,1.15659,1.15683,674.00000
2026-08-14 20:00:00+00:00,1.15686,1.15693,1.15675,1.15680,404.00000
2026-08-14 20:15:00+00:00,1.15681,1.15694,1.15674,1.15690,336.00000
2026-08-14 20:30:00+00:00,1.15692,1.15699,1.15672,1.15675,246.00000
2026-08-14 20:45:00+00:00,1.15674,1.15703,1.15669,1.15703,661.00000
2026-08-16 21:00:00+00:00,1.15647,1.15656,1.15644,1.15655,40.00000
2026-08-16 21:15:00+00:00,1.15652,1.15657,1.15606,1.15653,236.00000
2026-08-16 21:30:00+00:00,1.15652,1.15654,1.15625,1.15649,165.00000
2026-08-16 21:45:00+00:00,1.15651,1.15661,1.15630,1.15652,234.00000
2026-08-16 22:00:00+00:00,1.15664,1.15679,1.15628,1.15667,282.00000
2026-08-16 22:15:00+00:00,1.15667,1.15696,1.15665,1.15694,120.00000
2026-08-16 22:30:00+00:00,1.15696,1.15722,1.15696,1.15717,191.00000
2026-08-16 22:45:00+00:00,1.15717,1.15752,1.15714,1.15748,162.00000
2026-08-16 23:00:00+00:00,1.15749,1.15754,1.15743,1.15749,140.00000
2026-08-16 23:15:00+00:00,1.15748,1.15748,1.15740,1.15743,98.00000
2026-08-16 23:30:00+00:00,1.15744,1.15751,1.15737,1.15748,161.00000
2026-08-16 23:45:00+00:00,1.15747,1.15757,1.15725,1.15737,180.00000
2026-08-17 00:00:00+00:00,1.15738,1.15799,1.15738,1.15796,678.00000
2026-08-17 00:15:00+00:00,1.15795,1.15806,1.15781,1.15796,566.00000
2026-08-17 00:30:00+00:00,1.15798,1.15810,1.15784,1.15792,500.00000
2026-08-17 00:45:00+00:00,1.15791,1.15805,1.15783,1.15801,588.00000
2026-08-17 01:00:00+00:00,1.15803,1.15808,1.15781,1.15796,846.00000
2026-08-17 01:15:00+00:00,1.15797,1.15830,1.15786,1.15819,680.00000
2026-08-17 01:30:00+00:00,1.15820,1.15824,1.15781,1.15824,576.00000
2026-08-17 01:45:00+00:00,1.15823,1.15836,1.15818,1.15836,440.00000
2026-08-17 02:00:00+00:00,1.15835,1.15842,1.15814,1.15832,488.00000
2026-08-17 02:15:00+00:00,1.15831,1.15843,1.15821,1.15843,410.00000
2026-08-17 02:30:00+00:00,1.15842,1.15844,1.15804,1.15812,380.00000
2026-08-17 02:45:00+00:00,1.15811,1.15817,1.15791,1.15797,464.00000
2026-08-17 03:00:00+00:00,1.15798,1.15803,1.15786,1.15792,508.00000
2026-08-17 03:15:00+00:00,1.15793,1.15805,1.15791,1.15798,310.00000
2026-08-17 03:30:00+00:00,1.15799,1.15805,1.15785,1.15799,360.00000
2026-08-17 03:45:00+00:00,1.15798,1.15837,1.15796,1.15835,482.00000
2026-08-17 04:00:00+00:00,1.15836,1.15881,1.15827,1.15872,648.00000
2026-08-17 04:15:00+00:00,1.15871,1.15874,1.15854,1.15867,416.00000
2026-08-17 04:30:00+00:00,1.15866,1.15871,1.15853,1.15866,422.00000
2026-08-17 04:45:00+00:00,1.15867,1.15872,1.15844,1.15848,390.00000
2026-08-17 05:00:00+00:00,1.15847,1.15859,1.15818,1.15833,470.00000
2026-08-17 05:15:00+00:00,1.15832,1.15874,1.15831,1.15871,490.00000
2026-08-17 05:30:00+00:00,1.15872,1.15878,1.15851,1.15871,646.00000
2026-08-17 05:45:00+00:00,1.15870,1.15893,1.15865,1.15873,918.00000
2026-08-17 06:00:00+00:00,1.15874,1.15894,1.15836,1.15848,976.00000
2026-08-17 06:15:00+00:00,1.15847,1.15922,1.15846,1.15922,1066.00000
2026-08-17 06:30:00+00:00,1.15920,1.15922,1.15881,1.15907,796.00000
2026-08-17 06:45:00+00:00,1.15908,1.15968,1.15907,1.15958,1172.00000
2026-08-17 07:00:00+00:00,1.15957,1.15977,1.15928,1.15972,1248.00000
2026-08-17 07:15:00+00:00,1.15969,1.16064,1.15968,1.16063,1496.00000
2026-08-17 07:30:00+00:00,1.16064,1.16119,1.16059,1.16090,1962.00000
2026-08-17 07:45:00+00:00,1.16088,1.16095,1.16057,1.16065,1256.00000
2026-08-17 08:00:00+00:00,1.16064,1.16077,1.16038,1.16062,1199.00000
2026-08-17 08:15:00+00:00,1.16064,1.16141,1.16064,1.16141,1099.00000
2026-08-17 08:30:00+00:00,1.16140,1.16141,1.16053,1.16056,1268.00000
2026-08-17 08:45:00+00:00,1.16055,1.16068,1.15954,1.15988,1663.00000
2026-08-17 09:00:00+00:00,1.15989,1.16010,1.15971,1.15988,1496.00000
2026-08-17 09:15:00+00:00,1.15990,1.16023,1.15983,1.16017,1034.00000
2026-08-17 09:30:00+00:00,1.16015,1.16025,1.15988,1.16001,736.00000
2026-08-17 09:45:00+00:00,1.15999,1.16010,1.15959,1.15969,886.00000
2026-08-17 10:00:00+00:00,1.15970,1.15970,1.15926,1.15948,1041.00000
2026-08-17 10:15:00+00:00,1.15947,1.15981,1.15936,1.15975,1050.00000
2026-08-17 10:30:00+00:00,1.15974,1.15984,1.15910,1.15926,1216.00000
2026-08-17 10:45:00+00:00,1.15927,1.15936,1.15894,1.15904,742.00000
2026-08-17 11:00:00+00:00,1.15905,1.15953,1.15900,1.15907,724.00000
2026-08-17 11:15:00+00:00,1.15909,1.15911,1.15876,1.15902,743.00000
2026-08-17 11:30:00+00:00,1.15900,1.15918,1.15886,1.15888,816.00000
2026-08-17 11:45:00+00:00,1.15887,1.15928,1.15870,1.15923,851.00000
2026-08-17 12:00:00+00:00,1.15922,1.15963,1.15915,1.15925,1140.00000
2026-08-17 12:15:00+00:00,1.15926,1.15958,1.15871,1.15907,1468.00000
2026-08-17 12:30:00+00:00,1.15913,1.15944,1.15890,1.15942,1146.00000
2026-08-17 12:45:00+00:00,1.15939,1.15977,1.15908,1.15975,1374.00000
2026-08-17 13:00:00+00:00,1.15978,1.15997,1.15956,1.15957,1637.00000
2026-08-17 13:15:00+00:00,1.15956,1.15993,1.15946,1.15958,1092.00000
2026-08-17 13:30:00+00:00,1.15957,1.15992,1.15904,1.15905,1482.00000
2026-08-17 13:45:00+00:00,1.15906,1.15953,1.15878,1.15947,1594.00000
2026-08-17 14:00:00+00:00,1.15948,1.15968,1.15924,1.15962,1434.00000
2026-08-17 14:15:00+00:00,1.15963,1.15992,1.15911,1.15931,1716.00000
2026-08-17 14:30:00+00:00,1.15930,1.15938,1.15869,1.15887,1170.00000
2026-08-17 14:45:00+00:00,1.15886,1.15907,1.15860,1.15868,1701.00000
2026-08-17 15:00:00+00:00,1.15867,1.15871,1.15832,1.15847,1618.00000
2026-08-17 15:15:00+00:00,1.15848,1.15857,1.15817,1.15848,1046.00000
2026-08-17 15:30:00+00:00,1.15847,1.15862,1.15818,1.15820,981.00000
2026-08-17 15:45:00+00:00,1.15822,1.15901,1.15817,1.15900,1077.00000
2026-08-17 16:00:00+00:00,1.15899,1.15902,1.15852,1.15871,832.00000
2026-08-17 16:15:00+00:00,1.15868,1.15907,1.15868,1.15885,666.00000
2026-08-17 16:30:00+00:00,1.15886,1.15918,1.15883,1.15911,600.00000
2026-08-17 16:45:00+00:00,1.15912,1.15912,1.15881,1.15883,496.00000
2026-08-17 17:00:00+00:00,1.15882,1.15897,1.15862,1.15863,619.00000
2026-08-17 17:15:00+00:00,1.15862,1.15865,1.15826,1.15846,892.00000
2026-08-17 17:30:00+00:00,1.15847,1.15854,1.15762,1.15797,1333.00000
2026-08-17 17:45:00+00:00,1.15796,1.15809,1.15769,1.15772,650.00000
2026-08-17 18:00:00+00:00,1.15773,1.15784,1.15754,1.15777,804.00000
2026-08-17 18:15:00+00:00,1.15778,1.15784,1.15732,1.15744,621.00000
2026-08-17 18:30:00+00:00,1.15741,1.15742,1.15709,1.15721,948.00000
2026-08-17 18:45:00+00:00,1.15722,1.15739,1.15712,1.15725,724.00000
2026-08-17 19:00:00+00:00,1.15733,1.15770,1.15723,1.15769,710.00000
2026-08-17 19:15:00+00:00,1.15770,1.15793,1.15768,1.15790,514.00000
2026-08-17 19:30:00+00:00,1.15789,1.15806,1.15772,1.15803,386.00000
2026-08-17 19:45:00+00:00,1.15804,1.15804,1.15773,1.15788,542.00000
2026-08-17 20:00:00+00:00,1.15786,1.15798,1.15776,1.15777,211.00000
2026-08-17 20:15:00+00:00,1.15776,1.15788,1.15775,1.15777,140.00000
2026-08-17 20:30:00+00:00,1.15776,1.15789,1.15773,1.15783,230.00000
2026-08-17 20:45:00+00:00,1.15782,1.15798,1.15779,1.15796,310.00000
2026-08-17 21:00:00+00:00,1.15846,1.15851,1.15772,1.15778,308.00000
2026-08-17 21:15:00+00:00,1.15798,1.15814,1.15770,1.15780,120.00000
2026-08-17 21:30:00+00:00,1.15779,1.15784,1.15777,1.15780,93.00000
2026-08-17 21:45:00+00:00,1.15782,1.15787,1.15774,1.15775,63.00000
2026-08-17 22:00:00+00:00,1.15779,1.15797,1.15778,1.15787,155.00000
2026-08-17 22:15:00+00:00,1.15786,1.15802,1.15777,1.15798,200.00000
2026-08-17 22:30:00+00:00,1.15799,1.15799,1.15783,1.15788,138.00000
2026-08-17 22:45:00+00:00,1.15789,1.15794,1.15784,1.15787,128.00000
2026-08-17 23:00:00+00:00,1.15788,1.15803,1.15783,1.15801,116.00000
2026-08-17 23:15:00+00:00,1.15802,1.15812,1.15798,1.15812,106.00000
2026-08-17 23:30:00+00:00,1.15810,1.15831,1.15809,1.15828,116.00000
2026-08-17 23:45:00+00:00,1.15829,1.15837,1.15822,1.15828,196.00000
2026-08-18 00:00:00+00:00,1.15829,1.15850,1.15818,1.15826,612.00000
2026-08-18 00:15:00+00:00,1.15825,1.15834,1.15795,1.15799,446.00000
2026-08-18 00:30:00+00:00,1.15798,1.15819,1.15777,1.15812,540.00000
2026-08-18 00:45:00+00:00,1.15810,1.15828,1.15797,1.15825,544.00000
2026-08-18 01:00:00+00:00,1.15826,1.15859,1.15814,1.15854,811.00000
2026-08-18 01:15:00+00:00,1.15855,1.15855,1.15797,1.15818,630.00000
2026-08-18 01:30:00+00:00,1.15819,1.15842,1.15810,1.15812,492.00000
2026-08-18 01:45:00+00:00,1.15811,1.15814,1.15788,1.15796,690.00000
2026-08-18 02:00:00+00:00,1.15797,1.15797,1.15765,1.15768,694.00000
2026-08-18 02:15:00+00:00,1.15767,1.15776,1.15759,1.15771,556.00000
2026-08-18 02:30:00+00:00,1.15772,1.15774,1.15752,1.15767,466.00000
2026-08-18 02:45:00+00:00,1.15766,1.15804,1.15766,1.15803,412.00000
2026-08-18 03:00:00+00:00,1.15802,1.15803,1.15776,1.15776,344.00000
2026-08-18 03:15:00+00:00,1.15768,1.15772,1.15747,1.15758,368.00000
2026-08-18 03:30:00+00:00,1.15757,1.15758,1.15721,1.15729,550.00000
2026-08-18 03:45:00+00:00,1.15728,1.15741,1.15717,1.15732,372.00000
2026-08-18 04:00:00+00:00,1.15733,1.15740,1.15703,1.15706,520.00000
2026-08-18 04:15:00+00:00,1.15707,1.15732,1.15698,1.15724,474.00000
2026-08-18 04:30:00+00:00,1.15723,1.15733,1.15707,1.15729,252.00000
2026-08-18 04:45:00+00:00,1.15728,1.15748,1.15714,1.15715,516.00000
2026-08-18 05:00:00+00:00,1.15716,1.15718,1.15693,1.15698,592.00000
2026-08-18 05:15:00+00:00,1.15696,1.15728,1.15694,1.15727,492.00000
2026-08-18 05:30:00+00:00,1.15726,1.15729,1.15703,1.15723,386.00000
2026-08-18 05:45:00+00:00,1.15724,1.15743,1.15722,1.15732,402.00000
2026-08-18 06:00:00+00:00,1.15731,1.15748,1.15670,1.15695,1316.00000
2026-08-18 06:15:00+00:00,1.15696,1.15726,1.15687,1.15724,770.00000
2026-08-18 06:30:00+00:00,1.15725,1.15725,1.15667,1.15707,938.00000
2026-08-18 06:45:00+00:00,1.15706,1.15721,1.15681,1.15721,904.00000
2026-08-18 07:00:00+00:00,1.15722,1.15744,1.15707,1.15708,1162.00000
2026-08-18 07:15:00+00:00,1.15707,1.15762,1.15695,1.15747,940.00000
2026-08-18 07:30:00+00:00,1.15746,1.15771,1.15735,1.15756,826.00000
2026-08-18 07:45:00+00:00,1.15755,1.15775,1.15736,1.15739,756.00000
2026-08-18 08:00:00+00:00,1.15740,1.15740,1.15701,1.15718,1136.00000
2026-08-18 08:15:00+00:00,1.15717,1.15720,1.15691,1.15715,993.00000
2026-08-18 08:30:00+00:00,1.15714,1.15749,1.15714,1.15749,830.00000
2026-08-18 08:45:00+00:00,1.15748,1.15776,1.15745,1.15762,740.00000
2026-08-18 09:00:00+00:00,1.15761,1.15762,1.15735,1.15741,700.00000
2026-08-18 09:15:00+00:00,1.15738,1.15777,1.15726,1.15773,892.00000
2026-08-18 09:30:00+00:00,1.15772,1.15793,1.15742,1.15761,902.00000
2026-08-18 09:45:00+00:00,1.15764,1.15799,1.15756,1.15792,728.00000
2026-08-18 10:00:00+00:00,1.15788,1.15792,1.15746,1.15747,858.00000
2026-08-18 10:15:00+00:00,1.15746,1.15767,1.15739,1.15766,564.00000
2026-08-18 10:30:00+00:00,1.15767,1.15767,1.15746,1.15752,500.00000
2026-08-18 10:45:00+00:00,1.15753,1.15769,1.15746,1.15761,822.00000
2026-08-18 11:00:00+00:00,1.15760,1.15765,1.15739,1.15742,753.00000
2026-08-18 11:15:00+00:00,1.15741,1.15752,1.15726,1.15730,490.00000
2026-08-18 11:30:00+00:00,1.15731,1.15757,1.15725,1.15741,646.00000
2026-08-18 11:45:00+00:00,1.15740,1.15769,1.15730,1.15766,648.00000
2026-08-18 12:00:00+00:00,1.15767,1.15793,1.15750,1.15775,1196.00000
2026-08-18 12:15:00+00:00,1.15773,1.15793,1.15738,1.15741,1222.00000
2026-08-18 12:30:00+00:00,1.15743,1.15757,1.15716,1.15749,930.00000
2026-08-18 12:45:00+00:00,1.15753,1.15783,1.15735,1.15740,1014.00000
2026-08-18 13:00:00+00:00,1.15744,1.15794,1.15742,1.15789,1274.00000
2026-08-18 13:15:00+00:00,1.15790,1.15792,1.15740,1.15752,1194.00000
2026-08-18 13:30:00+00:00,1.15751,1.15849,1.15708,1.15803,2276.00000
2026-08-18 13:45:00+00:00,1.15805,1.15830,1.15779,1.15805,1790.00000
2026-08-18 14:00:00+00:00,1.15804,1.15870,1.15804,1.15831,2093.00000
2026-08-18 14:15:00+00:00,1.15834,1.15883,1.15820,1.15851,1696.00000
2026-08-18 14:30:00+00:00,1.15852,1.15853,1.15805,1.15846,1590.00000
2026-08-18 14:45:00+00:00,1.15847,1.15883,1.15807,1.15810,2642.00000
2026-08-18 15:00:00+00:00,1.15807,1.15863,1.15773,1.15774,2280.00000
2026-08-18 15:15:00+00:00,1.15772,1.15814,1.15767,1.15781,1619.00000
2026-08-18 15:30:00+00:00,1.15779,1.15804,1.15763,1.15790,1330.00000
2026-08-18 15:45:00+00:00,1.15788,1.15817,1.15787,1.15792,982.00000
2026-08-18 16:00:00+00:00,1.15794,1.15843,1.15786,1.15832,784.00000
2026-08-18 16:15:00+00:00,1.15835,1.15856,1.15810,1.15812,856.00000
2026-08-18 16:30:00+00:00,1.15811,1.15820,1.15782,1.15818,672.00000
2026-08-18 16:45:00+00:00,1.15819,1.15828,1.15795,1.15796,644.00000
2026-08-18 17:00:00+00:00,1.15795,1.15803,1.15757,1.15763,640.00000
2026-08-18 17:15:00+00:00,1.15762,1.15781,1.15756,1.15771,774.00000
2026-08-18 17:30:00+00:00,1.15770,1.15773,1.15743,1.15763,691.00000
2026-08-18 17:45:00+00:00,1.15762,1.15769,1.15752,1.15765,388.00000
2026-08-18 18:00:00+00:00,1.15766,1.15775,1.15748,1.15774,556.00000
2026-08-18 18:15:00+00:00,1.15777,1.15788,1.15766,1.15772,486.00000
2026-08-18 18:30:00+00:00,1.15771,1.15774,1.15743,1.15744,328.00000
2026-08-18 18:45:00+00:00,1.15743,1.15762,1.15742,1.15756,328.00000
2026-08-18 19:00:00+00:00,1.15757,1.15779,1.15748,1.15768,730.00000
2026-08-18 19:15:00+00:00,1.15767,1.15773,1.15758,1.15766,530.00000
2026-08-18 19:30:00+00:00,1.15765,1.15808,1.15763,1.15788,664.00000
2026-08-18 19:45:00+00:00,1.15787,1.15792,1.15740,1.15748,796.00000
2026-08-18 20:00:00+00:00,1.15747,1.15748,1.15719,1.15729,322.00000
2026-08-18 20:15:00+00:00,1.15728,1.15734,1.15723,1.15732,224.00000
2026-08-18 20:30:00+00:00,1.15733,1.15748,1.15730,1.15740,246.00000
2026-08-18 20:45:00+00:00,1.15739,1.15766,1.15730,1.15758,422.00000
2026-08-18 21:00:00+00:00,1.15756,1.15768,1.15710,1.15762,197.00000
2026-08-18 21:15:00+00:00,1.15766,1.15782,1.15749,1.15776,152.00000
2026-08-18 21:30:00+00:00,1.15777,1.15783,1.15746,1.15751,260.00000
2026-08-18 21:45:00+00:00,1.15743,1.15751,1.15734,1.15743,680.00000
2026-08-18 22:00:00+00:00,1.15744,1.15765,1.15742,1.15746,201.00000
2026-08-18 22:15:00+00:00,1.15745,1.15761,1.15745,1.15748,240.00000
2026-08-18 22:30:00+00:00,1.15749,1.15758,1.15746,1.15750,158.00000
2026-08-18 22:45:00+00:00,1.15751,1.15768,1.15749,1.15762,128.00000
2026-08-18 23:00:00+00:00,1.15764,1.15784,1.15764,1.15768,192.00000
2026-08-18 23:15:00+00:00,1.15767,1.15772,1.15746,1.15750,178.00000
2026-08-18 23:30:00+00:00,1.15751,1.15757,1.15733,1.15740,322.00000
2026-08-18 23:45:00+00:00,1.15738,1.15762,1.15734,1.15761,316.00000
2026-08-19 00:00:00+00:00,1.15764,1.15816,1.15753,1.15805,1080.00000
2026-08-19 00:15:00+00:00,1.15807,1.15817,1.15789,1.15794,614.00000
2026-08-19 00:30:00+00:00,1.15792,1.15797,1.15751,1.15754,666.00000
2026-08-19 00:45:00+00:00,1.15756,1.15783,1.15734,1.15742,1022.00000
2026-08-19 01:00:00+00:00,1.15743,1.15746,1.15714,1.15724,932.00000
2026-08-19 01:15:00+00:00,1.15725,1.15739,1.15701,1.15738,926.00000
2026-08-19 01:30:00+00:00,1.15739,1.15777,1.15739,1.15768,770.00000
2026-08-19 01:45:00+00:00,1.15766,1.15778,1.15752,1.15772,566.00000
2026-08-19 02:00:00+00:00,1.15771,1.15804,1.15766,1.15791,522.00000
2026-08-19 02:15:00+00:00,1.15790,1.15852,1.15775,1.15821,1324.00000
2026-08-19 02:30:00+00:00,1.15822,1.15851,1.15808,1.15847,754.00000
2026-08-19 02:45:00+00:00,1.15849,1.15873,1.15804,1.15823,950.00000
2026-08-19 03:00:00+00:00,1.15824,1.15847,1.15817,1.15844,642.00000
2026-08-19 03:15:00+00:00,1.15845,1.15848,1.15830,1.15838,334.00000
2026-08-19 03:30:00+00:00,1.15839,1.15842,1.15817,1.15826,362.00000
2026-08-19 03:45:00+00:00,1.15827,1.15833,1.15811,1.15812,342.00000
2026-08-19 04:00:00+00:00,1.15813,1.15837,1.15807,1.15837,348.00000
2026-08-19 04:15:00+00:00,1.15836,1.15841,1.15831,1.15834,392.00000
2026-08-19 04:30:00+00:00,1.15836,1.15859,1.15821,1.15833,774.00000
2026-08-19 04:45:00+00:00,1.15832,1.15867,1.15828,1.15858,630.00000
2026-08-19 05:00:00+00:00,1.15857,1.15871,1.15846,1.15863,581.00000
2026-08-19 05:15:00+00:00,1.15862,1.15876,1.15856,1.15864,518.00000
2026-08-19 05:30:00+00:00,1.15863,1.15878,1.15853,1.15875,628.00000
2026-08-19 05:45:00+00:00,1.15874,1.15895,1.15864,1.15886,740.00000
2026-08-19 06:00:00+00:00,1.15887,1.15914,1.15878,1.15899,817.00000
2026-08-19 06:15:00+00:00,1.15900,1.15988,1.15896,1.15977,1113.00000
2026-08-19 06:30:00+00:00,1.15978,1.15983,1.15946,1.15958,1089.00000
2026-08-19 06:45:00+00:00,1.15959,1.15973,1.15941,1.15945,1084.00000
2026-08-19 07:00:00+00:00,1.15947,1.15964,1.15919,1.15934,1124.00000
2026-08-19 07:15:00+00:00,1.15933,1.15950,1.15916,1.15946,682.00000
2026-08-19 07:30:00+00:00,1.15947,1.15972,1.15930,1.15940,830.00000
2026-08-19 07:45:00+00:00,1.15941,1.15977,1.15932,1.15965,766.00000
2026-08-19 08:00:00+00:00,1.15966,1.16047,1.15955,1.16036,1274.00000
2026-08-19 08:15:00+00:00,1.16035,1.16053,1.15971,1.15983,1038.00000
2026-08-19 08:30:00+00:00,1.15981,1.16031,1.15966,1.16022,846.00000
2026-08-19 08:45:00+00:00,1.16021,1.16032,1.15970,1.15980,1109.00000
2026-08-19 09:00:00+00:00,1.15982,1.16006,1.15965,1.15996,806.00000
2026-08-19 09:15:00+00:00,1.15991,1.16048,1.15985,1.16041,886.00000
2026-08-19 09:30:00+00:00,1.16040,1.16065,1.16036,1.16050,684.00000
2026-08-19 09:45:00+00:00,1.16049,1.16083,1.16044,1.16064,823.00000
2026-08-19 10:00:00+00:00,1.16065,1.16106,1.16052,1.16096,886.00000
2026-08-19 10:15:00+00:00,1.16098,1.16116,1.16084,1.16105,938.00000
2026-08-19 10:30:00+00:00,1.16104,1.16114,1.16095,1.16110,654.00000
2026-08-19 10:45:00+00:00,1.16111,1.16119,1.16055,1.16066,806.00000
2026-08-19 11:00:00+00:00,1.16065,1.16086,1.16028,1.16056,926.00000
2026-08-19 11:15:00+00:00,1.16057,1.16066,1.16043,1.16047,768.00000
2026-08-19 11:30:00+00:00,1.16048,1.16063,1.15994,1.16007,828.00000
2026-08-19 11:45:00+00:00,1.16006,1.16055,1.16006,1.16029,1058.00000
2026-08-19 12:00:00+00:00,1.16030,1.16059,1.16025,1.16056,992.00000
2026-08-19 12:15:00+00:00,1.16060,1.16102,1.16054,1.16066,1195.00000
2026-08-19 12:30:00+00:00,1.16069,1.16299,1.16059,1.16289,4563.00000
2026-08-19 12:45:00+00:00,1.16290,1.16435,1.16257,1.16356,3795.00000
2026-08-19 13:00:00+00:00,1.16359,1.16502,1.16357,1.16485,3874.00000
2026-08-19 13:15:00+00:00,1.16486,1.16527,1.16441,1.16526,2987.00000
2026-08-19 13:30:00+00:00,1.16529,1.16590,1.16481,1.16554,3860.00000
2026-08-19 13:45:00+00:00,1.16553,1.16595,1.16498,1.16564,3456.00000
2026-08-19 14:00:00+00:00,1.16559,1.16679,1.16537,1.16640,3176.00000
2026-08-19 14:15:00+00:00,1.16639,1.16720,1.16630,1.16720,3132.00000
2026-08-19 14:30:00+00:00,1.16721,1.16772,1.16706,1.16765,3042.00000
2026-08-19 14:45:00+00:00,1.16764,1.16764,1.16608,1.16634,3636.00000
2026-08-19 15:00:00+00:00,1.16632,1.16656,1.16591,1.16643,2666.00000
2026-08-19 15:15:00+00:00,1.16644,1.16661,1.16567,1.16602,2428.00000
2026-08-19 15:30:00+00:00,1.16601,1.16681,1.16594,1.16673,1722.00000
2026-08-19 15:45:00+00:00,1.16674,1.16680,1.16609,1.16638,1499.00000
2026-08-19 16:00:00+00:00,1.16639,1.16716,1.16637,1.16705,1624.00000
2026-08-19 16:15:00+00:00,1.16704,1.16716,1.16661,1.16675,1118.00000
2026-08-19 16:30:00+00:00,1.16674,1.16714,1.16672,1.16690,1006.00000
2026-08-19 16:45:00+00:00,1.16691,1.16720,1.16683,1.16685,1311.00000
2026-08-19 17:00:00+00:00,1.16686,1.16722,1.16638,1.16653,1942.00000
2026-08-19 17:15:00+00:00,1.16654,1.16654,1.16623,1.16639,1118.00000
2026-08-19 17:30:00+00:00,1.16641,1.16645,1.16608,1.16618,924.00000
2026-08-19 17:45:00+00:00,1.16614,1.16621,1.16584,1.16589,1034.00000
2026-08-19 18:00:00+00:00,1.16588,1.16714,1.16588,1.16694,2513.00000
2026-08-19 18:15:00+00:00,1.16690,1.16697,1.16600,1.16610,1390.00000
2026-08-19 18:30:00+00:00,1.16609,1.16742,1.16609,1.16721,1572.00000
2026-08-19 18:45:00+00:00,1.16720,1.16752,1.16714,1.16735,1048.00000
2026-08-19 19:00:00+00:00,1.16736,1.16768,1.16699,1.16736,1296.00000
2026-08-19 19:15:00+00:00,1.16735,1.16786,1.16735,1.16779,1040.00000
2026-08-19 19:30:00+00:00,1.16782,1.16792,1.16727,1.16735,1341.00000
2026-08-19 19:45:00+00:00,1.16733,1.16778,1.16718,1.16772,1262.00000
2026-08-19 20:00:00+00:00,1.16773,1.16782,1.16756,1.16758,533.00000
2026-08-19 20:15:00+00:00,1.16759,1.16776,1.16751,1.16754,401.00000
2026-08-19 20:30:00+00:00,1.16753,1.16786,1.16752,1.16784,320.00000
2026-08-19 20:45:00+00:00,1.16785,1.16791,1.16770,1.16771,271.00000
2026-08-19 21:00:00+00:00,1.16763,1.16765,1.16753,1.16756,44.00000
2026-08-19 21:15:00+00:00,1.16751,1.16755,1.16736,1.16753,66.00000
2026-08-19 21:30:00+00:00,1.16755,1.16756,1.16729,1.16756,106.00000
2026-08-19 21:45:00+00:00,1.16755,1.16785,1.16754,1.16761,93.00000
2026-08-19 22:00:00+00:00,1.16763,1.16805,1.16763,1.16790,331.00000
2026-08-19 22:15:00+00:00,1.16789,1.16792,1.16775,1.16778,298.00000
2026-08-19 22:30:00+00:00,1.16779,1.16783,1.16760,1.16770,306.00000
2026-08-19 22:45:00+00:00,1.16766,1.16770,1.16750,1.16752,382.00000
2026-08-19 23:00:00+00:00,1.16753,1.16774,1.16743,1.16756,424.00000
2026-08-19 23:15:00+00:00,1.16755,1.16759,1.16737,1.16746,392.00000
2026-08-19 23:30:00+00:00,1.16748,1.16753,1.16730,1.16730,268.00000
2026-08-19 23:45:00+00:00,1.16731,1.16744,1.16727,1.16744,368.00000
2026-08-20 00:00:00+00:00,1.16745,1.16799,1.16744,1.16771,1176.00000
2026-08-20 00:15:00+00:00,1.16774,1.16796,1.16740,1.16751,982.00000
2026-08-20 00:30:00+00:00,1.16752,1.16776,1.16747,1.16749,732.00000
2026-08-20 00:45:00+00:00,1.16750,1.16758,1.16723,1.16743,1014.00000
2026-08-20 01:00:00+00:00,1.16744,1.16748,1.16700,1.16725,1346.00000
2026-08-20 01:15:00+00:00,1.16724,1.16801,1.16724,1.16793,1408.00000
2026-08-20 01:30:00+00:00,1.16792,1.16827,1.16748,1.16783,1646.00000
2026-08-20 01:45:00+00:00,1.16784,1.16794,1.16735,1.16764,1168.00000
2026-08-20 02:00:00+00:00,1.16767,1.16838,1.16755,1.16772,1592.00000
2026-08-20 02:15:00+00:00,1.16770,1.16772,1.16728,1.16754,671.00000
2026-08-20 02:30:00+00:00,1.16756,1.16783,1.16742,1.16762,768.00000
2026-08-20 02:45:00+00:00,1.16760,1.16770,1.16740,1.16749,592.00000
2026-08-20 03:00:00+00:00,1.16750,1.16789,1.16742,1.16780,749.00000
2026-08-20 03:15:00+00:00,1.16781,1.16802,1.16757,1.16770,682.00000
2026-08-20 03:30:00+00:00,1.16769,1.16784,1.16753,1.16779,682.00000
2026-08-20 03:45:00+00:00,1.16777,1.16798,1.16777,1.16795,450.00000
2026-08-20 04:00:00+00:00,1.16797,1.16803,1.16782,1.16794,430.00000
2026-08-20 04:15:00+00:00,1.16795,1.16796,1.16767,1.16772,470.00000
2026-08-20 04:30:00+00:00,1.16770,1.16777,1.16760,1.16760,440.00000
2026-08-20 04:45:00+00:00,1.16759,1.16774,1.16717,1.16728,610.00000
2026-08-20 05:00:00+00:00,1.16729,1.16754,1.16727,1.16739,752.00000
2026-08-20 05:15:00+00:00,1.16738,1.16751,1.16713,1.16714,618.00000
2026-08-20 05:30:00+00:00,1.16715,1.16736,1.16702,1.16706,868.00000
2026-08-20 05:45:00+00:00,1.16707,1.16774,1.16702,1.16762,866.00000
2026-08-20 06:00:00+00:00,1.16761,1.16803,1.16733,1.16795,1134.00000
2026-08-20 06:15:00+00:00,1.16794,1.16799,1.16765,1.16771,1234.00000
2026-08-20 06:30:00+00:00,1.16769,1.16802,1.16762,1.16800,1022.00000
2026-08-20 06:45:00+00:00,1.16801,1.16884,1.16799,1.16879,1813.00000
2026-08-20 07:00:00+00:00,1.16877,1.16882,1.16810,1.16818,1676.00000
2026-08-20 07:15:00+00:00,1.16817,1.16833,1.16782,1.16798,1208.00000
2026-08-20 07:30:00+00:00,1.16799,1.16935,1.16798,1.16906,1747.00000
2026-08-20 07:45:00+00:00,1.16905,1.16935,1.16859,1.16927,1350.00000
2026-08-20 08:00:00+00:00,1.16928,1.16950,1.16907,1.16946,1346.00000
2026-08-20 08:15:00+00:00,1.16945,1.16947,1.16901,1.16912,1307.00000
2026-08-20 08:30:00+00:00,1.16913,1.16997,1.16888,1.16976,1527.00000
2026-08-20 08:45:00+00:00,1.16975,1.16998,1.16948,1.16986,1171.00000
2026-08-20 09:00:00+00:00,1.16988,1.17048,1.16956,1.17040,1415.00000
2026-08-20 09:15:00+00:00,1.17039,1.17097,1.17036,1.17063,1713.00000
2026-08-20 09:30:00+00:00,1.17064,1.17074,1.17012,1.17046,1252.00000
2026-08-20 09:45:00+00:00,1.17045,1.17078,1.17006,1.17071,1327.00000
2026-08-20 10:00:00+00:00,1.17070,1.17105,1.17039,1.17082,1289.00000
2026-08-20 10:15:00+00:00,1.17084,1.17101,1.17050,1.17090,1065.00000
2026-08-20 10:30:00+00:00,1.17089,1.17089,1.17022,1.17025,1074.00000
2026-08-20 10:45:00+00:00,1.17026,1.17027,1.16931,1.16970,1426.00000
2026-08-20 11:00:00+00:00,1.16972,1.16983,1.16903,1.16904,1344.00000
2026-08-20 11:15:00+00:00,1.16905,1.16969,1.16888,1.16912,1278.00000
2026-08-20 11:30:00+00:00,1.16908,1.16958,1.16874,1.16878,1556.00000
2026-08-20 11:45:00+00:00,1.16879,1.16881,1.16827,1.16846,1878.00000
2026-08-20 12:00:00+00:00,1.16853,1.16859,1.16779,1.16840,2491.00000
2026-08-20 12:15:00+00:00,1.16839,1.16902,1.16835,1.16864,1880.00000
2026-08-20 12:30:00+00:00,1.16865,1.16889,1.16789,1.16883,2232.00000
2026-08-20 12:45:00+00:00,1.16884,1.16903,1.16846,1.16886,1990.00000
2026-08-20 13:00:00+00:00,1.16888,1.16948,1.16867,1.16876,2255.00000
2026-08-20 13:15:00+00:00,1.16875,1.16908,1.16843,1.16869,2048.00000
2026-08-20 13:30:00+00:00,1.16870,1.16885,1.16814,1.16829,2747.00000
2026-08-20 13:45:00+00:00,1.16831,1.16837,1.16750,1.16754,2557.00000
2026-08-20 14:00:00+00:00,1.16754,1.16795,1.16718,1.16722,2152.00000
2026-08-20 14:15:00+00:00,1.16721,1.16809,1.16708,1.16788,2322.00000
2026-08-20 14:30:00+00:00,1.16790,1.16825,1.16789,1.16815,1560.00000
2026-08-20 14:45:00+00:00,1.16816,1.16851,1.16803,1.16829,2209.00000
2026-08-20 15:00:00+00:00,1.16830,1.16937,1.16775,1.16836,4847.00000
2026-08-20 15:15:00+00:00,1.16837,1.16849,1.16764,1.16849,2496.00000
2026-08-20 15:30:00+00:00,1.16850,1.16854,1.16723,1.16734,2238.00000
2026-08-20 15:45:00+00:00,1.16733,1.16800,1.16722,1.16790,2018.00000
2026-08-20 16:00:00+00:00,1.16792,1.16801,1.16739,1.16746,1674.00000
2026-08-20 16:15:00+00:00,1.16745,1.16766,1.16724,1.16726,1448.00000
2026-08-20 16:30:00+00:00,1.16725,1.16732,1.16693,1.16704,1554.00000
2026-08-20 16:45:00+00:00,1.16703,1.16743,1.16701,1.16732,1058.00000
2026-08-20 17:00:00+00:00,1.16733,1.16751,1.16704,1.16713,1015.00000
2026-08-20 17:15:00+00:00,1.16714,1.16736,1.16700,1.16736,790.00000
2026-08-20 17:30:00+00:00,1.16735,1.16742,1.16706,1.16724,754.00000
2026-08-20 17:45:00+00:00,1.16723,1.16746,1.16720,1.16746,648.00000
2026-08-20 18:00:00+00:00,1.16747,1.16760,1.16716,1.16725,1156.00000
2026-08-20 18:15:00+00:00,1.16724,1.16731,1.16708,1.16721,778.00000
2026-08-20 18:30:00+00:00,1.16723,1.16750,1.16720,1.16738,672.00000
2026-08-20 18:45:00+00:00,1.16737,1.16765,1.16736,1.16761,684.00000
2026-08-20 19:00:00+00:00,1.16760,1.16765,1.16733,1.16765,667.00000
2026-08-20 19:15:00+00:00,1.16766,1.16776,1.16757,1.16760,650.00000
2026-08-20 19:30:00+00:00,1.16759,1.16776,1.16753,1.16755,606.00000
2026-08-20 19:45:00+00:00,1.16754,1.16785,1.16748,1.16779,736.00000
2026-08-20 20:00:00+00:00,1.16781,1.16790,1.16766,1.16772,345.00000
2026-08-20 20:15:00+00:00,1.16771,1.16778,1.16760,1.16769,208.00000
2026-08-20 20:30:00+00:00,1.16768,1.16792,1.16768,1.16789,188.00000
2026-08-20 20:45:00+00:00,1.16790,1.16797,1.16777,1.16788,377.00000
2026-08-20 21:00:00+00:00,1.16783,1.16786,1.16756,1.16768,79.00000
2026-08-20 21:15:00+00:00,1.16770,1.16785,1.16765,1.16785,116.00000
2026-08-20 21:30:00+00:00,1.16782,1.16784,1.16779,1.16781,102.00000
2026-08-20 21:45:00+00:00,1.16782,1.16782,1.16767,1.16776,164.00000
2026-08-20 22:00:00+00:00,1.16779,1.16821,1.16779,1.16815,204.00000
2026-08-20 22:15:00+00:00,1.16816,1.16839,1.16808,1.16833,316.00000
2026-08-20 22:30:00+00:00,1.16832,1.16833,1.16818,1.16819,164.00000
2026-08-20 22:45:00+00:00,1.16821,1.16842,1.16821,1.16832,192.00000
2026-08-20 23:00:00+00:00,1.16832,1.16859,1.16832,1.16855,368.00000
2026-08-20 23:15:00+00:00,1.16853,1.16871,1.16852,1.16859,156.00000
2026-08-20 23:30:00+00:00,1.16860,1.16871,1.16844,1.16865,300.00000
2026-08-20 23:45:00+00:00,1.16864,1.16879,1.16858,1.16876,364.00000
2026-08-21 00:00:00+00:00,1.16875,1.16891,1.16844,1.16889,910.00000
2026-08-21 00:15:00+00:00,1.16888,1.16898,1.16869,1.16879,670.00000
2026-08-21 00:30:00+00:00,1.16878,1.16882,1.16840,1.16850,629.00000
2026-08-21 00:45:00+00:00,1.16851,1.16862,1.16831,1.16833,854.00000
2026-08-21 01:00:00+00:00,1.16836,1.16874,1.16830,1.16866,1170.00000
2026-08-21 01:15:00+00:00,1.16867,1.16912,1.16860,1.16909,1040.00000
2026-08-21 01:30:00+00:00,1.16911,1.16931,1.16885,1.16891,982.00000
2026-08-21 01:45:00+00:00,1.16890,1.16908,1.16880,1.16905,712.00000
2026-08-21 02:00:00+00:00,1.16906,1.16925,1.16881,1.16924,768.00000
2026-08-21 02:15:00+00:00,1.16922,1.16969,1.16903,1.16948,800.00000
2026-08-21 02:30:00+00:00,1.16950,1.16967,1.16943,1.16966,560.00000
2026-08-21 02:45:00+00:00,1.16967,1.17009,1.16959,1.16960,816.00000
2026-08-21 03:00:00+00:00,1.16961,1.16984,1.16950,1.16979,618.00000
2026-08-21 03:15:00+00:00,1.16978,1.16981,1.16947,1.16947,510.00000
2026-08-21 03:30:00+00:00,1.16945,1.16950,1.16917,1.16929,520.00000
2026-08-21 03:45:00+00:00,1.16930,1.16946,1.16915,1.16942,500.00000
2026-08-21 04:00:00+00:00,1.16941,1.16953,1.16929,1.16938,538.00000
2026-08-21 04:15:00+00:00,1.16937,1.16948,1.16923,1.16931,424.00000
2026-08-21 04:30:00+00:00,1.16928,1.16938,1.16910,1.16920,390.00000
2026-08-21 04:45:00+00:00,1.16919,1.16936,1.16912,1.16932,300.00000
2026-08-21 05:00:00+00:00,1.16931,1.16932,1.16911,1.16926,436.00000
2026-08-21 05:15:00+00:00,1.16927,1.16934,1.16909,1.16912,342.00000
2026-08-21 05:30:00+00:00,1.16911,1.16967,1.16902,1.16967,716.00000
2026-08-21 05:45:00+00:00,1.16966,1.16994,1.16955,1.16980,833.00000
2026-08-21 06:00:00+00:00,1.16982,1.16983,1.16916,1.16921,1086.00000
2026-08-21 06:15:00+00:00,1.16923,1.16949,1.16903,1.16919,942.00000
2026-08-21 06:30:00+00:00,1.16920,1.16963,1.16918,1.16940,864.00000
2026-08-21 06:45:00+00:00,1.16939,1.16981,1.16916,1.16981,916.00000
2026-08-21 07:00:00+00:00,1.16980,1.17005,1.16944,1.16965,1372.00000
2026-08-21 07:15:00+00:00,1.16967,1.16995,1.16919,1.16937,1202.00000
2026-08-21 07:30:00+00:00,1.16925,1.16965,1.16892,1.16898,1300.00000
2026-08-21 07:45:00+00:00,1.16897,1.16910,1.16867,1.16909,1433.00000
2026-08-21 08:00:00+00:00,1.16908,1.16955,1.16892,1.16944,839.00000
2026-08-21 08:15:00+00:00,1.16942,1.16966,1.16915,1.16957,1240.00000
2026-08-21 08:30:00+00:00,1.16966,1.17049,1.16950,1.17041,1682.00000
2026-08-21 08:45:00+00:00,1.17040,1.17064,1.17018,1.17052,1341.00000
2026-08-21 09:00:00+00:00,1.17053,1.17116,1.17026,1.17094,1833.00000
2026-08-21 09:15:00+00:00,1.17095,1.17113,1.17029,1.17047,1267.00000
2026-08-21 09:30:00+00:00,1.17046,1.17078,1.17037,1.17047,927.00000
2026-08-21 09:45:00+00:00,1.17046,1.17048,1.17001,1.17001,889.00000
2026-08-21 10:00:00+00:00,1.17002,1.17040,1.16990,1.17027,1202.00000
2026-08-21 10:15:00+00:00,1.17026,1.17086,1.17019,1.17084,1166.00000
2026-08-21 10:30:00+00:00,1.17085,1.17107,1.17066,1.17073,928.00000
2026-08-21 10:45:00+00:00,1.17075,1.17078,1.17004,1.17019,1196.00000
2026-08-21 11:00:00+00:00,1.17020,1.17045,1.17001,1.17040,1092.00000
2026-08-21 11:15:00+00:00,1.17041,1.17099,1.17032,1.17087,2026.00000
2026-08-21 11:30:00+00:00,1.17088,1.17092,1.16966,1.16991,1870.00000
2026-08-21 11:45:00+00:00,1.16992,1.17008,1.16961,1.17008,990.00000
2026-08-21 12:00:00+00:00,1.17010,1.17031,1.16971,1.16975,1429.00000
2026-08-21 12:15:00+00:00,1.16972,1.16995,1.16946,1.16946,1590.00000
2026-08-21 12:30:00+00:00,1.16947,1.16948,1.16851,1.16899,1903.00000
2026-08-21 12:45:00+00:00,1.16900,1.16910,1.16872,1.16905,1354.00000
2026-08-21 13:00:00+00:00,1.16907,1.16911,1.16842,1.16873,1575.00000
2026-08-21 13:15:00+00:00,1.16874,1.16881,1.16809,1.16839,1636.00000
2026-08-21 13:30:00+00:00,1.16838,1.16843,1.16787,1.16830,1912.00000
2026-08-21 13:45:00+00:00,1.16829,1.16856,1.16796,1.16834,1844.00000
2026-08-21 14:00:00+00:00,1.16833,1.16833,1.16765,1.16788,1728.00000
2026-08-21 14:15:00+00:00,1.16789,1.16810,1.16727,1.16727,1462.00000
2026-08-21 14:30:00+00:00,1.16726,1.16744,1.16688,1.16720,2450.00000
2026-08-21 14:45:00+00:00,1.16723,1.16774,1.16698,1.16730,2283.00000
2026-08-21 15:00:00+00:00,1.16731,1.16763,1.16708,1.16744,2152.00000
2026-08-21 15:15:00+00:00,1.16745,1.16774,1.16726,1.16764,1544.00000
2026-08-21 15:30:00+00:00,1.16769,1.16806,1.16753,1.16804,1346.00000
2026-08-21 15:45:00+00:00,1.16806,1.16839,1.16791,1.16832,1052.00000
2026-08-21 16:00:00+00:00,1.16834,1.16844,1.16797,1.16826,1222.00000
2026-08-21 16:15:00+00:00,1.16827,1.16876,1.16807,1.16833,1336.00000
2026-08-21 16:30:00+00:00,1.16834,1.16845,1.16808,1.16819,808.00000
2026-08-21 16:45:00+00:00,1.16818,1.16835,1.16812,1.16817,810.00000
2026-08-21 17:00:00+00:00,1.16816,1.16818,1.16772,1.16783,892.00000
2026-08-21 17:15:00+00:00,1.16786,1.16820,1.16777,1.16813,886.00000
2026-08-21 17:30:00+00:00,1.16812,1.16830,1.16801,1.16803,763.00000
2026-08-21 17:45:00+00:00,1.16801,1.16809,1.16790,1.16804,425.00000
2026-08-21 18:00:00+00:00,1.16806,1.16841,1.16806,1.16811,558.00000
2026-08-21 18:15:00+00:00,1.16810,1.16828,1.16800,1.16823,544.00000
2026-08-21 18:30:00+00:00,1.16824,1.16832,1.16810,1.16829,514.00000
2026-08-21 18:45:00+00:00,1.16831,1.16834,1.16801,1.16828,510.00000
2026-08-21 19:00:00+00:00,1.16829,1.16830,1.16793,1.16802,664.00000
2026-08-21 19:15:00+00:00,1.16801,1.16802,1.16782,1.16788,396.00000
2026-08-21 19:30:00+00:00,1.16789,1.16800,1.16778,1.16791,383.00000
2026-08-21 19:45:00+00:00,1.16792,1.16815,1.16774,1.16789,562.00000
2026-08-21 20:00:00+00:00,1.16788,1.16792,1.16774,1.16788,394.00000
2026-08-21 20:15:00+00:00,1.16789,1.16792,1.16759,1.16760,300.00000
2026-08-21 20:30:00+00:00,1.16758,1.16760,1.16741,1.16756,438.00000
2026-08-21 20:45:00+00:00,1.16755,1.16776,1.16752,1.16764,985.00000
2026-08-23 21:00:00+00:00,1.16763,1.16763,1.16758,1.16758,23.00000
2026-08-23 21:15:00+00:00,1.16760,1.16781,1.16754,1.16778,115.00000
2026-08-23 21:30:00+00:00,1.16777,1.16780,1.16771,1.16776,44.00000
2026-08-23 21:45:00+00:00,1.16775,1.16779,1.16767,1.16777,88.00000
2026-08-23 22:00:00+00:00,1.16794,1.16794,1.16726,1.16786,395.00000
2026-08-23 22:15:00+00:00,1.16785,1.16790,1.16777,1.16788,348.00000
2026-08-23 22:30:00+00:00,1.16791,1.16798,1.16755,1.16761,396.00000
2026-08-23 22:45:00+00:00,1.16762,1.16762,1.16753,1.16757,146.00000
2026-08-23 23:00:00+00:00,1.16758,1.16768,1.16749,1.16757,208.00000
2026-08-23 23:15:00+00:00,1.16756,1.16763,1.16748,1.16759,124.00000
2026-08-23 23:30:00+00:00,1.16760,1.16764,1.16752,1.16762,142.00000
2026-08-23 23:45:00+00:00,1.16760,1.16825,1.16760,1.16825,394.00000
2026-08-24 00:00:00+00:00,1.16824,1.16864,1.16821,1.16854,1148.00000
2026-08-24 00:15:00+00:00,1.16853,1.16873,1.16837,1.16839,990.00000
2026-08-24 00:30:00+00:00,1.16836,1.16845,1.16822,1.16837,764.00000
2026-08-24 00:45:00+00:00,1.16838,1.16857,1.16823,1.16852,866.00000
2026-08-24 01:00:00+00:00,1.16851,1.16865,1.16808,1.16812,1216.00000
2026-08-24 01:15:00+00:00,1.16813,1.16813,1.16770,1.16774,1252.00000
2026-08-24 01:30:00+00:00,1.16775,1.16787,1.16767,1.16785,746.00000
2026-08-24 01:45:00+00:00,1.16786,1.16823,1.16784,1.16817,750.00000
2026-08-24 02:00:00+00:00,1.16816,1.16843,1.16806,1.16839,760.00000
2026-08-24 02:15:00+00:00,1.16838,1.16848,1.16823,1.16823,490.00000
2026-08-24 02:30:00+00:00,1.16820,1.16824,1.16804,1.16814,528.00000
2026-08-24 02:45:00+00:00,1.16815,1.16830,1.16794,1.16820,590.00000
2026-08-24 03:00:00+00:00,1.16819,1.16822,1.16792,1.16810,662.00000
2026-08-24 03:15:00+00:00,1.16811,1.16820,1.16800,1.16811,492.00000
2026-08-24 03:30:00+00:00,1.16810,1.16816,1.16796,1.16798,402.00000
2026-08-24 03:45:00+00:00,1.16797,1.16803,1.16780,1.16799,462.00000
2026-08-24 04:00:00+00:00,1.16798,1.16800,1.16754,1.16777,604.00000
2026-08-24 04:15:00+00:00,1.16778,1.16816,1.16767,1.16808,622.00000
2026-08-24 04:30:00+00:00,1.16807,1.16810,1.16800,1.16805,580.00000
2026-08-24 04:45:00+00:00,1.16806,1.16829,1.16799,1.16828,690.00000
2026-08-24 05:00:00+00:00,1.16830,1.16830,1.16799,1.16803,608.00000
2026-08-24 05:15:00+00:00,1.16804,1.16819,1.16784,1.16791,594.00000
2026-08-24 05:30:00+00:00,1.16790,1.16798,1.16760,1.16762,702.00000
2026-08-24 05:45:00+00:00,1.16763,1.16813,1.16760,1.16806,698.00000
2026-08-24 06:00:00+00:00,1.16805,1.16808,1.16768,1.16785,1054.00000
2026-08-24 06:15:00+00:00,1.16786,1.16790,1.16740,1.16749,1168.00000
2026-08-24 06:30:00+00:00,1.16750,1.16786,1.16746,1.16772,1092.00000
2026-08-24 06:45:00+00:00,1.16774,1.16801,1.16755,1.16775,1160.00000
2026-08-24 07:00:00+00:00,1.16776,1.16805,1.16723,1.16733,1521.00000
2026-08-24 07:15:00+00:00,1.16728,1.16759,1.16707,1.16757,1214.00000
2026-08-24 07:30:00+00:00,1.16758,1.16768,1.16659,1.16660,1430.00000
2026-08-24 07:45:00+00:00,1.16657,1.16698,1.16646,1.16672,1649.00000
2026-08-24 08:00:00+00:00,1.16673,1.16683,1.16634,1.16637,1940.00000
2026-08-24 08:15:00+00:00,1.16638,1.16653,1.16606,1.16608,1272.00000
2026-08-24 08:30:00+00:00,1.16607,1.16670,1.16605,1.16656,1164.00000
2026-08-24 08:45:00+00:00,1.16657,1.16674,1.16624,1.16631,1088.00000
2026-08-24 09:00:00+00:00,1.16632,1.16671,1.16612,1.16629,1198.00000
2026-08-24 09:15:00+00:00,1.16630,1.16636,1.16608,1.16630,870.00000
2026-08-24 09:30:00+00:00,1.16631,1.16644,1.16602,1.16626,740.00000
2026-08-24 09:45:00+00:00,1.16627,1.16658,1.16626,1.16643,900.00000
2026-08-24 10:00:00+00:00,1.16642,1.16665,1.16638,1.16655,788.00000
2026-08-24 10:15:00+00:00,1.16654,1.16669,1.16644,1.16657,698.00000
2026-08-24 10:30:00+00:00,1.16658,1.16664,1.16622,1.16632,966.00000
2026-08-24 10:45:00+00:00,1.16633,1.16670,1.16620,1.16643,1021.00000
2026-08-24 11:00:00+00:00,1.16641,1.16656,1.16629,1.16642,980.00000
2026-08-24 11:15:00+00:00,1.16643,1.16681,1.16631,1.16673,840.00000
2026-08-24 11:30:00+00:00,1.16675,1.16735,1.16649,1.16659,2638.00000
2026-08-24 11:45:00+00:00,1.16658,1.16683,1.16642,1.16668,1661.00000
2026-08-24 12:00:00+00:00,1.16669,1.16674,1.16619,1.16650,1696.00000
2026-08-24 12:15:00+00:00,1.16649,1.16735,1.16641,1.16733,1616.00000
2026-08-24 12:30:00+00:00,1.16730,1.16738,1.16645,1.16685,1865.00000
2026-08-24 12:45:00+00:00,1.16687,1.16714,1.16667,1.16694,1513.00000
2026-08-24 13:00:00+00:00,1.16693,1.16735,1.16682,1.16732,1510.00000
2026-08-24 13:15:00+00:00,1.16731,1.16748,1.16698,1.16700,1570.00000
2026-08-24 13:30:00+00:00,1.16701,1.16724,1.16666,1.16669,2156.00000
2026-08-24 13:45:00+00:00,1.16668,1.16700,1.16637,1.16651,2046.00000
2026-08-24 14:00:00+00:00,1.16652,1.16689,1.16630,1.16679,1878.00000
2026-08-24 14:15:00+00:00,1.16678,1.16716,1.16643,1.16711,1778.00000
2026-08-24 14:30:00+00:00,1.16712,1.16720,1.16652,1.16676,1494.00000
2026-08-24 14:45:00+00:00,1.16677,1.16704,1.16641,1.16656,1646.00000
2026-08-24 15:00:00+00:00,1.16655,1.16692,1.16650,1.16678,1610.00000
2026-08-24 15:15:00+00:00,1.16677,1.16724,1.16665,1.16710,1538.00000
2026-08-24 15:30:00+00:00,1.16716,1.16716,1.16676,1.16682,1279.00000
2026-08-24 15:45:00+00:00,1.16678,1.16692,1.16637,1.16645,1139.00000
2026-08-24 16:00:00+00:00,1.16646,1.16697,1.16628,1.16673,1922.00000
2026-08-24 16:15:00+00:00,1.16674,1.16684,1.16656,1.16661,848.00000
2026-08-24 16:30:00+00:00,1.16660,1.16684,1.16651,1.16660,818.00000
2026-08-24 16:45:00+00:00,1.16662,1.16665,1.16629,1.16648,908.00000
2026-08-24 17:00:00+00:00,1.16649,1.16667,1.16617,1.16626,1639.00000
2026-08-24 17:15:00+00:00,1.16627,1.16636,1.16565,1.16585,1700.00000
2026-08-24 17:30:00+00:00,1.16584,1.16604,1.16562,1.16578,708.00000
2026-08-24 17:45:00+00:00,1.16579,1.16596,1.16553,1.16594,772.00000
2026-08-24 18:00:00+00:00,1.16595,1.16603,1.16572,1.16597,714.00000
2026-08-24 18:15:00+00:00,1.16599,1.16651,1.16594,1.16649,878.00000
2026-08-24 18:30:00+00:00,1.16648,1.16654,1.16611,1.16627,570.00000
2026-08-24 18:45:00+00:00,1.16630,1.16646,1.16615,1.16641,874.00000
2026-08-24 19:00:00+00:00,1.16638,1.16638,1.16611,1.16618,496.00000
2026-08-24 19:15:00+00:00,1.16617,1.16620,1.16595,1.16597,354.00000
2026-08-24 19:30:00+00:00,1.16596,1.16617,1.16593,1.16616,456.00000
2026-08-24 19:45:00+00:00,1.16618,1.16634,1.16606,1.16613,614.00000
2026-08-24 20:00:00+00:00,1.16612,1.16633,1.16604,1.16630,444.00000
2026-08-24 20:15:00+00:00,1.16629,1.16639,1.16628,1.16635,208.00000
2026-08-24 20:30:00+00:00,1.16634,1.16637,1.16623,1.16627,242.00000
2026-08-24 20:45:00+00:00,1.16631,1.16645,1.16631,1.16641,273.00000
2026-08-24 21:00:00+00:00,1.16627,1.16655,1.16588,1.16622,191.00000
2026-08-24 21:15:00+00:00,1.16623,1.16644,1.16620,1.16638,346.00000
2026-08-24 21:30:00+00:00,1.16637,1.16643,1.16631,1.16643,86.00000
2026-08-24 21:45:00+00:00,1.16643,1.16651,1.16628,1.16630,190.00000
2026-08-24 22:00:00+00:00,1.16635,1.16649,1.16615,1.16646,151.00000
2026-08-24 22:15:00+00:00,1.16648,1.16651,1.16640,1.16642,130.00000
2026-08-24 22:30:00+00:00,1.16640,1.16648,1.16640,1.16648,122.00000
2026-08-24 22:45:00+00:00,1.16650,1.16651,1.16644,1.16644,126.00000
2026-08-24 23:00:00+00:00,1.16649,1.16655,1.16647,1.16650,138.00000
2026-08-24 23:15:00+00:00,1.16651,1.16657,1.16645,1.16645,94.00000
2026-08-24 23:30:00+00:00,1.16646,1.16651,1.16642,1.16651,126.00000
2026-08-24 23:45:00+00:00,1.16654,1.16686,1.16645,1.16680,186.00000
2026-08-25 00:00:00+00:00,1.16679,1.16710,1.16674,1.16704,768.00000
2026-08-25 00:15:00+00:00,1.16705,1.16705,1.16678,1.16693,660.00000
2026-08-25 00:30:00+00:00,1.16694,1.16701,1.16682,1.16694,672.00000
2026-08-25 00:45:00+00:00,1.16693,1.16699,1.16672,1.16687,880.00000
2026-08-25 01:00:00+00:00,1.16688,1.16688,1.16658,1.16672,870.00000
2026-08-25 01:15:00+00:00,1.16673,1.16673,1.16638,1.16666,584.00000
2026-08-25 01:30:00+00:00,1.16665,1.16668,1.16641,1.16654,492.00000
2026-08-25 01:45:00+00:00,1.16652,1.16652,1.16618,1.16631,634.00000
2026-08-25 02:00:00+00:00,1.16632,1.16641,1.16615,1.16629,790.00000
2026-08-25 02:15:00+00:00,1.16628,1.16647,1.16628,1.16646,476.00000
2026-08-25 02:30:00+00:00,1.16647,1.16647,1.16621,1.16627,592.00000
2026-08-25 02:45:00+00:00,1.16628,1.16636,1.16589,1.16605,714.00000
2026-08-25 03:00:00+00:00,1.16607,1.16623,1.16604,1.16608,628.00000
2026-08-25 03:15:00+00:00,1.16609,1.16617,1.16587,1.16592,454.00000
2026-08-25 03:30:00+00:00,1.16593,1.16609,1.16587,1.16602,242.00000
2026-08-25 03:45:00+00:00,1.16601,1.16608,1.16591,1.16604,268.00000
2026-08-25 04:00:00+00:00,1.16603,1.16605,1.16557,1.16577,476.00000
2026-08-25 04:15:00+00:00,1.16575,1.16576,1.16557,1.16558,326.00000
2026-08-25 04:30:00+00:00,1.16559,1.16567,1.16551,1.16562,434.00000
2026-08-25 04:45:00+00:00,1.16563,1.16563,1.16548,1.16558,346.00000
2026-08-25 05:00:00+00:00,1.16557,1.16568,1.16547,1.16557,416.00000
2026-08-25 05:15:00+00:00,1.16558,1.16568,1.16548,1.16565,366.00000
2026-08-25 05:30:00+00:00,1.16566,1.16568,1.16540,1.16547,485.00000
2026-08-25 05:45:00+00:00,1.16545,1.16561,1.16531,1.16536,494.00000
2026-08-25 06:00:00+00:00,1.16535,1.16575,1.16531,1.16573,828.00000
2026-08-25 06:15:00+00:00,1.16574,1.16579,1.16561,1.16578,652.00000
2026-08-25 06:30:00+00:00,1.16577,1.16591,1.16534,1.16536,886.00000
2026-08-25 06:45:00+00:00,1.16537,1.16542,1.16510,1.16527,903.00000
2026-08-25 07:00:00+00:00,1.16525,1.16593,1.16525,1.16589,1313.00000
2026-08-25 07:15:00+00:00,1.16593,1.16630,1.16585,1.16587,881.00000
2026-08-25 07:30:00+00:00,1.16586,1.16593,1.16570,1.16575,956.00000
2026-08-25 07:45:00+00:00,1.16577,1.16604,1.16560,1.16588,971.00000
2026-08-25 08:00:00+00:00,1.16589,1.16619,1.16573,1.16587,1402.00000
2026-08-25 08:15:00+00:00,1.16588,1.16650,1.16582,1.16623,2092.00000
2026-08-25 08:30:00+00:00,1.16620,1.16661,1.16612,1.16655,1486.00000
2026-08-25 08:45:00+00:00,1.16658,1.16678,1.16638,1.16672,1385.00000
2026-08-25 09:00:00+00:00,1.16675,1.16739,1.16660,1.16729,1728.00000
2026-08-25 09:15:00+00:00,1.16728,1.16728,1.16663,1.16667,1098.00000
2026-08-25 09:30:00+00:00,1.16666,1.16730,1.16665,1.16679,1704.00000
2026-08-25 09:45:00+00:00,1.16678,1.16715,1.16677,1.16680,1300.00000
2026-08-25 10:00:00+00:00,1.16679,1.16684,1.16641,1.16644,1248.00000
2026-08-25 10:15:00+00:00,1.16643,1.16658,1.16601,1.16603,931.00000
2026-08-25 10:30:00+00:00,1.16604,1.16646,1.16593,1.16628,900.00000
2026-08-25 10:45:00+00:00,1.16630,1.16634,1.16599,1.16623,896.00000
2026-08-25 11:00:00+00:00,1.16622,1.16634,1.16594,1.16606,1128.00000
2026-08-25 11:15:00+00:00,1.16603,1.16627,1.16584,1.16619,1016.00000
2026-08-25 11:30:00+00:00,1.16620,1.16632,1.16599,1.16602,972.00000
2026-08-25 11:45:00+00:00,1.16601,1.16647,1.16591,1.16598,1042.00000
2026-08-25 12:00:00+00:00,1.16596,1.16645,1.16596,1.16631,1320.00000
2026-08-25 12:15:00+00:00,1.16630,1.16643,1.16616,1.16643,1096.00000
2026-08-25 12:30:00+00:00,1.16642,1.16649,1.16613,1.16642,874.00000
2026-08-25 12:45:00+00:00,1.16643,1.16665,1.16629,1.16664,1072.00000
2026-08-25 13:00:00+00:00,1.16663,1.16754,1.16642,1.16718,2062.00000
2026-08-25 13:15:00+00:00,1.16719,1.16734,1.16687,1.16719,1487.00000
2026-08-25 13:30:00+00:00,1.16718,1.16748,1.16681,1.16701,1723.00000
2026-08-25 13:45:00+00:00,1.16702,1.16743,1.16685,1.16739,1620.00000
2026-08-25 14:00:00+00:00,1.16738,1.16748,1.16683,1.16730,1945.00000
2026-08-25 14:15:00+00:00,1.16731,1.16742,1.16685,1.16709,1552.00000
2026-08-25 14:30:00+00:00,1.16710,1.16720,1.16658,1.16702,1770.00000
2026-08-25 14:45:00+00:00,1.16699,1.16745,1.16665,1.16695,1978.00000
2026-08-25 15:00:00+00:00,1.16696,1.16716,1.16671,1.16707,1506.00000
2026-08-25 15:15:00+00:00,1.16706,1.16726,1.16691,1.16693,1262.00000
2026-08-25 15:30:00+00:00,1.16692,1.16757,1.16692,1.16723,2007.00000
2026-08-25 15:45:00+00:00,1.16724,1.16749,1.16709,1.16730,1282.00000
2026-08-25 16:00:00+00:00,1.16731,1.16739,1.16698,1.16702,912.00000
2026-08-25 16:15:00+00:00,1.16701,1.16703,1.16680,1.16694,872.00000
2026-08-25 16:30:00+00:00,1.16696,1.16720,1.16693,1.16708,834.00000
2026-08-25 16:45:00+00:00,1.16709,1.16720,1.16693,1.16715,628.00000
2026-08-25 17:00:00+00:00,1.16714,1.16726,1.16691,1.16700,830.00000
2026-08-25 17:15:00+00:00,1.16701,1.16718,1.16693,1.16707,730.00000
2026-08-25 17:30:00+00:00,1.16708,1.16728,1.16697,1.16713,710.00000
2026-08-25 17:45:00+00:00,1.16717,1.16747,1.16713,1.16743,542.00000
2026-08-25 18:00:00+00:00,1.16742,1.16753,1.16717,1.16739,710.00000
2026-08-25 18:15:00+00:00,1.16740,1.16744,1.16728,1.16740,404.00000
2026-08-25 18:30:00+00:00,1.16739,1.16747,1.16732,1.16738,398.00000
2026-08-25 18:45:00+00:00,1.16735,1.16747,1.16728,1.16742,438.00000
2026-08-25 19:00:00+00:00,1.16743,1.16771,1.16737,1.16767,626.00000
2026-08-25 19:15:00+00:00,1.16769,1.16790,1.16736,1.16737,884.00000
2026-08-25 19:30:00+00:00,1.16734,1.16736,1.16687,1.16702,634.00000
2026-08-25 19:45:00+00:00,1.16701,1.16774,1.16701,1.16763,1360.00000
2026-08-25 20:00:00+00:00,1.16764,1.16796,1.16749,1.16779,582.00000
2026-08-25 20:15:00+00:00,1.16781,1.16786,1.16751,1.16766,462.00000
2026-08-25 20:30:00+00:00,1.16765,1.16772,1.16743,1.16746,336.00000
2026-08-25 20:45:00+00:00,1.16747,1.16759,1.16743,1.16745,326.00000
2026-08-25 21:00:00+00:00,1.16747,1.16754,1.16715,1.16728,131.00000
2026-08-25 21:15:00+00:00,1.16726,1.16744,1.16712,1.16739,162.00000
2026-08-25 21:30:00+00:00,1.16725,1.16775,1.16725,1.16770,210.00000
2026-08-25 21:45:00+00:00,1.16761,1.16770,1.16721,1.16721,236.00000
2026-08-25 22:00:00+00:00,1.16726,1.16758,1.16712,1.16746,193.00000
2026-08-25 22:15:00+00:00,1.16745,1.16761,1.16745,1.16752,225.00000
2026-08-25 22:30:00+00:00,1.16753,1.16768,1.16747,1.16767,172.00000
2026-08-25 22:45:00+00:00,1.16768,1.16769,1.16763,1.16767,150.00000
2026-08-25 23:00:00+00:00,1.16766,1.16768,1.16751,1.16753,146.00000
2026-08-25 23:15:00+00:00,1.16754,1.16759,1.16740,1.16744,166.00000
2026-08-25 23:30:00+00:00,1.16745,1.16745,1.16726,1.16734,90.00000
2026-08-25 23:45:00+00:00,1.16735,1.16745,1.16732,1.16744,294.00000
2026-08-26 00:00:00+00:00,1.16743,1.16751,1.16729,1.16748,750.00000
2026-08-26 00:15:00+00:00,1.16747,1.16756,1.16732,1.16736,392.00000
2026-08-26 00:30:00+00:00,1.16738,1.16748,1.16712,1.16736,552.00000
2026-08-26 00:45:00+00:00,1.16735,1.16752,1.16724,1.16726,710.00000
2026-08-26 01:00:00+00:00,1.16725,1.16741,1.16706,1.16708,825.00000
2026-08-26 01:15:00+00:00,1.16710,1.16723,1.16700,1.16703,618.00000
2026-08-26 01:30:00+00:00,1.16712,1.16722,1.16688,1.16697,1046.00000
2026-08-26 01:45:00+00:00,1.16694,1.16719,1.16691,1.16702,1014.00000
2026-08-26 02:00:00+00:00,1.16703,1.16729,1.16701,1.16727,762.00000
2026-08-26 02:15:00+00:00,1.16728,1.16728,1.16683,1.16691,684.00000
2026-08-26 02:30:00+00:00,1.16690,1.16706,1.16682,1.16703,522.00000
2026-08-26 02:45:00+00:00,1.16704,1.16704,1.16668,1.16675,410.00000
2026-08-26 03:00:00+00:00,1.16676,1.16685,1.16662,1.16666,420.00000
2026-08-26 03:15:00+00:00,1.16665,1.16683,1.16655,1.16663,491.00000
2026-08-26 03:30:00+00:00,1.16661,1.16663,1.16639,1.16662,432.00000
2026-08-26 03:45:00+00:00,1.16663,1.16663,1.16641,1.16647,272.00000
2026-08-26 04:00:00+00:00,1.16648,1.16649,1.16636,1.16640,220.00000
2026-08-26 04:15:00+00:00,1.16636,1.16648,1.16626,1.16641,344.00000
2026-08-26 04:30:00+00:00,1.16640,1.16649,1.16619,1.16622,358.00000
2026-08-26 04:45:00+00:00,1.16621,1.16627,1.16605,1.16621,452.00000
2026-08-26 05:00:00+00:00,1.16622,1.16627,1.16606,1.16611,438.00000
2026-08-26 05:15:00+00:00,1.16613,1.16650,1.16613,1.16643,398.00000
2026-08-26 05:30:00+00:00,1.16644,1.16669,1.16643,1.16658,512.00000
2026-08-26 05:45:00+00:00,1.16660,1.16665,1.16638,1.16644,403.00000
2026-08-26 06:00:00+00:00,1.16646,1.16649,1.16618,1.16623,746.00000
2026-08-26 06:15:00+00:00,1.16624,1.16651,1.16617,1.16619,840.00000
2026-08-26 06:30:00+00:00,1.16618,1.16639,1.16597,1.16639,749.00000
2026-08-26 06:45:00+00:00,1.16640,1.16675,1.16637,1.16670,908.00000
2026-08-26 07:00:00+00:00,1.16672,1.16708,1.16669,1.16689,970.00000
2026-08-26 07:15:00+00:00,1.16690,1.16714,1.16686,1.16696,690.00000
2026-08-26 07:30:00+00:00,1.16697,1.16732,1.16697,1.16703,708.00000
2026-08-26 07:45:00+00:00,1.16702,1.16716,1.16678,1.16709,1078.00000
2026-08-26 08:00:00+00:00,1.16707,1.16753,1.16700,1.16748,1336.00000
2026-08-26 08:15:00+00:00,1.16747,1.16770,1.16743,1.16768,792.00000
2026-08-26 08:30:00+00:00,1.16767,1.16768,1.16717,1.16736,832.00000
2026-08-26 08:45:00+00:00,1.16735,1.16743,1.16695,1.16712,960.00000
2026-08-26 09:00:00+00:00,1.16713,1.16713,1.16664,1.16665,906.00000
2026-08-26 09:15:00+00:00,1.16666,1.16675,1.16636,1.16640,816.00000
2026-08-26 09:30:00+00:00,1.16641,1.16672,1.16641,1.16664,678.00000
2026-08-26 09:45:00+00:00,1.16663,1.16693,1.16658,1.16662,782.00000
2026-08-26 10:00:00+00:00,1.16661,1.16664,1.16645,1.16653,682.00000
2026-08-26 10:15:00+00:00,1.16652,1.16659,1.16622,1.16632,854.00000
2026-08-26 10:30:00+00:00,1.16634,1.16657,1.16629,1.16647,696.00000
2026-08-26 10:45:00+00:00,1.16648,1.16648,1.16610,1.16619,692.00000
2026-08-26 11:00:00+00:00,1.16620,1.16659,1.16619,1.16656,812.00000
2026-08-26 11:15:00+00:00,1.16655,1.16656,1.16604,1.16622,966.00000
2026-08-26 11:30:00+00:00,1.16624,1.16658,1.16620,1.16654,882.00000
2026-08-26 11:45:00+00:00,1.16655,1.16693,1.16649,1.16689,898.00000
2026-08-26 12:00:00+00:00,1.16690,1.16733,1.16681,1.16727,1031.00000
2026-08-26 12:15:00+00:00,1.16728,1.16747,1.16705,1.16726,1169.00000
2026-08-26 12:30:00+00:00,1.16727,1.16751,1.16626,1.16634,2869.00000
2026-08-26 12:45:00+00:00,1.16635,1.16653,1.16555,1.16559,2333.00000
2026-08-26 13:00:00+00:00,1.16558,1.16575,1.16516,1.16566,2263.00000
2026-08-26 13:15:00+00:00,1.16567,1.16579,1.16537,1.16573,1630.00000
2026-08-26 13:30:00+00:00,1.16574,1.16588,1.16530,1.16553,2083.00000
2026-08-26 13:45:00+00:00,1.16554,1.16573,1.16525,1.16526,1718.00000
2026-08-26 14:00:00+00:00,1.16527,1.16533,1.16480,1.16506,2092.00000
2026-08-26 14:15:00+00:00,1.16507,1.16508,1.16425,1.16428,1774.00000
2026-08-26 14:30:00+00:00,1.16427,1.16502,1.16414,1.16482,1612.00000
2026-08-26 14:45:00+00:00,1.16481,1.16482,1.16443,1.16451,1528.00000
2026-08-26 15:00:00+00:00,1.16452,1.16525,1.16448,1.16498,1740.00000
2026-08-26 15:15:00+00:00,1.16503,1.16519,1.16488,1.16519,1076.00000
2026-08-26 15:30:00+00:00,1.16517,1.16542,1.16500,1.16523,1086.00000
2026-08-26 15:45:00+00:00,1.16524,1.16543,1.16477,1.16504,1760.00000
2026-08-26 16:00:00+00:00,1.16505,1.16534,1.16491,1.16529,1122.00000
2026-08-26 16:15:00+00:00,1.16528,1.16543,1.16520,1.16525,872.00000
2026-08-26 16:30:00+00:00,1.16526,1.16534,1.16490,1.16505,890.00000
2026-08-26 16:45:00+00:00,1.16506,1.16531,1.16490,1.16496,1066.00000
2026-08-26 17:00:00+00:00,1.16497,1.16516,1.16486,1.16506,736.00000
2026-08-26 17:15:00+00:00,1.16507,1.16532,1.16498,1.16531,584.00000
2026-08-26 17:30:00+00:00,1.16530,1.16544,1.16523,1.16533,472.00000
2026-08-26 17:45:00+00:00,1.16532,1.16532,1.16504,1.16528,478.00000
2026-08-26 18:00:00+00:00,1.16527,1.16544,1.16510,1.16536,560.00000
2026-08-26 18:15:00+00:00,1.16538,1.16542,1.16517,1.16521,454.00000
2026-08-26 18:30:00+00:00,1.16520,1.16524,1.16507,1.16516,330.00000
2026-08-26 18:45:00+00:00,1.16517,1.16527,1.16501,1.16512,438.00000
2026-08-26 19:00:00+00:00,1.16513,1.16525,1.16501,1.16524,550.00000
2026-08-26 19:15:00+00:00,1.16523,1.16531,1.16513,1.16526,318.00000
2026-08-26 19:30:00+00:00,1.16525,1.16534,1.16516,1.16520,442.00000
2026-08-26 19:45:00+00:00,1.16519,1.16538,1.16508,1.16534,612.00000
2026-08-26 20:00:00+00:00,1.16535,1.16537,1.16516,1.16517,316.00000
2026-08-26 20:15:00+00:00,1.16518,1.16537,1.16517,1.16526,296.00000
2026-08-26 20:30:00+00:00,1.16527,1.16550,1.16527,1.16549,241.00000
2026-08-26 20:45:00+00:00,1.16547,1.16547,1.16528,1.16535,256.00000
2026-08-26 21:00:00+00:00,1.16500,1.16514,1.16473,1.16503,121.00000
2026-08-26 21:15:00+00:00,1.16509,1.16536,1.16509,1.16531,118.00000
2026-08-26 21:30:00+00:00,1.16529,1.16533,1.16520,1.16529,106.00000
2026-08-26 21:45:00+00:00,1.16535,1.16536,1.16524,1.16527,98.00000
2026-08-26 22:00:00+00:00,1.16536,1.16553,1.16525,1.16540,452.00000
2026-08-26 22:15:00+00:00,1.16541,1.16552,1.16526,1.16548,285.00000
2026-08-26 22:30:00+00:00,1.16533,1.16552,1.16533,1.16547,114.00000
2026-08-26 22:45:00+00:00,1.16548,1.16548,1.16537,1.16542,185.00000
2026-08-26 23:00:00+00:00,1.16543,1.16553,1.16539,1.16553,221.00000
2026-08-26 23:15:00+00:00,1.16554,1.16562,1.16546,1.16548,483.00000
2026-08-26 23:30:00+00:00,1.16547,1.16563,1.16547,1.16560,178.00000
2026-08-26 23:45:00+00:00,1.16561,1.16562,1.16546,1.16555,130.00000
2026-08-27 00:00:00+00:00,1.16556,1.16569,1.16546,1.16553,816.00000
2026-08-27 00:15:00+00:00,1.16552,1.16579,1.16549,1.16579,400.00000
2026-08-27 00:30:00+00:00,1.16578,1.16582,1.16552,1.16553,486.00000
2026-08-27 00:45:00+00:00,1.16552,1.16578,1.16540,1.16565,811.00000
2026-08-27 01:00:00+00:00,1.16564,1.16575,1.16554,1.16571,866.00000
2026-08-27 01:15:00+00:00,1.16572,1.16592,1.16562,1.16573,618.00000
2026-08-27 01:30:00+00:00,1.16572,1.16592,1.16560,1.16567,866.00000
2026-08-27 01:45:00+00:00,1.16568,1.16586,1.16566,1.16579,680.00000
2026-08-27 02:00:00+00:00,1.16580,1.16594,1.16575,1.16576,428.00000
2026-08-27 02:15:00+00:00,1.16577,1.16577,1.16550,1.16551,356.00000
2026-08-27 02:30:00+00:00,1.16550,1.16568,1.16545,1.16556,402.00000
2026-08-27 02:45:00+00:00,1.16557,1.16562,1.16548,1.16556,338.00000
2026-08-27 03:00:00+00:00,1.16557,1.16563,1.16553,1.16558,474.00000
2026-08-27 03:15:00+00:00,1.16557,1.16561,1.16540,1.16542,274.00000
2026-08-27 03:30:00+00:00,1.16544,1.16547,1.16535,1.16540,292.00000
2026-08-27 03:45:00+00:00,1.16541,1.16556,1.16540,1.16543,232.00000
2026-08-27 04:00:00+00:00,1.16542,1.16559,1.16542,1.16556,268.00000
2026-08-27 04:15:00+00:00,1.16555,1.16560,1.16541,1.16553,326.00000
2026-08-27 04:30:00+00:00,1.16552,1.16554,1.16544,1.16548,242.00000
2026-08-27 04:45:00+00:00,1.16547,1.16557,1.16542,1.16557,326.00000
2026-08-27 05:00:00+00:00,1.16556,1.16567,1.16544,1.16562,306.00000
2026-08-27 05:15:00+00:00,1.16561,1.16573,1.16539,1.16572,356.00000
2026-08-27 05:30:00+00:00,1.16571,1.16577,1.16553,1.16562,498.00000
2026-08-27 05:45:00+00:00,1.16561,1.16565,1.16519,1.16544,610.00000
2026-08-27 06:00:00+00:00,1.16543,1.16548,1.16521,1.16538,734.00000
2026-08-27 06:15:00+00:00,1.16539,1.16558,1.16526,1.16549,666.00000
2026-08-27 06:30:00+00:00,1.16550,1.16554,1.16529,1.16536,612.00000
2026-08-27 06:45:00+00:00,1.16540,1.16549,1.16518,1.16534,882.00000
2026-08-27 07:00:00+00:00,1.16535,1.16563,1.16534,1.16556,1206.00000
2026-08-27 07:15:00+00:00,1.16554,1.16557,1.16519,1.16521,944.00000
2026-08-27 07:30:00+00:00,1.16522,1.16550,1.16517,1.16550,804.00000
2026-08-27 07:45:00+00:00,1.16551,1.16556,1.16520,1.16548,1085.00000
2026-08-27 08:00:00+00:00,1.16547,1.16580,1.16543,1.16546,1015.00000
2026-08-27 08:15:00+00:00,1.16547,1.16558,1.16500,1.16507,1070.00000
2026-08-27 08:30:00+00:00,1.16505,1.16521,1.16477,1.16518,1160.00000
2026-08-27 08:45:00+00:00,1.16517,1.16522,1.16481,1.16482,1118.00000
2026-08-27 09:00:00+00:00,1.16481,1.16484,1.16434,1.16468,1290.00000
2026-08-27 09:15:00+00:00,1.16470,1.16476,1.16445,1.16466,917.00000
2026-08-27 09:30:00+00:00,1.16467,1.16467,1.16405,1.16418,1198.00000
2026-08-27 09:45:00+00:00,1.16420,1.16462,1.16406,1.16408,932.00000
2026-08-27 10:00:00+00:00,1.16407,1.16443,1.16391,1.16443,1069.00000
2026-08-27 10:15:00+00:00,1.16444,1.16482,1.16428,1.16457,942.00000
2026-08-27 10:30:00+00:00,1.16458,1.16460,1.16384,1.16420,1027.00000
2026-08-27 10:45:00+00:00,1.16419,1.16420,1.16394,1.16397,890.00000
2026-08-27 11:00:00+00:00,1.16398,1.16407,1.16379,1.16390,932.00000
2026-08-27 11:15:00+00:00,1.16391,1.16416,1.16387,1.16407,748.00000
2026-08-27 11:30:00+00:00,1.16410,1.16442,1.16376,1.16394,1296.00000
2026-08-27 11:45:00+00:00,1.16395,1.16434,1.16365,1.16410,1381.00000
2026-08-27 12:00:00+00:00,1.16413,1.16457,1.16411,1.16419,1632.00000
2026-08-27 12:15:00+00:00,1.16418,1.16450,1.16410,1.16436,1238.00000
2026-08-27 12:30:00+00:00,1.16435,1.16442,1.16397,1.16426,1348.00000
2026-08-27 12:45:00+00:00,1.16424,1.16438,1.16398,1.16410,1232.00000
2026-08-27 13:00:00+00:00,1.16410,1.16489,1.16400,1.16483,1802.00000
2026-08-27 13:15:00+00:00,1.16484,1.16599,1.16467,1.16584,1731.00000
2026-08-27 13:30:00+00:00,1.16582,1.16595,1.16517,1.16526,2045.00000
2026-08-27 13:45:00+00:00,1.16525,1.16552,1.16505,1.16540,1955.00000
2026-08-27 14:00:00+00:00,1.16539,1.16579,1.16505,1.16515,2192.00000
2026-08-27 14:15:00+00:00,1.16513,1.16532,1.16482,1.16490,1455.00000
2026-08-27 14:30:00+00:00,1.16491,1.16551,1.16489,1.16510,1778.00000
2026-08-27 14:45:00+00:00,1.16511,1.16540,1.16445,1.16447,2058.00000
2026-08-27 15:00:00+00:00,1.16446,1.16526,1.16444,1.16508,1840.00000
2026-08-27 15:15:00+00:00,1.16510,1.16524,1.16489,1.16506,1146.00000
2026-08-27 15:30:00+00:00,1.16505,1.16523,1.16501,1.16504,936.00000
2026-08-27 15:45:00+00:00,1.16503,1.16543,1.16481,1.16532,1052.00000
2026-08-27 16:00:00+00:00,1.16533,1.16536,1.16495,1.16512,858.00000
2026-08-27 16:15:00+00:00,1.16513,1.16533,1.16495,1.16530,716.00000
2026-08-27 16:30:00+00:00,1.16531,1.16544,1.16524,1.16535,556.00000
2026-08-27 16:45:00+00:00,1.16534,1.16539,1.16507,1.16522,894.00000
2026-08-27 17:00:00+00:00,1.16523,1.16540,1.16508,1.16508,718.00000
2026-08-27 17:15:00+00:00,1.16509,1.16517,1.16499,1.16508,560.00000
2026-08-27 17:30:00+00:00,1.16507,1.16512,1.16483,1.16488,550.00000
2026-08-27 17:45:00+00:00,1.16490,1.16497,1.16469,1.16491,984.00000
2026-08-27 18:00:00+00:00,1.16492,1.16493,1.16460,1.16478,892.00000
2026-08-27 18:15:00+00:00,1.16479,1.16486,1.16468,1.16469,560.00000
2026-08-27 18:30:00+00:00,1.16468,1.16478,1.16463,1.16477,402.00000
2026-08-27 18:45:00+00:00,1.16478,1.16501,1.16475,1.16489,442.00000
2026-08-27 19:00:00+00:00,1.16493,1.16505,1.16487,1.16494,572.00000
2026-08-27 19:15:00+00:00,1.16495,1.16502,1.16485,1.16488,462.00000
2026-08-27 19:30:00+00:00,1.16487,1.16496,1.16480,1.16494,390.00000
2026-08-27 19:45:00+00:00,1.16495,1.16504,1.16472,1.16493,552.00000
2026-08-27 20:00:00+00:00,1.16494,1.16525,1.16491,1.16514,248.00000
2026-08-27 20:15:00+00:00,1.16513,1.16515,1.16500,1.16501,178.00000
2026-08-27 20:30:00+00:00,1.16502,1.16515,1.16500,1.16513,180.00000
2026-08-27 20:45:00+00:00,1.16512,1.16519,1.16510,1.16519,199.00000
2026-08-27 21:00:00+00:00,1.16498,1.16517,1.16455,1.16516,83.00000
2026-08-27 21:15:00+00:00,1.16515,1.16544,1.16515,1.16543,138.00000
2026-08-27 21:30:00+00:00,1.16544,1.16545,1.16526,1.16527,76.00000
2026-08-27 21:45:00+00:00,1.16519,1.16532,1.16509,1.16512,265.00000
2026-08-27 22:00:00+00:00,1.16514,1.16539,1.16491,1.16539,426.00000
2026-08-27 22:15:00+00:00,1.16538,1.16545,1.16521,1.16523,136.00000
2026-08-27 22:30:00+00:00,1.16522,1.16531,1.16521,1.16524,220.00000
2026-08-27 22:45:00+00:00,1.16523,1.16537,1.16521,1.16533,174.00000
2026-08-27 23:00:00+00:00,1.16532,1.16544,1.16531,1.16542,82.00000
2026-08-27 23:15:00+00:00,1.16541,1.16543,1.16528,1.16528,74.00000
2026-08-27 23:30:00+00:00,1.16527,1.16544,1.16524,1.16534,118.00000
2026-08-27 23:45:00+00:00,1.16536,1.16549,1.16530,1.16536,172.00000
2026-08-28 00:00:00+00:00,1.16537,1.16544,1.16523,1.16527,598.00000
2026-08-28 00:15:00+00:00,1.16528,1.16530,1.16507,1.16523,348.00000
2026-08-28 00:30:00+00:00,1.16524,1.16533,1.16514,1.16528,402.00000
2026-08-28 00:45:00+00:00,1.16529,1.16540,1.16523,1.16532,578.00000
2026-08-28 01:00:00+00:00,1.16530,1.16544,1.16520,1.16533,672.00000
2026-08-28 01:15:00+00:00,1.16534,1.16541,1.16524,1.16528,438.00000
2026-08-28 01:30:00+00:00,1.16529,1.16554,1.16525,1.16538,592.00000
2026-08-28 01:45:00+00:00,1.16537,1.16538,1.16494,1.16497,662.00000
2026-08-28 02:00:00+00:00,1.16497,1.16504,1.16469,1.16477,732.00000
2026-08-28 02:15:00+00:00,1.16475,1.16501,1.16462,1.16478,550.00000
2026-08-28 02:30:00+00:00,1.16477,1.16490,1.16474,1.16476,518.00000
2026-08-28 02:45:00+00:00,1.16475,1.16508,1.16473,1.16508,294.00000
2026-08-28 03:00:00+00:00,1.16510,1.16514,1.16499,1.16503,308.00000
2026-08-28 03:15:00+00:00,1.16504,1.16509,1.16493,1.16508,318.00000
2026-08-28 03:30:00+00:00,1.16508,1.16509,1.16478,1.16478,260.00000
2026-08-28 03:45:00+00:00,1.16479,1.16483,1.16456,1.16463,226.00000
2026-08-28 04:00:00+00:00,1.16464,1.16466,1.16451,1.16454,414.00000
2026-08-28 04:15:00+00:00,1.16453,1.16464,1.16452,1.16455,250.00000
2026-08-28 04:30:00+00:00,1.16454,1.16463,1.16452,1.16457,216.00000
2026-08-28 04:45:00+00:00,1.16458,1.16462,1.16451,1.16456,244.00000
2026-08-28 05:00:00+00:00,1.16455,1.16458,1.16434,1.16436,540.00000
2026-08-28 05:15:00+00:00,1.16437,1.16449,1.16437,1.16440,286.00000
2026-08-28 05:30:00+00:00,1.16439,1.16447,1.16427,1.16428,530.00000
2026-08-28 05:45:00+00:00,1.16427,1.16458,1.16427,1.16445,350.00000
2026-08-28 06:00:00+00:00,1.16444,1.16465,1.16442,1.16447,754.00000
2026-08-28 06:15:00+00:00,1.16446,1.16480,1.16431,1.16474,770.00000
2026-08-28 06:30:00+00:00,1.16473,1.16484,1.16444,1.16476,1222.00000
2026-08-28 06:45:00+00:00,1.16477,1.16491,1.16458,1.16482,842.00000
2026-08-28 07:00:00+00:00,1.16483,1.16488,1.16438,1.16447,938.00000
2026-08-28 07:15:00+00:00,1.16448,1.16456,1.16417,1.16421,1002.00000
2026-08-28 07:30:00+00:00,1.16422,1.16461,1.16422,1.16445,908.00000
2026-08-28 07:45:00+00:00,1.16444,1.16482,1.16432,1.16465,724.00000
2026-08-28 08:00:00+00:00,1.16464,1.16488,1.16459,1.16463,920.00000
2026-08-28 08:15:00+00:00,1.16464,1.16472,1.16442,1.16443,768.00000
2026-08-28 08:30:00+00:00,1.16442,1.16471,1.16437,1.16438,822.00000
2026-08-28 08:45:00+00:00,1.16439,1.16448,1.16417,1.16445,786.00000
2026-08-28 09:00:00+00:00,1.16444,1.16451,1.16418,1.16423,794.00000
2026-08-28 09:15:00+00:00,1.16424,1.16438,1.16418,1.16423,846.00000
2026-08-28 09:30:00+00:00,1.16424,1.16440,1.16403,1.16416,642.00000
2026-08-28 09:45:00+00:00,1.16414,1.16428,1.16396,1.16399,768.00000
2026-08-28 10:00:00+00:00,1.16398,1.16422,1.16393,1.16406,912.00000
2026-08-28 10:15:00+00:00,1.16407,1.16440,1.16400,1.16440,958.00000
2026-08-28 10:30:00+00:00,1.16439,1.16469,1.16437,1.16465,660.00000
2026-08-28 10:45:00+00:00,1.16463,1.16492,1.16452,1.16492,819.00000
2026-08-28 11:00:00+00:00,1.16491,1.16495,1.16465,1.16470,689.00000
2026-08-28 11:15:00+00:00,1.16469,1.16479,1.16453,1.16462,810.00000
2026-08-28 11:30:00+00:00,1.16463,1.16481,1.16453,1.16477,846.00000
2026-08-28 11:45:00+00:00,1.16476,1.16481,1.16447,1.16452,898.00000
2026-08-28 12:00:00+00:00,1.16454,1.16461,1.16426,1.16436,1054.00000
2026-08-28 12:15:00+00:00,1.16435,1.16443,1.16418,1.16424,842.00000
2026-08-28 12:30:00+00:00,1.16423,1.16423,1.16393,1.16411,952.00000
2026-08-28 12:45:00+00:00,1.16412,1.16503,1.16411,1.16490,1648.00000
2026-08-28 13:00:00+00:00,1.16489,1.16499,1.16441,1.16443,1118.00000
2026-08-28 13:15:00+00:00,1.16442,1.16454,1.16417,1.16432,1122.00000
2026-08-28 13:30:00+00:00,1.16433,1.16443,1.16406,1.16414,1330.00000
2026-08-28 13:45:00+00:00,1.16413,1.16470,1.16367,1.16388,1538.00000
2026-08-28 14:00:00+00:00,1.16380,1.16598,1.16102,1.16117,7560.00000
2026-08-28 14:15:00+00:00,1.16116,1.16164,1.15945,1.16018,5625.00000
2026-08-28 14:30:00+00:00,1.16019,1.16117,1.16012,1.16075,4072.00000
2026-08-28 14:45:00+00:00,1.16074,1.16226,1.16020,1.16174,4140.00000
2026-08-28 15:00:00+00:00,1.16177,1.16206,1.16057,1.16078,3431.00000
2026-08-28 15:15:00+00:00,1.16079,1.16106,1.16032,1.16041,2652.00000
2026-08-28 15:30:00+00:00,1.16045,1.16055,1.15963,1.16001,2358.00000
2026-08-28 15:45:00+00:00,1.16002,1.16026,1.15971,1.15977,2377.00000
2026-08-28 16:00:00+00:00,1.15976,1.15983,1.15898,1.15901,1990.00000
2026-08-28 16:15:00+00:00,1.15900,1.15907,1.15850,1.15857,2267.00000
2026-08-28 16:30:00+00:00,1.15858,1.15899,1.15850,1.15855,1876.00000
2026-08-28 16:45:00+00:00,1.15854,1.15896,1.15847,1.15870,1690.00000
2026-08-28 17:00:00+00:00,1.15868,1.15891,1.15828,1.15874,1466.00000
2026-08-28 17:15:00+00:00,1.15872,1.15876,1.15845,1.15854,1086.00000
2026-08-28 17:30:00+00:00,1.15855,1.15856,1.15783,1.15804,1065.00000
2026-08-28 17:45:00+00:00,1.15805,1.15813,1.15778,1.15809,974.00000
2026-08-28 18:00:00+00:00,1.15806,1.15825,1.15785,1.15800,1002.00000
2026-08-28 18:15:00+00:00,1.15809,1.15846,1.15790,1.15827,1005.00000
2026-08-28 18:30:00+00:00,1.15826,1.15831,1.15781,1.15799,754.00000
2026-08-28 18:45:00+00:00,1.15798,1.15810,1.15778,1.15804,836.00000
2026-08-28 19:00:00+00:00,1.15803,1.15831,1.15797,1.15819,1079.00000
2026-08-28 19:15:00+00:00,1.15820,1.15865,1.15810,1.15860,826.00000
2026-08-28 19:30:00+00:00,1.15861,1.15871,1.15850,1.15865,728.00000
2026-08-28 19:45:00+00:00,1.15863,1.15877,1.15852,1.15859,848.00000
2026-08-28 20:00:00+00:00,1.15860,1.15866,1.15835,1.15856,630.00000
2026-08-28 20:15:00+00:00,1.15855,1.15860,1.15834,1.15848,366.00000
2026-08-28 20:30:00+00:00,1.15849,1.15851,1.15796,1.15814,360.00000
2026-08-28 20:45:00+00:00,1.15815,1.15830,1.15808,1.15820,761.00000
2026-08-30 21:00:00+00:00,1.15794,1.15810,1.15782,1.15785,45.00000
2026-08-30 21:15:00+00:00,1.15786,1.15790,1.15768,1.15789,54.00000
2026-08-30 21:30:00+00:00,1.15775,1.15806,1.15775,1.15806,35.00000
2026-08-30 21:45:00+00:00,1.15805,1.15806,1.15785,1.15785,40.00000
2026-08-30 22:00:00+00:00,1.15785,1.15821,1.15773,1.15815,398.00000
2026-08-30 22:15:00+00:00,1.15810,1.15820,1.15807,1.15816,305.00000
2026-08-30 22:30:00+00:00,1.15817,1.15852,1.15812,1.15834,312.00000
2026-08-30 22:45:00+00:00,1.15838,1.15849,1.15837,1.15844,167.00000
2026-08-30 23:00:00+00:00,1.15843,1.15863,1.15836,1.15848,334.00000
2026-08-30 23:15:00+00:00,1.15849,1.15867,1.15845,1.15856,282.00000
2026-08-30 23:30:00+00:00,1.15855,1.15885,1.15855,1.15878,256.00000
2026-08-30 23:45:00+00:00,1.15877,1.15894,1.15867,1.15887,380.00000
2026-08-31 00:00:00+00:00,1.15888,1.15934,1.15888,1.15920,1155.00000
2026-08-31 00:15:00+00:00,1.15921,1.15929,1.15855,1.15865,888.00000
2026-08-31 00:30:00+00:00,1.15866,1.15919,1.15865,1.15909,796.00000
2026-08-31 00:45:00+00:00,1.15910,1.15938,1.15908,1.15923,1080.00000
2026-08-31 01:00:00+00:00,1.15922,1.15929,1.15872,1.15882,1566.00000
2026-08-31 01:15:00+00:00,1.15883,1.15905,1.15871,1.15902,1092.00000
2026-08-31 01:30:00+00:00,1.15903,1.15945,1.15902,1.15933,1051.00000
2026-08-31 01:45:00+00:00,1.15932,1.15942,1.15906,1.15907,853.00000
2026-08-31 02:00:00+00:00,1.15908,1.15928,1.15899,1.15918,782.00000
2026-08-31 02:15:00+00:00,1.15919,1.15928,1.15892,1.15925,854.00000
2026-08-31 02:30:00+00:00,1.15926,1.15928,1.15882,1.15893,836.00000
2026-08-31 02:45:00+00:00,1.15892,1.15927,1.15892,1.15925,664.00000
2026-08-31 03:00:00+00:00,1.15924,1.15929,1.15916,1.15919,536.00000
2026-08-31 03:15:00+00:00,1.15920,1.15938,1.15918,1.15920,412.00000
2026-08-31 03:30:00+00:00,1.15918,1.15920,1.15893,1.15907,414.00000
2026-08-31 03:45:00+00:00,1.15908,1.15918,1.15897,1.15914,362.00000
2026-08-31 04:00:00+00:00,1.15915,1.15928,1.15914,1.15925,438.00000
2026-08-31 04:15:00+00:00,1.15926,1.15926,1.15885,1.15888,474.00000
2026-08-31 04:30:00+00:00,1.15887,1.15909,1.15886,1.15908,452.00000
2026-08-31 04:45:00+00:00,1.15909,1.15914,1.15900,1.15910,402.00000
2026-08-31 05:00:00+00:00,1.15911,1.15911,1.15887,1.15905,488.00000
2026-08-31 05:15:00+00:00,1.15903,1.15914,1.15886,1.15912,484.00000
2026-08-31 05:30:00+00:00,1.15913,1.15913,1.15873,1.15893,654.00000
2026-08-31 05:45:00+00:00,1.15894,1.15906,1.15874,1.15905,698.00000
2026-08-31 06:00:00+00:00,1.15904,1.15904,1.15870,1.15889,888.00000
2026-08-31 06:15:00+00:00,1.15886,1.15913,1.15868,1.15875,821.00000
2026-08-31 06:30:00+00:00,1.15874,1.15913,1.15869,1.15883,738.00000
2026-08-31 06:45:00+00:00,1.15882,1.15893,1.15847,1.15888,878.00000
2026-08-31 07:00:00+00:00,1.15889,1.15896,1.15847,1.15885,1223.00000
2026-08-31 07:15:00+00:00,1.15886,1.15963,1.15857,1.15941,1396.00000
2026-08-31 07:30:00+00:00,1.15943,1.15996,1.15938,1.15991,1512.00000
2026-08-31 07:45:00+00:00,1.15990,1.16033,1.15989,1.16026,1128.00000
2026-08-31 08:00:00+00:00,1.16021,1.16059,1.15977,1.15982,1754.00000
2026-08-31 08:15:00+00:00,1.15981,1.15992,1.15964,1.15981,1055.00000
2026-08-31 08:30:00+00:00,1.15982,1.15993,1.15966,1.15974,1288.00000
2026-08-31 08:45:00+00:00,1.15973,1.15989,1.15931,1.15941,1097.00000
2026-08-31 09:00:00+00:00,1.15942,1.16003,1.15942,1.15999,1055.00000
2026-08-31 09:15:00+00:00,1.15998,1.16010,1.15971,1.15981,984.00000
2026-08-31 09:30:00+00:00,1.15982,1.15992,1.15952,1.15972,788.00000
2026-08-31 09:45:00+00:00,1.15971,1.16000,1.15966,1.15991,920.00000
2026-08-31 10:00:00+00:00,1.15992,1.16021,1.15986,1.16012,1150.00000
2026-08-31 10:15:00+00:00,1.16011,1.16021,1.15988,1.16017,716.00000
2026-08-31 10:30:00+00:00,1.16016,1.16020,1.15973,1.15973,720.00000
2026-08-31 10:45:00+00:00,1.15974,1.16002,1.15966,1.15972,854.00000
2026-08-31 11:00:00+00:00,1.15971,1.15999,1.15958,1.15987,963.00000
2026-08-31 11:15:00+00:00,1.15989,1.16029,1.15985,1.16022,934.00000
2026-08-31 11:30:00+00:00,1.16023,1.16028,1.15992,1.16000,994.00000
2026-08-31 11:45:00+00:00,1.16002,1.16003,1.15957,1.15964,914.00000
2026-08-31 12:00:00+00:00,1.15963,1.15984,1.15932,1.15983,1307.00000
2026-08-31 12:15:00+00:00,1.15985,1.16000,1.15943,1.15967,1500.00000
2026-08-31 12:30:00+00:00,1.15968,1.15968,1.15916,1.15937,1652.00000
2026-08-31 12:45:00+00:00,1.15938,1.15965,1.15914,1.15953,1236.00000
2026-08-31 13:00:00+00:00,1.15954,1.15981,1.15938,1.15965,1496.00000
2026-08-31 13:15:00+00:00,1.15963,1.16010,1.15955,1.15999,1260.00000
2026-08-31 13:30:00+00:00,1.15998,1.16010,1.15952,1.15959,1827.00000
2026-08-31 13:45:00+00:00,1.15960,1.15998,1.15946,1.15997,1970.00000
2026-08-31 14:00:00+00:00,1.15995,1.16025,1.15952,1.16012,1566.00000
2026-08-31 14:15:00+00:00,1.16013,1.16054,1.16000,1.16026,1393.00000
2026-08-31 14:30:00+00:00,1.16027,1.16074,1.16016,1.16063,1754.00000
2026-08-31 14:45:00+00:00,1.16064,1.16181,1.16060,1.16141,3398.00000
2026-08-31 15:00:00+00:00,1.16140,1.16172,1.16126,1.16149,2226.00000
2026-08-31 15:15:00+00:00,1.16148,1.16167,1.16122,1.16166,1327.00000
2026-08-31 15:30:00+00:00,1.16165,1.16199,1.16165,1.16176,1198.00000
2026-08-31 15:45:00+00:00,1.16178,1.16207,1.16156,1.16164,1164.00000
2026-08-31 16:00:00+00:00,1.16165,1.16178,1.16154,1.16160,958.00000
2026-08-31 16:15:00+00:00,1.16161,1.16177,1.16152,1.16166,618.00000
2026-08-31 16:30:00+00:00,1.16167,1.16169,1.16143,1.16145,848.00000
2026-08-31 16:45:00+00:00,1.16146,1.16170,1.16138,1.16166,772.00000
2026-08-31 17:00:00+00:00,1.16163,1.16174,1.16148,1.16169,634.00000
2026-08-31 17:15:00+00:00,1.16167,1.16179,1.16154,1.16155,597.00000
2026-08-31 17:30:00+00:00,1.16156,1.16164,1.16145,1.16161,516.00000
2026-08-31 17:45:00+00:00,1.16162,1.16175,1.16153,1.16154,522.00000
2026-08-31 18:00:00+00:00,1.16155,1.16174,1.16146,1.16174,508.00000
2026-08-31 18:15:00+00:00,1.16173,1.16175,1.16156,1.16158,452.00000
2026-08-31 18:30:00+00:00,1.16159,1.16165,1.16147,1.16151,556.00000
2026-08-31 18:45:00+00:00,1.16152,1.16176,1.16149,1.16156,620.00000
2026-08-31 19:00:00+00:00,1.16155,1.16174,1.16149,1.16163,558.00000
2026-08-31 19:15:00+00:00,1.16161,1.16179,1.16156,1.16168,480.00000
2026-08-31 19:30:00+00:00,1.16167,1.16176,1.16144,1.16152,436.00000
2026-08-31 19:45:00+00:00,1.16151,1.16184,1.16148,1.16164,986.00000
2026-08-31 20:00:00+00:00,1.16165,1.16179,1.16153,1.16153,706.00000
2026-08-31 20:15:00+00:00,1.16152,1.16154,1.16141,1.16147,260.00000
2026-08-31 20:30:00+00:00,1.16146,1.16162,1.16143,1.16158,240.00000
2026-08-31 20:45:00+00:00,1.16160,1.16175,1.16159,1.16171,213.00000
2026-08-31 21:00:00+00:00,1.16172,1.16176,1.16152,1.16170,67.00000
2026-08-31 21:15:00+00:00,1.16165,1.16180,1.16157,1.16180,65.00000
2026-08-31 21:30:00+00:00,1.16181,1.16184,1.16175,1.16179,93.00000
2026-08-31 21:45:00+00:00,1.16180,1.16185,1.16179,1.16184,154.00000
2026-08-31 22:00:00+00:00,1.16186,1.16190,1.16170,1.16171,210.00000
2026-08-31 22:15:00+00:00,1.16172,1.16175,1.16165,1.16167,132.00000
2026-08-31 22:30:00+00:00,1.16170,1.16170,1.16151,1.16151,140.00000
2026-08-31 22:45:00+00:00,1.16152,1.16155,1.16143,1.16148,232.00000
2026-08-31 23:00:00+00:00,1.16149,1.16149,1.16127,1.16136,272.00000
2026-08-31 23:15:00+00:00,1.16134,1.16154,1.16132,1.16154,156.00000
2026-08-31 23:30:00+00:00,1.16155,1.16175,1.16151,1.16169,208.00000
2026-08-31 23:45:00+00:00,1.16168,1.16183,1.16166,1.16183,300.00000
2026-09-01 00:00:00+00:00,1.16182,1.16225,1.16153,1.16202,1090.00000
2026-09-01 00:15:00+00:00,1.16203,1.16243,1.16196,1.16236,728.00000
2026-09-01 00:30:00+00:00,1.16237,1.16246,1.16212,1.16215,690.00000
2026-09-01 00:45:00+00:00,1.16217,1.16219,1.16176,1.16183,838.00000
2026-09-01 01:00:00+00:00,1.16185,1.16189,1.16134,1.16141,1020.00000
2026-09-01 01:15:00+00:00,1.16139,1.16157,1.16105,1.16112,772.00000
2026-09-01 01:30:00+00:00,1.16111,1.16131,1.16100,1.16130,790.00000
2026-09-01 01:45:00+00:00,1.16129,1.16131,1.16073,1.16101,770.00000
2026-09-01 02:00:00+00:00,1.16102,1.16103,1.16062,1.16079,810.00000
2026-09-01 02:15:00+00:00,1.16078,1.16107,1.16078,1.16101,550.00000
2026-09-01 02:30:00+00:00,1.16099,1.16102,1.16069,1.16079,531.00000
2026-09-01 02:45:00+00:00,1.16078,1.16101,1.16073,1.16099,478.00000
2026-09-01 03:00:00+00:00,1.16098,1.16099,1.16065,1.16093,596.00000
2026-09-01 03:15:00+00:00,1.16094,1.16099,1.16058,1.16072,590.00000
2026-09-01 03:30:00+00:00,1.16073,1.16080,1.16062,1.16069,656.00000
2026-09-01 03:45:00+00:00,1.16068,1.16075,1.16056,1.16057,382.00000
2026-09-01 04:00:00+00:00,1.16056,1.16069,1.16046,1.16052,400.00000
2026-09-01 04:15:00+00:00,1.16053,1.16054,1.16035,1.16035,266.00000
2026-09-01 04:30:00+00:00,1.16036,1.16048,1.16029,1.16047,302.00000
2026-09-01 04:45:00+00:00,1.16046,1.16058,1.16037,1.16058,370.00000
2026-09-01 05:00:00+00:00,1.16057,1.16095,1.16057,1.16082,412.00000
2026-09-01 05:15:00+00:00,1.16078,1.16080,1.16061,1.16079,346.00000
2026-09-01 05:30:00+00:00,1.16078,1.16098,1.16072,1.16085,652.00000
2026-09-01 05:45:00+00:00,1.16086,1.16100,1.16077,1.16085,752.00000
2026-09-01 06:00:00+00:00,1.16082,1.16087,1.16060,1.16067,1012.00000
2026-09-01 06:15:00+00:00,1.16068,1.16082,1.16011,1.16020,860.00000
2026-09-01 06:30:00+00:00,1.16021,1.16033,1.16003,1.16028,812.00000
2026-09-01 06:45:00+00:00,1.16029,1.16050,1.16012,1.16050,1009.00000
2026-09-01 07:00:00+00:00,1.16053,1.16070,1.16013,1.16035,1254.00000
2026-09-01 07:15:00+00:00,1.16034,1.16034,1.15976,1.15978,884.00000
2026-09-01 07:30:00+00:00,1.15980,1.15981,1.15922,1.15922,1210.00000
2026-09-01 07:45:00+00:00,1.15921,1.15960,1.15919,1.15953,1112.00000
2026-09-01 08:00:00+00:00,1.15952,1.15975,1.15882,1.15890,1864.00000
2026-09-01 08:15:00+00:00,1.15889,1.15942,1.15880,1.15918,1304.00000
2026-09-01 08:30:00+00:00,1.15917,1.15945,1.15887,1.15932,1392.00000
2026-09-01 08:45:00+00:00,1.15931,1.15946,1.15914,1.15941,1358.00000
2026-09-01 09:00:00+00:00,1.15939,1.15980,1.15926,1.15966,1393.00000
2026-09-01 09:15:00+00:00,1.15965,1.15979,1.15950,1.15962,1294.00000
2026-09-01 09:30:00+00:00,1.15961,1.16003,1.15960,1.15984,1162.00000
2026-09-01 09:45:00+00:00,1.15983,1.16014,1.15931,1.15932,1105.00000
2026-09-01 10:00:00+00:00,1.15931,1.15946,1.15920,1.15926,1150.00000
2026-09-01 10:15:00+00:00,1.15927,1.15957,1.15923,1.15934,1081.00000
2026-09-01 10:30:00+00:00,1.15933,1.15937,1.15903,1.15906,794.00000
2026-09-01 10:45:00+00:00,1.15905,1.15933,1.15901,1.15922,1060.00000
2026-09-01 11:00:00+00:00,1.15921,1.15931,1.15900,1.15917,996.00000
2026-09-01 11:15:00+00:00,1.15916,1.15961,1.15911,1.15951,1418.00000
2026-09-01 11:30:00+00:00,1.15952,1.15959,1.15930,1.15944,874.00000
2026-09-01 11:45:00+00:00,1.15945,1.15954,1.15915,1.15927,1036.00000
2026-09-01 12:00:00+00:00,1.15926,1.15932,1.15882,1.15911,1252.00000
2026-09-01 12:15:00+00:00,1.15912,1.15945,1.15905,1.15922,1140.00000
2026-09-01 12:30:00+00:00,1.15923,1.15934,1.15902,1.15916,1286.00000
2026-09-01 12:45:00+00:00,1.15917,1.15944,1.15915,1.15931,1012.00000
2026-09-01 13:00:00+00:00,1.15930,1.15934,1.15892,1.15909,1198.00000
2026-09-01 13:15:00+00:00,1.15908,1.15927,1.15903,1.15924,930.00000
2026-09-01 13:30:00+00:00,1.15926,1.16019,1.15925,1.16015,1854.00000
2026-09-01 13:45:00+00:00,1.16013,1.16021,1.15976,1.16014,1768.00000
2026-09-01 14:00:00+00:00,1.16020,1.16082,1.15989,1.16073,2309.00000
2026-09-01 14:15:00+00:00,1.16074,1.16079,1.16011,1.16011,1880.00000
2026-09-01 14:30:00+00:00,1.16012,1.16032,1.15996,1.16003,1530.00000
2026-09-01 14:45:00+00:00,1.16001,1.16019,1.15946,1.15963,1794.00000
2026-09-01 15:00:00+00:00,1.15964,1.15987,1.15941,1.15949,1510.00000
2026-09-01 15:15:00+00:00,1.15950,1.15954,1.15906,1.15937,1204.00000
2026-09-01 15:30:00+00:00,1.15938,1.15940,1.15907,1.15918,994.00000
2026-09-01 15:45:00+00:00,1.15917,1.15925,1.15892,1.15922,816.00000
2026-09-01 16:00:00+00:00,1.15923,1.15933,1.15904,1.15905,957.00000
2026-09-01 16:15:00+00:00,1.15904,1.15917,1.15848,1.15873,1848.00000
2026-09-01 16:30:00+00:00,1.15872,1.15909,1.15854,1.15877,1303.00000
2026-09-01 16:45:00+00:00,1.15878,1.15879,1.15854,1.15856,758.00000
2026-09-01 17:00:00+00:00,1.15857,1.15903,1.15850,1.15887,712.00000
2026-09-01 17:15:00+00:00,1.15886,1.15935,1.15877,1.15932,859.00000
2026-09-01 17:30:00+00:00,1.15935,1.15956,1.15873,1.15884,919.00000
2026-09-01 17:45:00+00:00,1.15885,1.15886,1.15861,1.15875,572.00000
2026-09-01 18:00:00+00:00,1.15876,1.15909,1.15874,1.15882,614.00000
2026-09-01 18:15:00+00:00,1.15881,1.15897,1.15872,1.15877,514.00000
2026-09-01 18:30:00+00:00,1.15875,1.15881,1.15853,1.15866,616.00000
2026-09-01 18:45:00+00:00,1.15867,1.15905,1.15867,1.15903,906.00000
2026-09-01 19:00:00+00:00,1.15900,1.15929,1.15891,1.15926,838.00000
2026-09-01 19:15:00+00:00,1.15925,1.15930,1.15904,1.15907,568.00000
2026-09-01 19:30:00+00:00,1.15910,1.15922,1.15888,1.15888,532.00000
2026-09-01 19:45:00+00:00,1.15889,1.15901,1.15881,1.15898,586.00000
2026-09-01 20:00:00+00:00,1.15899,1.15900,1.15876,1.15876,400.00000
2026-09-01 20:15:00+00:00,1.15875,1.15905,1.15874,1.15898,284.00000
2026-09-01 20:30:00+00:00,1.15899,1.15924,1.15896,1.15914,328.00000
2026-09-01 20:45:00+00:00,1.15917,1.15931,1.15911,1.15922,231.00000
2026-09-01 21:00:00+00:00,1.15905,1.15911,1.15879,1.15902,42.00000
2026-09-01 21:15:00+00:00,1.15902,1.15908,1.15879,1.15897,96.00000
2026-09-01 21:30:00+00:00,1.15896,1.15923,1.15886,1.15901,362.00000
2026-09-01 21:45:00+00:00,1.15895,1.15928,1.15895,1.15918,236.00000
2026-09-01 22:00:00+00:00,1.15911,1.15960,1.15911,1.15953,250.00000
2026-09-01 22:15:00+00:00,1.15952,1.15962,1.15934,1.15938,180.00000
2026-09-01 22:30:00+00:00,1.15939,1.15941,1.15920,1.15926,683.00000
2026-09-01 22:45:00+00:00,1.15927,1.15932,1.15923,1.15927,98.00000
2026-09-01 23:00:00+00:00,1.15928,1.15933,1.15923,1.15930,72.00000
2026-09-01 23:15:00+00:00,1.15929,1.15930,1.15921,1.15923,58.00000
2026-09-01 23:30:00+00:00,1.15922,1.15930,1.15916,1.15927,102.00000
2026-09-01 23:45:00+00:00,1.15929,1.15933,1.15905,1.15905,296.00000
2026-09-02 00:00:00+00:00,1.15907,1.15919,1.15867,1.15886,1030.00000
2026-09-02 00:15:00+00:00,1.15887,1.15915,1.15862,1.15868,1178.00000
2026-09-02 00:30:00+00:00,1.15869,1.15887,1.15858,1.15883,910.00000
2026-09-02 00:45:00+00:00,1.15884,1.15884,1.15833,1.15833,824.00000
2026-09-02 01:00:00+00:00,1.15832,1.15844,1.15812,1.15822,1088.00000
2026-09-02 01:15:00+00:00,1.15821,1.15840,1.15820,1.15827,658.00000
2026-09-02 01:30:00+00:00,1.15831,1.15832,1.15770,1.15781,872.00000
2026-09-02 01:45:00+00:00,1.15780,1.15792,1.15771,1.15790,686.00000
2026-09-02 02:00:00+00:00,1.15791,1.15802,1.15762,1.15802,1382.00000
2026-09-02 02:15:00+00:00,1.15803,1.15816,1.15776,1.15802,876.00000
2026-09-02 02:30:00+00:00,1.15803,1.15831,1.15792,1.15817,720.00000
2026-09-02 02:45:00+00:00,1.15816,1.15820,1.15806,1.15817,330.00000
2026-09-02 03:00:00+00:00,1.15818,1.15826,1.15803,1.15804,448.00000
2026-09-02 03:15:00+00:00,1.15806,1.15809,1.15786,1.15786,458.00000
2026-09-02 03:30:00+00:00,1.15787,1.15795,1.15780,1.15783,430.00000
2026-09-02 03:45:00+00:00,1.15784,1.15799,1.15784,1.15799,300.00000
2026-09-02 04:00:00+00:00,1.15798,1.15799,1.15762,1.15768,574.00000
2026-09-02 04:15:00+00:00,1.15767,1.15774,1.15742,1.15763,554.00000
2026-09-02 04:30:00+00:00,1.15764,1.15772,1.15754,1.15764,416.00000
2026-09-02 04:45:00+00:00,1.15765,1.15782,1.15752,1.15759,552.00000
2026-09-02 05:00:00+00:00,1.15760,1.15770,1.15737,1.15768,637.00000
2026-09-02 05:15:00+00:00,1.15767,1.15797,1.15767,1.15796,864.00000
2026-09-02 05:30:00+00:00,1.15800,1.15810,1.15785,1.15798,878.00000
2026-09-02 05:45:00+00:00,1.15797,1.15820,1.15796,1.15801,792.00000
2026-09-02 06:00:00+00:00,1.15802,1.15850,1.15795,1.15825,1658.00000
2026-09-02 06:15:00+00:00,1.15824,1.15825,1.15771,1.15776,1334.00000
2026-09-02 06:30:00+00:00,1.15775,1.15785,1.15745,1.15777,1570.00000
2026-09-02 06:45:00+00:00,1.15775,1.15776,1.15674,1.15678,1482.00000
2026-09-02 07:00:00+00:00,1.15680,1.15738,1.15663,1.15732,1719.00000
2026-09-02 07:15:00+00:00,1.15729,1.15744,1.15712,1.15735,1105.00000
2026-09-02 07:30:00+00:00,1.15733,1.15785,1.15731,1.15763,1008.00000
2026-09-02 07:45:00+00:00,1.15765,1.15790,1.15749,1.15778,952.00000
2026-09-02 08:00:00+00:00,1.15776,1.15810,1.15774,1.15787,1146.00000
2026-09-02 08:15:00+00:00,1.15786,1.15809,1.15780,1.15793,997.00000
2026-09-02 08:30:00+00:00,1.15794,1.15822,1.15788,1.15806,1103.00000
2026-09-02 08:45:00+00:00,1.15807,1.15812,1.15726,1.15733,1432.00000
2026-09-02 09:00:00+00:00,1.15734,1.15779,1.15722,1.15746,1202.00000
2026-09-02 09:15:00+00:00,1.15747,1.15764,1.15737,1.15757,1010.00000
2026-09-02 09:30:00+00:00,1.15758,1.15765,1.15730,1.15739,1016.00000
2026-09-02 09:45:00+00:00,1.15737,1.15743,1.15707,1.15715,1094.00000
2026-09-02 10:00:00+00:00,1.15717,1.15726,1.15691,1.15725,1042.00000
2026-09-02 10:15:00+00:00,1.15726,1.15728,1.15687,1.15695,859.00000
2026-09-02 10:30:00+00:00,1.15693,1.15696,1.15670,1.15680,868.00000
2026-09-02 10:45:00+00:00,1.15681,1.15726,1.15671,1.15725,1014.00000
2026-09-02 11:00:00+00:00,1.15726,1.15767,1.15711,1.15759,1501.00000
2026-09-02 11:15:00+00:00,1.15760,1.15784,1.15740,1.15741,1537.00000
2026-09-02 11:30:00+00:00,1.15740,1.15793,1.15728,1.15750,1197.00000
2026-09-02 11:45:00+00:00,1.15749,1.15786,1.15744,1.15773,1172.00000
2026-09-02 12:00:00+00:00,1.15775,1.15814,1.15765,1.15788,1830.00000
2026-09-02 12:15:00+00:00,1.15787,1.15856,1.15767,1.15823,2632.00000
2026-09-02 12:30:00+00:00,1.15819,1.15824,1.15757,1.15765,1393.00000
2026-09-02 12:45:00+00:00,1.15766,1.15828,1.15760,1.15783,1607.00000
2026-09-02 13:00:00+00:00,1.15784,1.15816,1.15781,1.15786,1812.00000
2026-09-02 13:15:00+00:00,1.15787,1.16091,1.15780,1.15954,3321.00000
2026-09-02 13:30:00+00:00,1.15953,1.15975,1.15884,1.15973,2712.00000
2026-09-02 13:45:00+00:00,1.15974,1.16050,1.15922,1.16046,2842.00000
2026-09-02 14:00:00+00:00,1.16045,1.16045,1.15933,1.15941,2898.00000
2026-09-02 14:15:00+00:00,1.15947,1.15958,1.15886,1.15914,2578.00000
2026-09-02 14:30:00+00:00,1.15915,1.15944,1.15891,1.15906,2238.00000
2026-09-02 14:45:00+00:00,1.15907,1.15952,1.15888,1.15933,2194.00000
2026-09-02 15:00:00+00:00,1.15934,1.15970,1.15917,1.15927,2114.00000
2026-09-02 15:15:00+00:00,1.15926,1.15949,1.15890,1.15947,1490.00000
2026-09-02 15:30:00+00:00,1.15948,1.15964,1.15906,1.15906,1472.00000
2026-09-02 15:45:00+00:00,1.15905,1.15930,1.15895,1.15920,1104.00000
2026-09-02 16:00:00+00:00,1.15921,1.15935,1.15909,1.15935,1246.00000
2026-09-02 16:15:00+00:00,1.15936,1.15941,1.15890,1.15892,1240.00000
2026-09-02 16:30:00+00:00,1.15891,1.15912,1.15888,1.15902,819.00000
2026-09-02 16:45:00+00:00,1.15901,1.15918,1.15871,1.15871,770.00000
2026-09-02 17:00:00+00:00,1.15872,1.15891,1.15854,1.15860,834.00000
2026-09-02 17:15:00+00:00,1.15861,1.15868,1.15834,1.15867,704.00000
2026-09-02 17:30:00+00:00,1.15866,1.15884,1.15845,1.15867,932.00000
2026-09-02 17:45:00+00:00,1.15868,1.15899,1.15862,1.15867,1184.00000
2026-09-02 18:00:00+00:00,1.15870,1.15877,1.15859,1.15865,738.00000
2026-09-02 18:15:00+00:00,1.15864,1.15898,1.15845,1.15861,1196.00000
2026-09-02 18:30:00+00:00,1.15862,1.15879,1.15846,1.15847,428.00000
2026-09-02 18:45:00+00:00,1.15848,1.15867,1.15847,1.15857,476.00000
2026-09-02 19:00:00+00:00,1.15858,1.15862,1.15827,1.15827,494.00000
2026-09-02 19:15:00+00:00,1.15831,1.15864,1.15831,1.15846,462.00000
2026-09-02 19:30:00+00:00,1.15847,1.15856,1.15845,1.15853,386.00000
2026-09-02 19:45:00+00:00,1.15854,1.15877,1.15835,1.15874,764.00000
2026-09-02 20:00:00+00:00,1.15876,1.15900,1.15873,1.15889,660.00000
2026-09-02 20:15:00+00:00,1.15888,1.15900,1.15876,1.15878,332.00000
2026-09-02 20:30:00+00:00,1.15876,1.15893,1.15876,1.15891,240.00000
2026-09-02 20:45:00+00:00,1.15892,1.15894,1.15872,1.15885,436.00000
2026-09-02 21:00:00+00:00,1.15872,1.15878,1.15868,1.15878,82.00000
2026-09-02 21:15:00+00:00,1.15867,1.15881,1.15854,1.15881,54.00000
2026-09-02 21:30:00+00:00,1.15880,1.15884,1.15866,1.15879,114.00000
2026-09-02 21:45:00+00:00,1.15880,1.15881,1.15859,1.15874,125.00000
2026-09-02 22:00:00+00:00,1.15875,1.15894,1.15860,1.15868,179.00000
2026-09-02 22:15:00+00:00,1.15866,1.15869,1.15854,1.15864,219.00000
2026-09-02 22:30:00+00:00,1.15865,1.15881,1.15861,1.15869,212.00000
2026-09-02 22:45:00+00:00,1.15870,1.15879,1.15863,1.15870,246.00000
2026-09-02 23:00:00+00:00,1.15871,1.15874,1.15851,1.15854,250.00000
2026-09-02 23:15:00+00:00,1.15855,1.15863,1.15851,1.15855,196.00000
2026-09-02 23:30:00+00:00,1.15853,1.15856,1.15844,1.15852,234.00000
2026-09-02 23:45:00+00:00,1.15851,1.15855,1.15846,1.15851,256.00000
2026-09-03 00:00:00+00:00,1.15850,1.15871,1.15835,1.15854,944.00000
2026-09-03 00:15:00+00:00,1.15855,1.15900,1.15854,1.15894,812.00000
2026-09-03 00:30:00+00:00,1.15895,1.15897,1.15871,1.15874,684.00000
2026-09-03 00:45:00+00:00,1.15871,1.15910,1.15869,1.15895,932.00000
2026-09-03 01:00:00+00:00,1.15896,1.15901,1.15887,1.15895,874.00000
2026-09-03 01:15:00+00:00,1.15894,1.15916,1.15876,1.15915,782.00000
2026-09-03 01:30:00+00:00,1.15914,1.15935,1.15900,1.15902,1186.00000
2026-09-03 01:45:00+00:00,1.15901,1.15907,1.15851,1.15862,640.00000
2026-09-03 02:00:00+00:00,1.15863,1.15883,1.15853,1.15871,858.00000
2026-09-03 02:15:00+00:00,1.15873,1.15916,1.15855,1.15898,1338.00000
2026-09-03 02:30:00+00:00,1.15897,1.15950,1.15894,1.15908,1356.00000
2026-09-03 02:45:00+00:00,1.15910,1.15935,1.15895,1.15912,1016.00000
2026-09-03 03:00:00+00:00,1.15913,1.15973,1.15910,1.15957,1124.00000
2026-09-03 03:15:00+00:00,1.15956,1.15963,1.15943,1.15956,782.00000
2026-09-03 03:30:00+00:00,1.15955,1.15978,1.15945,1.15976,597.00000
2026-09-03 03:45:00+00:00,1.15974,1.15979,1.15959,1.15967,556.00000
2026-09-03 04:00:00+00:00,1.15966,1.15977,1.15951,1.15972,536.00000
2026-09-03 04:15:00+00:00,1.15971,1.15975,1.15960,1.15975,350.00000
2026-09-03 04:30:00+00:00,1.15977,1.16003,1.15971,1.15996,710.00000
2026-09-03 04:45:00+00:00,1.15995,1.15997,1.15945,1.15955,460.00000
2026-09-03 05:00:00+00:00,1.15957,1.15961,1.15936,1.15944,434.00000
2026-09-03 05:15:00+00:00,1.15946,1.15992,1.15943,1.15977,994.00000
2026-09-03 05:30:00+00:00,1.15976,1.15998,1.15972,1.15980,1010.00000
2026-09-03 05:45:00+00:00,1.15979,1.16006,1.15975,1.16001,1302.00000
2026-09-03 06:00:00+00:00,1.16000,1.16003,1.15962,1.15975,1712.00000
2026-09-03 06:15:00+00:00,1.15976,1.16006,1.15966,1.16005,1209.00000
2026-09-03 06:30:00+00:00,1.16008,1.16078,1.16007,1.16069,2079.00000
2026-09-03 06:45:00+00:00,1.16068,1.16083,1.16044,1.16045,1706.00000
2026-09-03 07:00:00+00:00,1.16043,1.16147,1.16036,1.16069,3095.00000
2026-09-03 07:15:00+00:00,1.16070,1.16103,1.16047,1.16048,1748.00000
2026-09-03 07:30:00+00:00,1.16050,1.16082,1.16015,1.16026,2382.00000
2026-09-03 07:45:00+00:00,1.16025,1.16068,1.16018,1.16040,1448.00000
2026-09-03 08:00:00+00:00,1.16041,1.16086,1.15997,1.16012,2946.00000
2026-09-03 08:15:00+00:00,1.16012,1.16047,1.15999,1.16047,1444.00000
2026-09-03 08:30:00+00:00,1.16046,1.16066,1.16022,1.16065,1118.00000
2026-09-03 08:45:00+00:00,1.16066,1.16116,1.16065,1.16091,1628.00000
2026-09-03 09:00:00+00:00,1.16092,1.16124,1.16048,1.16050,2044.00000
2026-09-03 09:15:00+00:00,1.16051,1.16066,1.16021,1.16035,1506.00000
2026-09-03 09:30:00+00:00,1.16037,1.16051,1.16014,1.16044,1394.00000
2026-09-03 09:45:00+00:00,1.16047,1.16064,1.16035,1.16058,1400.00000
2026-09-03 10:00:00+00:00,1.16059,1.16071,1.16013,1.16014,1344.00000
2026-09-03 10:15:00+00:00,1.16015,1.16030,1.16000,1.16010,1158.00000
2026-09-03 10:30:00+00:00,1.16009,1.16015,1.15979,1.15988,1102.00000
2026-09-03 10:45:00+00:00,1.15987,1.16053,1.15984,1.16039,1144.00000
2026-09-03 11:00:00+00:00,1.16040,1.16081,1.16017,1.16076,1800.00000
2026-09-03 11:15:00+00:00,1.16075,1.16143,1.16074,1.16100,1738.00000
2026-09-03 11:30:00+00:00,1.16101,1.16117,1.16051,1.16090,1068.00000
2026-09-03 11:45:00+00:00,1.16087,1.16145,1.16080,1.16126,1332.00000
2026-09-03 12:00:00+00:00,1.16130,1.16169,1.16111,1.16133,1613.00000
2026-09-03 12:15:00+00:00,1.16135,1.16146,1.16083,1.16097,1894.00000
2026-09-03 12:30:00+00:00,1.16098,1.16250,1.16098,1.16190,4524.00000
2026-09-03 12:45:00+00:00,1.16191,1.16302,1.16176,1.16258,3581.00000
2026-09-03 13:00:00+00:00,1.16261,1.16287,1.16214,1.16265,3266.00000
2026-09-03 13:15:00+00:00,1.16267,1.16278,1.16200,1.16233,2731.00000
2026-09-03 13:30:00+00:00,1.16234,1.16250,1.16187,1.16231,2710.00000
2026-09-03 13:45:00+00:00,1.16232,1.16278,1.16173,1.16272,2438.00000
2026-09-03 14:00:00+00:00,1.16271,1.16276,1.16199,1.16246,2836.00000
2026-09-03 14:15:00+00:00,1.16245,1.16255,1.16199,1.16231,2480.00000
2026-09-03 14:30:00+00:00,1.16232,1.16241,1.16140,1.16140,2720.00000
2026-09-03 14:45:00+00:00,1.16139,1.16205,1.16133,1.16182,2908.00000
2026-09-03 15:00:00+00:00,1.16183,1.16245,1.16176,1.16235,2535.00000
2026-09-03 15:15:00+00:00,1.16234,1.16247,1.16212,1.16241,2230.00000
2026-09-03 15:30:00+00:00,1.16245,1.16275,1.16185,1.16198,1852.00000
2026-09-03 15:45:00+00:00,1.16199,1.16237,1.16174,1.16229,1442.00000
2026-09-03 16:00:00+00:00,1.16228,1.16275,1.16213,1.16271,1474.00000
2026-09-03 16:15:00+00:00,1.16272,1.16357,1.16272,1.16353,1410.00000
2026-09-03 16:30:00+00:00,1.16351,1.16375,1.16336,1.16372,1401.00000
2026-09-03 16:45:00+00:00,1.16371,1.16411,1.16367,1.16368,1006.00000
2026-09-03 17:00:00+00:00,1.16369,1.16385,1.16353,1.16365,1192.00000
2026-09-03 17:15:00+00:00,1.16364,1.16381,1.16353,1.16369,844.00000
2026-09-03 17:30:00+00:00,1.16370,1.16380,1.16361,1.16366,694.00000
2026-09-03 17:45:00+00:00,1.16367,1.16371,1.16327,1.16327,596.00000
2026-09-03 18:00:00+00:00,1.16328,1.16354,1.16317,1.16345,688.00000
2026-09-03 18:15:00+00:00,1.16344,1.16365,1.16335,1.16351,744.00000
2026-09-03 18:30:00+00:00,1.16353,1.16355,1.16331,1.16332,628.00000
2026-09-03 18:45:00+00:00,1.16333,1.16348,1.16322,1.16347,670.00000
2026-09-03 19:00:00+00:00,1.16346,1.16352,1.16291,1.16291,886.00000
2026-09-03 19:15:00+00:00,1.16290,1.16297,1.16256,1.16269,972.00000
2026-09-03 19:30:00+00:00,1.16267,1.16278,1.16250,1.16272,941.00000
2026-09-03 19:45:00+00:00,1.16273,1.16307,1.16273,1.16287,890.00000
2026-09-03 20:00:00+00:00,1.16288,1.16301,1.16279,1.16279,454.00000
2026-09-03 20:15:00+00:00,1.16276,1.16278,1.16260,1.16270,354.00000
2026-09-03 20:30:00+00:00,1.16269,1.16276,1.16259,1.16267,268.00000
2026-09-03 20:45:00+00:00,1.16266,1.16275,1.16252,1.16255,286.00000
2026-09-03 21:00:00+00:00,1.16263,1.16283,1.16237,1.16283,152.00000
2026-09-03 21:15:00+00:00,1.16282,1.16289,1.16244,1.16252,158.00000
2026-09-03 21:30:00+00:00,1.16253,1.16255,1.16247,1.16251,66.00000
2026-09-03 21:45:00+00:00,1.16248,1.16267,1.16248,1.16263,142.00000
2026-09-03 22:00:00+00:00,1.16259,1.16270,1.16243,1.16264,197.00000
2026-09-03 22:15:00+00:00,1.16265,1.16267,1.16256,1.16259,120.00000
2026-09-03 22:30:00+00:00,1.16260,1.16265,1.16249,1.16253,205.00000
2026-09-03 22:45:00+00:00,1.16251,1.16253,1.16228,1.16231,324.00000
2026-09-03 23:00:00+00:00,1.16230,1.16250,1.16228,1.16239,356.00000
2026-09-03 23:15:00+00:00,1.16240,1.16255,1.16240,1.16251,144.00000
2026-09-03 23:30:00+00:00,1.16250,1.16276,1.16249,1.16263,390.00000
2026-09-03 23:45:00+00:00,1.16265,1.16285,1.16259,1.16280,288.00000
2026-09-04 00:00:00+00:00,1.16281,1.16314,1.16276,1.16286,1110.00000
2026-09-04 00:15:00+00:00,1.16287,1.16291,1.16261,1.16261,886.00000
2026-09-04 00:30:00+00:00,1.16263,1.16285,1.16252,1.16279,824.00000
2026-09-04 00:45:00+00:00,1.16280,1.16311,1.16279,1.16279,1098.00000
2026-09-04 01:00:00+00:00,1.16280,1.16297,1.16274,1.16275,962.00000
2026-09-04 01:15:00+00:00,1.16272,1.16315,1.16271,1.16293,1080.00000
2026-09-04 01:30:00+00:00,1.16292,1.16296,1.16278,1.16293,1132.00000
2026-09-04 01:45:00+00:00,1.16294,1.16301,1.16280,1.16301,744.00000
2026-09-04 02:00:00+00:00,1.16302,1.16331,1.16295,1.16300,768.00000
2026-09-04 02:15:00+00:00,1.16301,1.16304,1.16260,1.16274,548.00000
2026-09-04 02:30:00+00:00,1.16275,1.16290,1.16269,1.16280,624.00000
2026-09-04 02:45:00+00:00,1.16279,1.16298,1.16271,1.16276,602.00000
2026-09-04 03:00:00+00:00,1.16275,1.16284,1.16268,1.16282,684.00000
2026-09-04 03:15:00+00:00,1.16284,1.16286,1.16270,1.16272,396.00000
2026-09-04 03:30:00+00:00,1.16271,1.16271,1.16230,1.16232,628.00000
2026-09-04 03:45:00+00:00,1.16233,1.16245,1.16225,1.16228,824.00000
2026-09-04 04:00:00+00:00,1.16229,1.16277,1.16228,1.16256,1176.00000
2026-09-04 04:15:00+00:00,1.16255,1.16258,1.16235,1.16251,490.00000
2026-09-04 04:30:00+00:00,1.16252,1.16277,1.16246,1.16270,412.00000
2026-09-04 04:45:00+00:00,1.16271,1.16275,1.16260,1.16265,388.00000
2026-09-04 05:00:00+00:00,1.16266,1.16271,1.16248,1.16270,366.00000
2026-09-04 05:15:00+00:00,1.16269,1.16278,1.16265,1.16274,444.00000
2026-09-04 05:30:00+00:00,1.16275,1.16289,1.16264,1.16266,532.00000
2026-09-04 05:45:00+00:00,1.16267,1.16284,1.16251,1.16280,522.00000
2026-09-04 06:00:00+00:00,1.16281,1.16303,1.16275,1.16299,1038.00000
2026-09-04 06:15:00+00:00,1.16298,1.16299,1.16280,1.16292,1140.00000
2026-09-04 06:30:00+00:00,1.16291,1.16300,1.16265,1.16286,930.00000
2026-09-04 06:45:00+00:00,1.16285,1.16296,1.16271,1.16275,872.00000
2026-09-04 07:00:00+00:00,1.16276,1.16298,1.16260,1.16260,1312.00000
2026-09-04 07:15:00+00:00,1.16261,1.16286,1.16256,1.16284,954.00000
2026-09-04 07:30:00+00:00,1.16286,1.16289,1.16260,1.16283,902.00000
2026-09-04 07:45:00+00:00,1.16284,1.16286,1.16211,1.16227,1133.00000
2026-09-04 08:00:00+00:00,1.16228,1.16235,1.16187,1.16195,1100.00000
2026-09-04 08:15:00+00:00,1.16194,1.16231,1.16191,1.16230,871.00000
2026-09-04 08:30:00+00:00,1.16231,1.16238,1.16211,1.16235,910.00000
2026-09-04 08:45:00+00:00,1.16236,1.16255,1.16227,1.16252,852.00000
2026-09-04 09:00:00+00:00,1.16250,1.16250,1.16215,1.16224,990.00000
2026-09-04 09:15:00+00:00,1.16225,1.16240,1.16209,1.16218,833.00000
2026-09-04 09:30:00+00:00,1.16219,1.16225,1.16190,1.16201,1058.00000
2026-09-04 09:45:00+00:00,1.16202,1.16208,1.16162,1.16172,999.00000
2026-09-04 10:00:00+00:00,1.16170,1.16192,1.16167,1.16190,856.00000
2026-09-04 10:15:00+00:00,1.16191,1.16209,1.16175,1.16180,1038.00000
2026-09-04 10:30:00+00:00,1.16181,1.16203,1.16171,1.16201,980.00000
2026-09-04 10:45:00+00:00,1.16202,1.16232,1.16201,1.16208,820.00000
2026-09-04 11:00:00+00:00,1.16207,1.16227,1.16204,1.16219,804.00000
2026-09-04 11:15:00+00:00,1.16218,1.16237,1.16209,1.16217,698.00000
2026-09-04 11:30:00+00:00,1.16216,1.16222,1.16194,1.16216,706.00000
2026-09-04 11:45:00+00:00,1.16217,1.16239,1.16202,1.16205,996.00000
2026-09-04 12:00:00+00:00,1.16207,1.16241,1.16202,1.16218,1188.00000
2026-09-04 12:15:00+00:00,1.16219,1.16270,1.16219,1.16264,1670.00000
2026-09-04 12:30:00+00:00,1.16266,1.16268,1.15851,1.15993,6787.00000
2026-09-04 12:45:00+00:00,1.15992,1.16046,1.15904,1.16017,5512.00000
2026-09-04 13:00:00+00:00,1.16014,1.16039,1.15960,1.16006,3309.00000
2026-09-04 13:15:00+00:00,1.16005,1.16156,1.16004,1.16149,3192.00000
2026-09-04 13:30:00+00:00,1.16150,1.16182,1.16096,1.16147,3169.00000
2026-09-04 13:45:00+00:00,1.16148,1.16231,1.16088,1.16102,3098.00000
2026-09-04 14:00:00+00:00,1.16101,1.16156,1.16087,1.16134,2997.00000
2026-09-04 14:15:00+00:00,1.16135,1.16177,1.16114,1.16156,2246.00000
2026-09-04 14:30:00+00:00,1.16159,1.16217,1.16147,1.16200,2609.00000
2026-09-04 14:45:00+00:00,1.16204,1.16211,1.16134,1.16154,2542.00000
2026-09-04 15:00:00+00:00,1.16155,1.16223,1.16124,1.16221,2283.00000
2026-09-04 15:15:00+00:00,1.16218,1.16227,1.16194,1.16195,1940.00000
2026-09-04 15:30:00+00:00,1.16196,1.16227,1.16191,1.16200,1542.00000
2026-09-04 15:45:00+00:00,1.16199,1.16232,1.16176,1.16177,1418.00000
2026-09-04 16:00:00+00:00,1.16176,1.16227,1.16176,1.16219,1190.00000
2026-09-04 16:15:00+00:00,1.16218,1.16246,1.16207,1.16212,1088.00000
2026-09-04 16:30:00+00:00,1.16213,1.16235,1.16201,1.16217,716.00000
2026-09-04 16:45:00+00:00,1.16216,1.16228,1.16191,1.16206,760.00000
2026-09-04 17:00:00+00:00,1.16207,1.16207,1.16151,1.16159,1080.00000
2026-09-04 17:15:00+00:00,1.16160,1.16177,1.16133,1.16136,860.00000
2026-09-04 17:30:00+00:00,1.16135,1.16150,1.16124,1.16127,772.00000
2026-09-04 17:45:00+00:00,1.16129,1.16143,1.16119,1.16125,654.00000
2026-09-04 18:00:00+00:00,1.16127,1.16134,1.16107,1.16112,730.00000
2026-09-04 18:15:00+00:00,1.16113,1.16126,1.16102,1.16115,664.00000
2026-09-04 18:30:00+00:00,1.16116,1.16125,1.16098,1.16100,668.00000
2026-09-04 18:45:00+00:00,1.16099,1.16109,1.16086,1.16107,598.00000
2026-09-04 19:00:00+00:00,1.16106,1.16128,1.16101,1.16122,558.00000
2026-09-04 19:15:00+00:00,1.16123,1.16147,1.16122,1.16147,518.00000
2026-09-04 19:30:00+00:00,1.16146,1.16158,1.16132,1.16157,562.00000
2026-09-04 19:45:00+00:00,1.16156,1.16157,1.16136,1.16147,684.00000
2026-09-04 20:00:00+00:00,1.16146,1.16154,1.16123,1.16126,404.00000
2026-09-04 20:15:00+00:00,1.16127,1.16138,1.16121,1.16132,244.00000
2026-09-04 20:30:00+00:00,1.16133,1.16134,1.16121,1.16124,200.00000
2026-09-04 20:45:00+00:00,1.16125,1.16143,1.16117,1.16137,578.00000
2026-09-06 21:00:00+00:00,1.16128,1.16130,1.16104,1.16123,21.00000
2026-09-06 21:15:00+00:00,1.16125,1.16125,1.16096,1.16104,39.00000
2026-09-06 21:30:00+00:00,1.16106,1.16106,1.16072,1.16073,75.00000
2026-09-06 21:45:00+00:00,1.16098,1.16098,1.16071,1.16075,199.00000
2026-09-06 22:00:00+00:00,1.16100,1.16128,1.16088,1.16127,242.00000
2026-09-06 22:15:00+00:00,1.16126,1.16132,1.16124,1.16129,84.00000
2026-09-06 22:30:00+00:00,1.16126,1.16129,1.16123,1.16126,78.00000
2026-09-06 22:45:00+00:00,1.16125,1.16137,1.16125,1.16130,77.00000
2026-09-06 23:00:00+00:00,1.16131,1.16156,1.16130,1.16154,192.00000
2026-09-06 23:15:00+00:00,1.16153,1.16154,1.16147,1.16147,108.00000
2026-09-06 23:30:00+00:00,1.16146,1.16161,1.16142,1.16156,224.00000
2026-09-06 23:45:00+00:00,1.16157,1.16158,1.16131,1.16132,304.00000
2026-09-07 00:00:00+00:00,1.16133,1.16153,1.16127,1.16146,896.00000
2026-09-07 00:15:00+00:00,1.16145,1.16188,1.16144,1.16181,796.00000
2026-09-07 00:30:00+00:00,1.16182,1.16200,1.16177,1.16192,636.00000
2026-09-07 00:45:00+00:00,1.16193,1.16202,1.16172,1.16184,630.00000
2026-09-07 01:00:00+00:00,1.16185,1.16186,1.16155,1.16172,1080.00000
2026-09-07 01:15:00+00:00,1.16175,1.16176,1.16131,1.16164,814.00000
2026-09-07 01:30:00+00:00,1.16163,1.16165,1.16131,1.16142,620.00000
2026-09-07 01:45:00+00:00,1.16141,1.16165,1.16131,1.16135,628.00000
2026-09-07 02:00:00+00:00,1.16136,1.16137,1.16095,1.16096,558.00000
2026-09-07 02:15:00+00:00,1.16095,1.16111,1.16089,1.16110,386.00000
2026-09-07 02:30:00+00:00,1.16111,1.16120,1.16088,1.16090,406.00000
2026-09-07 02:45:00+00:00,1.16089,1.16099,1.16074,1.16092,474.00000
2026-09-07 03:00:00+00:00,1.16093,1.16101,1.16084,1.16094,330.00000
2026-09-07 03:15:00+00:00,1.16093,1.16122,1.16091,1.16120,358.00000
2026-09-07 03:30:00+00:00,1.16121,1.16122,1.16089,1.16096,380.00000
2026-09-07 03:45:00+00:00,1.16097,1.16117,1.16091,1.16117,378.00000
2026-09-07 04:00:00+00:00,1.16116,1.16119,1.16101,1.16107,370.00000
2026-09-07 04:15:00+00:00,1.16106,1.16111,1.16100,1.16102,240.00000
2026-09-07 04:30:00+00:00,1.16101,1.16106,1.16084,1.16095,444.00000
2026-09-07 04:45:00+00:00,1.16093,1.16121,1.16092,1.16114,398.00000
2026-09-07 05:00:00+00:00,1.16115,1.16118,1.16100,1.16103,380.00000
2026-09-07 05:15:00+00:00,1.16104,1.16111,1.16090,1.16104,338.00000
2026-09-07 05:30:00+00:00,1.16105,1.16115,1.16094,1.16105,472.00000
2026-09-07 05:45:00+00:00,1.16106,1.16145,1.16104,1.16144,650.00000
2026-09-07 06:00:00+00:00,1.16145,1.16145,1.16104,1.16114,950.00000
2026-09-07 06:15:00+00:00,1.16113,1.16168,1.16108,1.16160,848.00000
2026-09-07 06:30:00+00:00,1.16161,1.16194,1.16159,1.16169,924.00000
2026-09-07 06:45:00+00:00,1.16170,1.16178,1.16138,1.16146,738.00000
2026-09-07 07:00:00+00:00,1.16148,1.16155,1.16114,1.16135,1200.00000
2026-09-07 07:15:00+00:00,1.16136,1.16177,1.16130,1.16173,1094.00000
2026-09-07 07:30:00+00:00,1.16172,1.16197,1.16143,1.16166,1058.00000
2026-09-07 07:45:00+00:00,1.16165,1.16240,1.16150,1.16236,1454.00000
2026-09-07 08:00:00+00:00,1.16235,1.16316,1.16218,1.16316,2492.00000
2026-09-07 08:15:00+00:00,1.16317,1.16359,1.16287,1.16324,2386.00000
2026-09-07 08:30:00+00:00,1.16323,1.16343,1.16249,1.16255,1763.00000
2026-09-07 08:45:00+00:00,1.16256,1.16262,1.16210,1.16211,1127.00000
2026-09-07 09:00:00+00:00,1.16212,1.16234,1.16203,1.16222,1038.00000
2026-09-07 09:15:00+00:00,1.16221,1.16251,1.16210,1.16241,1064.00000
2026-09-07 09:30:00+00:00,1.16243,1.16260,1.16208,1.16221,766.00000
2026-09-07 09:45:00+00:00,1.16222,1.16231,1.16195,1.16204,634.00000
2026-09-07 10:00:00+00:00,1.16203,1.16235,1.16198,1.16226,887.00000
2026-09-07 10:15:00+00:00,1.16225,1.16252,1.16220,1.16237,720.00000
2026-09-07 10:30:00+00:00,1.16238,1.16252,1.16228,1.16251,460.00000
2026-09-07 10:45:00+00:00,1.16252,1.16268,1.16234,1.16245,852.00000
2026-09-07 11:00:00+00:00,1.16243,1.16256,1.16220,1.16234,800.00000
2026-09-07 11:15:00+00:00,1.16233,1.16246,1.16224,1.16239,724.00000
2026-09-07 11:30:00+00:00,1.16240,1.16250,1.16222,1.16235,650.00000
2026-09-07 11:45:00+00:00,1.16234,1.16254,1.16219,1.16231,794.00000
2026-09-07 12:00:00+00:00,1.16232,1.16248,1.16219,1.16221,744.00000
2026-09-07 12:15:00+00:00,1.16220,1.16272,1.16207,1.16271,1161.00000
2026-09-07 12:30:00+00:00,1.16270,1.16283,1.16261,1.16278,932.00000
2026-09-07 12:45:00+00:00,1.16277,1.16284,1.16247,1.16250,894.00000
2026-09-07 13:00:00+00:00,1.16249,1.16265,1.16240,1.16265,766.00000
2026-09-07 13:15:00+00:00,1.16264,1.16266,1.16240,1.16250,841.00000
2026-09-07 13:30:00+00:00,1.16247,1.16266,1.16240,1.16262,799.00000
2026-09-07 13:45:00+00:00,1.16264,1.16295,1.16264,1.16289,953.00000
2026-09-07 14:00:00+00:00,1.16287,1.16321,1.16282,1.16311,862.00000
2026-09-07 14:15:00+00:00,1.16312,1.16329,1.16295,1.16304,1073.00000
2026-09-07 14:30:00+00:00,1.16305,1.16307,1.16293,1.16299,606.00000
2026-09-07 14:45:00+00:00,1.16298,1.16327,1.16271,1.16311,892.00000
2026-09-07 15:00:00+00:00,1.16312,1.16320,1.16260,1.16275,978.00000
2026-09-07 15:15:00+00:00,1.16274,1.16307,1.16267,1.16303,430.00000
2026-09-07 15:30:00+00:00,1.16304,1.16312,1.16285,1.16293,398.00000
2026-09-07 15:45:00+00:00,1.16294,1.16294,1.16264,1.16278,300.00000
2026-09-07 16:00:00+00:00,1.16276,1.16278,1.16260,1.16270,280.00000
2026-09-07 16:15:00+00:00,1.16271,1.16279,1.16264,1.16279,190.00000
2026-09-07 16:30:00+00:00,1.16278,1.16297,1.16275,1.16296,290.00000
2026-09-07 16:45:00+00:00,1.16297,1.16299,1.16281,1.16287,224.00000
2026-09-07 17:00:00+00:00,1.16286,1.16286,1.16260,1.16266,212.00000
2026-09-07 17:15:00+00:00,1.16265,1.16267,1.16248,1.16253,211.00000
2026-09-07 17:30:00+00:00,1.16254,1.16256,1.16238,1.16254,140.00000
2026-09-07 17:45:00+00:00,1.16255,1.16256,1.16244,1.16256,164.00000
2026-09-07 18:00:00+00:00,1.16255,1.16258,1.16237,1.16247,104.00000
2026-09-07 18:15:00+00:00,1.16248,1.16250,1.16233,1.16237,122.00000
2026-09-07 18:30:00+00:00,1.16238,1.16242,1.16235,1.16240,106.00000
2026-09-07 18:45:00+00:00,1.16239,1.16239,1.16229,1.16236,50.00000
2026-09-07 19:00:00+00:00,1.16232,1.16232,1.16228,1.16230,24.00000
2026-09-07 19:15:00+00:00,1.16231,1.16231,1.16225,1.16226,88.00000
2026-09-07 19:30:00+00:00,1.16225,1.16225,1.16211,1.16213,198.00000
2026-09-07 19:45:00+00:00,1.16212,1.16222,1.16211,1.16222,117.00000
2026-09-07 20:00:00+00:00,1.16219,1.16221,1.16213,1.16220,154.00000
2026-09-07 20:15:00+00:00,1.16221,1.16226,1.16221,1.16222,74.00000
2026-09-07 20:30:00+00:00,1.16221,1.16227,1.16220,1.16224,98.00000
2026-09-07 20:45:00+00:00,1.16225,1.16231,1.16218,1.16231,131.00000
2026-09-07 21:00:00+00:00,1.16226,1.16227,1.16217,1.16219,63.00000
2026-09-07 21:15:00+00:00,1.16218,1.16234,1.16218,1.16230,79.00000
2026-09-07 21:30:00+00:00,1.16228,1.16233,1.16222,1.16230,41.00000
2026-09-07 21:45:00+00:00,1.16227,1.16236,1.16227,1.16230,75.00000
2026-09-07 22:00:00+00:00,1.16240,1.16249,1.16235,1.16243,146.00000
2026-09-07 22:15:00+00:00,1.16241,1.16261,1.16241,1.16260,216.00000
2026-09-07 22:30:00+00:00,1.16259,1.16260,1.16246,1.16250,278.00000
2026-09-07 22:45:00+00:00,1.16248,1.16260,1.16244,1.16255,194.00000
2026-09-07 23:00:00+00:00,1.16256,1.16279,1.16254,1.16278,418.00000
2026-09-07 23:15:00+00:00,1.16276,1.16301,1.16270,1.16283,737.00000
2026-09-07 23:30:00+00:00,1.16286,1.16294,1.16270,1.16294,606.00000
2026-09-07 23:45:00+00:00,1.16295,1.16295,1.16264,1.16278,400.00000
2026-09-08 00:00:00+00:00,1.16281,1.16314,1.16247,1.16251,1598.00000
2026-09-08 00:15:00+00:00,1.16250,1.16278,1.16241,1.16275,1136.00000
2026-09-08 00:30:00+00:00,1.16274,1.16292,1.16262,1.16262,708.00000
2026-09-08 00:45:00+00:00,1.16263,1.16276,1.16257,1.16266,700.00000
2026-09-08 01:00:00+00:00,1.16268,1.16281,1.16258,1.16278,922.00000
2026-09-08 01:15:00+00:00,1.16279,1.16330,1.16276,1.16319,802.00000
2026-09-08 01:30:00+00:00,1.16318,1.16327,1.16296,1.16312,926.00000
2026-09-08 01:45:00+00:00,1.16314,1.16334,1.16303,1.16334,580.00000
2026-09-08 02:00:00+00:00,1.16335,1.16346,1.16297,1.16314,1074.00000
2026-09-08 02:15:00+00:00,1.16315,1.16334,1.16276,1.16287,1144.00000
2026-09-08 02:30:00+00:00,1.16288,1.16289,1.16238,1.16259,890.00000
2026-09-08 02:45:00+00:00,1.16255,1.16261,1.16237,1.16239,610.00000
2026-09-08 03:00:00+00:00,1.16236,1.16256,1.16230,1.16244,508.00000
2026-09-08 03:15:00+00:00,1.16243,1.16263,1.16240,1.16256,440.00000
2026-09-08 03:30:00+00:00,1.16255,1.16262,1.16241,1.16260,502.00000
2026-09-08 03:45:00+00:00,1.16258,1.16273,1.16237,1.16245,560.00000
2026-09-08 04:00:00+00:00,1.16249,1.16258,1.16238,1.16241,660.00000
2026-09-08 04:15:00+00:00,1.16240,1.16251,1.16224,1.16232,454.00000
2026-09-08 04:30:00+00:00,1.16233,1.16248,1.16231,1.16248,544.00000
2026-09-08 04:45:00+00:00,1.16247,1.16252,1.16231,1.16250,422.00000
2026-09-08 05:00:00+00:00,1.16251,1.16261,1.16246,1.16254,408.00000
2026-09-08 05:15:00+00:00,1.16255,1.16264,1.16236,1.16238,618.00000
2026-09-08 05:30:00+00:00,1.16239,1.16270,1.16234,1.16270,866.00000
2026-09-08 05:45:00+00:00,1.16269,1.16310,1.16267,1.16307,711.00000
2026-09-08 06:00:00+00:00,1.16310,1.16358,1.16288,1.16301,1320.00000
2026-09-08 06:15:00+00:00,1.16300,1.16304,1.16233,1.16246,1360.00000
2026-09-08 06:30:00+00:00,1.16247,1.16259,1.16212,1.16251,956.00000
2026-09-08 06:45:00+00:00,1.16250,1.16252,1.16208,1.16208,909.00000
2026-09-08 07:00:00+00:00,1.16209,1.16233,1.16177,1.16190,1460.00000
2026-09-08 07:15:00+00:00,1.16186,1.16192,1.16130,1.16148,1297.00000
2026-09-08 07:30:00+00:00,1.16147,1.16166,1.16099,1.16125,1161.00000
2026-09-08 07:45:00+00:00,1.16126,1.16138,1.16099,1.16129,1102.00000
2026-09-08 08:00:00+00:00,1.16128,1.16164,1.16100,1.16102,1829.00000
2026-09-08 08:15:00+00:00,1.16101,1.16152,1.16085,1.16135,1323.00000
2026-09-08 08:30:00+00:00,1.16136,1.16159,1.16116,1.16116,1102.00000
2026-09-08 08:45:00+00:00,1.16115,1.16143,1.16097,1.16105,1468.00000
2026-09-08 09:00:00+00:00,1.16106,1.16150,1.16091,1.16116,1276.00000
2026-09-08 09:15:00+00:00,1.16115,1.16130,1.16103,1.16117,958.00000
2026-09-08 09:30:00+00:00,1.16116,1.16164,1.16108,1.16140,1650.00000
2026-09-08 09:45:00+00:00,1.16141,1.16150,1.16119,1.16141,1056.00000
2026-09-08 10:00:00+00:00,1.16142,1.16142,1.16114,1.16135,858.00000
2026-09-08 10:15:00+00:00,1.16134,1.16167,1.16106,1.16117,1206.00000
2026-09-08 10:30:00+00:00,1.16115,1.16117,1.16089,1.16094,752.00000
2026-09-08 10:45:00+00:00,1.16095,1.16147,1.16093,1.16125,905.00000
2026-09-08 11:00:00+00:00,1.16126,1.16142,1.16091,1.16108,1376.00000
2026-09-08 11:15:00+00:00,1.16111,1.16161,1.16104,1.16154,1251.00000
2026-09-08 11:30:00+00:00,1.16155,1.16190,1.16122,1.16130,1122.00000
2026-09-08 11:45:00+00:00,1.16131,1.16142,1.16074,1.16134,1240.00000
2026-09-08 12:00:00+00:00,1.16135,1.16150,1.16120,1.16129,1278.00000
2026-09-08 12:15:00+00:00,1.16128,1.16170,1.16107,1.16165,1418.00000
2026-09-08 12:30:00+00:00,1.16166,1.16191,1.16149,1.16158,1830.00000
2026-09-08 12:45:00+00:00,1.16157,1.16203,1.16149,1.16203,1582.00000
2026-09-08 13:00:00+00:00,1.16204,1.16250,1.16199,1.16239,1632.00000
2026-09-08 13:15:00+00:00,1.16235,1.16275,1.16220,1.16224,1297.00000
2026-09-08 13:30:00+00:00,1.16228,1.16243,1.16189,1.16213,1769.00000
2026-09-08 13:45:00+00:00,1.16212,1.16235,1.16198,1.16221,1521.00000
2026-09-08 14:00:00+00:00,1.16222,1.16251,1.16190,1.16199,1814.00000
2026-09-08 14:15:00+00:00,1.16200,1.16274,1.16190,1.16259,1379.00000
2026-09-08 14:30:00+00:00,1.16260,1.16309,1.16259,1.16304,1165.00000
2026-09-08 14:45:00+00:00,1.16305,1.16311,1.16263,1.16310,1596.00000
2026-09-08 15:00:00+00:00,1.16311,1.16339,1.16292,1.16313,1354.00000
2026-09-08 15:15:00+00:00,1.16312,1.16330,1.16288,1.16295,1326.00000
2026-09-08 15:30:00+00:00,1.16296,1.16311,1.16269,1.16276,974.00000
2026-09-08 15:45:00+00:00,1.16277,1.16282,1.16263,1.16263,909.00000
2026-09-08 16:00:00+00:00,1.16264,1.16266,1.16224,1.16224,754.00000
2026-09-08 16:15:00+00:00,1.16225,1.16238,1.16208,1.16236,905.00000
2026-09-08 16:30:00+00:00,1.16235,1.16241,1.16209,1.16214,720.00000
2026-09-08 16:45:00+00:00,1.16215,1.16241,1.16206,1.16235,950.00000
2026-09-08 17:00:00+00:00,1.16236,1.16274,1.16235,1.16264,810.00000
2026-09-08 17:15:00+00:00,1.16262,1.16270,1.16251,1.16262,474.00000
2026-09-08 17:30:00+00:00,1.16264,1.16264,1.16238,1.16244,384.00000
2026-09-08 17:45:00+00:00,1.16243,1.16265,1.16243,1.16261,376.00000
2026-09-08 18:00:00+00:00,1.16260,1.16269,1.16254,1.16256,558.00000
2026-09-08 18:15:00+00:00,1.16257,1.16278,1.16244,1.16277,728.00000
2026-09-08 18:30:00+00:00,1.16278,1.16306,1.16272,1.16306,634.00000
2026-09-08 18:45:00+00:00,1.16305,1.16306,1.16220,1.16289,2173.00000
2026-09-08 19:00:00+00:00,1.16288,1.16305,1.16248,1.16261,936.00000
2026-09-08 19:15:00+00:00,1.16262,1.16271,1.16253,1.16256,640.00000
2026-09-08 19:30:00+00:00,1.16257,1.16273,1.16248,1.16270,526.00000
2026-09-08 19:45:00+00:00,1.16267,1.16268,1.16224,1.16232,874.00000
2026-09-08 20:00:00+00:00,1.16233,1.16253,1.16226,1.16236,408.00000
2026-09-08 20:15:00+00:00,1.16237,1.16245,1.16219,1.16226,246.00000
2026-09-08 20:30:00+00:00,1.16225,1.16236,1.16219,1.16229,213.00000
2026-09-08 20:45:00+00:00,1.16228,1.16237,1.16222,1.16228,293.00000
2026-09-08 21:00:00+00:00,1.16248,1.16253,1.16219,1.16253,39.00000
2026-09-08 21:15:00+00:00,1.16212,1.16257,1.16212,1.16257,31.00000
2026-09-08 21:30:00+00:00,1.16256,1.16258,1.16229,1.16251,70.00000
2026-09-08 21:45:00+00:00,1.16250,1.16272,1.16246,1.16268,166.00000
2026-09-08 22:00:00+00:00,1.16260,1.16267,1.16229,1.16264,303.00000
2026-09-08 22:15:00+00:00,1.16263,1.16273,1.16262,1.16273,146.00000
2026-09-08 22:30:00+00:00,1.16275,1.16275,1.16254,1.16257,200.00000
2026-09-08 22:45:00+00:00,1.16256,1.16262,1.16248,1.16259,146.00000
2026-09-08 23:00:00+00:00,1.16258,1.16264,1.16252,1.16260,160.00000
2026-09-08 23:15:00+00:00,1.16261,1.16270,1.16257,1.16270,212.00000
2026-09-08 23:30:00+00:00,1.16269,1.16286,1.16257,1.16284,254.00000
2026-09-08 23:45:00+00:00,1.16283,1.16289,1.16267,1.16279,374.00000
2026-09-09 00:00:00+00:00,1.16280,1.16316,1.16279,1.16305,776.00000
2026-09-09 00:15:00+00:00,1.16306,1.16318,1.16300,1.16315,740.00000
2026-09-09 00:30:00+00:00,1.16316,1.16316,1.16296,1.16307,698.00000
2026-09-09 00:45:00+00:00,1.16306,1.16324,1.16299,1.16324,586.00000
2026-09-09 01:00:00+00:00,1.16323,1.16324,1.16288,1.16314,830.00000
2026-09-09 01:15:00+00:00,1.16313,1.16324,1.16277,1.16288,682.00000
2026-09-09 01:30:00+00:00,1.16287,1.16298,1.16276,1.16288,584.00000
2026-09-09 01:45:00+00:00,1.16289,1.16315,1.16289,1.16312,560.00000
2026-09-09 02:00:00+00:00,1.16311,1.16311,1.16287,1.16301,496.00000
2026-09-09 02:15:00+00:00,1.16300,1.16304,1.16280,1.16283,562.00000
2026-09-09 02:30:00+00:00,1.16286,1.16297,1.16282,1.16289,420.00000
2026-09-09 02:45:00+00:00,1.16290,1.16318,1.16289,1.16310,484.00000
2026-09-09 03:00:00+00:00,1.16311,1.16318,1.16301,1.16308,544.00000
2026-09-09 03:15:00+00:00,1.16307,1.16309,1.16298,1.16300,336.00000
2026-09-09 03:30:00+00:00,1.16299,1.16314,1.16291,1.16312,448.00000
2026-09-09 03:45:00+00:00,1.16313,1.16321,1.16297,1.16301,394.00000
2026-09-09 04:00:00+00:00,1.16300,1.16314,1.16297,1.16308,384.00000
2026-09-09 04:15:00+00:00,1.16310,1.16334,1.16301,1.16327,396.00000
2026-09-09 04:30:00+00:00,1.16329,1.16332,1.16311,1.16314,386.00000
2026-09-09 04:45:00+00:00,1.16313,1.16329,1.16309,1.16329,346.00000
2026-09-09 05:00:00+00:00,1.16330,1.16350,1.16319,1.16340,430.00000
2026-09-09 05:15:00+00:00,1.16341,1.16368,1.16320,1.16359,569.00000
2026-09-09 05:30:00+00:00,1.16358,1.16365,1.16333,1.16334,718.00000
2026-09-09 05:45:00+00:00,1.16333,1.16351,1.16321,1.16345,522.00000
2026-09-09 06:00:00+00:00,1.16343,1.16408,1.16343,1.16406,1044.00000
2026-09-09 06:15:00+00:00,1.16405,1.16449,1.16402,1.16403,1360.00000
2026-09-09 06:30:00+00:00,1.16404,1.16423,1.16373,1.16377,920.00000
2026-09-09 06:45:00+00:00,1.16378,1.16398,1.16371,1.16383,696.00000
2026-09-09 07:00:00+00:00,1.16384,1.16453,1.16384,1.16443,1432.00000
2026-09-09 07:15:00+00:00,1.16446,1.16456,1.16377,1.16393,1380.00000
2026-09-09 07:30:00+00:00,1.16398,1.16448,1.16373,1.16448,1176.00000
2026-09-09 07:45:00+00:00,1.16449,1.16494,1.16419,1.16427,1156.00000
2026-09-09 08:00:00+00:00,1.16428,1.16432,1.16360,1.16388,1630.00000
2026-09-09 08:15:00+00:00,1.16389,1.16396,1.16359,1.16367,1086.00000
2026-09-09 08:30:00+00:00,1.16368,1.16373,1.16339,1.16347,1184.00000
2026-09-09 08:45:00+00:00,1.16348,1.16369,1.16325,1.16328,956.00000
2026-09-09 09:00:00+00:00,1.16327,1.16341,1.16304,1.16312,1052.00000
2026-09-09 09:15:00+00:00,1.16311,1.16347,1.16311,1.16331,1230.00000
2026-09-09 09:30:00+00:00,1.16330,1.16342,1.16299,1.16301,1133.00000
2026-09-09 09:45:00+00:00,1.16300,1.16303,1.16222,1.16237,1380.00000
2026-09-09 10:00:00+00:00,1.16236,1.16283,1.16219,1.16250,1532.00000
2026-09-09 10:15:00+00:00,1.16251,1.16274,1.16236,1.16265,1014.00000
2026-09-09 10:30:00+00:00,1.16264,1.16316,1.16262,1.16278,1066.00000
2026-09-09 10:45:00+00:00,1.16277,1.16335,1.16276,1.16304,916.00000
2026-09-09 11:00:00+00:00,1.16303,1.16334,1.16302,1.16330,1066.00000
2026-09-09 11:15:00+00:00,1.16331,1.16478,1.16321,1.16478,1300.00000
2026-09-09 11:30:00+00:00,1.16477,1.16479,1.16412,1.16438,1746.00000
2026-09-09 11:45:00+00:00,1.16439,1.16488,1.16429,1.16457,2082.00000
2026-09-09 12:00:00+00:00,1.16461,1.16542,1.16461,1.16524,1908.00000
2026-09-09 12:15:00+00:00,1.16523,1.16525,1.16457,1.16467,1638.00000
2026-09-09 12:30:00+00:00,1.16469,1.16489,1.16451,1.16464,1517.00000
2026-09-09 12:45:00+00:00,1.16466,1.16480,1.16426,1.16463,1310.00000
2026-09-09 13:00:00+00:00,1.16465,1.16488,1.16459,1.16481,1402.00000
2026-09-09 13:15:00+00:00,1.16480,1.16480,1.16447,1.16476,1369.00000
2026-09-09 13:30:00+00:00,1.16471,1.16495,1.16444,1.16486,1658.00000
2026-09-09 13:45:00+00:00,1.16487,1.16499,1.16456,1.16474,1603.00000
2026-09-09 14:00:00+00:00,1.16475,1.16526,1.16465,1.16524,1882.00000
2026-09-09 14:15:00+00:00,1.16525,1.16529,1.16450,1.16470,2217.00000
2026-09-09 14:30:00+00:00,1.16471,1.16472,1.16444,1.16454,1308.00000
2026-09-09 14:45:00+00:00,1.16455,1.16485,1.16446,1.16481,1554.00000
2026-09-09 15:00:00+00:00,1.16483,1.16515,1.16231,1.16235,4459.00000
2026-09-09 15:15:00+00:00,1.16234,1.16255,1.16202,1.16251,2927.00000
2026-09-09 15:30:00+00:00,1.16252,1.16348,1.16235,1.16313,2104.00000
2026-09-09 15:45:00+00:00,1.16315,1.16329,1.16251,1.16271,1920.00000
2026-09-09 16:00:00+00:00,1.16272,1.16338,1.16271,1.16300,1974.00000
2026-09-09 16:15:00+00:00,1.16301,1.16302,1.16269,1.16294,1458.00000
2026-09-09 16:30:00+00:00,1.16293,1.16359,1.16287,1.16350,1276.00000
2026-09-09 16:45:00+00:00,1.16349,1.16397,1.16348,1.16358,994.00000
2026-09-09 17:00:00+00:00,1.16359,1.16412,1.16350,1.16382,1644.00000
2026-09-09 17:15:00+00:00,1.16381,1.16408,1.16375,1.16405,1088.00000
2026-09-09 17:30:00+00:00,1.16404,1.16404,1.16363,1.16384,898.00000
2026-09-09 17:45:00+00:00,1.16387,1.16389,1.16376,1.16382,398.00000
2026-09-09 18:00:00+00:00,1.16383,1.16396,1.16373,1.16381,762.00000
2026-09-09 18:15:00+00:00,1.16382,1.16382,1.16350,1.16358,544.00000
2026-09-09 18:30:00+00:00,1.16359,1.16359,1.16308,1.16308,750.00000
2026-09-09 18:45:00+00:00,1.16309,1.16310,1.16280,1.16293,796.00000
2026-09-09 19:00:00+00:00,1.16294,1.16300,1.16257,1.16267,827.00000
2026-09-09 19:15:00+00:00,1.16268,1.16296,1.16263,1.16275,714.00000
2026-09-09 19:30:00+00:00,1.16274,1.16299,1.16270,1.16297,662.00000
2026-09-09 19:45:00+00:00,1.16298,1.16316,1.16298,1.16312,722.00000
2026-09-09 20:00:00+00:00,1.16311,1.16312,1.16283,1.16291,376.00000
2026-09-09 20:15:00+00:00,1.16292,1.16295,1.16278,1.16294,208.00000
2026-09-09 20:30:00+00:00,1.16296,1.16318,1.16296,1.16313,260.00000
2026-09-09 20:45:00+00:00,1.16314,1.16338,1.16305,1.16329,462.00000
2026-09-09 21:00:00+00:00,1.16311,1.16369,1.16308,1.16369,68.00000
2026-09-09 21:15:00+00:00,1.16368,1.16373,1.16349,1.16365,58.00000
2026-09-09 21:30:00+00:00,1.16366,1.16367,1.16356,1.16363,52.00000
2026-09-09 21:45:00+00:00,1.16355,1.16363,1.16349,1.16350,200.00000
2026-09-09 22:00:00+00:00,1.16349,1.16371,1.16331,1.16355,231.00000
2026-09-09 22:15:00+00:00,1.16356,1.16384,1.16356,1.16378,272.00000
2026-09-09 22:30:00+00:00,1.16379,1.16382,1.16362,1.16375,252.00000
2026-09-09 22:45:00+00:00,1.16373,1.16379,1.16366,1.16376,169.00000
2026-09-09 23:00:00+00:00,1.16377,1.16381,1.16368,1.16378,228.00000
2026-09-09 23:15:00+00:00,1.16377,1.16379,1.16365,1.16369,166.00000
2026-09-09 23:30:00+00:00,1.16370,1.16374,1.16350,1.16361,322.00000
2026-09-09 23:45:00+00:00,1.16362,1.16363,1.16328,1.16339,364.00000
2026-09-10 00:00:00+00:00,1.16338,1.16344,1.16311,1.16336,1054.00000
2026-09-10 00:15:00+00:00,1.16335,1.16345,1.16306,1.16307,910.00000
2026-09-10 00:30:00+00:00,1.16308,1.16323,1.16295,1.16321,660.00000
2026-09-10 00:45:00+00:00,1.16320,1.16340,1.16309,1.16312,1024.00000
2026-09-10 01:00:00+00:00,1.16313,1.16356,1.16308,1.16352,1096.00000
2026-09-10 01:15:00+00:00,1.16351,1.16364,1.16322,1.16324,884.00000
2026-09-10 01:30:00+00:00,1.16325,1.16344,1.16320,1.16339,831.00000
2026-09-10 01:45:00+00:00,1.16340,1.16401,1.16336,1.16397,1136.00000
2026-09-10 02:00:00+00:00,1.16396,1.16411,1.16377,1.16383,954.00000
2026-09-10 02:15:00+00:00,1.16384,1.16385,1.16360,1.16364,592.00000
2026-09-10 02:30:00+00:00,1.16365,1.16379,1.16341,1.16363,706.00000
2026-09-10 02:45:00+00:00,1.16362,1.16399,1.16358,1.16399,578.00000
2026-09-10 03:00:00+00:00,1.16400,1.16402,1.16366,1.16367,554.00000
2026-09-10 03:15:00+00:00,1.16368,1.16377,1.16362,1.16374,486.00000
2026-09-10 03:30:00+00:00,1.16373,1.16380,1.16363,1.16369,430.00000
2026-09-10 03:45:00+00:00,1.16371,1.16389,1.16369,1.16388,408.00000
2026-09-10 04:00:00+00:00,1.16389,1.16404,1.16377,1.16393,504.00000
2026-09-10 04:15:00+00:00,1.16394,1.16399,1.16377,1.16378,386.00000
2026-09-10 04:30:00+00:00,1.16380,1.16391,1.16378,1.16380,476.00000
2026-09-10 04:45:00+00:00,1.16379,1.16384,1.16363,1.16368,344.00000
2026-09-10 05:00:00+00:00,1.16369,1.16383,1.16369,1.16383,434.00000
2026-09-10 05:15:00+00:00,1.16384,1.16390,1.16379,1.16388,534.00000
2026-09-10 05:30:00+00:00,1.16389,1.16402,1.16373,1.16375,972.00000
2026-09-10 05:45:00+00:00,1.16374,1.16406,1.16374,1.16402,909.00000
2026-09-10 06:00:00+00:00,1.16401,1.16401,1.16377,1.16382,586.00000
2026-09-10 06:15:00+00:00,1.16383,1.16399,1.16376,1.16396,944.00000
2026-09-10 06:30:00+00:00,1.16397,1.16400,1.16377,1.16381,746.00000
2026-09-10 06:45:00+00:00,1.16382,1.16403,1.16366,1.16398,884.00000
2026-09-10 07:00:00+00:00,1.16399,1.16399,1.16356,1.16379,1128.00000
2026-09-10 07:15:00+00:00,1.16377,1.16396,1.16372,1.16390,872.00000
2026-09-10 07:30:00+00:00,1.16391,1.16418,1.16387,1.16408,982.00000
2026-09-10 07:45:00+00:00,1.16409,1.16413,1.16387,1.16399,962.00000
2026-09-10 08:00:00+00:00,1.16398,1.16400,1.16355,1.16358,984.00000
2026-09-10 08:15:00+00:00,1.16357,1.16388,1.16355,1.16386,1064.00000
2026-09-10 08:30:00+00:00,1.16387,1.16396,1.16356,1.16365,1100.00000
2026-09-10 08:45:00+00:00,1.16366,1.16384,1.16343,1.16379,1135.00000
2026-09-10 09:00:00+00:00,1.16378,1.16403,1.16370,1.16402,1054.00000
2026-09-10 09:15:00+00:00,1.16403,1.16403,1.16350,1.16369,886.00000
2026-09-10 09:30:00+00:00,1.16370,1.16370,1.16313,1.16331,1056.00000
2026-09-10 09:45:00+00:00,1.16334,1.16350,1.16313,1.16347,1056.00000
2026-09-10 10:00:00+00:00,1.16346,1.16380,1.16336,1.16353,962.00000
2026-09-10 10:15:00+00:00,1.16351,1.16362,1.16306,1.16306,776.00000
2026-09-10 10:30:00+00:00,1.16307,1.16309,1.16232,1.16239,1613.00000
2026-09-10 10:45:00+00:00,1.16238,1.16298,1.16234,1.16277,1592.00000
2026-09-10 11:00:00+00:00,1.16275,1.16285,1.16229,1.16244,1121.00000
2026-09-10 11:15:00+00:00,1.16245,1.16256,1.16217,1.16232,1236.00000
2026-09-10 11:30:00+00:00,1.16233,1.16263,1.16223,1.16262,994.00000
2026-09-10 11:45:00+00:00,1.16263,1.16269,1.16150,1.16170,1506.00000
2026-09-10 12:00:00+00:00,1.16171,1.16194,1.16140,1.16153,2044.00000
2026-09-10 12:15:00+00:00,1.16155,1.16249,1.16103,1.16221,2506.00000
2026-09-10 12:30:00+00:00,1.16224,1.16276,1.15922,1.16013,4642.00000
2026-09-10 12:45:00+00:00,1.16010,1.16098,1.16000,1.16047,4105.00000
2026-09-10 13:00:00+00:00,1.16046,1.16075,1.16001,1.16004,3918.00000
2026-09-10 13:15:00+00:00,1.16003,1.16049,1.15976,1.16027,2858.00000
2026-09-10 13:30:00+00:00,1.16026,1.16179,1.16018,1.16159,3612.00000
2026-09-10 13:45:00+00:00,1.16160,1.16190,1.16104,1.16113,2362.00000
2026-09-10 14:00:00+00:00,1.16114,1.16226,1.16114,1.16194,2610.00000
2026-09-10 14:15:00+00:00,1.16195,1.16251,1.16161,1.16214,3121.00000
2026-09-10 14:30:00+00:00,1.16215,1.16289,1.16201,1.16246,2366.00000
2026-09-10 14:45:00+00:00,1.16245,1.16295,1.16245,1.16294,2210.00000
2026-09-10 15:00:00+00:00,1.16293,1.16314,1.16252,1.16284,2527.00000
2026-09-10 15:15:00+00:00,1.16283,1.16312,1.16241,1.16249,1780.00000
2026-09-10 15:30:00+00:00,1.16250,1.16295,1.16248,1.16277,1426.00000
2026-09-10 15:45:00+00:00,1.16278,1.16302,1.16243,1.16279,1336.00000
2026-09-10 16:00:00+00:00,1.16281,1.16287,1.16236,1.16253,1590.00000
2026-09-10 16:15:00+00:00,1.16251,1.16287,1.16240,1.16260,991.00000
2026-09-10 16:30:00+00:00,1.16259,1.16263,1.16196,1.16219,1492.00000
2026-09-10 16:45:00+00:00,1.16220,1.16221,1.16186,1.16194,990.00000
2026-09-10 17:00:00+00:00,1.16193,1.16218,1.16165,1.16215,1382.00000
2026-09-10 17:15:00+00:00,1.16214,1.16231,1.16206,1.16212,887.00000
2026-09-10 17:30:00+00:00,1.16213,1.16224,1.16186,1.16198,1066.00000
2026-09-10 17:45:00+00:00,1.16197,1.16216,1.16187,1.16194,886.00000
2026-09-10 18:00:00+00:00,1.16195,1.16196,1.16127,1.16133,1270.00000
2026-09-10 18:15:00+00:00,1.16134,1.16167,1.16127,1.16154,1132.00000
2026-09-10 18:30:00+00:00,1.16153,1.16158,1.16126,1.16157,858.00000
2026-09-10 18:45:00+00:00,1.16156,1.16161,1.16128,1.16138,1386.00000
2026-09-10 19:00:00+00:00,1.16137,1.16137,1.16090,1.16099,1278.00000
2026-09-10 19:15:00+00:00,1.16098,1.16128,1.16096,1.16118,732.00000
2026-09-10 19:30:00+00:00,1.16120,1.16129,1.16101,1.16115,710.00000
2026-09-10 19:45:00+00:00,1.16114,1.16123,1.16098,1.16102,798.00000
2026-09-10 20:00:00+00:00,1.16101,1.16102,1.16088,1.16094,438.00000
2026-09-10 20:15:00+00:00,1.16095,1.16096,1.16054,1.16067,355.00000
2026-09-10 20:30:00+00:00,1.16068,1.16094,1.16068,1.16073,392.00000
2026-09-10 20:45:00+00:00,1.16076,1.16108,1.16073,1.16095,665.00000
2026-09-10 21:00:00+00:00,1.16125,1.16125,1.16080,1.16104,59.00000
2026-09-10 21:15:00+00:00,1.16100,1.16103,1.16090,1.16095,86.00000
2026-09-10 21:30:00+00:00,1.16096,1.16104,1.16080,1.16103,74.00000
2026-09-10 21:45:00+00:00,1.16102,1.16108,1.16072,1.16104,334.00000
2026-09-10 22:00:00+00:00,1.16098,1.16111,1.16063,1.16087,393.00000
2026-09-10 22:15:00+00:00,1.16088,1.16102,1.16085,1.16091,376.00000
2026-09-10 22:30:00+00:00,1.16092,1.16101,1.16083,1.16094,388.00000
2026-09-10 22:45:00+00:00,1.16093,1.16112,1.16093,1.16103,377.00000
2026-09-10 23:00:00+00:00,1.16101,1.16112,1.16086,1.16095,412.00000
2026-09-10 23:15:00+00:00,1.16094,1.16104,1.16086,1.16089,368.00000
2026-09-10 23:30:00+00:00,1.16088,1.16103,1.16082,1.16103,468.00000
2026-09-10 23:45:00+00:00,1.16102,1.16112,1.16090,1.16111,654.00000
2026-09-11 00:00:00+00:00,1.16112,1.16146,1.16109,1.16129,1376.00000
2026-09-11 00:15:00+00:00,1.16130,1.16144,1.16112,1.16133,1028.00000
2026-09-11 00:30:00+00:00,1.16132,1.16141,1.16121,1.16134,828.00000
2026-09-11 00:45:00+00:00,1.16133,1.16154,1.16130,1.16152,991.00000
2026-09-11 01:00:00+00:00,1.16153,1.16170,1.16146,1.16164,1336.00000
2026-09-11 01:15:00+00:00,1.16163,1.16175,1.16147,1.16156,1166.00000
2026-09-11 01:30:00+00:00,1.16157,1.16167,1.16140,1.16143,1102.00000
2026-09-11 01:45:00+00:00,1.16144,1.16144,1.16109,1.16125,1014.00000
2026-09-11 02:00:00+00:00,1.16126,1.16127,1.16088,1.16098,770.00000
2026-09-11 02:15:00+00:00,1.16097,1.16097,1.16060,1.16061,880.00000
2026-09-11 02:30:00+00:00,1.16062,1.16082,1.16056,1.16070,960.00000
2026-09-11 02:45:00+00:00,1.16071,1.16088,1.16069,1.16074,862.00000
2026-09-11 03:00:00+00:00,1.16075,1.16078,1.16051,1.16070,666.00000
2026-09-11 03:15:00+00:00,1.16071,1.16073,1.16011,1.16012,1024.00000
2026-09-11 03:30:00+00:00,1.16013,1.16024,1.16002,1.16016,766.00000
2026-09-11 03:45:00+00:00,1.16017,1.16030,1.15996,1.16017,556.00000
2026-09-11 04:00:00+00:00,1.16016,1.16070,1.16004,1.16061,1048.00000
2026-09-11 04:15:00+00:00,1.16062,1.16080,1.16061,1.16078,716.00000
2026-09-11 04:30:00+00:00,1.16077,1.16080,1.16052,1.16061,746.00000
2026-09-11 04:45:00+00:00,1.16060,1.16068,1.16046,1.16046,632.00000
2026-09-11 05:00:00+00:00,1.16045,1.16093,1.16044,1.16091,828.00000
2026-09-11 05:15:00+00:00,1.16092,1.16107,1.16090,1.16104,682.00000
2026-09-11 05:30:00+00:00,1.16106,1.16138,1.16104,1.16116,1502.00000
2026-09-11 05:45:00+00:00,1.16113,1.16132,1.16093,1.16099,1016.00000
2026-09-11 06:00:00+00:00,1.16104,1.16134,1.16090,1.16127,1506.00000
2026-09-11 06:15:00+00:00,1.16128,1.16139,1.16104,1.16111,1366.00000
2026-09-11 06:30:00+00:00,1.16112,1.16125,1.16091,1.16100,1132.00000
2026-09-11 06:45:00+00:00,1.16097,1.16123,1.16091,1.16099,1110.00000
2026-09-11 07:00:00+00:00,1.16100,1.16112,1.16070,1.16080,1386.00000
2026-09-11 07:15:00+00:00,1.16081,1.16107,1.16061,1.16071,1136.00000
2026-09-11 07:30:00+00:00,1.16072,1.16090,1.16041,1.16042,1188.00000
2026-09-11 07:45:00+00:00,1.16039,1.16057,1.16015,1.16056,1062.00000
2026-09-11 08:00:00+00:00,1.16057,1.16061,1.16026,1.16043,1390.00000
2026-09-11 08:15:00+00:00,1.16042,1.16081,1.16018,1.16019,1676.00000
2026-09-11 08:30:00+00:00,1.16020,1.16051,1.16016,1.16047,1301.00000
2026-09-11 08:45:00+00:00,1.16045,1.16052,1.15981,1.15991,1161.00000
2026-09-11 09:00:00+00:00,1.15992,1.16024,1.15957,1.15975,1403.00000
2026-09-11 09:15:00+00:00,1.15974,1.16017,1.15964,1.15999,1206.00000
2026-09-11 09:30:00+00:00,1.15998,1.16004,1.15975,1.15988,974.00000
2026-09-11 09:45:00+00:00,1.15987,1.15987,1.15951,1.15961,1166.00000
2026-09-11 10:00:00+00:00,1.15962,1.15993,1.15939,1.15961,1472.00000
2026-09-11 10:15:00+00:00,1.15962,1.15962,1.15917,1.15922,954.00000
2026-09-11 10:30:00+00:00,1.15923,1.15933,1.15902,1.15913,1153.00000
2026-09-11 10:45:00+00:00,1.15914,1.15923,1.15900,1.15921,900.00000
2026-09-11 11:00:00+00:00,1.15922,1.15949,1.15915,1.15941,1130.00000
2026-09-11 11:15:00+00:00,1.15940,1.15941,1.15914,1.15936,1200.00000
2026-09-11 11:30:00+00:00,1.15937,1.15948,1.15914,1.15937,1150.00000
2026-09-11 11:45:00+00:00,1.15938,1.15957,1.15907,1.15914,1122.00000
2026-09-11 12:00:00+00:00,1.15915,1.15949,1.15915,1.15925,1442.00000
2026-09-11 12:15:00+00:00,1.15926,1.15972,1.15909,1.15964,1894.00000
2026-09-11 12:30:00+00:00,1.15969,1.15981,1.15692,1.15943,5777.00000
2026-09-11 12:45:00+00:00,1.15944,1.16038,1.15938,1.16031,3827.00000
2026-09-11 13:00:00+00:00,1.16029,1.16094,1.15997,1.16029,3961.00000
2026-09-11 13:15:00+00:00,1.16028,1.16086,1.15985,1.16043,3220.00000
2026-09-11 13:30:00+00:00,1.16042,1.16108,1.16009,1.16033,3551.00000
2026-09-11 13:45:00+00:00,1.16034,1.16136,1.16028,1.16124,2836.00000
2026-09-11 14:00:00+00:00,1.16123,1.16153,1.16075,1.16110,3101.00000
2026-09-11 14:15:00+00:00,1.16109,1.16133,1.16072,1.16080,2432.00000
2026-09-11 14:30:00+00:00,1.16079,1.16111,1.16058,1.16092,2890.00000
2026-09-11 14:45:00+00:00,1.16091,1.16149,1.16088,1.16140,3094.00000
2026-09-11 15:00:00+00:00,1.16141,1.16154,1.16055,1.16075,2424.00000
2026-09-11 15:15:00+00:00,1.16076,1.16092,1.16042,1.16047,1852.00000
2026-09-11 15:30:00+00:00,1.16048,1.16055,1.16011,1.16026,1762.00000
2026-09-11 15:45:00+00:00,1.16027,1.16037,1.16002,1.16034,1550.00000
2026-09-11 16:00:00+00:00,1.16035,1.16049,1.16018,1.16021,1316.00000
2026-09-11 16:15:00+00:00,1.16020,1.16074,1.16019,1.16049,1593.00000
2026-09-11 16:30:00+00:00,1.16050,1.16057,1.15998,1.16002,1474.00000
2026-09-11 16:45:00+00:00,1.16003,1.16028,1.15985,1.15997,994.00000
2026-09-11 17:00:00+00:00,1.15998,1.15998,1.15961,1.15971,1021.00000
2026-09-11 17:15:00+00:00,1.15970,1.16008,1.15965,1.15994,928.00000
2026-09-11 17:30:00+00:00,1.15995,1.16005,1.15982,1.15993,762.00000
2026-09-11 17:45:00+00:00,1.15994,1.16004,1.15977,1.15982,854.00000
2026-09-11 18:00:00+00:00,1.15981,1.15998,1.15980,1.15984,526.00000
2026-09-11 18:15:00+00:00,1.15985,1.15987,1.15951,1.15960,1098.00000
2026-09-11 18:30:00+00:00,1.15961,1.15963,1.15922,1.15927,794.00000
2026-09-11 18:45:00+00:00,1.15926,1.15959,1.15918,1.15957,788.00000
2026-09-11 19:00:00+00:00,1.15958,1.15972,1.15933,1.15972,756.00000
2026-09-11 19:15:00+00:00,1.15971,1.15977,1.15954,1.15960,738.00000
2026-09-11 19:30:00+00:00,1.15962,1.15973,1.15947,1.15957,588.00000
2026-09-11 19:45:00+00:00,1.15958,1.15966,1.15943,1.15960,588.00000
2026-09-11 20:00:00+00:00,1.15965,1.15968,1.15929,1.15942,374.00000
2026-09-11 20:15:00+00:00,1.15943,1.15949,1.15931,1.15939,197.00000
2026-09-11 20:30:00+00:00,1.15938,1.15944,1.15917,1.15943,426.00000
2026-09-11 20:45:00+00:00,1.15941,1.15989,1.15937,1.15986,658.00000
2026-09-13 21:00:00+00:00,1.15973,1.15982,1.15961,1.15980,36.00000
2026-09-13 21:15:00+00:00,1.15982,1.15982,1.15953,1.15973,38.00000
2026-09-13 21:30:00+00:00,1.15968,1.15971,1.15968,1.15971,80.00000
2026-09-13 21:45:00+00:00,1.15961,1.15972,1.15930,1.15947,238.00000
2026-09-13 22:00:00+00:00,1.15945,1.15973,1.15924,1.15942,711.00000
2026-09-13 22:15:00+00:00,1.15943,1.15949,1.15896,1.15911,660.00000
2026-09-13 22:30:00+00:00,1.15912,1.15919,1.15894,1.15919,545.00000
2026-09-13 22:45:00+00:00,1.15918,1.15919,1.15895,1.15909,483.00000
2026-09-13 23:00:00+00:00,1.15910,1.15928,1.15906,1.15910,312.00000
2026-09-13 23:15:00+00:00,1.15907,1.15911,1.15895,1.15911,394.00000
2026-09-13 23:30:00+00:00,1.15910,1.15917,1.15898,1.15912,394.00000
2026-09-13 23:45:00+00:00,1.15910,1.15943,1.15909,1.15934,1024.00000
2026-09-14 00:00:00+00:00,1.15933,1.15957,1.15918,1.15927,1740.00000
2026-09-14 00:15:00+00:00,1.15926,1.15936,1.15852,1.15857,1350.00000
2026-09-14 00:30:00+00:00,1.15858,1.15879,1.15850,1.15859,1102.00000
2026-09-14 00:45:00+00:00,1.15858,1.15888,1.15857,1.15877,1026.00000
2026-09-14 01:00:00+00:00,1.15878,1.15881,1.15838,1.15841,1621.00000
2026-09-14 01:15:00+00:00,1.15840,1.15877,1.15835,1.15875,1106.00000
2026-09-14 01:30:00+00:00,1.15876,1.15886,1.15851,1.15886,1204.00000
2026-09-14 01:45:00+00:00,1.15885,1.15886,1.15857,1.15860,922.00000
2026-09-14 02:00:00+00:00,1.15861,1.15884,1.15855,1.15874,560.00000
2026-09-14 02:15:00+00:00,1.15873,1.15879,1.15868,1.15872,636.00000
2026-09-14 02:30:00+00:00,1.15873,1.15876,1.15841,1.15849,1086.00000
2026-09-14 02:45:00+00:00,1.15848,1.15857,1.15811,1.15816,586.00000
2026-09-14 03:00:00+00:00,1.15815,1.15816,1.15752,1.15754,980.00000
2026-09-14 03:15:00+00:00,1.15755,1.15762,1.15727,1.15739,617.00000
2026-09-14 03:30:00+00:00,1.15740,1.15740,1.15695,1.15698,766.00000
2026-09-14 03:45:00+00:00,1.15697,1.15711,1.15688,1.15704,462.00000
2026-09-14 04:00:00+00:00,1.15705,1.15708,1.15670,1.15680,638.00000
2026-09-14 04:15:00+00:00,1.15682,1.15687,1.15650,1.15653,610.00000
2026-09-14 04:30:00+00:00,1.15654,1.15665,1.15624,1.15628,796.00000
2026-09-14 04:45:00+00:00,1.15629,1.15662,1.15623,1.15655,598.00000
2026-09-14 05:00:00+00:00,1.15654,1.15656,1.15635,1.15648,716.00000
2026-09-14 05:15:00+00:00,1.15649,1.15685,1.15645,1.15677,486.00000
2026-09-14 05:30:00+00:00,1.15676,1.15702,1.15673,1.15696,850.00000
2026-09-14 05:45:00+00:00,1.15695,1.15706,1.15677,1.15700,922.00000
2026-09-14 06:00:00+00:00,1.15701,1.15702,1.15569,1.15590,1984.00000
2026-09-14 06:15:00+00:00,1.15587,1.15589,1.15513,1.15552,1844.00000
2026-09-14 06:30:00+00:00,1.15551,1.15600,1.15550,1.15591,1566.00000
2026-09-14 06:45:00+00:00,1.15592,1.15597,1.15509,1.15526,1845.00000
2026-09-14 07:00:00+00:00,1.15527,1.15571,1.15514,1.15571,2001.00000
2026-09-14 07:15:00+00:00,1.15572,1.15578,1.15541,1.15544,1376.00000
2026-09-14 07:30:00+00:00,1.15543,1.15546,1.15477,1.15491,1138.00000
2026-09-14 07:45:00+00:00,1.15492,1.15501,1.15427,1.15444,1558.00000
2026-09-14 08:00:00+00:00,1.15445,1.15448,1.15365,1.15366,1936.00000
2026-09-14 08:15:00+00:00,1.15363,1.15377,1.15345,1.15355,1484.00000
2026-09-14 08:30:00+00:00,1.15353,1.15406,1.15343,1.15373,1858.00000
2026-09-14 08:45:00+00:00,1.15372,1.15408,1.15370,1.15380,1358.00000
2026-09-14 09:00:00+00:00,1.15380,1.15413,1.15373,1.15381,1792.00000
2026-09-14 09:15:00+00:00,1.15379,1.15434,1.15353,1.15432,1957.00000
2026-09-14 09:30:00+00:00,1.15436,1.15455,1.15407,1.15427,1664.00000
2026-09-14 09:45:00+00:00,1.15426,1.15439,1.15408,1.15418,1216.00000
2026-09-14 10:00:00+00:00,1.15417,1.15418,1.15378,1.15406,1556.00000
2026-09-14 10:15:00+00:00,1.15405,1.15419,1.15370,1.15412,1360.00000
2026-09-14 10:30:00+00:00,1.15411,1.15418,1.15397,1.15408,994.00000
2026-09-14 10:45:00+00:00,1.15407,1.15418,1.15380,1.15404,1108.00000
2026-09-14 11:00:00+00:00,1.15403,1.15448,1.15402,1.15448,1070.00000
2026-09-14 11:15:00+00:00,1.15447,1.15488,1.15441,1.15483,1070.00000
2026-09-14 11:30:00+00:00,1.15482,1.15498,1.15470,1.15470,1012.00000
2026-09-14 11:45:00+00:00,1.15471,1.15484,1.15441,1.15478,1160.00000
2026-09-14 12:00:00+00:00,1.15477,1.15521,1.15470,1.15490,1334.00000
2026-09-14 12:15:00+00:00,1.15491,1.15512,1.15403,1.15410,1780.00000
2026-09-14 12:30:00+00:00,1.15409,1.15421,1.15296,1.15340,2358.00000
2026-09-14 12:45:00+00:00,1.15339,1.15358,1.15297,1.15324,2022.00000
2026-09-14 13:00:00+00:00,1.15323,1.15366,1.15294,1.15364,2189.00000
2026-09-14 13:15:00+00:00,1.15363,1.15370,1.15335,1.15350,1445.00000
2026-09-14 13:30:00+00:00,1.15349,1.15374,1.15322,1.15343,2049.00000
2026-09-14 13:45:00+00:00,1.15342,1.15349,1.15231,1.15252,2266.00000
2026-09-14 14:00:00+00:00,1.15253,1.15357,1.15237,1.15352,2664.00000
2026-09-14 14:15:00+00:00,1.15353,1.15369,1.15282,1.15317,2310.00000
2026-09-14 14:30:00+00:00,1.15318,1.15422,1.15313,1.15419,2228.00000
2026-09-14 14:45:00+00:00,1.15421,1.15427,1.15359,1.15371,2133.00000
2026-09-14 15:00:00+00:00,1.15374,1.15476,1.15359,1.15411,3351.00000
2026-09-14 15:15:00+00:00,1.15410,1.15435,1.15381,1.15416,1794.00000
2026-09-14 15:30:00+00:00,1.15415,1.15501,1.15391,1.15484,3146.00000
2026-09-14 15:45:00+00:00,1.15483,1.15493,1.15451,1.15481,2154.00000
2026-09-14 16:00:00+00:00,1.15482,1.15524,1.15478,1.15506,1968.00000
2026-09-14 16:15:00+00:00,1.15507,1.15536,1.15504,1.15512,1596.00000
2026-09-14 16:30:00+00:00,1.15511,1.15589,1.15494,1.15582,1433.00000
2026-09-14 16:45:00+00:00,1.15585,1.15634,1.15577,1.15601,2878.00000
2026-09-14 17:00:00+00:00,1.15602,1.15615,1.15570,1.15585,1238.00000
2026-09-14 17:15:00+00:00,1.15586,1.15594,1.15576,1.15580,1170.00000
2026-09-14 17:30:00+00:00,1.15579,1.15586,1.15548,1.15554,1092.00000
2026-09-14 17:45:00+00:00,1.15555,1.15581,1.15544,1.15562,940.00000
2026-09-14 18:00:00+00:00,1.15563,1.15586,1.15548,1.15576,1222.00000
2026-09-14 18:15:00+00:00,1.15575,1.15579,1.15561,1.15565,894.00000
2026-09-14 18:30:00+00:00,1.15564,1.15592,1.15564,1.15575,972.00000
2026-09-14 18:45:00+00:00,1.15574,1.15576,1.15550,1.15570,992.00000
2026-09-14 19:00:00+00:00,1.15569,1.15576,1.15557,1.15568,978.00000
2026-09-14 19:15:00+00:00,1.15567,1.15570,1.15530,1.15530,1334.00000
2026-09-14 19:30:00+00:00,1.15529,1.15530,1.15510,1.15515,1266.00000
2026-09-14 19:45:00+00:00,1.15516,1.15516,1.15469,1.15473,1390.00000
2026-09-14 20:00:00+00:00,1.15472,1.15473,1.15446,1.15465,780.00000
2026-09-14 20:15:00+00:00,1.15466,1.15474,1.15455,1.15466,359.00000
2026-09-14 20:30:00+00:00,1.15467,1.15490,1.15466,1.15489,520.00000
2026-09-14 20:45:00+00:00,1.15488,1.15507,1.15484,1.15503,492.00000
2026-09-14 21:00:00+00:00,1.15493,1.15530,1.15458,1.15511,107.00000
2026-09-14 21:15:00+00:00,1.15511,1.15511,1.15468,1.15497,217.00000
2026-09-14 21:30:00+00:00,1.15494,1.15500,1.15465,1.15496,146.00000
2026-09-14 21:45:00+00:00,1.15498,1.15518,1.15487,1.15497,249.00000
2026-09-14 22:00:00+00:00,1.15505,1.15507,1.15469,1.15497,296.00000
2026-09-14 22:15:00+00:00,1.15498,1.15502,1.15495,1.15498,72.00000
2026-09-14 22:30:00+00:00,1.15497,1.15514,1.15496,1.15508,305.00000
2026-09-14 22:45:00+00:00,1.15510,1.15519,1.15504,1.15516,236.00000
2026-09-14 23:00:00+00:00,1.15514,1.15520,1.15511,1.15514,366.00000
2026-09-14 23:15:00+00:00,1.15512,1.15514,1.15497,1.15499,312.00000
2026-09-14 23:30:00+00:00,1.15498,1.15499,1.15477,1.15488,512.00000
2026-09-14 23:45:00+00:00,1.15486,1.15490,1.15468,1.15479,462.00000
2026-09-15 00:00:00+00:00,1.15480,1.15484,1.15460,1.15464,1378.00000
2026-09-15 00:15:00+00:00,1.15465,1.15469,1.15437,1.15438,858.00000
2026-09-15 00:30:00+00:00,1.15437,1.15446,1.15431,1.15438,770.00000
2026-09-15 00:45:00+00:00,1.15440,1.15456,1.15433,1.15436,670.00000
2026-09-15 01:00:00+00:00,1.15434,1.15440,1.15414,1.15424,880.00000
2026-09-15 01:15:00+00:00,1.15423,1.15435,1.15378,1.15385,796.00000
2026-09-15 01:30:00+00:00,1.15384,1.15399,1.15374,1.15374,900.00000
2026-09-15 01:45:00+00:00,1.15373,1.15397,1.15372,1.15382,842.00000
2026-09-15 02:00:00+00:00,1.15383,1.15399,1.15367,1.15368,716.00000
2026-09-15 02:15:00+00:00,1.15369,1.15380,1.15363,1.15369,496.00000
2026-09-15 02:30:00+00:00,1.15368,1.15371,1.15355,1.15364,496.00000
2026-09-15 02:45:00+00:00,1.15366,1.15409,1.15365,1.15405,404.00000
2026-09-15 03:00:00+00:00,1.15404,1.15410,1.15388,1.15389,686.00000
2026-09-15 03:15:00+00:00,1.15390,1.15401,1.15372,1.15389,696.00000
2026-09-15 03:30:00+00:00,1.15388,1.15394,1.15372,1.15378,580.00000
2026-09-15 03:45:00+00:00,1.15377,1.15384,1.15372,1.15374,468.00000
2026-09-15 04:00:00+00:00,1.15376,1.15378,1.15362,1.15368,524.00000
2026-09-15 04:15:00+00:00,1.15369,1.15371,1.15347,1.15359,622.00000
2026-09-15 04:30:00+00:00,1.15360,1.15384,1.15357,1.15369,692.00000
2026-09-15 04:45:00+00:00,1.15370,1.15379,1.15366,1.15369,540.00000
2026-09-15 05:00:00+00:00,1.15369,1.15374,1.15350,1.15367,428.00000
2026-09-15 05:15:00+00:00,1.15368,1.15369,1.15343,1.15360,698.00000
2026-09-15 05:30:00+00:00,1.15361,1.15375,1.15335,1.15371,748.00000
2026-09-15 05:45:00+00:00,1.15370,1.15382,1.15344,1.15352,924.00000
2026-09-15 06:00:00+00:00,1.15351,1.15361,1.15321,1.15345,1142.00000
2026-09-15 06:15:00+00:00,1.15344,1.15344,1.15272,1.15289,1039.00000
2026-09-15 06:30:00+00:00,1.15290,1.15302,1.15273,1.15284,896.00000
2026-09-15 06:45:00+00:00,1.15283,1.15340,1.15271,1.15339,892.00000
2026-09-15 07:00:00+00:00,1.15340,1.15378,1.15321,1.15366,1152.00000
2026-09-15 07:15:00+00:00,1.15365,1.15391,1.15358,1.15389,1064.00000
2026-09-15 07:30:00+00:00,1.15390,1.15400,1.15357,1.15390,1261.00000
2026-09-15 07:45:00+00:00,1.15389,1.15409,1.15368,1.15406,1281.00000
2026-09-15 08:00:00+00:00,1.15405,1.15407,1.15352,1.15379,1550.00000
2026-09-15 08:15:00+00:00,1.15378,1.15398,1.15364,1.15373,1822.00000
2026-09-15 08:30:00+00:00,1.15375,1.15398,1.15343,1.15344,1474.00000
2026-09-15 08:45:00+00:00,1.15345,1.15352,1.15323,1.15330,1086.00000
2026-09-15 09:00:00+00:00,1.15329,1.15368,1.15327,1.15363,1037.00000
2026-09-15 09:15:00+00:00,1.15362,1.15364,1.15324,1.15353,1442.00000
2026-09-15 09:30:00+00:00,1.15354,1.15359,1.15336,1.15340,1010.00000
2026-09-15 09:45:00+00:00,1.15341,1.15387,1.15339,1.15374,1084.00000
2026-09-15 10:00:00+00:00,1.15373,1.15397,1.15361,1.15365,976.00000
2026-09-15 10:15:00+00:00,1.15364,1.15397,1.15360,1.15385,732.00000
2026-09-15 10:30:00+00:00,1.15384,1.15399,1.15375,1.15375,558.00000
2026-09-15 10:45:00+00:00,1.15376,1.15385,1.15342,1.15349,766.00000
2026-09-15 11:00:00+00:00,1.15350,1.15377,1.15342,1.15376,848.00000
2026-09-15 11:15:00+00:00,1.15377,1.15428,1.15377,1.15415,896.00000
2026-09-15 11:30:00+00:00,1.15416,1.15424,1.15399,1.15406,772.00000
2026-09-15 11:45:00+00:00,1.15407,1.15423,1.15386,1.15395,980.00000
2026-09-15 12:00:00+00:00,1.15394,1.15421,1.15386,1.15402,1384.00000
2026-09-15 12:15:00+00:00,1.15401,1.15420,1.15383,1.15420,824.00000
2026-09-15 12:30:00+00:00,1.15423,1.15475,1.15423,1.15458,1171.00000
2026-09-15 12:45:00+00:00,1.15455,1.15496,1.15448,1.15464,2089.00000
2026-09-15 13:00:00+00:00,1.15463,1.15483,1.15451,1.15474,1316.00000
2026-09-15 13:15:00+00:00,1.15473,1.15473,1.15416,1.15432,1228.00000
2026-09-15 13:30:00+00:00,1.15434,1.15440,1.15393,1.15439,1898.00000
2026-09-15 13:45:00+00:00,1.15440,1.15515,1.15433,1.15493,1544.00000
2026-09-15 14:00:00+00:00,1.15491,1.15498,1.15456,1.15484,1791.00000
2026-09-15 14:15:00+00:00,1.15485,1.15500,1.15453,1.15477,1760.00000
2026-09-15 14:30:00+00:00,1.15476,1.15518,1.15404,1.15426,2110.00000
2026-09-15 14:45:00+00:00,1.15427,1.15478,1.15419,1.15430,1950.00000
2026-09-15 15:00:00+00:00,1.15432,1.15448,1.15395,1.15403,1418.00000
2026-09-15 15:15:00+00:00,1.15402,1.15462,1.15399,1.15452,1252.00000
2026-09-15 15:30:00+00:00,1.15450,1.15454,1.15400,1.15404,1382.00000
2026-09-15 15:45:00+00:00,1.15405,1.15433,1.15388,1.15417,1594.00000
2026-09-15 16:00:00+00:00,1.15419,1.15427,1.15398,1.15407,1082.00000
2026-09-15 16:15:00+00:00,1.15406,1.15417,1.15390,1.15400,1046.00000
2026-09-15 16:30:00+00:00,1.15401,1.15426,1.15396,1.15409,722.00000
2026-09-15 16:45:00+00:00,1.15410,1.15433,1.15400,1.15430,780.00000
2026-09-15 17:00:00+00:00,1.15427,1.15436,1.15394,1.15404,822.00000
2026-09-15 17:15:00+00:00,1.15405,1.15409,1.15374,1.15379,624.00000
2026-09-15 17:30:00+00:00,1.15380,1.15401,1.15379,1.15392,626.00000
