time,open,high,low,close,volume
2026-05-18 17:45:00+00:00,1.34285,1.34294,1.34222,1.34222,1334.00000
2026-05-18 18:00:00+00:00,1.34223,1.34232,1.34153,1.34176,2021.00000
2026-05-18 18:15:00+00:00,1.34177,1.34187,1.34067,1.34134,2220.00000
2026-05-18 18:30:00+00:00,1.34139,1.34151,1.34074,1.34108,1884.00000
2026-05-18 18:45:00+00:00,1.34106,1.34112,1.34014,1.34022,1782.00000
2026-05-18 19:00:00+00:00,1.34017,1.34346,1.34005,1.34209,5227.00000
2026-05-18 19:15:00+00:00,1.34210,1.34265,1.34191,1.34223,2538.00000
2026-05-18 19:30:00+00:00,1.34226,1.34286,1.34215,1.34283,2019.00000
2026-05-18 19:45:00+00:00,1.34282,1.34347,1.34278,1.34301,2280.00000
2026-05-18 20:00:00+00:00,1.34303,1.34375,1.34296,1.34374,1482.00000
2026-05-18 20:15:00+00:00,1.34375,1.34391,1.34358,1.34372,657.00000
2026-05-18 20:30:00+00:00,1.34372,1.34381,1.34326,1.34372,1508.00000
2026-05-18 20:45:00+00:00,1.34373,1.34376,1.34330,1.34334,735.00000
2026-05-18 21:00:00+00:00,1.34322,1.34325,1.34234,1.34306,139.00000
2026-05-18 21:15:00+00:00,1.34298,1.34298,1.34290,1.34295,16.00000
2026-05-18 21:30:00+00:00,1.34291,1.34324,1.34255,1.34313,232.00000
2026-05-18 21:45:00+00:00,1.34319,1.34354,1.34282,1.34312,571.00000
2026-05-18 22:00:00+00:00,1.34307,1.34363,1.34265,1.34334,941.00000
2026-05-18 22:15:00+00:00,1.34336,1.34362,1.34334,1.34358,275.00000
2026-05-18 22:30:00+00:00,1.34359,1.34373,1.34353,1.34353,310.00000
2026-05-18 22:45:00+00:00,1.34353,1.34353,1.34343,1.34343,226.00000
2026-05-18 23:00:00+00:00,1.34341,1.34352,1.34334,1.34337,324.00000
2026-05-18 23:15:00+00:00,1.34337,1.34355,1.34331,1.34351,282.00000
2026-05-18 23:30:00+00:00,1.34352,1.34367,1.34340,1.34366,285.00000
2026-05-18 23:45:00+00:00,1.34365,1.34366,1.34312,1.34315,699.00000
2026-05-19 00:00:00+00:00,1.34317,1.34346,1.34267,1.34281,2286.00000
2026-05-19 00:15:00+00:00,1.34280,1.34324,1.34251,1.34291,1979.00000
2026-05-19 00:30:00+00:00,1.34288,1.34306,1.34223,1.34235,1329.00000
2026-05-19 00:45:00+00:00,1.34234,1.34244,1.34189,1.34194,1368.00000
2026-05-19 01:00:00+00:00,1.34193,1.34203,1.34171,1.34184,2150.00000
2026-05-19 01:15:00+00:00,1.34185,1.34205,1.34164,1.34191,1743.00000
2026-05-19 01:30:00+00:00,1.34190,1.34252,1.34132,1.34243,2218.00000
2026-05-19 01:45:00+00:00,1.34245,1.34245,1.34169,1.34172,2013.00000
2026-05-19 02:00:00+00:00,1.34170,1.34170,1.34089,1.34111,1971.00000
2026-05-19 02:15:00+00:00,1.34109,1.34183,1.34091,1.34161,1487.00000
2026-05-19 02:30:00+00:00,1.34160,1.34179,1.34144,1.34177,1924.00000
2026-05-19 02:45:00+00:00,1.34176,1.34183,1.34126,1.34161,1522.00000
2026-05-19 03:00:00+00:00,1.34162,1.34164,1.34127,1.34155,1384.00000
2026-05-19 03:15:00+00:00,1.34156,1.34191,1.34148,1.34172,1249.00000
2026-05-19 03:30:00+00:00,1.34171,1.34195,1.34162,1.34169,1101.00000
2026-05-19 03:45:00+00:00,1.34168,1.34168,1.34133,1.34134,1194.00000
2026-05-19 04:00:00+00:00,1.34135,1.34153,1.34119,1.34141,1250.00000
2026-05-19 04:15:00+00:00,1.34142,1.34154,1.34112,1.34123,970.00000
2026-05-19 04:30:00+00:00,1.34124,1.34155,1.34099,1.34103,1078.00000
2026-05-19 04:45:00+00:00,1.34105,1.34112,1.34060,1.34062,1312.00000
2026-05-19 05:00:00+00:00,1.34064,1.34101,1.34040,1.34084,1379.00000
2026-05-19 05:15:00+00:00,1.34083,1.34083,1.34000,1.34041,1779.00000
2026-05-19 05:30:00+00:00,1.34042,1.34114,1.34023,1.34095,1669.00000
2026-05-19 05:45:00+00:00,1.34093,1.34180,1.34079,1.34169,1672.00000
2026-05-19 06:00:00+00:00,1.34168,1.34174,1.34052,1.34075,2232.00000
2026-05-19 06:15:00+00:00,1.34074,1.34166,1.34071,1.34132,1936.00000
2026-05-19 06:30:00+00:00,1.34129,1.34134,1.34050,1.34071,1948.00000
2026-05-19 06:45:00+00:00,1.34070,1.34070,1.33971,1.33998,2020.00000
2026-05-19 07:00:00+00:00,1.33987,1.33990,1.33902,1.33955,2784.00000
2026-05-19 07:15:00+00:00,1.33954,1.33992,1.33930,1.33965,1865.00000
2026-05-19 07:30:00+00:00,1.33966,1.34011,1.33946,1.33975,1760.00000
2026-05-19 07:45:00+00:00,1.33976,1.34068,1.33976,1.34021,2180.00000
2026-05-19 08:00:00+00:00,1.34023,1.34025,1.33911,1.33926,2634.00000
2026-05-19 08:15:00+00:00,1.33925,1.33982,1.33924,1.33957,2206.00000
2026-05-19 08:30:00+00:00,1.33959,1.34019,1.33935,1.33944,1905.00000
2026-05-19 08:45:00+00:00,1.33943,1.33958,1.33892,1.33929,1472.00000
2026-05-19 09:00:00+00:00,1.33927,1.33974,1.33883,1.33900,1423.00000
2026-05-19 09:15:00+00:00,1.33896,1.33975,1.33870,1.33965,1657.00000
2026-05-19 09:30:00+00:00,1.33964,1.34038,1.33924,1.34013,1836.00000
2026-05-19 09:45:00+00:00,1.34014,1.34081,1.33988,1.34074,1802.00000
2026-05-19 10:00:00+00:00,1.34070,1.34098,1.34037,1.34093,1725.00000
2026-05-19 10:15:00+00:00,1.34094,1.34159,1.34082,1.34113,1145.00000
2026-05-19 10:30:00+00:00,1.34114,1.34126,1.33934,1.33942,2438.00000
2026-05-19 10:45:00+00:00,1.33943,1.34096,1.33937,1.34072,2859.00000
2026-05-19 11:00:00+00:00,1.34074,1.34083,1.34034,1.34054,2739.00000
2026-05-19 11:15:00+00:00,1.34053,1.34095,1.34025,1.34054,1932.00000
2026-05-19 11:30:00+00:00,1.34055,1.34086,1.34040,1.34074,1680.00000
2026-05-19 11:45:00+00:00,1.34073,1.34097,1.34032,1.34033,1376.00000
2026-05-19 12:00:00+00:00,1.34032,1.34127,1.34024,1.34120,2527.00000
2026-05-19 12:15:00+00:00,1.34115,1.34196,1.34094,1.34169,1450.00000
2026-05-19 12:30:00+00:00,1.34163,1.34195,1.34102,1.34121,2775.00000
2026-05-19 12:45:00+00:00,1.34120,1.34151,1.34038,1.34076,2751.00000
2026-05-19 13:00:00+00:00,1.34071,1.34076,1.33963,1.33975,3416.00000
2026-05-19 13:15:00+00:00,1.33974,1.33984,1.33880,1.33905,3057.00000
2026-05-19 13:30:00+00:00,1.33914,1.33969,1.33862,1.33960,4441.00000
2026-05-19 13:45:00+00:00,1.33961,1.34051,1.33931,1.34018,4504.00000
2026-05-19 14:00:00+00:00,1.34019,1.34027,1.33886,1.33887,4987.00000
2026-05-19 14:15:00+00:00,1.33888,1.33898,1.33784,1.33866,3980.00000
2026-05-19 14:30:00+00:00,1.33871,1.33896,1.33808,1.33840,4283.00000
2026-05-19 14:45:00+00:00,1.33839,1.33948,1.33808,1.33927,4256.00000
2026-05-19 15:00:00+00:00,1.33928,1.33972,1.33891,1.33927,3564.00000
2026-05-19 15:15:00+00:00,1.33931,1.33967,1.33898,1.33944,3064.00000
2026-05-19 15:30:00+00:00,1.33937,1.34013,1.33921,1.33953,2982.00000
2026-05-19 15:45:00+00:00,1.33951,1.34007,1.33943,1.33988,2496.00000
2026-05-19 16:00:00+00:00,1.33991,1.33995,1.33892,1.33906,3118.00000
2026-05-19 16:15:00+00:00,1.33907,1.33988,1.33879,1.33975,2648.00000
2026-05-19 16:30:00+00:00,1.33973,1.34025,1.33964,1.34014,2642.00000
2026-05-19 16:45:00+00:00,1.34013,1.34014,1.33964,1.33993,2013.00000
2026-05-19 17:00:00+00:00,1.33994,1.34122,1.33993,1.34113,1580.00000
2026-05-19 17:15:00+00:00,1.34114,1.34116,1.34074,1.34091,1225.00000
2026-05-19 17:30:00+00:00,1.34089,1.34103,1.34038,1.34076,1622.00000
2026-05-19 17:45:00+00:00,1.34077,1.34115,1.34067,1.34085,1516.00000
2026-05-19 18:00:00+00:00,1.34087,1.34117,1.34077,1.34099,1296.00000
2026-05-19 18:15:00+00:00,1.34098,1.34100,1.34024,1.34026,1456.00000
2026-05-19 18:30:00+00:00,1.34025,1.34058,1.33996,1.34054,1924.00000
2026-05-19 18:45:00+00:00,1.34053,1.34055,1.33969,1.33974,1642.00000
2026-05-19 19:00:00+00:00,1.33973,1.34034,1.33966,1.34028,1622.00000
2026-05-19 19:15:00+00:00,1.34029,1.34035,1.33983,1.34001,1418.00000
2026-05-19 19:30:00+00:00,1.34002,1.34038,1.33986,1.34037,1408.00000
2026-05-19 19:45:00+00:00,1.34035,1.34040,1.33992,1.34003,1456.00000
2026-05-19 20:00:00+00:00,1.34002,1.34004,1.33971,1.33987,864.00000
2026-05-19 20:15:00+00:00,1.33987,1.33991,1.33978,1.33987,517.00000
2026-05-19 20:30:00+00:00,1.33989,1.34029,1.33989,1.34010,497.00000
2026-05-19 20:45:00+00:00,1.34003,1.34004,1.33939,1.33943,708.00000
2026-05-19 21:00:00+00:00,1.34002,1.34045,1.33933,1.33997,292.00000
2026-05-19 21:15:00+00:00,1.33995,1.34016,1.33943,1.34009,377.00000
2026-05-19 21:30:00+00:00,1.34007,1.34012,1.33960,1.33989,962.00000
2026-05-19 21:45:00+00:00,1.33987,1.34028,1.33937,1.34004,612.00000
2026-05-19 22:00:00+00:00,1.34014,1.34015,1.33962,1.33970,883.00000
2026-05-19 22:15:00+00:00,1.33971,1.33976,1.33962,1.33962,480.00000
2026-05-19 22:30:00+00:00,1.33964,1.33983,1.33952,1.33954,639.00000
2026-05-19 22:45:00+00:00,1.33953,1.33977,1.33951,1.33974,291.00000
2026-05-19 23:00:00+00:00,1.33974,1.33994,1.33967,1.33992,312.00000
2026-05-19 23:15:00+00:00,1.33993,1.34007,1.33993,1.34003,233.00000
2026-05-19 23:30:00+00:00,1.34004,1.34041,1.34002,1.34015,556.00000
2026-05-19 23:45:00+00:00,1.34014,1.34015,1.33957,1.33958,719.00000
2026-05-20 00:00:00+00:00,1.33953,1.33953,1.33888,1.33916,2784.00000
2026-05-20 00:15:00+00:00,1.33917,1.34015,1.33900,1.33984,2529.00000
2026-05-20 00:30:00+00:00,1.33986,1.34019,1.33936,1.33945,2364.00000
2026-05-20 00:45:00+00:00,1.33943,1.33974,1.33873,1.33893,2123.00000
2026-05-20 01:00:00+00:00,1.33888,1.33913,1.33852,1.33864,2999.00000
2026-05-20 01:15:00+00:00,1.33863,1.33889,1.33802,1.33805,2246.00000
2026-05-20 01:30:00+00:00,1.33808,1.33848,1.33782,1.33812,2448.00000
2026-05-20 01:45:00+00:00,1.33813,1.33920,1.33802,1.33868,2606.00000
2026-05-20 02:00:00+00:00,1.33872,1.33908,1.33864,1.33898,1882.00000
2026-05-20 02:15:00+00:00,1.33899,1.33964,1.33875,1.33909,1860.00000
2026-05-20 02:30:00+00:00,1.33906,1.33918,1.33835,1.33897,3259.00000
2026-05-20 02:45:00+00:00,1.33895,1.33926,1.33893,1.33907,1748.00000
2026-05-20 03:00:00+00:00,1.33904,1.33909,1.33875,1.33895,1843.00000
2026-05-20 03:15:00+00:00,1.33895,1.33979,1.33893,1.33969,1736.00000
2026-05-20 03:30:00+00:00,1.33970,1.34033,1.33959,1.34016,1306.00000
2026-05-20 03:45:00+00:00,1.34017,1.34025,1.33994,1.33997,1162.00000
2026-05-20 04:00:00+00:00,1.33996,1.34065,1.33996,1.34036,1774.00000
2026-05-20 04:15:00+00:00,1.34035,1.34036,1.33983,1.33987,1207.00000
2026-05-20 04:30:00+00:00,1.33986,1.33989,1.33911,1.33940,1289.00000
2026-05-20 04:45:00+00:00,1.33939,1.33943,1.33895,1.33907,1265.00000
2026-05-20 05:00:00+00:00,1.33906,1.33978,1.33904,1.33944,1768.00000
2026-05-20 05:15:00+00:00,1.33943,1.33972,1.33910,1.33913,1467.00000
2026-05-20 05:30:00+00:00,1.33914,1.33967,1.33906,1.33917,1875.00000
2026-05-20 05:45:00+00:00,1.33916,1.33947,1.33881,1.33915,1820.00000
2026-05-20 06:00:00+00:00,1.33912,1.33918,1.33755,1.33897,2698.00000
2026-05-20 06:15:00+00:00,1.33896,1.34068,1.33896,1.34003,3126.00000
2026-05-20 06:30:00+00:00,1.34004,1.34006,1.33862,1.33886,2012.00000
2026-05-20 06:45:00+00:00,1.33887,1.33887,1.33823,1.33866,2109.00000
2026-05-20 07:00:00+00:00,1.33865,1.33956,1.33826,1.33907,2444.00000
2026-05-20 07:15:00+00:00,1.33906,1.33978,1.33866,1.33965,2038.00000
2026-05-20 07:30:00+00:00,1.33964,1.33964,1.33887,1.33893,3431.00000
2026-05-20 07:45:00+00:00,1.33892,1.33925,1.33854,1.33859,1686.00000
2026-05-20 08:00:00+00:00,1.33857,1.33928,1.33805,1.33814,2245.00000
2026-05-20 08:15:00+00:00,1.33813,1.33854,1.33751,1.33835,2018.00000
2026-05-20 08:30:00+00:00,1.33838,1.33894,1.33802,1.33885,2266.00000
2026-05-20 08:45:00+00:00,1.33886,1.33893,1.33819,1.33820,1972.00000
2026-05-20 09:00:00+00:00,1.33819,1.33927,1.33816,1.33902,1866.00000
2026-05-20 09:15:00+00:00,1.33905,1.33918,1.33828,1.33837,1684.00000
2026-05-20 09:30:00+00:00,1.33836,1.33882,1.33829,1.33859,1190.00000
2026-05-20 09:45:00+00:00,1.33863,1.33880,1.33804,1.33826,1526.00000
2026-05-20 10:00:00+00:00,1.33825,1.33899,1.33812,1.33888,1692.00000
2026-05-20 10:15:00+00:00,1.33887,1.33932,1.33874,1.33888,1772.00000
2026-05-20 10:30:00+00:00,1.33889,1.33989,1.33883,1.33965,2198.00000
2026-05-20 10:45:00+00:00,1.33964,1.33988,1.33945,1.33969,1518.00000
2026-05-20 11:00:00+00:00,1.33970,1.33999,1.33946,1.33980,1170.00000
2026-05-20 11:15:00+00:00,1.33979,1.34026,1.33963,1.34025,1228.00000
2026-05-20 11:30:00+00:00,1.34026,1.34081,1.34000,1.34014,1422.00000
2026-05-20 11:45:00+00:00,1.34015,1.34046,1.33951,1.33999,2093.00000
2026-05-20 12:00:00+00:00,1.33998,1.34063,1.33998,1.34048,1668.00000
2026-05-20 12:15:00+00:00,1.34036,1.34056,1.33981,1.34013,2105.00000
2026-05-20 12:30:00+00:00,1.34014,1.34058,1.33990,1.34008,1943.00000
2026-05-20 12:45:00+00:00,1.34009,1.34042,1.33961,1.33976,1671.00000
2026-05-20 13:00:00+00:00,1.33975,1.34006,1.33945,1.33974,2108.00000
2026-05-20 13:15:00+00:00,1.33972,1.33980,1.33924,1.33938,1960.00000
2026-05-20 13:30:00+00:00,1.33935,1.34005,1.33915,1.33979,2980.00000
2026-05-20 13:45:00+00:00,1.33980,1.34065,1.33911,1.33930,3782.00000
2026-05-20 14:00:00+00:00,1.33929,1.33942,1.33833,1.33901,3480.00000
2026-05-20 14:15:00+00:00,1.33905,1.34309,1.33905,1.34180,7210.00000
2026-05-20 14:30:00+00:00,1.34181,1.34332,1.34167,1.34243,5348.00000
2026-05-20 14:45:00+00:00,1.34248,1.34406,1.34226,1.34328,4650.00000
2026-05-20 15:00:00+00:00,1.34329,1.34397,1.34213,1.34253,4518.00000
2026-05-20 15:15:00+00:00,1.34254,1.34636,1.34250,1.34463,6727.00000
2026-05-20 15:30:00+00:00,1.34465,1.34577,1.34456,1.34505,3956.00000
2026-05-20 15:45:00+00:00,1.34517,1.34534,1.34379,1.34412,3822.00000
2026-05-20 16:00:00+00:00,1.34413,1.34540,1.34406,1.34495,3004.00000
2026-05-20 16:15:00+00:00,1.34494,1.34499,1.34374,1.34399,3674.00000
2026-05-20 16:30:00+00:00,1.34403,1.34456,1.34351,1.34456,2944.00000
2026-05-20 16:45:00+00:00,1.34454,1.34483,1.34384,1.34418,3598.00000
2026-05-20 17:00:00+00:00,1.34419,1.34458,1.34389,1.34444,2948.00000
2026-05-20 17:15:00+00:00,1.34443,1.34460,1.34393,1.34431,2660.00000
2026-05-20 17:30:00+00:00,1.34437,1.34464,1.34383,1.34386,2495.00000
2026-05-20 17:45:00+00:00,1.34387,1.34418,1.34353,1.34355,1818.00000
2026-05-20 18:00:00+00:00,1.34356,1.34395,1.34326,1.34387,2223.00000
2026-05-20 18:15:00+00:00,1.34386,1.34434,1.34366,1.34420,2404.00000
2026-05-20 18:30:00+00:00,1.34421,1.34475,1.34398,1.34398,1852.00000
2026-05-20 18:45:00+00:00,1.34403,1.34493,1.34396,1.34425,2354.00000
2026-05-20 19:00:00+00:00,1.34419,1.34468,1.34412,1.34434,1625.00000
2026-05-20 19:15:00+00:00,1.34435,1.34466,1.34435,1.34458,1444.00000
2026-05-20 19:30:00+00:00,1.34459,1.34510,1.34427,1.34433,1522.00000
2026-05-20 19:45:00+00:00,1.34432,1.34453,1.34374,1.34377,2160.00000
2026-05-20 20:00:00+00:00,1.34376,1.34401,1.34372,1.34395,994.00000
2026-05-20 20:15:00+00:00,1.34394,1.34409,1.34370,1.34380,1265.00000
2026-05-20 20:30:00+00:00,1.34381,1.34386,1.34356,1.34357,1015.00000
2026-05-20 20:45:00+00:00,1.34360,1.34374,1.34331,1.34338,982.00000
2026-05-20 21:00:00+00:00,1.34402,1.34402,1.34342,1.34362,72.00000
2026-05-20 21:15:00+00:00,1.34364,1.34384,1.34332,1.34384,102.00000
2026-05-20 21:30:00+00:00,1.34386,1.34411,1.34354,1.34376,314.00000
2026-05-20 21:45:00+00:00,1.34375,1.34383,1.34350,1.34376,120.00000
2026-05-20 22:00:00+00:00,1.34377,1.34393,1.34333,1.34369,650.00000
2026-05-20 22:15:00+00:00,1.34369,1.34379,1.34351,1.34357,317.00000
2026-05-20 22:30:00+00:00,1.34357,1.34372,1.34355,1.34364,296.00000
2026-05-20 22:45:00+00:00,1.34364,1.34371,1.34360,1.34364,202.00000
2026-05-20 23:00:00+00:00,1.34366,1.34384,1.34363,1.34374,187.00000
2026-05-20 23:15:00+00:00,1.34375,1.34375,1.34335,1.34346,265.00000
2026-05-20 23:30:00+00:00,1.34345,1.34345,1.34323,1.34327,257.00000
2026-05-20 23:45:00+00:00,1.34328,1.34371,1.34326,1.34340,660.00000
2026-05-21 00:00:00+00:00,1.34342,1.34343,1.34306,1.34329,1866.00000
2026-05-21 00:15:00+00:00,1.34328,1.34344,1.34285,1.34325,1548.00000
2026-05-21 00:30:00+00:00,1.34324,1.34363,1.34305,1.34354,1183.00000
2026-05-21 00:45:00+00:00,1.34353,1.34396,1.34353,1.34372,1144.00000
2026-05-21 01:00:00+00:00,1.34373,1.34443,1.34373,1.34425,1751.00000
2026-05-21 01:15:00+00:00,1.34429,1.34455,1.34423,1.34428,1154.00000
2026-05-21 01:30:00+00:00,1.34427,1.34456,1.34382,1.34407,2013.00000
2026-05-21 01:45:00+00:00,1.34405,1.34412,1.34311,1.34342,2151.00000
2026-05-21 02:00:00+00:00,1.34343,1.34375,1.34330,1.34331,1590.00000
2026-05-21 02:15:00+00:00,1.34331,1.34340,1.34254,1.34259,1305.00000
2026-05-21 02:30:00+00:00,1.34257,1.34284,1.34212,1.34234,1348.00000
2026-05-21 02:45:00+00:00,1.34233,1.34273,1.34192,1.34256,1131.00000
2026-05-21 03:00:00+00:00,1.34256,1.34295,1.34255,1.34273,809.00000
2026-05-21 03:15:00+00:00,1.34272,1.34314,1.34262,1.34291,757.00000
2026-05-21 03:30:00+00:00,1.34292,1.34305,1.34273,1.34298,702.00000
2026-05-21 03:45:00+00:00,1.34304,1.34307,1.34264,1.34269,902.00000
2026-05-21 04:00:00+00:00,1.34267,1.34296,1.34260,1.34283,725.00000
2026-05-21 04:15:00+00:00,1.34283,1.34286,1.34258,1.34286,732.00000
2026-05-21 04:30:00+00:00,1.34285,1.34301,1.34275,1.34299,711.00000
2026-05-21 04:45:00+00:00,1.34300,1.34333,1.34288,1.34316,717.00000
2026-05-21 05:00:00+00:00,1.34315,1.34333,1.34310,1.34323,873.00000
2026-05-21 05:15:00+00:00,1.34323,1.34326,1.34276,1.34291,896.00000
2026-05-21 05:30:00+00:00,1.34292,1.34320,1.34279,1.34309,1402.00000
2026-05-21 05:45:00+00:00,1.34308,1.34335,1.34263,1.34329,1702.00000
2026-05-21 06:00:00+00:00,1.34328,1.34385,1.34323,1.34379,1475.00000
2026-05-21 06:15:00+00:00,1.34378,1.34397,1.34312,1.34365,2538.00000
2026-05-21 06:30:00+00:00,1.34364,1.34373,1.34277,1.34304,2104.00000
2026-05-21 06:45:00+00:00,1.34303,1.34354,1.34291,1.34344,1251.00000
2026-05-21 07:00:00+00:00,1.34345,1.34396,1.34340,1.34359,2887.00000
2026-05-21 07:15:00+00:00,1.34356,1.34356,1.34156,1.34167,5209.00000
2026-05-21 07:30:00+00:00,1.34167,1.34244,1.34157,1.34243,3615.00000
2026-05-21 07:45:00+00:00,1.34248,1.34327,1.34247,1.34295,3493.00000
2026-05-21 08:00:00+00:00,1.34294,1.34481,1.34276,1.34459,3005.00000
2026-05-21 08:15:00+00:00,1.34460,1.34548,1.34382,1.34479,3381.00000
2026-05-21 08:30:00+00:00,1.34488,1.34488,1.34306,1.34313,2272.00000
2026-05-21 08:45:00+00:00,1.34315,1.34397,1.34294,1.34355,2781.00000
2026-05-21 09:00:00+00:00,1.34353,1.34434,1.34326,1.34421,2465.00000
2026-05-21 09:15:00+00:00,1.34419,1.34465,1.34411,1.34449,1950.00000
2026-05-21 09:30:00+00:00,1.34448,1.34466,1.34393,1.34397,2018.00000
2026-05-21 09:45:00+00:00,1.34398,1.34424,1.34373,1.34421,1842.00000
2026-05-21 10:00:00+00:00,1.34423,1.34460,1.34409,1.34424,1532.00000
2026-05-21 10:15:00+00:00,1.34425,1.34432,1.34244,1.34277,3043.00000
2026-05-21 10:30:00+00:00,1.34280,1.34280,1.34152,1.34242,4300.00000
2026-05-21 10:45:00+00:00,1.34243,1.34287,1.34193,1.34245,2963.00000
2026-05-21 11:00:00+00:00,1.34243,1.34337,1.34237,1.34319,2526.00000
2026-05-21 11:15:00+00:00,1.34318,1.34392,1.34310,1.34373,2038.00000
2026-05-21 11:30:00+00:00,1.34372,1.34392,1.34320,1.34332,1594.00000
2026-05-21 11:45:00+00:00,1.34331,1.34347,1.34188,1.34217,2054.00000
2026-05-21 12:00:00+00:00,1.34216,1.34240,1.34132,1.34162,2782.00000
2026-05-21 12:15:00+00:00,1.34160,1.34173,1.34119,1.34139,2297.00000
2026-05-21 12:30:00+00:00,1.34136,1.34262,1.34134,1.34257,3568.00000
2026-05-21 12:45:00+00:00,1.34259,1.34298,1.34131,1.34137,2968.00000
2026-05-21 13:00:00+00:00,1.34136,1.34207,1.34059,1.34075,3090.00000
2026-05-21 13:15:00+00:00,1.34074,1.34112,1.34014,1.34077,2745.00000
2026-05-21 13:30:00+00:00,1.34084,1.34087,1.33923,1.33929,3964.00000
2026-05-21 13:45:00+00:00,1.33925,1.34167,1.33919,1.34063,4470.00000
2026-05-21 14:00:00+00:00,1.34064,1.34106,1.33963,1.34035,3763.00000
2026-05-21 14:15:00+00:00,1.34036,1.34056,1.33982,1.34050,4164.00000
2026-05-21 14:30:00+00:00,1.34051,1.34105,1.33995,1.34042,3185.00000
2026-05-21 14:45:00+00:00,1.34043,1.34130,1.34023,1.34113,3370.00000
2026-05-21 15:00:00+00:00,1.34114,1.34122,1.33957,1.34049,4540.00000
2026-05-21 15:15:00+00:00,1.34052,1.34075,1.34010,1.34042,3008.00000
2026-05-21 15:30:00+00:00,1.34041,1.34056,1.33991,1.34003,2692.00000
2026-05-21 15:45:00+00:00,1.34005,1.34066,1.33992,1.34054,2390.00000
2026-05-21 16:00:00+00:00,1.34055,1.34105,1.34010,1.34054,2673.00000
2026-05-21 16:15:00+00:00,1.34052,1.34068,1.34011,1.34062,2296.00000
2026-05-21 16:30:00+00:00,1.34061,1.34094,1.34037,1.34092,1862.00000
2026-05-21 16:45:00+00:00,1.34093,1.34093,1.34040,1.34081,2042.00000
2026-05-21 17:00:00+00:00,1.34082,1.34202,1.34055,1.34191,2977.00000
2026-05-21 17:15:00+00:00,1.34192,1.34380,1.34192,1.34356,5570.00000
2026-05-21 17:30:00+00:00,1.34354,1.34433,1.34306,1.34432,3628.00000
2026-05-21 17:45:00+00:00,1.34433,1.34492,1.34391,1.34432,3286.00000
2026-05-21 18:00:00+00:00,1.34430,1.34481,1.34351,1.34423,3323.00000
2026-05-21 18:15:00+00:00,1.34429,1.34486,1.34397,1.34463,2232.00000
2026-05-21 18:30:00+00:00,1.34464,1.34479,1.34432,1.34450,1948.00000
2026-05-21 18:45:00+00:00,1.34451,1.34456,1.34207,1.34262,3862.00000
2026-05-21 19:00:00+00:00,1.34255,1.34332,1.34255,1.34309,2538.00000
2026-05-21 19:15:00+00:00,1.34310,1.34382,1.34309,1.34379,1455.00000
2026-05-21 19:30:00+00:00,1.34380,1.34411,1.34341,1.34342,1740.00000
2026-05-21 19:45:00+00:00,1.34341,1.34401,1.34286,1.34359,2630.00000
2026-05-21 20:00:00+00:00,1.34361,1.34406,1.34341,1.34358,1030.00000
2026-05-21 20:15:00+00:00,1.34359,1.34365,1.34335,1.34358,490.00000
2026-05-21 20:30:00+00:00,1.34359,1.34360,1.34328,1.34333,839.00000
2026-05-21 20:45:00+00:00,1.34332,1.34344,1.34277,1.34285,803.00000
2026-05-21 21:00:00+00:00,1.34291,1.34358,1.34220,1.34337,246.00000
2026-05-21 21:15:00+00:00,1.34321,1.34354,1.34292,1.34339,253.00000
2026-05-21 21:30:00+00:00,1.34338,1.34353,1.34263,1.34314,1457.00000
2026-05-21 21:45:00+00:00,1.34304,1.34363,1.34283,1.34323,1974.00000
2026-05-21 22:00:00+00:00,1.34304,1.34341,1.34275,1.34303,413.00000
2026-05-21 22:15:00+00:00,1.34303,1.34314,1.34302,1.34307,267.00000
2026-05-21 22:30:00+00:00,1.34308,1.34333,1.34300,1.34329,439.00000
2026-05-21 22:45:00+00:00,1.34330,1.34339,1.34321,1.34325,327.00000
2026-05-21 23:00:00+00:00,1.34324,1.34337,1.34320,1.34330,296.00000
2026-05-21 23:15:00+00:00,1.34330,1.34331,1.34309,1.34322,148.00000
2026-05-21 23:30:00+00:00,1.34313,1.34322,1.34310,1.34311,248.00000
2026-05-21 23:45:00+00:00,1.34311,1.34339,1.34311,1.34321,701.00000
2026-05-22 00:00:00+00:00,1.34322,1.34326,1.34273,1.34275,1931.00000
2026-05-22 00:15:00+00:00,1.34276,1.34290,1.34258,1.34272,1488.00000
2026-05-22 00:30:00+00:00,1.34273,1.34283,1.34247,1.34265,1262.00000
2026-05-22 00:45:00+00:00,1.34264,1.34285,1.34256,1.34256,1139.00000
2026-05-22 01:00:00+00:00,1.34253,1.34269,1.34238,1.34262,1550.00000
2026-05-22 01:15:00+00:00,1.34261,1.34283,1.34249,1.34270,1286.00000
2026-05-22 01:30:00+00:00,1.34269,1.34301,1.34250,1.34282,1310.00000
2026-05-22 01:45:00+00:00,1.34281,1.34308,1.34253,1.34253,1116.00000
2026-05-22 02:00:00+00:00,1.34251,1.34276,1.34248,1.34265,1228.00000
2026-05-22 02:15:00+00:00,1.34266,1.34278,1.34258,1.34272,1020.00000
2026-05-22 02:30:00+00:00,1.34271,1.34305,1.34268,1.34296,935.00000
2026-05-22 02:45:00+00:00,1.34295,1.34298,1.34246,1.34272,1168.00000
2026-05-22 03:00:00+00:00,1.34271,1.34285,1.34235,1.34239,881.00000
2026-05-22 03:15:00+00:00,1.34238,1.34260,1.34232,1.34250,866.00000
2026-05-22 03:30:00+00:00,1.34249,1.34267,1.34242,1.34261,699.00000
2026-05-22 03:45:00+00:00,1.34262,1.34271,1.34252,1.34263,530.00000
2026-05-22 04:00:00+00:00,1.34262,1.34300,1.34255,1.34299,607.00000
2026-05-22 04:15:00+00:00,1.34298,1.34311,1.34291,1.34294,806.00000
2026-05-22 04:30:00+00:00,1.34293,1.34300,1.34276,1.34299,756.00000
2026-05-22 04:45:00+00:00,1.34300,1.34320,1.34293,1.34305,458.00000
2026-05-22 05:00:00+00:00,1.34304,1.34326,1.34300,1.34304,769.00000
2026-05-22 05:15:00+00:00,1.34303,1.34313,1.34293,1.34300,635.00000
2026-05-22 05:30:00+00:00,1.34302,1.34319,1.34283,1.34293,596.00000
2026-05-22 05:45:00+00:00,1.34296,1.34312,1.34196,1.34227,1408.00000
2026-05-22 06:00:00+00:00,1.34226,1.34265,1.34171,1.34252,1774.00000
2026-05-22 06:15:00+00:00,1.34251,1.34285,1.34209,1.34276,1505.00000
2026-05-22 06:30:00+00:00,1.34275,1.34283,1.34176,1.34223,1680.00000
2026-05-22 06:45:00+00:00,1.34224,1.34252,1.34200,1.34245,1693.00000
2026-05-22 07:00:00+00:00,1.34246,1.34246,1.34133,1.34144,1698.00000
2026-05-22 07:15:00+00:00,1.34146,1.34255,1.34145,1.34254,1408.00000
2026-05-22 07:30:00+00:00,1.34255,1.34255,1.34213,1.34228,1574.00000
2026-05-22 07:45:00+00:00,1.34229,1.34259,1.34212,1.34251,1091.00000
2026-05-22 08:00:00+00:00,1.34250,1.34305,1.34250,1.34268,1494.00000
2026-05-22 08:15:00+00:00,1.34270,1.34387,1.34267,1.34340,2086.00000
2026-05-22 08:30:00+00:00,1.34341,1.34352,1.34231,1.34300,2635.00000
2026-05-22 08:45:00+00:00,1.34299,1.34318,1.34254,1.34261,1563.00000
2026-05-22 09:00:00+00:00,1.34260,1.34282,1.34192,1.34198,1972.00000
2026-05-22 09:15:00+00:00,1.34197,1.34243,1.34167,1.34223,1460.00000
2026-05-22 09:30:00+00:00,1.34222,1.34273,1.34211,1.34233,1270.00000
2026-05-22 09:45:00+00:00,1.34236,1.34282,1.34232,1.34274,1388.00000
2026-05-22 10:00:00+00:00,1.34275,1.34324,1.34269,1.34304,1298.00000
2026-05-22 10:15:00+00:00,1.34299,1.34323,1.34256,1.34260,1152.00000
2026-05-22 10:30:00+00:00,1.34259,1.34270,1.34207,1.34238,1648.00000
2026-05-22 10:45:00+00:00,1.34239,1.34254,1.34208,1.34232,1610.00000
2026-05-22 11:00:00+00:00,1.34233,1.34239,1.34187,1.34203,1480.00000
2026-05-22 11:15:00+00:00,1.34204,1.34223,1.34193,1.34198,1118.00000
2026-05-22 11:30:00+00:00,1.34197,1.34239,1.34189,1.34228,1148.00000
2026-05-22 11:45:00+00:00,1.34227,1.34257,1.34202,1.34210,2156.00000
2026-05-22 12:00:00+00:00,1.34209,1.34298,1.34163,1.34269,2832.00000
2026-05-22 12:15:00+00:00,1.34270,1.34311,1.34194,1.34229,3250.00000
2026-05-22 12:30:00+00:00,1.34230,1.34271,1.34218,1.34262,1295.00000
2026-05-22 12:45:00+00:00,1.34263,1.34371,1.34262,1.34366,1527.00000
2026-05-22 13:00:00+00:00,1.34371,1.34631,1.34354,1.34509,3121.00000
2026-05-22 13:15:00+00:00,1.34510,1.34528,1.34430,1.34487,2432.00000
2026-05-22 13:30:00+00:00,1.34485,1.34490,1.34370,1.34402,3878.00000
2026-05-22 13:45:00+00:00,1.34398,1.34419,1.34332,1.34378,2831.00000
2026-05-22 14:00:00+00:00,1.34376,1.34379,1.34207,1.34217,4313.00000
2026-05-22 14:15:00+00:00,1.34216,1.34241,1.34180,1.34231,3322.00000
2026-05-22 14:30:00+00:00,1.34235,1.34329,1.34216,1.34328,2900.00000
2026-05-22 14:45:00+00:00,1.34329,1.34376,1.34237,1.34342,3349.00000
2026-05-22 15:00:00+00:00,1.34343,1.34401,1.34292,1.34367,2458.00000
2026-05-22 15:15:00+00:00,1.34366,1.34423,1.34350,1.34389,2144.00000
2026-05-22 15:30:00+00:00,1.34395,1.34434,1.34371,1.34412,2283.00000
2026-05-22 15:45:00+00:00,1.34413,1.34426,1.34359,1.34369,2164.00000
2026-05-22 16:00:00+00:00,1.34368,1.34408,1.34336,1.34393,2278.00000
2026-05-22 16:15:00+00:00,1.34392,1.34451,1.34367,1.34449,2109.00000
2026-05-22 16:30:00+00:00,1.34450,1.34467,1.34397,1.34422,1850.00000
2026-05-22 16:45:00+00:00,1.34421,1.34455,1.34416,1.34444,1890.00000
2026-05-22 17:00:00+00:00,1.34443,1.34481,1.34441,1.34470,1668.00000
2026-05-22 17:15:00+00:00,1.34471,1.34506,1.34425,1.34499,2372.00000
2026-05-22 17:30:00+00:00,1.34506,1.34535,1.34462,1.34498,2746.00000
2026-05-22 17:45:00+00:00,1.34499,1.34513,1.34460,1.34493,1604.00000
2026-05-22 18:00:00+00:00,1.34494,1.34507,1.34441,1.34464,1930.00000
2026-05-22 18:15:00+00:00,1.34462,1.34472,1.34450,1.34450,1246.00000
2026-05-22 18:30:00+00:00,1.34449,1.34513,1.34439,1.34470,1134.00000
2026-05-22 18:45:00+00:00,1.34471,1.34500,1.34462,1.34482,940.00000
2026-05-22 19:00:00+00:00,1.34481,1.34484,1.34401,1.34417,1598.00000
2026-05-22 19:15:00+00:00,1.34416,1.34435,1.34411,1.34414,957.00000
2026-05-22 19:30:00+00:00,1.34413,1.34422,1.34399,1.34401,1274.00000
2026-05-22 19:45:00+00:00,1.34400,1.34419,1.34382,1.34402,1446.00000
2026-05-22 20:00:00+00:00,1.34401,1.34418,1.34394,1.34409,937.00000
2026-05-22 20:15:00+00:00,1.34412,1.34423,1.34400,1.34408,678.00000
2026-05-22 20:30:00+00:00,1.34407,1.34408,1.34357,1.34368,1252.00000
2026-05-22 20:45:00+00:00,1.34368,1.34373,1.34274,1.34295,1269.00000
2026-05-24 21:00:00+00:00,1.34610,1.34610,1.34496,1.34578,116.00000
2026-05-24 21:15:00+00:00,1.34576,1.34610,1.34496,1.34601,146.00000
2026-05-24 21:30:00+00:00,1.34598,1.34607,1.34526,1.34562,138.00000
2026-05-24 21:45:00+00:00,1.34561,1.34569,1.34494,1.34562,100.00000
2026-05-24 22:00:00+00:00,1.34565,1.34779,1.34514,1.34764,1092.00000
2026-05-24 22:15:00+00:00,1.34765,1.34842,1.34748,1.34827,669.00000
2026-05-24 22:30:00+00:00,1.34827,1.34857,1.34804,1.34818,792.00000
2026-05-24 22:45:00+00:00,1.34817,1.34840,1.34799,1.34839,529.00000
2026-05-24 23:00:00+00:00,1.34839,1.34883,1.34838,1.34868,588.00000
2026-05-24 23:15:00+00:00,1.34869,1.34871,1.34839,1.34843,357.00000
2026-05-24 23:30:00+00:00,1.34842,1.34858,1.34830,1.34847,622.00000
2026-05-24 23:45:00+00:00,1.34848,1.34855,1.34808,1.34812,1168.00000
2026-05-25 00:00:00+00:00,1.34811,1.34820,1.34788,1.34802,1267.00000
2026-05-25 00:15:00+00:00,1.34801,1.34829,1.34786,1.34817,1314.00000
2026-05-25 00:30:00+00:00,1.34818,1.34831,1.34770,1.34779,857.00000
2026-05-25 00:45:00+00:00,1.34780,1.34882,1.34774,1.34791,1923.00000
2026-05-25 01:00:00+00:00,1.34790,1.34871,1.34775,1.34870,1949.00000
2026-05-25 01:15:00+00:00,1.34869,1.34904,1.34861,1.34898,1203.00000
2026-05-25 01:30:00+00:00,1.34899,1.34906,1.34820,1.34836,1509.00000
2026-05-25 01:45:00+00:00,1.34837,1.34851,1.34790,1.34799,932.00000
2026-05-25 02:00:00+00:00,1.34801,1.34836,1.34796,1.34796,916.00000
2026-05-25 02:15:00+00:00,1.34798,1.34817,1.34788,1.34811,834.00000
2026-05-25 02:30:00+00:00,1.34813,1.34819,1.34786,1.34803,777.00000
2026-05-25 02:45:00+00:00,1.34804,1.34807,1.34755,1.34768,714.00000
2026-05-25 03:00:00+00:00,1.34769,1.34790,1.34740,1.34758,1013.00000
2026-05-25 03:15:00+00:00,1.34759,1.34786,1.34749,1.34765,1171.00000
2026-05-25 03:30:00+00:00,1.34766,1.34794,1.34761,1.34764,1034.00000
2026-05-25 03:45:00+00:00,1.34762,1.34762,1.34743,1.34751,843.00000
2026-05-25 04:00:00+00:00,1.34750,1.34764,1.34745,1.34750,685.00000
2026-05-25 04:15:00+00:00,1.34749,1.34769,1.34746,1.34769,583.00000
2026-05-25 04:30:00+00:00,1.34770,1.34812,1.34769,1.34811,525.00000
2026-05-25 04:45:00+00:00,1.34812,1.34855,1.34809,1.34832,647.00000
2026-05-25 05:00:00+00:00,1.34831,1.34890,1.34831,1.34862,986.00000
2026-05-25 05:15:00+00:00,1.34860,1.34871,1.34853,1.34866,636.00000
2026-05-25 05:30:00+00:00,1.34865,1.34880,1.34853,1.34870,921.00000
2026-05-25 05:45:00+00:00,1.34869,1.34881,1.34811,1.34824,955.00000
2026-05-25 06:00:00+00:00,1.34822,1.34842,1.34801,1.34835,1300.00000
2026-05-25 06:15:00+00:00,1.34836,1.34836,1.34786,1.34805,1117.00000
2026-05-25 06:30:00+00:00,1.34802,1.34853,1.34789,1.34816,1116.00000
2026-05-25 06:45:00+00:00,1.34815,1.34873,1.34815,1.34861,1225.00000
2026-05-25 07:00:00+00:00,1.34865,1.34865,1.34787,1.34821,1628.00000
2026-05-25 07:15:00+00:00,1.34820,1.34822,1.34699,1.34738,2075.00000
2026-05-25 07:30:00+00:00,1.34739,1.34801,1.34737,1.34768,1842.00000
2026-05-25 07:45:00+00:00,1.34767,1.34848,1.34756,1.34847,1217.00000
2026-05-25 08:00:00+00:00,1.34849,1.34898,1.34786,1.34870,1560.00000
2026-05-25 08:15:00+00:00,1.34871,1.34887,1.34861,1.34876,727.00000
2026-05-25 08:30:00+00:00,1.34877,1.34909,1.34867,1.34870,988.00000
2026-05-25 08:45:00+00:00,1.34870,1.34938,1.34868,1.34936,866.00000
2026-05-25 09:00:00+00:00,1.34937,1.34957,1.34926,1.34928,628.00000
2026-05-25 09:15:00+00:00,1.34929,1.34953,1.34915,1.34936,610.00000
2026-05-25 09:30:00+00:00,1.34937,1.34957,1.34932,1.34957,526.00000
2026-05-25 09:45:00+00:00,1.34958,1.34960,1.34925,1.34928,544.00000
2026-05-25 10:00:00+00:00,1.34927,1.34948,1.34914,1.34914,658.00000
2026-05-25 10:15:00+00:00,1.34913,1.34936,1.34891,1.34905,642.00000
2026-05-25 10:30:00+00:00,1.34902,1.34919,1.34896,1.34918,604.00000
2026-05-25 10:45:00+00:00,1.34925,1.34926,1.34899,1.34912,454.00000
2026-05-25 11:00:00+00:00,1.34913,1.34914,1.34875,1.34907,654.00000
2026-05-25 11:15:00+00:00,1.34908,1.34954,1.34908,1.34953,476.00000
2026-05-25 11:30:00+00:00,1.34954,1.35045,1.34952,1.35043,1079.00000
2026-05-25 11:45:00+00:00,1.35045,1.35062,1.34982,1.34984,1186.00000
2026-05-25 12:00:00+00:00,1.34987,1.35020,1.34971,1.35009,1278.00000
2026-05-25 12:15:00+00:00,1.35010,1.35024,1.34991,1.34997,1018.00000
2026-05-25 12:30:00+00:00,1.34998,1.35061,1.34997,1.35052,1075.00000
2026-05-25 12:45:00+00:00,1.35051,1.35067,1.35002,1.35007,1400.00000
2026-05-25 13:00:00+00:00,1.35005,1.35032,1.34987,1.34997,1117.00000
2026-05-25 13:15:00+00:00,1.34992,1.35022,1.34984,1.35017,944.00000
2026-05-25 13:30:00+00:00,1.35019,1.35040,1.34989,1.34990,1177.00000
2026-05-25 13:45:00+00:00,1.34991,1.35005,1.34939,1.34939,1054.00000
2026-05-25 14:00:00+00:00,1.34937,1.34979,1.34928,1.34942,1007.00000
2026-05-25 14:15:00+00:00,1.34941,1.34982,1.34941,1.34968,715.00000
2026-05-25 14:30:00+00:00,1.34969,1.35011,1.34949,1.35008,820.00000
2026-05-25 14:45:00+00:00,1.35007,1.35020,1.34977,1.35008,1292.00000
2026-05-25 15:00:00+00:00,1.35007,1.35053,1.34959,1.35002,2068.00000
2026-05-25 15:15:00+00:00,1.35003,1.35040,1.34989,1.35027,1214.00000
2026-05-25 15:30:00+00:00,1.35028,1.35049,1.35011,1.35047,625.00000
2026-05-25 15:45:00+00:00,1.35048,1.35053,1.35017,1.35019,488.00000
2026-05-25 16:00:00+00:00,1.35018,1.35021,1.34993,1.35011,494.00000
2026-05-25 16:15:00+00:00,1.35010,1.35018,1.34999,1.35002,472.00000
2026-05-25 16:30:00+00:00,1.35001,1.35017,1.34990,1.35012,846.00000
2026-05-25 16:45:00+00:00,1.35014,1.35050,1.35010,1.35040,863.00000
2026-05-25 17:00:00+00:00,1.35041,1.35054,1.35033,1.35045,256.00000
2026-05-25 17:15:00+00:00,1.35046,1.35066,1.35046,1.35065,209.00000
2026-05-25 17:30:00+00:00,1.35064,1.35074,1.35055,1.35068,250.00000
2026-05-25 17:45:00+00:00,1.35067,1.35067,1.35041,1.35057,249.00000
2026-05-25 18:00:00+00:00,1.35056,1.35071,1.35048,1.35066,263.00000
2026-05-25 18:15:00+00:00,1.35067,1.35068,1.35054,1.35057,179.00000
2026-05-25 18:30:00+00:00,1.35058,1.35072,1.35052,1.35055,272.00000
2026-05-25 18:45:00+00:00,1.35056,1.35072,1.35055,1.35070,251.00000
2026-05-25 19:00:00+00:00,1.35069,1.35070,1.35057,1.35060,193.00000
2026-05-25 19:15:00+00:00,1.35061,1.35072,1.35057,1.35067,320.00000
2026-05-25 19:30:00+00:00,1.35068,1.35091,1.35057,1.35086,346.00000
2026-05-25 19:45:00+00:00,1.35085,1.35091,1.35073,1.35081,219.00000
2026-05-25 20:00:00+00:00,1.35082,1.35085,1.35076,1.35080,159.00000
2026-05-25 20:15:00+00:00,1.35079,1.35083,1.35064,1.35079,160.00000
2026-05-25 20:30:00+00:00,1.35079,1.35082,1.35055,1.35068,283.00000
2026-05-25 20:45:00+00:00,1.35068,1.35080,1.35066,1.35067,349.00000
2026-05-25 21:00:00+00:00,1.35003,1.35065,1.34951,1.35012,160.00000
2026-05-25 21:15:00+00:00,1.35014,1.35024,1.34969,1.35005,134.00000
2026-05-25 21:30:00+00:00,1.35006,1.35049,1.34996,1.35029,862.00000
2026-05-25 21:45:00+00:00,1.35027,1.35042,1.34967,1.35032,314.00000
2026-05-25 22:00:00+00:00,1.35033,1.35053,1.35000,1.35039,587.00000
2026-05-25 22:15:00+00:00,1.35038,1.35041,1.35025,1.35031,311.00000
2026-05-25 22:30:00+00:00,1.35032,1.35050,1.35022,1.35048,308.00000
2026-05-25 22:45:00+00:00,1.35049,1.35052,1.35030,1.35031,171.00000
2026-05-25 23:00:00+00:00,1.35032,1.35051,1.35029,1.35036,281.00000
2026-05-25 23:15:00+00:00,1.35036,1.35041,1.35002,1.35009,237.00000
2026-05-25 23:30:00+00:00,1.35007,1.35009,1.34977,1.34983,437.00000
2026-05-25 23:45:00+00:00,1.34982,1.35020,1.34955,1.34957,794.00000
2026-05-26 00:00:00+00:00,1.34957,1.34968,1.34927,1.34931,2091.00000
2026-05-26 00:15:00+00:00,1.34930,1.34945,1.34881,1.34927,1558.00000
2026-05-26 00:30:00+00:00,1.34928,1.34942,1.34908,1.34919,1014.00000
2026-05-26 00:45:00+00:00,1.34918,1.34956,1.34907,1.34945,1010.00000
2026-05-26 01:00:00+00:00,1.34944,1.34951,1.34891,1.34936,1763.00000
2026-05-26 01:15:00+00:00,1.34937,1.34940,1.34897,1.34907,1443.00000
2026-05-26 01:30:00+00:00,1.34908,1.34912,1.34826,1.34843,1439.00000
2026-05-26 01:45:00+00:00,1.34842,1.34877,1.34836,1.34871,998.00000
2026-05-26 02:00:00+00:00,1.34869,1.34902,1.34865,1.34869,832.00000
2026-05-26 02:15:00+00:00,1.34870,1.34885,1.34862,1.34870,740.00000
2026-05-26 02:30:00+00:00,1.34871,1.34882,1.34842,1.34846,716.00000
2026-05-26 02:45:00+00:00,1.34848,1.34879,1.34831,1.34872,619.00000
2026-05-26 03:00:00+00:00,1.34873,1.34897,1.34867,1.34882,546.00000
2026-05-26 03:15:00+00:00,1.34883,1.34921,1.34882,1.34890,722.00000
2026-05-26 03:30:00+00:00,1.34889,1.34898,1.34878,1.34882,514.00000
2026-05-26 03:45:00+00:00,1.34881,1.34889,1.34869,1.34887,549.00000
2026-05-26 04:00:00+00:00,1.34888,1.34890,1.34852,1.34889,542.00000
2026-05-26 04:15:00+00:00,1.34886,1.34886,1.34853,1.34854,376.00000
2026-05-26 04:30:00+00:00,1.34853,1.34869,1.34841,1.34847,424.00000
2026-05-26 04:45:00+00:00,1.34846,1.34846,1.34806,1.34809,554.00000
2026-05-26 05:00:00+00:00,1.34808,1.34816,1.34781,1.34788,804.00000
2026-05-26 05:15:00+00:00,1.34783,1.34794,1.34775,1.34784,676.00000
2026-05-26 05:30:00+00:00,1.34783,1.34798,1.34767,1.34778,750.00000
2026-05-26 05:45:00+00:00,1.34776,1.34779,1.34745,1.34751,582.00000
2026-05-26 06:00:00+00:00,1.34750,1.34768,1.34737,1.34768,1192.00000
2026-05-26 06:15:00+00:00,1.34767,1.34852,1.34759,1.34799,1551.00000
2026-05-26 06:30:00+00:00,1.34798,1.34811,1.34751,1.34791,1579.00000
2026-05-26 06:45:00+00:00,1.34792,1.34802,1.34765,1.34777,1620.00000
2026-05-26 07:00:00+00:00,1.34779,1.34783,1.34648,1.34739,3002.00000
2026-05-26 07:15:00+00:00,1.34738,1.34741,1.34677,1.34712,1803.00000
2026-05-26 07:30:00+00:00,1.34715,1.34773,1.34683,1.34706,2599.00000
2026-05-26 07:45:00+00:00,1.34707,1.34757,1.34678,1.34748,1980.00000
2026-05-26 08:00:00+00:00,1.34750,1.34811,1.34717,1.34762,2257.00000
2026-05-26 08:15:00+00:00,1.34761,1.34795,1.34736,1.34757,1341.00000
2026-05-26 08:30:00+00:00,1.34756,1.34782,1.34723,1.34728,1556.00000
2026-05-26 08:45:00+00:00,1.34729,1.34793,1.34719,1.34749,1391.00000
2026-05-26 09:00:00+00:00,1.34752,1.34787,1.34724,1.34779,1538.00000
2026-05-26 09:15:00+00:00,1.34775,1.34819,1.34752,1.34817,1446.00000
2026-05-26 09:30:00+00:00,1.34819,1.34833,1.34784,1.34788,1172.00000
2026-05-26 09:45:00+00:00,1.34789,1.34851,1.34786,1.34838,1396.00000
2026-05-26 10:00:00+00:00,1.34837,1.34837,1.34779,1.34812,1504.00000
2026-05-26 10:15:00+00:00,1.34813,1.34840,1.34792,1.34832,1280.00000
2026-05-26 10:30:00+00:00,1.34833,1.34863,1.34805,1.34826,2064.00000
2026-05-26 10:45:00+00:00,1.34827,1.34893,1.34815,1.34849,1390.00000
2026-05-26 11:00:00+00:00,1.34850,1.34895,1.34839,1.34849,1540.00000
2026-05-26 11:15:00+00:00,1.34850,1.34889,1.34807,1.34809,1422.00000
2026-05-26 11:30:00+00:00,1.34811,1.34823,1.34696,1.34697,2530.00000
2026-05-26 11:45:00+00:00,1.34696,1.34712,1.34685,1.34692,1988.00000
2026-05-26 12:00:00+00:00,1.34690,1.34714,1.34659,1.34691,2264.00000
2026-05-26 12:15:00+00:00,1.34687,1.34750,1.34684,1.34742,1628.00000
2026-05-26 12:30:00+00:00,1.34741,1.34742,1.34683,1.34699,1752.00000
2026-05-26 12:45:00+00:00,1.34700,1.34719,1.34666,1.34671,1844.00000
2026-05-26 13:00:00+00:00,1.34670,1.34690,1.34645,1.34667,2240.00000
2026-05-26 13:15:00+00:00,1.34668,1.34703,1.34637,1.34639,2215.00000
2026-05-26 13:30:00+00:00,1.34640,1.34683,1.34624,1.34630,3286.00000
2026-05-26 13:45:00+00:00,1.34631,1.34680,1.34567,1.34636,3035.00000
2026-05-26 14:00:00+00:00,1.34635,1.34689,1.34605,1.34621,3228.00000
2026-05-26 14:15:00+00:00,1.34620,1.34640,1.34581,1.34605,2312.00000
2026-05-26 14:30:00+00:00,1.34604,1.34690,1.34592,1.34613,2782.00000
2026-05-26 14:45:00+00:00,1.34612,1.34635,1.34497,1.34498,3004.00000
2026-05-26 15:00:00+00:00,1.34495,1.34503,1.34419,1.34443,2866.00000
2026-05-26 15:15:00+00:00,1.34442,1.34447,1.34347,1.34423,2212.00000
2026-05-26 15:30:00+00:00,1.34424,1.34449,1.34361,1.34388,2403.00000
2026-05-26 15:45:00+00:00,1.34387,1.34411,1.34347,1.34358,2042.00000
2026-05-26 16:00:00+00:00,1.34360,1.34438,1.34348,1.34423,1797.00000
2026-05-26 16:15:00+00:00,1.34424,1.34489,1.34423,1.34457,1476.00000
2026-05-26 16:30:00+00:00,1.34456,1.34479,1.34410,1.34412,1512.00000
2026-05-26 16:45:00+00:00,1.34414,1.34429,1.34397,1.34412,1676.00000
2026-05-26 17:00:00+00:00,1.34414,1.34482,1.34410,1.34461,1186.00000
2026-05-26 17:15:00+00:00,1.34458,1.34472,1.34428,1.34431,800.00000
2026-05-26 17:30:00+00:00,1.34430,1.34464,1.34390,1.34397,1120.00000
2026-05-26 17:45:00+00:00,1.34398,1.34424,1.34385,1.34412,1148.00000
2026-05-26 18:00:00+00:00,1.34413,1.34433,1.34394,1.34428,1104.00000
2026-05-26 18:15:00+00:00,1.34432,1.34436,1.34410,1.34420,992.00000
2026-05-26 18:30:00+00:00,1.34421,1.34442,1.34410,1.34430,1270.00000
2026-05-26 18:45:00+00:00,1.34431,1.34461,1.34430,1.34449,898.00000
2026-05-26 19:00:00+00:00,1.34448,1.34458,1.34427,1.34427,1000.00000
2026-05-26 19:15:00+00:00,1.34428,1.34461,1.34426,1.34449,672.00000
2026-05-26 19:30:00+00:00,1.34450,1.34490,1.34450,1.34486,866.00000
2026-05-26 19:45:00+00:00,1.34485,1.34500,1.34476,1.34487,1168.00000
2026-05-26 20:00:00+00:00,1.34488,1.34538,1.34484,1.34518,411.00000
2026-05-26 20:15:00+00:00,1.34519,1.34521,1.34480,1.34480,539.00000
2026-05-26 20:30:00+00:00,1.34479,1.34502,1.34475,1.34480,292.00000
2026-05-26 20:45:00+00:00,1.34480,1.34489,1.34451,1.34465,616.00000
2026-05-26 21:00:00+00:00,1.34426,1.34469,1.34421,1.34458,88.00000
2026-05-26 21:15:00+00:00,1.34459,1.34471,1.34451,1.34470,455.00000
2026-05-26 21:30:00+00:00,1.34475,1.34532,1.34452,1.34492,902.00000
2026-05-26 21:45:00+00:00,1.34489,1.34514,1.34454,1.34479,640.00000
2026-05-26 22:00:00+00:00,1.34480,1.34506,1.34468,1.34478,1207.00000
2026-05-26 22:15:00+00:00,1.34477,1.34490,1.34473,1.34486,359.00000
2026-05-26 22:30:00+00:00,1.34484,1.34493,1.34480,1.34491,266.00000
2026-05-26 22:45:00+00:00,1.34488,1.34507,1.34487,1.34504,368.00000
2026-05-26 23:00:00+00:00,1.34503,1.34512,1.34499,1.34507,246.00000
2026-05-26 23:15:00+00:00,1.34508,1.34545,1.34508,1.34545,213.00000
2026-05-26 23:30:00+00:00,1.34542,1.34588,1.34539,1.34581,252.00000
2026-05-26 23:45:00+00:00,1.34583,1.34590,1.34544,1.34548,662.00000
2026-05-27 00:00:00+00:00,1.34546,1.34576,1.34543,1.34567,1190.00000
2026-05-27 00:15:00+00:00,1.34568,1.34577,1.34554,1.34565,1025.00000
2026-05-27 00:30:00+00:00,1.34565,1.34567,1.34546,1.34564,1081.00000
2026-05-27 00:45:00+00:00,1.34565,1.34579,1.34543,1.34556,1356.00000
2026-05-27 01:00:00+00:00,1.34557,1.34557,1.34535,1.34548,1436.00000
2026-05-27 01:15:00+00:00,1.34547,1.34556,1.34520,1.34530,1068.00000
2026-05-27 01:30:00+00:00,1.34531,1.34531,1.34472,1.34496,2021.00000
2026-05-27 01:45:00+00:00,1.34495,1.34497,1.34459,1.34471,1201.00000
2026-05-27 02:00:00+00:00,1.34472,1.34527,1.34471,1.34498,1807.00000
2026-05-27 02:15:00+00:00,1.34499,1.34514,1.34482,1.34492,929.00000
2026-05-27 02:30:00+00:00,1.34493,1.34509,1.34486,1.34496,1054.00000
2026-05-27 02:45:00+00:00,1.34495,1.34541,1.34495,1.34525,931.00000
2026-05-27 03:00:00+00:00,1.34524,1.34587,1.34524,1.34554,834.00000
2026-05-27 03:15:00+00:00,1.34553,1.34561,1.34538,1.34551,656.00000
2026-05-27 03:30:00+00:00,1.34552,1.34557,1.34530,1.34546,700.00000
2026-05-27 03:45:00+00:00,1.34545,1.34551,1.34532,1.34547,701.00000
2026-05-27 04:00:00+00:00,1.34546,1.34562,1.34542,1.34550,708.00000
2026-05-27 04:15:00+00:00,1.34549,1.34566,1.34528,1.34529,824.00000
2026-05-27 04:30:00+00:00,1.34528,1.34557,1.34527,1.34557,776.00000
2026-05-27 04:45:00+00:00,1.34556,1.34557,1.34533,1.34541,603.00000
2026-05-27 05:00:00+00:00,1.34540,1.34569,1.34534,1.34557,784.00000
2026-05-27 05:15:00+00:00,1.34556,1.34567,1.34539,1.34560,660.00000
2026-05-27 05:30:00+00:00,1.34565,1.34565,1.34521,1.34538,1159.00000
2026-05-27 05:45:00+00:00,1.34537,1.34545,1.34491,1.34497,1053.00000
2026-05-27 06:00:00+00:00,1.34494,1.34502,1.34461,1.34468,1546.00000
2026-05-27 06:15:00+00:00,1.34467,1.34480,1.34448,1.34469,1468.00000
2026-05-27 06:30:00+00:00,1.34468,1.34546,1.34444,1.34544,1507.00000
2026-05-27 06:45:00+00:00,1.34544,1.34561,1.34504,1.34524,1545.00000
2026-05-27 07:00:00+00:00,1.34525,1.34565,1.34498,1.34501,1754.00000
2026-05-27 07:15:00+00:00,1.34500,1.34508,1.34468,1.34479,1550.00000
2026-05-27 07:30:00+00:00,1.34480,1.34491,1.34463,1.34488,1425.00000
2026-05-27 07:45:00+00:00,1.34487,1.34488,1.34420,1.34430,1571.00000
2026-05-27 08:00:00+00:00,1.34429,1.34511,1.34411,1.34482,1852.00000
2026-05-27 08:15:00+00:00,1.34485,1.34520,1.34431,1.34472,1473.00000
2026-05-27 08:30:00+00:00,1.34468,1.34473,1.34427,1.34458,1400.00000
2026-05-27 08:45:00+00:00,1.34457,1.34475,1.34417,1.34465,1380.00000
2026-05-27 09:00:00+00:00,1.34464,1.34511,1.34451,1.34489,1439.00000
2026-05-27 09:15:00+00:00,1.34490,1.34522,1.34474,1.34500,1226.00000
2026-05-27 09:30:00+00:00,1.34499,1.34501,1.34457,1.34459,830.00000
2026-05-27 09:45:00+00:00,1.34460,1.34522,1.34451,1.34454,1404.00000
2026-05-27 10:00:00+00:00,1.34453,1.34463,1.34427,1.34432,1318.00000
2026-05-27 10:15:00+00:00,1.34431,1.34432,1.34361,1.34374,1378.00000
2026-05-27 10:30:00+00:00,1.34372,1.34413,1.34362,1.34413,1384.00000
2026-05-27 10:45:00+00:00,1.34420,1.34423,1.34387,1.34409,1242.00000
2026-05-27 11:00:00+00:00,1.34412,1.34428,1.34343,1.34399,1472.00000
2026-05-27 11:15:00+00:00,1.34400,1.34416,1.34356,1.34359,1444.00000
2026-05-27 11:30:00+00:00,1.34357,1.34388,1.34346,1.34382,1532.00000
2026-05-27 11:45:00+00:00,1.34386,1.34387,1.34304,1.34349,1726.00000
2026-05-27 12:00:00+00:00,1.34350,1.34359,1.34316,1.34339,1896.00000
2026-05-27 12:15:00+00:00,1.34338,1.34567,1.34320,1.34532,5300.00000
2026-05-27 12:30:00+00:00,1.34536,1.34562,1.34485,1.34488,3666.00000
2026-05-27 12:45:00+00:00,1.34487,1.34492,1.34388,1.34399,2777.00000
2026-05-27 13:00:00+00:00,1.34401,1.34482,1.34394,1.34454,2596.00000
2026-05-27 13:15:00+00:00,1.34453,1.34481,1.34413,1.34439,2664.00000
2026-05-27 13:30:00+00:00,1.34434,1.34489,1.34417,1.34436,3430.00000
2026-05-27 13:45:00+00:00,1.34435,1.34479,1.34411,1.34467,3152.00000
2026-05-27 14:00:00+00:00,1.34472,1.34522,1.34427,1.34522,3427.00000
2026-05-27 14:15:00+00:00,1.34520,1.34581,1.34451,1.34487,3567.00000
2026-05-27 14:30:00+00:00,1.34486,1.34539,1.34396,1.34512,4152.00000
2026-05-27 14:45:00+00:00,1.34511,1.34535,1.34175,1.34189,4710.00000
2026-05-27 15:00:00+00:00,1.34187,1.34302,1.34165,1.34298,3487.00000
2026-05-27 15:15:00+00:00,1.34300,1.34300,1.34232,1.34279,2036.00000
2026-05-27 15:30:00+00:00,1.34280,1.34317,1.34244,1.34253,2850.00000
2026-05-27 15:45:00+00:00,1.34254,1.34292,1.34220,1.34292,2540.00000
2026-05-27 16:00:00+00:00,1.34293,1.34293,1.34203,1.34257,2595.00000
2026-05-27 16:15:00+00:00,1.34258,1.34319,1.34258,1.34289,1628.00000
2026-05-27 16:30:00+00:00,1.34290,1.34299,1.34273,1.34277,1502.00000
2026-05-27 16:45:00+00:00,1.34279,1.34317,1.34277,1.34309,1066.00000
2026-05-27 17:00:00+00:00,1.34310,1.34319,1.34189,1.34200,2539.00000
2026-05-27 17:15:00+00:00,1.34202,1.34226,1.34174,1.34188,1434.00000
2026-05-27 17:30:00+00:00,1.34187,1.34213,1.34173,1.34206,1172.00000
2026-05-27 17:45:00+00:00,1.34207,1.34286,1.34206,1.34267,1242.00000
2026-05-27 18:00:00+00:00,1.34266,1.34273,1.34222,1.34232,1480.00000
2026-05-27 18:15:00+00:00,1.34231,1.34276,1.34225,1.34270,1562.00000
2026-05-27 18:30:00+00:00,1.34269,1.34287,1.34256,1.34277,1144.00000
2026-05-27 18:45:00+00:00,1.34274,1.34311,1.34267,1.34299,1024.00000
2026-05-27 19:00:00+00:00,1.34298,1.34317,1.34286,1.34300,926.00000
2026-05-27 19:15:00+00:00,1.34301,1.34329,1.34293,1.34313,1022.00000
2026-05-27 19:30:00+00:00,1.34312,1.34331,1.34298,1.34311,1008.00000
2026-05-27 19:45:00+00:00,1.34310,1.34314,1.34293,1.34306,1126.00000
2026-05-27 20:00:00+00:00,1.34302,1.34328,1.34294,1.34317,656.00000
2026-05-27 20:15:00+00:00,1.34318,1.34319,1.34297,1.34300,302.00000
2026-05-27 20:30:00+00:00,1.34305,1.34316,1.34297,1.34303,335.00000
2026-05-27 20:45:00+00:00,1.34303,1.34305,1.34257,1.34269,546.00000
2026-05-27 21:00:00+00:00,1.34194,1.34252,1.34194,1.34248,127.00000
2026-05-27 21:15:00+00:00,1.34249,1.34251,1.34208,1.34249,45.00000
2026-05-27 21:30:00+00:00,1.34220,1.34268,1.34220,1.34263,229.00000
2026-05-27 21:45:00+00:00,1.34266,1.34287,1.34257,1.34260,705.00000
2026-05-27 22:00:00+00:00,1.34261,1.34305,1.34252,1.34297,615.00000
2026-05-27 22:15:00+00:00,1.34296,1.34306,1.34276,1.34276,352.00000
2026-05-27 22:30:00+00:00,1.34276,1.34289,1.34270,1.34277,437.00000
2026-05-27 22:45:00+00:00,1.34278,1.34279,1.34258,1.34278,311.00000
2026-05-27 23:00:00+00:00,1.34279,1.34285,1.34267,1.34282,192.00000
2026-05-27 23:15:00+00:00,1.34283,1.34291,1.34216,1.34225,702.00000
2026-05-27 23:30:00+00:00,1.34224,1.34224,1.34189,1.34207,601.00000
2026-05-27 23:45:00+00:00,1.34207,1.34208,1.34139,1.34160,1065.00000
2026-05-28 00:00:00+00:00,1.34161,1.34177,1.34147,1.34164,2034.00000
2026-05-28 00:15:00+00:00,1.34165,1.34200,1.34157,1.34189,1400.00000
2026-05-28 00:30:00+00:00,1.34188,1.34192,1.34147,1.34148,1166.00000
2026-05-28 00:45:00+00:00,1.34147,1.34158,1.34096,1.34135,1119.00000
2026-05-28 01:00:00+00:00,1.34137,1.34140,1.34097,1.34120,1363.00000
2026-05-28 01:15:00+00:00,1.34119,1.34133,1.34097,1.34104,1300.00000
2026-05-28 01:30:00+00:00,1.34109,1.34117,1.34052,1.34053,1275.00000
2026-05-28 01:45:00+00:00,1.34052,1.34053,1.33975,1.33984,1217.00000
2026-05-28 02:00:00+00:00,1.33985,1.34029,1.33985,1.34028,1396.00000
2026-05-28 02:15:00+00:00,1.34027,1.34055,1.34020,1.34051,800.00000
2026-05-28 02:30:00+00:00,1.34050,1.34069,1.34008,1.34014,1026.00000
2026-05-28 02:45:00+00:00,1.34012,1.34020,1.34000,1.34017,910.00000
2026-05-28 03:00:00+00:00,1.34018,1.34036,1.33938,1.33940,1048.00000
2026-05-28 03:15:00+00:00,1.33941,1.33947,1.33882,1.33891,1868.00000
2026-05-28 03:30:00+00:00,1.33890,1.33891,1.33756,1.33759,2890.00000
2026-05-28 03:45:00+00:00,1.33757,1.33776,1.33687,1.33687,2020.00000
2026-05-28 04:00:00+00:00,1.33686,1.33750,1.33677,1.33734,1659.00000
2026-05-28 04:15:00+00:00,1.33732,1.33752,1.33708,1.33716,1687.00000
2026-05-28 04:30:00+00:00,1.33715,1.33782,1.33713,1.33763,1221.00000
2026-05-28 04:45:00+00:00,1.33768,1.33783,1.33751,1.33777,1041.00000
2026-05-28 05:00:00+00:00,1.33778,1.33794,1.33754,1.33790,913.00000
2026-05-28 05:15:00+00:00,1.33789,1.33843,1.33782,1.33839,876.00000
2026-05-28 05:30:00+00:00,1.33840,1.33944,1.33838,1.33930,1457.00000
2026-05-28 05:45:00+00:00,1.33931,1.33961,1.33921,1.33922,1169.00000
2026-05-28 06:00:00+00:00,1.33921,1.33992,1.33907,1.33984,1583.00000
2026-05-28 06:15:00+00:00,1.33983,1.34022,1.33959,1.33994,1666.00000
2026-05-28 06:30:00+00:00,1.33996,1.34079,1.33988,1.34064,1875.00000
2026-05-28 06:45:00+00:00,1.34063,1.34078,1.34026,1.34039,1507.00000
2026-05-28 07:00:00+00:00,1.34040,1.34115,1.34040,1.34106,2897.00000
2026-05-28 07:15:00+00:00,1.34109,1.34109,1.34006,1.34029,3786.00000
2026-05-28 07:30:00+00:00,1.34030,1.34068,1.33996,1.34027,2033.00000
2026-05-28 07:45:00+00:00,1.34026,1.34054,1.34014,1.34025,1818.00000
2026-05-28 08:00:00+00:00,1.34031,1.34070,1.33979,1.33997,2020.00000
2026-05-28 08:15:00+00:00,1.33994,1.34028,1.33956,1.33994,1817.00000
2026-05-28 08:30:00+00:00,1.33993,1.34004,1.33950,1.33961,1537.00000
2026-05-28 08:45:00+00:00,1.33961,1.34039,1.33956,1.34018,1250.00000
2026-05-28 09:00:00+00:00,1.34017,1.34079,1.34003,1.34068,1559.00000
2026-05-28 09:15:00+00:00,1.34067,1.34098,1.34041,1.34043,1726.00000
2026-05-28 09:30:00+00:00,1.34042,1.34049,1.33986,1.33987,1309.00000
2026-05-28 09:45:00+00:00,1.33980,1.34007,1.33947,1.33959,1602.00000
2026-05-28 10:00:00+00:00,1.33958,1.33973,1.33900,1.33942,1796.00000
2026-05-28 10:15:00+00:00,1.33948,1.33982,1.33909,1.33979,1942.00000
2026-05-28 10:30:00+00:00,1.33978,1.33981,1.33871,1.33882,1376.00000
2026-05-28 10:45:00+00:00,1.33881,1.33949,1.33867,1.33892,2699.00000
2026-05-28 11:00:00+00:00,1.33889,1.33962,1.33889,1.33960,1856.00000
2026-05-28 11:15:00+00:00,1.33961,1.34012,1.33960,1.34007,1047.00000
2026-05-28 11:30:00+00:00,1.34005,1.34033,1.33959,1.34028,1084.00000
2026-05-28 11:45:00+00:00,1.34029,1.34104,1.34009,1.34066,1754.00000
2026-05-28 12:00:00+00:00,1.34061,1.34081,1.34031,1.34068,1794.00000
2026-05-28 12:15:00+00:00,1.34067,1.34109,1.34056,1.34103,1629.00000
2026-05-28 12:30:00+00:00,1.34102,1.34228,1.34091,1.34196,3030.00000
2026-05-28 12:45:00+00:00,1.34201,1.34251,1.34181,1.34209,2561.00000
2026-05-28 13:00:00+00:00,1.34210,1.34282,1.34156,1.34158,2622.00000
2026-05-28 13:15:00+00:00,1.34157,1.34209,1.34140,1.34172,2092.00000
2026-05-28 13:30:00+00:00,1.34173,1.34251,1.34159,1.34231,3370.00000
2026-05-28 13:45:00+00:00,1.34229,1.34261,1.34126,1.34126,2631.00000
2026-05-28 14:00:00+00:00,1.34127,1.34510,1.34076,1.34375,4125.00000
2026-05-28 14:15:00+00:00,1.34380,1.34419,1.34308,1.34387,4971.00000
2026-05-28 14:30:00+00:00,1.34388,1.34441,1.34294,1.34349,4036.00000
2026-05-28 14:45:00+00:00,1.34350,1.34398,1.34254,1.34329,4428.00000
2026-05-28 15:00:00+00:00,1.34331,1.34420,1.34322,1.34400,3250.00000
2026-05-28 15:15:00+00:00,1.34401,1.34411,1.34345,1.34367,2471.00000
2026-05-28 15:30:00+00:00,1.34366,1.34410,1.34337,1.34365,2544.00000
2026-05-28 15:45:00+00:00,1.34366,1.34390,1.34347,1.34359,2004.00000
2026-05-28 16:00:00+00:00,1.34357,1.34404,1.34323,1.34398,2322.00000
2026-05-28 16:15:00+00:00,1.34402,1.34485,1.34387,1.34443,2762.00000
2026-05-28 16:30:00+00:00,1.34444,1.34462,1.34406,1.34434,1925.00000
2026-05-28 16:45:00+00:00,1.34437,1.34469,1.34415,1.34465,2008.00000
2026-05-28 17:00:00+00:00,1.34466,1.34482,1.34433,1.34458,1572.00000
2026-05-28 17:15:00+00:00,1.34459,1.34459,1.34412,1.34413,1492.00000
2026-05-28 17:30:00+00:00,1.34417,1.34460,1.34408,1.34412,1278.00000
2026-05-28 17:45:00+00:00,1.34411,1.34465,1.34411,1.34457,1634.00000
2026-05-28 18:00:00+00:00,1.34458,1.34477,1.34417,1.34443,1636.00000
2026-05-28 18:15:00+00:00,1.34444,1.34481,1.34387,1.34391,2290.00000
2026-05-28 18:30:00+00:00,1.34390,1.34396,1.34365,1.34384,1442.00000
2026-05-28 18:45:00+00:00,1.34385,1.34424,1.34384,1.34404,1026.00000
2026-05-28 19:00:00+00:00,1.34400,1.34407,1.34377,1.34386,1158.00000
2026-05-28 19:15:00+00:00,1.34385,1.34410,1.34383,1.34405,1016.00000
2026-05-28 19:30:00+00:00,1.34406,1.34441,1.34406,1.34415,1298.00000
2026-05-28 19:45:00+00:00,1.34414,1.34438,1.34384,1.34396,1642.00000
2026-05-28 20:00:00+00:00,1.34394,1.34420,1.34387,1.34407,1046.00000
2026-05-28 20:15:00+00:00,1.34407,1.34418,1.34389,1.34391,565.00000
2026-05-28 20:30:00+00:00,1.34393,1.34421,1.34392,1.34419,530.00000
2026-05-28 20:45:00+00:00,1.34418,1.34437,1.34415,1.34429,461.00000
2026-05-28 21:00:00+00:00,1.34437,1.34478,1.34387,1.34414,122.00000
2026-05-28 21:15:00+00:00,1.34413,1.34421,1.34388,1.34421,46.00000
2026-05-28 21:30:00+00:00,1.34423,1.34447,1.34409,1.34423,308.00000
2026-05-28 21:45:00+00:00,1.34424,1.34448,1.34403,1.34448,202.00000
2026-05-28 22:00:00+00:00,1.34424,1.34459,1.34414,1.34449,716.00000
2026-05-28 22:15:00+00:00,1.34449,1.34453,1.34437,1.34440,195.00000
2026-05-28 22:30:00+00:00,1.34440,1.34444,1.34420,1.34426,233.00000
2026-05-28 22:45:00+00:00,1.34425,1.34427,1.34410,1.34415,172.00000
2026-05-28 23:00:00+00:00,1.34416,1.34452,1.34414,1.34438,388.00000
2026-05-28 23:15:00+00:00,1.34439,1.34449,1.34436,1.34439,238.00000
2026-05-28 23:30:00+00:00,1.34434,1.34451,1.34429,1.34447,332.00000
2026-05-28 23:45:00+00:00,1.34445,1.34456,1.34434,1.34440,304.00000
2026-05-29 00:00:00+00:00,1.34440,1.34462,1.34435,1.34448,1198.00000
2026-05-29 00:15:00+00:00,1.34447,1.34488,1.34440,1.34458,1074.00000
2026-05-29 00:30:00+00:00,1.34457,1.34457,1.34406,1.34436,949.00000
2026-05-29 00:45:00+00:00,1.34435,1.34442,1.34396,1.34409,1147.00000
2026-05-29 01:00:00+00:00,1.34409,1.34468,1.34382,1.34468,1585.00000
2026-05-29 01:15:00+00:00,1.34467,1.34507,1.34458,1.34482,1275.00000
2026-05-29 01:30:00+00:00,1.34481,1.34485,1.34441,1.34443,1204.00000
2026-05-29 01:45:00+00:00,1.34444,1.34444,1.34388,1.34399,1227.00000
2026-05-29 02:00:00+00:00,1.34398,1.34429,1.34392,1.34426,1094.00000
2026-05-29 02:15:00+00:00,1.34427,1.34428,1.34397,1.34406,746.00000
2026-05-29 02:30:00+00:00,1.34406,1.34437,1.34396,1.34430,857.00000
2026-05-29 02:45:00+00:00,1.34431,1.34440,1.34383,1.34384,695.00000
2026-05-29 03:00:00+00:00,1.34386,1.34389,1.34342,1.34347,843.00000
2026-05-29 03:15:00+00:00,1.34349,1.34353,1.34330,1.34351,809.00000
2026-05-29 03:30:00+00:00,1.34352,1.34355,1.34314,1.34332,767.00000
2026-05-29 03:45:00+00:00,1.34331,1.34336,1.34305,1.34325,846.00000
2026-05-29 04:00:00+00:00,1.34326,1.34354,1.34321,1.34348,596.00000
2026-05-29 04:15:00+00:00,1.34347,1.34358,1.34326,1.34338,916.00000
2026-05-29 04:30:00+00:00,1.34339,1.34369,1.34326,1.34366,643.00000
2026-05-29 04:45:00+00:00,1.34367,1.34384,1.34363,1.34383,508.00000
2026-05-29 05:00:00+00:00,1.34386,1.34409,1.34377,1.34406,594.00000
2026-05-29 05:15:00+00:00,1.34403,1.34420,1.34399,1.34405,618.00000
2026-05-29 05:30:00+00:00,1.34402,1.34402,1.34361,1.34378,706.00000
2026-05-29 05:45:00+00:00,1.34377,1.34401,1.34369,1.34387,681.00000
2026-05-29 06:00:00+00:00,1.34386,1.34442,1.34371,1.34439,1373.00000
2026-05-29 06:15:00+00:00,1.34434,1.34434,1.34391,1.34398,1548.00000
2026-05-29 06:30:00+00:00,1.34399,1.34447,1.34357,1.34390,1776.00000
2026-05-29 06:45:00+00:00,1.34388,1.34438,1.34386,1.34422,1289.00000
2026-05-29 07:00:00+00:00,1.34415,1.34416,1.34316,1.34325,2043.00000
2026-05-29 07:15:00+00:00,1.34318,1.34339,1.34226,1.34237,1864.00000
2026-05-29 07:30:00+00:00,1.34236,1.34259,1.34177,1.34258,2116.00000
2026-05-29 07:45:00+00:00,1.34257,1.34277,1.34232,1.34259,1400.00000
2026-05-29 08:00:00+00:00,1.34252,1.34260,1.34188,1.34191,2442.00000
2026-05-29 08:15:00+00:00,1.34192,1.34216,1.34182,1.34198,1820.00000
2026-05-29 08:30:00+00:00,1.34202,1.34225,1.34156,1.34165,1292.00000
2026-05-29 08:45:00+00:00,1.34164,1.34165,1.34084,1.34116,1946.00000
2026-05-29 09:00:00+00:00,1.34115,1.34163,1.34094,1.34157,2007.00000
2026-05-29 09:15:00+00:00,1.34156,1.34194,1.34129,1.34152,1769.00000
2026-05-29 09:30:00+00:00,1.34153,1.34158,1.34106,1.34128,1540.00000
2026-05-29 09:45:00+00:00,1.34127,1.34191,1.34125,1.34176,1346.00000
2026-05-29 10:00:00+00:00,1.34177,1.34177,1.34128,1.34152,1438.00000
2026-05-29 10:15:00+00:00,1.34151,1.34179,1.34133,1.34143,1028.00000
2026-05-29 10:30:00+00:00,1.34142,1.34163,1.34115,1.34135,964.00000
2026-05-29 10:45:00+00:00,1.34136,1.34184,1.34102,1.34179,1424.00000
2026-05-29 11:00:00+00:00,1.34176,1.34203,1.34157,1.34164,1350.00000
2026-05-29 11:15:00+00:00,1.34162,1.34197,1.34155,1.34192,1506.00000
2026-05-29 11:30:00+00:00,1.34190,1.34258,1.34167,1.34250,1519.00000
2026-05-29 11:45:00+00:00,1.34251,1.34297,1.34196,1.34291,1934.00000
2026-05-29 12:00:00+00:00,1.34290,1.34300,1.34246,1.34287,1988.00000
2026-05-29 12:15:00+00:00,1.34284,1.34294,1.34230,1.34255,1328.00000
2026-05-29 12:30:00+00:00,1.34254,1.34297,1.34212,1.34297,1867.00000
2026-05-29 12:45:00+00:00,1.34295,1.34346,1.34270,1.34343,2234.00000
2026-05-29 13:00:00+00:00,1.34340,1.34356,1.34310,1.34349,2138.00000
2026-05-29 13:15:00+00:00,1.34350,1.34442,1.34349,1.34410,1848.00000
2026-05-29 13:30:00+00:00,1.34409,1.34451,1.34390,1.34448,2188.00000
2026-05-29 13:45:00+00:00,1.34447,1.34473,1.34376,1.34389,2793.00000
2026-05-29 14:00:00+00:00,1.34393,1.34461,1.34368,1.34383,2810.00000
2026-05-29 14:15:00+00:00,1.34382,1.34398,1.34341,1.34394,3072.00000
2026-05-29 14:30:00+00:00,1.34395,1.34408,1.34297,1.34399,3502.00000
2026-05-29 14:45:00+00:00,1.34398,1.34809,1.34381,1.34777,6230.00000
2026-05-29 15:00:00+00:00,1.34776,1.34849,1.34757,1.34831,4332.00000
2026-05-29 15:15:00+00:00,1.34830,1.34853,1.34730,1.34746,3386.00000
2026-05-29 15:30:00+00:00,1.34747,1.34855,1.34700,1.34718,4536.00000
2026-05-29 15:45:00+00:00,1.34717,1.34781,1.34712,1.34746,2834.00000
2026-05-29 16:00:00+00:00,1.34745,1.34759,1.34657,1.34667,2173.00000
2026-05-29 16:15:00+00:00,1.34665,1.34718,1.34660,1.34697,1430.00000
2026-05-29 16:30:00+00:00,1.34696,1.34719,1.34657,1.34662,2640.00000
2026-05-29 16:45:00+00:00,1.34660,1.34682,1.34638,1.34673,2027.00000
2026-05-29 17:00:00+00:00,1.34674,1.34699,1.34658,1.34663,1296.00000
2026-05-29 17:15:00+00:00,1.34662,1.34677,1.34597,1.34625,1649.00000
2026-05-29 17:30:00+00:00,1.34623,1.34639,1.34586,1.34607,1320.00000
2026-05-29 17:45:00+00:00,1.34606,1.34616,1.34556,1.34559,1538.00000
2026-05-29 18:00:00+00:00,1.34558,1.34602,1.34554,1.34598,1374.00000
2026-05-29 18:15:00+00:00,1.34599,1.34617,1.34582,1.34594,1216.00000
2026-05-29 18:30:00+00:00,1.34595,1.34649,1.34595,1.34606,932.00000
2026-05-29 18:45:00+00:00,1.34603,1.34639,1.34551,1.34607,1950.00000
2026-05-29 19:00:00+00:00,1.34609,1.34668,1.34607,1.34658,1474.00000
2026-05-29 19:15:00+00:00,1.34657,1.34669,1.34628,1.34667,1088.00000
2026-05-29 19:30:00+00:00,1.34665,1.34710,1.34665,1.34700,1128.00000
2026-05-29 19:45:00+00:00,1.34699,1.34707,1.34668,1.34676,2011.00000
2026-05-29 20:00:00+00:00,1.34677,1.34682,1.34626,1.34636,1396.00000
2026-05-29 20:15:00+00:00,1.34636,1.34638,1.34606,1.34608,1183.00000
2026-05-29 20:30:00+00:00,1.34608,1.34608,1.34590,1.34593,1440.00000
2026-05-29 20:45:00+00:00,1.34593,1.34597,1.34521,1.34570,2206.00000
2026-05-31 21:00:00+00:00,1.34583,1.34617,1.34570,1.34577,46.00000
2026-05-31 21:15:00+00:00,1.34576,1.34633,1.34525,1.34628,1558.00000
2026-05-31 21:30:00+00:00,1.34629,1.34641,1.34552,1.34635,491.00000
2026-05-31 21:45:00+00:00,1.34632,1.34638,1.34531,1.34551,450.00000
2026-05-31 22:00:00+00:00,1.34557,1.34562,1.34453,1.34483,1115.00000
2026-05-31 22:15:00+00:00,1.34481,1.34498,1.34474,1.34476,669.00000
2026-05-31 22:30:00+00:00,1.34475,1.34485,1.34457,1.34474,738.00000
2026-05-31 22:45:00+00:00,1.34475,1.34497,1.34474,1.34490,916.00000
2026-05-31 23:00:00+00:00,1.34490,1.34507,1.34479,1.34493,1010.00000
2026-05-31 23:15:00+00:00,1.34493,1.34513,1.34488,1.34511,620.00000
2026-05-31 23:30:00+00:00,1.34510,1.34545,1.34496,1.34545,1254.00000
2026-05-31 23:45:00+00:00,1.34546,1.34586,1.34505,1.34507,2051.00000
2026-06-01 00:00:00+00:00,1.34509,1.34542,1.34485,1.34511,2160.00000
2026-06-01 00:15:00+00:00,1.34510,1.34526,1.34456,1.34481,1714.00000
2026-06-01 00:30:00+00:00,1.34482,1.34490,1.34460,1.34485,1132.00000
2026-06-01 00:45:00+00:00,1.34489,1.34519,1.34458,1.34515,1530.00000
2026-06-01 01:00:00+00:00,1.34514,1.34531,1.34495,1.34514,1709.00000
2026-06-01 01:15:00+00:00,1.34513,1.34537,1.34491,1.34500,1321.00000
2026-06-01 01:30:00+00:00,1.34501,1.34528,1.34486,1.34525,1081.00000
2026-06-01 01:45:00+00:00,1.34526,1.34539,1.34505,1.34537,792.00000
2026-06-01 02:00:00+00:00,1.34535,1.34559,1.34531,1.34553,754.00000
2026-06-01 02:15:00+00:00,1.34554,1.34563,1.34536,1.34538,450.00000
2026-06-01 02:30:00+00:00,1.34537,1.34557,1.34528,1.34530,769.00000
2026-06-01 02:45:00+00:00,1.34531,1.34563,1.34529,1.34559,859.00000
2026-06-01 03:00:00+00:00,1.34561,1.34590,1.34558,1.34559,869.00000
2026-06-01 03:15:00+00:00,1.34559,1.34577,1.34519,1.34569,1175.00000
2026-06-01 03:30:00+00:00,1.34568,1.34593,1.34499,1.34501,936.00000
2026-06-01 03:45:00+00:00,1.34502,1.34516,1.34494,1.34499,695.00000
2026-06-01 04:00:00+00:00,1.34501,1.34533,1.34495,1.34527,530.00000
2026-06-01 04:15:00+00:00,1.34528,1.34561,1.34528,1.34559,298.00000
2026-06-01 04:30:00+00:00,1.34560,1.34578,1.34553,1.34571,373.00000
2026-06-01 04:45:00+00:00,1.34572,1.34572,1.34552,1.34571,443.00000
2026-06-01 05:00:00+00:00,1.34572,1.34630,1.34564,1.34620,889.00000
2026-06-01 05:15:00+00:00,1.34619,1.34640,1.34619,1.34622,545.00000
2026-06-01 05:30:00+00:00,1.34626,1.34645,1.34614,1.34644,756.00000
2026-06-01 05:45:00+00:00,1.34645,1.34659,1.34627,1.34632,666.00000
2026-06-01 06:00:00+00:00,1.34639,1.34698,1.34637,1.34668,1578.00000
2026-06-01 06:15:00+00:00,1.34667,1.34667,1.34580,1.34620,1358.00000
2026-06-01 06:30:00+00:00,1.34626,1.34680,1.34619,1.34661,1544.00000
2026-06-01 06:45:00+00:00,1.34658,1.34760,1.34651,1.34727,2162.00000
2026-06-01 07:00:00+00:00,1.34726,1.34728,1.34627,1.34647,2204.00000
2026-06-01 07:15:00+00:00,1.34648,1.34670,1.34607,1.34651,1713.00000
2026-06-01 07:30:00+00:00,1.34650,1.34666,1.34579,1.34588,1439.00000
2026-06-01 07:45:00+00:00,1.34586,1.34639,1.34555,1.34607,1551.00000
2026-06-01 08:00:00+00:00,1.34608,1.34673,1.34605,1.34673,1710.00000
2026-06-01 08:15:00+00:00,1.34672,1.34715,1.34652,1.34697,1586.00000
2026-06-01 08:30:00+00:00,1.34698,1.34729,1.34667,1.34726,1342.00000
2026-06-01 08:45:00+00:00,1.34728,1.34735,1.34674,1.34707,1367.00000
2026-06-01 09:00:00+00:00,1.34710,1.34751,1.34658,1.34670,1753.00000
2026-06-01 09:15:00+00:00,1.34669,1.34694,1.34598,1.34624,1505.00000
2026-06-01 09:30:00+00:00,1.34625,1.34628,1.34573,1.34601,1357.00000
2026-06-01 09:45:00+00:00,1.34600,1.34615,1.34585,1.34597,1689.00000
2026-06-01 10:00:00+00:00,1.34598,1.34612,1.34572,1.34602,1454.00000
2026-06-01 10:15:00+00:00,1.34601,1.34609,1.34556,1.34591,1242.00000
2026-06-01 10:30:00+00:00,1.34590,1.34649,1.34583,1.34649,1362.00000
2026-06-01 10:45:00+00:00,1.34648,1.34655,1.34605,1.34632,1384.00000
2026-06-01 11:00:00+00:00,1.34633,1.34646,1.34600,1.34631,1546.00000
2026-06-01 11:15:00+00:00,1.34632,1.34660,1.34615,1.34647,1244.00000
2026-06-01 11:30:00+00:00,1.34646,1.34648,1.34607,1.34633,1320.00000
2026-06-01 11:45:00+00:00,1.34632,1.34663,1.34627,1.34656,996.00000
2026-06-01 12:00:00+00:00,1.34657,1.34684,1.34627,1.34628,1958.00000
2026-06-01 12:15:00+00:00,1.34630,1.34666,1.34625,1.34661,1722.00000
2026-06-01 12:30:00+00:00,1.34662,1.34687,1.34624,1.34670,2120.00000
2026-06-01 12:45:00+00:00,1.34672,1.34686,1.34632,1.34638,2132.00000
2026-06-01 13:00:00+00:00,1.34637,1.34640,1.34370,1.34419,4152.00000
2026-06-01 13:15:00+00:00,1.34420,1.34522,1.34329,1.34345,5389.00000
2026-06-01 13:30:00+00:00,1.34351,1.34361,1.34259,1.34262,4560.00000
2026-06-01 13:45:00+00:00,1.34261,1.34271,1.34105,1.34140,3757.00000
2026-06-01 14:00:00+00:00,1.34117,1.34227,1.34069,1.34225,3868.00000
2026-06-01 14:15:00+00:00,1.34222,1.34279,1.34168,1.34240,3325.00000
2026-06-01 14:30:00+00:00,1.34239,1.34280,1.34205,1.34271,2874.00000
2026-06-01 14:45:00+00:00,1.34270,1.34375,1.34193,1.34371,3189.00000
2026-06-01 15:00:00+00:00,1.34372,1.34382,1.34333,1.34337,3103.00000
2026-06-01 15:15:00+00:00,1.34339,1.34476,1.34339,1.34465,2633.00000
2026-06-01 15:30:00+00:00,1.34463,1.34557,1.34450,1.34483,3521.00000
2026-06-01 15:45:00+00:00,1.34484,1.34503,1.34436,1.34493,1512.00000
2026-06-01 16:00:00+00:00,1.34494,1.34538,1.34421,1.34435,1916.00000
2026-06-01 16:15:00+00:00,1.34431,1.34469,1.34406,1.34464,1512.00000
2026-06-01 16:30:00+00:00,1.34467,1.34541,1.34457,1.34480,2210.00000
2026-06-01 16:45:00+00:00,1.34481,1.34630,1.34477,1.34606,2692.00000
2026-06-01 17:00:00+00:00,1.34611,1.34616,1.34536,1.34554,2214.00000
2026-06-01 17:15:00+00:00,1.34552,1.34658,1.34540,1.34657,1813.00000
2026-06-01 17:30:00+00:00,1.34658,1.34700,1.34620,1.34670,2656.00000
2026-06-01 17:45:00+00:00,1.34669,1.34693,1.34646,1.34648,1898.00000
2026-06-01 18:00:00+00:00,1.34646,1.34659,1.34636,1.34636,899.00000
2026-06-01 18:15:00+00:00,1.34637,1.34653,1.34618,1.34628,886.00000
2026-06-01 18:30:00+00:00,1.34629,1.34639,1.34611,1.34629,714.00000
2026-06-01 18:45:00+00:00,1.34628,1.34629,1.34572,1.34572,906.00000
2026-06-01 19:00:00+00:00,1.34571,1.34603,1.34549,1.34591,905.00000
2026-06-01 19:15:00+00:00,1.34592,1.34612,1.34584,1.34589,772.00000
2026-06-01 19:30:00+00:00,1.34590,1.34609,1.34589,1.34592,1025.00000
2026-06-01 19:45:00+00:00,1.34591,1.34599,1.34535,1.34592,1596.00000
2026-06-01 20:00:00+00:00,1.34586,1.34610,1.34573,1.34580,829.00000
2026-06-01 20:15:00+00:00,1.34579,1.34585,1.34560,1.34578,518.00000
2026-06-01 20:30:00+00:00,1.34573,1.34590,1.34566,1.34582,411.00000
2026-06-01 20:45:00+00:00,1.34581,1.34582,1.34542,1.34548,869.00000
2026-06-01 21:00:00+00:00,1.34640,1.34640,1.34497,1.34601,1071.00000
2026-06-01 21:15:00+00:00,1.34610,1.34629,1.34539,1.34608,490.00000
2026-06-01 21:30:00+00:00,1.34609,1.34637,1.34559,1.34619,3311.00000
2026-06-01 21:45:00+00:00,1.34590,1.34637,1.34544,1.34567,1064.00000
2026-06-01 22:00:00+00:00,1.34565,1.34589,1.34540,1.34569,923.00000
2026-06-01 22:15:00+00:00,1.34569,1.34578,1.34557,1.34557,238.00000
2026-06-01 22:30:00+00:00,1.34558,1.34577,1.34558,1.34571,345.00000
2026-06-01 22:45:00+00:00,1.34572,1.34586,1.34568,1.34579,454.00000
2026-06-01 23:00:00+00:00,1.34578,1.34600,1.34578,1.34589,337.00000
2026-06-01 23:15:00+00:00,1.34588,1.34594,1.34585,1.34586,253.00000
2026-06-01 23:30:00+00:00,1.34588,1.34604,1.34566,1.34604,643.00000
2026-06-01 23:45:00+00:00,1.34603,1.34607,1.34589,1.34599,507.00000
2026-06-02 00:00:00+00:00,1.34600,1.34620,1.34565,1.34598,1092.00000
2026-06-02 00:15:00+00:00,1.34597,1.34609,1.34579,1.34597,775.00000
2026-06-02 00:30:00+00:00,1.34596,1.34614,1.34568,1.34577,680.00000
2026-06-02 00:45:00+00:00,1.34575,1.34579,1.34525,1.34537,1038.00000
2026-06-02 01:00:00+00:00,1.34539,1.34614,1.34531,1.34600,1862.00000
2026-06-02 01:15:00+00:00,1.34599,1.34599,1.34558,1.34567,1577.00000
2026-06-02 01:30:00+00:00,1.34569,1.34609,1.34562,1.34571,1650.00000
2026-06-02 01:45:00+00:00,1.34570,1.34570,1.34507,1.34519,1562.00000
2026-06-02 02:00:00+00:00,1.34520,1.34541,1.34510,1.34528,1240.00000
2026-06-02 02:15:00+00:00,1.34527,1.34557,1.34518,1.34555,979.00000
2026-06-02 02:30:00+00:00,1.34556,1.34568,1.34526,1.34530,753.00000
2026-06-02 02:45:00+00:00,1.34531,1.34547,1.34528,1.34537,644.00000
2026-06-02 03:00:00+00:00,1.34536,1.34563,1.34534,1.34557,905.00000
2026-06-02 03:15:00+00:00,1.34556,1.34567,1.34539,1.34561,801.00000
2026-06-02 03:30:00+00:00,1.34560,1.34579,1.34555,1.34569,759.00000
2026-06-02 03:45:00+00:00,1.34568,1.34589,1.34560,1.34582,620.00000
2026-06-02 04:00:00+00:00,1.34581,1.34594,1.34572,1.34580,615.00000
2026-06-02 04:15:00+00:00,1.34579,1.34607,1.34579,1.34599,550.00000
2026-06-02 04:30:00+00:00,1.34598,1.34631,1.34598,1.34631,566.00000
2026-06-02 04:45:00+00:00,1.34625,1.34648,1.34625,1.34640,694.00000
2026-06-02 05:00:00+00:00,1.34641,1.34658,1.34632,1.34653,781.00000
2026-06-02 05:15:00+00:00,1.34656,1.34662,1.34626,1.34650,789.00000
2026-06-02 05:30:00+00:00,1.34651,1.34669,1.34647,1.34650,872.00000
2026-06-02 05:45:00+00:00,1.34651,1.34651,1.34610,1.34610,671.00000
2026-06-02 06:00:00+00:00,1.34614,1.34762,1.34614,1.34739,1778.00000
2026-06-02 06:15:00+00:00,1.34738,1.34807,1.34734,1.34796,1957.00000
2026-06-02 06:30:00+00:00,1.34797,1.34816,1.34749,1.34754,2438.00000
2026-06-02 06:45:00+00:00,1.34755,1.34786,1.34742,1.34782,1684.00000
2026-06-02 07:00:00+00:00,1.34780,1.34788,1.34727,1.34739,2273.00000
2026-06-02 07:15:00+00:00,1.34738,1.34740,1.34679,1.34723,1790.00000
2026-06-02 07:30:00+00:00,1.34719,1.34770,1.34706,1.34755,1832.00000
2026-06-02 07:45:00+00:00,1.34756,1.34761,1.34704,1.34719,2005.00000
2026-06-02 08:00:00+00:00,1.34723,1.34757,1.34685,1.34692,2316.00000
2026-06-02 08:15:00+00:00,1.34693,1.34708,1.34660,1.34677,1958.00000
2026-06-02 08:30:00+00:00,1.34678,1.34696,1.34645,1.34650,1552.00000
2026-06-02 08:45:00+00:00,1.34647,1.34648,1.34608,1.34635,1088.00000
2026-06-02 09:00:00+00:00,1.34636,1.34662,1.34607,1.34662,1274.00000
2026-06-02 09:15:00+00:00,1.34661,1.34689,1.34647,1.34688,1226.00000
2026-06-02 09:30:00+00:00,1.34689,1.34702,1.34657,1.34676,1402.00000
2026-06-02 09:45:00+00:00,1.34677,1.34707,1.34664,1.34703,1074.00000
2026-06-02 10:00:00+00:00,1.34705,1.34742,1.34667,1.34736,1228.00000
2026-06-02 10:15:00+00:00,1.34737,1.34740,1.34665,1.34690,1230.00000
2026-06-02 10:30:00+00:00,1.34691,1.34699,1.34676,1.34692,1066.00000
2026-06-02 10:45:00+00:00,1.34693,1.34717,1.34676,1.34679,1098.00000
2026-06-02 11:00:00+00:00,1.34680,1.34709,1.34677,1.34681,1350.00000
2026-06-02 11:15:00+00:00,1.34680,1.34698,1.34655,1.34681,1480.00000
2026-06-02 11:30:00+00:00,1.34682,1.34708,1.34660,1.34702,1554.00000
2026-06-02 11:45:00+00:00,1.34701,1.34771,1.34696,1.34740,1322.00000
2026-06-02 12:00:00+00:00,1.34741,1.34754,1.34711,1.34722,1540.00000
2026-06-02 12:15:00+00:00,1.34721,1.34771,1.34707,1.34771,1656.00000
2026-06-02 12:30:00+00:00,1.34769,1.34775,1.34722,1.34738,1882.00000
2026-06-02 12:45:00+00:00,1.34739,1.34745,1.34714,1.34720,1584.00000
2026-06-02 13:00:00+00:00,1.34721,1.34761,1.34710,1.34730,3014.00000
2026-06-02 13:15:00+00:00,1.34732,1.34769,1.34725,1.34731,2008.00000
2026-06-02 13:30:00+00:00,1.34733,1.34777,1.34733,1.34737,2532.00000
2026-06-02 13:45:00+00:00,1.34736,1.34751,1.34673,1.34702,2215.00000
2026-06-02 14:00:00+00:00,1.34703,1.34706,1.34632,1.34696,2678.00000
2026-06-02 14:15:00+00:00,1.34697,1.34724,1.34642,1.34681,2259.00000
2026-06-02 14:30:00+00:00,1.34682,1.34806,1.34678,1.34787,2114.00000
2026-06-02 14:45:00+00:00,1.34785,1.34785,1.34686,1.34722,2354.00000
2026-06-02 15:00:00+00:00,1.34723,1.34796,1.34715,1.34758,2441.00000
2026-06-02 15:15:00+00:00,1.34757,1.34803,1.34739,1.34740,2278.00000
2026-06-02 15:30:00+00:00,1.34741,1.34769,1.34719,1.34741,1930.00000
2026-06-02 15:45:00+00:00,1.34739,1.34801,1.34733,1.34793,1674.00000
2026-06-02 16:00:00+00:00,1.34796,1.34801,1.34742,1.34789,1631.00000
2026-06-02 16:15:00+00:00,1.34788,1.34799,1.34710,1.34712,1651.00000
2026-06-02 16:30:00+00:00,1.34716,1.34741,1.34659,1.34677,1232.00000
2026-06-02 16:45:00+00:00,1.34676,1.34687,1.34646,1.34662,1292.00000
2026-06-02 17:00:00+00:00,1.34664,1.34679,1.34620,1.34642,1419.00000
2026-06-02 17:15:00+00:00,1.34643,1.34649,1.34606,1.34629,1316.00000
2026-06-02 17:30:00+00:00,1.34628,1.34646,1.34598,1.34618,1200.00000
2026-06-02 17:45:00+00:00,1.34617,1.34619,1.34574,1.34591,1122.00000
2026-06-02 18:00:00+00:00,1.34593,1.34613,1.34557,1.34572,1268.00000
2026-06-02 18:15:00+00:00,1.34571,1.34610,1.34533,1.34609,1368.00000
2026-06-02 18:30:00+00:00,1.34612,1.34641,1.34611,1.34629,1275.00000
2026-06-02 18:45:00+00:00,1.34627,1.34706,1.34627,1.34690,644.00000
2026-06-02 19:00:00+00:00,1.34691,1.34708,1.34687,1.34706,732.00000
2026-06-02 19:15:00+00:00,1.34707,1.34721,1.34680,1.34693,824.00000
2026-06-02 19:30:00+00:00,1.34694,1.34698,1.34678,1.34687,582.00000
2026-06-02 19:45:00+00:00,1.34695,1.34700,1.34677,1.34688,980.00000
2026-06-02 20:00:00+00:00,1.34687,1.34717,1.34683,1.34696,405.00000
2026-06-02 20:15:00+00:00,1.34696,1.34697,1.34666,1.34670,302.00000
2026-06-02 20:30:00+00:00,1.34671,1.34676,1.34660,1.34672,322.00000
2026-06-02 20:45:00+00:00,1.34673,1.34682,1.34635,1.34639,940.00000
2026-06-02 21:00:00+00:00,1.34675,1.34684,1.34632,1.34677,80.00000
2026-06-02 21:15:00+00:00,1.34676,1.34683,1.34624,1.34624,102.00000
2026-06-02 21:30:00+00:00,1.34657,1.34660,1.34606,1.34650,236.00000
2026-06-02 21:45:00+00:00,1.34651,1.34696,1.34609,1.34672,960.00000
2026-06-02 22:00:00+00:00,1.34662,1.34677,1.34615,1.34634,589.00000
2026-06-02 22:15:00+00:00,1.34635,1.34655,1.34629,1.34651,319.00000
2026-06-02 22:30:00+00:00,1.34651,1.34654,1.34641,1.34643,382.00000
2026-06-02 22:45:00+00:00,1.34643,1.34647,1.34615,1.34618,480.00000
2026-06-02 23:00:00+00:00,1.34617,1.34626,1.34593,1.34608,539.00000
2026-06-02 23:15:00+00:00,1.34609,1.34609,1.34554,1.34568,592.00000
2026-06-02 23:30:00+00:00,1.34569,1.34576,1.34505,1.34542,920.00000
2026-06-02 23:45:00+00:00,1.34542,1.34542,1.34511,1.34528,645.00000
2026-06-03 00:00:00+00:00,1.34527,1.34580,1.34518,1.34569,1313.00000
2026-06-03 00:15:00+00:00,1.34568,1.34622,1.34560,1.34615,970.00000
2026-06-03 00:30:00+00:00,1.34616,1.34671,1.34614,1.34649,809.00000
2026-06-03 00:45:00+00:00,1.34648,1.34671,1.34637,1.34660,818.00000
2026-06-03 01:00:00+00:00,1.34661,1.34669,1.34621,1.34645,1583.00000
2026-06-03 01:15:00+00:00,1.34646,1.34679,1.34636,1.34675,949.00000
2026-06-03 01:30:00+00:00,1.34674,1.34709,1.34645,1.34698,1098.00000
2026-06-03 01:45:00+00:00,1.34697,1.34719,1.34654,1.34673,995.00000
2026-06-03 02:00:00+00:00,1.34676,1.34707,1.34673,1.34705,721.00000
2026-06-03 02:15:00+00:00,1.34703,1.34709,1.34672,1.34674,709.00000
2026-06-03 02:30:00+00:00,1.34671,1.34679,1.34654,1.34658,886.00000
2026-06-03 02:45:00+00:00,1.34657,1.34657,1.34609,1.34632,1277.00000
2026-06-03 03:00:00+00:00,1.34633,1.34649,1.34617,1.34621,949.00000
2026-06-03 03:15:00+00:00,1.34618,1.34636,1.34615,1.34616,676.00000
2026-06-03 03:30:00+00:00,1.34618,1.34647,1.34608,1.34634,604.00000
2026-06-03 03:45:00+00:00,1.34637,1.34648,1.34626,1.34631,506.00000
2026-06-03 04:00:00+00:00,1.34632,1.34639,1.34599,1.34604,584.00000
2026-06-03 04:15:00+00:00,1.34605,1.34615,1.34589,1.34592,501.00000
2026-06-03 04:30:00+00:00,1.34593,1.34608,1.34588,1.34605,493.00000
2026-06-03 04:45:00+00:00,1.34604,1.34619,1.34586,1.34603,486.00000
2026-06-03 05:00:00+00:00,1.34602,1.34621,1.34591,1.34615,745.00000
2026-06-03 05:15:00+00:00,1.34614,1.34637,1.34554,1.34561,714.00000
2026-06-03 05:30:00+00:00,1.34563,1.34563,1.34529,1.34530,1102.00000
2026-06-03 05:45:00+00:00,1.34529,1.34551,1.34496,1.34497,945.00000
2026-06-03 06:00:00+00:00,1.34494,1.34537,1.34419,1.34438,1871.00000
2026-06-03 06:15:00+00:00,1.34437,1.34460,1.34369,1.34420,1949.00000
2026-06-03 06:30:00+00:00,1.34419,1.34487,1.34408,1.34470,2022.00000
2026-06-03 06:45:00+00:00,1.34471,1.34512,1.34426,1.34501,1564.00000
2026-06-03 07:00:00+00:00,1.34506,1.34542,1.34457,1.34517,2183.00000
2026-06-03 07:15:00+00:00,1.34518,1.34530,1.34460,1.34460,1586.00000
2026-06-03 07:30:00+00:00,1.34459,1.34622,1.34428,1.34621,2823.00000
2026-06-03 07:45:00+00:00,1.34622,1.34626,1.34547,1.34564,1676.00000
2026-06-03 08:00:00+00:00,1.34563,1.34581,1.34487,1.34492,1870.00000
2026-06-03 08:15:00+00:00,1.34493,1.34518,1.34450,1.34507,1662.00000
2026-06-03 08:30:00+00:00,1.34508,1.34553,1.34406,1.34417,2461.00000
2026-06-03 08:45:00+00:00,1.34416,1.34471,1.34416,1.34427,1619.00000
2026-06-03 09:00:00+00:00,1.34428,1.34489,1.34424,1.34485,1390.00000
2026-06-03 09:15:00+00:00,1.34486,1.34511,1.34460,1.34461,1742.00000
2026-06-03 09:30:00+00:00,1.34460,1.34490,1.34436,1.34479,1472.00000
2026-06-03 09:45:00+00:00,1.34477,1.34501,1.34449,1.34480,1656.00000
2026-06-03 10:00:00+00:00,1.34483,1.34601,1.34469,1.34526,3200.00000
2026-06-03 10:15:00+00:00,1.34527,1.34527,1.34465,1.34476,1393.00000
2026-06-03 10:30:00+00:00,1.34475,1.34499,1.34457,1.34469,1334.00000
2026-06-03 10:45:00+00:00,1.34468,1.34507,1.34461,1.34499,1144.00000
2026-06-03 11:00:00+00:00,1.34500,1.34551,1.34497,1.34544,1560.00000
2026-06-03 11:15:00+00:00,1.34543,1.34548,1.34514,1.34538,1054.00000
2026-06-03 11:30:00+00:00,1.34539,1.34558,1.34486,1.34489,1098.00000
2026-06-03 11:45:00+00:00,1.34488,1.34560,1.34486,1.34502,1535.00000
2026-06-03 12:00:00+00:00,1.34501,1.34511,1.34465,1.34472,2237.00000
2026-06-03 12:15:00+00:00,1.34471,1.34481,1.34411,1.34411,1899.00000
2026-06-03 12:30:00+00:00,1.34410,1.34412,1.34276,1.34372,2696.00000
2026-06-03 12:45:00+00:00,1.34371,1.34374,1.34297,1.34321,2282.00000
2026-06-03 13:00:00+00:00,1.34320,1.34365,1.34302,1.34331,1988.00000
2026-06-03 13:15:00+00:00,1.34332,1.34339,1.34243,1.34321,2718.00000
2026-06-03 13:30:00+00:00,1.34322,1.34336,1.34269,1.34271,3733.00000
2026-06-03 13:45:00+00:00,1.34270,1.34289,1.34218,1.34259,3806.00000
2026-06-03 14:00:00+00:00,1.34229,1.34341,1.34229,1.34322,3054.00000
2026-06-03 14:15:00+00:00,1.34323,1.34340,1.34238,1.34301,3634.00000
2026-06-03 14:30:00+00:00,1.34300,1.34307,1.34239,1.34241,2800.00000
2026-06-03 14:45:00+00:00,1.34240,1.34373,1.34213,1.34371,3736.00000
2026-06-03 15:00:00+00:00,1.34372,1.34373,1.34262,1.34306,2872.00000
2026-06-03 15:15:00+00:00,1.34305,1.34378,1.34300,1.34356,3002.00000
2026-06-03 15:30:00+00:00,1.34351,1.34387,1.34331,1.34378,1978.00000
2026-06-03 15:45:00+00:00,1.34377,1.34399,1.34315,1.34347,2224.00000
2026-06-03 16:00:00+00:00,1.34349,1.34352,1.34209,1.34227,2636.00000
2026-06-03 16:15:00+00:00,1.34228,1.34230,1.34176,1.34225,2337.00000
2026-06-03 16:30:00+00:00,1.34226,1.34232,1.34157,1.34180,2010.00000
2026-06-03 16:45:00+00:00,1.34181,1.34251,1.34176,1.34228,2036.00000
2026-06-03 17:00:00+00:00,1.34231,1.34287,1.34206,1.34229,1808.00000
2026-06-03 17:15:00+00:00,1.34228,1.34231,1.34170,1.34172,1148.00000
2026-06-03 17:30:00+00:00,1.34171,1.34193,1.34153,1.34170,762.00000
2026-06-03 17:45:00+00:00,1.34169,1.34188,1.34151,1.34159,1109.00000
2026-06-03 18:00:00+00:00,1.34160,1.34180,1.34127,1.34132,1086.00000
2026-06-03 18:15:00+00:00,1.34137,1.34166,1.34118,1.34158,1020.00000
2026-06-03 18:30:00+00:00,1.34157,1.34159,1.34130,1.34155,1280.00000
2026-06-03 18:45:00+00:00,1.34154,1.34183,1.34151,1.34166,892.00000
2026-06-03 19:00:00+00:00,1.34167,1.34190,1.34158,1.34171,868.00000
2026-06-03 19:15:00+00:00,1.34172,1.34207,1.34170,1.34178,1084.00000
2026-06-03 19:30:00+00:00,1.34179,1.34208,1.34179,1.34191,818.00000
2026-06-03 19:45:00+00:00,1.34190,1.34207,1.34181,1.34196,1162.00000
2026-06-03 20:00:00+00:00,1.34198,1.34211,1.34188,1.34202,587.00000
2026-06-03 20:15:00+00:00,1.34200,1.34203,1.34167,1.34169,806.00000
2026-06-03 20:30:00+00:00,1.34170,1.34179,1.34160,1.34167,528.00000
2026-06-03 20:45:00+00:00,1.34167,1.34196,1.34165,1.34169,508.00000
2026-06-03 21:00:00+00:00,1.34219,1.34228,1.34132,1.34197,272.00000
2026-06-03 21:15:00+00:00,1.34196,1.34203,1.34145,1.34199,172.00000
2026-06-03 21:30:00+00:00,1.34200,1.34209,1.34151,1.34187,997.00000
2026-06-03 21:45:00+00:00,1.34188,1.34211,1.34142,1.34183,652.00000
2026-06-03 22:00:00+00:00,1.34184,1.34222,1.34116,1.34132,456.00000
2026-06-03 22:15:00+00:00,1.34131,1.34150,1.34117,1.34140,259.00000
2026-06-03 22:30:00+00:00,1.34141,1.34153,1.34129,1.34137,298.00000
2026-06-03 22:45:00+00:00,1.34138,1.34286,1.34133,1.34226,933.00000
2026-06-03 23:00:00+00:00,1.34226,1.34252,1.34174,1.34203,791.00000
2026-06-03 23:15:00+00:00,1.34206,1.34217,1.34191,1.34209,355.00000
2026-06-03 23:30:00+00:00,1.34211,1.34237,1.34206,1.34231,493.00000
2026-06-03 23:45:00+00:00,1.34232,1.34282,1.34231,1.34266,696.00000
2026-06-04 00:00:00+00:00,1.34266,1.34286,1.34235,1.34265,2182.00000
2026-06-04 00:15:00+00:00,1.34267,1.34314,1.34254,1.34278,1449.00000
2026-06-04 00:30:00+00:00,1.34278,1.34318,1.34267,1.34318,1238.00000
2026-06-04 00:45:00+00:00,1.34317,1.34320,1.34227,1.34257,1589.00000
2026-06-04 01:00:00+00:00,1.34256,1.34263,1.34226,1.34250,1878.00000
2026-06-04 01:15:00+00:00,1.34249,1.34274,1.34237,1.34243,1465.00000
2026-06-04 01:30:00+00:00,1.34245,1.34274,1.34234,1.34245,1349.00000
2026-06-04 01:45:00+00:00,1.34244,1.34278,1.34244,1.34273,1349.00000
2026-06-04 02:00:00+00:00,1.34276,1.34277,1.34236,1.34237,1355.00000
2026-06-04 02:15:00+00:00,1.34230,1.34245,1.34217,1.34236,941.00000
2026-06-04 02:30:00+00:00,1.34237,1.34251,1.34227,1.34247,936.00000
2026-06-04 02:45:00+00:00,1.34248,1.34275,1.34247,1.34262,970.00000
2026-06-04 03:00:00+00:00,1.34261,1.34262,1.34196,1.34199,684.00000
2026-06-04 03:15:00+00:00,1.34200,1.34212,1.34174,1.34183,662.00000
2026-06-04 03:30:00+00:00,1.34182,1.34209,1.34174,1.34188,618.00000
2026-06-04 03:45:00+00:00,1.34187,1.34243,1.34177,1.34232,597.00000
2026-06-04 04:00:00+00:00,1.34231,1.34241,1.34226,1.34229,561.00000
2026-06-04 04:15:00+00:00,1.34230,1.34241,1.34229,1.34239,410.00000
2026-06-04 04:30:00+00:00,1.34238,1.34315,1.34238,1.34301,1111.00000
2026-06-04 04:45:00+00:00,1.34300,1.34312,1.34289,1.34311,548.00000
2026-06-04 05:00:00+00:00,1.34310,1.34320,1.34274,1.34282,972.00000
2026-06-04 05:15:00+00:00,1.34281,1.34288,1.34226,1.34227,850.00000
2026-06-04 05:30:00+00:00,1.34228,1.34276,1.34205,1.34270,1084.00000
2026-06-04 05:45:00+00:00,1.34270,1.34287,1.34258,1.34280,967.00000
2026-06-04 06:00:00+00:00,1.34279,1.34327,1.34267,1.34324,1798.00000
2026-06-04 06:15:00+00:00,1.34323,1.34323,1.34256,1.34300,1412.00000
2026-06-04 06:30:00+00:00,1.34299,1.34348,1.34279,1.34330,1658.00000
2026-06-04 06:45:00+00:00,1.34329,1.34329,1.34244,1.34280,1550.00000
2026-06-04 07:00:00+00:00,1.34282,1.34293,1.34256,1.34263,1748.00000
2026-06-04 07:15:00+00:00,1.34262,1.34277,1.34180,1.34215,1632.00000
2026-06-04 07:30:00+00:00,1.34214,1.34219,1.34115,1.34157,2160.00000
2026-06-04 07:45:00+00:00,1.34155,1.34232,1.34127,1.34220,1458.00000
2026-06-04 08:00:00+00:00,1.34219,1.34289,1.34218,1.34280,1970.00000
2026-06-04 08:15:00+00:00,1.34279,1.34337,1.34263,1.34330,1510.00000
2026-06-04 08:30:00+00:00,1.34333,1.34357,1.34277,1.34293,1707.00000
2026-06-04 08:45:00+00:00,1.34291,1.34334,1.34288,1.34300,1358.00000
2026-06-04 09:00:00+00:00,1.34301,1.34374,1.34299,1.34349,2193.00000
2026-06-04 09:15:00+00:00,1.34348,1.34388,1.34339,1.34367,1438.00000
2026-06-04 09:30:00+00:00,1.34366,1.34424,1.34353,1.34396,1609.00000
2026-06-04 09:45:00+00:00,1.34395,1.34404,1.34363,1.34370,1840.00000
2026-06-04 10:00:00+00:00,1.34365,1.34401,1.34346,1.34378,1858.00000
2026-06-04 10:15:00+00:00,1.34377,1.34388,1.34340,1.34387,1296.00000
2026-06-04 10:30:00+00:00,1.34388,1.34417,1.34376,1.34408,1350.00000
2026-06-04 10:45:00+00:00,1.34411,1.34438,1.34376,1.34432,1758.00000
2026-06-04 11:00:00+00:00,1.34434,1.34530,1.34430,1.34516,2040.00000
2026-06-04 11:15:00+00:00,1.34517,1.34618,1.34514,1.34589,2494.00000
2026-06-04 11:30:00+00:00,1.34592,1.34613,1.34528,1.34611,2099.00000
2026-06-04 11:45:00+00:00,1.34612,1.34625,1.34583,1.34588,2278.00000
2026-06-04 12:00:00+00:00,1.34587,1.34626,1.34522,1.34560,2608.00000
2026-06-04 12:15:00+00:00,1.34561,1.34581,1.34543,1.34576,1882.00000
2026-06-04 12:30:00+00:00,1.34578,1.34606,1.34554,1.34580,1740.00000
2026-06-04 12:45:00+00:00,1.34581,1.34617,1.34559,1.34559,2232.00000
2026-06-04 13:00:00+00:00,1.34560,1.34574,1.34502,1.34512,2307.00000
2026-06-04 13:15:00+00:00,1.34511,1.34550,1.34503,1.34543,2125.00000
2026-06-04 13:30:00+00:00,1.34544,1.34553,1.34483,1.34547,3108.00000
2026-06-04 13:45:00+00:00,1.34548,1.34550,1.34490,1.34513,2826.00000
2026-06-04 14:00:00+00:00,1.34511,1.34544,1.34445,1.34474,2748.00000
2026-06-04 14:15:00+00:00,1.34473,1.34489,1.34416,1.34424,2022.00000
2026-06-04 14:30:00+00:00,1.34425,1.34427,1.34376,1.34409,2040.00000
2026-06-04 14:45:00+00:00,1.34410,1.34455,1.34351,1.34437,2856.00000
2026-06-04 15:00:00+00:00,1.34438,1.34441,1.34353,1.34368,2612.00000
2026-06-04 15:15:00+00:00,1.34369,1.34386,1.34333,1.34338,2064.00000
2026-06-04 15:30:00+00:00,1.34337,1.34360,1.34309,1.34315,1898.00000
2026-06-04 15:45:00+00:00,1.34314,1.34413,1.34299,1.34393,1833.00000
2026-06-04 16:00:00+00:00,1.34395,1.34395,1.34344,1.34389,1946.00000
2026-06-04 16:15:00+00:00,1.34390,1.34421,1.34377,1.34397,1154.00000
2026-06-04 16:30:00+00:00,1.34398,1.34404,1.34350,1.34364,1566.00000
2026-06-04 16:45:00+00:00,1.34363,1.34373,1.34344,1.34352,1240.00000
2026-06-04 17:00:00+00:00,1.34353,1.34364,1.34322,1.34323,1496.00000
2026-06-04 17:15:00+00:00,1.34324,1.34336,1.34305,1.34309,1036.00000
2026-06-04 17:30:00+00:00,1.34310,1.34327,1.34285,1.34298,968.00000
2026-06-04 17:45:00+00:00,1.34299,1.34300,1.34263,1.34270,858.00000
2026-06-04 18:00:00+00:00,1.34271,1.34294,1.34263,1.34275,1088.00000
2026-06-04 18:15:00+00:00,1.34270,1.34284,1.34253,1.34253,664.00000
2026-06-04 18:30:00+00:00,1.34252,1.34277,1.34242,1.34265,884.00000
2026-06-04 18:45:00+00:00,1.34266,1.34279,1.34235,1.34249,920.00000
2026-06-04 19:00:00+00:00,1.34248,1.34260,1.34216,1.34223,828.00000
2026-06-04 19:15:00+00:00,1.34224,1.34241,1.34224,1.34239,622.00000
2026-06-04 19:30:00+00:00,1.34238,1.34247,1.34226,1.34230,433.00000
2026-06-04 19:45:00+00:00,1.34231,1.34250,1.34219,1.34238,988.00000
2026-06-04 20:00:00+00:00,1.34239,1.34245,1.34225,1.34225,657.00000
2026-06-04 20:15:00+00:00,1.34225,1.34231,1.34206,1.34216,397.00000
2026-06-04 20:30:00+00:00,1.34215,1.34238,1.34207,1.34238,412.00000
2026-06-04 20:45:00+00:00,1.34238,1.34246,1.34231,1.34232,362.00000
2026-06-04 21:00:00+00:00,1.34266,1.34328,1.34203,1.34245,1206.00000
2026-06-04 21:15:00+00:00,1.34227,1.34278,1.34224,1.34255,178.00000
2026-06-04 21:30:00+00:00,1.34262,1.34324,1.34240,1.34276,1310.00000
2026-06-04 21:45:00+00:00,1.34262,1.34313,1.34216,1.34234,3351.00000
2026-06-04 22:00:00+00:00,1.34229,1.34259,1.34196,1.34254,422.00000
2026-06-04 22:15:00+00:00,1.34255,1.34255,1.34234,1.34240,186.00000
2026-06-04 22:30:00+00:00,1.34243,1.34248,1.34227,1.34227,270.00000
2026-06-04 22:45:00+00:00,1.34227,1.34238,1.34225,1.34235,143.00000
2026-06-04 23:00:00+00:00,1.34236,1.34247,1.34234,1.34246,195.00000
2026-06-04 23:15:00+00:00,1.34247,1.34247,1.34236,1.34240,211.00000
2026-06-04 23:30:00+00:00,1.34240,1.34243,1.34231,1.34237,169.00000
2026-06-04 23:45:00+00:00,1.34228,1.34239,1.34219,1.34227,449.00000
2026-06-05 00:00:00+00:00,1.34228,1.34236,1.34185,1.34197,1892.00000
2026-06-05 00:15:00+00:00,1.34198,1.34218,1.34186,1.34212,1393.00000
2026-06-05 00:30:00+00:00,1.34213,1.34235,1.34209,1.34213,1150.00000
2026-06-05 00:45:00+00:00,1.34209,1.34240,1.34206,1.34236,1250.00000
2026-06-05 01:00:00+00:00,1.34235,1.34242,1.34202,1.34205,1903.00000
2026-06-05 01:15:00+00:00,1.34206,1.34227,1.34161,1.34191,1902.00000
2026-06-05 01:30:00+00:00,1.34192,1.34239,1.34187,1.34225,1470.00000
2026-06-05 01:45:00+00:00,1.34226,1.34251,1.34218,1.34240,1041.00000
2026-06-05 02:00:00+00:00,1.34242,1.34269,1.34230,1.34264,966.00000
2026-06-05 02:15:00+00:00,1.34265,1.34284,1.34247,1.34277,995.00000
2026-06-05 02:30:00+00:00,1.34278,1.34278,1.34234,1.34238,1187.00000
2026-06-05 02:45:00+00:00,1.34239,1.34256,1.34233,1.34241,925.00000
2026-06-05 03:00:00+00:00,1.34242,1.34248,1.34231,1.34241,1184.00000
2026-06-05 03:15:00+00:00,1.34242,1.34280,1.34241,1.34262,1069.00000
2026-06-05 03:30:00+00:00,1.34263,1.34270,1.34251,1.34258,790.00000
2026-06-05 03:45:00+00:00,1.34263,1.34272,1.34253,1.34267,693.00000
2026-06-05 04:00:00+00:00,1.34268,1.34280,1.34261,1.34276,664.00000
2026-06-05 04:15:00+00:00,1.34274,1.34305,1.34259,1.34261,740.00000
2026-06-05 04:30:00+00:00,1.34262,1.34297,1.34262,1.34295,900.00000
2026-06-05 04:45:00+00:00,1.34292,1.34316,1.34286,1.34293,804.00000
2026-06-05 05:00:00+00:00,1.34294,1.34298,1.34276,1.34283,930.00000
2026-06-05 05:15:00+00:00,1.34284,1.34296,1.34281,1.34289,735.00000
2026-06-05 05:30:00+00:00,1.34288,1.34318,1.34288,1.34296,850.00000
2026-06-05 05:45:00+00:00,1.34297,1.34306,1.34249,1.34256,809.00000
2026-06-05 06:00:00+00:00,1.34254,1.34272,1.34240,1.34267,1718.00000
2026-06-05 06:15:00+00:00,1.34270,1.34288,1.34243,1.34286,1544.00000
2026-06-05 06:30:00+00:00,1.34289,1.34359,1.34287,1.34355,1394.00000
2026-06-05 06:45:00+00:00,1.34356,1.34360,1.34331,1.34353,1392.00000
2026-06-05 07:00:00+00:00,1.34350,1.34412,1.34338,1.34388,1582.00000
2026-06-05 07:15:00+00:00,1.34389,1.34427,1.34377,1.34426,1192.00000
2026-06-05 07:30:00+00:00,1.34425,1.34484,1.34417,1.34437,1910.00000
2026-06-05 07:45:00+00:00,1.34434,1.34481,1.34431,1.34455,1605.00000
2026-06-05 08:00:00+00:00,1.34452,1.34536,1.34445,1.34534,1792.00000
2026-06-05 08:15:00+00:00,1.34533,1.34563,1.34517,1.34556,1868.00000
2026-06-05 08:30:00+00:00,1.34555,1.34581,1.34537,1.34540,1303.00000
2026-06-05 08:45:00+00:00,1.34541,1.34570,1.34541,1.34554,1180.00000
2026-06-05 09:00:00+00:00,1.34553,1.34698,1.34528,1.34653,2203.00000
2026-06-05 09:15:00+00:00,1.34655,1.34660,1.34603,1.34631,1762.00000
2026-06-05 09:30:00+00:00,1.34634,1.34647,1.34598,1.34613,1300.00000
2026-06-05 09:45:00+00:00,1.34615,1.34659,1.34613,1.34646,1112.00000
2026-06-05 10:00:00+00:00,1.34645,1.34696,1.34633,1.34688,1220.00000
2026-06-05 10:15:00+00:00,1.34687,1.34793,1.34684,1.34790,1174.00000
2026-06-05 10:30:00+00:00,1.34792,1.34832,1.34736,1.34764,1469.00000
2026-06-05 10:45:00+00:00,1.34763,1.34776,1.34722,1.34744,1310.00000
2026-06-05 11:00:00+00:00,1.34742,1.34752,1.34677,1.34677,1202.00000
2026-06-05 11:15:00+00:00,1.34676,1.34731,1.34663,1.34715,1346.00000
2026-06-05 11:30:00+00:00,1.34713,1.34735,1.34665,1.34678,1368.00000
2026-06-05 11:45:00+00:00,1.34677,1.34713,1.34672,1.34683,1668.00000
2026-06-05 12:00:00+00:00,1.34684,1.34692,1.34651,1.34669,1586.00000
2026-06-05 12:15:00+00:00,1.34671,1.34671,1.34616,1.34631,1709.00000
2026-06-05 12:30:00+00:00,1.34640,1.34645,1.34301,1.34312,5214.00000
2026-06-05 12:45:00+00:00,1.34313,1.34319,1.34041,1.34045,5006.00000
2026-06-05 13:00:00+00:00,1.34043,1.34183,1.34007,1.34111,6079.00000
2026-06-05 13:15:00+00:00,1.34110,1.34221,1.34050,1.34064,3845.00000
2026-06-05 13:30:00+00:00,1.34061,1.34078,1.33946,1.34000,4696.00000
2026-06-05 13:45:00+00:00,1.34003,1.34106,1.33987,1.33987,4698.00000
2026-06-05 14:00:00+00:00,1.33986,1.34087,1.33889,1.33899,5468.00000
2026-06-05 14:15:00+00:00,1.33897,1.33910,1.33805,1.33830,3760.00000
2026-06-05 14:30:00+00:00,1.33832,1.33915,1.33804,1.33823,3695.00000
2026-06-05 14:45:00+00:00,1.33822,1.33875,1.33798,1.33864,3522.00000
2026-06-05 15:00:00+00:00,1.33863,1.33878,1.33744,1.33744,3503.00000
2026-06-05 15:15:00+00:00,1.33745,1.33786,1.33711,1.33758,3872.00000
2026-06-05 15:30:00+00:00,1.33757,1.33765,1.33615,1.33629,2976.00000
2026-06-05 15:45:00+00:00,1.33628,1.33635,1.33569,1.33584,1964.00000
2026-06-05 16:00:00+00:00,1.33585,1.33593,1.33450,1.33455,3282.00000
2026-06-05 16:15:00+00:00,1.33454,1.33512,1.33417,1.33478,2756.00000
2026-06-05 16:30:00+00:00,1.33477,1.33491,1.33407,1.33426,2150.00000
2026-06-05 16:45:00+00:00,1.33425,1.33564,1.33420,1.33559,2552.00000
2026-06-05 17:00:00+00:00,1.33561,1.33569,1.33506,1.33530,2164.00000
2026-06-05 17:15:00+00:00,1.33531,1.33540,1.33490,1.33498,2012.00000
2026-06-05 17:30:00+00:00,1.33497,1.33500,1.33414,1.33420,2078.00000
2026-06-05 17:45:00+00:00,1.33421,1.33429,1.33369,1.33416,2520.00000
2026-06-05 18:00:00+00:00,1.33417,1.33426,1.33340,1.33359,1774.00000
2026-06-05 18:15:00+00:00,1.33357,1.33433,1.33350,1.33382,2324.00000
2026-06-05 18:30:00+00:00,1.33380,1.33438,1.33359,1.33377,1904.00000
2026-06-05 18:45:00+00:00,1.33375,1.33440,1.33340,1.33368,2808.00000
2026-06-05 19:00:00+00:00,1.33367,1.33385,1.33336,1.33345,2022.00000
2026-06-05 19:15:00+00:00,1.33344,1.33355,1.33303,1.33354,2337.00000
2026-06-05 19:30:00+00:00,1.33352,1.33374,1.33319,1.33363,2268.00000
2026-06-05 19:45:00+00:00,1.33362,1.33406,1.33357,1.33379,2090.00000
2026-06-05 20:00:00+00:00,1.33378,1.33378,1.33306,1.33307,1535.00000
2026-06-05 20:15:00+00:00,1.33308,1.33383,1.33306,1.33377,893.00000
2026-06-05 20:30:00+00:00,1.33378,1.33389,1.33347,1.33377,1306.00000
2026-06-05 20:45:00+00:00,1.33378,1.33401,1.33337,1.33394,1741.00000
2026-06-07 21:00:00+00:00,1.33289,1.33319,1.33176,1.33306,98.00000
2026-06-07 21:15:00+00:00,1.33308,1.33325,1.33242,1.33242,222.00000
2026-06-07 21:30:00+00:00,1.33241,1.33241,1.33214,1.33241,39.00000
2026-06-07 21:45:00+00:00,1.33225,1.33250,1.33207,1.33207,172.00000
2026-06-07 22:00:00+00:00,1.33238,1.33289,1.33167,1.33285,940.00000
2026-06-07 22:15:00+00:00,1.33287,1.33300,1.33235,1.33237,1275.00000
2026-06-07 22:30:00+00:00,1.33241,1.33277,1.33225,1.33258,642.00000
2026-06-07 22:45:00+00:00,1.33257,1.33268,1.33206,1.33236,887.00000
2026-06-07 23:00:00+00:00,1.33236,1.33292,1.33236,1.33292,656.00000
2026-06-07 23:15:00+00:00,1.33291,1.33325,1.33287,1.33297,511.00000
2026-06-07 23:30:00+00:00,1.33298,1.33327,1.33297,1.33327,452.00000
2026-06-07 23:45:00+00:00,1.33327,1.33361,1.33315,1.33351,781.00000
2026-06-08 00:00:00+00:00,1.33342,1.33382,1.33342,1.33370,1167.00000
2026-06-08 00:15:00+00:00,1.33369,1.33393,1.33356,1.33373,964.00000
2026-06-08 00:30:00+00:00,1.33372,1.33435,1.33372,1.33432,1196.00000
2026-06-08 00:45:00+00:00,1.33434,1.33491,1.33418,1.33490,1283.00000
2026-06-08 01:00:00+00:00,1.33491,1.33503,1.33436,1.33437,1667.00000
2026-06-08 01:15:00+00:00,1.33441,1.33446,1.33273,1.33288,3258.00000
2026-06-08 01:30:00+00:00,1.33287,1.33343,1.33186,1.33336,3504.00000
2026-06-08 01:45:00+00:00,1.33336,1.33377,1.33317,1.33367,2109.00000
2026-06-08 02:00:00+00:00,1.33368,1.33387,1.33276,1.33326,2145.00000
2026-06-08 02:15:00+00:00,1.33325,1.33389,1.33314,1.33376,1200.00000
2026-06-08 02:30:00+00:00,1.33377,1.33380,1.33336,1.33377,1817.00000
2026-06-08 02:45:00+00:00,1.33376,1.33430,1.33367,1.33394,1607.00000
2026-06-08 03:00:00+00:00,1.33395,1.33401,1.33355,1.33366,1253.00000
2026-06-08 03:15:00+00:00,1.33367,1.33377,1.33344,1.33368,979.00000
2026-06-08 03:30:00+00:00,1.33367,1.33388,1.33358,1.33387,890.00000
2026-06-08 03:45:00+00:00,1.33388,1.33422,1.33384,1.33411,656.00000
2026-06-08 04:00:00+00:00,1.33412,1.33427,1.33387,1.33425,992.00000
2026-06-08 04:15:00+00:00,1.33426,1.33457,1.33415,1.33447,608.00000
2026-06-08 04:30:00+00:00,1.33446,1.33449,1.33378,1.33385,1004.00000
2026-06-08 04:45:00+00:00,1.33384,1.33410,1.33383,1.33397,766.00000
2026-06-08 05:00:00+00:00,1.33401,1.33451,1.33397,1.33398,1267.00000
2026-06-08 05:15:00+00:00,1.33397,1.33488,1.33397,1.33436,1387.00000
2026-06-08 05:30:00+00:00,1.33437,1.33440,1.33328,1.33358,2818.00000
2026-06-08 05:45:00+00:00,1.33354,1.33369,1.33255,1.33281,2104.00000
2026-06-08 06:00:00+00:00,1.33277,1.33301,1.33225,1.33236,2496.00000
2026-06-08 06:15:00+00:00,1.33231,1.33311,1.33226,1.33297,1989.00000
2026-06-08 06:30:00+00:00,1.33293,1.33296,1.33202,1.33248,2568.00000
2026-06-08 06:45:00+00:00,1.33247,1.33289,1.33201,1.33227,1511.00000
2026-06-08 07:00:00+00:00,1.33230,1.33384,1.33208,1.33371,3080.00000
2026-06-08 07:15:00+00:00,1.33361,1.33469,1.33330,1.33410,2051.00000
2026-06-08 07:30:00+00:00,1.33408,1.33442,1.33356,1.33380,1963.00000
2026-06-08 07:45:00+00:00,1.33379,1.33398,1.33276,1.33277,1938.00000
2026-06-08 08:00:00+00:00,1.33272,1.33361,1.33265,1.33301,2688.00000
2026-06-08 08:15:00+00:00,1.33300,1.33359,1.33255,1.33359,2274.00000
2026-06-08 08:30:00+00:00,1.33360,1.33360,1.33235,1.33282,2412.00000
2026-06-08 08:45:00+00:00,1.33281,1.33297,1.33201,1.33215,3016.00000
2026-06-08 09:00:00+00:00,1.33216,1.33264,1.33167,1.33180,2370.00000
2026-06-08 09:15:00+00:00,1.33181,1.33197,1.33103,1.33106,1622.00000
2026-06-08 09:30:00+00:00,1.33105,1.33190,1.33058,1.33169,3060.00000
2026-06-08 09:45:00+00:00,1.33168,1.33272,1.33153,1.33269,1995.00000
2026-06-08 10:00:00+00:00,1.33270,1.33329,1.33233,1.33318,1964.00000
2026-06-08 10:15:00+00:00,1.33317,1.33340,1.33266,1.33307,1412.00000
2026-06-08 10:30:00+00:00,1.33306,1.33487,1.33287,1.33401,2678.00000
2026-06-08 10:45:00+00:00,1.33400,1.33443,1.33382,1.33414,1810.00000
2026-06-08 11:00:00+00:00,1.33413,1.33614,1.33406,1.33609,2310.00000
2026-06-08 11:15:00+00:00,1.33606,1.33677,1.33567,1.33642,3393.00000
2026-06-08 11:30:00+00:00,1.33643,1.33698,1.33603,1.33611,2234.00000
2026-06-08 11:45:00+00:00,1.33610,1.33639,1.33568,1.33597,2304.00000
2026-06-08 12:00:00+00:00,1.33599,1.33677,1.33583,1.33583,2912.00000
2026-06-08 12:15:00+00:00,1.33581,1.33616,1.33535,1.33566,2651.00000
2026-06-08 12:30:00+00:00,1.33567,1.33581,1.33503,1.33547,1886.00000
2026-06-08 12:45:00+00:00,1.33546,1.33549,1.33455,1.33505,2130.00000
2026-06-08 13:00:00+00:00,1.33506,1.33576,1.33484,1.33563,3476.00000
2026-06-08 13:15:00+00:00,1.33562,1.33652,1.33531,1.33607,3020.00000
2026-06-08 13:30:00+00:00,1.33605,1.33638,1.33546,1.33565,5082.00000
2026-06-08 13:45:00+00:00,1.33566,1.33587,1.33515,1.33515,3842.00000
2026-06-08 14:00:00+00:00,1.33514,1.33580,1.33459,1.33475,4390.00000
2026-06-08 14:15:00+00:00,1.33476,1.33493,1.33385,1.33439,3680.00000
2026-06-08 14:30:00+00:00,1.33438,1.33454,1.33388,1.33438,3236.00000
2026-06-08 14:45:00+00:00,1.33439,1.33453,1.33369,1.33434,3418.00000
2026-06-08 15:00:00+00:00,1.33437,1.33510,1.33426,1.33472,2951.00000
2026-06-08 15:15:00+00:00,1.33471,1.33506,1.33418,1.33419,3146.00000
2026-06-08 15:30:00+00:00,1.33420,1.33428,1.33354,1.33424,2510.00000
2026-06-08 15:45:00+00:00,1.33425,1.33496,1.33410,1.33467,2276.00000
2026-06-08 16:00:00+00:00,1.33466,1.33479,1.33425,1.33455,2228.00000
2026-06-08 16:15:00+00:00,1.33454,1.33480,1.33436,1.33437,1916.00000
2026-06-08 16:30:00+00:00,1.33441,1.33481,1.33438,1.33455,1956.00000
2026-06-08 16:45:00+00:00,1.33456,1.33467,1.33425,1.33433,1834.00000
2026-06-08 17:00:00+00:00,1.33432,1.33450,1.33411,1.33445,2193.00000
2026-06-08 17:15:00+00:00,1.33444,1.33464,1.33418,1.33452,1734.00000
2026-06-08 17:30:00+00:00,1.33453,1.33457,1.33399,1.33447,2015.00000
2026-06-08 17:45:00+00:00,1.33448,1.33470,1.33438,1.33450,1632.00000
2026-06-08 18:00:00+00:00,1.33452,1.33505,1.33452,1.33477,1840.00000
2026-06-08 18:15:00+00:00,1.33478,1.33510,1.33474,1.33509,1414.00000
2026-06-08 18:30:00+00:00,1.33510,1.33525,1.33469,1.33473,1464.00000
2026-06-08 18:45:00+00:00,1.33475,1.33475,1.33388,1.33390,1416.00000
2026-06-08 19:00:00+00:00,1.33386,1.33438,1.33386,1.33403,1504.00000
2026-06-08 19:15:00+00:00,1.33400,1.33426,1.33390,1.33412,1364.00000
2026-06-08 19:30:00+00:00,1.33413,1.33438,1.33400,1.33406,1672.00000
2026-06-08 19:45:00+00:00,1.33404,1.33427,1.33388,1.33410,1872.00000
2026-06-08 20:00:00+00:00,1.33410,1.33429,1.33408,1.33419,498.00000
2026-06-08 20:15:00+00:00,1.33415,1.33431,1.33395,1.33427,643.00000
2026-06-08 20:30:00+00:00,1.33429,1.33432,1.33410,1.33416,448.00000
2026-06-08 20:45:00+00:00,1.33415,1.33415,1.33372,1.33378,1116.00000
2026-06-08 21:00:00+00:00,1.33438,1.33465,1.33366,1.33396,286.00000
2026-06-08 21:15:00+00:00,1.33444,1.33483,1.33375,1.33415,528.00000
2026-06-08 21:30:00+00:00,1.33416,1.33464,1.33386,1.33419,1636.00000
2026-06-08 21:45:00+00:00,1.33415,1.33434,1.33375,1.33415,664.00000
2026-06-08 22:00:00+00:00,1.33400,1.33415,1.33372,1.33398,698.00000
2026-06-08 22:15:00+00:00,1.33400,1.33404,1.33385,1.33386,447.00000
2026-06-08 22:30:00+00:00,1.33385,1.33400,1.33384,1.33386,376.00000
2026-06-08 22:45:00+00:00,1.33392,1.33408,1.33384,1.33406,234.00000
2026-06-08 23:00:00+00:00,1.33404,1.33414,1.33403,1.33407,190.00000
2026-06-08 23:15:00+00:00,1.33407,1.33409,1.33378,1.33380,277.00000
2026-06-08 23:30:00+00:00,1.33378,1.33380,1.33357,1.33373,370.00000
2026-06-08 23:45:00+00:00,1.33373,1.33377,1.33330,1.33336,600.00000
2026-06-09 00:00:00+00:00,1.33336,1.33356,1.33309,1.33332,2215.00000
2026-06-09 00:15:00+00:00,1.33331,1.33348,1.33319,1.33334,1430.00000
2026-06-09 00:30:00+00:00,1.33335,1.33364,1.33319,1.33351,1335.00000
2026-06-09 00:45:00+00:00,1.33352,1.33367,1.33317,1.33364,1498.00000
2026-06-09 01:00:00+00:00,1.33365,1.33406,1.33356,1.33397,1946.00000
2026-06-09 01:15:00+00:00,1.33398,1.33451,1.33387,1.33438,1639.00000
2026-06-09 01:30:00+00:00,1.33437,1.33481,1.33436,1.33471,1554.00000
2026-06-09 01:45:00+00:00,1.33471,1.33514,1.33470,1.33513,1200.00000
2026-06-09 02:00:00+00:00,1.33514,1.33530,1.33504,1.33517,1066.00000
2026-06-09 02:15:00+00:00,1.33516,1.33516,1.33477,1.33503,906.00000
2026-06-09 02:30:00+00:00,1.33504,1.33514,1.33476,1.33496,1134.00000
2026-06-09 02:45:00+00:00,1.33497,1.33510,1.33483,1.33488,933.00000
2026-06-09 03:00:00+00:00,1.33487,1.33512,1.33471,1.33507,1153.00000
2026-06-09 03:15:00+00:00,1.33510,1.33523,1.33454,1.33475,955.00000
2026-06-09 03:30:00+00:00,1.33476,1.33497,1.33476,1.33495,930.00000
2026-06-09 03:45:00+00:00,1.33496,1.33507,1.33471,1.33493,705.00000
2026-06-09 04:00:00+00:00,1.33494,1.33512,1.33476,1.33506,730.00000
2026-06-09 04:15:00+00:00,1.33505,1.33536,1.33500,1.33536,550.00000
2026-06-09 04:30:00+00:00,1.33535,1.33591,1.33518,1.33581,862.00000
2026-06-09 04:45:00+00:00,1.33580,1.33629,1.33571,1.33603,836.00000
2026-06-09 05:00:00+00:00,1.33604,1.33617,1.33558,1.33560,1109.00000
2026-06-09 05:15:00+00:00,1.33559,1.33590,1.33558,1.33585,1156.00000
2026-06-09 05:30:00+00:00,1.33583,1.33646,1.33583,1.33624,1757.00000
2026-06-09 05:45:00+00:00,1.33626,1.33649,1.33607,1.33615,1112.00000
2026-06-09 06:00:00+00:00,1.33616,1.33716,1.33586,1.33715,1660.00000
2026-06-09 06:15:00+00:00,1.33714,1.33747,1.33693,1.33698,1730.00000
2026-06-09 06:30:00+00:00,1.33697,1.33698,1.33637,1.33655,1877.00000
2026-06-09 06:45:00+00:00,1.33656,1.33656,1.33617,1.33632,1608.00000
2026-06-09 07:00:00+00:00,1.33631,1.33646,1.33583,1.33604,2388.00000
2026-06-09 07:15:00+00:00,1.33602,1.33679,1.33594,1.33659,2160.00000
2026-06-09 07:30:00+00:00,1.33658,1.33687,1.33624,1.33685,2057.00000
2026-06-09 07:45:00+00:00,1.33686,1.33748,1.33657,1.33674,1893.00000
2026-06-09 08:00:00+00:00,1.33671,1.33790,1.33647,1.33713,2972.00000
2026-06-09 08:15:00+00:00,1.33714,1.33782,1.33705,1.33757,2080.00000
2026-06-09 08:30:00+00:00,1.33756,1.33813,1.33753,1.33774,1424.00000
2026-06-09 08:45:00+00:00,1.33773,1.33827,1.33733,1.33799,1450.00000
2026-06-09 09:00:00+00:00,1.33802,1.33879,1.33790,1.33858,1226.00000
2026-06-09 09:15:00+00:00,1.33859,1.33916,1.33848,1.33864,1110.00000
2026-06-09 09:30:00+00:00,1.33865,1.33880,1.33826,1.33867,1064.00000
2026-06-09 09:45:00+00:00,1.33868,1.33898,1.33856,1.33876,898.00000
2026-06-09 10:00:00+00:00,1.33874,1.33917,1.33851,1.33900,1850.00000
2026-06-09 10:15:00+00:00,1.33899,1.33967,1.33894,1.33957,1104.00000
2026-06-09 10:30:00+00:00,1.33958,1.33982,1.33940,1.33976,1096.00000
2026-06-09 10:45:00+00:00,1.33977,1.33977,1.33936,1.33954,933.00000
2026-06-09 11:00:00+00:00,1.33955,1.34006,1.33955,1.33970,944.00000
2026-06-09 11:15:00+00:00,1.33968,1.34017,1.33954,1.34008,978.00000
2026-06-09 11:30:00+00:00,1.34009,1.34016,1.33946,1.33978,1066.00000
2026-06-09 11:45:00+00:00,1.33977,1.34063,1.33969,1.34026,1270.00000
2026-06-09 12:00:00+00:00,1.34028,1.34077,1.34019,1.34022,1890.00000
2026-06-09 12:15:00+00:00,1.34024,1.34033,1.33985,1.33995,1352.00000
2026-06-09 12:30:00+00:00,1.33996,1.34047,1.33993,1.34028,1328.00000
2026-06-09 12:45:00+00:00,1.34029,1.34045,1.34014,1.34038,1192.00000
2026-06-09 13:00:00+00:00,1.34039,1.34086,1.34015,1.34071,2327.00000
2026-06-09 13:15:00+00:00,1.34072,1.34076,1.34015,1.34036,1607.00000
2026-06-09 13:30:00+00:00,1.34039,1.34045,1.33948,1.33964,3102.00000
2026-06-09 13:45:00+00:00,1.33963,1.34110,1.33956,1.33979,3649.00000
2026-06-09 14:00:00+00:00,1.33978,1.34074,1.33968,1.33969,3595.00000
2026-06-09 14:15:00+00:00,1.33970,1.34025,1.33885,1.33979,3718.00000
2026-06-09 14:30:00+00:00,1.33978,1.34057,1.33961,1.33995,3352.00000
2026-06-09 14:45:00+00:00,1.33993,1.34047,1.33929,1.33968,4462.00000
2026-06-09 15:00:00+00:00,1.33969,1.34045,1.33958,1.34002,3536.00000
2026-06-09 15:15:00+00:00,1.34003,1.34007,1.33856,1.33865,2958.00000
2026-06-09 15:30:00+00:00,1.33862,1.33880,1.33726,1.33849,4304.00000
2026-06-09 15:45:00+00:00,1.33852,1.33902,1.33810,1.33869,3454.00000
2026-06-09 16:00:00+00:00,1.33871,1.33889,1.33786,1.33796,4378.00000
2026-06-09 16:15:00+00:00,1.33795,1.33805,1.33714,1.33770,3854.00000
2026-06-09 16:30:00+00:00,1.33767,1.33808,1.33585,1.33669,5213.00000
2026-06-09 16:45:00+00:00,1.33667,1.33716,1.33607,1.33715,4433.00000
2026-06-09 17:00:00+00:00,1.33719,1.33799,1.33709,1.33741,3562.00000
2026-06-09 17:15:00+00:00,1.33739,1.33892,1.33733,1.33864,3574.00000
2026-06-09 17:30:00+00:00,1.33861,1.33884,1.33828,1.33844,2698.00000
2026-06-09 17:45:00+00:00,1.33846,1.33866,1.33809,1.33830,2506.00000
2026-06-09 18:00:00+00:00,1.33832,1.33852,1.33807,1.33847,2774.00000
2026-06-09 18:15:00+00:00,1.33846,1.33887,1.33816,1.33867,2320.00000
2026-06-09 18:30:00+00:00,1.33866,1.33907,1.33853,1.33880,1736.00000
2026-06-09 18:45:00+00:00,1.33881,1.33895,1.33857,1.33878,1378.00000
2026-06-09 19:00:00+00:00,1.33879,1.33888,1.33842,1.33854,1681.00000
2026-06-09 19:15:00+00:00,1.33855,1.33856,1.33807,1.33820,2198.00000
2026-06-09 19:30:00+00:00,1.33819,1.33829,1.33794,1.33807,1830.00000
2026-06-09 19:45:00+00:00,1.33808,1.33842,1.33786,1.33796,2418.00000
2026-06-09 20:00:00+00:00,1.33795,1.33823,1.33777,1.33788,955.00000
2026-06-09 20:15:00+00:00,1.33787,1.33829,1.33787,1.33815,330.00000
2026-06-09 20:30:00+00:00,1.33815,1.33818,1.33796,1.33797,369.00000
2026-06-09 20:45:00+00:00,1.33798,1.33812,1.33774,1.33785,959.00000
2026-06-09 21:00:00+00:00,1.33779,1.33828,1.33686,1.33828,700.00000
2026-06-09 21:15:00+00:00,1.33814,1.33819,1.33738,1.33759,410.00000
2026-06-09 21:30:00+00:00,1.33764,1.33783,1.33679,1.33695,2766.00000
2026-06-09 21:45:00+00:00,1.33682,1.33726,1.33636,1.33694,604.00000
2026-06-09 22:00:00+00:00,1.33695,1.33764,1.33695,1.33754,503.00000
2026-06-09 22:15:00+00:00,1.33755,1.33765,1.33745,1.33752,426.00000
2026-06-09 22:30:00+00:00,1.33752,1.33755,1.33733,1.33733,531.00000
2026-06-09 22:45:00+00:00,1.33729,1.33730,1.33712,1.33717,450.00000
2026-06-09 23:00:00+00:00,1.33716,1.33751,1.33715,1.33736,418.00000
2026-06-09 23:15:00+00:00,1.33735,1.33736,1.33685,1.33687,423.00000
2026-06-09 23:30:00+00:00,1.33686,1.33707,1.33684,1.33706,412.00000
2026-06-09 23:45:00+00:00,1.33701,1.33724,1.33691,1.33715,1066.00000
2026-06-10 00:00:00+00:00,1.33717,1.33777,1.33702,1.33776,2363.00000
2026-06-10 00:15:00+00:00,1.33775,1.33788,1.33751,1.33781,1281.00000
2026-06-10 00:30:00+00:00,1.33779,1.33786,1.33684,1.33697,1638.00000
2026-06-10 00:45:00+00:00,1.33695,1.33805,1.33685,1.33788,2246.00000
2026-06-10 01:00:00+00:00,1.33789,1.33794,1.33737,1.33761,2524.00000
2026-06-10 01:15:00+00:00,1.33763,1.33797,1.33746,1.33766,1721.00000
2026-06-10 01:30:00+00:00,1.33763,1.33786,1.33737,1.33754,2062.00000
2026-06-10 01:45:00+00:00,1.33753,1.33787,1.33724,1.33746,2010.00000
2026-06-10 02:00:00+00:00,1.33747,1.33771,1.33728,1.33765,1572.00000
2026-06-10 02:15:00+00:00,1.33766,1.33815,1.33756,1.33811,1192.00000
2026-06-10 02:30:00+00:00,1.33812,1.33828,1.33792,1.33827,1344.00000
2026-06-10 02:45:00+00:00,1.33828,1.33836,1.33785,1.33794,1026.00000
2026-06-10 03:00:00+00:00,1.33795,1.33857,1.33791,1.33855,1105.00000
2026-06-10 03:15:00+00:00,1.33854,1.33882,1.33839,1.33844,1003.00000
2026-06-10 03:30:00+00:00,1.33845,1.33855,1.33824,1.33826,764.00000
2026-06-10 03:45:00+00:00,1.33825,1.33908,1.33825,1.33887,1048.00000
2026-06-10 04:00:00+00:00,1.33890,1.33892,1.33839,1.33840,984.00000
2026-06-10 04:15:00+00:00,1.33841,1.33863,1.33830,1.33855,1076.00000
2026-06-10 04:30:00+00:00,1.33854,1.33857,1.33797,1.33801,1240.00000
2026-06-10 04:45:00+00:00,1.33802,1.33822,1.33798,1.33822,989.00000
2026-06-10 05:00:00+00:00,1.33821,1.33857,1.33807,1.33824,1242.00000
2026-06-10 05:15:00+00:00,1.33823,1.33859,1.33798,1.33857,1314.00000
2026-06-10 05:30:00+00:00,1.33856,1.33944,1.33855,1.33917,1883.00000
2026-06-10 05:45:00+00:00,1.33918,1.33927,1.33894,1.33915,1208.00000
2026-06-10 06:00:00+00:00,1.33922,1.33973,1.33911,1.33947,1972.00000
2026-06-10 06:15:00+00:00,1.33946,1.33966,1.33911,1.33955,1688.00000
2026-06-10 06:30:00+00:00,1.33954,1.33967,1.33934,1.33945,1340.00000
2026-06-10 06:45:00+00:00,1.33944,1.33967,1.33826,1.33834,1548.00000
2026-06-10 07:00:00+00:00,1.33831,1.33910,1.33801,1.33909,2063.00000
2026-06-10 07:15:00+00:00,1.33908,1.33936,1.33868,1.33879,1517.00000
2026-06-10 07:30:00+00:00,1.33881,1.33914,1.33872,1.33891,1856.00000
2026-06-10 07:45:00+00:00,1.33892,1.33916,1.33870,1.33906,1584.00000
2026-06-10 08:00:00+00:00,1.33907,1.33908,1.33824,1.33847,2453.00000
2026-06-10 08:15:00+00:00,1.33852,1.33917,1.33845,1.33908,2022.00000
2026-06-10 08:30:00+00:00,1.33909,1.33924,1.33888,1.33898,1308.00000
2026-06-10 08:45:00+00:00,1.33897,1.33898,1.33845,1.33862,1921.00000
2026-06-10 09:00:00+00:00,1.33863,1.33890,1.33811,1.33812,1734.00000
2026-06-10 09:15:00+00:00,1.33813,1.33875,1.33811,1.33868,1140.00000
2026-06-10 09:30:00+00:00,1.33869,1.33950,1.33868,1.33947,1828.00000
2026-06-10 09:45:00+00:00,1.33948,1.33997,1.33948,1.33972,1515.00000
2026-06-10 10:00:00+00:00,1.33974,1.33992,1.33952,1.33973,1209.00000
2026-06-10 10:15:00+00:00,1.33974,1.33989,1.33947,1.33975,1300.00000
2026-06-10 10:30:00+00:00,1.33974,1.33989,1.33932,1.33946,1572.00000
2026-06-10 10:45:00+00:00,1.33945,1.33976,1.33898,1.33907,1638.00000
2026-06-10 11:00:00+00:00,1.33909,1.33938,1.33774,1.33895,4069.00000
2026-06-10 11:15:00+00:00,1.33903,1.33920,1.33817,1.33848,3948.00000
2026-06-10 11:30:00+00:00,1.33846,1.33858,1.33761,1.33779,3040.00000
2026-06-10 11:45:00+00:00,1.33778,1.33838,1.33769,1.33784,2178.00000
2026-06-10 12:00:00+00:00,1.33788,1.33875,1.33773,1.33836,2574.00000
2026-06-10 12:15:00+00:00,1.33833,1.33907,1.33825,1.33903,2289.00000
2026-06-10 12:30:00+00:00,1.33896,1.34067,1.33859,1.34023,5067.00000
2026-06-10 12:45:00+00:00,1.34024,1.34088,1.33881,1.33892,3633.00000
2026-06-10 13:00:00+00:00,1.33888,1.33975,1.33884,1.33969,3557.00000
2026-06-10 13:15:00+00:00,1.33968,1.34040,1.33942,1.34014,2689.00000
2026-06-10 13:30:00+00:00,1.34012,1.34212,1.34006,1.34211,4362.00000
2026-06-10 13:45:00+00:00,1.34212,1.34233,1.34092,1.34096,4102.00000
2026-06-10 14:00:00+00:00,1.34101,1.34172,1.34062,1.34120,4404.00000
2026-06-10 14:15:00+00:00,1.34123,1.34127,1.33996,1.34042,4504.00000
2026-06-10 14:30:00+00:00,1.34046,1.34090,1.34012,1.34053,3702.00000
2026-06-10 14:45:00+00:00,1.34051,1.34080,1.33957,1.34016,4347.00000
2026-06-10 15:00:00+00:00,1.34017,1.34052,1.33921,1.33956,4020.00000
2026-06-10 15:15:00+00:00,1.33955,1.33990,1.33894,1.33967,3678.00000
2026-06-10 15:30:00+00:00,1.33968,1.33974,1.33876,1.33908,3086.00000
2026-06-10 15:45:00+00:00,1.33907,1.33921,1.33714,1.33898,5029.00000
2026-06-10 16:00:00+00:00,1.33903,1.33963,1.33869,1.33932,3848.00000
2026-06-10 16:15:00+00:00,1.33931,1.33947,1.33904,1.33935,3000.00000
2026-06-10 16:30:00+00:00,1.33936,1.33977,1.33912,1.33916,2774.00000
2026-06-10 16:45:00+00:00,1.33915,1.33924,1.33873,1.33894,2016.00000
2026-06-10 17:00:00+00:00,1.33896,1.33949,1.33842,1.33863,2560.00000
2026-06-10 17:15:00+00:00,1.33865,1.33871,1.33835,1.33846,2424.00000
2026-06-10 17:30:00+00:00,1.33845,1.33846,1.33794,1.33799,1830.00000
2026-06-10 17:45:00+00:00,1.33798,1.33919,1.33795,1.33915,3101.00000
2026-06-10 18:00:00+00:00,1.33918,1.33965,1.33906,1.33907,2704.00000
2026-06-10 18:15:00+00:00,1.33906,1.33914,1.33842,1.33859,2302.00000
2026-06-10 18:30:00+00:00,1.33861,1.33865,1.33812,1.33816,2288.00000
2026-06-10 18:45:00+00:00,1.33815,1.33841,1.33789,1.33794,2160.00000
2026-06-10 19:00:00+00:00,1.33797,1.33798,1.33725,1.33728,2028.00000
2026-06-10 19:15:00+00:00,1.33729,1.33747,1.33716,1.33726,1284.00000
2026-06-10 19:30:00+00:00,1.33727,1.33789,1.33719,1.33788,1669.00000
2026-06-10 19:45:00+00:00,1.33789,1.33790,1.33721,1.33722,1500.00000
2026-06-10 20:00:00+00:00,1.33719,1.33727,1.33678,1.33687,1220.00000
2026-06-10 20:15:00+00:00,1.33686,1.33717,1.33681,1.33707,603.00000
2026-06-10 20:30:00+00:00,1.33706,1.33719,1.33673,1.33682,548.00000
2026-06-10 20:45:00+00:00,1.33681,1.33687,1.33668,1.33677,693.00000
2026-06-10 21:00:00+00:00,1.33730,1.33730,1.33676,1.33702,76.00000
2026-06-10 21:15:00+00:00,1.33692,1.33764,1.33689,1.33701,4316.00000
2026-06-10 21:30:00+00:00,1.33698,1.33738,1.33676,1.33718,1241.00000
2026-06-10 21:45:00+00:00,1.33714,1.33730,1.33664,1.33698,3113.00000
2026-06-10 22:00:00+00:00,1.33645,1.33672,1.33553,1.33575,949.00000
2026-06-10 22:15:00+00:00,1.33574,1.33592,1.33554,1.33578,656.00000
2026-06-10 22:30:00+00:00,1.33577,1.33637,1.33575,1.33618,781.00000
2026-06-10 22:45:00+00:00,1.33617,1.33636,1.33556,1.33556,1023.00000
2026-06-10 23:00:00+00:00,1.33556,1.33568,1.33502,1.33508,925.00000
2026-06-10 23:15:00+00:00,1.33508,1.33635,1.33499,1.33622,2089.00000
2026-06-10 23:30:00+00:00,1.33622,1.33647,1.33589,1.33634,1032.00000
2026-06-10 23:45:00+00:00,1.33633,1.33647,1.33598,1.33616,1226.00000
2026-06-11 00:00:00+00:00,1.33619,1.33681,1.33619,1.33661,2909.00000
2026-06-11 00:15:00+00:00,1.33662,1.33710,1.33656,1.33687,3060.00000
2026-06-11 00:30:00+00:00,1.33685,1.33697,1.33652,1.33664,2026.00000
2026-06-11 00:45:00+00:00,1.33665,1.33710,1.33664,1.33705,1849.00000
2026-06-11 01:00:00+00:00,1.33707,1.33854,1.33697,1.33852,2823.00000
2026-06-11 01:15:00+00:00,1.33853,1.33918,1.33836,1.33903,1718.00000
2026-06-11 01:30:00+00:00,1.33900,1.33918,1.33878,1.33891,1438.00000
2026-06-11 01:45:00+00:00,1.33890,1.33907,1.33845,1.33857,1282.00000
2026-06-11 02:00:00+00:00,1.33858,1.33864,1.33824,1.33827,1467.00000
2026-06-11 02:15:00+00:00,1.33828,1.33834,1.33780,1.33786,1474.00000
2026-06-11 02:30:00+00:00,1.33787,1.33794,1.33766,1.33787,1516.00000
2026-06-11 02:45:00+00:00,1.33786,1.33814,1.33779,1.33791,1390.00000
2026-06-11 03:00:00+00:00,1.33792,1.33806,1.33750,1.33755,1576.00000
2026-06-11 03:15:00+00:00,1.33757,1.33792,1.33755,1.33787,1046.00000
2026-06-11 03:30:00+00:00,1.33788,1.33797,1.33776,1.33792,1235.00000
2026-06-11 03:45:00+00:00,1.33793,1.33797,1.33778,1.33785,920.00000
2026-06-11 04:00:00+00:00,1.33787,1.33795,1.33764,1.33787,912.00000
2026-06-11 04:15:00+00:00,1.33788,1.33812,1.33783,1.33798,959.00000
2026-06-11 04:30:00+00:00,1.33797,1.33853,1.33797,1.33844,945.00000
2026-06-11 04:45:00+00:00,1.33845,1.33866,1.33825,1.33835,1078.00000
2026-06-11 05:00:00+00:00,1.33836,1.33868,1.33822,1.33863,1212.00000
2026-06-11 05:15:00+00:00,1.33864,1.33871,1.33844,1.33849,880.00000
2026-06-11 05:30:00+00:00,1.33850,1.33861,1.33830,1.33843,1165.00000
2026-06-11 05:45:00+00:00,1.33844,1.33846,1.33800,1.33810,1099.00000
2026-06-11 06:00:00+00:00,1.33812,1.33819,1.33753,1.33807,1713.00000
2026-06-11 06:15:00+00:00,1.33808,1.33815,1.33759,1.33768,1590.00000
2026-06-11 06:30:00+00:00,1.33769,1.33815,1.33762,1.33798,1394.00000
2026-06-11 06:45:00+00:00,1.33796,1.33813,1.33761,1.33773,1413.00000
2026-06-11 07:00:00+00:00,1.33774,1.33849,1.33767,1.33836,2194.00000
2026-06-11 07:15:00+00:00,1.33835,1.33918,1.33828,1.33895,1768.00000
2026-06-11 07:30:00+00:00,1.33894,1.33909,1.33831,1.33832,1654.00000
2026-06-11 07:45:00+00:00,1.33830,1.33848,1.33793,1.33823,1434.00000
2026-06-11 08:00:00+00:00,1.33818,1.33836,1.33782,1.33785,2026.00000
2026-06-11 08:15:00+00:00,1.33786,1.33786,1.33716,1.33725,1617.00000
2026-06-11 08:30:00+00:00,1.33724,1.33731,1.33682,1.33690,1242.00000
2026-06-11 08:45:00+00:00,1.33689,1.33695,1.33613,1.33635,1627.00000
2026-06-11 09:00:00+00:00,1.33634,1.33665,1.33584,1.33664,1454.00000
2026-06-11 09:15:00+00:00,1.33665,1.33681,1.33627,1.33634,1130.00000
2026-06-11 09:30:00+00:00,1.33635,1.33637,1.33607,1.33627,1030.00000
2026-06-11 09:45:00+00:00,1.33632,1.33694,1.33606,1.33655,1084.00000
2026-06-11 10:00:00+00:00,1.33653,1.33655,1.33545,1.33556,1409.00000
2026-06-11 10:15:00+00:00,1.33554,1.33578,1.33524,1.33544,1132.00000
2026-06-11 10:30:00+00:00,1.33545,1.33590,1.33535,1.33566,1116.00000
2026-06-11 10:45:00+00:00,1.33567,1.33618,1.33566,1.33595,1090.00000
2026-06-11 11:00:00+00:00,1.33594,1.33658,1.33594,1.33647,1772.00000
2026-06-11 11:15:00+00:00,1.33645,1.33651,1.33596,1.33635,1298.00000
2026-06-11 11:30:00+00:00,1.33633,1.33681,1.33617,1.33625,1976.00000
2026-06-11 11:45:00+00:00,1.33624,1.33658,1.33603,1.33652,1165.00000
2026-06-11 12:00:00+00:00,1.33653,1.33678,1.33601,1.33633,1901.00000
2026-06-11 12:15:00+00:00,1.33631,1.33655,1.33405,1.33497,3721.00000
2026-06-11 12:30:00+00:00,1.33508,1.33579,1.33415,1.33531,3685.00000
2026-06-11 12:45:00+00:00,1.33528,1.33654,1.33505,1.33614,4364.00000
2026-06-11 13:00:00+00:00,1.33620,1.33620,1.33463,1.33464,2982.00000
2026-06-11 13:15:00+00:00,1.33462,1.33535,1.33391,1.33514,2200.00000
2026-06-11 13:30:00+00:00,1.33515,1.33558,1.33471,1.33517,4499.00000
2026-06-11 13:45:00+00:00,1.33518,1.33627,1.33496,1.33532,4238.00000
2026-06-11 14:00:00+00:00,1.33533,1.33551,1.33386,1.33428,3501.00000
2026-06-11 14:15:00+00:00,1.33429,1.33443,1.33359,1.33368,3274.00000
2026-06-11 14:30:00+00:00,1.33370,1.33377,1.33295,1.33311,3204.00000
2026-06-11 14:45:00+00:00,1.33310,1.33339,1.33253,1.33277,3082.00000
2026-06-11 15:00:00+00:00,1.33276,1.33374,1.33245,1.33344,3996.00000
2026-06-11 15:15:00+00:00,1.33343,1.33434,1.33343,1.33410,3100.00000
2026-06-11 15:30:00+00:00,1.33411,1.33448,1.33385,1.33408,3184.00000
2026-06-11 15:45:00+00:00,1.33409,1.33419,1.33334,1.33354,2891.00000
2026-06-11 16:00:00+00:00,1.33356,1.33375,1.33326,1.33345,2416.00000
2026-06-11 16:15:00+00:00,1.33344,1.33347,1.33285,1.33304,2474.00000
2026-06-11 16:30:00+00:00,1.33299,1.33358,1.33279,1.33327,2134.00000
2026-06-11 16:45:00+00:00,1.33326,1.33348,1.33316,1.33333,1716.00000
2026-06-11 17:00:00+00:00,1.33332,1.33347,1.33277,1.33304,2192.00000
2026-06-11 17:15:00+00:00,1.33303,1.33513,1.33264,1.33509,2532.00000
2026-06-11 17:30:00+00:00,1.33510,1.34034,1.33509,1.34000,8007.00000
2026-06-11 17:45:00+00:00,1.33999,1.34042,1.33835,1.33888,5724.00000
2026-06-11 18:00:00+00:00,1.33889,1.33930,1.33785,1.33891,5506.00000
2026-06-11 18:15:00+00:00,1.33890,1.33982,1.33879,1.33917,4718.00000
2026-06-11 18:30:00+00:00,1.33919,1.33959,1.33840,1.33959,3053.00000
2026-06-11 18:45:00+00:00,1.33957,1.34077,1.33957,1.33976,2242.00000
2026-06-11 19:00:00+00:00,1.33974,1.34182,1.33974,1.34169,3511.00000
2026-06-11 19:15:00+00:00,1.34170,1.34224,1.34130,1.34216,3107.00000
2026-06-11 19:30:00+00:00,1.34218,1.34335,1.34203,1.34207,3748.00000
2026-06-11 19:45:00+00:00,1.34209,1.34209,1.34151,1.34163,2411.00000
2026-06-11 20:00:00+00:00,1.34165,1.34223,1.34159,1.34190,1774.00000
2026-06-11 20:15:00+00:00,1.34188,1.34228,1.34175,1.34192,913.00000
2026-06-11 20:30:00+00:00,1.34189,1.34201,1.34143,1.34146,1454.00000
2026-06-11 20:45:00+00:00,1.34147,1.34171,1.34129,1.34150,1160.00000
2026-06-11 21:00:00+00:00,1.34123,1.34231,1.34091,1.34227,185.00000
2026-06-11 21:15:00+00:00,1.34131,1.34239,1.34101,1.34107,425.00000
2026-06-11 21:30:00+00:00,1.34106,1.34171,1.34020,1.34147,929.00000
2026-06-11 21:45:00+00:00,1.34142,1.34224,1.34063,1.34143,643.00000
2026-06-11 22:00:00+00:00,1.34167,1.34259,1.34124,1.34182,641.00000
2026-06-11 22:15:00+00:00,1.34181,1.34191,1.34151,1.34172,422.00000
2026-06-11 22:30:00+00:00,1.34171,1.34202,1.34142,1.34192,771.00000
2026-06-11 22:45:00+00:00,1.34193,1.34244,1.34192,1.34234,829.00000
2026-06-11 23:00:00+00:00,1.34235,1.34263,1.34206,1.34213,823.00000
2026-06-11 23:15:00+00:00,1.34213,1.34223,1.34158,1.34159,646.00000
2026-06-11 23:30:00+00:00,1.34160,1.34167,1.34137,1.34153,567.00000
2026-06-11 23:45:00+00:00,1.34153,1.34164,1.34133,1.34141,1391.00000
2026-06-12 00:00:00+00:00,1.34142,1.34157,1.34090,1.34118,2740.00000
2026-06-12 00:15:00+00:00,1.34121,1.34135,1.34091,1.34115,2083.00000
2026-06-12 00:30:00+00:00,1.34116,1.34132,1.34059,1.34060,1780.00000
2026-06-12 00:45:00+00:00,1.34061,1.34103,1.34057,1.34084,2133.00000
2026-06-12 01:00:00+00:00,1.34085,1.34087,1.34005,1.34041,3012.00000
2026-06-12 01:15:00+00:00,1.34040,1.34046,1.33999,1.34016,2126.00000
2026-06-12 01:30:00+00:00,1.34017,1.34061,1.34013,1.34014,2576.00000
2026-06-12 01:45:00+00:00,1.34015,1.34049,1.33997,1.34031,1625.00000
2026-06-12 02:00:00+00:00,1.34032,1.34125,1.34024,1.34108,1734.00000
2026-06-12 02:15:00+00:00,1.34105,1.34105,1.34037,1.34037,1452.00000
2026-06-12 02:30:00+00:00,1.34038,1.34070,1.34023,1.34068,1632.00000
2026-06-12 02:45:00+00:00,1.34068,1.34079,1.34056,1.34067,1076.00000
2026-06-12 03:00:00+00:00,1.34066,1.34087,1.34048,1.34073,1442.00000
2026-06-12 03:15:00+00:00,1.34072,1.34130,1.34069,1.34117,1757.00000
2026-06-12 03:30:00+00:00,1.34116,1.34176,1.34112,1.34168,1635.00000
2026-06-12 03:45:00+00:00,1.34167,1.34169,1.34121,1.34145,1410.00000
2026-06-12 04:00:00+00:00,1.34146,1.34149,1.34105,1.34141,1406.00000
2026-06-12 04:15:00+00:00,1.34139,1.34148,1.34122,1.34146,866.00000
2026-06-12 04:30:00+00:00,1.34147,1.34179,1.34140,1.34163,1120.00000
2026-06-12 04:45:00+00:00,1.34164,1.34168,1.34098,1.34113,1190.00000
2026-06-12 05:00:00+00:00,1.34116,1.34140,1.34044,1.34072,1698.00000
2026-06-12 05:15:00+00:00,1.34071,1.34074,1.34022,1.34034,1344.00000
2026-06-12 05:30:00+00:00,1.34033,1.34048,1.34006,1.34009,1989.00000
2026-06-12 05:45:00+00:00,1.34010,1.34013,1.33945,1.33960,1810.00000
2026-06-12 06:00:00+00:00,1.33963,1.34103,1.33963,1.34082,1932.00000
2026-06-12 06:15:00+00:00,1.34083,1.34108,1.34071,1.34103,1572.00000
2026-06-12 06:30:00+00:00,1.34104,1.34106,1.33998,1.34000,2264.00000
2026-06-12 06:45:00+00:00,1.34002,1.34071,1.33998,1.34064,2004.00000
2026-06-12 07:00:00+00:00,1.34063,1.34066,1.33981,1.33994,2377.00000
2026-06-12 07:15:00+00:00,1.33995,1.34007,1.33928,1.33929,2022.00000
2026-06-12 07:30:00+00:00,1.33928,1.33948,1.33836,1.33890,2785.00000
2026-06-12 07:45:00+00:00,1.33892,1.33979,1.33848,1.33977,2784.00000
2026-06-12 08:00:00+00:00,1.33979,1.34033,1.33947,1.34009,3107.00000
2026-06-12 08:15:00+00:00,1.34008,1.34193,1.33986,1.34077,3922.00000
2026-06-12 08:30:00+00:00,1.34079,1.34179,1.34074,1.34167,2802.00000
2026-06-12 08:45:00+00:00,1.34166,1.34193,1.34122,1.34134,2212.00000
2026-06-12 09:00:00+00:00,1.34135,1.34158,1.34090,1.34148,2188.00000
2026-06-12 09:15:00+00:00,1.34149,1.34256,1.34145,1.34239,2811.00000
2026-06-12 09:30:00+00:00,1.34240,1.34258,1.34200,1.34204,2030.00000
2026-06-12 09:45:00+00:00,1.34203,1.34223,1.34153,1.34203,1676.00000
2026-06-12 10:00:00+00:00,1.34201,1.34236,1.34154,1.34175,1840.00000
2026-06-12 10:15:00+00:00,1.34176,1.34184,1.34047,1.34101,2570.00000
2026-06-12 10:30:00+00:00,1.34102,1.34185,1.34093,1.34147,1940.00000
2026-06-12 10:45:00+00:00,1.34148,1.34170,1.34087,1.34108,2038.00000
2026-06-12 11:00:00+00:00,1.34112,1.34149,1.34087,1.34149,1720.00000
2026-06-12 11:15:00+00:00,1.34154,1.34176,1.34138,1.34142,1856.00000
2026-06-12 11:30:00+00:00,1.34141,1.34181,1.34125,1.34167,1856.00000
2026-06-12 11:45:00+00:00,1.34168,1.34176,1.34084,1.34092,1734.00000
2026-06-12 12:00:00+00:00,1.34091,1.34093,1.34009,1.34020,2358.00000
2026-06-12 12:15:00+00:00,1.34019,1.34032,1.33898,1.33899,2213.00000
2026-06-12 12:30:00+00:00,1.33901,1.33973,1.33896,1.33945,2021.00000
2026-06-12 12:45:00+00:00,1.33946,1.33958,1.33903,1.33935,2794.00000
2026-06-12 13:00:00+00:00,1.33936,1.33988,1.33904,1.33958,2571.00000
2026-06-12 13:15:00+00:00,1.33957,1.34082,1.33948,1.34079,2110.00000
2026-06-12 13:30:00+00:00,1.34080,1.34140,1.33947,1.33981,5387.00000
2026-06-12 13:45:00+00:00,1.33982,1.34031,1.33982,1.34000,3904.00000
2026-06-12 14:00:00+00:00,1.34003,1.34121,1.33986,1.34065,3993.00000
2026-06-12 14:15:00+00:00,1.34063,1.34080,1.33966,1.33978,3370.00000
2026-06-12 14:30:00+00:00,1.33976,1.34073,1.33975,1.34018,3406.00000
2026-06-12 14:45:00+00:00,1.34017,1.34173,1.33953,1.34137,5365.00000
2026-06-12 15:00:00+00:00,1.34139,1.34167,1.34104,1.34142,4327.00000
2026-06-12 15:15:00+00:00,1.34143,1.34229,1.34124,1.34228,3112.00000
2026-06-12 15:30:00+00:00,1.34229,1.34240,1.34082,1.34106,3649.00000
2026-06-12 15:45:00+00:00,1.34107,1.34171,1.34102,1.34131,3163.00000
2026-06-12 16:00:00+00:00,1.34127,1.34191,1.34076,1.34104,4012.00000
2026-06-12 16:15:00+00:00,1.34106,1.34155,1.34079,1.34122,3271.00000
2026-06-12 16:30:00+00:00,1.34126,1.34159,1.34108,1.34124,2412.00000
2026-06-12 16:45:00+00:00,1.34123,1.34172,1.34118,1.34155,2360.00000
2026-06-12 17:00:00+00:00,1.34156,1.34218,1.34143,1.34167,2253.00000
2026-06-12 17:15:00+00:00,1.34166,1.34193,1.34154,1.34179,2068.00000
2026-06-12 17:30:00+00:00,1.34178,1.34183,1.34151,1.34175,1764.00000
2026-06-12 17:45:00+00:00,1.34174,1.34183,1.34158,1.34167,1630.00000
2026-06-12 18:00:00+00:00,1.34166,1.34180,1.34121,1.34140,2086.00000
2026-06-12 18:15:00+00:00,1.34141,1.34176,1.34136,1.34174,1480.00000
2026-06-12 18:30:00+00:00,1.34175,1.34213,1.34175,1.34197,1122.00000
2026-06-12 18:45:00+00:00,1.34196,1.34205,1.34145,1.34157,1308.00000
2026-06-12 19:00:00+00:00,1.34156,1.34201,1.34139,1.34174,1324.00000
2026-06-12 19:15:00+00:00,1.34173,1.34189,1.34161,1.34175,1410.00000
2026-06-12 19:30:00+00:00,1.34178,1.34180,1.34122,1.34123,2076.00000
2026-06-12 19:45:00+00:00,1.34122,1.34135,1.34083,1.34111,1709.00000
2026-06-12 20:00:00+00:00,1.34108,1.34113,1.34075,1.34075,933.00000
2026-06-12 20:15:00+00:00,1.34075,1.34092,1.34039,1.34040,417.00000
2026-06-12 20:30:00+00:00,1.34038,1.34038,1.34021,1.34023,506.00000
2026-06-12 20:45:00+00:00,1.34024,1.34061,1.34016,1.34038,1406.00000
2026-06-14 21:00:00+00:00,1.34087,1.34087,1.34073,1.34082,60.00000
2026-06-14 21:15:00+00:00,1.34083,1.34191,1.34027,1.34110,361.00000
2026-06-14 21:30:00+00:00,1.34123,1.34273,1.34114,1.34215,422.00000
2026-06-14 21:45:00+00:00,1.34211,1.34340,1.34156,1.34290,749.00000
2026-06-14 22:00:00+00:00,1.34284,1.34533,1.34254,1.34468,2005.00000
2026-06-14 22:15:00+00:00,1.34466,1.34528,1.34418,1.34462,1434.00000
2026-06-14 22:30:00+00:00,1.34461,1.34514,1.34453,1.34504,1293.00000
2026-06-14 22:45:00+00:00,1.34503,1.34544,1.34498,1.34522,825.00000
2026-06-14 23:00:00+00:00,1.34521,1.34533,1.34474,1.34479,920.00000
2026-06-14 23:15:00+00:00,1.34478,1.34494,1.34457,1.34468,430.00000
2026-06-14 23:30:00+00:00,1.34470,1.34512,1.34452,1.34510,423.00000
2026-06-14 23:45:00+00:00,1.34512,1.34542,1.34485,1.34496,1081.00000
2026-06-15 00:00:00+00:00,1.34493,1.34598,1.34493,1.34593,2387.00000
2026-06-15 00:15:00+00:00,1.34595,1.34610,1.34564,1.34566,1797.00000
2026-06-15 00:30:00+00:00,1.34567,1.34575,1.34542,1.34553,1134.00000
2026-06-15 00:45:00+00:00,1.34556,1.34557,1.34437,1.34439,1794.00000
2026-06-15 01:00:00+00:00,1.34438,1.34440,1.34389,1.34420,1834.00000
2026-06-15 01:15:00+00:00,1.34419,1.34441,1.34411,1.34419,1077.00000
2026-06-15 01:30:00+00:00,1.34420,1.34426,1.34380,1.34382,1234.00000
2026-06-15 01:45:00+00:00,1.34382,1.34440,1.34369,1.34378,1231.00000
2026-06-15 02:00:00+00:00,1.34377,1.34390,1.34330,1.34337,1325.00000
2026-06-15 02:15:00+00:00,1.34336,1.34381,1.34330,1.34371,754.00000
2026-06-15 02:30:00+00:00,1.34376,1.34408,1.34370,1.34381,773.00000
2026-06-15 02:45:00+00:00,1.34379,1.34398,1.34370,1.34392,688.00000
2026-06-15 03:00:00+00:00,1.34391,1.34409,1.34382,1.34389,912.00000
2026-06-15 03:15:00+00:00,1.34391,1.34425,1.34390,1.34422,932.00000
2026-06-15 03:30:00+00:00,1.34421,1.34461,1.34419,1.34450,902.00000
2026-06-15 03:45:00+00:00,1.34449,1.34463,1.34428,1.34428,713.00000
2026-06-15 04:00:00+00:00,1.34429,1.34439,1.34405,1.34425,596.00000
2026-06-15 04:15:00+00:00,1.34424,1.34470,1.34421,1.34469,606.00000
2026-06-15 04:30:00+00:00,1.34470,1.34490,1.34467,1.34487,563.00000
2026-06-15 04:45:00+00:00,1.34486,1.34510,1.34485,1.34503,702.00000
2026-06-15 05:00:00+00:00,1.34504,1.34601,1.34503,1.34586,1321.00000
2026-06-15 05:15:00+00:00,1.34587,1.34594,1.34561,1.34577,848.00000
2026-06-15 05:30:00+00:00,1.34578,1.34590,1.34528,1.34529,975.00000
2026-06-15 05:45:00+00:00,1.34530,1.34565,1.34520,1.34551,1110.00000
2026-06-15 06:00:00+00:00,1.34550,1.34559,1.34451,1.34477,1736.00000
2026-06-15 06:15:00+00:00,1.34479,1.34491,1.34452,1.34458,1191.00000
2026-06-15 06:30:00+00:00,1.34456,1.34456,1.34349,1.34408,1545.00000
2026-06-15 06:45:00+00:00,1.34409,1.34432,1.34397,1.34421,1058.00000
2026-06-15 07:00:00+00:00,1.34422,1.34448,1.34347,1.34366,2279.00000
2026-06-15 07:15:00+00:00,1.34364,1.34409,1.34326,1.34369,1608.00000
2026-06-15 07:30:00+00:00,1.34368,1.34379,1.34283,1.34350,2137.00000
2026-06-15 07:45:00+00:00,1.34349,1.34353,1.34283,1.34326,1803.00000
2026-06-15 08:00:00+00:00,1.34327,1.34330,1.34285,1.34306,1690.00000
2026-06-15 08:15:00+00:00,1.34307,1.34356,1.34297,1.34328,1429.00000
2026-06-15 08:30:00+00:00,1.34329,1.34361,1.34235,1.34252,1770.00000
2026-06-15 08:45:00+00:00,1.34251,1.34261,1.34185,1.34229,1560.00000
2026-06-15 09:00:00+00:00,1.34230,1.34337,1.34227,1.34310,1414.00000
2026-06-15 09:15:00+00:00,1.34309,1.34312,1.34264,1.34273,1142.00000
2026-06-15 09:30:00+00:00,1.34274,1.34315,1.34270,1.34297,1314.00000
2026-06-15 09:45:00+00:00,1.34298,1.34315,1.34228,1.34269,1454.00000
2026-06-15 10:00:00+00:00,1.34271,1.34281,1.34224,1.34281,1034.00000
2026-06-15 10:15:00+00:00,1.34282,1.34315,1.34273,1.34308,1308.00000
2026-06-15 10:30:00+00:00,1.34309,1.34341,1.34298,1.34312,966.00000
2026-06-15 10:45:00+00:00,1.34316,1.34323,1.34240,1.34249,1284.00000
2026-06-15 11:00:00+00:00,1.34248,1.34312,1.34247,1.34288,1476.00000
2026-06-15 11:15:00+00:00,1.34287,1.34290,1.34228,1.34235,1323.00000
2026-06-15 11:30:00+00:00,1.34233,1.34273,1.34204,1.34219,1660.00000
2026-06-15 11:45:00+00:00,1.34221,1.34252,1.34194,1.34233,1846.00000
2026-06-15 12:00:00+00:00,1.34234,1.34272,1.34198,1.34212,1892.00000
2026-06-15 12:15:00+00:00,1.34213,1.34229,1.34170,1.34217,1480.00000
2026-06-15 12:30:00+00:00,1.34216,1.34259,1.34191,1.34242,1713.00000
2026-06-15 12:45:00+00:00,1.34241,1.34316,1.34232,1.34298,2140.00000
2026-06-15 13:00:00+00:00,1.34299,1.34333,1.34273,1.34328,1610.00000
2026-06-15 13:15:00+00:00,1.34329,1.34396,1.34329,1.34390,1527.00000
2026-06-15 13:30:00+00:00,1.34388,1.34392,1.34314,1.34337,3210.00000
2026-06-15 13:45:00+00:00,1.34338,1.34370,1.34315,1.34342,2444.00000
2026-06-15 14:00:00+00:00,1.34340,1.34423,1.34334,1.34358,2262.00000
2026-06-15 14:15:00+00:00,1.34360,1.34379,1.34320,1.34341,2296.00000
2026-06-15 14:30:00+00:00,1.34342,1.34352,1.34278,1.34336,2347.00000
2026-06-15 14:45:00+00:00,1.34334,1.34445,1.34334,1.34403,3094.00000
2026-06-15 15:00:00+00:00,1.34402,1.34402,1.34353,1.34363,2224.00000
2026-06-15 15:15:00+00:00,1.34362,1.34393,1.34351,1.34384,1568.00000
2026-06-15 15:30:00+00:00,1.34374,1.34385,1.34271,1.34272,1911.00000
2026-06-15 15:45:00+00:00,1.34273,1.34280,1.34240,1.34252,1372.00000
2026-06-15 16:00:00+00:00,1.34253,1.34319,1.34243,1.34305,1636.00000
2026-06-15 16:15:00+00:00,1.34304,1.34333,1.34288,1.34333,1380.00000
2026-06-15 16:30:00+00:00,1.34334,1.34335,1.34252,1.34260,1103.00000
2026-06-15 16:45:00+00:00,1.34259,1.34310,1.34252,1.34294,978.00000
2026-06-15 17:00:00+00:00,1.34293,1.34300,1.34260,1.34288,1370.00000
2026-06-15 17:15:00+00:00,1.34287,1.34299,1.34255,1.34282,830.00000
2026-06-15 17:30:00+00:00,1.34286,1.34291,1.34268,1.34280,1108.00000
2026-06-15 17:45:00+00:00,1.34281,1.34293,1.34272,1.34282,686.00000
2026-06-15 18:00:00+00:00,1.34281,1.34314,1.34278,1.34291,1294.00000
2026-06-15 18:15:00+00:00,1.34292,1.34293,1.34235,1.34238,810.00000
2026-06-15 18:30:00+00:00,1.34235,1.34237,1.34192,1.34208,1294.00000
2026-06-15 18:45:00+00:00,1.34207,1.34221,1.34188,1.34193,1268.00000
2026-06-15 19:00:00+00:00,1.34195,1.34210,1.34139,1.34140,1274.00000
2026-06-15 19:15:00+00:00,1.34141,1.34167,1.34132,1.34142,1024.00000
2026-06-15 19:30:00+00:00,1.34139,1.34182,1.34139,1.34173,1286.00000
2026-06-15 19:45:00+00:00,1.34172,1.34186,1.34078,1.34085,1462.00000
2026-06-15 20:00:00+00:00,1.34083,1.34114,1.34076,1.34111,831.00000
2026-06-15 20:15:00+00:00,1.34111,1.34115,1.34063,1.34091,435.00000
2026-06-15 20:30:00+00:00,1.34090,1.34094,1.34071,1.34082,508.00000
2026-06-15 20:45:00+00:00,1.34082,1.34131,1.34064,1.34117,1169.00000
2026-06-15 21:00:00+00:00,1.34104,1.34230,1.34061,1.34137,1595.00000
2026-06-15 21:15:00+00:00,1.34133,1.34214,1.34056,1.34108,1912.00000
2026-06-15 21:30:00+00:00,1.34110,1.34227,1.34066,1.34145,1963.00000
2026-06-15 21:45:00+00:00,1.34146,1.34193,1.34072,1.34087,734.00000
2026-06-15 22:00:00+00:00,1.34096,1.34144,1.34083,1.34102,820.00000
2026-06-15 22:15:00+00:00,1.34103,1.34104,1.34073,1.34081,311.00000
2026-06-15 22:30:00+00:00,1.34081,1.34102,1.34081,1.34101,164.00000
2026-06-15 22:45:00+00:00,1.34101,1.34125,1.34101,1.34114,141.00000
2026-06-15 23:00:00+00:00,1.34114,1.34144,1.34113,1.34135,261.00000
2026-06-15 23:15:00+00:00,1.34136,1.34147,1.34127,1.34143,220.00000
2026-06-15 23:30:00+00:00,1.34140,1.34165,1.34138,1.34165,304.00000
2026-06-15 23:45:00+00:00,1.34165,1.34169,1.34145,1.34155,373.00000
2026-06-16 00:00:00+00:00,1.34156,1.34156,1.34116,1.34118,837.00000
2026-06-16 00:15:00+00:00,1.34117,1.34125,1.34097,1.34102,951.00000
2026-06-16 00:30:00+00:00,1.34101,1.34141,1.34100,1.34125,1218.00000
2026-06-16 00:45:00+00:00,1.34124,1.34147,1.34094,1.34137,1064.00000
2026-06-16 01:00:00+00:00,1.34140,1.34181,1.34111,1.34111,1622.00000
2026-06-16 01:15:00+00:00,1.34112,1.34132,1.34093,1.34121,1054.00000
2026-06-16 01:30:00+00:00,1.34122,1.34143,1.34070,1.34082,1210.00000
2026-06-16 01:45:00+00:00,1.34083,1.34139,1.34051,1.34065,982.00000
2026-06-16 02:00:00+00:00,1.34066,1.34067,1.34004,1.34011,1014.00000
2026-06-16 02:15:00+00:00,1.34012,1.34026,1.33974,1.34018,750.00000
2026-06-16 02:30:00+00:00,1.34020,1.34062,1.34020,1.34046,673.00000
2026-06-16 02:45:00+00:00,1.34047,1.34052,1.34022,1.34045,790.00000
2026-06-16 03:00:00+00:00,1.34050,1.34055,1.34019,1.34036,786.00000
2026-06-16 03:15:00+00:00,1.34037,1.34047,1.34005,1.34025,1107.00000
2026-06-16 03:30:00+00:00,1.34024,1.34049,1.34024,1.34044,684.00000
2026-06-16 03:45:00+00:00,1.34043,1.34062,1.34023,1.34032,632.00000
2026-06-16 04:00:00+00:00,1.34033,1.34045,1.33948,1.33953,868.00000
2026-06-16 04:15:00+00:00,1.33952,1.33968,1.33911,1.33940,818.00000
2026-06-16 04:30:00+00:00,1.33939,1.33968,1.33929,1.33958,859.00000
2026-06-16 04:45:00+00:00,1.33960,1.33974,1.33945,1.33972,1160.00000
2026-06-16 05:00:00+00:00,1.33973,1.33994,1.33971,1.33973,680.00000
2026-06-16 05:15:00+00:00,1.33974,1.33996,1.33973,1.33995,691.00000
2026-06-16 05:30:00+00:00,1.33995,1.34014,1.33961,1.33963,844.00000
2026-06-16 05:45:00+00:00,1.33968,1.33971,1.33923,1.33926,903.00000
2026-06-16 06:00:00+00:00,1.33920,1.33971,1.33917,1.33946,908.00000
2026-06-16 06:15:00+00:00,1.33945,1.33957,1.33907,1.33945,804.00000
2026-06-16 06:30:00+00:00,1.33944,1.34045,1.33938,1.33996,1480.00000
2026-06-16 06:45:00+00:00,1.33997,1.34065,1.33995,1.34058,1572.00000
2026-06-16 07:00:00+00:00,1.34057,1.34122,1.34027,1.34091,1857.00000
2026-06-16 07:15:00+00:00,1.34092,1.34120,1.34062,1.34111,1529.00000
2026-06-16 07:30:00+00:00,1.34112,1.34128,1.34075,1.34114,1712.00000
2026-06-16 07:45:00+00:00,1.34116,1.34162,1.34109,1.34161,1678.00000
2026-06-16 08:00:00+00:00,1.34167,1.34188,1.34131,1.34182,1720.00000
2026-06-16 08:15:00+00:00,1.34184,1.34198,1.34143,1.34193,1482.00000
2026-06-16 08:30:00+00:00,1.34195,1.34214,1.34153,1.34188,1383.00000
2026-06-16 08:45:00+00:00,1.34189,1.34241,1.34162,1.34239,1026.00000
2026-06-16 09:00:00+00:00,1.34240,1.34272,1.34208,1.34210,1521.00000
2026-06-16 09:15:00+00:00,1.34215,1.34220,1.34149,1.34167,1474.00000
2026-06-16 09:30:00+00:00,1.34164,1.34198,1.34158,1.34162,1158.00000
2026-06-16 09:45:00+00:00,1.34161,1.34180,1.34149,1.34154,1096.00000
2026-06-16 10:00:00+00:00,1.34153,1.34222,1.34147,1.34208,1518.00000
2026-06-16 10:15:00+00:00,1.34207,1.34248,1.34200,1.34200,1324.00000
2026-06-16 10:30:00+00:00,1.34201,1.34254,1.34186,1.34250,1210.00000
2026-06-16 10:45:00+00:00,1.34251,1.34316,1.34211,1.34307,1296.00000
2026-06-16 11:00:00+00:00,1.34306,1.34307,1.34209,1.34230,1688.00000
2026-06-16 11:15:00+00:00,1.34229,1.34241,1.34194,1.34221,1194.00000
2026-06-16 11:30:00+00:00,1.34213,1.34238,1.34119,1.34146,1522.00000
2026-06-16 11:45:00+00:00,1.34147,1.34160,1.34115,1.34155,1290.00000
2026-06-16 12:00:00+00:00,1.34153,1.34153,1.34078,1.34129,1823.00000
2026-06-16 12:15:00+00:00,1.34128,1.34138,1.34078,1.34105,1573.00000
2026-06-16 12:30:00+00:00,1.34106,1.34152,1.34099,1.34143,1249.00000
2026-06-16 12:45:00+00:00,1.34142,1.34174,1.34128,1.34159,1957.00000
2026-06-16 13:00:00+00:00,1.34160,1.34191,1.34109,1.34118,1934.00000
2026-06-16 13:15:00+00:00,1.34119,1.34121,1.34066,1.34096,1816.00000
2026-06-16 13:30:00+00:00,1.34097,1.34181,1.34092,1.34153,2836.00000
2026-06-16 13:45:00+00:00,1.34152,1.34158,1.34090,1.34104,2154.00000
2026-06-16 14:00:00+00:00,1.34106,1.34162,1.34099,1.34141,2418.00000
2026-06-16 14:15:00+00:00,1.34140,1.34152,1.34077,1.34077,2052.00000
2026-06-16 14:30:00+00:00,1.34076,1.34140,1.34031,1.34127,2559.00000
2026-06-16 14:45:00+00:00,1.34129,1.34279,1.34118,1.34275,2842.00000
2026-06-16 15:00:00+00:00,1.34276,1.34283,1.34188,1.34213,2641.00000
2026-06-16 15:15:00+00:00,1.34214,1.34240,1.34202,1.34216,1686.00000
2026-06-16 15:30:00+00:00,1.34218,1.34272,1.34197,1.34243,2006.00000
2026-06-16 15:45:00+00:00,1.34245,1.34432,1.34203,1.34375,2816.00000
2026-06-16 16:00:00+00:00,1.34378,1.34399,1.34340,1.34388,2060.00000
2026-06-16 16:15:00+00:00,1.34391,1.34401,1.34346,1.34351,1752.00000
2026-06-16 16:30:00+00:00,1.34352,1.34359,1.34310,1.34315,1422.00000
2026-06-16 16:45:00+00:00,1.34313,1.34328,1.34290,1.34293,1228.00000
2026-06-16 17:00:00+00:00,1.34292,1.34295,1.34268,1.34276,1396.00000
2026-06-16 17:15:00+00:00,1.34277,1.34290,1.34250,1.34265,906.00000
2026-06-16 17:30:00+00:00,1.34264,1.34283,1.34248,1.34279,1076.00000
2026-06-16 17:45:00+00:00,1.34281,1.34290,1.34268,1.34290,778.00000
2026-06-16 18:00:00+00:00,1.34289,1.34329,1.34282,1.34289,928.00000
2026-06-16 18:15:00+00:00,1.34288,1.34293,1.34273,1.34283,878.00000
2026-06-16 18:30:00+00:00,1.34282,1.34292,1.34245,1.34251,1036.00000
2026-06-16 18:45:00+00:00,1.34250,1.34286,1.34240,1.34284,920.00000
2026-06-16 19:00:00+00:00,1.34283,1.34325,1.34283,1.34299,1064.00000
2026-06-16 19:15:00+00:00,1.34300,1.34307,1.34287,1.34300,1042.00000
2026-06-16 19:30:00+00:00,1.34299,1.34302,1.34262,1.34267,952.00000
2026-06-16 19:45:00+00:00,1.34264,1.34270,1.34220,1.34238,1542.00000
2026-06-16 20:00:00+00:00,1.34237,1.34237,1.34218,1.34229,586.00000
2026-06-16 20:15:00+00:00,1.34229,1.34263,1.34229,1.34258,217.00000
2026-06-16 20:30:00+00:00,1.34259,1.34261,1.34237,1.34244,414.00000
2026-06-16 20:45:00+00:00,1.34243,1.34270,1.34238,1.34265,449.00000
2026-06-16 21:00:00+00:00,1.34309,1.34362,1.34227,1.34250,283.00000
2026-06-16 21:15:00+00:00,1.34271,1.34297,1.34249,1.34287,210.00000
2026-06-16 21:30:00+00:00,1.34285,1.34301,1.34197,1.34255,535.00000
2026-06-16 21:45:00+00:00,1.34256,1.34301,1.34226,1.34296,1343.00000
2026-06-16 22:00:00+00:00,1.34280,1.34283,1.34247,1.34274,950.00000
2026-06-16 22:15:00+00:00,1.34270,1.34277,1.34265,1.34270,560.00000
2026-06-16 22:30:00+00:00,1.34269,1.34282,1.34267,1.34274,660.00000
2026-06-16 22:45:00+00:00,1.34275,1.34283,1.34273,1.34276,459.00000
2026-06-16 23:00:00+00:00,1.34274,1.34302,1.34274,1.34294,397.00000
2026-06-16 23:15:00+00:00,1.34294,1.34304,1.34288,1.34302,515.00000
2026-06-16 23:30:00+00:00,1.34303,1.34304,1.34277,1.34281,620.00000
2026-06-16 23:45:00+00:00,1.34282,1.34288,1.34247,1.34252,715.00000
2026-06-17 00:00:00+00:00,1.34253,1.34305,1.34238,1.34295,3491.00000
2026-06-17 00:15:00+00:00,1.34296,1.34322,1.34296,1.34306,2782.00000
2026-06-17 00:30:00+00:00,1.34307,1.34316,1.34301,1.34310,2089.00000
2026-06-17 00:45:00+00:00,1.34311,1.34311,1.34276,1.34306,1330.00000
2026-06-17 01:00:00+00:00,1.34307,1.34336,1.34293,1.34310,1047.00000
2026-06-17 01:15:00+00:00,1.34308,1.34319,1.34297,1.34298,732.00000
2026-06-17 01:30:00+00:00,1.34299,1.34308,1.34274,1.34306,760.00000
2026-06-17 01:45:00+00:00,1.34308,1.34319,1.34266,1.34268,666.00000
2026-06-17 02:00:00+00:00,1.34267,1.34275,1.34253,1.34269,631.00000
2026-06-17 02:15:00+00:00,1.34268,1.34315,1.34262,1.34307,422.00000
2026-06-17 02:30:00+00:00,1.34307,1.34310,1.34286,1.34297,512.00000
2026-06-17 02:45:00+00:00,1.34296,1.34297,1.34257,1.34257,414.00000
2026-06-17 03:00:00+00:00,1.34258,1.34281,1.34249,1.34269,374.00000
2026-06-17 03:15:00+00:00,1.34267,1.34274,1.34252,1.34268,394.00000
2026-06-17 03:30:00+00:00,1.34267,1.34288,1.34264,1.34279,446.00000
2026-06-17 03:45:00+00:00,1.34278,1.34285,1.34272,1.34272,442.00000
2026-06-17 04:00:00+00:00,1.34273,1.34310,1.34268,1.34303,459.00000
2026-06-17 04:15:00+00:00,1.34304,1.34318,1.34297,1.34297,330.00000
2026-06-17 04:30:00+00:00,1.34298,1.34307,1.34285,1.34298,350.00000
2026-06-17 04:45:00+00:00,1.34297,1.34330,1.34297,1.34309,500.00000
2026-06-17 05:00:00+00:00,1.34311,1.34330,1.34300,1.34307,510.00000
2026-06-17 05:15:00+00:00,1.34308,1.34340,1.34278,1.34306,484.00000
2026-06-17 05:30:00+00:00,1.34307,1.34309,1.34289,1.34305,653.00000
2026-06-17 05:45:00+00:00,1.34304,1.34326,1.34272,1.34285,889.00000
2026-06-17 06:00:00+00:00,1.34320,1.34373,1.34121,1.34215,1633.00000
2026-06-17 06:15:00+00:00,1.34214,1.34218,1.34155,1.34157,1104.00000
2026-06-17 06:30:00+00:00,1.34156,1.34164,1.34084,1.34144,1444.00000
2026-06-17 06:45:00+00:00,1.34145,1.34162,1.34110,1.34146,990.00000
2026-06-17 07:00:00+00:00,1.34145,1.34185,1.34131,1.34175,1290.00000
2026-06-17 07:15:00+00:00,1.34178,1.34196,1.34141,1.34145,1100.00000
2026-06-17 07:30:00+00:00,1.34144,1.34173,1.34116,1.34150,1304.00000
2026-06-17 07:45:00+00:00,1.34148,1.34212,1.34144,1.34207,1234.00000
2026-06-17 08:00:00+00:00,1.34206,1.34210,1.34112,1.34165,1648.00000
2026-06-17 08:15:00+00:00,1.34164,1.34171,1.34082,1.34128,1376.00000
2026-06-17 08:30:00+00:00,1.34127,1.34154,1.34107,1.34125,900.00000
2026-06-17 08:45:00+00:00,1.34126,1.34171,1.34109,1.34170,884.00000
2026-06-17 09:00:00+00:00,1.34171,1.34178,1.34145,1.34156,912.00000
2026-06-17 09:15:00+00:00,1.34157,1.34197,1.34127,1.34178,1185.00000
2026-06-17 09:30:00+00:00,1.34183,1.34197,1.34145,1.34150,892.00000
2026-06-17 09:45:00+00:00,1.34148,1.34178,1.34136,1.34175,988.00000
2026-06-17 10:00:00+00:00,1.34176,1.34180,1.34150,1.34175,948.00000
2026-06-17 10:15:00+00:00,1.34174,1.34175,1.34098,1.34107,960.00000
2026-06-17 10:30:00+00:00,1.34108,1.34159,1.34107,1.34119,718.00000
2026-06-17 10:45:00+00:00,1.34123,1.34169,1.34093,1.34122,1147.00000
2026-06-17 11:00:00+00:00,1.34123,1.34136,1.34066,1.34069,1236.00000
2026-06-17 11:15:00+00:00,1.34070,1.34106,1.34051,1.34060,1110.00000
2026-06-17 11:30:00+00:00,1.34058,1.34059,1.33995,1.34021,1432.00000
2026-06-17 11:45:00+00:00,1.34022,1.34052,1.34017,1.34049,1176.00000
2026-06-17 12:00:00+00:00,1.34050,1.34081,1.34037,1.34066,1178.00000
2026-06-17 12:15:00+00:00,1.34067,1.34110,1.34062,1.34094,1212.00000
2026-06-17 12:30:00+00:00,1.34093,1.34138,1.34064,1.34111,1394.00000
2026-06-17 12:45:00+00:00,1.34110,1.34162,1.34110,1.34151,1186.00000
2026-06-17 13:00:00+00:00,1.34152,1.34162,1.34129,1.34158,1500.00000
2026-06-17 13:15:00+00:00,1.34157,1.34185,1.34133,1.34140,1192.00000
2026-06-17 13:30:00+00:00,1.34141,1.34145,1.34084,1.34096,2180.00000
2026-06-17 13:45:00+00:00,1.34095,1.34141,1.34058,1.34062,1938.00000
2026-06-17 14:00:00+00:00,1.34061,1.34078,1.34009,1.34017,2036.00000
2026-06-17 14:15:00+00:00,1.34018,1.34053,1.33995,1.34011,1887.00000
2026-06-17 14:30:00+00:00,1.34015,1.34043,1.33981,1.34028,2164.00000
2026-06-17 14:45:00+00:00,1.34029,1.34038,1.33849,1.33938,3651.00000
2026-06-17 15:00:00+00:00,1.33935,1.33942,1.33879,1.33931,2311.00000
2026-06-17 15:15:00+00:00,1.33928,1.33976,1.33920,1.33952,1859.00000
2026-06-17 15:30:00+00:00,1.33951,1.33985,1.33930,1.33978,1508.00000
2026-06-17 15:45:00+00:00,1.33980,1.33982,1.33936,1.33962,1352.00000
2026-06-17 16:00:00+00:00,1.33966,1.33969,1.33897,1.33898,1488.00000
2026-06-17 16:15:00+00:00,1.33897,1.33954,1.33897,1.33938,1228.00000
2026-06-17 16:30:00+00:00,1.33937,1.33943,1.33895,1.33941,1208.00000
2026-06-17 16:45:00+00:00,1.33940,1.33979,1.33938,1.33964,959.00000
2026-06-17 17:00:00+00:00,1.33965,1.33993,1.33944,1.33980,1365.00000
2026-06-17 17:15:00+00:00,1.33981,1.33982,1.33946,1.33959,1132.00000
2026-06-17 17:30:00+00:00,1.33958,1.33977,1.33941,1.33961,1230.00000
2026-06-17 17:45:00+00:00,1.33963,1.34036,1.33953,1.34018,1057.00000
2026-06-17 18:00:00+00:00,1.33991,1.34009,1.33467,1.33498,7408.00000
2026-06-17 18:15:00+00:00,1.33500,1.33622,1.33496,1.33544,5055.00000
2026-06-17 18:30:00+00:00,1.33545,1.33712,1.33348,1.33663,7785.00000
2026-06-17 18:45:00+00:00,1.33662,1.33683,1.33352,1.33372,6667.00000
2026-06-17 19:00:00+00:00,1.33364,1.33402,1.32861,1.33012,7923.00000
2026-06-17 19:15:00+00:00,1.33015,1.33017,1.32801,1.32802,6107.00000
2026-06-17 19:30:00+00:00,1.32801,1.32819,1.32621,1.32701,6159.00000
2026-06-17 19:45:00+00:00,1.32702,1.32864,1.32687,1.32853,5134.00000
2026-06-17 20:00:00+00:00,1.32852,1.32871,1.32772,1.32813,2144.00000
2026-06-17 20:15:00+00:00,1.32814,1.32929,1.32791,1.32925,1580.00000
2026-06-17 20:30:00+00:00,1.32924,1.32992,1.32920,1.32953,1160.00000
2026-06-17 20:45:00+00:00,1.32953,1.32973,1.32936,1.32948,1426.00000
2026-06-17 21:00:00+00:00,1.32854,1.32918,1.32793,1.32897,329.00000
2026-06-17 21:15:00+00:00,1.32896,1.33020,1.32896,1.32998,245.00000
2026-06-17 21:30:00+00:00,1.32999,1.33008,1.32861,1.32885,1291.00000
2026-06-17 21:45:00+00:00,1.32887,1.32991,1.32838,1.32890,900.00000
2026-06-17 22:00:00+00:00,1.32905,1.32971,1.32863,1.32929,1297.00000
2026-06-17 22:15:00+00:00,1.32930,1.32943,1.32914,1.32924,426.00000
2026-06-17 22:30:00+00:00,1.32924,1.32954,1.32923,1.32948,315.00000
2026-06-17 22:45:00+00:00,1.32949,1.32967,1.32946,1.32957,276.00000
2026-06-17 23:00:00+00:00,1.32956,1.33003,1.32956,1.33002,398.00000
2026-06-17 23:15:00+00:00,1.33003,1.33022,1.32995,1.32997,393.00000
2026-06-17 23:30:00+00:00,1.32999,1.33025,1.32967,1.33023,575.00000
2026-06-17 23:45:00+00:00,1.33022,1.33025,1.32987,1.33007,839.00000
2026-06-18 00:00:00+00:00,1.33008,1.33179,1.33006,1.33088,3106.00000
2026-06-18 00:15:00+00:00,1.33089,1.33110,1.33057,1.33073,1957.00000
2026-06-18 00:30:00+00:00,1.33074,1.33100,1.33054,1.33078,1343.00000
2026-06-18 00:45:00+00:00,1.33077,1.33087,1.33047,1.33065,2321.00000
2026-06-18 01:00:00+00:00,1.33066,1.33127,1.33061,1.33115,2030.00000
2026-06-18 01:15:00+00:00,1.33113,1.33177,1.33109,1.33171,1595.00000
2026-06-18 01:30:00+00:00,1.33173,1.33188,1.33161,1.33173,1380.00000
2026-06-18 01:45:00+00:00,1.33172,1.33172,1.33096,1.33101,1440.00000
2026-06-18 02:00:00+00:00,1.33105,1.33126,1.33075,1.33085,1178.00000
2026-06-18 02:15:00+00:00,1.33084,1.33105,1.33067,1.33103,862.00000
2026-06-18 02:30:00+00:00,1.33102,1.33152,1.33092,1.33149,766.00000
2026-06-18 02:45:00+00:00,1.33150,1.33158,1.33121,1.33121,995.00000
2026-06-18 03:00:00+00:00,1.33122,1.33150,1.33120,1.33147,715.00000
2026-06-18 03:15:00+00:00,1.33149,1.33173,1.33126,1.33165,876.00000
2026-06-18 03:30:00+00:00,1.33166,1.33183,1.33143,1.33161,840.00000
2026-06-18 03:45:00+00:00,1.33160,1.33178,1.33155,1.33170,532.00000
2026-06-18 04:00:00+00:00,1.33169,1.33198,1.33132,1.33133,1068.00000
2026-06-18 04:15:00+00:00,1.33132,1.33156,1.33123,1.33144,858.00000
2026-06-18 04:30:00+00:00,1.33143,1.33164,1.33133,1.33147,967.00000
2026-06-18 04:45:00+00:00,1.33148,1.33166,1.33143,1.33143,868.00000
2026-06-18 05:00:00+00:00,1.33144,1.33156,1.33118,1.33126,843.00000
2026-06-18 05:15:00+00:00,1.33125,1.33136,1.33075,1.33081,712.00000
2026-06-18 05:30:00+00:00,1.33080,1.33095,1.33062,1.33083,1155.00000
2026-06-18 05:45:00+00:00,1.33084,1.33084,1.32991,1.32991,1059.00000
2026-06-18 06:00:00+00:00,1.32990,1.33183,1.32988,1.33181,1806.00000
2026-06-18 06:15:00+00:00,1.33178,1.33245,1.33133,1.33244,1967.00000
2026-06-18 06:30:00+00:00,1.33241,1.33249,1.33167,1.33241,1828.00000
2026-06-18 06:45:00+00:00,1.33240,1.33249,1.33125,1.33126,2089.00000
2026-06-18 07:00:00+00:00,1.33124,1.33168,1.32996,1.33022,2450.00000
2026-06-18 07:15:00+00:00,1.33021,1.33049,1.32940,1.32959,1720.00000
2026-06-18 07:30:00+00:00,1.32958,1.32973,1.32891,1.32972,1866.00000
2026-06-18 07:45:00+00:00,1.32973,1.33057,1.32961,1.32969,1612.00000
2026-06-18 08:00:00+00:00,1.32968,1.32972,1.32807,1.32812,2326.00000
2026-06-18 08:15:00+00:00,1.32817,1.32841,1.32752,1.32762,1978.00000
2026-06-18 08:30:00+00:00,1.32765,1.32790,1.32621,1.32621,2348.00000
2026-06-18 08:45:00+00:00,1.32624,1.32626,1.32413,1.32453,2484.00000
2026-06-18 09:00:00+00:00,1.32457,1.32501,1.32355,1.32362,3109.00000
2026-06-18 09:15:00+00:00,1.32360,1.32484,1.32360,1.32378,2068.00000
2026-06-18 09:30:00+00:00,1.32377,1.32470,1.32338,1.32450,1788.00000
2026-06-18 09:45:00+00:00,1.32449,1.32486,1.32401,1.32401,1304.00000
2026-06-18 10:00:00+00:00,1.32398,1.32402,1.32251,1.32360,2434.00000
2026-06-18 10:15:00+00:00,1.32361,1.32397,1.32326,1.32381,1640.00000
2026-06-18 10:30:00+00:00,1.32387,1.32392,1.32302,1.32309,1366.00000
2026-06-18 10:45:00+00:00,1.32310,1.32338,1.32264,1.32283,1643.00000
2026-06-18 11:00:00+00:00,1.32285,1.32339,1.32124,1.32153,2601.00000
2026-06-18 11:15:00+00:00,1.32154,1.32216,1.32103,1.32204,2566.00000
2026-06-18 11:30:00+00:00,1.32205,1.32247,1.32122,1.32146,2442.00000
2026-06-18 11:45:00+00:00,1.32144,1.32160,1.32051,1.32109,2201.00000
2026-06-18 12:00:00+00:00,1.32107,1.32343,1.32096,1.32340,2442.00000
2026-06-18 12:15:00+00:00,1.32335,1.32485,1.32311,1.32440,2276.00000
2026-06-18 12:30:00+00:00,1.32439,1.32456,1.32295,1.32307,2715.00000
2026-06-18 12:45:00+00:00,1.32308,1.32378,1.32304,1.32334,2919.00000
2026-06-18 13:00:00+00:00,1.32333,1.32347,1.32241,1.32335,3370.00000
2026-06-18 13:15:00+00:00,1.32334,1.32382,1.32258,1.32381,3090.00000
2026-06-18 13:30:00+00:00,1.32380,1.32495,1.32371,1.32446,4408.00000
2026-06-18 13:45:00+00:00,1.32444,1.32460,1.32368,1.32383,3812.00000
2026-06-18 14:00:00+00:00,1.32381,1.32434,1.32308,1.32374,3898.00000
2026-06-18 14:15:00+00:00,1.32375,1.32450,1.32347,1.32434,3142.00000
2026-06-18 14:30:00+00:00,1.32431,1.32438,1.32348,1.32354,2856.00000
2026-06-18 14:45:00+00:00,1.32355,1.32529,1.32355,1.32520,3088.00000
2026-06-18 15:00:00+00:00,1.32522,1.32535,1.32376,1.32378,3406.00000
2026-06-18 15:15:00+00:00,1.32379,1.32408,1.32344,1.32362,2632.00000
2026-06-18 15:30:00+00:00,1.32361,1.32387,1.32281,1.32299,3284.00000
2026-06-18 15:45:00+00:00,1.32301,1.32348,1.32256,1.32257,2618.00000
2026-06-18 16:00:00+00:00,1.32258,1.32294,1.32159,1.32183,3242.00000
2026-06-18 16:15:00+00:00,1.32182,1.32210,1.32112,1.32198,2205.00000
2026-06-18 16:30:00+00:00,1.32195,1.32226,1.32160,1.32193,2045.00000
2026-06-18 16:45:00+00:00,1.32192,1.32226,1.32160,1.32214,2036.00000
2026-06-18 17:00:00+00:00,1.32216,1.32275,1.32176,1.32264,1780.00000
2026-06-18 17:15:00+00:00,1.32263,1.32303,1.32253,1.32271,1509.00000
2026-06-18 17:30:00+00:00,1.32268,1.32268,1.32168,1.32195,1627.00000
2026-06-18 17:45:00+00:00,1.32194,1.32194,1.32084,1.32086,1462.00000
2026-06-18 18:00:00+00:00,1.32087,1.32110,1.32060,1.32096,1674.00000
2026-06-18 18:15:00+00:00,1.32097,1.32117,1.32076,1.32083,1476.00000
2026-06-18 18:30:00+00:00,1.32081,1.32104,1.32070,1.32096,987.00000
2026-06-18 18:45:00+00:00,1.32095,1.32100,1.32027,1.32029,1508.00000
2026-06-18 19:00:00+00:00,1.32030,1.32038,1.31931,1.31966,2363.00000
2026-06-18 19:15:00+00:00,1.31967,1.31997,1.31936,1.31952,1699.00000
2026-06-18 19:30:00+00:00,1.31953,1.32044,1.31951,1.32030,2641.00000
2026-06-18 19:45:00+00:00,1.32029,1.32092,1.31993,1.31993,2080.00000
2026-06-18 20:00:00+00:00,1.32001,1.32070,1.31972,1.32066,1056.00000
2026-06-18 20:15:00+00:00,1.32067,1.32075,1.32028,1.32046,540.00000
2026-06-18 20:30:00+00:00,1.32045,1.32065,1.32036,1.32044,540.00000
2026-06-18 20:45:00+00:00,1.32042,1.32051,1.32025,1.32047,1136.00000
2026-06-18 21:00:00+00:00,1.32075,1.32129,1.32034,1.32062,218.00000
2026-06-18 21:15:00+00:00,1.32066,1.32066,1.31999,1.32026,196.00000
2026-06-18 21:30:00+00:00,1.32027,1.32127,1.32017,1.32107,830.00000
2026-06-18 21:45:00+00:00,1.32033,1.32127,1.32019,1.32108,378.00000
2026-06-18 22:00:00+00:00,1.32075,1.32083,1.32032,1.32044,1151.00000
2026-06-18 22:15:00+00:00,1.32043,1.32049,1.32026,1.32046,604.00000
2026-06-18 22:30:00+00:00,1.32046,1.32057,1.32040,1.32047,360.00000
2026-06-18 22:45:00+00:00,1.32047,1.32061,1.32047,1.32052,262.00000
2026-06-18 23:00:00+00:00,1.32052,1.32064,1.32031,1.32053,359.00000
2026-06-18 23:15:00+00:00,1.32053,1.32055,1.32028,1.32032,316.00000
2026-06-18 23:30:00+00:00,1.32033,1.32055,1.32023,1.32036,369.00000
2026-06-18 23:45:00+00:00,1.32036,1.32044,1.32005,1.32015,448.00000
2026-06-19 00:00:00+00:00,1.32016,1.32085,1.32012,1.32068,1562.00000
2026-06-19 00:15:00+00:00,1.32072,1.32083,1.32043,1.32046,1153.00000
2026-06-19 00:30:00+00:00,1.32047,1.32103,1.32042,1.32078,1540.00000
2026-06-19 00:45:00+00:00,1.32077,1.32114,1.32068,1.32092,1214.00000
2026-06-19 01:00:00+00:00,1.32093,1.32109,1.32055,1.32067,1169.00000
2026-06-19 01:15:00+00:00,1.32068,1.32078,1.32035,1.32055,893.00000
2026-06-19 01:30:00+00:00,1.32056,1.32056,1.32014,1.32017,911.00000
2026-06-19 01:45:00+00:00,1.32016,1.32020,1.31946,1.31953,865.00000
2026-06-19 02:00:00+00:00,1.31954,1.31966,1.31935,1.31966,956.00000
2026-06-19 02:15:00+00:00,1.31967,1.32040,1.31956,1.32039,886.00000
2026-06-19 02:30:00+00:00,1.32040,1.32057,1.32031,1.32036,781.00000
2026-06-19 02:45:00+00:00,1.32036,1.32037,1.32006,1.32015,624.00000
2026-06-19 03:00:00+00:00,1.32014,1.32019,1.31937,1.31937,984.00000
2026-06-19 03:15:00+00:00,1.31936,1.31938,1.31860,1.31872,1445.00000
2026-06-19 03:30:00+00:00,1.31873,1.31916,1.31863,1.31916,1332.00000
2026-06-19 03:45:00+00:00,1.31917,1.31917,1.31865,1.31872,1019.00000
2026-06-19 04:00:00+00:00,1.31873,1.31879,1.31833,1.31863,1408.00000
2026-06-19 04:15:00+00:00,1.31862,1.31870,1.31843,1.31860,1002.00000
2026-06-19 04:30:00+00:00,1.31862,1.31882,1.31756,1.31757,1193.00000
2026-06-19 04:45:00+00:00,1.31756,1.31757,1.31682,1.31699,1296.00000
2026-06-19 05:00:00+00:00,1.31698,1.31719,1.31664,1.31674,2029.00000
2026-06-19 05:15:00+00:00,1.31675,1.31686,1.31632,1.31683,1359.00000
2026-06-19 05:30:00+00:00,1.31685,1.31797,1.31685,1.31795,1568.00000
2026-06-19 05:45:00+00:00,1.31798,1.31996,1.31798,1.31922,1784.00000
2026-06-19 06:00:00+00:00,1.31920,1.31994,1.31868,1.31986,2015.00000
2026-06-19 06:15:00+00:00,1.31983,1.31996,1.31944,1.31944,1568.00000
2026-06-19 06:30:00+00:00,1.31943,1.31984,1.31842,1.31895,1545.00000
2026-06-19 06:45:00+00:00,1.31894,1.31985,1.31871,1.31985,1148.00000
2026-06-19 07:00:00+00:00,1.31987,1.32082,1.31986,1.32015,1741.00000
2026-06-19 07:15:00+00:00,1.32016,1.32033,1.31912,1.31946,1705.00000
2026-06-19 07:30:00+00:00,1.31947,1.32042,1.31943,1.31994,1798.00000
2026-06-19 07:45:00+00:00,1.31993,1.32002,1.31940,1.31954,1272.00000
2026-06-19 08:00:00+00:00,1.31958,1.32062,1.31954,1.32027,1520.00000
2026-06-19 08:15:00+00:00,1.32026,1.32214,1.32024,1.32187,1750.00000
2026-06-19 08:30:00+00:00,1.32191,1.32329,1.32185,1.32294,1512.00000
2026-06-19 08:45:00+00:00,1.32295,1.32328,1.32265,1.32324,1186.00000
2026-06-19 09:00:00+00:00,1.32325,1.32339,1.32273,1.32305,1879.00000
2026-06-19 09:15:00+00:00,1.32303,1.32367,1.32296,1.32311,1382.00000
2026-06-19 09:30:00+00:00,1.32312,1.32389,1.32312,1.32374,1076.00000
2026-06-19 09:45:00+00:00,1.32373,1.32408,1.32342,1.32345,1386.00000
2026-06-19 10:00:00+00:00,1.32342,1.32357,1.32294,1.32295,1194.00000
2026-06-19 10:15:00+00:00,1.32293,1.32304,1.32231,1.32265,1574.00000
2026-06-19 10:30:00+00:00,1.32264,1.32282,1.32243,1.32267,1489.00000
2026-06-19 10:45:00+00:00,1.32269,1.32350,1.32253,1.32349,1612.00000
2026-06-19 11:00:00+00:00,1.32350,1.32404,1.32306,1.32344,1876.00000
2026-06-19 11:15:00+00:00,1.32345,1.32405,1.32343,1.32343,1068.00000
2026-06-19 11:30:00+00:00,1.32342,1.32348,1.32265,1.32318,1118.00000
2026-06-19 11:45:00+00:00,1.32322,1.32335,1.32268,1.32291,1170.00000
2026-06-19 12:00:00+00:00,1.32296,1.32344,1.32287,1.32319,1544.00000
2026-06-19 12:15:00+00:00,1.32320,1.32323,1.32253,1.32255,1284.00000
2026-06-19 12:30:00+00:00,1.32256,1.32297,1.32251,1.32272,1368.00000
2026-06-19 12:45:00+00:00,1.32273,1.32399,1.32271,1.32352,3220.00000
2026-06-19 13:00:00+00:00,1.32356,1.32366,1.32284,1.32286,2157.00000
2026-06-19 13:15:00+00:00,1.32287,1.32310,1.32212,1.32260,1803.00000
2026-06-19 13:30:00+00:00,1.32262,1.32266,1.32164,1.32181,1820.00000
2026-06-19 13:45:00+00:00,1.32182,1.32264,1.32182,1.32208,1904.00000
2026-06-19 14:00:00+00:00,1.32204,1.32211,1.32136,1.32159,1776.00000
2026-06-19 14:15:00+00:00,1.32162,1.32222,1.32161,1.32209,1400.00000
2026-06-19 14:30:00+00:00,1.32210,1.32333,1.32208,1.32325,1318.00000
2026-06-19 14:45:00+00:00,1.32328,1.32358,1.32165,1.32303,3335.00000
2026-06-19 15:00:00+00:00,1.32304,1.32356,1.32241,1.32243,2364.00000
2026-06-19 15:15:00+00:00,1.32244,1.32306,1.32244,1.32285,1146.00000
2026-06-19 15:30:00+00:00,1.32286,1.32286,1.32180,1.32214,1238.00000
2026-06-19 15:45:00+00:00,1.32216,1.32247,1.32188,1.32200,790.00000
2026-06-19 16:00:00+00:00,1.32201,1.32218,1.32180,1.32216,810.00000
2026-06-19 16:15:00+00:00,1.32217,1.32271,1.32193,1.32266,645.00000
2026-06-19 16:30:00+00:00,1.32267,1.32278,1.32229,1.32246,705.00000
2026-06-19 16:45:00+00:00,1.32247,1.32295,1.32241,1.32286,611.00000
2026-06-19 17:00:00+00:00,1.32286,1.32329,1.32282,1.32299,1564.00000
2026-06-19 17:15:00+00:00,1.32299,1.32330,1.32297,1.32320,1751.00000
2026-06-19 17:30:00+00:00,1.32322,1.32382,1.32318,1.32364,1230.00000
2026-06-19 17:45:00+00:00,1.32364,1.32376,1.32292,1.32310,1652.00000
2026-06-19 18:00:00+00:00,1.32310,1.32341,1.32299,1.32323,1249.00000
2026-06-19 18:15:00+00:00,1.32322,1.32356,1.32318,1.32354,881.00000
2026-06-19 18:30:00+00:00,1.32355,1.32368,1.32351,1.32359,1341.00000
2026-06-19 18:45:00+00:00,1.32360,1.32368,1.32310,1.32333,1057.00000
2026-06-19 19:00:00+00:00,1.32332,1.32359,1.32322,1.32348,521.00000
2026-06-19 19:15:00+00:00,1.32346,1.32354,1.32290,1.32341,1994.00000
2026-06-19 19:30:00+00:00,1.32343,1.32350,1.32297,1.32307,1164.00000
2026-06-19 19:45:00+00:00,1.32298,1.32353,1.32292,1.32331,1783.00000
2026-06-19 20:00:00+00:00,1.32331,1.32363,1.32280,1.32353,2838.00000
2026-06-19 20:15:00+00:00,1.32354,1.32374,1.32268,1.32299,1784.00000
2026-06-19 20:30:00+00:00,1.32301,1.32341,1.32254,1.32294,1087.00000
2026-06-19 20:45:00+00:00,1.32300,1.32408,1.32213,1.32345,1034.00000
2026-06-21 21:00:00+00:00,1.31963,1.31963,1.31890,1.31949,78.00000
2026-06-21 21:15:00+00:00,1.31942,1.31962,1.31924,1.31924,74.00000
2026-06-21 21:30:00+00:00,1.31927,1.32011,1.31919,1.31997,205.00000
2026-06-21 21:45:00+00:00,1.31987,1.32035,1.31955,1.31956,218.00000
2026-06-21 22:00:00+00:00,1.31962,1.32115,1.31939,1.32042,1509.00000
2026-06-21 22:15:00+00:00,1.32043,1.32113,1.32043,1.32074,1031.00000
2026-06-21 22:30:00+00:00,1.32075,1.32081,1.32048,1.32059,1237.00000
2026-06-21 22:45:00+00:00,1.32058,1.32082,1.32055,1.32071,558.00000
2026-06-21 23:00:00+00:00,1.32074,1.32099,1.32072,1.32081,770.00000
2026-06-21 23:15:00+00:00,1.32080,1.32098,1.32059,1.32096,769.00000
2026-06-21 23:30:00+00:00,1.32097,1.32097,1.32021,1.32031,619.00000
2026-06-21 23:45:00+00:00,1.32032,1.32074,1.32012,1.32074,862.00000
2026-06-22 00:00:00+00:00,1.32073,1.32146,1.32073,1.32129,1696.00000
2026-06-22 00:15:00+00:00,1.32130,1.32169,1.32103,1.32142,1311.00000
2026-06-22 00:30:00+00:00,1.32141,1.32153,1.32122,1.32125,866.00000
2026-06-22 00:45:00+00:00,1.32126,1.32223,1.32109,1.32221,1753.00000
2026-06-22 01:00:00+00:00,1.32232,1.32338,1.32232,1.32306,2860.00000
2026-06-22 01:15:00+00:00,1.32304,1.32312,1.32224,1.32258,1787.00000
2026-06-22 01:30:00+00:00,1.32257,1.32258,1.32213,1.32250,1324.00000
2026-06-22 01:45:00+00:00,1.32249,1.32261,1.32196,1.32197,1266.00000
2026-06-22 02:00:00+00:00,1.32199,1.32236,1.32186,1.32187,1122.00000
2026-06-22 02:15:00+00:00,1.32186,1.32206,1.32173,1.32199,959.00000
2026-06-22 02:30:00+00:00,1.32200,1.32271,1.32198,1.32251,881.00000
2026-06-22 02:45:00+00:00,1.32251,1.32276,1.32237,1.32248,971.00000
2026-06-22 03:00:00+00:00,1.32250,1.32271,1.32224,1.32233,1186.00000
2026-06-22 03:15:00+00:00,1.32232,1.32262,1.32224,1.32233,844.00000
2026-06-22 03:30:00+00:00,1.32232,1.32250,1.32170,1.32174,995.00000
2026-06-22 03:45:00+00:00,1.32175,1.32205,1.32096,1.32123,967.00000
2026-06-22 04:00:00+00:00,1.32129,1.32132,1.32066,1.32067,1248.00000
2026-06-22 04:15:00+00:00,1.32068,1.32079,1.32038,1.32057,898.00000
2026-06-22 04:30:00+00:00,1.32056,1.32092,1.32053,1.32075,645.00000
2026-06-22 04:45:00+00:00,1.32077,1.32097,1.32049,1.32073,972.00000
2026-06-22 05:00:00+00:00,1.32077,1.32113,1.32073,1.32110,1034.00000
2026-06-22 05:15:00+00:00,1.32111,1.32162,1.32105,1.32161,862.00000
2026-06-22 05:30:00+00:00,1.32162,1.32208,1.32155,1.32186,1146.00000
2026-06-22 05:45:00+00:00,1.32184,1.32184,1.32088,1.32089,1336.00000
2026-06-22 06:00:00+00:00,1.32083,1.32165,1.32060,1.32142,2085.00000
2026-06-22 06:15:00+00:00,1.32141,1.32152,1.32075,1.32088,1714.00000
2026-06-22 06:30:00+00:00,1.32087,1.32092,1.32024,1.32024,1650.00000
2026-06-22 06:45:00+00:00,1.32025,1.32132,1.32011,1.32102,1648.00000
2026-06-22 07:00:00+00:00,1.32101,1.32175,1.32065,1.32166,2070.00000
2026-06-22 07:15:00+00:00,1.32167,1.32187,1.32015,1.32016,1822.00000
2026-06-22 07:30:00+00:00,1.32014,1.32018,1.31926,1.31944,1802.00000
2026-06-22 07:45:00+00:00,1.31943,1.31969,1.31896,1.31943,1534.00000
2026-06-22 08:00:00+00:00,1.31945,1.31969,1.31848,1.31906,1847.00000
2026-06-22 08:15:00+00:00,1.31905,1.32108,1.31835,1.31946,2682.00000
2026-06-22 08:30:00+00:00,1.31945,1.32116,1.31915,1.31970,2512.00000
2026-06-22 08:45:00+00:00,1.31969,1.32096,1.31964,1.32057,1819.00000
2026-06-22 09:00:00+00:00,1.32058,1.32274,1.32053,1.32234,2238.00000
2026-06-22 09:15:00+00:00,1.32237,1.32258,1.32200,1.32236,1646.00000
2026-06-22 09:30:00+00:00,1.32237,1.32310,1.32214,1.32268,1729.00000
2026-06-22 09:45:00+00:00,1.32267,1.32349,1.32266,1.32284,1649.00000
2026-06-22 10:00:00+00:00,1.32287,1.32457,1.32279,1.32421,2179.00000
2026-06-22 10:15:00+00:00,1.32418,1.32464,1.32394,1.32434,1743.00000
2026-06-22 10:30:00+00:00,1.32436,1.32437,1.32355,1.32406,1685.00000
2026-06-22 10:45:00+00:00,1.32407,1.32446,1.32361,1.32371,1587.00000
2026-06-22 11:00:00+00:00,1.32373,1.32440,1.32318,1.32364,2797.00000
2026-06-22 11:15:00+00:00,1.32363,1.32406,1.32343,1.32372,1080.00000
2026-06-22 11:30:00+00:00,1.32374,1.32426,1.32372,1.32424,1236.00000
2026-06-22 11:45:00+00:00,1.32425,1.32437,1.32354,1.32356,1634.00000
2026-06-22 12:00:00+00:00,1.32357,1.32556,1.32348,1.32521,2550.00000
2026-06-22 12:15:00+00:00,1.32517,1.32596,1.32473,1.32595,2012.00000
2026-06-22 12:30:00+00:00,1.32588,1.32731,1.32585,1.32699,2672.00000
2026-06-22 12:45:00+00:00,1.32701,1.32718,1.32573,1.32615,2260.00000
2026-06-22 13:00:00+00:00,1.32616,1.32655,1.32529,1.32623,4287.00000
2026-06-22 13:15:00+00:00,1.32620,1.32648,1.32497,1.32504,2764.00000
2026-06-22 13:30:00+00:00,1.32498,1.32576,1.32414,1.32434,3306.00000
2026-06-22 13:45:00+00:00,1.32433,1.32490,1.32380,1.32390,3137.00000
2026-06-22 14:00:00+00:00,1.32389,1.32605,1.32378,1.32560,3972.00000
2026-06-22 14:15:00+00:00,1.32557,1.32585,1.32487,1.32559,3006.00000
2026-06-22 14:30:00+00:00,1.32560,1.32564,1.32392,1.32447,3443.00000
2026-06-22 14:45:00+00:00,1.32448,1.32651,1.32447,1.32621,5020.00000
2026-06-22 15:00:00+00:00,1.32622,1.32675,1.32587,1.32608,3166.00000
2026-06-22 15:15:00+00:00,1.32605,1.32623,1.32542,1.32557,2700.00000
2026-06-22 15:30:00+00:00,1.32556,1.32564,1.32519,1.32525,2244.00000
2026-06-22 15:45:00+00:00,1.32523,1.32526,1.32459,1.32473,2152.00000
2026-06-22 16:00:00+00:00,1.32475,1.32486,1.32412,1.32445,2094.00000
2026-06-22 16:15:00+00:00,1.32444,1.32470,1.32416,1.32418,1838.00000
2026-06-22 16:30:00+00:00,1.32419,1.32451,1.32399,1.32412,1664.00000
2026-06-22 16:45:00+00:00,1.32410,1.32469,1.32402,1.32446,1354.00000
2026-06-22 17:00:00+00:00,1.32447,1.32461,1.32428,1.32430,1106.00000
2026-06-22 17:15:00+00:00,1.32432,1.32455,1.32422,1.32423,1106.00000
2026-06-22 17:30:00+00:00,1.32419,1.32432,1.32404,1.32420,1042.00000
2026-06-22 17:45:00+00:00,1.32419,1.32454,1.32419,1.32441,1042.00000
2026-06-22 18:00:00+00:00,1.32442,1.32461,1.32431,1.32440,938.00000
2026-06-22 18:15:00+00:00,1.32441,1.32459,1.32439,1.32446,1182.00000
2026-06-22 18:30:00+00:00,1.32445,1.32446,1.32405,1.32425,952.00000
2026-06-22 18:45:00+00:00,1.32424,1.32458,1.32423,1.32435,980.00000
2026-06-22 19:00:00+00:00,1.32437,1.32450,1.32421,1.32444,1048.00000
2026-06-22 19:15:00+00:00,1.32445,1.32462,1.32426,1.32445,1148.00000
2026-06-22 19:30:00+00:00,1.32444,1.32446,1.32417,1.32425,1144.00000
2026-06-22 19:45:00+00:00,1.32426,1.32496,1.32418,1.32477,1418.00000
2026-06-22 20:00:00+00:00,1.32476,1.32518,1.32472,1.32505,977.00000
2026-06-22 20:15:00+00:00,1.32504,1.32506,1.32471,1.32484,441.00000
2026-06-22 20:30:00+00:00,1.32483,1.32494,1.32476,1.32491,409.00000
2026-06-22 20:45:00+00:00,1.32492,1.32509,1.32475,1.32500,588.00000
2026-06-22 21:00:00+00:00,1.32523,1.32533,1.32463,1.32513,88.00000
2026-06-22 21:15:00+00:00,1.32520,1.32528,1.32487,1.32513,190.00000
2026-06-22 21:30:00+00:00,1.32515,1.32545,1.32472,1.32525,990.00000
2026-06-22 21:45:00+00:00,1.32526,1.32563,1.32496,1.32496,498.00000
2026-06-22 22:00:00+00:00,1.32510,1.32527,1.32443,1.32502,815.00000
2026-06-22 22:15:00+00:00,1.32503,1.32507,1.32484,1.32487,361.00000
2026-06-22 22:30:00+00:00,1.32486,1.32491,1.32458,1.32466,343.00000
2026-06-22 22:45:00+00:00,1.32466,1.32484,1.32463,1.32483,243.00000
2026-06-22 23:00:00+00:00,1.32482,1.32497,1.32480,1.32483,275.00000
2026-06-22 23:15:00+00:00,1.32483,1.32492,1.32473,1.32481,208.00000
2026-06-22 23:30:00+00:00,1.32482,1.32484,1.32471,1.32472,189.00000
2026-06-22 23:45:00+00:00,1.32473,1.32474,1.32460,1.32468,556.00000
2026-06-23 00:00:00+00:00,1.32469,1.32469,1.32415,1.32415,1437.00000
2026-06-23 00:15:00+00:00,1.32419,1.32425,1.32393,1.32419,1275.00000
2026-06-23 00:30:00+00:00,1.32420,1.32462,1.32418,1.32460,1228.00000
2026-06-23 00:45:00+00:00,1.32459,1.32480,1.32441,1.32451,1383.00000
2026-06-23 01:00:00+00:00,1.32453,1.32463,1.32401,1.32406,1570.00000
2026-06-23 01:15:00+00:00,1.32407,1.32427,1.32390,1.32408,1251.00000
2026-06-23 01:30:00+00:00,1.32407,1.32428,1.32395,1.32420,1306.00000
2026-06-23 01:45:00+00:00,1.32419,1.32457,1.32391,1.32432,1529.00000
2026-06-23 02:00:00+00:00,1.32433,1.32471,1.32427,1.32468,1600.00000
2026-06-23 02:15:00+00:00,1.32469,1.32491,1.32469,1.32476,1038.00000
2026-06-23 02:30:00+00:00,1.32478,1.32482,1.32461,1.32471,925.00000
2026-06-23 02:45:00+00:00,1.32470,1.32471,1.32412,1.32417,1000.00000
2026-06-23 03:00:00+00:00,1.32418,1.32431,1.32371,1.32401,1230.00000
2026-06-23 03:15:00+00:00,1.32400,1.32434,1.32345,1.32429,1264.00000
2026-06-23 03:30:00+00:00,1.32430,1.32430,1.32398,1.32424,914.00000
2026-06-23 03:45:00+00:00,1.32425,1.32494,1.32412,1.32487,842.00000
2026-06-23 04:00:00+00:00,1.32488,1.32499,1.32456,1.32459,1064.00000
2026-06-23 04:15:00+00:00,1.32458,1.32462,1.32422,1.32429,884.00000
2026-06-23 04:30:00+00:00,1.32426,1.32426,1.32396,1.32408,808.00000
2026-06-23 04:45:00+00:00,1.32409,1.32414,1.32350,1.32368,646.00000
2026-06-23 05:00:00+00:00,1.32367,1.32382,1.32340,1.32359,1252.00000
2026-06-23 05:15:00+00:00,1.32358,1.32384,1.32351,1.32372,998.00000
2026-06-23 05:30:00+00:00,1.32371,1.32406,1.32353,1.32384,1301.00000
2026-06-23 05:45:00+00:00,1.32385,1.32428,1.32334,1.32426,1407.00000
2026-06-23 06:00:00+00:00,1.32427,1.32428,1.32379,1.32399,1940.00000
2026-06-23 06:15:00+00:00,1.32398,1.32463,1.32384,1.32407,2100.00000
2026-06-23 06:30:00+00:00,1.32404,1.32404,1.32310,1.32310,2078.00000
2026-06-23 06:45:00+00:00,1.32314,1.32358,1.32288,1.32343,1827.00000
2026-06-23 07:00:00+00:00,1.32345,1.32497,1.32309,1.32452,2957.00000
2026-06-23 07:15:00+00:00,1.32464,1.32495,1.32435,1.32477,1726.00000
2026-06-23 07:30:00+00:00,1.32479,1.32479,1.32266,1.32280,2842.00000
2026-06-23 07:45:00+00:00,1.32279,1.32316,1.32207,1.32263,2397.00000
2026-06-23 08:00:00+00:00,1.32268,1.32359,1.32258,1.32288,2897.00000
2026-06-23 08:15:00+00:00,1.32287,1.32288,1.32187,1.32212,2040.00000
2026-06-23 08:30:00+00:00,1.32195,1.32202,1.32126,1.32187,1865.00000
2026-06-23 08:45:00+00:00,1.32186,1.32228,1.32158,1.32203,1754.00000
2026-06-23 09:00:00+00:00,1.32202,1.32248,1.32165,1.32178,2000.00000
2026-06-23 09:15:00+00:00,1.32176,1.32234,1.32158,1.32233,1234.00000
2026-06-23 09:30:00+00:00,1.32232,1.32286,1.32228,1.32244,1482.00000
2026-06-23 09:45:00+00:00,1.32242,1.32307,1.32217,1.32300,1096.00000
2026-06-23 10:00:00+00:00,1.32301,1.32315,1.32192,1.32221,1410.00000
2026-06-23 10:15:00+00:00,1.32218,1.32243,1.32162,1.32167,1417.00000
2026-06-23 10:30:00+00:00,1.32166,1.32199,1.32152,1.32187,1176.00000
2026-06-23 10:45:00+00:00,1.32186,1.32221,1.32105,1.32197,1740.00000
2026-06-23 11:00:00+00:00,1.32198,1.32254,1.32187,1.32237,1710.00000
2026-06-23 11:15:00+00:00,1.32238,1.32265,1.32161,1.32162,1616.00000
2026-06-23 11:30:00+00:00,1.32161,1.32165,1.32116,1.32153,1598.00000
2026-06-23 11:45:00+00:00,1.32152,1.32162,1.32069,1.32080,1746.00000
2026-06-23 12:00:00+00:00,1.32079,1.32192,1.32069,1.32163,2007.00000
2026-06-23 12:15:00+00:00,1.32165,1.32203,1.32110,1.32120,2342.00000
2026-06-23 12:30:00+00:00,1.32121,1.32192,1.32117,1.32131,2074.00000
2026-06-23 12:45:00+00:00,1.32132,1.32169,1.32081,1.32117,2008.00000
2026-06-23 13:00:00+00:00,1.32120,1.32172,1.32071,1.32071,2382.00000
2026-06-23 13:15:00+00:00,1.32072,1.32151,1.32050,1.32124,2354.00000
2026-06-23 13:30:00+00:00,1.32123,1.32192,1.32071,1.32159,3654.00000
2026-06-23 13:45:00+00:00,1.32158,1.32220,1.32118,1.32136,2900.00000
2026-06-23 14:00:00+00:00,1.32135,1.32152,1.32051,1.32078,3285.00000
2026-06-23 14:15:00+00:00,1.32079,1.32093,1.32031,1.32038,2164.00000
2026-06-23 14:30:00+00:00,1.32037,1.32070,1.31951,1.31972,3128.00000
2026-06-23 14:45:00+00:00,1.31971,1.32052,1.31971,1.32009,3126.00000
2026-06-23 15:00:00+00:00,1.32010,1.32020,1.31937,1.31982,2764.00000
2026-06-23 15:15:00+00:00,1.31988,1.32023,1.31959,1.31963,2278.00000
2026-06-23 15:30:00+00:00,1.31962,1.31991,1.31864,1.31889,2338.00000
2026-06-23 15:45:00+00:00,1.31890,1.31899,1.31851,1.31898,1774.00000
2026-06-23 16:00:00+00:00,1.31901,1.31947,1.31860,1.31939,1850.00000
2026-06-23 16:15:00+00:00,1.31940,1.31971,1.31905,1.31905,1492.00000
2026-06-23 16:30:00+00:00,1.31906,1.31937,1.31879,1.31935,1236.00000
2026-06-23 16:45:00+00:00,1.31933,1.31935,1.31862,1.31868,1378.00000
2026-06-23 17:00:00+00:00,1.31865,1.31892,1.31831,1.31881,1401.00000
2026-06-23 17:15:00+00:00,1.31880,1.31890,1.31850,1.31860,806.00000
2026-06-23 17:30:00+00:00,1.31859,1.31914,1.31855,1.31909,872.00000
2026-06-23 17:45:00+00:00,1.31910,1.31910,1.31870,1.31875,980.00000
2026-06-23 18:00:00+00:00,1.31874,1.31887,1.31860,1.31876,746.00000
2026-06-23 18:15:00+00:00,1.31877,1.31881,1.31853,1.31855,562.00000
2026-06-23 18:30:00+00:00,1.31854,1.31860,1.31822,1.31840,890.00000
2026-06-23 18:45:00+00:00,1.31841,1.31887,1.31840,1.31886,1032.00000
2026-06-23 19:00:00+00:00,1.31889,1.31982,1.31881,1.31968,1426.00000
2026-06-23 19:15:00+00:00,1.31974,1.31987,1.31950,1.31987,956.00000
2026-06-23 19:30:00+00:00,1.31988,1.32008,1.31968,1.31975,1074.00000
2026-06-23 19:45:00+00:00,1.31973,1.31982,1.31953,1.31953,1352.00000
2026-06-23 20:00:00+00:00,1.31952,1.32014,1.31947,1.32010,829.00000
2026-06-23 20:15:00+00:00,1.32011,1.32029,1.32000,1.32019,402.00000
2026-06-23 20:30:00+00:00,1.32018,1.32022,1.32009,1.32010,307.00000
2026-06-23 20:45:00+00:00,1.32011,1.32033,1.32010,1.32030,378.00000
2026-06-23 21:00:00+00:00,1.31945,1.32049,1.31855,1.32039,55.00000
2026-06-23 21:15:00+00:00,1.32038,1.32039,1.32031,1.32035,78.00000
2026-06-23 21:30:00+00:00,1.32034,1.32037,1.32014,1.32020,176.00000
2026-06-23 21:45:00+00:00,1.32021,1.32028,1.32005,1.32005,516.00000
2026-06-23 22:00:00+00:00,1.32008,1.32016,1.31985,1.32005,541.00000
2026-06-23 22:15:00+00:00,1.32004,1.32007,1.31986,1.31988,313.00000
2026-06-23 22:30:00+00:00,1.31994,1.32007,1.31986,1.32001,357.00000
2026-06-23 22:45:00+00:00,1.32001,1.32013,1.32001,1.32002,180.00000
2026-06-23 23:00:00+00:00,1.32001,1.32014,1.31992,1.32000,296.00000
2026-06-23 23:15:00+00:00,1.32000,1.32009,1.31987,1.31987,179.00000
2026-06-23 23:30:00+00:00,1.31986,1.32015,1.31973,1.32013,446.00000
2026-06-23 23:45:00+00:00,1.32014,1.32038,1.31989,1.31997,874.00000
2026-06-24 00:00:00+00:00,1.31996,1.32030,1.31985,1.31988,2274.00000
2026-06-24 00:15:00+00:00,1.31987,1.31998,1.31940,1.31957,1802.00000
2026-06-24 00:30:00+00:00,1.31956,1.31977,1.31950,1.31971,1297.00000
2026-06-24 00:45:00+00:00,1.31972,1.32011,1.31971,1.31991,1240.00000
2026-06-24 01:00:00+00:00,1.31992,1.31992,1.31907,1.31959,1722.00000
2026-06-24 01:15:00+00:00,1.31958,1.31959,1.31914,1.31938,1313.00000
2026-06-24 01:30:00+00:00,1.31935,1.31999,1.31923,1.31981,2018.00000
2026-06-24 01:45:00+00:00,1.31980,1.32019,1.31959,1.32012,1283.00000
2026-06-24 02:00:00+00:00,1.32011,1.32022,1.31988,1.32015,1173.00000
2026-06-24 02:15:00+00:00,1.32014,1.32046,1.32006,1.32027,849.00000
2026-06-24 02:30:00+00:00,1.32028,1.32037,1.31977,1.31982,1044.00000
2026-06-24 02:45:00+00:00,1.31981,1.31985,1.31905,1.31906,1450.00000
2026-06-24 03:00:00+00:00,1.31907,1.31928,1.31873,1.31910,1792.00000
2026-06-24 03:15:00+00:00,1.31909,1.31973,1.31891,1.31973,1392.00000
2026-06-24 03:30:00+00:00,1.31974,1.32013,1.31947,1.31999,1348.00000
2026-06-24 03:45:00+00:00,1.32000,1.32000,1.31980,1.31989,1072.00000
2026-06-24 04:00:00+00:00,1.31990,1.31992,1.31909,1.31923,1239.00000
2026-06-24 04:15:00+00:00,1.31922,1.31973,1.31922,1.31951,1460.00000
2026-06-24 04:30:00+00:00,1.31950,1.31965,1.31936,1.31949,951.00000
2026-06-24 04:45:00+00:00,1.31948,1.31955,1.31918,1.31931,1103.00000
2026-06-24 05:00:00+00:00,1.31932,1.31982,1.31923,1.31967,1065.00000
2026-06-24 05:15:00+00:00,1.31966,1.31977,1.31939,1.31947,1367.00000
2026-06-24 05:30:00+00:00,1.31948,1.31957,1.31935,1.31942,1221.00000
2026-06-24 05:45:00+00:00,1.31941,1.31977,1.31937,1.31952,948.00000
2026-06-24 06:00:00+00:00,1.31949,1.32092,1.31933,1.32078,1525.00000
2026-06-24 06:15:00+00:00,1.32077,1.32077,1.31902,1.31927,1673.00000
2026-06-24 06:30:00+00:00,1.31926,1.31963,1.31887,1.31942,1631.00000
2026-06-24 06:45:00+00:00,1.31938,1.31950,1.31840,1.31866,1871.00000
2026-06-24 07:00:00+00:00,1.31868,1.31878,1.31800,1.31805,2472.00000
2026-06-24 07:15:00+00:00,1.31806,1.31910,1.31800,1.31893,2410.00000
2026-06-24 07:30:00+00:00,1.31894,1.31976,1.31894,1.31967,2365.00000
2026-06-24 07:45:00+00:00,1.31966,1.31987,1.31863,1.31868,2186.00000
2026-06-24 08:00:00+00:00,1.31867,1.31907,1.31714,1.31744,2721.00000
2026-06-24 08:15:00+00:00,1.31742,1.31877,1.31726,1.31875,2373.00000
2026-06-24 08:30:00+00:00,1.31874,1.31944,1.31856,1.31911,2152.00000
2026-06-24 08:45:00+00:00,1.31910,1.31976,1.31891,1.31928,1398.00000
2026-06-24 09:00:00+00:00,1.31927,1.31957,1.31839,1.31911,2300.00000
2026-06-24 09:15:00+00:00,1.31912,1.31932,1.31811,1.31824,1706.00000
2026-06-24 09:30:00+00:00,1.31825,1.31844,1.31749,1.31765,1676.00000
2026-06-24 09:45:00+00:00,1.31764,1.31830,1.31755,1.31758,1428.00000
2026-06-24 10:00:00+00:00,1.31756,1.31759,1.31651,1.31675,1911.00000
2026-06-24 10:15:00+00:00,1.31674,1.31683,1.31549,1.31582,1789.00000
2026-06-24 10:30:00+00:00,1.31581,1.31659,1.31552,1.31616,1619.00000
2026-06-24 10:45:00+00:00,1.31615,1.31629,1.31551,1.31558,1467.00000
2026-06-24 11:00:00+00:00,1.31560,1.31588,1.31487,1.31535,1474.00000
2026-06-24 11:15:00+00:00,1.31536,1.31600,1.31515,1.31596,1468.00000
2026-06-24 11:30:00+00:00,1.31597,1.31666,1.31586,1.31629,1714.00000
2026-06-24 11:45:00+00:00,1.31628,1.31736,1.31593,1.31627,2216.00000
2026-06-24 12:00:00+00:00,1.31628,1.31688,1.31577,1.31586,2580.00000
2026-06-24 12:15:00+00:00,1.31587,1.31632,1.31545,1.31608,1928.00000
2026-06-24 12:30:00+00:00,1.31607,1.31616,1.31418,1.31482,2926.00000
2026-06-24 12:45:00+00:00,1.31483,1.31522,1.31445,1.31504,2142.00000
2026-06-24 13:00:00+00:00,1.31507,1.31560,1.31420,1.31445,3366.00000
2026-06-24 13:15:00+00:00,1.31448,1.31658,1.31445,1.31648,2528.00000
2026-06-24 13:30:00+00:00,1.31647,1.31667,1.31558,1.31632,3791.00000
2026-06-24 13:45:00+00:00,1.31631,1.31661,1.31537,1.31621,3372.00000
2026-06-24 14:00:00+00:00,1.31622,1.31669,1.31547,1.31585,3171.00000
2026-06-24 14:15:00+00:00,1.31583,1.31600,1.31489,1.31572,2832.00000
2026-06-24 14:30:00+00:00,1.31570,1.31585,1.31453,1.31499,2866.00000
2026-06-24 14:45:00+00:00,1.31500,1.31531,1.31402,1.31471,2870.00000
2026-06-24 15:00:00+00:00,1.31473,1.31581,1.31456,1.31567,2910.00000
2026-06-24 15:15:00+00:00,1.31566,1.31718,1.31554,1.31665,2494.00000
2026-06-24 15:30:00+00:00,1.31663,1.31663,1.31602,1.31642,2689.00000
2026-06-24 15:45:00+00:00,1.31642,1.31649,1.31564,1.31583,2330.00000
2026-06-24 16:00:00+00:00,1.31584,1.31646,1.31559,1.31615,2298.00000
2026-06-24 16:15:00+00:00,1.31616,1.31736,1.31611,1.31736,1728.00000
2026-06-24 16:30:00+00:00,1.31735,1.31791,1.31693,1.31713,2254.00000
2026-06-24 16:45:00+00:00,1.31715,1.31718,1.31685,1.31706,1540.00000
2026-06-24 17:00:00+00:00,1.31705,1.31723,1.31644,1.31647,1710.00000
2026-06-24 17:15:00+00:00,1.31648,1.31661,1.31587,1.31595,1676.00000
2026-06-24 17:30:00+00:00,1.31593,1.31676,1.31583,1.31597,1984.00000
2026-06-24 17:45:00+00:00,1.31596,1.31599,1.31536,1.31559,1758.00000
2026-06-24 18:00:00+00:00,1.31560,1.31618,1.31553,1.31597,1948.00000
2026-06-24 18:15:00+00:00,1.31598,1.31665,1.31597,1.31656,1584.00000
2026-06-24 18:30:00+00:00,1.31658,1.31698,1.31625,1.31629,1436.00000
2026-06-24 18:45:00+00:00,1.31625,1.31650,1.31596,1.31619,1406.00000
2026-06-24 19:00:00+00:00,1.31620,1.31651,1.31587,1.31588,2002.00000
2026-06-24 19:15:00+00:00,1.31587,1.31600,1.31560,1.31598,1609.00000
2026-06-24 19:30:00+00:00,1.31599,1.31625,1.31594,1.31618,1324.00000
2026-06-24 19:45:00+00:00,1.31620,1.31646,1.31603,1.31606,1638.00000
2026-06-24 20:00:00+00:00,1.31607,1.31645,1.31594,1.31636,1324.00000
2026-06-24 20:15:00+00:00,1.31635,1.31675,1.31626,1.31671,623.00000
2026-06-24 20:30:00+00:00,1.31672,1.31691,1.31666,1.31676,936.00000
2026-06-24 20:45:00+00:00,1.31675,1.31699,1.31643,1.31676,929.00000
2026-06-24 21:00:00+00:00,1.31663,1.31675,1.31558,1.31675,112.00000
2026-06-24 21:15:00+00:00,1.31676,1.31720,1.31592,1.31662,257.00000
2026-06-24 21:30:00+00:00,1.31660,1.31717,1.31528,1.31606,2047.00000
2026-06-24 21:45:00+00:00,1.31602,1.31671,1.31554,1.31657,1002.00000
2026-06-24 22:00:00+00:00,1.31655,1.31687,1.31619,1.31647,426.00000
2026-06-24 22:15:00+00:00,1.31646,1.31648,1.31636,1.31647,293.00000
2026-06-24 22:30:00+00:00,1.31647,1.31670,1.31647,1.31667,170.00000
2026-06-24 22:45:00+00:00,1.31667,1.31670,1.31647,1.31652,189.00000
2026-06-24 23:00:00+00:00,1.31652,1.31656,1.31637,1.31641,352.00000
2026-06-24 23:15:00+00:00,1.31642,1.31657,1.31641,1.31641,256.00000
2026-06-24 23:30:00+00:00,1.31642,1.31662,1.31633,1.31651,439.00000
2026-06-24 23:45:00+00:00,1.31650,1.31668,1.31637,1.31643,819.00000
2026-06-25 00:00:00+00:00,1.31645,1.31657,1.31608,1.31617,2035.00000
2026-06-25 00:15:00+00:00,1.31616,1.31635,1.31605,1.31619,1649.00000
2026-06-25 00:30:00+00:00,1.31618,1.31618,1.31582,1.31605,896.00000
2026-06-25 00:45:00+00:00,1.31606,1.31654,1.31597,1.31630,1277.00000
2026-06-25 01:00:00+00:00,1.31635,1.31733,1.31625,1.31732,2250.00000
2026-06-25 01:15:00+00:00,1.31733,1.31829,1.31722,1.31766,1954.00000
2026-06-25 01:30:00+00:00,1.31766,1.31800,1.31716,1.31739,2076.00000
2026-06-25 01:45:00+00:00,1.31738,1.31740,1.31698,1.31709,1659.00000
2026-06-25 02:00:00+00:00,1.31710,1.31757,1.31689,1.31742,1869.00000
2026-06-25 02:15:00+00:00,1.31744,1.31797,1.31730,1.31787,1382.00000
2026-06-25 02:30:00+00:00,1.31788,1.31801,1.31763,1.31766,1277.00000
2026-06-25 02:45:00+00:00,1.31765,1.31782,1.31747,1.31779,941.00000
2026-06-25 03:00:00+00:00,1.31780,1.31818,1.31776,1.31798,1158.00000
2026-06-25 03:15:00+00:00,1.31797,1.31818,1.31775,1.31793,1036.00000
2026-06-25 03:30:00+00:00,1.31792,1.31802,1.31777,1.31795,796.00000
2026-06-25 03:45:00+00:00,1.31796,1.31834,1.31788,1.31823,1087.00000
2026-06-25 04:00:00+00:00,1.31826,1.31850,1.31798,1.31839,1058.00000
2026-06-25 04:15:00+00:00,1.31839,1.31855,1.31828,1.31844,893.00000
2026-06-25 04:30:00+00:00,1.31847,1.31848,1.31800,1.31807,755.00000
2026-06-25 04:45:00+00:00,1.31806,1.31830,1.31798,1.31822,520.00000
2026-06-25 05:00:00+00:00,1.31821,1.31851,1.31818,1.31821,885.00000
2026-06-25 05:15:00+00:00,1.31822,1.31822,1.31792,1.31799,874.00000
2026-06-25 05:30:00+00:00,1.31798,1.31807,1.31775,1.31788,1063.00000
2026-06-25 05:45:00+00:00,1.31788,1.31800,1.31755,1.31760,984.00000
2026-06-25 06:00:00+00:00,1.31753,1.31792,1.31737,1.31790,1362.00000
2026-06-25 06:15:00+00:00,1.31789,1.31789,1.31742,1.31743,1183.00000
2026-06-25 06:30:00+00:00,1.31742,1.31742,1.31676,1.31707,1554.00000
2026-06-25 06:45:00+00:00,1.31709,1.31753,1.31696,1.31733,1828.00000
2026-06-25 07:00:00+00:00,1.31732,1.31824,1.31727,1.31751,1797.00000
2026-06-25 07:15:00+00:00,1.31750,1.31788,1.31706,1.31761,2006.00000
2026-06-25 07:30:00+00:00,1.31764,1.31818,1.31764,1.31778,1688.00000
2026-06-25 07:45:00+00:00,1.31777,1.31852,1.31766,1.31846,1696.00000
2026-06-25 08:00:00+00:00,1.31849,1.31888,1.31811,1.31848,2025.00000
2026-06-25 08:15:00+00:00,1.31853,1.31946,1.31837,1.31945,1583.00000
2026-06-25 08:30:00+00:00,1.31946,1.31968,1.31935,1.31959,1265.00000
2026-06-25 08:45:00+00:00,1.31958,1.31958,1.31877,1.31905,1689.00000
2026-06-25 09:00:00+00:00,1.31906,1.31920,1.31864,1.31901,1472.00000
2026-06-25 09:15:00+00:00,1.31902,1.31943,1.31888,1.31942,1248.00000
2026-06-25 09:30:00+00:00,1.31941,1.31975,1.31867,1.31870,1255.00000
2026-06-25 09:45:00+00:00,1.31869,1.31891,1.31832,1.31854,1127.00000
2026-06-25 10:00:00+00:00,1.31853,1.31853,1.31734,1.31742,1638.00000
2026-06-25 10:15:00+00:00,1.31741,1.31758,1.31716,1.31752,1054.00000
2026-06-25 10:30:00+00:00,1.31751,1.31754,1.31695,1.31698,1226.00000
2026-06-25 10:45:00+00:00,1.31697,1.31697,1.31645,1.31689,1368.00000
2026-06-25 11:00:00+00:00,1.31690,1.31692,1.31634,1.31657,1173.00000
2026-06-25 11:15:00+00:00,1.31656,1.31665,1.31587,1.31588,1202.00000
2026-06-25 11:30:00+00:00,1.31587,1.31608,1.31552,1.31587,1310.00000
2026-06-25 11:45:00+00:00,1.31585,1.31587,1.31512,1.31552,1638.00000
2026-06-25 12:00:00+00:00,1.31553,1.31607,1.31543,1.31582,1567.00000
2026-06-25 12:15:00+00:00,1.31583,1.31584,1.31541,1.31577,1451.00000
2026-06-25 12:30:00+00:00,1.31576,1.31863,1.31576,1.31839,4584.00000
2026-06-25 12:45:00+00:00,1.31841,1.31867,1.31742,1.31764,3477.00000
2026-06-25 13:00:00+00:00,1.31765,1.31808,1.31737,1.31807,2882.00000
2026-06-25 13:15:00+00:00,1.31811,1.31969,1.31805,1.31964,2318.00000
2026-06-25 13:30:00+00:00,1.31962,1.31989,1.31879,1.31884,3578.00000
2026-06-25 13:45:00+00:00,1.31885,1.31973,1.31848,1.31891,4726.00000
2026-06-25 14:00:00+00:00,1.31895,1.32188,1.31889,1.32037,5164.00000
2026-06-25 14:15:00+00:00,1.32038,1.32072,1.31915,1.31986,3364.00000
2026-06-25 14:30:00+00:00,1.31985,1.32022,1.31959,1.32013,3578.00000
2026-06-25 14:45:00+00:00,1.32017,1.32092,1.31985,1.32016,3450.00000
2026-06-25 15:00:00+00:00,1.32014,1.32174,1.31987,1.32014,4311.00000
2026-06-25 15:15:00+00:00,1.32013,1.32157,1.31979,1.32149,3944.00000
2026-06-25 15:30:00+00:00,1.32148,1.32172,1.32062,1.32067,2974.00000
2026-06-25 15:45:00+00:00,1.32066,1.32158,1.32046,1.32150,2668.00000
2026-06-25 16:00:00+00:00,1.32154,1.32163,1.32104,1.32135,2579.00000
2026-06-25 16:15:00+00:00,1.32140,1.32191,1.32129,1.32171,2105.00000
2026-06-25 16:30:00+00:00,1.32170,1.32171,1.32090,1.32096,2068.00000
2026-06-25 16:45:00+00:00,1.32095,1.32097,1.32036,1.32058,1854.00000
2026-06-25 17:00:00+00:00,1.32059,1.32065,1.32026,1.32036,1764.00000
2026-06-25 17:15:00+00:00,1.32037,1.32047,1.32011,1.32027,1673.00000
2026-06-25 17:30:00+00:00,1.32025,1.32034,1.31986,1.31998,1114.00000
2026-06-25 17:45:00+00:00,1.31999,1.32052,1.31989,1.32021,1406.00000
2026-06-25 18:00:00+00:00,1.32020,1.32038,1.31943,1.32032,2314.00000
2026-06-25 18:15:00+00:00,1.32030,1.32059,1.32022,1.32050,1272.00000
2026-06-25 18:30:00+00:00,1.32053,1.32056,1.31971,1.31978,1848.00000
2026-06-25 18:45:00+00:00,1.31977,1.32031,1.31967,1.31979,1278.00000
2026-06-25 19:00:00+00:00,1.31983,1.31999,1.31969,1.31998,1602.00000
2026-06-25 19:15:00+00:00,1.31999,1.32045,1.31998,1.32045,1328.00000
2026-06-25 19:30:00+00:00,1.32046,1.32055,1.31976,1.31989,1754.00000
2026-06-25 19:45:00+00:00,1.31988,1.32004,1.31941,1.31999,2010.00000
2026-06-25 20:00:00+00:00,1.31998,1.32016,1.31964,1.31970,1270.00000
2026-06-25 20:15:00+00:00,1.31971,1.31980,1.31962,1.31980,496.00000
2026-06-25 20:30:00+00:00,1.31979,1.31980,1.31952,1.31953,586.00000
2026-06-25 20:45:00+00:00,1.31952,1.31958,1.31898,1.31903,809.00000
2026-06-25 21:00:00+00:00,1.32020,1.32065,1.31896,1.32017,2289.00000
2026-06-25 21:15:00+00:00,1.32006,1.32024,1.31934,1.31943,1236.00000
2026-06-25 21:30:00+00:00,1.31941,1.31974,1.31897,1.31974,136.00000
2026-06-25 21:45:00+00:00,1.31973,1.32039,1.31927,1.31958,1217.00000
2026-06-25 22:00:00+00:00,1.31956,1.31956,1.31922,1.31933,859.00000
2026-06-25 22:15:00+00:00,1.31932,1.31938,1.31918,1.31918,385.00000
2026-06-25 22:30:00+00:00,1.31918,1.31929,1.31912,1.31912,443.00000
2026-06-25 22:45:00+00:00,1.31912,1.31931,1.31903,1.31927,540.00000
2026-06-25 23:00:00+00:00,1.31922,1.31937,1.31883,1.31894,765.00000
2026-06-25 23:15:00+00:00,1.31894,1.31894,1.31872,1.31889,682.00000
2026-06-25 23:30:00+00:00,1.31887,1.31897,1.31857,1.31879,689.00000
2026-06-25 23:45:00+00:00,1.31879,1.31888,1.31846,1.31873,986.00000
2026-06-26 00:00:00+00:00,1.31874,1.31918,1.31870,1.31918,1993.00000
2026-06-26 00:15:00+00:00,1.31915,1.31933,1.31903,1.31927,1399.00000
2026-06-26 00:30:00+00:00,1.31929,1.31940,1.31890,1.31916,1501.00000
2026-06-26 00:45:00+00:00,1.31917,1.31938,1.31904,1.31930,1397.00000
2026-06-26 01:00:00+00:00,1.31929,1.31981,1.31929,1.31967,1823.00000
2026-06-26 01:15:00+00:00,1.31968,1.31997,1.31957,1.31977,1354.00000
2026-06-26 01:30:00+00:00,1.31978,1.31983,1.31877,1.31899,2210.00000
2026-06-26 01:45:00+00:00,1.31898,1.31909,1.31871,1.31909,1556.00000
2026-06-26 02:00:00+00:00,1.31910,1.31929,1.31883,1.31886,1443.00000
2026-06-26 02:15:00+00:00,1.31884,1.31889,1.31815,1.31827,1538.00000
2026-06-26 02:30:00+00:00,1.31828,1.31869,1.31820,1.31850,1333.00000
2026-06-26 02:45:00+00:00,1.31851,1.31852,1.31804,1.31834,1399.00000
2026-06-26 03:00:00+00:00,1.31833,1.31899,1.31828,1.31886,1254.00000
2026-06-26 03:15:00+00:00,1.31885,1.31900,1.31870,1.31887,1054.00000
2026-06-26 03:30:00+00:00,1.31886,1.31931,1.31859,1.31931,1508.00000
2026-06-26 03:45:00+00:00,1.31930,1.31982,1.31910,1.31978,1764.00000
2026-06-26 04:00:00+00:00,1.31979,1.31998,1.31967,1.31988,1230.00000
2026-06-26 04:15:00+00:00,1.31989,1.32018,1.31984,1.32003,1216.00000
2026-06-26 04:30:00+00:00,1.32002,1.32005,1.31952,1.31985,1440.00000
2026-06-26 04:45:00+00:00,1.31986,1.32018,1.31980,1.32013,1122.00000
2026-06-26 05:00:00+00:00,1.32015,1.32022,1.31989,1.32019,1247.00000
2026-06-26 05:15:00+00:00,1.32021,1.32046,1.31999,1.32039,1098.00000
2026-06-26 05:30:00+00:00,1.32042,1.32076,1.32028,1.32063,1363.00000
2026-06-26 05:45:00+00:00,1.32062,1.32077,1.32041,1.32053,1241.00000
2026-06-26 06:00:00+00:00,1.32054,1.32061,1.31970,1.31995,1906.00000
2026-06-26 06:15:00+00:00,1.31994,1.32042,1.31990,1.32041,1780.00000
2026-06-26 06:30:00+00:00,1.32042,1.32072,1.31966,1.31967,2050.00000
2026-06-26 06:45:00+00:00,1.31966,1.32016,1.31939,1.31969,1624.00000
2026-06-26 07:00:00+00:00,1.31968,1.31990,1.31923,1.31956,2116.00000
2026-06-26 07:15:00+00:00,1.31957,1.31990,1.31912,1.31917,1778.00000
2026-06-26 07:30:00+00:00,1.31916,1.32119,1.31908,1.32073,1956.00000
2026-06-26 07:45:00+00:00,1.32070,1.32073,1.32006,1.32047,1651.00000
2026-06-26 08:00:00+00:00,1.32049,1.32142,1.31989,1.32097,2588.00000
2026-06-26 08:15:00+00:00,1.32098,1.32142,1.32036,1.32140,2216.00000
2026-06-26 08:30:00+00:00,1.32137,1.32162,1.32061,1.32161,1919.00000
2026-06-26 08:45:00+00:00,1.32160,1.32223,1.32138,1.32164,2084.00000
2026-06-26 09:00:00+00:00,1.32166,1.32166,1.32099,1.32108,2162.00000
2026-06-26 09:15:00+00:00,1.32106,1.32187,1.32077,1.32185,2060.00000
2026-06-26 09:30:00+00:00,1.32186,1.32268,1.32152,1.32225,1550.00000
2026-06-26 09:45:00+00:00,1.32226,1.32286,1.32190,1.32190,1816.00000
2026-06-26 10:00:00+00:00,1.32191,1.32219,1.32153,1.32207,1770.00000
2026-06-26 10:15:00+00:00,1.32205,1.32224,1.32158,1.32196,1508.00000
2026-06-26 10:30:00+00:00,1.32195,1.32215,1.32169,1.32179,1684.00000
2026-06-26 10:45:00+00:00,1.32178,1.32236,1.32169,1.32220,1654.00000
2026-06-26 11:00:00+00:00,1.32222,1.32246,1.32182,1.32190,2058.00000
2026-06-26 11:15:00+00:00,1.32188,1.32228,1.32157,1.32203,2196.00000
2026-06-26 11:30:00+00:00,1.32205,1.32225,1.32165,1.32169,2176.00000
2026-06-26 11:45:00+00:00,1.32168,1.32182,1.32108,1.32168,2100.00000
2026-06-26 12:00:00+00:00,1.32169,1.32209,1.32159,1.32186,2034.00000
2026-06-26 12:15:00+00:00,1.32189,1.32215,1.32094,1.32148,2394.00000
2026-06-26 12:30:00+00:00,1.32144,1.32174,1.32034,1.32080,2352.00000
2026-06-26 12:45:00+00:00,1.32081,1.32182,1.32000,1.32106,3424.00000
2026-06-26 13:00:00+00:00,1.32112,1.32219,1.32089,1.32172,3259.00000
2026-06-26 13:15:00+00:00,1.32170,1.32191,1.32017,1.32180,3416.00000
2026-06-26 13:30:00+00:00,1.32174,1.32196,1.32130,1.32174,3874.00000
2026-06-26 13:45:00+00:00,1.32176,1.32256,1.32130,1.32250,2989.00000
2026-06-26 14:00:00+00:00,1.32251,1.32296,1.32222,1.32259,3163.00000
2026-06-26 14:15:00+00:00,1.32261,1.32320,1.32224,1.32234,2550.00000
2026-06-26 14:30:00+00:00,1.32235,1.32255,1.32159,1.32189,1954.00000
2026-06-26 14:45:00+00:00,1.32188,1.32207,1.31974,1.31974,3426.00000
2026-06-26 15:00:00+00:00,1.31977,1.32104,1.31975,1.32090,2615.00000
2026-06-26 15:15:00+00:00,1.32089,1.32169,1.32077,1.32158,2186.00000
2026-06-26 15:30:00+00:00,1.32167,1.32208,1.32125,1.32179,1876.00000
2026-06-26 15:45:00+00:00,1.32180,1.32227,1.32113,1.32212,2655.00000
2026-06-26 16:00:00+00:00,1.32213,1.32215,1.32151,1.32171,1564.00000
2026-06-26 16:15:00+00:00,1.32172,1.32181,1.32108,1.32120,2288.00000
2026-06-26 16:30:00+00:00,1.32121,1.32141,1.32045,1.32057,1754.00000
2026-06-26 16:45:00+00:00,1.32058,1.32072,1.32043,1.32059,1080.00000
2026-06-26 17:00:00+00:00,1.32062,1.32098,1.32047,1.32080,1198.00000
2026-06-26 17:15:00+00:00,1.32079,1.32080,1.32027,1.32029,1300.00000
2026-06-26 17:30:00+00:00,1.32030,1.32048,1.31984,1.32030,1213.00000
2026-06-26 17:45:00+00:00,1.32029,1.32038,1.31991,1.32003,1010.00000
2026-06-26 18:00:00+00:00,1.32007,1.32062,1.32002,1.32047,1320.00000
2026-06-26 18:15:00+00:00,1.32046,1.32050,1.32014,1.32029,994.00000
2026-06-26 18:30:00+00:00,1.32028,1.32054,1.32020,1.32027,950.00000
2026-06-26 18:45:00+00:00,1.32026,1.32037,1.31989,1.31997,1320.00000
2026-06-26 19:00:00+00:00,1.31992,1.32013,1.31980,1.32008,836.00000
2026-06-26 19:15:00+00:00,1.32007,1.32009,1.31958,1.31966,926.00000
2026-06-26 19:30:00+00:00,1.31967,1.31994,1.31954,1.31966,1024.00000
2026-06-26 19:45:00+00:00,1.31965,1.32028,1.31959,1.31987,1602.00000
2026-06-26 20:00:00+00:00,1.31993,1.32003,1.31978,1.31999,1102.00000
2026-06-26 20:15:00+00:00,1.31999,1.32039,1.31998,1.32023,648.00000
2026-06-26 20:30:00+00:00,1.32024,1.32036,1.31943,1.32012,1604.00000
2026-06-26 20:45:00+00:00,1.32011,1.32020,1.31922,1.31973,1209.00000
2026-06-28 21:00:00+00:00,1.32058,1.32073,1.31991,1.32062,58.00000
2026-06-28 21:15:00+00:00,1.32063,1.32067,1.31957,1.31957,94.00000
2026-06-28 21:30:00+00:00,1.31962,1.32050,1.31901,1.31976,224.00000
2026-06-28 21:45:00+00:00,1.31972,1.32054,1.31902,1.32042,234.00000
2026-06-28 22:00:00+00:00,1.32013,1.32013,1.31915,1.31935,562.00000
2026-06-28 22:15:00+00:00,1.31934,1.31939,1.31910,1.31926,381.00000
2026-06-28 22:30:00+00:00,1.31927,1.31959,1.31927,1.31957,230.00000
2026-06-28 22:45:00+00:00,1.31957,1.31969,1.31930,1.31949,232.00000
2026-06-28 23:00:00+00:00,1.31950,1.31973,1.31948,1.31954,531.00000
2026-06-28 23:15:00+00:00,1.31953,1.31961,1.31946,1.31955,276.00000
2026-06-28 23:30:00+00:00,1.31954,1.31954,1.31922,1.31950,474.00000
2026-06-28 23:45:00+00:00,1.31951,1.31984,1.31947,1.31966,742.00000
2026-06-29 00:00:00+00:00,1.31961,1.32015,1.31939,1.31971,2147.00000
2026-06-29 00:15:00+00:00,1.31972,1.31989,1.31950,1.31972,1731.00000
2026-06-29 00:30:00+00:00,1.31973,1.31990,1.31961,1.31985,1472.00000
2026-06-29 00:45:00+00:00,1.31984,1.32008,1.31939,1.31990,1567.00000
2026-06-29 01:00:00+00:00,1.31989,1.32014,1.31960,1.31998,1563.00000
2026-06-29 01:15:00+00:00,1.31997,1.32029,1.31979,1.32006,1446.00000
2026-06-29 01:30:00+00:00,1.32007,1.32049,1.31990,1.32031,1833.00000
2026-06-29 01:45:00+00:00,1.32032,1.32032,1.31970,1.31984,1245.00000
2026-06-29 02:00:00+00:00,1.31986,1.32023,1.31980,1.32007,1371.00000
2026-06-29 02:15:00+00:00,1.32006,1.32100,1.32006,1.32094,1620.00000
2026-06-29 02:30:00+00:00,1.32093,1.32095,1.32038,1.32050,1022.00000
2026-06-29 02:45:00+00:00,1.32051,1.32056,1.32025,1.32027,943.00000
2026-06-29 03:00:00+00:00,1.32030,1.32064,1.32029,1.32046,781.00000
2026-06-29 03:15:00+00:00,1.32047,1.32050,1.32033,1.32046,765.00000
2026-06-29 03:30:00+00:00,1.32051,1.32059,1.32019,1.32023,905.00000
2026-06-29 03:45:00+00:00,1.32024,1.32027,1.31981,1.31982,772.00000
2026-06-29 04:00:00+00:00,1.31983,1.31997,1.31968,1.31982,915.00000
2026-06-29 04:15:00+00:00,1.31981,1.31993,1.31964,1.31990,626.00000
2026-06-29 04:30:00+00:00,1.31991,1.32007,1.31984,1.31993,639.00000
2026-06-29 04:45:00+00:00,1.31992,1.32002,1.31976,1.31991,1016.00000
2026-06-29 05:00:00+00:00,1.31990,1.32061,1.31989,1.32051,968.00000
2026-06-29 05:15:00+00:00,1.32050,1.32056,1.32024,1.32048,740.00000
2026-06-29 05:30:00+00:00,1.32049,1.32109,1.32049,1.32097,984.00000
2026-06-29 05:45:00+00:00,1.32098,1.32122,1.32088,1.32103,1025.00000
2026-06-29 06:00:00+00:00,1.32110,1.32126,1.32089,1.32125,1282.00000
2026-06-29 06:15:00+00:00,1.32124,1.32160,1.32115,1.32149,1102.00000
2026-06-29 06:30:00+00:00,1.32150,1.32213,1.32136,1.32208,1232.00000
2026-06-29 06:45:00+00:00,1.32209,1.32281,1.32206,1.32257,1734.00000
2026-06-29 07:00:00+00:00,1.32254,1.32258,1.32182,1.32209,1782.00000
2026-06-29 07:15:00+00:00,1.32210,1.32235,1.32175,1.32232,1620.00000
2026-06-29 07:30:00+00:00,1.32233,1.32280,1.32211,1.32228,1406.00000
2026-06-29 07:45:00+00:00,1.32232,1.32247,1.32118,1.32132,2072.00000
2026-06-29 08:00:00+00:00,1.32140,1.32171,1.32100,1.32101,1782.00000
2026-06-29 08:15:00+00:00,1.32102,1.32112,1.32044,1.32088,1519.00000
2026-06-29 08:30:00+00:00,1.32089,1.32130,1.32073,1.32087,1170.00000
2026-06-29 08:45:00+00:00,1.32085,1.32088,1.32033,1.32070,978.00000
2026-06-29 09:00:00+00:00,1.32079,1.32139,1.32065,1.32132,1096.00000
2026-06-29 09:15:00+00:00,1.32130,1.32154,1.32094,1.32149,1430.00000
2026-06-29 09:30:00+00:00,1.32148,1.32175,1.32091,1.32118,1496.00000
2026-06-29 09:45:00+00:00,1.32119,1.32188,1.32104,1.32182,1612.00000
2026-06-29 10:00:00+00:00,1.32175,1.32187,1.32125,1.32144,1528.00000
2026-06-29 10:15:00+00:00,1.32141,1.32141,1.32115,1.32137,840.00000
2026-06-29 10:30:00+00:00,1.32136,1.32140,1.32100,1.32121,943.00000
2026-06-29 10:45:00+00:00,1.32117,1.32267,1.32116,1.32228,2152.00000
2026-06-29 11:00:00+00:00,1.32237,1.32307,1.32228,1.32284,1598.00000
2026-06-29 11:15:00+00:00,1.32283,1.32332,1.32276,1.32325,1090.00000
2026-06-29 11:30:00+00:00,1.32323,1.32344,1.32247,1.32256,1728.00000
2026-06-29 11:45:00+00:00,1.32257,1.32346,1.32246,1.32313,1640.00000
2026-06-29 12:00:00+00:00,1.32314,1.32330,1.32287,1.32318,1866.00000
2026-06-29 12:15:00+00:00,1.32317,1.32356,1.32300,1.32348,2044.00000
2026-06-29 12:30:00+00:00,1.32347,1.32402,1.32284,1.32331,1801.00000
2026-06-29 12:45:00+00:00,1.32330,1.32337,1.32280,1.32336,2078.00000
2026-06-29 13:00:00+00:00,1.32338,1.32385,1.32335,1.32376,1662.00000
2026-06-29 13:15:00+00:00,1.32373,1.32437,1.32341,1.32420,1810.00000
2026-06-29 13:30:00+00:00,1.32421,1.32471,1.32348,1.32380,2808.00000
2026-06-29 13:45:00+00:00,1.32377,1.32450,1.32364,1.32366,2984.00000
2026-06-29 14:00:00+00:00,1.32367,1.32431,1.32340,1.32340,3077.00000
2026-06-29 14:15:00+00:00,1.32339,1.32442,1.32278,1.32422,3926.00000
2026-06-29 14:30:00+00:00,1.32417,1.32456,1.32357,1.32370,2732.00000
2026-06-29 14:45:00+00:00,1.32371,1.32482,1.32330,1.32449,3050.00000
2026-06-29 15:00:00+00:00,1.32450,1.32486,1.32426,1.32447,2170.00000
2026-06-29 15:15:00+00:00,1.32446,1.32487,1.32431,1.32484,1962.00000
2026-06-29 15:30:00+00:00,1.32487,1.32523,1.32452,1.32492,2416.00000
2026-06-29 15:45:00+00:00,1.32489,1.32538,1.32481,1.32532,1987.00000
2026-06-29 16:00:00+00:00,1.32536,1.32578,1.32527,1.32530,1713.00000
2026-06-29 16:15:00+00:00,1.32534,1.32572,1.32522,1.32526,1240.00000
2026-06-29 16:30:00+00:00,1.32527,1.32556,1.32515,1.32548,1264.00000
2026-06-29 16:45:00+00:00,1.32543,1.32588,1.32534,1.32545,1426.00000
2026-06-29 17:00:00+00:00,1.32544,1.32564,1.32535,1.32564,1180.00000
2026-06-29 17:15:00+00:00,1.32563,1.32568,1.32507,1.32525,1152.00000
2026-06-29 17:30:00+00:00,1.32524,1.32551,1.32519,1.32536,1084.00000
2026-06-29 17:45:00+00:00,1.32535,1.32579,1.32517,1.32573,1098.00000
2026-06-29 18:00:00+00:00,1.32575,1.32594,1.32564,1.32594,1126.00000
2026-06-29 18:15:00+00:00,1.32593,1.32599,1.32579,1.32599,792.00000
2026-06-29 18:30:00+00:00,1.32601,1.32604,1.32588,1.32598,758.00000
2026-06-29 18:45:00+00:00,1.32597,1.32603,1.32558,1.32577,1126.00000
2026-06-29 19:00:00+00:00,1.32576,1.32584,1.32547,1.32557,1154.00000
2026-06-29 19:15:00+00:00,1.32558,1.32599,1.32558,1.32597,838.00000
2026-06-29 19:30:00+00:00,1.32598,1.32616,1.32590,1.32612,826.00000
2026-06-29 19:45:00+00:00,1.32613,1.32624,1.32594,1.32608,1128.00000
2026-06-29 20:00:00+00:00,1.32607,1.32620,1.32595,1.32609,742.00000
2026-06-29 20:15:00+00:00,1.32608,1.32623,1.32608,1.32616,370.00000
2026-06-29 20:30:00+00:00,1.32617,1.32617,1.32583,1.32595,462.00000
2026-06-29 20:45:00+00:00,1.32596,1.32600,1.32582,1.32596,475.00000
2026-06-29 21:00:00+00:00,1.32483,1.32570,1.32447,1.32554,355.00000
2026-06-29 21:15:00+00:00,1.32546,1.32552,1.32528,1.32547,50.00000
2026-06-29 21:30:00+00:00,1.32548,1.32573,1.32535,1.32555,362.00000
2026-06-29 21:45:00+00:00,1.32556,1.32574,1.32549,1.32557,320.00000
2026-06-29 22:00:00+00:00,1.32560,1.32607,1.32538,1.32597,541.00000
2026-06-29 22:15:00+00:00,1.32596,1.32606,1.32594,1.32606,181.00000
2026-06-29 22:30:00+00:00,1.32605,1.32607,1.32593,1.32604,207.00000
2026-06-29 22:45:00+00:00,1.32605,1.32619,1.32597,1.32604,202.00000
2026-06-29 23:00:00+00:00,1.32604,1.32613,1.32593,1.32605,133.00000
2026-06-29 23:15:00+00:00,1.32605,1.32606,1.32589,1.32593,125.00000
2026-06-29 23:30:00+00:00,1.32592,1.32599,1.32564,1.32574,144.00000
2026-06-29 23:45:00+00:00,1.32573,1.32573,1.32528,1.32533,507.00000
2026-06-30 00:00:00+00:00,1.32528,1.32544,1.32506,1.32508,2153.00000
2026-06-30 00:15:00+00:00,1.32509,1.32515,1.32464,1.32475,1082.00000
2026-06-30 00:30:00+00:00,1.32474,1.32496,1.32450,1.32453,1248.00000
2026-06-30 00:45:00+00:00,1.32452,1.32468,1.32393,1.32451,2219.00000
2026-06-30 01:00:00+00:00,1.32454,1.32471,1.32348,1.32357,2314.00000
2026-06-30 01:15:00+00:00,1.32358,1.32454,1.32356,1.32452,2218.00000
2026-06-30 01:30:00+00:00,1.32453,1.32478,1.32386,1.32388,1963.00000
2026-06-30 01:45:00+00:00,1.32387,1.32396,1.32337,1.32359,1607.00000
2026-06-30 02:00:00+00:00,1.32361,1.32387,1.32356,1.32366,1508.00000
2026-06-30 02:15:00+00:00,1.32366,1.32383,1.32345,1.32363,1022.00000
2026-06-30 02:30:00+00:00,1.32361,1.32396,1.32354,1.32362,1094.00000
2026-06-30 02:45:00+00:00,1.32363,1.32373,1.32334,1.32369,1170.00000
2026-06-30 03:00:00+00:00,1.32371,1.32390,1.32348,1.32350,1091.00000
2026-06-30 03:15:00+00:00,1.32351,1.32362,1.32318,1.32337,1513.00000
2026-06-30 03:30:00+00:00,1.32340,1.32343,1.32314,1.32322,1169.00000
2026-06-30 03:45:00+00:00,1.32323,1.32341,1.32321,1.32334,674.00000
2026-06-30 04:00:00+00:00,1.32335,1.32346,1.32324,1.32336,780.00000
2026-06-30 04:15:00+00:00,1.32335,1.32341,1.32319,1.32331,878.00000
2026-06-30 04:30:00+00:00,1.32330,1.32361,1.32328,1.32349,642.00000
2026-06-30 04:45:00+00:00,1.32348,1.32359,1.32287,1.32287,1231.00000
2026-06-30 05:00:00+00:00,1.32286,1.32316,1.32273,1.32315,1606.00000
2026-06-30 05:15:00+00:00,1.32313,1.32327,1.32297,1.32302,857.00000
2026-06-30 05:30:00+00:00,1.32301,1.32321,1.32293,1.32316,921.00000
2026-06-30 05:45:00+00:00,1.32314,1.32325,1.32256,1.32265,1290.00000
2026-06-30 06:00:00+00:00,1.32254,1.32317,1.32226,1.32293,2046.00000
2026-06-30 06:15:00+00:00,1.32294,1.32396,1.32288,1.32379,1978.00000
2026-06-30 06:30:00+00:00,1.32378,1.32450,1.32350,1.32419,2252.00000
2026-06-30 06:45:00+00:00,1.32407,1.32439,1.32389,1.32418,1917.00000
2026-06-30 07:00:00+00:00,1.32421,1.32472,1.32384,1.32438,2200.00000
2026-06-30 07:15:00+00:00,1.32437,1.32463,1.32423,1.32439,1462.00000
2026-06-30 07:30:00+00:00,1.32440,1.32450,1.32406,1.32435,1744.00000
2026-06-30 07:45:00+00:00,1.32436,1.32438,1.32335,1.32344,1740.00000
2026-06-30 08:00:00+00:00,1.32339,1.32359,1.32262,1.32281,3252.00000
2026-06-30 08:15:00+00:00,1.32274,1.32316,1.32262,1.32307,2234.00000
2026-06-30 08:30:00+00:00,1.32305,1.32313,1.32220,1.32252,1890.00000
2026-06-30 08:45:00+00:00,1.32251,1.32318,1.32216,1.32304,1948.00000
2026-06-30 09:00:00+00:00,1.32303,1.32381,1.32291,1.32336,1988.00000
2026-06-30 09:15:00+00:00,1.32332,1.32377,1.32323,1.32356,1508.00000
2026-06-30 09:30:00+00:00,1.32357,1.32378,1.32313,1.32363,1586.00000
2026-06-30 09:45:00+00:00,1.32364,1.32378,1.32336,1.32361,1242.00000
2026-06-30 10:00:00+00:00,1.32362,1.32368,1.32316,1.32337,1280.00000
2026-06-30 10:15:00+00:00,1.32336,1.32368,1.32319,1.32352,1120.00000
2026-06-30 10:30:00+00:00,1.32353,1.32399,1.32313,1.32350,1420.00000
2026-06-30 10:45:00+00:00,1.32349,1.32374,1.32323,1.32361,1738.00000
2026-06-30 11:00:00+00:00,1.32360,1.32364,1.32283,1.32296,1884.00000
2026-06-30 11:15:00+00:00,1.32297,1.32299,1.32210,1.32254,1958.00000
2026-06-30 11:30:00+00:00,1.32255,1.32258,1.32149,1.32228,1918.00000
2026-06-30 11:45:00+00:00,1.32227,1.32275,1.32211,1.32267,1562.00000
2026-06-30 12:00:00+00:00,1.32268,1.32272,1.32205,1.32248,1688.00000
2026-06-30 12:15:00+00:00,1.32249,1.32256,1.32126,1.32157,1786.00000
2026-06-30 12:30:00+00:00,1.32156,1.32238,1.32124,1.32227,2318.00000
2026-06-30 12:45:00+00:00,1.32226,1.32233,1.32155,1.32156,2046.00000
2026-06-30 13:00:00+00:00,1.32155,1.32239,1.32136,1.32227,2020.00000
2026-06-30 13:15:00+00:00,1.32228,1.32318,1.32227,1.32289,2192.00000
2026-06-30 13:30:00+00:00,1.32291,1.32311,1.32205,1.32244,2172.00000
2026-06-30 13:45:00+00:00,1.32245,1.32247,1.32195,1.32218,2506.00000
2026-06-30 14:00:00+00:00,1.32218,1.32358,1.32145,1.32356,3657.00000
2026-06-30 14:15:00+00:00,1.32355,1.32460,1.32349,1.32424,3270.00000
2026-06-30 14:30:00+00:00,1.32425,1.32516,1.32386,1.32482,3042.00000
2026-06-30 14:45:00+00:00,1.32484,1.32757,1.32467,1.32727,5298.00000
2026-06-30 15:00:00+00:00,1.32726,1.32768,1.32661,1.32718,3978.00000
2026-06-30 15:15:00+00:00,1.32717,1.32728,1.32676,1.32678,2280.00000
2026-06-30 15:30:00+00:00,1.32677,1.32717,1.32616,1.32617,2160.00000
2026-06-30 15:45:00+00:00,1.32618,1.32647,1.32555,1.32571,1584.00000
2026-06-30 16:00:00+00:00,1.32570,1.32589,1.32522,1.32532,1672.00000
2026-06-30 16:15:00+00:00,1.32531,1.32532,1.32485,1.32528,1274.00000
2026-06-30 16:30:00+00:00,1.32529,1.32548,1.32493,1.32528,1118.00000
2026-06-30 16:45:00+00:00,1.32526,1.32560,1.32493,1.32510,988.00000
2026-06-30 17:00:00+00:00,1.32513,1.32560,1.32502,1.32502,1071.00000
2026-06-30 17:15:00+00:00,1.32503,1.32546,1.32502,1.32535,956.00000
2026-06-30 17:30:00+00:00,1.32536,1.32562,1.32530,1.32551,726.00000
2026-06-30 17:45:00+00:00,1.32550,1.32580,1.32546,1.32558,972.00000
2026-06-30 18:00:00+00:00,1.32557,1.32634,1.32556,1.32627,1172.00000
2026-06-30 18:15:00+00:00,1.32619,1.32631,1.32592,1.32618,906.00000
2026-06-30 18:30:00+00:00,1.32617,1.32625,1.32550,1.32552,1132.00000
2026-06-30 18:45:00+00:00,1.32553,1.32615,1.32538,1.32548,1370.00000
2026-06-30 19:00:00+00:00,1.32547,1.32565,1.32535,1.32547,1118.00000
2026-06-30 19:15:00+00:00,1.32548,1.32563,1.32516,1.32530,1010.00000
2026-06-30 19:30:00+00:00,1.32524,1.32577,1.32522,1.32559,1166.00000
2026-06-30 19:45:00+00:00,1.32558,1.32651,1.32535,1.32643,2224.00000
2026-06-30 20:00:00+00:00,1.32642,1.32657,1.32624,1.32649,1007.00000
2026-06-30 20:15:00+00:00,1.32650,1.32659,1.32629,1.32633,468.00000
2026-06-30 20:30:00+00:00,1.32631,1.32632,1.32589,1.32609,515.00000
2026-06-30 20:45:00+00:00,1.32606,1.32618,1.32595,1.32606,745.00000
2026-06-30 21:00:00+00:00,1.32559,1.32608,1.32480,1.32567,101.00000
2026-06-30 21:15:00+00:00,1.32569,1.32614,1.32519,1.32548,460.00000
2026-06-30 21:30:00+00:00,1.32555,1.32628,1.32523,1.32599,710.00000
2026-06-30 21:45:00+00:00,1.32621,1.32653,1.32562,1.32607,880.00000
2026-06-30 22:00:00+00:00,1.32605,1.32617,1.32573,1.32583,308.00000
2026-06-30 22:15:00+00:00,1.32584,1.32599,1.32583,1.32596,187.00000
2026-06-30 22:30:00+00:00,1.32598,1.32598,1.32593,1.32594,112.00000
2026-06-30 22:45:00+00:00,1.32594,1.32598,1.32565,1.32576,279.00000
2026-06-30 23:00:00+00:00,1.32576,1.32577,1.32564,1.32565,230.00000
2026-06-30 23:15:00+00:00,1.32566,1.32568,1.32538,1.32540,322.00000
2026-06-30 23:30:00+00:00,1.32539,1.32556,1.32525,1.32526,364.00000
2026-06-30 23:45:00+00:00,1.32527,1.32528,1.32489,1.32500,388.00000
2026-07-01 00:00:00+00:00,1.32502,1.32516,1.32490,1.32507,704.00000
2026-07-01 00:15:00+00:00,1.32506,1.32517,1.32469,1.32511,1257.00000
2026-07-01 00:30:00+00:00,1.32510,1.32511,1.32463,1.32463,1098.00000
2026-07-01 00:45:00+00:00,1.32464,1.32467,1.32441,1.32455,1361.00000
2026-07-01 01:00:00+00:00,1.32456,1.32460,1.32383,1.32396,1835.00000
2026-07-01 01:15:00+00:00,1.32397,1.32429,1.32386,1.32420,1755.00000
2026-07-01 01:30:00+00:00,1.32421,1.32425,1.32385,1.32397,1489.00000
2026-07-01 01:45:00+00:00,1.32396,1.32407,1.32349,1.32375,1540.00000
2026-07-01 02:00:00+00:00,1.32376,1.32383,1.32340,1.32376,1258.00000
2026-07-01 02:15:00+00:00,1.32377,1.32409,1.32375,1.32379,1060.00000
2026-07-01 02:30:00+00:00,1.32378,1.32399,1.32349,1.32391,996.00000
2026-07-01 02:45:00+00:00,1.32392,1.32404,1.32360,1.32363,1133.00000
2026-07-01 03:00:00+00:00,1.32364,1.32397,1.32346,1.32380,944.00000
2026-07-01 03:15:00+00:00,1.32378,1.32384,1.32350,1.32357,836.00000
2026-07-01 03:30:00+00:00,1.32358,1.32365,1.32320,1.32327,1210.00000
2026-07-01 03:45:00+00:00,1.32325,1.32354,1.32319,1.32352,646.00000
2026-07-01 04:00:00+00:00,1.32356,1.32356,1.32325,1.32337,973.00000
2026-07-01 04:15:00+00:00,1.32337,1.32348,1.32326,1.32347,837.00000
2026-07-01 04:30:00+00:00,1.32347,1.32411,1.32346,1.32397,1095.00000
2026-07-01 04:45:00+00:00,1.32398,1.32438,1.32397,1.32416,772.00000
2026-07-01 05:00:00+00:00,1.32413,1.32435,1.32405,1.32428,859.00000
2026-07-01 05:15:00+00:00,1.32427,1.32443,1.32418,1.32436,674.00000
2026-07-01 05:30:00+00:00,1.32438,1.32452,1.32409,1.32450,1011.00000
2026-07-01 05:45:00+00:00,1.32449,1.32451,1.32393,1.32416,1143.00000
2026-07-01 06:00:00+00:00,1.32417,1.32448,1.32385,1.32399,1793.00000
2026-07-01 06:15:00+00:00,1.32398,1.32430,1.32369,1.32382,1588.00000
2026-07-01 06:30:00+00:00,1.32381,1.32398,1.32354,1.32369,1560.00000
2026-07-01 06:45:00+00:00,1.32368,1.32448,1.32367,1.32431,1501.00000
2026-07-01 07:00:00+00:00,1.32430,1.32453,1.32348,1.32351,2076.00000
2026-07-01 07:15:00+00:00,1.32352,1.32356,1.32288,1.32298,1474.00000
2026-07-01 07:30:00+00:00,1.32299,1.32396,1.32295,1.32386,1851.00000
2026-07-01 07:45:00+00:00,1.32384,1.32459,1.32382,1.32445,1714.00000
2026-07-01 08:00:00+00:00,1.32446,1.32457,1.32391,1.32433,1776.00000
2026-07-01 08:15:00+00:00,1.32432,1.32507,1.32432,1.32507,1808.00000
2026-07-01 08:30:00+00:00,1.32510,1.32529,1.32449,1.32515,1806.00000
2026-07-01 08:45:00+00:00,1.32516,1.32517,1.32441,1.32466,1526.00000
2026-07-01 09:00:00+00:00,1.32462,1.32508,1.32430,1.32485,1856.00000
2026-07-01 09:15:00+00:00,1.32486,1.32567,1.32452,1.32559,1775.00000
2026-07-01 09:30:00+00:00,1.32558,1.32571,1.32506,1.32517,1745.00000
2026-07-01 09:45:00+00:00,1.32516,1.32543,1.32456,1.32467,1788.00000
2026-07-01 10:00:00+00:00,1.32466,1.32483,1.32449,1.32477,1490.00000
2026-07-01 10:15:00+00:00,1.32478,1.32533,1.32475,1.32513,1440.00000
2026-07-01 10:30:00+00:00,1.32508,1.32547,1.32501,1.32529,1248.00000
2026-07-01 10:45:00+00:00,1.32530,1.32566,1.32524,1.32526,1234.00000
2026-07-01 11:00:00+00:00,1.32525,1.32535,1.32415,1.32432,1827.00000
2026-07-01 11:15:00+00:00,1.32428,1.32454,1.32423,1.32451,1658.00000
2026-07-01 11:30:00+00:00,1.32450,1.32484,1.32435,1.32464,1898.00000
2026-07-01 11:45:00+00:00,1.32463,1.32487,1.32413,1.32423,1988.00000
2026-07-01 12:00:00+00:00,1.32424,1.32448,1.32387,1.32403,2283.00000
2026-07-01 12:15:00+00:00,1.32419,1.32484,1.32408,1.32408,2207.00000
2026-07-01 12:30:00+00:00,1.32409,1.32444,1.32344,1.32372,3162.00000
2026-07-01 12:45:00+00:00,1.32373,1.32432,1.32339,1.32369,2446.00000
2026-07-01 13:00:00+00:00,1.32367,1.32434,1.32190,1.32204,3736.00000
2026-07-01 13:15:00+00:00,1.32206,1.32542,1.32205,1.32509,5209.00000
2026-07-01 13:30:00+00:00,1.32510,1.32736,1.32474,1.32727,5532.00000
2026-07-01 13:45:00+00:00,1.32726,1.32808,1.32627,1.32636,4528.00000
2026-07-01 14:00:00+00:00,1.32647,1.32773,1.32628,1.32738,4490.00000
2026-07-01 14:15:00+00:00,1.32739,1.32797,1.32706,1.32719,4360.00000
2026-07-01 14:30:00+00:00,1.32718,1.32922,1.32712,1.32777,4059.00000
2026-07-01 14:45:00+00:00,1.32783,1.32838,1.32695,1.32778,4159.00000
2026-07-01 15:00:00+00:00,1.32779,1.32792,1.32682,1.32720,3774.00000
2026-07-01 15:15:00+00:00,1.32721,1.32791,1.32701,1.32789,2596.00000
2026-07-01 15:30:00+00:00,1.32788,1.32818,1.32666,1.32708,3274.00000
2026-07-01 15:45:00+00:00,1.32710,1.32785,1.32704,1.32777,2433.00000
2026-07-01 16:00:00+00:00,1.32778,1.32908,1.32776,1.32857,2996.00000
2026-07-01 16:15:00+00:00,1.32856,1.32920,1.32802,1.32886,2762.00000
2026-07-01 16:30:00+00:00,1.32885,1.32889,1.32819,1.32830,2168.00000
2026-07-01 16:45:00+00:00,1.32831,1.32871,1.32805,1.32813,2432.00000
2026-07-01 17:00:00+00:00,1.32814,1.32857,1.32791,1.32813,1950.00000
2026-07-01 17:15:00+00:00,1.32812,1.32832,1.32802,1.32815,1532.00000
2026-07-01 17:30:00+00:00,1.32818,1.32829,1.32777,1.32778,1274.00000
2026-07-01 17:45:00+00:00,1.32777,1.32809,1.32774,1.32778,1386.00000
2026-07-01 18:00:00+00:00,1.32779,1.32798,1.32736,1.32753,1258.00000
2026-07-01 18:15:00+00:00,1.32748,1.32748,1.32714,1.32737,1216.00000
2026-07-01 18:30:00+00:00,1.32739,1.32789,1.32733,1.32789,1424.00000
2026-07-01 18:45:00+00:00,1.32787,1.32793,1.32747,1.32782,1464.00000
2026-07-01 19:00:00+00:00,1.32783,1.32803,1.32778,1.32791,1238.00000
2026-07-01 19:15:00+00:00,1.32792,1.32824,1.32785,1.32813,1362.00000
2026-07-01 19:30:00+00:00,1.32814,1.32822,1.32797,1.32813,1280.00000
2026-07-01 19:45:00+00:00,1.32812,1.32814,1.32771,1.32782,1388.00000
2026-07-01 20:00:00+00:00,1.32776,1.32800,1.32775,1.32786,796.00000
2026-07-01 20:15:00+00:00,1.32786,1.32799,1.32775,1.32792,434.00000
2026-07-01 20:30:00+00:00,1.32792,1.32804,1.32688,1.32703,557.00000
2026-07-01 20:45:00+00:00,1.32704,1.32761,1.32702,1.32753,709.00000
2026-07-01 21:00:00+00:00,1.32753,1.32780,1.32673,1.32780,343.00000
2026-07-01 21:15:00+00:00,1.32776,1.32787,1.32726,1.32784,360.00000
2026-07-01 21:30:00+00:00,1.32783,1.32812,1.32757,1.32807,333.00000
2026-07-01 21:45:00+00:00,1.32805,1.32834,1.32710,1.32720,924.00000
2026-07-01 22:00:00+00:00,1.32727,1.32785,1.32713,1.32771,389.00000
2026-07-01 22:15:00+00:00,1.32771,1.32796,1.32768,1.32792,219.00000
2026-07-01 22:30:00+00:00,1.32795,1.32795,1.32784,1.32792,124.00000
2026-07-01 22:45:00+00:00,1.32793,1.32797,1.32791,1.32797,111.00000
2026-07-01 23:00:00+00:00,1.32797,1.32798,1.32783,1.32793,192.00000
2026-07-01 23:15:00+00:00,1.32794,1.32801,1.32783,1.32795,266.00000
2026-07-01 23:30:00+00:00,1.32796,1.32799,1.32786,1.32795,197.00000
2026-07-01 23:45:00+00:00,1.32795,1.32796,1.32771,1.32785,438.00000
2026-07-02 00:00:00+00:00,1.32786,1.32835,1.32767,1.32804,1855.00000
2026-07-02 00:15:00+00:00,1.32802,1.32804,1.32747,1.32754,1069.00000
2026-07-02 00:30:00+00:00,1.32755,1.32802,1.32747,1.32778,1146.00000
2026-07-02 00:45:00+00:00,1.32777,1.32800,1.32764,1.32781,1534.00000
2026-07-02 01:00:00+00:00,1.32778,1.32808,1.32771,1.32799,1496.00000
2026-07-02 01:15:00+00:00,1.32800,1.32816,1.32783,1.32804,1322.00000
2026-07-02 01:30:00+00:00,1.32803,1.32846,1.32792,1.32827,1238.00000
2026-07-02 01:45:00+00:00,1.32826,1.32909,1.32821,1.32845,1413.00000
2026-07-02 02:00:00+00:00,1.32844,1.32924,1.32840,1.32923,1314.00000
2026-07-02 02:15:00+00:00,1.32923,1.32949,1.32898,1.32905,1079.00000
2026-07-02 02:30:00+00:00,1.32904,1.32918,1.32883,1.32889,808.00000
2026-07-02 02:45:00+00:00,1.32888,1.32896,1.32846,1.32856,816.00000
2026-07-02 03:00:00+00:00,1.32855,1.32872,1.32812,1.32817,890.00000
2026-07-02 03:15:00+00:00,1.32818,1.32832,1.32800,1.32825,766.00000
2026-07-02 03:30:00+00:00,1.32826,1.32841,1.32824,1.32833,866.00000
2026-07-02 03:45:00+00:00,1.32834,1.32868,1.32818,1.32866,930.00000
2026-07-02 04:00:00+00:00,1.32869,1.32922,1.32866,1.32906,1337.00000
2026-07-02 04:15:00+00:00,1.32905,1.32905,1.32873,1.32876,893.00000
2026-07-02 04:30:00+00:00,1.32877,1.32877,1.32855,1.32861,911.00000
2026-07-02 04:45:00+00:00,1.32860,1.32897,1.32853,1.32893,704.00000
2026-07-02 05:00:00+00:00,1.32899,1.32913,1.32887,1.32891,890.00000
2026-07-02 05:15:00+00:00,1.32889,1.32913,1.32878,1.32895,852.00000
2026-07-02 05:30:00+00:00,1.32894,1.32899,1.32863,1.32893,1061.00000
2026-07-02 05:45:00+00:00,1.32894,1.32929,1.32881,1.32914,1041.00000
2026-07-02 06:00:00+00:00,1.32915,1.32997,1.32913,1.32954,2428.00000
2026-07-02 06:15:00+00:00,1.32953,1.32966,1.32920,1.32949,1696.00000
2026-07-02 06:30:00+00:00,1.32953,1.32984,1.32945,1.32981,1432.00000
2026-07-02 06:45:00+00:00,1.32982,1.33260,1.32973,1.33053,4133.00000
2026-07-02 07:00:00+00:00,1.33050,1.33075,1.32980,1.33057,3095.00000
2026-07-02 07:15:00+00:00,1.33055,1.33229,1.33045,1.33218,2708.00000
2026-07-02 07:30:00+00:00,1.33225,1.33383,1.33182,1.33331,3342.00000
2026-07-02 07:45:00+00:00,1.33332,1.33384,1.33294,1.33365,2998.00000
2026-07-02 08:00:00+00:00,1.33364,1.33544,1.33355,1.33527,4429.00000
2026-07-02 08:15:00+00:00,1.33525,1.33534,1.33429,1.33488,3224.00000
2026-07-02 08:30:00+00:00,1.33485,1.33602,1.33466,1.33567,3471.00000
2026-07-02 08:45:00+00:00,1.33566,1.33632,1.33530,1.33571,3174.00000
2026-07-02 09:00:00+00:00,1.33568,1.33586,1.33382,1.33456,2688.00000
2026-07-02 09:15:00+00:00,1.33457,1.33487,1.33404,1.33412,2266.00000
2026-07-02 09:30:00+00:00,1.33411,1.33477,1.33390,1.33454,2120.00000
2026-07-02 09:45:00+00:00,1.33453,1.33457,1.33390,1.33407,2538.00000
2026-07-02 10:00:00+00:00,1.33406,1.33449,1.33386,1.33388,1828.00000
2026-07-02 10:15:00+00:00,1.33390,1.33408,1.33298,1.33304,1729.00000
2026-07-02 10:30:00+00:00,1.33303,1.33311,1.33258,1.33288,1372.00000
2026-07-02 10:45:00+00:00,1.33287,1.33338,1.33265,1.33329,1644.00000
2026-07-02 11:00:00+00:00,1.33328,1.33332,1.33253,1.33291,1864.00000
2026-07-02 11:15:00+00:00,1.33292,1.33333,1.33280,1.33300,1566.00000
2026-07-02 11:30:00+00:00,1.33298,1.33316,1.33212,1.33215,1770.00000
2026-07-02 11:45:00+00:00,1.33216,1.33223,1.33083,1.33104,1760.00000
2026-07-02 12:00:00+00:00,1.33101,1.33133,1.33011,1.33033,2960.00000
2026-07-02 12:15:00+00:00,1.33035,1.33085,1.32971,1.33051,3044.00000
2026-07-02 12:30:00+00:00,1.33042,1.33831,1.33042,1.33796,8945.00000
2026-07-02 12:45:00+00:00,1.33797,1.33807,1.33609,1.33646,6926.00000
2026-07-02 13:00:00+00:00,1.33655,1.33710,1.33561,1.33615,6128.00000
2026-07-02 13:15:00+00:00,1.33616,1.33687,1.33527,1.33618,4728.00000
2026-07-02 13:30:00+00:00,1.33617,1.33775,1.33588,1.33753,6366.00000
2026-07-02 13:45:00+00:00,1.33755,1.33807,1.33727,1.33759,5053.00000
2026-07-02 14:00:00+00:00,1.33758,1.33834,1.33662,1.33807,4437.00000
2026-07-02 14:15:00+00:00,1.33806,1.33849,1.33701,1.33705,4574.00000
2026-07-02 14:30:00+00:00,1.33708,1.33732,1.33568,1.33609,4628.00000
2026-07-02 14:45:00+00:00,1.33613,1.33758,1.33587,1.33756,4386.00000
2026-07-02 15:00:00+00:00,1.33758,1.33787,1.33658,1.33711,4680.00000
2026-07-02 15:15:00+00:00,1.33712,1.33712,1.33638,1.33640,3876.00000
2026-07-02 15:30:00+00:00,1.33639,1.33749,1.33639,1.33644,3560.00000
2026-07-02 15:45:00+00:00,1.33645,1.33670,1.33604,1.33619,3244.00000
2026-07-02 16:00:00+00:00,1.33624,1.33624,1.33560,1.33594,3930.00000
2026-07-02 16:15:00+00:00,1.33597,1.33600,1.33520,1.33521,3226.00000
2026-07-02 16:30:00+00:00,1.33519,1.33555,1.33492,1.33543,2889.00000
2026-07-02 16:45:00+00:00,1.33542,1.33564,1.33526,1.33531,2334.00000
2026-07-02 17:00:00+00:00,1.33529,1.33539,1.33484,1.33487,2274.00000
2026-07-02 17:15:00+00:00,1.33488,1.33490,1.33424,1.33439,2098.00000
2026-07-02 17:30:00+00:00,1.33438,1.33462,1.33414,1.33420,2458.00000
2026-07-02 17:45:00+00:00,1.33419,1.33442,1.33381,1.33406,2361.00000
2026-07-02 18:00:00+00:00,1.33409,1.33503,1.33401,1.33460,2342.00000
2026-07-02 18:15:00+00:00,1.33461,1.33482,1.33421,1.33461,1904.00000
2026-07-02 18:30:00+00:00,1.33462,1.33515,1.33460,1.33489,1906.00000
2026-07-02 18:45:00+00:00,1.33487,1.33496,1.33465,1.33479,1602.00000
2026-07-02 19:00:00+00:00,1.33480,1.33497,1.33438,1.33478,1854.00000
2026-07-02 19:15:00+00:00,1.33477,1.33480,1.33435,1.33441,1540.00000
2026-07-02 19:30:00+00:00,1.33442,1.33464,1.33427,1.33450,1262.00000
2026-07-02 19:45:00+00:00,1.33449,1.33479,1.33420,1.33455,1400.00000
2026-07-02 20:00:00+00:00,1.33454,1.33478,1.33437,1.33469,579.00000
2026-07-02 20:15:00+00:00,1.33470,1.33508,1.33470,1.33504,400.00000
2026-07-02 20:30:00+00:00,1.33503,1.33503,1.33466,1.33467,377.00000
2026-07-02 20:45:00+00:00,1.33471,1.33499,1.33459,1.33472,722.00000
2026-07-02 21:00:00+00:00,1.33450,1.33511,1.33409,1.33476,141.00000
2026-07-02 21:15:00+00:00,1.33477,1.33509,1.33393,1.33423,416.00000
2026-07-02 21:30:00+00:00,1.33424,1.33446,1.33408,1.33442,333.00000
2026-07-02 21:45:00+00:00,1.33439,1.33501,1.33424,1.33486,447.00000
2026-07-02 22:00:00+00:00,1.33487,1.33497,1.33463,1.33487,496.00000
2026-07-02 22:15:00+00:00,1.33483,1.33490,1.33477,1.33486,155.00000
2026-07-02 22:30:00+00:00,1.33487,1.33488,1.33437,1.33442,314.00000
2026-07-02 22:45:00+00:00,1.33441,1.33448,1.33426,1.33444,362.00000
2026-07-02 23:00:00+00:00,1.33444,1.33455,1.33435,1.33440,380.00000
2026-07-02 23:15:00+00:00,1.33441,1.33471,1.33440,1.33467,336.00000
2026-07-02 23:30:00+00:00,1.33468,1.33468,1.33403,1.33450,548.00000
2026-07-02 23:45:00+00:00,1.33449,1.33452,1.33376,1.33381,790.00000
2026-07-03 00:00:00+00:00,1.33382,1.33403,1.33356,1.33366,2296.00000
2026-07-03 00:15:00+00:00,1.33365,1.33396,1.33345,1.33373,1437.00000
2026-07-03 00:30:00+00:00,1.33372,1.33379,1.33357,1.33367,1372.00000
2026-07-03 00:45:00+00:00,1.33368,1.33482,1.33366,1.33479,1765.00000
2026-07-03 01:00:00+00:00,1.33480,1.33537,1.33465,1.33532,2283.00000
2026-07-03 01:15:00+00:00,1.33531,1.33638,1.33531,1.33576,2020.00000
2026-07-03 01:30:00+00:00,1.33575,1.33618,1.33556,1.33598,1883.00000
2026-07-03 01:45:00+00:00,1.33596,1.33597,1.33546,1.33561,1458.00000
2026-07-03 02:00:00+00:00,1.33560,1.33627,1.33545,1.33616,1322.00000
2026-07-03 02:15:00+00:00,1.33617,1.33663,1.33613,1.33652,1009.00000
2026-07-03 02:30:00+00:00,1.33653,1.33659,1.33622,1.33641,1221.00000
2026-07-03 02:45:00+00:00,1.33642,1.33651,1.33602,1.33613,1147.00000
2026-07-03 03:00:00+00:00,1.33612,1.33614,1.33576,1.33596,985.00000
2026-07-03 03:15:00+00:00,1.33595,1.33599,1.33571,1.33592,806.00000
2026-07-03 03:30:00+00:00,1.33593,1.33602,1.33577,1.33587,980.00000
2026-07-03 03:45:00+00:00,1.33586,1.33622,1.33581,1.33613,852.00000
2026-07-03 04:00:00+00:00,1.33614,1.33622,1.33584,1.33620,680.00000
2026-07-03 04:15:00+00:00,1.33618,1.33638,1.33616,1.33628,852.00000
2026-07-03 04:30:00+00:00,1.33627,1.33651,1.33622,1.33641,658.00000
2026-07-03 04:45:00+00:00,1.33642,1.33657,1.33635,1.33651,797.00000
2026-07-03 05:00:00+00:00,1.33650,1.33760,1.33646,1.33745,1767.00000
2026-07-03 05:15:00+00:00,1.33746,1.33775,1.33710,1.33726,937.00000
2026-07-03 05:30:00+00:00,1.33724,1.33742,1.33689,1.33697,1026.00000
2026-07-03 05:45:00+00:00,1.33702,1.33702,1.33642,1.33655,1024.00000
2026-07-03 06:00:00+00:00,1.33656,1.33715,1.33646,1.33685,1580.00000
2026-07-03 06:15:00+00:00,1.33686,1.33753,1.33658,1.33701,1694.00000
2026-07-03 06:30:00+00:00,1.33700,1.33813,1.33685,1.33771,2900.00000
2026-07-03 06:45:00+00:00,1.33772,1.33779,1.33672,1.33680,1586.00000
2026-07-03 07:00:00+00:00,1.33679,1.33684,1.33627,1.33665,1817.00000
2026-07-03 07:15:00+00:00,1.33664,1.33734,1.33633,1.33713,1450.00000
2026-07-03 07:30:00+00:00,1.33710,1.33722,1.33625,1.33674,1666.00000
2026-07-03 07:45:00+00:00,1.33675,1.33765,1.33653,1.33720,1784.00000
2026-07-03 08:00:00+00:00,1.33722,1.33738,1.33673,1.33688,1738.00000
2026-07-03 08:15:00+00:00,1.33687,1.33693,1.33625,1.33664,1302.00000
2026-07-03 08:30:00+00:00,1.33666,1.33666,1.33588,1.33628,1480.00000
2026-07-03 08:45:00+00:00,1.33630,1.33631,1.33572,1.33604,1174.00000
2026-07-03 09:00:00+00:00,1.33601,1.33612,1.33556,1.33582,1178.00000
2026-07-03 09:15:00+00:00,1.33581,1.33619,1.33572,1.33577,1240.00000
2026-07-03 09:30:00+00:00,1.33579,1.33620,1.33574,1.33596,1016.00000
2026-07-03 09:45:00+00:00,1.33593,1.33593,1.33499,1.33509,1594.00000
2026-07-03 10:00:00+00:00,1.33507,1.33569,1.33491,1.33551,1288.00000
2026-07-03 10:15:00+00:00,1.33553,1.33565,1.33517,1.33539,968.00000
2026-07-03 10:30:00+00:00,1.33538,1.33571,1.33533,1.33554,786.00000
2026-07-03 10:45:00+00:00,1.33552,1.33609,1.33552,1.33556,824.00000
2026-07-03 11:00:00+00:00,1.33555,1.33639,1.33543,1.33634,1412.00000
2026-07-03 11:15:00+00:00,1.33636,1.33638,1.33584,1.33598,1364.00000
2026-07-03 11:30:00+00:00,1.33599,1.33609,1.33553,1.33557,1202.00000
2026-07-03 11:45:00+00:00,1.33556,1.33584,1.33536,1.33583,1402.00000
2026-07-03 12:00:00+00:00,1.33582,1.33599,1.33542,1.33596,1480.00000
2026-07-03 12:15:00+00:00,1.33598,1.33598,1.33554,1.33580,1288.00000
2026-07-03 12:30:00+00:00,1.33579,1.33618,1.33565,1.33578,1492.00000
2026-07-03 12:45:00+00:00,1.33575,1.33589,1.33550,1.33558,1322.00000
2026-07-03 13:00:00+00:00,1.33557,1.33561,1.33478,1.33512,1450.00000
2026-07-03 13:15:00+00:00,1.33508,1.33545,1.33488,1.33536,996.00000
2026-07-03 13:30:00+00:00,1.33537,1.33537,1.33494,1.33526,1268.00000
2026-07-03 13:45:00+00:00,1.33527,1.33531,1.33460,1.33495,1258.00000
2026-07-03 14:00:00+00:00,1.33496,1.33523,1.33470,1.33497,1294.00000
2026-07-03 14:15:00+00:00,1.33498,1.33555,1.33489,1.33546,1318.00000
2026-07-03 14:30:00+00:00,1.33547,1.33560,1.33514,1.33514,1046.00000
2026-07-03 14:45:00+00:00,1.33513,1.33587,1.33513,1.33565,1351.00000
2026-07-03 15:00:00+00:00,1.33564,1.33572,1.33523,1.33536,1269.00000
2026-07-03 15:15:00+00:00,1.33535,1.33567,1.33507,1.33538,756.00000
2026-07-03 15:30:00+00:00,1.33541,1.33558,1.33523,1.33524,728.00000
2026-07-03 15:45:00+00:00,1.33525,1.33560,1.33506,1.33554,754.00000
2026-07-03 16:00:00+00:00,1.33555,1.33563,1.33525,1.33554,690.00000
2026-07-03 16:15:00+00:00,1.33553,1.33563,1.33535,1.33535,586.00000
2026-07-03 16:30:00+00:00,1.33534,1.33537,1.33512,1.33523,361.00000
2026-07-03 16:45:00+00:00,1.33524,1.33553,1.33523,1.33549,358.00000
2026-07-03 17:00:00+00:00,1.33548,1.33585,1.33546,1.33565,1228.00000
2026-07-03 17:15:00+00:00,1.33566,1.33575,1.33565,1.33568,1721.00000
2026-07-03 17:30:00+00:00,1.33567,1.33569,1.33545,1.33550,1344.00000
2026-07-03 17:45:00+00:00,1.33549,1.33565,1.33549,1.33565,1165.00000
2026-07-03 18:00:00+00:00,1.33566,1.33577,1.33564,1.33567,1388.00000
2026-07-03 18:15:00+00:00,1.33568,1.33575,1.33561,1.33563,466.00000
2026-07-03 18:30:00+00:00,1.33562,1.33567,1.33556,1.33564,832.00000
2026-07-03 18:45:00+00:00,1.33563,1.33572,1.33557,1.33560,1332.00000
2026-07-03 19:00:00+00:00,1.33558,1.33575,1.33553,1.33554,1872.00000
2026-07-03 19:15:00+00:00,1.33553,1.33554,1.33540,1.33553,1636.00000
2026-07-03 19:30:00+00:00,1.33551,1.33556,1.33543,1.33550,800.00000
2026-07-03 19:45:00+00:00,1.33549,1.33555,1.33522,1.33530,2698.00000
2026-07-03 20:00:00+00:00,1.33529,1.33542,1.33461,1.33469,4252.00000
2026-07-03 20:15:00+00:00,1.33470,1.33525,1.33468,1.33495,2508.00000
2026-07-03 20:30:00+00:00,1.33496,1.33514,1.33471,1.33480,1799.00000
2026-07-03 20:45:00+00:00,1.33482,1.33499,1.33468,1.33499,648.00000
2026-07-05 21:00:00+00:00,1.33509,1.33590,1.33473,1.33537,48.00000
2026-07-05 21:15:00+00:00,1.33503,1.33545,1.33434,1.33534,153.00000
2026-07-05 21:30:00+00:00,1.33538,1.33538,1.33446,1.33520,780.00000
2026-07-05 21:45:00+00:00,1.33483,1.33608,1.33471,1.33509,985.00000
2026-07-05 22:00:00+00:00,1.33518,1.33544,1.33465,1.33529,734.00000
2026-07-05 22:15:00+00:00,1.33530,1.33532,1.33516,1.33519,284.00000
2026-07-05 22:30:00+00:00,1.33510,1.33520,1.33497,1.33499,342.00000
2026-07-05 22:45:00+00:00,1.33499,1.33501,1.33477,1.33485,139.00000
2026-07-05 23:00:00+00:00,1.33486,1.33501,1.33464,1.33473,415.00000
2026-07-05 23:15:00+00:00,1.33474,1.33503,1.33458,1.33500,289.00000
2026-07-05 23:30:00+00:00,1.33499,1.33531,1.33493,1.33525,391.00000
2026-07-05 23:45:00+00:00,1.33523,1.33537,1.33503,1.33525,828.00000
2026-07-06 00:00:00+00:00,1.33521,1.33529,1.33464,1.33506,1702.00000
2026-07-06 00:15:00+00:00,1.33507,1.33566,1.33489,1.33532,2115.00000
2026-07-06 00:30:00+00:00,1.33530,1.33559,1.33514,1.33540,1917.00000
2026-07-06 00:45:00+00:00,1.33539,1.33547,1.33507,1.33529,1493.00000
2026-07-06 01:00:00+00:00,1.33530,1.33541,1.33496,1.33524,1345.00000
2026-07-06 01:15:00+00:00,1.33523,1.33523,1.33420,1.33441,1558.00000
2026-07-06 01:30:00+00:00,1.33443,1.33475,1.33415,1.33468,1376.00000
2026-07-06 01:45:00+00:00,1.33467,1.33468,1.33393,1.33398,1508.00000
2026-07-06 02:00:00+00:00,1.33397,1.33432,1.33392,1.33412,1425.00000
2026-07-06 02:15:00+00:00,1.33411,1.33421,1.33399,1.33408,1020.00000
2026-07-06 02:30:00+00:00,1.33411,1.33418,1.33401,1.33409,988.00000
2026-07-06 02:45:00+00:00,1.33410,1.33473,1.33410,1.33462,1162.00000
2026-07-06 03:00:00+00:00,1.33463,1.33483,1.33447,1.33447,884.00000
2026-07-06 03:15:00+00:00,1.33448,1.33454,1.33403,1.33408,943.00000
2026-07-06 03:30:00+00:00,1.33405,1.33426,1.33397,1.33426,1084.00000
2026-07-06 03:45:00+00:00,1.33425,1.33432,1.33396,1.33423,830.00000
2026-07-06 04:00:00+00:00,1.33422,1.33452,1.33412,1.33445,829.00000
2026-07-06 04:15:00+00:00,1.33444,1.33453,1.33426,1.33433,532.00000
2026-07-06 04:30:00+00:00,1.33432,1.33448,1.33426,1.33437,720.00000
2026-07-06 04:45:00+00:00,1.33438,1.33438,1.33414,1.33430,681.00000
2026-07-06 05:00:00+00:00,1.33431,1.33435,1.33379,1.33391,944.00000
2026-07-06 05:15:00+00:00,1.33392,1.33397,1.33374,1.33392,990.00000
2026-07-06 05:30:00+00:00,1.33391,1.33443,1.33383,1.33410,1091.00000
2026-07-06 05:45:00+00:00,1.33411,1.33429,1.33344,1.33361,1370.00000
2026-07-06 06:00:00+00:00,1.33360,1.33408,1.33359,1.33372,1790.00000
2026-07-06 06:15:00+00:00,1.33373,1.33374,1.33303,1.33345,1814.00000
2026-07-06 06:30:00+00:00,1.33344,1.33385,1.33331,1.33358,1825.00000
2026-07-06 06:45:00+00:00,1.33360,1.33376,1.33316,1.33343,1851.00000
2026-07-06 07:00:00+00:00,1.33342,1.33407,1.33287,1.33407,2360.00000
2026-07-06 07:15:00+00:00,1.33406,1.33429,1.33370,1.33375,2060.00000
2026-07-06 07:30:00+00:00,1.33374,1.33468,1.33373,1.33454,2014.00000
2026-07-06 07:45:00+00:00,1.33453,1.33497,1.33430,1.33488,1534.00000
2026-07-06 08:00:00+00:00,1.33489,1.33503,1.33369,1.33395,1704.00000
2026-07-06 08:15:00+00:00,1.33396,1.33434,1.33366,1.33397,1628.00000
2026-07-06 08:30:00+00:00,1.33396,1.33401,1.33324,1.33342,1334.00000
2026-07-06 08:45:00+00:00,1.33341,1.33383,1.33309,1.33377,1504.00000
2026-07-06 09:00:00+00:00,1.33376,1.33383,1.33313,1.33334,1722.00000
2026-07-06 09:15:00+00:00,1.33333,1.33393,1.33322,1.33385,1360.00000
2026-07-06 09:30:00+00:00,1.33380,1.33413,1.33379,1.33386,1386.00000
2026-07-06 09:45:00+00:00,1.33383,1.33386,1.33315,1.33352,1466.00000
2026-07-06 10:00:00+00:00,1.33351,1.33420,1.33322,1.33416,1654.00000
2026-07-06 10:15:00+00:00,1.33415,1.33472,1.33399,1.33401,1422.00000
2026-07-06 10:30:00+00:00,1.33400,1.33452,1.33390,1.33420,1264.00000
2026-07-06 10:45:00+00:00,1.33419,1.33419,1.33382,1.33408,1358.00000
2026-07-06 11:00:00+00:00,1.33409,1.33412,1.33362,1.33401,1450.00000
2026-07-06 11:15:00+00:00,1.33402,1.33438,1.33373,1.33436,1080.00000
2026-07-06 11:30:00+00:00,1.33444,1.33457,1.33412,1.33424,1480.00000
2026-07-06 11:45:00+00:00,1.33423,1.33458,1.33403,1.33444,1999.00000
2026-07-06 12:00:00+00:00,1.33445,1.33517,1.33445,1.33483,2192.00000
2026-07-06 12:15:00+00:00,1.33484,1.33512,1.33453,1.33490,1808.00000
2026-07-06 12:30:00+00:00,1.33489,1.33498,1.33401,1.33405,1438.00000
2026-07-06 12:45:00+00:00,1.33406,1.33456,1.33374,1.33423,1994.00000
2026-07-06 13:00:00+00:00,1.33422,1.33533,1.33412,1.33495,2122.00000
2026-07-06 13:15:00+00:00,1.33496,1.33553,1.33493,1.33542,1670.00000
2026-07-06 13:30:00+00:00,1.33543,1.33564,1.33476,1.33493,2410.00000
2026-07-06 13:45:00+00:00,1.33494,1.33510,1.33423,1.33458,2602.00000
2026-07-06 14:00:00+00:00,1.33454,1.33594,1.33434,1.33585,2591.00000
2026-07-06 14:15:00+00:00,1.33587,1.33591,1.33542,1.33553,2232.00000
2026-07-06 14:30:00+00:00,1.33555,1.33567,1.33472,1.33474,2114.00000
2026-07-06 14:45:00+00:00,1.33475,1.33576,1.33472,1.33561,2110.00000
2026-07-06 15:00:00+00:00,1.33562,1.33610,1.33543,1.33566,2318.00000
2026-07-06 15:15:00+00:00,1.33567,1.33572,1.33518,1.33553,1776.00000
2026-07-06 15:30:00+00:00,1.33552,1.33641,1.33552,1.33629,1618.00000
2026-07-06 15:45:00+00:00,1.33630,1.33682,1.33626,1.33676,1753.00000
2026-07-06 16:00:00+00:00,1.33678,1.33697,1.33658,1.33661,1436.00000
2026-07-06 16:15:00+00:00,1.33660,1.33745,1.33652,1.33743,1418.00000
2026-07-06 16:30:00+00:00,1.33738,1.33741,1.33708,1.33720,1408.00000
2026-07-06 16:45:00+00:00,1.33721,1.33767,1.33712,1.33757,1218.00000
2026-07-06 17:00:00+00:00,1.33755,1.33780,1.33750,1.33780,1373.00000
2026-07-06 17:15:00+00:00,1.33781,1.33810,1.33767,1.33792,1081.00000
2026-07-06 17:30:00+00:00,1.33791,1.33840,1.33783,1.33831,1004.00000
2026-07-06 17:45:00+00:00,1.33828,1.33841,1.33814,1.33820,1036.00000
2026-07-06 18:00:00+00:00,1.33819,1.33829,1.33809,1.33822,934.00000
2026-07-06 18:15:00+00:00,1.33823,1.33869,1.33822,1.33868,626.00000
2026-07-06 18:30:00+00:00,1.33867,1.33923,1.33851,1.33913,1352.00000
2026-07-06 18:45:00+00:00,1.33914,1.33970,1.33910,1.33944,1042.00000
2026-07-06 19:00:00+00:00,1.33943,1.33973,1.33922,1.33934,1084.00000
2026-07-06 19:15:00+00:00,1.33930,1.33935,1.33894,1.33901,885.00000
2026-07-06 19:30:00+00:00,1.33902,1.33923,1.33901,1.33912,820.00000
2026-07-06 19:45:00+00:00,1.33914,1.33935,1.33898,1.33920,958.00000
2026-07-06 20:00:00+00:00,1.33919,1.33930,1.33900,1.33901,545.00000
2026-07-06 20:15:00+00:00,1.33901,1.33916,1.33884,1.33913,499.00000
2026-07-06 20:30:00+00:00,1.33912,1.33914,1.33885,1.33893,270.00000
2026-07-06 20:45:00+00:00,1.33892,1.33899,1.33886,1.33894,392.00000
2026-07-06 21:00:00+00:00,1.33899,1.33903,1.33810,1.33895,77.00000
2026-07-06 21:15:00+00:00,1.33886,1.33941,1.33823,1.33877,244.00000
2026-07-06 21:30:00+00:00,1.33876,1.33913,1.33823,1.33913,989.00000
2026-07-06 21:45:00+00:00,1.33910,1.33929,1.33846,1.33889,1268.00000
2026-07-06 22:00:00+00:00,1.33906,1.33931,1.33842,1.33923,336.00000
2026-07-06 22:15:00+00:00,1.33922,1.33925,1.33920,1.33921,77.00000
2026-07-06 22:30:00+00:00,1.33922,1.33959,1.33921,1.33947,199.00000
2026-07-06 22:45:00+00:00,1.33946,1.33965,1.33946,1.33965,126.00000
2026-07-06 23:00:00+00:00,1.33964,1.34014,1.33964,1.33985,304.00000
2026-07-06 23:15:00+00:00,1.33986,1.34006,1.33984,1.33984,239.00000
2026-07-06 23:30:00+00:00,1.33985,1.33993,1.33970,1.33981,185.00000
2026-07-06 23:45:00+00:00,1.33981,1.33983,1.33937,1.33941,498.00000
2026-07-07 00:00:00+00:00,1.33937,1.33956,1.33931,1.33941,1345.00000
2026-07-07 00:15:00+00:00,1.33942,1.33942,1.33910,1.33914,1022.00000
2026-07-07 00:30:00+00:00,1.33913,1.33931,1.33885,1.33903,909.00000
2026-07-07 00:45:00+00:00,1.33902,1.33923,1.33880,1.33882,1453.00000
2026-07-07 01:00:00+00:00,1.33881,1.33915,1.33880,1.33898,1454.00000
2026-07-07 01:15:00+00:00,1.33901,1.33926,1.33884,1.33926,970.00000
2026-07-07 01:30:00+00:00,1.33928,1.33997,1.33910,1.33914,2116.00000
2026-07-07 01:45:00+00:00,1.33915,1.34018,1.33914,1.33968,1579.00000
2026-07-07 02:00:00+00:00,1.33970,1.33997,1.33962,1.33973,1246.00000
2026-07-07 02:15:00+00:00,1.33974,1.33976,1.33933,1.33933,868.00000
2026-07-07 02:30:00+00:00,1.33932,1.33956,1.33920,1.33925,696.00000
2026-07-07 02:45:00+00:00,1.33924,1.33928,1.33911,1.33912,732.00000
2026-07-07 03:00:00+00:00,1.33913,1.33946,1.33913,1.33935,812.00000
2026-07-07 03:15:00+00:00,1.33936,1.33969,1.33931,1.33934,998.00000
2026-07-07 03:30:00+00:00,1.33932,1.33944,1.33905,1.33917,834.00000
2026-07-07 03:45:00+00:00,1.33916,1.33923,1.33893,1.33900,816.00000
2026-07-07 04:00:00+00:00,1.33901,1.33923,1.33892,1.33913,656.00000
2026-07-07 04:15:00+00:00,1.33914,1.33933,1.33896,1.33903,498.00000
2026-07-07 04:30:00+00:00,1.33904,1.33931,1.33900,1.33916,618.00000
2026-07-07 04:45:00+00:00,1.33914,1.33930,1.33888,1.33890,684.00000
2026-07-07 05:00:00+00:00,1.33892,1.33901,1.33841,1.33849,1096.00000
2026-07-07 05:15:00+00:00,1.33846,1.33854,1.33796,1.33816,1317.00000
2026-07-07 05:30:00+00:00,1.33814,1.33853,1.33801,1.33805,1302.00000
2026-07-07 05:45:00+00:00,1.33804,1.33851,1.33795,1.33846,1083.00000
2026-07-07 06:00:00+00:00,1.33850,1.33868,1.33751,1.33771,1726.00000
2026-07-07 06:15:00+00:00,1.33772,1.33811,1.33770,1.33784,1578.00000
2026-07-07 06:30:00+00:00,1.33786,1.33835,1.33783,1.33817,1130.00000
2026-07-07 06:45:00+00:00,1.33816,1.33834,1.33781,1.33805,1070.00000
2026-07-07 07:00:00+00:00,1.33807,1.33807,1.33751,1.33788,1520.00000
2026-07-07 07:15:00+00:00,1.33790,1.33858,1.33780,1.33795,1642.00000
2026-07-07 07:30:00+00:00,1.33794,1.33851,1.33791,1.33815,1560.00000
2026-07-07 07:45:00+00:00,1.33816,1.33835,1.33774,1.33775,1430.00000
2026-07-07 08:00:00+00:00,1.33774,1.33868,1.33771,1.33853,1932.00000
2026-07-07 08:15:00+00:00,1.33854,1.33910,1.33825,1.33896,1802.00000
2026-07-07 08:30:00+00:00,1.33898,1.33929,1.33869,1.33874,1640.00000
2026-07-07 08:45:00+00:00,1.33873,1.33939,1.33864,1.33916,1780.00000
2026-07-07 09:00:00+00:00,1.33914,1.33925,1.33887,1.33892,1826.00000
2026-07-07 09:15:00+00:00,1.33894,1.33911,1.33861,1.33880,956.00000
2026-07-07 09:30:00+00:00,1.33881,1.33895,1.33859,1.33871,1196.00000
2026-07-07 09:45:00+00:00,1.33870,1.33876,1.33802,1.33802,1067.00000
2026-07-07 10:00:00+00:00,1.33803,1.33803,1.33694,1.33793,1659.00000
2026-07-07 10:15:00+00:00,1.33795,1.33834,1.33784,1.33824,986.00000
2026-07-07 10:30:00+00:00,1.33822,1.33848,1.33809,1.33829,1064.00000
2026-07-07 10:45:00+00:00,1.33830,1.33864,1.33823,1.33850,1036.00000
2026-07-07 11:00:00+00:00,1.33851,1.33892,1.33825,1.33864,1526.00000
2026-07-07 11:15:00+00:00,1.33865,1.33942,1.33858,1.33888,1729.00000
2026-07-07 11:30:00+00:00,1.33887,1.33897,1.33863,1.33866,1362.00000
2026-07-07 11:45:00+00:00,1.33874,1.33903,1.33829,1.33883,1980.00000
2026-07-07 12:00:00+00:00,1.33882,1.33909,1.33827,1.33880,2168.00000
2026-07-07 12:15:00+00:00,1.33879,1.33904,1.33820,1.33889,2122.00000
2026-07-07 12:30:00+00:00,1.33890,1.33926,1.33812,1.33818,1892.00000
2026-07-07 12:45:00+00:00,1.33816,1.33854,1.33810,1.33853,1451.00000
2026-07-07 13:00:00+00:00,1.33854,1.33863,1.33771,1.33806,1671.00000
2026-07-07 13:15:00+00:00,1.33807,1.33863,1.33753,1.33783,2038.00000
2026-07-07 13:30:00+00:00,1.33780,1.33867,1.33778,1.33827,2730.00000
2026-07-07 13:45:00+00:00,1.33828,1.33837,1.33694,1.33706,2714.00000
2026-07-07 14:00:00+00:00,1.33711,1.33745,1.33609,1.33657,3422.00000
2026-07-07 14:15:00+00:00,1.33656,1.33718,1.33642,1.33716,2389.00000
2026-07-07 14:30:00+00:00,1.33723,1.33780,1.33704,1.33777,2131.00000
2026-07-07 14:45:00+00:00,1.33778,1.33857,1.33725,1.33792,2569.00000
2026-07-07 15:00:00+00:00,1.33790,1.33807,1.33734,1.33747,2099.00000
2026-07-07 15:15:00+00:00,1.33748,1.33777,1.33703,1.33776,2191.00000
2026-07-07 15:30:00+00:00,1.33779,1.33784,1.33734,1.33734,2092.00000
2026-07-07 15:45:00+00:00,1.33735,1.33758,1.33698,1.33707,1545.00000
2026-07-07 16:00:00+00:00,1.33708,1.33752,1.33705,1.33711,1687.00000
2026-07-07 16:15:00+00:00,1.33710,1.33716,1.33667,1.33669,1171.00000
2026-07-07 16:30:00+00:00,1.33668,1.33686,1.33651,1.33677,1226.00000
2026-07-07 16:45:00+00:00,1.33678,1.33716,1.33675,1.33712,988.00000
2026-07-07 17:00:00+00:00,1.33713,1.33737,1.33694,1.33701,1208.00000
2026-07-07 17:15:00+00:00,1.33702,1.33723,1.33682,1.33713,1080.00000
2026-07-07 17:30:00+00:00,1.33712,1.33733,1.33712,1.33733,710.00000
2026-07-07 17:45:00+00:00,1.33731,1.33759,1.33716,1.33743,820.00000
2026-07-07 18:00:00+00:00,1.33745,1.33747,1.33712,1.33731,1216.00000
2026-07-07 18:15:00+00:00,1.33730,1.33764,1.33717,1.33735,830.00000
2026-07-07 18:30:00+00:00,1.33734,1.33745,1.33708,1.33726,1226.00000
2026-07-07 18:45:00+00:00,1.33731,1.33734,1.33603,1.33635,2976.00000
2026-07-07 19:00:00+00:00,1.33638,1.33646,1.33523,1.33524,2256.00000
2026-07-07 19:15:00+00:00,1.33523,1.33567,1.33489,1.33555,2490.00000
2026-07-07 19:30:00+00:00,1.33556,1.33614,1.33556,1.33595,1697.00000
2026-07-07 19:45:00+00:00,1.33596,1.33629,1.33588,1.33614,1733.00000
2026-07-07 20:00:00+00:00,1.33612,1.33624,1.33592,1.33593,622.00000
2026-07-07 20:15:00+00:00,1.33592,1.33602,1.33566,1.33593,670.00000
2026-07-07 20:30:00+00:00,1.33592,1.33594,1.33556,1.33572,530.00000
2026-07-07 20:45:00+00:00,1.33569,1.33595,1.33559,1.33589,524.00000
2026-07-07 21:00:00+00:00,1.33522,1.33566,1.33445,1.33556,520.00000
2026-07-07 21:15:00+00:00,1.33557,1.33592,1.33514,1.33592,585.00000
2026-07-07 21:30:00+00:00,1.33588,1.33600,1.33549,1.33598,472.00000
2026-07-07 21:45:00+00:00,1.33599,1.33599,1.33503,1.33548,569.00000
2026-07-07 22:00:00+00:00,1.33538,1.33551,1.33494,1.33514,433.00000
2026-07-07 22:15:00+00:00,1.33514,1.33524,1.33506,1.33507,199.00000
2026-07-07 22:30:00+00:00,1.33505,1.33509,1.33490,1.33502,143.00000
2026-07-07 22:45:00+00:00,1.33502,1.33527,1.33502,1.33526,170.00000
2026-07-07 23:00:00+00:00,1.33525,1.33545,1.33502,1.33504,393.00000
2026-07-07 23:15:00+00:00,1.33503,1.33536,1.33503,1.33523,257.00000
2026-07-07 23:30:00+00:00,1.33523,1.33534,1.33513,1.33515,320.00000
2026-07-07 23:45:00+00:00,1.33515,1.33517,1.33451,1.33465,764.00000
2026-07-08 00:00:00+00:00,1.33466,1.33495,1.33430,1.33485,2044.00000
2026-07-08 00:15:00+00:00,1.33486,1.33504,1.33451,1.33487,1500.00000
2026-07-08 00:30:00+00:00,1.33488,1.33539,1.33484,1.33523,1316.00000
2026-07-08 00:45:00+00:00,1.33524,1.33553,1.33516,1.33526,1613.00000
2026-07-08 01:00:00+00:00,1.33527,1.33547,1.33503,1.33532,1873.00000
2026-07-08 01:15:00+00:00,1.33540,1.33540,1.33493,1.33495,1692.00000
2026-07-08 01:30:00+00:00,1.33496,1.33497,1.33422,1.33438,1764.00000
2026-07-08 01:45:00+00:00,1.33439,1.33512,1.33438,1.33493,1994.00000
2026-07-08 02:00:00+00:00,1.33495,1.33522,1.33479,1.33500,1865.00000
2026-07-08 02:15:00+00:00,1.33499,1.33549,1.33498,1.33534,1735.00000
2026-07-08 02:30:00+00:00,1.33533,1.33548,1.33514,1.33534,1579.00000
2026-07-08 02:45:00+00:00,1.33536,1.33541,1.33521,1.33527,923.00000
2026-07-08 03:00:00+00:00,1.33529,1.33584,1.33529,1.33581,1326.00000
2026-07-08 03:15:00+00:00,1.33579,1.33592,1.33565,1.33570,1081.00000
2026-07-08 03:30:00+00:00,1.33569,1.33573,1.33546,1.33564,1143.00000
2026-07-08 03:45:00+00:00,1.33563,1.33565,1.33540,1.33548,624.00000
2026-07-08 04:00:00+00:00,1.33546,1.33548,1.33512,1.33524,802.00000
2026-07-08 04:15:00+00:00,1.33525,1.33534,1.33507,1.33520,1020.00000
2026-07-08 04:30:00+00:00,1.33521,1.33547,1.33520,1.33532,1082.00000
2026-07-08 04:45:00+00:00,1.33531,1.33545,1.33522,1.33535,1080.00000
2026-07-08 05:00:00+00:00,1.33532,1.33587,1.33531,1.33533,1514.00000
2026-07-08 05:15:00+00:00,1.33532,1.33561,1.33516,1.33528,1258.00000
2026-07-08 05:30:00+00:00,1.33527,1.33587,1.33527,1.33574,1279.00000
2026-07-08 05:45:00+00:00,1.33573,1.33587,1.33538,1.33564,1186.00000
2026-07-08 06:00:00+00:00,1.33569,1.33618,1.33550,1.33573,1756.00000
2026-07-08 06:15:00+00:00,1.33572,1.33659,1.33572,1.33640,2282.00000
2026-07-08 06:30:00+00:00,1.33639,1.33658,1.33620,1.33633,2316.00000
2026-07-08 06:45:00+00:00,1.33634,1.33655,1.33585,1.33651,2008.00000
2026-07-08 07:00:00+00:00,1.33655,1.33658,1.33553,1.33591,2574.00000
2026-07-08 07:15:00+00:00,1.33592,1.33682,1.33569,1.33664,2444.00000
2026-07-08 07:30:00+00:00,1.33663,1.33698,1.33645,1.33674,2324.00000
2026-07-08 07:45:00+00:00,1.33672,1.33701,1.33647,1.33652,1831.00000
2026-07-08 08:00:00+00:00,1.33649,1.33703,1.33633,1.33657,2098.00000
2026-07-08 08:15:00+00:00,1.33656,1.33688,1.33402,1.33507,5800.00000
2026-07-08 08:30:00+00:00,1.33509,1.33531,1.33389,1.33456,4088.00000
2026-07-08 08:45:00+00:00,1.33460,1.33517,1.33376,1.33396,4220.00000
2026-07-08 09:00:00+00:00,1.33400,1.33442,1.33225,1.33228,3994.00000
2026-07-08 09:15:00+00:00,1.33227,1.33384,1.33224,1.33353,3676.00000
2026-07-08 09:30:00+00:00,1.33352,1.33456,1.33334,1.33447,3106.00000
2026-07-08 09:45:00+00:00,1.33445,1.33488,1.33409,1.33419,3036.00000
2026-07-08 10:00:00+00:00,1.33422,1.33468,1.33414,1.33433,2186.00000
2026-07-08 10:15:00+00:00,1.33432,1.33514,1.33406,1.33497,2638.00000
2026-07-08 10:30:00+00:00,1.33493,1.33572,1.33482,1.33561,2320.00000
2026-07-08 10:45:00+00:00,1.33559,1.33569,1.33456,1.33457,1994.00000
2026-07-08 11:00:00+00:00,1.33456,1.33469,1.33403,1.33409,2228.00000
2026-07-08 11:15:00+00:00,1.33410,1.33438,1.33375,1.33397,1918.00000
2026-07-08 11:30:00+00:00,1.33399,1.33479,1.33297,1.33425,3198.00000
2026-07-08 11:45:00+00:00,1.33424,1.33440,1.33341,1.33357,3486.00000
2026-07-08 12:00:00+00:00,1.33358,1.33493,1.33347,1.33474,3561.00000
2026-07-08 12:15:00+00:00,1.33475,1.33534,1.33473,1.33528,2710.00000
2026-07-08 12:30:00+00:00,1.33529,1.33545,1.33473,1.33528,2564.00000
2026-07-08 12:45:00+00:00,1.33529,1.33568,1.33400,1.33410,3404.00000
2026-07-08 13:00:00+00:00,1.33406,1.33520,1.33405,1.33491,3380.00000
2026-07-08 13:15:00+00:00,1.33490,1.33638,1.33433,1.33609,3259.00000
2026-07-08 13:30:00+00:00,1.33611,1.33768,1.33611,1.33727,4659.00000
2026-07-08 13:45:00+00:00,1.33726,1.33777,1.33655,1.33711,4033.00000
2026-07-08 14:00:00+00:00,1.33710,1.33755,1.33673,1.33677,3987.00000
2026-07-08 14:15:00+00:00,1.33679,1.33755,1.33666,1.33695,3888.00000
2026-07-08 14:30:00+00:00,1.33691,1.33726,1.33639,1.33687,3512.00000
2026-07-08 14:45:00+00:00,1.33688,1.33728,1.33661,1.33721,3118.00000
2026-07-08 15:00:00+00:00,1.33722,1.33754,1.33611,1.33616,3287.00000
2026-07-08 15:15:00+00:00,1.33617,1.33660,1.33569,1.33638,3476.00000
2026-07-08 15:30:00+00:00,1.33639,1.33649,1.33573,1.33605,3644.00000
2026-07-08 15:45:00+00:00,1.33606,1.33642,1.33584,1.33605,2741.00000
2026-07-08 16:00:00+00:00,1.33606,1.33664,1.33602,1.33649,2822.00000
2026-07-08 16:15:00+00:00,1.33648,1.33737,1.33634,1.33721,2106.00000
2026-07-08 16:30:00+00:00,1.33713,1.33846,1.33709,1.33840,3746.00000
2026-07-08 16:45:00+00:00,1.33841,1.33859,1.33808,1.33848,2120.00000
2026-07-08 17:00:00+00:00,1.33847,1.34042,1.33847,1.34003,2642.00000
2026-07-08 17:15:00+00:00,1.34004,1.34104,1.33994,1.34060,2806.00000
2026-07-08 17:30:00+00:00,1.34059,1.34067,1.34003,1.34006,1992.00000
2026-07-08 17:45:00+00:00,1.34007,1.34020,1.33950,1.33950,1750.00000
2026-07-08 18:00:00+00:00,1.33949,1.34054,1.33926,1.34049,2585.00000
2026-07-08 18:15:00+00:00,1.34050,1.34058,1.34007,1.34031,2040.00000
2026-07-08 18:30:00+00:00,1.34030,1.34051,1.33997,1.34049,1784.00000
2026-07-08 18:45:00+00:00,1.34051,1.34059,1.33991,1.33997,1838.00000
2026-07-08 19:00:00+00:00,1.33998,1.34060,1.33997,1.34042,1677.00000
2026-07-08 19:15:00+00:00,1.34043,1.34061,1.34027,1.34053,1336.00000
2026-07-08 19:30:00+00:00,1.34052,1.34073,1.34032,1.34034,1256.00000
2026-07-08 19:45:00+00:00,1.34036,1.34037,1.33973,1.34023,2338.00000
2026-07-08 20:00:00+00:00,1.34021,1.34040,1.33984,1.33984,1241.00000
2026-07-08 20:15:00+00:00,1.33985,1.33987,1.33928,1.33929,779.00000
2026-07-08 20:30:00+00:00,1.33927,1.33927,1.33853,1.33876,763.00000
2026-07-08 20:45:00+00:00,1.33873,1.33900,1.33861,1.33885,606.00000
2026-07-08 21:00:00+00:00,1.33910,1.33975,1.33843,1.33915,165.00000
2026-07-08 21:15:00+00:00,1.33916,1.33983,1.33848,1.33933,357.00000
2026-07-08 21:30:00+00:00,1.33930,1.33935,1.33857,1.33914,692.00000
2026-07-08 21:45:00+00:00,1.33915,1.33967,1.33886,1.33911,738.00000
2026-07-08 22:00:00+00:00,1.33918,1.33927,1.33837,1.33907,512.00000
2026-07-08 22:15:00+00:00,1.33909,1.33911,1.33897,1.33897,114.00000
2026-07-08 22:30:00+00:00,1.33896,1.33912,1.33896,1.33906,257.00000
2026-07-08 22:45:00+00:00,1.33906,1.33912,1.33903,1.33911,163.00000
2026-07-08 23:00:00+00:00,1.33913,1.33918,1.33900,1.33905,239.00000
2026-07-08 23:15:00+00:00,1.33904,1.33907,1.33893,1.33907,326.00000
2026-07-08 23:30:00+00:00,1.33905,1.33935,1.33903,1.33925,463.00000
2026-07-08 23:45:00+00:00,1.33924,1.33946,1.33920,1.33937,491.00000
2026-07-09 00:00:00+00:00,1.33944,1.34029,1.33938,1.34022,1638.00000
2026-07-09 00:15:00+00:00,1.34021,1.34029,1.33993,1.34013,1109.00000
2026-07-09 00:30:00+00:00,1.34014,1.34042,1.33979,1.33982,1359.00000
2026-07-09 00:45:00+00:00,1.33981,1.33985,1.33948,1.33977,1293.00000
2026-07-09 01:00:00+00:00,1.33978,1.33993,1.33916,1.33917,1680.00000
2026-07-09 01:15:00+00:00,1.33916,1.33947,1.33886,1.33893,1296.00000
2026-07-09 01:30:00+00:00,1.33892,1.33946,1.33866,1.33929,1405.00000
2026-07-09 01:45:00+00:00,1.33930,1.33973,1.33913,1.33967,1079.00000
2026-07-09 02:00:00+00:00,1.33968,1.34000,1.33961,1.33989,1184.00000
2026-07-09 02:15:00+00:00,1.33987,1.34003,1.33981,1.33992,898.00000
2026-07-09 02:30:00+00:00,1.33993,1.33998,1.33940,1.33952,1362.00000
2026-07-09 02:45:00+00:00,1.33954,1.33975,1.33939,1.33940,1223.00000
2026-07-09 03:00:00+00:00,1.33937,1.33956,1.33936,1.33946,1308.00000
2026-07-09 03:15:00+00:00,1.33945,1.33956,1.33902,1.33950,1055.00000
2026-07-09 03:30:00+00:00,1.33951,1.34006,1.33949,1.33982,1251.00000
2026-07-09 03:45:00+00:00,1.33983,1.33992,1.33955,1.33958,950.00000
2026-07-09 04:00:00+00:00,1.33959,1.33977,1.33944,1.33967,978.00000
2026-07-09 04:15:00+00:00,1.33966,1.33968,1.33936,1.33963,582.00000
2026-07-09 04:30:00+00:00,1.33965,1.33984,1.33963,1.33971,668.00000
2026-07-09 04:45:00+00:00,1.33970,1.33998,1.33968,1.33990,602.00000
2026-07-09 05:00:00+00:00,1.33986,1.34076,1.33986,1.34058,1384.00000
2026-07-09 05:15:00+00:00,1.34059,1.34063,1.34016,1.34059,1203.00000
2026-07-09 05:30:00+00:00,1.34060,1.34074,1.34018,1.34037,1197.00000
2026-07-09 05:45:00+00:00,1.34039,1.34068,1.34037,1.34043,1218.00000
2026-07-09 06:00:00+00:00,1.34044,1.34110,1.34044,1.34086,1892.00000
2026-07-09 06:15:00+00:00,1.34087,1.34286,1.34082,1.34252,2560.00000
2026-07-09 06:30:00+00:00,1.34251,1.34308,1.34214,1.34266,2192.00000
2026-07-09 06:45:00+00:00,1.34265,1.34268,1.34207,1.34252,1508.00000
2026-07-09 07:00:00+00:00,1.34254,1.34260,1.34166,1.34220,2128.00000
2026-07-09 07:15:00+00:00,1.34219,1.34276,1.34205,1.34251,1530.00000
2026-07-09 07:30:00+00:00,1.34254,1.34256,1.34185,1.34196,1464.00000
2026-07-09 07:45:00+00:00,1.34197,1.34197,1.34115,1.34150,1689.00000
2026-07-09 08:00:00+00:00,1.34151,1.34217,1.34128,1.34186,1977.00000
2026-07-09 08:15:00+00:00,1.34187,1.34205,1.34144,1.34186,1760.00000
2026-07-09 08:30:00+00:00,1.34185,1.34210,1.34154,1.34172,1660.00000
2026-07-09 08:45:00+00:00,1.34173,1.34176,1.34105,1.34126,1958.00000
2026-07-09 09:00:00+00:00,1.34127,1.34158,1.34085,1.34117,1686.00000
2026-07-09 09:15:00+00:00,1.34116,1.34158,1.34105,1.34151,1236.00000
2026-07-09 09:30:00+00:00,1.34155,1.34157,1.34068,1.34103,1492.00000
2026-07-09 09:45:00+00:00,1.34102,1.34152,1.34087,1.34126,1334.00000
2026-07-09 10:00:00+00:00,1.34123,1.34129,1.34061,1.34076,1088.00000
2026-07-09 10:15:00+00:00,1.34075,1.34086,1.34036,1.34040,1114.00000
2026-07-09 10:30:00+00:00,1.34039,1.34081,1.34018,1.34019,1286.00000
2026-07-09 10:45:00+00:00,1.34019,1.34060,1.33937,1.33958,2022.00000
2026-07-09 11:00:00+00:00,1.33959,1.33960,1.33899,1.33929,2155.00000
2026-07-09 11:15:00+00:00,1.33928,1.33954,1.33855,1.33857,1284.00000
2026-07-09 11:30:00+00:00,1.33856,1.33924,1.33845,1.33898,1466.00000
2026-07-09 11:45:00+00:00,1.33899,1.33921,1.33866,1.33885,1702.00000
2026-07-09 12:00:00+00:00,1.33884,1.33963,1.33880,1.33942,2244.00000
2026-07-09 12:15:00+00:00,1.33946,1.33958,1.33905,1.33938,1449.00000
2026-07-09 12:30:00+00:00,1.33940,1.33982,1.33892,1.33932,2058.00000
2026-07-09 12:45:00+00:00,1.33930,1.33942,1.33807,1.33846,2299.00000
2026-07-09 13:00:00+00:00,1.33848,1.33938,1.33848,1.33937,1866.00000
2026-07-09 13:15:00+00:00,1.33938,1.34007,1.33936,1.33987,1992.00000
2026-07-09 13:30:00+00:00,1.33988,1.34018,1.33929,1.33957,2512.00000
2026-07-09 13:45:00+00:00,1.33959,1.34027,1.33923,1.34013,2064.00000
2026-07-09 14:00:00+00:00,1.34014,1.34109,1.34012,1.34016,2798.00000
2026-07-09 14:15:00+00:00,1.34014,1.34034,1.33956,1.34010,2856.00000
2026-07-09 14:30:00+00:00,1.34011,1.34046,1.33960,1.33990,2522.00000
2026-07-09 14:45:00+00:00,1.33988,1.33989,1.33876,1.33912,3576.00000
2026-07-09 15:00:00+00:00,1.33913,1.33995,1.33871,1.33958,2497.00000
2026-07-09 15:15:00+00:00,1.33959,1.33985,1.33911,1.33971,2105.00000
2026-07-09 15:30:00+00:00,1.33972,1.34047,1.33955,1.34047,1688.00000
2026-07-09 15:45:00+00:00,1.34048,1.34086,1.34019,1.34072,1762.00000
2026-07-09 16:00:00+00:00,1.34073,1.34111,1.34058,1.34104,1843.00000
2026-07-09 16:15:00+00:00,1.34106,1.34120,1.34022,1.34044,1356.00000
2026-07-09 16:30:00+00:00,1.34043,1.34106,1.34028,1.34101,1243.00000
2026-07-09 16:45:00+00:00,1.34100,1.34120,1.34094,1.34098,1174.00000
2026-07-09 17:00:00+00:00,1.34097,1.34120,1.34080,1.34098,1358.00000
2026-07-09 17:15:00+00:00,1.34099,1.34148,1.34088,1.34146,1273.00000
2026-07-09 17:30:00+00:00,1.34147,1.34158,1.34118,1.34132,1010.00000
2026-07-09 17:45:00+00:00,1.34133,1.34165,1.34131,1.34161,1002.00000
2026-07-09 18:00:00+00:00,1.34163,1.34193,1.34157,1.34187,1232.00000
2026-07-09 18:15:00+00:00,1.34186,1.34194,1.34120,1.34123,1281.00000
2026-07-09 18:30:00+00:00,1.34125,1.34142,1.34107,1.34138,874.00000
2026-07-09 18:45:00+00:00,1.34137,1.34165,1.34135,1.34157,862.00000
2026-07-09 19:00:00+00:00,1.34158,1.34175,1.34127,1.34137,948.00000
2026-07-09 19:15:00+00:00,1.34138,1.34161,1.34103,1.34107,926.00000
2026-07-09 19:30:00+00:00,1.34108,1.34108,1.34056,1.34061,1584.00000
2026-07-09 19:45:00+00:00,1.34055,1.34082,1.34049,1.34075,1228.00000
2026-07-09 20:00:00+00:00,1.34073,1.34111,1.34070,1.34099,897.00000
2026-07-09 20:15:00+00:00,1.34097,1.34109,1.34094,1.34095,220.00000
2026-07-09 20:30:00+00:00,1.34096,1.34105,1.34089,1.34099,363.00000
2026-07-09 20:45:00+00:00,1.34096,1.34098,1.34070,1.34088,391.00000
2026-07-09 21:00:00+00:00,1.34061,1.34076,1.33972,1.34037,86.00000
2026-07-09 21:15:00+00:00,1.34045,1.34068,1.33996,1.33996,365.00000
2026-07-09 21:30:00+00:00,1.33996,1.34082,1.33965,1.34053,1807.00000
2026-07-09 21:45:00+00:00,1.34068,1.34125,1.33936,1.34069,3234.00000
2026-07-09 22:00:00+00:00,1.34063,1.34116,1.34041,1.34095,512.00000
2026-07-09 22:15:00+00:00,1.34094,1.34118,1.34094,1.34112,399.00000
2026-07-09 22:30:00+00:00,1.34116,1.34125,1.34110,1.34119,148.00000
2026-07-09 22:45:00+00:00,1.34121,1.34128,1.34118,1.34121,130.00000
2026-07-09 23:00:00+00:00,1.34122,1.34128,1.34121,1.34125,347.00000
2026-07-09 23:15:00+00:00,1.34126,1.34126,1.34106,1.34112,161.00000
2026-07-09 23:30:00+00:00,1.34111,1.34130,1.34109,1.34130,137.00000
2026-07-09 23:45:00+00:00,1.34129,1.34136,1.34116,1.34136,319.00000
2026-07-10 00:00:00+00:00,1.34135,1.34136,1.34092,1.34093,1191.00000
2026-07-10 00:15:00+00:00,1.34094,1.34105,1.34087,1.34097,842.00000
2026-07-10 00:30:00+00:00,1.34096,1.34153,1.34087,1.34147,1003.00000
2026-07-10 00:45:00+00:00,1.34148,1.34250,1.34148,1.34226,2184.00000
2026-07-10 01:00:00+00:00,1.34227,1.34289,1.34197,1.34288,2374.00000
2026-07-10 01:15:00+00:00,1.34287,1.34320,1.34260,1.34272,1937.00000
2026-07-10 01:30:00+00:00,1.34270,1.34314,1.34260,1.34281,1682.00000
2026-07-10 01:45:00+00:00,1.34283,1.34388,1.34270,1.34349,2128.00000
2026-07-10 02:00:00+00:00,1.34350,1.34473,1.34339,1.34472,2357.00000
2026-07-10 02:15:00+00:00,1.34471,1.34511,1.34457,1.34458,2006.00000
2026-07-10 02:30:00+00:00,1.34457,1.34489,1.34426,1.34478,1772.00000
2026-07-10 02:45:00+00:00,1.34482,1.34517,1.34472,1.34485,1757.00000
2026-07-10 03:00:00+00:00,1.34486,1.34498,1.34453,1.34456,1406.00000
2026-07-10 03:15:00+00:00,1.34455,1.34458,1.34425,1.34456,1053.00000
2026-07-10 03:30:00+00:00,1.34457,1.34472,1.34440,1.34449,932.00000
2026-07-10 03:45:00+00:00,1.34448,1.34448,1.34374,1.34392,1202.00000
2026-07-10 04:00:00+00:00,1.34391,1.34391,1.34358,1.34374,1056.00000
2026-07-10 04:15:00+00:00,1.34373,1.34374,1.34325,1.34346,875.00000
2026-07-10 04:30:00+00:00,1.34347,1.34348,1.34299,1.34301,726.00000
2026-07-10 04:45:00+00:00,1.34300,1.34307,1.34275,1.34305,864.00000
2026-07-10 05:00:00+00:00,1.34306,1.34332,1.34297,1.34300,1125.00000
2026-07-10 05:15:00+00:00,1.34298,1.34307,1.34262,1.34270,1135.00000
2026-07-10 05:30:00+00:00,1.34269,1.34269,1.34218,1.34245,1046.00000
2026-07-10 05:45:00+00:00,1.34247,1.34291,1.34245,1.34275,1241.00000
2026-07-10 06:00:00+00:00,1.34277,1.34362,1.34270,1.34337,1702.00000
2026-07-10 06:15:00+00:00,1.34341,1.34358,1.34276,1.34277,2390.00000
2026-07-10 06:30:00+00:00,1.34276,1.34344,1.34271,1.34272,1890.00000
2026-07-10 06:45:00+00:00,1.34271,1.34280,1.34243,1.34265,1538.00000
2026-07-10 07:00:00+00:00,1.34268,1.34300,1.34237,1.34267,2258.00000
2026-07-10 07:15:00+00:00,1.34268,1.34289,1.34236,1.34257,1990.00000
2026-07-10 07:30:00+00:00,1.34256,1.34308,1.34237,1.34288,1732.00000
2026-07-10 07:45:00+00:00,1.34287,1.34292,1.34206,1.34215,1578.00000
2026-07-10 08:00:00+00:00,1.34216,1.34267,1.34175,1.34179,2398.00000
2026-07-10 08:15:00+00:00,1.34178,1.34198,1.34127,1.34148,1528.00000
2026-07-10 08:30:00+00:00,1.34149,1.34182,1.34108,1.34132,1978.00000
2026-07-10 08:45:00+00:00,1.34130,1.34134,1.34084,1.34098,1648.00000
2026-07-10 09:00:00+00:00,1.34099,1.34158,1.34092,1.34140,1568.00000
2026-07-10 09:15:00+00:00,1.34146,1.34163,1.34124,1.34152,1154.00000
2026-07-10 09:30:00+00:00,1.34153,1.34162,1.34118,1.34119,1280.00000
2026-07-10 09:45:00+00:00,1.34120,1.34142,1.34096,1.34100,1668.00000
2026-07-10 10:00:00+00:00,1.34103,1.34153,1.34099,1.34142,1600.00000
2026-07-10 10:15:00+00:00,1.34141,1.34228,1.34138,1.34221,1414.00000
2026-07-10 10:30:00+00:00,1.34223,1.34233,1.34179,1.34204,1244.00000
2026-07-10 10:45:00+00:00,1.34205,1.34367,1.34178,1.34329,2314.00000
2026-07-10 11:00:00+00:00,1.34327,1.34376,1.34280,1.34295,1360.00000
2026-07-10 11:15:00+00:00,1.34296,1.34301,1.34216,1.34244,1654.00000
2026-07-10 11:30:00+00:00,1.34246,1.34249,1.34175,1.34220,2168.00000
2026-07-10 11:45:00+00:00,1.34219,1.34281,1.34214,1.34262,1818.00000
2026-07-10 12:00:00+00:00,1.34263,1.34371,1.34196,1.34286,2566.00000
2026-07-10 12:15:00+00:00,1.34287,1.34297,1.34228,1.34229,2372.00000
2026-07-10 12:30:00+00:00,1.34228,1.34242,1.34163,1.34171,2238.00000
2026-07-10 12:45:00+00:00,1.34170,1.34216,1.34142,1.34212,1960.00000
2026-07-10 13:00:00+00:00,1.34215,1.34215,1.34112,1.34148,2236.00000
2026-07-10 13:15:00+00:00,1.34147,1.34167,1.34108,1.34118,1824.00000
2026-07-10 13:30:00+00:00,1.34119,1.34180,1.34102,1.34159,2848.00000
2026-07-10 13:45:00+00:00,1.34160,1.34160,1.34044,1.34061,2270.00000
2026-07-10 14:00:00+00:00,1.34060,1.34068,1.34010,1.34068,1948.00000
2026-07-10 14:15:00+00:00,1.34069,1.34136,1.34046,1.34118,2561.00000
2026-07-10 14:30:00+00:00,1.34119,1.34139,1.33923,1.34091,4573.00000
2026-07-10 14:45:00+00:00,1.34090,1.34108,1.34029,1.34097,2408.00000
2026-07-10 15:00:00+00:00,1.34098,1.34148,1.34077,1.34129,2676.00000
2026-07-10 15:15:00+00:00,1.34128,1.34210,1.34128,1.34200,2754.00000
2026-07-10 15:30:00+00:00,1.34201,1.34218,1.34169,1.34183,2654.00000
2026-07-10 15:45:00+00:00,1.34184,1.34219,1.34168,1.34207,1897.00000
2026-07-10 16:00:00+00:00,1.34208,1.34232,1.34190,1.34215,2586.00000
2026-07-10 16:15:00+00:00,1.34216,1.34233,1.34153,1.34203,2186.00000
2026-07-10 16:30:00+00:00,1.34202,1.34213,1.34175,1.34178,1434.00000
2026-07-10 16:45:00+00:00,1.34179,1.34186,1.34109,1.34110,1788.00000
2026-07-10 17:00:00+00:00,1.34108,1.34128,1.34044,1.34062,1696.00000
2026-07-10 17:15:00+00:00,1.34063,1.34077,1.34006,1.34037,1458.00000
2026-07-10 17:30:00+00:00,1.34035,1.34045,1.33994,1.34024,1422.00000
2026-07-10 17:45:00+00:00,1.34023,1.34050,1.33994,1.34001,1138.00000
2026-07-10 18:00:00+00:00,1.34002,1.34007,1.33982,1.33990,1667.00000
2026-07-10 18:15:00+00:00,1.33991,1.34006,1.33971,1.33977,1545.00000
2026-07-10 18:30:00+00:00,1.33976,1.33996,1.33928,1.33937,1654.00000
2026-07-10 18:45:00+00:00,1.33939,1.33985,1.33939,1.33983,1580.00000
2026-07-10 19:00:00+00:00,1.33985,1.33987,1.33947,1.33960,1020.00000
2026-07-10 19:15:00+00:00,1.33961,1.33977,1.33960,1.33972,888.00000
2026-07-10 19:30:00+00:00,1.33970,1.33986,1.33962,1.33965,940.00000
2026-07-10 19:45:00+00:00,1.33966,1.33996,1.33956,1.33984,1140.00000
2026-07-10 20:00:00+00:00,1.33983,1.34006,1.33974,1.33991,1101.00000
2026-07-10 20:15:00+00:00,1.33988,1.33999,1.33978,1.33980,410.00000
2026-07-10 20:30:00+00:00,1.33974,1.33975,1.33940,1.33954,482.00000
2026-07-10 20:45:00+00:00,1.33954,1.34032,1.33949,1.34014,1993.00000
2026-07-12 21:00:00+00:00,1.33873,1.33895,1.33861,1.33892,74.00000
2026-07-12 21:15:00+00:00,1.33880,1.33896,1.33875,1.33896,79.00000
2026-07-12 21:30:00+00:00,1.33894,1.33894,1.33858,1.33863,55.00000
2026-07-12 21:45:00+00:00,1.33867,1.33867,1.33857,1.33859,38.00000
2026-07-12 22:00:00+00:00,1.33863,1.33869,1.33692,1.33726,1141.00000
2026-07-12 22:15:00+00:00,1.33726,1.33792,1.33712,1.33783,891.00000
2026-07-12 22:30:00+00:00,1.33781,1.33794,1.33749,1.33752,736.00000
2026-07-12 22:45:00+00:00,1.33753,1.33766,1.33740,1.33750,442.00000
2026-07-12 23:00:00+00:00,1.33751,1.33760,1.33724,1.33758,668.00000
2026-07-12 23:15:00+00:00,1.33757,1.33770,1.33751,1.33764,563.00000
2026-07-12 23:30:00+00:00,1.33763,1.33795,1.33754,1.33783,606.00000
2026-07-12 23:45:00+00:00,1.33782,1.33864,1.33782,1.33864,2008.00000
2026-07-13 00:00:00+00:00,1.33866,1.33867,1.33826,1.33835,3348.00000
2026-07-13 00:15:00+00:00,1.33835,1.33875,1.33789,1.33833,3022.00000
2026-07-13 00:30:00+00:00,1.33834,1.33848,1.33772,1.33785,2559.00000
2026-07-13 00:45:00+00:00,1.33789,1.33802,1.33754,1.33762,2463.00000
2026-07-13 01:00:00+00:00,1.33761,1.33761,1.33699,1.33717,3072.00000
2026-07-13 01:15:00+00:00,1.33716,1.33753,1.33668,1.33730,2964.00000
2026-07-13 01:30:00+00:00,1.33731,1.33800,1.33723,1.33794,2856.00000
2026-07-13 01:45:00+00:00,1.33795,1.33837,1.33785,1.33832,2462.00000
2026-07-13 02:00:00+00:00,1.33836,1.33845,1.33763,1.33787,2211.00000
2026-07-13 02:15:00+00:00,1.33786,1.33812,1.33776,1.33791,1670.00000
2026-07-13 02:30:00+00:00,1.33792,1.33840,1.33779,1.33832,1796.00000
2026-07-13 02:45:00+00:00,1.33831,1.33833,1.33767,1.33767,1698.00000
2026-07-13 03:00:00+00:00,1.33766,1.33777,1.33710,1.33744,1926.00000
2026-07-13 03:15:00+00:00,1.33746,1.33769,1.33741,1.33763,1524.00000
2026-07-13 03:30:00+00:00,1.33762,1.33783,1.33757,1.33772,1422.00000
2026-07-13 03:45:00+00:00,1.33773,1.33795,1.33762,1.33782,1297.00000
2026-07-13 04:00:00+00:00,1.33783,1.33784,1.33750,1.33782,1060.00000
2026-07-13 04:15:00+00:00,1.33781,1.33815,1.33771,1.33815,1204.00000
2026-07-13 04:30:00+00:00,1.33816,1.33823,1.33796,1.33798,966.00000
2026-07-13 04:45:00+00:00,1.33797,1.33848,1.33796,1.33840,1020.00000
2026-07-13 05:00:00+00:00,1.33842,1.33877,1.33834,1.33865,1782.00000
2026-07-13 05:15:00+00:00,1.33866,1.33866,1.33790,1.33794,1566.00000
2026-07-13 05:30:00+00:00,1.33795,1.33830,1.33774,1.33793,2075.00000
2026-07-13 05:45:00+00:00,1.33792,1.33846,1.33782,1.33795,2536.00000
2026-07-13 06:00:00+00:00,1.33794,1.33810,1.33776,1.33795,2512.00000
2026-07-13 06:15:00+00:00,1.33794,1.33886,1.33791,1.33883,2179.00000
2026-07-13 06:30:00+00:00,1.33884,1.33924,1.33848,1.33854,2254.00000
2026-07-13 06:45:00+00:00,1.33853,1.33854,1.33743,1.33784,2230.00000
2026-07-13 07:00:00+00:00,1.33786,1.33889,1.33776,1.33851,3318.00000
2026-07-13 07:15:00+00:00,1.33853,1.33878,1.33825,1.33864,2212.00000
2026-07-13 07:30:00+00:00,1.33863,1.33935,1.33788,1.33856,3313.00000
2026-07-13 07:45:00+00:00,1.33857,1.33955,1.33846,1.33932,3072.00000
2026-07-13 08:00:00+00:00,1.33935,1.34065,1.33928,1.34036,4360.00000
2026-07-13 08:15:00+00:00,1.34037,1.34118,1.33984,1.33993,3272.00000
2026-07-13 08:30:00+00:00,1.33994,1.34016,1.33972,1.33995,2082.00000
2026-07-13 08:45:00+00:00,1.33994,1.34017,1.33941,1.33944,2051.00000
2026-07-13 09:00:00+00:00,1.33941,1.33958,1.33912,1.33917,1954.00000
2026-07-13 09:15:00+00:00,1.33916,1.33943,1.33851,1.33898,1878.00000
2026-07-13 09:30:00+00:00,1.33896,1.33945,1.33871,1.33906,1860.00000
2026-07-13 09:45:00+00:00,1.33909,1.33923,1.33872,1.33911,1782.00000
2026-07-13 10:00:00+00:00,1.33913,1.33936,1.33886,1.33893,2253.00000
2026-07-13 10:15:00+00:00,1.33892,1.33892,1.33817,1.33833,1744.00000
2026-07-13 10:30:00+00:00,1.33832,1.33878,1.33823,1.33860,1796.00000
2026-07-13 10:45:00+00:00,1.33861,1.33989,1.33857,1.33989,2004.00000
2026-07-13 11:00:00+00:00,1.33992,1.34025,1.33924,1.33954,2876.00000
2026-07-13 11:15:00+00:00,1.33953,1.33955,1.33855,1.33915,2238.00000
2026-07-13 11:30:00+00:00,1.33914,1.33956,1.33899,1.33956,1866.00000
2026-07-13 11:45:00+00:00,1.33955,1.33969,1.33922,1.33935,1779.00000
2026-07-13 12:00:00+00:00,1.33933,1.33963,1.33832,1.33853,2702.00000
2026-07-13 12:15:00+00:00,1.33854,1.33915,1.33846,1.33903,2452.00000
2026-07-13 12:30:00+00:00,1.33904,1.33973,1.33888,1.33944,2240.00000
2026-07-13 12:45:00+00:00,1.33945,1.33991,1.33902,1.33990,2584.00000
2026-07-13 13:00:00+00:00,1.33996,1.34023,1.33915,1.33935,2424.00000
2026-07-13 13:15:00+00:00,1.33936,1.33989,1.33924,1.33943,1843.00000
2026-07-13 13:30:00+00:00,1.33944,1.33984,1.33851,1.33875,3948.00000
2026-07-13 13:45:00+00:00,1.33874,1.33901,1.33837,1.33852,3658.00000
2026-07-13 14:00:00+00:00,1.33851,1.33874,1.33778,1.33798,3738.00000
2026-07-13 14:15:00+00:00,1.33797,1.33816,1.33637,1.33792,4360.00000
2026-07-13 14:30:00+00:00,1.33793,1.33802,1.33680,1.33721,2838.00000
2026-07-13 14:45:00+00:00,1.33722,1.33794,1.33669,1.33788,3689.00000
2026-07-13 15:00:00+00:00,1.33789,1.33795,1.33721,1.33736,2948.00000
2026-07-13 15:15:00+00:00,1.33735,1.33796,1.33704,1.33785,2858.00000
2026-07-13 15:30:00+00:00,1.33787,1.33801,1.33754,1.33784,2588.00000
2026-07-13 15:45:00+00:00,1.33783,1.33820,1.33751,1.33802,2588.00000
2026-07-13 16:00:00+00:00,1.33803,1.33842,1.33787,1.33822,2380.00000
2026-07-13 16:15:00+00:00,1.33824,1.33831,1.33690,1.33709,2676.00000
2026-07-13 16:30:00+00:00,1.33707,1.33716,1.33577,1.33683,4833.00000
2026-07-13 16:45:00+00:00,1.33684,1.33706,1.33576,1.33632,3796.00000
2026-07-13 17:00:00+00:00,1.33637,1.33665,1.33597,1.33624,2404.00000
2026-07-13 17:15:00+00:00,1.33623,1.33640,1.33593,1.33604,1838.00000
2026-07-13 17:30:00+00:00,1.33601,1.33616,1.33569,1.33605,1804.00000
2026-07-13 17:45:00+00:00,1.33606,1.33631,1.33574,1.33585,1434.00000
2026-07-13 18:00:00+00:00,1.33587,1.33604,1.33555,1.33572,1842.00000
2026-07-13 18:15:00+00:00,1.33573,1.33583,1.33547,1.33575,2490.00000
2026-07-13 18:30:00+00:00,1.33576,1.33608,1.33565,1.33593,1724.00000
2026-07-13 18:45:00+00:00,1.33594,1.33611,1.33582,1.33603,1450.00000
2026-07-13 19:00:00+00:00,1.33604,1.33611,1.33526,1.33528,2144.00000
2026-07-13 19:15:00+00:00,1.33529,1.33554,1.33521,1.33535,1976.00000
2026-07-13 19:30:00+00:00,1.33536,1.33544,1.33516,1.33542,1718.00000
2026-07-13 19:45:00+00:00,1.33541,1.33544,1.33517,1.33535,1684.00000
2026-07-13 20:00:00+00:00,1.33533,1.33550,1.33490,1.33493,866.00000
2026-07-13 20:15:00+00:00,1.33494,1.33496,1.33424,1.33450,579.00000
2026-07-13 20:30:00+00:00,1.33449,1.33469,1.33430,1.33464,453.00000
2026-07-13 20:45:00+00:00,1.33465,1.33466,1.33442,1.33463,511.00000
2026-07-13 21:00:00+00:00,1.33530,1.33566,1.33416,1.33543,145.00000
2026-07-13 21:15:00+00:00,1.33537,1.33577,1.33454,1.33491,143.00000
2026-07-13 21:30:00+00:00,1.33490,1.33532,1.33430,1.33501,340.00000
2026-07-13 21:45:00+00:00,1.33500,1.33541,1.33464,1.33490,796.00000
2026-07-13 22:00:00+00:00,1.33466,1.33519,1.33446,1.33488,533.00000
2026-07-13 22:15:00+00:00,1.33489,1.33514,1.33487,1.33504,385.00000
2026-07-13 22:30:00+00:00,1.33506,1.33528,1.33499,1.33524,354.00000
2026-07-13 22:45:00+00:00,1.33523,1.33523,1.33482,1.33484,374.00000
2026-07-13 23:00:00+00:00,1.33484,1.33498,1.33471,1.33485,510.00000
2026-07-13 23:15:00+00:00,1.33485,1.33490,1.33471,1.33477,460.00000
2026-07-13 23:30:00+00:00,1.33476,1.33513,1.33473,1.33486,523.00000
2026-07-13 23:45:00+00:00,1.33486,1.33504,1.33463,1.33498,1311.00000
2026-07-14 00:00:00+00:00,1.33500,1.33531,1.33468,1.33513,3088.00000
2026-07-14 00:15:00+00:00,1.33511,1.33514,1.33424,1.33443,3179.00000
2026-07-14 00:30:00+00:00,1.33444,1.33548,1.33439,1.33543,2853.00000
2026-07-14 00:45:00+00:00,1.33542,1.33574,1.33516,1.33516,3113.00000
2026-07-14 01:00:00+00:00,1.33515,1.33543,1.33508,1.33523,2540.00000
2026-07-14 01:15:00+00:00,1.33525,1.33578,1.33521,1.33523,2172.00000
2026-07-14 01:30:00+00:00,1.33521,1.33543,1.33509,1.33538,2132.00000
2026-07-14 01:45:00+00:00,1.33537,1.33570,1.33533,1.33546,1716.00000
2026-07-14 02:00:00+00:00,1.33547,1.33582,1.33544,1.33576,1998.00000
2026-07-14 02:15:00+00:00,1.33577,1.33597,1.33573,1.33592,1446.00000
2026-07-14 02:30:00+00:00,1.33593,1.33601,1.33573,1.33585,1502.00000
2026-07-14 02:45:00+00:00,1.33586,1.33593,1.33565,1.33568,1168.00000
2026-07-14 03:00:00+00:00,1.33569,1.33593,1.33547,1.33572,1598.00000
2026-07-14 03:15:00+00:00,1.33571,1.33592,1.33548,1.33588,1686.00000
2026-07-14 03:30:00+00:00,1.33589,1.33641,1.33584,1.33609,1880.00000
2026-07-14 03:45:00+00:00,1.33610,1.33626,1.33604,1.33605,1146.00000
2026-07-14 04:00:00+00:00,1.33606,1.33625,1.33577,1.33597,1136.00000
2026-07-14 04:15:00+00:00,1.33598,1.33622,1.33597,1.33599,1130.00000
2026-07-14 04:30:00+00:00,1.33598,1.33617,1.33594,1.33606,1426.00000
2026-07-14 04:45:00+00:00,1.33605,1.33611,1.33564,1.33591,1025.00000
2026-07-14 05:00:00+00:00,1.33592,1.33626,1.33589,1.33617,1183.00000
2026-07-14 05:15:00+00:00,1.33618,1.33667,1.33614,1.33658,1313.00000
2026-07-14 05:30:00+00:00,1.33657,1.33698,1.33657,1.33684,1478.00000
2026-07-14 05:45:00+00:00,1.33685,1.33686,1.33627,1.33630,1750.00000
2026-07-14 06:00:00+00:00,1.33628,1.33649,1.33593,1.33597,2354.00000
2026-07-14 06:15:00+00:00,1.33598,1.33603,1.33528,1.33535,1594.00000
2026-07-14 06:30:00+00:00,1.33534,1.33617,1.33532,1.33569,2200.00000
2026-07-14 06:45:00+00:00,1.33568,1.33582,1.33537,1.33563,1538.00000
2026-07-14 07:00:00+00:00,1.33564,1.33604,1.33514,1.33524,2828.00000
2026-07-14 07:15:00+00:00,1.33523,1.33610,1.33515,1.33593,2122.00000
2026-07-14 07:30:00+00:00,1.33592,1.33621,1.33545,1.33605,2487.00000
2026-07-14 07:45:00+00:00,1.33609,1.33646,1.33562,1.33575,2954.00000
2026-07-14 08:00:00+00:00,1.33577,1.33605,1.33541,1.33581,2846.00000
2026-07-14 08:15:00+00:00,1.33580,1.33620,1.33548,1.33614,2246.00000
2026-07-14 08:30:00+00:00,1.33617,1.33747,1.33617,1.33745,2596.00000
2026-07-14 08:45:00+00:00,1.33744,1.33765,1.33715,1.33746,2466.00000
2026-07-14 09:00:00+00:00,1.33749,1.33809,1.33741,1.33805,2475.00000
2026-07-14 09:15:00+00:00,1.33806,1.33806,1.33742,1.33778,1952.00000
2026-07-14 09:30:00+00:00,1.33779,1.33803,1.33739,1.33741,1798.00000
2026-07-14 09:45:00+00:00,1.33742,1.33837,1.33739,1.33794,2268.00000
2026-07-14 10:00:00+00:00,1.33796,1.33826,1.33764,1.33766,1944.00000
2026-07-14 10:15:00+00:00,1.33770,1.33798,1.33750,1.33767,1760.00000
2026-07-14 10:30:00+00:00,1.33765,1.33784,1.33746,1.33771,1831.00000
2026-07-14 10:45:00+00:00,1.33770,1.33774,1.33702,1.33727,1584.00000
2026-07-14 11:00:00+00:00,1.33729,1.33732,1.33662,1.33719,2458.00000
2026-07-14 11:15:00+00:00,1.33718,1.33777,1.33705,1.33760,2022.00000
2026-07-14 11:30:00+00:00,1.33765,1.33806,1.33759,1.33795,2112.00000
2026-07-14 11:45:00+00:00,1.33796,1.33873,1.33793,1.33841,2584.00000
2026-07-14 12:00:00+00:00,1.33843,1.33870,1.33812,1.33815,3126.00000
2026-07-14 12:15:00+00:00,1.33813,1.33894,1.33804,1.33877,2959.00000
2026-07-14 12:30:00+00:00,1.33875,1.34431,1.33835,1.34334,7781.00000
2026-07-14 12:45:00+00:00,1.34336,1.34379,1.34031,1.34093,5222.00000
2026-07-14 13:00:00+00:00,1.34097,1.34193,1.33981,1.34029,4920.00000
2026-07-14 13:15:00+00:00,1.34026,1.34121,1.33993,1.34020,4682.00000
2026-07-14 13:30:00+00:00,1.34024,1.34152,1.34008,1.34138,5160.00000
2026-07-14 13:45:00+00:00,1.34137,1.34189,1.34093,1.34160,4176.00000
2026-07-14 14:00:00+00:00,1.34159,1.34231,1.34125,1.34162,3916.00000
2026-07-14 14:15:00+00:00,1.34161,1.34170,1.33993,1.33995,4514.00000
2026-07-14 14:30:00+00:00,1.33994,1.34204,1.33967,1.34097,4588.00000
2026-07-14 14:45:00+00:00,1.34098,1.34125,1.34039,1.34052,3740.00000
2026-07-14 15:00:00+00:00,1.34053,1.34139,1.34002,1.34072,4008.00000
2026-07-14 15:15:00+00:00,1.34071,1.34077,1.33943,1.33980,2608.00000
2026-07-14 15:30:00+00:00,1.33979,1.33993,1.33824,1.33872,3970.00000
2026-07-14 15:45:00+00:00,1.33874,1.33918,1.33800,1.33828,3776.00000
2026-07-14 16:00:00+00:00,1.33831,1.33842,1.33757,1.33829,3726.00000
2026-07-14 16:15:00+00:00,1.33830,1.33874,1.33792,1.33864,2733.00000
2026-07-14 16:30:00+00:00,1.33863,1.33921,1.33863,1.33869,1967.00000
2026-07-14 16:45:00+00:00,1.33870,1.33910,1.33850,1.33888,2006.00000
2026-07-14 17:00:00+00:00,1.33890,1.33910,1.33752,1.33753,2512.00000
2026-07-14 17:15:00+00:00,1.33754,1.33772,1.33682,1.33768,2860.00000
2026-07-14 17:30:00+00:00,1.33769,1.33805,1.33759,1.33800,1860.00000
2026-07-14 17:45:00+00:00,1.33801,1.33838,1.33765,1.33772,1982.00000
2026-07-14 18:00:00+00:00,1.33773,1.33827,1.33769,1.33824,1416.00000
2026-07-14 18:15:00+00:00,1.33825,1.33841,1.33792,1.33806,1810.00000
2026-07-14 18:30:00+00:00,1.33803,1.33829,1.33710,1.33748,2568.00000
2026-07-14 18:45:00+00:00,1.33746,1.33825,1.33743,1.33820,2100.00000
2026-07-14 19:00:00+00:00,1.33822,1.33854,1.33812,1.33847,1762.00000
2026-07-14 19:15:00+00:00,1.33846,1.33873,1.33833,1.33867,1936.00000
2026-07-14 19:30:00+00:00,1.33868,1.33874,1.33820,1.33872,2190.00000
2026-07-14 19:45:00+00:00,1.33870,1.33914,1.33870,1.33878,1736.00000
2026-07-14 20:00:00+00:00,1.33879,1.33898,1.33863,1.33888,1300.00000
2026-07-14 20:15:00+00:00,1.33886,1.33891,1.33871,1.33875,460.00000
2026-07-14 20:30:00+00:00,1.33877,1.33897,1.33873,1.33888,544.00000
2026-07-14 20:45:00+00:00,1.33887,1.33922,1.33885,1.33908,664.00000
2026-07-14 21:00:00+00:00,1.33897,1.33905,1.33782,1.33843,171.00000
2026-07-14 21:15:00+00:00,1.33831,1.33942,1.33749,1.33892,227.00000
2026-07-14 21:30:00+00:00,1.33896,1.33897,1.33849,1.33886,616.00000
2026-07-14 21:45:00+00:00,1.33885,1.33902,1.33856,1.33868,693.00000
2026-07-14 22:00:00+00:00,1.33874,1.33914,1.33832,1.33901,534.00000
2026-07-14 22:15:00+00:00,1.33902,1.33941,1.33890,1.33939,604.00000
2026-07-14 22:30:00+00:00,1.33939,1.33944,1.33922,1.33924,411.00000
2026-07-14 22:45:00+00:00,1.33920,1.33921,1.33892,1.33906,325.00000
2026-07-14 23:00:00+00:00,1.33906,1.33934,1.33903,1.33929,641.00000
2026-07-14 23:15:00+00:00,1.33930,1.33938,1.33921,1.33938,455.00000
2026-07-14 23:30:00+00:00,1.33937,1.33963,1.33927,1.33961,716.00000
2026-07-14 23:45:00+00:00,1.33962,1.33967,1.33952,1.33966,490.00000
2026-07-15 00:00:00+00:00,1.33965,1.33972,1.33944,1.33951,1499.00000
2026-07-15 00:15:00+00:00,1.33950,1.33999,1.33950,1.33987,1170.00000
2026-07-15 00:30:00+00:00,1.33990,1.33997,1.33947,1.33958,1129.00000
2026-07-15 00:45:00+00:00,1.33957,1.34042,1.33957,1.34032,1541.00000
2026-07-15 01:00:00+00:00,1.34034,1.34053,1.34011,1.34049,1892.00000
2026-07-15 01:15:00+00:00,1.34048,1.34057,1.34009,1.34021,1210.00000
2026-07-15 01:30:00+00:00,1.34020,1.34035,1.33990,1.34004,1648.00000
2026-07-15 01:45:00+00:00,1.34005,1.34026,1.33996,1.34023,1481.00000
2026-07-15 02:00:00+00:00,1.34024,1.34052,1.34010,1.34025,1158.00000
2026-07-15 02:15:00+00:00,1.34026,1.34026,1.33999,1.34021,900.00000
2026-07-15 02:30:00+00:00,1.34020,1.34093,1.34013,1.34081,979.00000
2026-07-15 02:45:00+00:00,1.34080,1.34082,1.34055,1.34060,1158.00000
2026-07-15 03:00:00+00:00,1.34061,1.34092,1.34031,1.34032,1617.00000
2026-07-15 03:15:00+00:00,1.34034,1.34034,1.33984,1.34009,1163.00000
2026-07-15 03:30:00+00:00,1.34007,1.34025,1.33994,1.33995,915.00000
2026-07-15 03:45:00+00:00,1.33994,1.34049,1.33994,1.34037,914.00000
2026-07-15 04:00:00+00:00,1.34039,1.34051,1.34023,1.34030,981.00000
2026-07-15 04:15:00+00:00,1.34029,1.34051,1.34026,1.34045,771.00000
2026-07-15 04:30:00+00:00,1.34044,1.34054,1.34029,1.34034,748.00000
2026-07-15 04:45:00+00:00,1.34033,1.34051,1.34024,1.34026,532.00000
2026-07-15 05:00:00+00:00,1.34028,1.34040,1.34005,1.34033,1292.00000
2026-07-15 05:15:00+00:00,1.34032,1.34056,1.34029,1.34044,960.00000
2026-07-15 05:30:00+00:00,1.34043,1.34119,1.34041,1.34119,1185.00000
2026-07-15 05:45:00+00:00,1.34120,1.34145,1.34103,1.34104,1140.00000
2026-07-15 06:00:00+00:00,1.34105,1.34171,1.34105,1.34170,1338.00000
2026-07-15 06:15:00+00:00,1.34167,1.34199,1.34162,1.34173,1350.00000
2026-07-15 06:30:00+00:00,1.34176,1.34177,1.34108,1.34157,1674.00000
2026-07-15 06:45:00+00:00,1.34153,1.34194,1.34108,1.34150,2958.00000
2026-07-15 07:00:00+00:00,1.34148,1.34199,1.34090,1.34158,2621.00000
2026-07-15 07:15:00+00:00,1.34157,1.34163,1.34024,1.34082,1584.00000
2026-07-15 07:30:00+00:00,1.34083,1.34117,1.34049,1.34057,2150.00000
2026-07-15 07:45:00+00:00,1.34058,1.34059,1.34010,1.34022,1578.00000
2026-07-15 08:00:00+00:00,1.34023,1.34073,1.33958,1.33960,1882.00000
2026-07-15 08:15:00+00:00,1.33961,1.34000,1.33948,1.33996,1804.00000
2026-07-15 08:30:00+00:00,1.33998,1.34015,1.33948,1.33954,1538.00000
2026-07-15 08:45:00+00:00,1.33953,1.33964,1.33909,1.33963,1626.00000
2026-07-15 09:00:00+00:00,1.33968,1.33991,1.33924,1.33956,1350.00000
2026-07-15 09:15:00+00:00,1.33958,1.33971,1.33932,1.33933,1268.00000
2026-07-15 09:30:00+00:00,1.33932,1.33941,1.33887,1.33917,1593.00000
2026-07-15 09:45:00+00:00,1.33916,1.33940,1.33897,1.33903,1672.00000
2026-07-15 10:00:00+00:00,1.33904,1.33910,1.33848,1.33857,1699.00000
2026-07-15 10:15:00+00:00,1.33859,1.33898,1.33806,1.33820,2035.00000
2026-07-15 10:30:00+00:00,1.33821,1.33882,1.33819,1.33879,1622.00000
2026-07-15 10:45:00+00:00,1.33878,1.33997,1.33877,1.33997,1460.00000
2026-07-15 11:00:00+00:00,1.33999,1.34017,1.33970,1.33981,1404.00000
2026-07-15 11:15:00+00:00,1.33979,1.34003,1.33958,1.33980,1322.00000
2026-07-15 11:30:00+00:00,1.33981,1.34037,1.33967,1.34033,1586.00000
2026-07-15 11:45:00+00:00,1.34034,1.34151,1.34029,1.34102,3296.00000
2026-07-15 12:00:00+00:00,1.34103,1.34133,1.34030,1.34086,2442.00000
2026-07-15 12:15:00+00:00,1.34087,1.34133,1.34058,1.34084,2126.00000
2026-07-15 12:30:00+00:00,1.34085,1.34219,1.34084,1.34216,3678.00000
2026-07-15 12:45:00+00:00,1.34217,1.34303,1.34202,1.34284,2558.00000
2026-07-15 13:00:00+00:00,1.34286,1.34364,1.34259,1.34274,3043.00000
2026-07-15 13:15:00+00:00,1.34273,1.34329,1.34219,1.34242,2550.00000
2026-07-15 13:30:00+00:00,1.34241,1.34335,1.34238,1.34307,2808.00000
2026-07-15 13:45:00+00:00,1.34309,1.34496,1.34309,1.34411,3004.00000
2026-07-15 14:00:00+00:00,1.34416,1.34448,1.34378,1.34426,2596.00000
2026-07-15 14:15:00+00:00,1.34427,1.34475,1.34411,1.34451,3124.00000
2026-07-15 14:30:00+00:00,1.34453,1.34665,1.34451,1.34665,3683.00000
2026-07-15 14:45:00+00:00,1.34668,1.34825,1.34655,1.34784,4604.00000
2026-07-15 15:00:00+00:00,1.34786,1.34817,1.34732,1.34733,3061.00000
2026-07-15 15:15:00+00:00,1.34730,1.34890,1.34714,1.34882,3088.00000
2026-07-15 15:30:00+00:00,1.34881,1.34916,1.34837,1.34903,3270.00000
2026-07-15 15:45:00+00:00,1.34904,1.34978,1.34901,1.34957,2258.00000
2026-07-15 16:00:00+00:00,1.34958,1.35001,1.34941,1.34955,2366.00000
2026-07-15 16:15:00+00:00,1.34953,1.35117,1.34950,1.35113,2852.00000
2026-07-15 16:30:00+00:00,1.35120,1.35139,1.35069,1.35094,2200.00000
2026-07-15 16:45:00+00:00,1.35093,1.35284,1.35085,1.35260,3047.00000
2026-07-15 17:00:00+00:00,1.35261,1.35418,1.35259,1.35332,2736.00000
2026-07-15 17:15:00+00:00,1.35331,1.35362,1.35295,1.35325,2249.00000
2026-07-15 17:30:00+00:00,1.35324,1.35449,1.35324,1.35443,3040.00000
2026-07-15 17:45:00+00:00,1.35442,1.35490,1.35392,1.35476,2522.00000
2026-07-15 18:00:00+00:00,1.35475,1.35542,1.35475,1.35511,2301.00000
2026-07-15 18:15:00+00:00,1.35510,1.35581,1.35498,1.35539,1970.00000
2026-07-15 18:30:00+00:00,1.35540,1.35561,1.35445,1.35448,1896.00000
2026-07-15 18:45:00+00:00,1.35446,1.35453,1.35360,1.35362,2451.00000
2026-07-15 19:00:00+00:00,1.35361,1.35446,1.35359,1.35423,2054.00000
2026-07-15 19:15:00+00:00,1.35421,1.35432,1.35353,1.35372,2086.00000
2026-07-15 19:30:00+00:00,1.35373,1.35377,1.35277,1.35299,2738.00000
2026-07-15 19:45:00+00:00,1.35300,1.35352,1.35290,1.35348,1834.00000
2026-07-15 20:00:00+00:00,1.35351,1.35372,1.35336,1.35351,874.00000
2026-07-15 20:15:00+00:00,1.35350,1.35395,1.35349,1.35385,374.00000
2026-07-15 20:30:00+00:00,1.35384,1.35385,1.35354,1.35360,825.00000
2026-07-15 20:45:00+00:00,1.35359,1.35391,1.35348,1.35391,690.00000
2026-07-15 21:00:00+00:00,1.35362,1.35388,1.35276,1.35361,69.00000
2026-07-15 21:15:00+00:00,1.35359,1.35365,1.35276,1.35358,552.00000
2026-07-15 21:30:00+00:00,1.35361,1.35376,1.35340,1.35357,806.00000
2026-07-15 21:45:00+00:00,1.35355,1.35400,1.35297,1.35392,1032.00000
2026-07-15 22:00:00+00:00,1.35370,1.35406,1.35366,1.35399,501.00000
2026-07-15 22:15:00+00:00,1.35399,1.35417,1.35394,1.35417,129.00000
2026-07-15 22:30:00+00:00,1.35419,1.35419,1.35402,1.35407,189.00000
2026-07-15 22:45:00+00:00,1.35407,1.35409,1.35368,1.35380,353.00000
2026-07-15 23:00:00+00:00,1.35378,1.35400,1.35369,1.35399,394.00000
2026-07-15 23:15:00+00:00,1.35398,1.35413,1.35386,1.35408,437.00000
2026-07-15 23:30:00+00:00,1.35408,1.35431,1.35397,1.35430,401.00000
2026-07-15 23:45:00+00:00,1.35429,1.35435,1.35386,1.35387,615.00000
2026-07-16 00:00:00+00:00,1.35388,1.35443,1.35377,1.35438,1987.00000
2026-07-16 00:15:00+00:00,1.35436,1.35444,1.35379,1.35389,1597.00000
2026-07-16 00:30:00+00:00,1.35390,1.35393,1.35310,1.35328,1702.00000
2026-07-16 00:45:00+00:00,1.35323,1.35345,1.35274,1.35339,2499.00000
2026-07-16 01:00:00+00:00,1.35340,1.35351,1.35312,1.35328,1958.00000
2026-07-16 01:15:00+00:00,1.35326,1.35332,1.35276,1.35289,1997.00000
2026-07-16 01:30:00+00:00,1.35288,1.35303,1.35266,1.35283,1884.00000
2026-07-16 01:45:00+00:00,1.35282,1.35289,1.35259,1.35271,1413.00000
2026-07-16 02:00:00+00:00,1.35270,1.35271,1.35210,1.35213,1344.00000
2026-07-16 02:15:00+00:00,1.35214,1.35256,1.35197,1.35250,1265.00000
2026-07-16 02:30:00+00:00,1.35249,1.35259,1.35213,1.35236,1446.00000
2026-07-16 02:45:00+00:00,1.35237,1.35271,1.35216,1.35269,1240.00000
2026-07-16 03:00:00+00:00,1.35270,1.35349,1.35258,1.35339,1128.00000
2026-07-16 03:15:00+00:00,1.35338,1.35357,1.35332,1.35345,1086.00000
2026-07-16 03:30:00+00:00,1.35346,1.35379,1.35344,1.35345,1108.00000
2026-07-16 03:45:00+00:00,1.35344,1.35347,1.35310,1.35330,1044.00000
2026-07-16 04:00:00+00:00,1.35331,1.35346,1.35315,1.35346,1166.00000
2026-07-16 04:15:00+00:00,1.35345,1.35346,1.35306,1.35308,972.00000
2026-07-16 04:30:00+00:00,1.35309,1.35350,1.35307,1.35333,1113.00000
2026-07-16 04:45:00+00:00,1.35332,1.35341,1.35318,1.35325,914.00000
2026-07-16 05:00:00+00:00,1.35326,1.35362,1.35326,1.35357,1137.00000
2026-07-16 05:15:00+00:00,1.35358,1.35381,1.35357,1.35369,880.00000
2026-07-16 05:30:00+00:00,1.35370,1.35410,1.35330,1.35337,2131.00000
2026-07-16 05:45:00+00:00,1.35338,1.35343,1.35271,1.35289,1710.00000
2026-07-16 06:00:00+00:00,1.35284,1.35389,1.35279,1.35389,2551.00000
2026-07-16 06:15:00+00:00,1.35388,1.35388,1.35330,1.35360,1756.00000
2026-07-16 06:30:00+00:00,1.35358,1.35369,1.35326,1.35362,1796.00000
2026-07-16 06:45:00+00:00,1.35361,1.35421,1.35328,1.35401,2132.00000
2026-07-16 07:00:00+00:00,1.35403,1.35423,1.35357,1.35360,2312.00000
2026-07-16 07:15:00+00:00,1.35361,1.35410,1.35306,1.35327,1936.00000
2026-07-16 07:30:00+00:00,1.35325,1.35369,1.35325,1.35342,1452.00000
2026-07-16 07:45:00+00:00,1.35343,1.35380,1.35332,1.35333,2144.00000
2026-07-16 08:00:00+00:00,1.35335,1.35344,1.35217,1.35230,2186.00000
2026-07-16 08:15:00+00:00,1.35231,1.35244,1.35207,1.35218,1714.00000
2026-07-16 08:30:00+00:00,1.35219,1.35279,1.35211,1.35235,1990.00000
2026-07-16 08:45:00+00:00,1.35236,1.35238,1.35189,1.35207,1732.00000
2026-07-16 09:00:00+00:00,1.35208,1.35213,1.35148,1.35189,1801.00000
2026-07-16 09:15:00+00:00,1.35190,1.35195,1.35104,1.35107,1517.00000
2026-07-16 09:30:00+00:00,1.35108,1.35114,1.35057,1.35110,1460.00000
2026-07-16 09:45:00+00:00,1.35109,1.35112,1.35073,1.35077,1404.00000
2026-07-16 10:00:00+00:00,1.35078,1.35096,1.35058,1.35079,1320.00000
2026-07-16 10:15:00+00:00,1.35080,1.35093,1.35036,1.35043,1206.00000
2026-07-16 10:30:00+00:00,1.35042,1.35070,1.35027,1.35063,1540.00000
2026-07-16 10:45:00+00:00,1.35062,1.35084,1.35029,1.35038,1554.00000
2026-07-16 11:00:00+00:00,1.35037,1.35041,1.34974,1.35003,2024.00000
2026-07-16 11:15:00+00:00,1.35002,1.35011,1.34945,1.34963,2178.00000
2026-07-16 11:30:00+00:00,1.34962,1.35040,1.34962,1.35012,2163.00000
2026-07-16 11:45:00+00:00,1.35015,1.35071,1.34935,1.35067,2952.00000
2026-07-16 12:00:00+00:00,1.35069,1.35152,1.35050,1.35085,2762.00000
2026-07-16 12:15:00+00:00,1.35089,1.35111,1.35029,1.35047,2632.00000
2026-07-16 12:30:00+00:00,1.35048,1.35069,1.34991,1.35039,3075.00000
2026-07-16 12:45:00+00:00,1.35038,1.35060,1.34972,1.34977,2890.00000
2026-07-16 13:00:00+00:00,1.34981,1.35077,1.34966,1.35062,3023.00000
2026-07-16 13:15:00+00:00,1.35061,1.35100,1.35029,1.35087,2474.00000
2026-07-16 13:30:00+00:00,1.35085,1.35142,1.35053,1.35124,3570.00000
2026-07-16 13:45:00+00:00,1.35126,1.35172,1.35073,1.35083,3284.00000
2026-07-16 14:00:00+00:00,1.35080,1.35137,1.35037,1.35064,3300.00000
2026-07-16 14:15:00+00:00,1.35065,1.35111,1.35044,1.35081,3044.00000
2026-07-16 14:30:00+00:00,1.35082,1.35119,1.34994,1.35009,3176.00000
2026-07-16 14:45:00+00:00,1.35013,1.35028,1.34873,1.34881,3430.00000
2026-07-16 15:00:00+00:00,1.34880,1.34894,1.34803,1.34893,2630.00000
2026-07-16 15:15:00+00:00,1.34892,1.34913,1.34812,1.34812,2402.00000
2026-07-16 15:30:00+00:00,1.34813,1.34875,1.34802,1.34839,2008.00000
2026-07-16 15:45:00+00:00,1.34840,1.34899,1.34809,1.34831,2210.00000
2026-07-16 16:00:00+00:00,1.34833,1.34835,1.34742,1.34742,2278.00000
2026-07-16 16:15:00+00:00,1.34743,1.34751,1.34668,1.34683,2414.00000
2026-07-16 16:30:00+00:00,1.34684,1.34716,1.34663,1.34689,1802.00000
2026-07-16 16:45:00+00:00,1.34690,1.34703,1.34653,1.34660,1798.00000
2026-07-16 17:00:00+00:00,1.34661,1.34663,1.34597,1.34613,2082.00000
2026-07-16 17:15:00+00:00,1.34614,1.34678,1.34612,1.34673,1248.00000
2026-07-16 17:30:00+00:00,1.34674,1.34686,1.34656,1.34670,1288.00000
2026-07-16 17:45:00+00:00,1.34672,1.34719,1.34663,1.34697,1428.00000
2026-07-16 18:00:00+00:00,1.34698,1.34699,1.34649,1.34674,1946.00000
2026-07-16 18:15:00+00:00,1.34673,1.34697,1.34672,1.34681,1572.00000
2026-07-16 18:30:00+00:00,1.34679,1.34688,1.34666,1.34686,1179.00000
2026-07-16 18:45:00+00:00,1.34685,1.34713,1.34674,1.34704,1562.00000
2026-07-16 19:00:00+00:00,1.34706,1.34733,1.34684,1.34685,1686.00000
2026-07-16 19:15:00+00:00,1.34684,1.34697,1.34670,1.34676,1296.00000
2026-07-16 19:30:00+00:00,1.34675,1.34713,1.34671,1.34712,1434.00000
2026-07-16 19:45:00+00:00,1.34711,1.34755,1.34707,1.34747,1468.00000
2026-07-16 20:00:00+00:00,1.34746,1.34766,1.34736,1.34750,801.00000
2026-07-16 20:15:00+00:00,1.34751,1.34760,1.34744,1.34754,400.00000
2026-07-16 20:30:00+00:00,1.34753,1.34785,1.34753,1.34782,769.00000
2026-07-16 20:45:00+00:00,1.34783,1.34803,1.34782,1.34796,577.00000
2026-07-16 21:00:00+00:00,1.34791,1.34808,1.34703,1.34790,136.00000
2026-07-16 21:15:00+00:00,1.34802,1.34802,1.34765,1.34773,48.00000
2026-07-16 21:30:00+00:00,1.34774,1.34789,1.34730,1.34773,121.00000
2026-07-16 21:45:00+00:00,1.34772,1.34775,1.34750,1.34758,152.00000
2026-07-16 22:00:00+00:00,1.34755,1.34772,1.34720,1.34759,279.00000
2026-07-16 22:15:00+00:00,1.34759,1.34761,1.34750,1.34756,201.00000
2026-07-16 22:30:00+00:00,1.34755,1.34759,1.34742,1.34742,224.00000
2026-07-16 22:45:00+00:00,1.34742,1.34743,1.34728,1.34738,252.00000
2026-07-16 23:00:00+00:00,1.34739,1.34753,1.34733,1.34752,306.00000
2026-07-16 23:15:00+00:00,1.34751,1.34771,1.34750,1.34764,380.00000
2026-07-16 23:30:00+00:00,1.34763,1.34776,1.34755,1.34763,206.00000
2026-07-16 23:45:00+00:00,1.34763,1.34783,1.34753,1.34780,868.00000
2026-07-17 00:00:00+00:00,1.34781,1.34786,1.34739,1.34742,1322.00000
2026-07-17 00:15:00+00:00,1.34743,1.34767,1.34710,1.34712,1224.00000
2026-07-17 00:30:00+00:00,1.34713,1.34724,1.34697,1.34700,1170.00000
2026-07-17 00:45:00+00:00,1.34702,1.34775,1.34701,1.34772,1824.00000
2026-07-17 01:00:00+00:00,1.34771,1.34798,1.34754,1.34765,1744.00000
2026-07-17 01:15:00+00:00,1.34769,1.34787,1.34746,1.34749,1452.00000
2026-07-17 01:30:00+00:00,1.34748,1.34750,1.34702,1.34717,1902.00000
2026-07-17 01:45:00+00:00,1.34715,1.34718,1.34640,1.34660,1849.00000
2026-07-17 02:00:00+00:00,1.34661,1.34685,1.34659,1.34683,1509.00000
2026-07-17 02:15:00+00:00,1.34682,1.34693,1.34657,1.34660,1381.00000
2026-07-17 02:30:00+00:00,1.34661,1.34675,1.34630,1.34645,1324.00000
2026-07-17 02:45:00+00:00,1.34644,1.34663,1.34632,1.34635,1564.00000
2026-07-17 03:00:00+00:00,1.34636,1.34673,1.34630,1.34650,1474.00000
2026-07-17 03:15:00+00:00,1.34651,1.34690,1.34651,1.34676,1249.00000
2026-07-17 03:30:00+00:00,1.34675,1.34677,1.34621,1.34632,872.00000
2026-07-17 03:45:00+00:00,1.34631,1.34658,1.34626,1.34654,1276.00000
2026-07-17 04:00:00+00:00,1.34653,1.34655,1.34635,1.34642,1106.00000
2026-07-17 04:15:00+00:00,1.34640,1.34643,1.34596,1.34603,976.00000
2026-07-17 04:30:00+00:00,1.34602,1.34614,1.34585,1.34590,1288.00000
2026-07-17 04:45:00+00:00,1.34591,1.34609,1.34571,1.34589,890.00000
2026-07-17 05:00:00+00:00,1.34590,1.34601,1.34576,1.34594,750.00000
2026-07-17 05:15:00+00:00,1.34593,1.34611,1.34580,1.34600,1045.00000
2026-07-17 05:30:00+00:00,1.34599,1.34662,1.34599,1.34643,1769.00000
2026-07-17 05:45:00+00:00,1.34642,1.34661,1.34623,1.34630,1395.00000
2026-07-17 06:00:00+00:00,1.34629,1.34678,1.34593,1.34677,2104.00000
2026-07-17 06:15:00+00:00,1.34676,1.34752,1.34674,1.34713,2060.00000
2026-07-17 06:30:00+00:00,1.34712,1.34759,1.34707,1.34720,1832.00000
2026-07-17 06:45:00+00:00,1.34719,1.34754,1.34701,1.34743,2216.00000
2026-07-17 07:00:00+00:00,1.34741,1.34808,1.34700,1.34710,2326.00000
2026-07-17 07:15:00+00:00,1.34709,1.34718,1.34624,1.34697,1950.00000
2026-07-17 07:30:00+00:00,1.34698,1.34736,1.34636,1.34667,2030.00000
2026-07-17 07:45:00+00:00,1.34662,1.34676,1.34571,1.34573,1692.00000
2026-07-17 08:00:00+00:00,1.34575,1.34624,1.34519,1.34530,2063.00000
2026-07-17 08:15:00+00:00,1.34529,1.34550,1.34487,1.34492,3164.00000
2026-07-17 08:30:00+00:00,1.34491,1.34527,1.34448,1.34474,2664.00000
2026-07-17 08:45:00+00:00,1.34473,1.34484,1.34420,1.34430,2150.00000
2026-07-17 09:00:00+00:00,1.34429,1.34447,1.34371,1.34411,2228.00000
2026-07-17 09:15:00+00:00,1.34410,1.34443,1.34357,1.34440,1896.00000
2026-07-17 09:30:00+00:00,1.34439,1.34443,1.34373,1.34403,1618.00000
2026-07-17 09:45:00+00:00,1.34401,1.34433,1.34393,1.34430,1500.00000
2026-07-17 10:00:00+00:00,1.34432,1.34432,1.34354,1.34405,1858.00000
2026-07-17 10:15:00+00:00,1.34404,1.34418,1.34340,1.34343,1794.00000
2026-07-17 10:30:00+00:00,1.34342,1.34353,1.34312,1.34325,1747.00000
2026-07-17 10:45:00+00:00,1.34324,1.34332,1.34262,1.34317,2078.00000
2026-07-17 11:00:00+00:00,1.34324,1.34363,1.34278,1.34354,2298.00000
2026-07-17 11:15:00+00:00,1.34357,1.34404,1.34340,1.34391,1930.00000
2026-07-17 11:30:00+00:00,1.34393,1.34468,1.34383,1.34397,1892.00000
2026-07-17 11:45:00+00:00,1.34396,1.34429,1.34372,1.34384,2150.00000
2026-07-17 12:00:00+00:00,1.34383,1.34403,1.34352,1.34372,2248.00000
2026-07-17 12:15:00+00:00,1.34373,1.34378,1.34315,1.34353,1844.00000
2026-07-17 12:30:00+00:00,1.34354,1.34355,1.34283,1.34337,2338.00000
2026-07-17 12:45:00+00:00,1.34336,1.34363,1.34293,1.34317,2256.00000
2026-07-17 13:00:00+00:00,1.34320,1.34354,1.34284,1.34335,2874.00000
2026-07-17 13:15:00+00:00,1.34334,1.34365,1.34297,1.34343,2394.00000
2026-07-17 13:30:00+00:00,1.34344,1.34466,1.34330,1.34427,4064.00000
2026-07-17 13:45:00+00:00,1.34428,1.34512,1.34409,1.34508,3508.00000
2026-07-17 14:00:00+00:00,1.34509,1.34542,1.34466,1.34466,2889.00000
2026-07-17 14:15:00+00:00,1.34465,1.34535,1.34451,1.34482,2502.00000
2026-07-17 14:30:00+00:00,1.34483,1.34533,1.34471,1.34530,2974.00000
2026-07-17 14:45:00+00:00,1.34529,1.34547,1.34429,1.34451,3090.00000
2026-07-17 15:00:00+00:00,1.34453,1.34500,1.34446,1.34460,2686.00000
2026-07-17 15:15:00+00:00,1.34461,1.34535,1.34461,1.34535,2251.00000
2026-07-17 15:30:00+00:00,1.34538,1.34549,1.34462,1.34464,3182.00000
2026-07-17 15:45:00+00:00,1.34463,1.34469,1.34423,1.34449,2626.00000
2026-07-17 16:00:00+00:00,1.34450,1.34493,1.34376,1.34489,3120.00000
2026-07-17 16:15:00+00:00,1.34490,1.34539,1.34485,1.34534,2164.00000
2026-07-17 16:30:00+00:00,1.34533,1.34553,1.34506,1.34544,1984.00000
2026-07-17 16:45:00+00:00,1.34543,1.34560,1.34520,1.34560,1882.00000
2026-07-17 17:00:00+00:00,1.34563,1.34600,1.34549,1.34555,2235.00000
2026-07-17 17:15:00+00:00,1.34553,1.34558,1.34519,1.34550,1634.00000
2026-07-17 17:30:00+00:00,1.34549,1.34553,1.34513,1.34516,1094.00000
2026-07-17 17:45:00+00:00,1.34515,1.34537,1.34513,1.34532,1190.00000
2026-07-17 18:00:00+00:00,1.34533,1.34552,1.34513,1.34538,1266.00000
2026-07-17 18:15:00+00:00,1.34537,1.34557,1.34530,1.34554,1770.00000
2026-07-17 18:30:00+00:00,1.34555,1.34567,1.34530,1.34537,1144.00000
2026-07-17 18:45:00+00:00,1.34536,1.34550,1.34525,1.34541,1272.00000
2026-07-17 19:00:00+00:00,1.34536,1.34553,1.34526,1.34531,1420.00000
2026-07-17 19:15:00+00:00,1.34529,1.34547,1.34510,1.34533,1778.00000
2026-07-17 19:30:00+00:00,1.34535,1.34573,1.34516,1.34567,1782.00000
2026-07-17 19:45:00+00:00,1.34566,1.34598,1.34553,1.34585,1778.00000
2026-07-17 20:00:00+00:00,1.34586,1.34600,1.34562,1.34562,623.00000
2026-07-17 20:15:00+00:00,1.34561,1.34564,1.34520,1.34525,591.00000
2026-07-17 20:30:00+00:00,1.34526,1.34546,1.34526,1.34539,324.00000
2026-07-17 20:45:00+00:00,1.34537,1.34558,1.34509,1.34520,1133.00000
2026-07-19 21:00:00+00:00,1.34494,1.34494,1.34479,1.34479,22.00000
2026-07-19 21:15:00+00:00,1.34480,1.34484,1.34383,1.34472,288.00000
2026-07-19 21:30:00+00:00,1.34473,1.34495,1.34459,1.34465,1234.00000
2026-07-19 21:45:00+00:00,1.34466,1.34486,1.34391,1.34428,544.00000
2026-07-19 22:00:00+00:00,1.34453,1.34476,1.34385,1.34442,695.00000
2026-07-19 22:15:00+00:00,1.34443,1.34468,1.34409,1.34441,1087.00000
2026-07-19 22:30:00+00:00,1.34440,1.34473,1.34432,1.34450,687.00000
2026-07-19 22:45:00+00:00,1.34450,1.34451,1.34435,1.34439,334.00000
2026-07-19 23:00:00+00:00,1.34440,1.34445,1.34431,1.34432,486.00000
2026-07-19 23:15:00+00:00,1.34433,1.34440,1.34413,1.34429,518.00000
2026-07-19 23:30:00+00:00,1.34429,1.34453,1.34419,1.34450,672.00000
2026-07-19 23:45:00+00:00,1.34451,1.34453,1.34423,1.34451,1142.00000
2026-07-20 00:00:00+00:00,1.34458,1.34481,1.34431,1.34466,1844.00000
2026-07-20 00:15:00+00:00,1.34468,1.34520,1.34468,1.34506,1451.00000
2026-07-20 00:30:00+00:00,1.34507,1.34507,1.34478,1.34488,1189.00000
2026-07-20 00:45:00+00:00,1.34489,1.34512,1.34480,1.34507,1125.00000
2026-07-20 01:00:00+00:00,1.34508,1.34539,1.34488,1.34492,1812.00000
2026-07-20 01:15:00+00:00,1.34493,1.34528,1.34489,1.34523,1926.00000
2026-07-20 01:30:00+00:00,1.34522,1.34538,1.34488,1.34503,1800.00000
2026-07-20 01:45:00+00:00,1.34504,1.34543,1.34493,1.34541,1532.00000
2026-07-20 02:00:00+00:00,1.34542,1.34578,1.34531,1.34564,1664.00000
2026-07-20 02:15:00+00:00,1.34563,1.34595,1.34561,1.34592,1102.00000
2026-07-20 02:30:00+00:00,1.34593,1.34633,1.34584,1.34612,1362.00000
2026-07-20 02:45:00+00:00,1.34613,1.34622,1.34586,1.34591,939.00000
2026-07-20 03:00:00+00:00,1.34590,1.34596,1.34578,1.34593,1102.00000
2026-07-20 03:15:00+00:00,1.34591,1.34600,1.34586,1.34594,1006.00000
2026-07-20 03:30:00+00:00,1.34593,1.34615,1.34587,1.34613,782.00000
2026-07-20 03:45:00+00:00,1.34614,1.34618,1.34604,1.34606,798.00000
2026-07-20 04:00:00+00:00,1.34607,1.34627,1.34606,1.34625,647.00000
2026-07-20 04:15:00+00:00,1.34626,1.34663,1.34626,1.34658,622.00000
2026-07-20 04:30:00+00:00,1.34657,1.34672,1.34651,1.34665,658.00000
2026-07-20 04:45:00+00:00,1.34663,1.34680,1.34659,1.34663,644.00000
2026-07-20 05:00:00+00:00,1.34664,1.34667,1.34637,1.34648,900.00000
2026-07-20 05:15:00+00:00,1.34647,1.34678,1.34647,1.34664,830.00000
2026-07-20 05:30:00+00:00,1.34663,1.34675,1.34656,1.34670,716.00000
2026-07-20 05:45:00+00:00,1.34669,1.34676,1.34654,1.34663,963.00000
2026-07-20 06:00:00+00:00,1.34664,1.34689,1.34609,1.34619,1344.00000
2026-07-20 06:15:00+00:00,1.34618,1.34661,1.34606,1.34609,2102.00000
2026-07-20 06:30:00+00:00,1.34610,1.34647,1.34584,1.34622,1746.00000
2026-07-20 06:45:00+00:00,1.34621,1.34645,1.34576,1.34584,1828.00000
2026-07-20 07:00:00+00:00,1.34585,1.34668,1.34576,1.34631,2298.00000
2026-07-20 07:15:00+00:00,1.34632,1.34705,1.34609,1.34704,2414.00000
2026-07-20 07:30:00+00:00,1.34703,1.34812,1.34698,1.34794,2712.00000
2026-07-20 07:45:00+00:00,1.34792,1.34794,1.34741,1.34763,2177.00000
2026-07-20 08:00:00+00:00,1.34765,1.34769,1.34731,1.34740,1546.00000
2026-07-20 08:15:00+00:00,1.34739,1.34761,1.34661,1.34674,1722.00000
2026-07-20 08:30:00+00:00,1.34673,1.34715,1.34662,1.34690,1382.00000
2026-07-20 08:45:00+00:00,1.34691,1.34721,1.34674,1.34696,1178.00000
2026-07-20 09:00:00+00:00,1.34695,1.34695,1.34598,1.34614,1421.00000
2026-07-20 09:15:00+00:00,1.34613,1.34626,1.34575,1.34582,1270.00000
2026-07-20 09:30:00+00:00,1.34581,1.34654,1.34581,1.34653,1138.00000
2026-07-20 09:45:00+00:00,1.34652,1.34666,1.34599,1.34631,1828.00000
2026-07-20 10:00:00+00:00,1.34627,1.34694,1.34591,1.34680,1946.00000
2026-07-20 10:15:00+00:00,1.34679,1.34709,1.34662,1.34670,1522.00000
2026-07-20 10:30:00+00:00,1.34666,1.34736,1.34660,1.34710,1250.00000
2026-07-20 10:45:00+00:00,1.34709,1.34723,1.34674,1.34681,1518.00000
2026-07-20 11:00:00+00:00,1.34682,1.34722,1.34654,1.34691,2104.00000
2026-07-20 11:15:00+00:00,1.34690,1.34702,1.34663,1.34691,1234.00000
2026-07-20 11:30:00+00:00,1.34692,1.34787,1.34684,1.34687,4443.00000
2026-07-20 11:45:00+00:00,1.34685,1.34687,1.34613,1.34628,2208.00000
2026-07-20 12:00:00+00:00,1.34627,1.34647,1.34556,1.34587,2882.00000
2026-07-20 12:15:00+00:00,1.34588,1.34588,1.34518,1.34527,2314.00000
2026-07-20 12:30:00+00:00,1.34526,1.34552,1.34484,1.34505,1698.00000
2026-07-20 12:45:00+00:00,1.34506,1.34575,1.34506,1.34548,2304.00000
2026-07-20 13:00:00+00:00,1.34551,1.34560,1.34521,1.34552,1834.00000
2026-07-20 13:15:00+00:00,1.34553,1.34589,1.34532,1.34574,1954.00000
2026-07-20 13:30:00+00:00,1.34576,1.34580,1.34481,1.34483,3024.00000
2026-07-20 13:45:00+00:00,1.34482,1.34546,1.34449,1.34524,2184.00000
2026-07-20 14:00:00+00:00,1.34529,1.34570,1.34470,1.34511,2368.00000
2026-07-20 14:15:00+00:00,1.34514,1.34541,1.34480,1.34530,2696.00000
2026-07-20 14:30:00+00:00,1.34529,1.34529,1.34410,1.34421,2538.00000
2026-07-20 14:45:00+00:00,1.34420,1.34420,1.34340,1.34393,2620.00000
2026-07-20 15:00:00+00:00,1.34391,1.34391,1.34199,1.34204,3820.00000
2026-07-20 15:15:00+00:00,1.34205,1.34212,1.34138,1.34207,2122.00000
2026-07-20 15:30:00+00:00,1.34208,1.34210,1.34147,1.34165,1834.00000
2026-07-20 15:45:00+00:00,1.34169,1.34204,1.34141,1.34183,1696.00000
2026-07-20 16:00:00+00:00,1.34181,1.34226,1.34138,1.34213,1770.00000
2026-07-20 16:15:00+00:00,1.34212,1.34236,1.34165,1.34203,1336.00000
2026-07-20 16:30:00+00:00,1.34204,1.34214,1.34127,1.34174,1845.00000
2026-07-20 16:45:00+00:00,1.34173,1.34207,1.34148,1.34205,1680.00000
2026-07-20 17:00:00+00:00,1.34206,1.34254,1.34188,1.34202,1794.00000
2026-07-20 17:15:00+00:00,1.34201,1.34302,1.34192,1.34295,1450.00000
2026-07-20 17:30:00+00:00,1.34294,1.34307,1.34262,1.34296,1040.00000
2026-07-20 17:45:00+00:00,1.34300,1.34327,1.34291,1.34313,1334.00000
2026-07-20 18:00:00+00:00,1.34315,1.34364,1.34313,1.34362,1166.00000
2026-07-20 18:15:00+00:00,1.34363,1.34396,1.34352,1.34371,1748.00000
2026-07-20 18:30:00+00:00,1.34372,1.34373,1.34334,1.34336,1650.00000
2026-07-20 18:45:00+00:00,1.34335,1.34363,1.34318,1.34362,1818.00000
2026-07-20 19:00:00+00:00,1.34361,1.34365,1.34323,1.34326,1512.00000
2026-07-20 19:15:00+00:00,1.34325,1.34388,1.34319,1.34380,1284.00000
2026-07-20 19:30:00+00:00,1.34381,1.34393,1.34369,1.34372,1572.00000
2026-07-20 19:45:00+00:00,1.34376,1.34386,1.34340,1.34353,1638.00000
2026-07-20 20:00:00+00:00,1.34354,1.34369,1.34311,1.34312,1075.00000
2026-07-20 20:15:00+00:00,1.34311,1.34313,1.34290,1.34308,468.00000
2026-07-20 20:30:00+00:00,1.34309,1.34317,1.34297,1.34297,346.00000
2026-07-20 20:45:00+00:00,1.34296,1.34312,1.34295,1.34307,378.00000
2026-07-20 21:00:00+00:00,1.34339,1.34339,1.34296,1.34334,60.00000
2026-07-20 21:15:00+00:00,1.34333,1.34347,1.34239,1.34242,150.00000
2026-07-20 21:30:00+00:00,1.34244,1.34264,1.34241,1.34251,408.00000
2026-07-20 21:45:00+00:00,1.34248,1.34276,1.34233,1.34262,286.00000
2026-07-20 22:00:00+00:00,1.34243,1.34260,1.34204,1.34243,855.00000
2026-07-20 22:15:00+00:00,1.34246,1.34247,1.34229,1.34242,343.00000
2026-07-20 22:30:00+00:00,1.34244,1.34245,1.34240,1.34242,164.00000
2026-07-20 22:45:00+00:00,1.34243,1.34270,1.34242,1.34263,438.00000
2026-07-20 23:00:00+00:00,1.34262,1.34286,1.34261,1.34281,232.00000
2026-07-20 23:15:00+00:00,1.34281,1.34286,1.34276,1.34279,291.00000
2026-07-20 23:30:00+00:00,1.34279,1.34292,1.34279,1.34282,274.00000
2026-07-20 23:45:00+00:00,1.34281,1.34316,1.34280,1.34312,622.00000
2026-07-21 00:00:00+00:00,1.34313,1.34334,1.34302,1.34308,1974.00000
2026-07-21 00:15:00+00:00,1.34309,1.34312,1.34279,1.34285,1311.00000
2026-07-21 00:30:00+00:00,1.34284,1.34322,1.34272,1.34318,1345.00000
2026-07-21 00:45:00+00:00,1.34320,1.34350,1.34312,1.34314,1472.00000
2026-07-21 01:00:00+00:00,1.34315,1.34345,1.34300,1.34327,1360.00000
2026-07-21 01:15:00+00:00,1.34329,1.34369,1.34324,1.34344,1799.00000
2026-07-21 01:30:00+00:00,1.34345,1.34367,1.34325,1.34363,1578.00000
2026-07-21 01:45:00+00:00,1.34364,1.34369,1.34346,1.34349,1284.00000
2026-07-21 02:00:00+00:00,1.34351,1.34382,1.34349,1.34363,1371.00000
2026-07-21 02:15:00+00:00,1.34362,1.34382,1.34342,1.34342,1184.00000
2026-07-21 02:30:00+00:00,1.34343,1.34370,1.34342,1.34348,1006.00000
2026-07-21 02:45:00+00:00,1.34347,1.34348,1.34305,1.34313,1001.00000
2026-07-21 03:00:00+00:00,1.34314,1.34325,1.34293,1.34311,1107.00000
2026-07-21 03:15:00+00:00,1.34310,1.34345,1.34308,1.34342,1292.00000
2026-07-21 03:30:00+00:00,1.34343,1.34366,1.34341,1.34364,897.00000
2026-07-21 03:45:00+00:00,1.34365,1.34397,1.34364,1.34366,936.00000
2026-07-21 04:00:00+00:00,1.34364,1.34384,1.34359,1.34371,784.00000
2026-07-21 04:15:00+00:00,1.34372,1.34379,1.34368,1.34370,726.00000
2026-07-21 04:30:00+00:00,1.34369,1.34399,1.34366,1.34397,775.00000
2026-07-21 04:45:00+00:00,1.34396,1.34408,1.34392,1.34403,946.00000
2026-07-21 05:00:00+00:00,1.34405,1.34430,1.34389,1.34392,1201.00000
2026-07-21 05:15:00+00:00,1.34393,1.34408,1.34388,1.34405,944.00000
2026-07-21 05:30:00+00:00,1.34404,1.34464,1.34402,1.34460,1250.00000
2026-07-21 05:45:00+00:00,1.34459,1.34461,1.34425,1.34429,1300.00000
2026-07-21 06:00:00+00:00,1.34422,1.34501,1.34418,1.34484,1532.00000
2026-07-21 06:15:00+00:00,1.34483,1.34508,1.34462,1.34473,1988.00000
2026-07-21 06:30:00+00:00,1.34476,1.34516,1.34461,1.34513,1822.00000
2026-07-21 06:45:00+00:00,1.34512,1.34530,1.34470,1.34478,1850.00000
2026-07-21 07:00:00+00:00,1.34479,1.34556,1.34469,1.34488,2088.00000
2026-07-21 07:15:00+00:00,1.34489,1.34494,1.34442,1.34443,2013.00000
2026-07-21 07:30:00+00:00,1.34442,1.34444,1.34365,1.34376,2128.00000
2026-07-21 07:45:00+00:00,1.34375,1.34414,1.34373,1.34406,1812.00000
2026-07-21 08:00:00+00:00,1.34407,1.34462,1.34396,1.34455,1796.00000
2026-07-21 08:15:00+00:00,1.34453,1.34484,1.34370,1.34371,1826.00000
2026-07-21 08:30:00+00:00,1.34370,1.34370,1.34271,1.34330,1798.00000
2026-07-21 08:45:00+00:00,1.34331,1.34340,1.34291,1.34292,1032.00000
2026-07-21 09:00:00+00:00,1.34293,1.34298,1.34252,1.34279,1321.00000
2026-07-21 09:15:00+00:00,1.34276,1.34303,1.34249,1.34249,1464.00000
2026-07-21 09:30:00+00:00,1.34250,1.34337,1.34250,1.34281,1216.00000
2026-07-21 09:45:00+00:00,1.34282,1.34313,1.34268,1.34273,1298.00000
2026-07-21 10:00:00+00:00,1.34269,1.34339,1.34248,1.34313,1756.00000
2026-07-21 10:15:00+00:00,1.34314,1.34315,1.34261,1.34280,1430.00000
2026-07-21 10:30:00+00:00,1.34279,1.34301,1.34201,1.34213,1292.00000
2026-07-21 10:45:00+00:00,1.34212,1.34218,1.34140,1.34168,1643.00000
2026-07-21 11:00:00+00:00,1.34170,1.34208,1.34077,1.34098,1682.00000
2026-07-21 11:15:00+00:00,1.34099,1.34114,1.34068,1.34090,1332.00000
2026-07-21 11:30:00+00:00,1.34091,1.34145,1.34073,1.34112,1424.00000
2026-07-21 11:45:00+00:00,1.34111,1.34124,1.34016,1.34052,1284.00000
2026-07-21 12:00:00+00:00,1.34053,1.34070,1.33966,1.33983,2280.00000
2026-07-21 12:15:00+00:00,1.33984,1.33990,1.33837,1.33847,2572.00000
2026-07-21 12:30:00+00:00,1.33848,1.33922,1.33839,1.33876,2486.00000
2026-07-21 12:45:00+00:00,1.33877,1.33924,1.33820,1.33888,2334.00000
2026-07-21 13:00:00+00:00,1.33889,1.33925,1.33826,1.33922,2399.00000
2026-07-21 13:15:00+00:00,1.33921,1.33951,1.33776,1.33794,2896.00000
2026-07-21 13:30:00+00:00,1.33795,1.33804,1.33596,1.33643,4010.00000
2026-07-21 13:45:00+00:00,1.33642,1.33852,1.33639,1.33815,3442.00000
2026-07-21 14:00:00+00:00,1.33818,1.33993,1.33799,1.33990,3374.00000
2026-07-21 14:15:00+00:00,1.33989,1.33989,1.33855,1.33869,2948.00000
2026-07-21 14:30:00+00:00,1.33867,1.33901,1.33759,1.33804,2614.00000
2026-07-21 14:45:00+00:00,1.33805,1.33810,1.33660,1.33714,3510.00000
2026-07-21 15:00:00+00:00,1.33713,1.33756,1.33681,1.33743,2292.00000
2026-07-21 15:15:00+00:00,1.33744,1.33816,1.33739,1.33775,2014.00000
2026-07-21 15:30:00+00:00,1.33774,1.33799,1.33742,1.33758,2178.00000
2026-07-21 15:45:00+00:00,1.33759,1.33767,1.33712,1.33731,1746.00000
2026-07-21 16:00:00+00:00,1.33730,1.33746,1.33692,1.33707,1726.00000
2026-07-21 16:15:00+00:00,1.33706,1.33741,1.33697,1.33728,1408.00000
2026-07-21 16:30:00+00:00,1.33726,1.33833,1.33717,1.33827,918.00000
2026-07-21 16:45:00+00:00,1.33826,1.33841,1.33805,1.33824,1168.00000
2026-07-21 17:00:00+00:00,1.33826,1.33850,1.33803,1.33829,1332.00000
2026-07-21 17:15:00+00:00,1.33830,1.33864,1.33821,1.33864,914.00000
2026-07-21 17:30:00+00:00,1.33863,1.33869,1.33843,1.33861,606.00000
2026-07-21 17:45:00+00:00,1.33859,1.33872,1.33845,1.33847,946.00000
2026-07-21 18:00:00+00:00,1.33846,1.33847,1.33760,1.33770,1617.00000
2026-07-21 18:15:00+00:00,1.33769,1.33814,1.33750,1.33800,1296.00000
2026-07-21 18:30:00+00:00,1.33799,1.33808,1.33750,1.33787,1198.00000
2026-07-21 18:45:00+00:00,1.33786,1.33813,1.33775,1.33811,938.00000
2026-07-21 19:00:00+00:00,1.33812,1.33827,1.33792,1.33808,1198.00000
2026-07-21 19:15:00+00:00,1.33809,1.33844,1.33808,1.33835,1150.00000
2026-07-21 19:30:00+00:00,1.33836,1.33838,1.33802,1.33809,1158.00000
2026-07-21 19:45:00+00:00,1.33808,1.33846,1.33796,1.33804,1458.00000
2026-07-21 20:00:00+00:00,1.33803,1.33807,1.33786,1.33787,916.00000
2026-07-21 20:15:00+00:00,1.33786,1.33794,1.33767,1.33789,463.00000
2026-07-21 20:30:00+00:00,1.33790,1.33792,1.33779,1.33779,473.00000
2026-07-21 20:45:00+00:00,1.33780,1.33785,1.33737,1.33745,464.00000
2026-07-21 21:00:00+00:00,1.33737,1.33805,1.33682,1.33761,124.00000
2026-07-21 21:15:00+00:00,1.33731,1.33774,1.33704,1.33765,102.00000
2026-07-21 21:30:00+00:00,1.33760,1.33780,1.33743,1.33764,1126.00000
2026-07-21 21:45:00+00:00,1.33771,1.33795,1.33752,1.33781,2438.00000
2026-07-21 22:00:00+00:00,1.33773,1.33774,1.33737,1.33757,413.00000
2026-07-21 22:15:00+00:00,1.33756,1.33775,1.33754,1.33768,341.00000
2026-07-21 22:30:00+00:00,1.33769,1.33773,1.33761,1.33764,291.00000
2026-07-21 22:45:00+00:00,1.33764,1.33765,1.33739,1.33740,223.00000
2026-07-21 23:00:00+00:00,1.33741,1.33749,1.33735,1.33747,216.00000
2026-07-21 23:15:00+00:00,1.33747,1.33750,1.33737,1.33742,236.00000
2026-07-21 23:30:00+00:00,1.33743,1.33758,1.33743,1.33755,294.00000
2026-07-21 23:45:00+00:00,1.33754,1.33788,1.33751,1.33787,459.00000
2026-07-22 00:00:00+00:00,1.33789,1.33823,1.33778,1.33823,1864.00000
2026-07-22 00:15:00+00:00,1.33822,1.33867,1.33816,1.33866,1784.00000
2026-07-22 00:30:00+00:00,1.33867,1.33872,1.33810,1.33818,1277.00000
2026-07-22 00:45:00+00:00,1.33819,1.33862,1.33811,1.33851,1558.00000
2026-07-22 01:00:00+00:00,1.33853,1.33879,1.33847,1.33870,1569.00000
2026-07-22 01:15:00+00:00,1.33869,1.33874,1.33828,1.33838,1458.00000
2026-07-22 01:30:00+00:00,1.33840,1.33840,1.33796,1.33821,1462.00000
2026-07-22 01:45:00+00:00,1.33822,1.33843,1.33820,1.33834,1212.00000
2026-07-22 02:00:00+00:00,1.33837,1.33850,1.33806,1.33841,1220.00000
2026-07-22 02:15:00+00:00,1.33842,1.33899,1.33834,1.33879,1410.00000
2026-07-22 02:30:00+00:00,1.33878,1.33887,1.33855,1.33864,1484.00000
2026-07-22 02:45:00+00:00,1.33863,1.33875,1.33848,1.33853,1018.00000
2026-07-22 03:00:00+00:00,1.33852,1.33865,1.33815,1.33828,1240.00000
2026-07-22 03:15:00+00:00,1.33827,1.33870,1.33827,1.33869,964.00000
2026-07-22 03:30:00+00:00,1.33868,1.33871,1.33834,1.33836,838.00000
2026-07-22 03:45:00+00:00,1.33837,1.33847,1.33824,1.33831,868.00000
2026-07-22 04:00:00+00:00,1.33832,1.33833,1.33807,1.33817,1056.00000
2026-07-22 04:15:00+00:00,1.33818,1.33830,1.33811,1.33826,668.00000
2026-07-22 04:30:00+00:00,1.33827,1.33852,1.33824,1.33848,720.00000
2026-07-22 04:45:00+00:00,1.33847,1.33848,1.33825,1.33838,608.00000
2026-07-22 05:00:00+00:00,1.33839,1.33860,1.33834,1.33847,991.00000
2026-07-22 05:15:00+00:00,1.33848,1.33866,1.33834,1.33836,1058.00000
2026-07-22 05:30:00+00:00,1.33835,1.33838,1.33808,1.33816,1432.00000
2026-07-22 05:45:00+00:00,1.33815,1.33840,1.33792,1.33805,1522.00000
2026-07-22 06:00:00+00:00,1.33771,1.33911,1.33771,1.33840,2299.00000
2026-07-22 06:15:00+00:00,1.33839,1.33842,1.33703,1.33709,2606.00000
2026-07-22 06:30:00+00:00,1.33710,1.33753,1.33693,1.33746,1591.00000
2026-07-22 06:45:00+00:00,1.33745,1.33796,1.33729,1.33796,1740.00000
2026-07-22 07:00:00+00:00,1.33797,1.33856,1.33765,1.33846,2606.00000
2026-07-22 07:15:00+00:00,1.33845,1.33907,1.33822,1.33868,2060.00000
2026-07-22 07:30:00+00:00,1.33867,1.33953,1.33768,1.33794,2850.00000
2026-07-22 07:45:00+00:00,1.33793,1.33849,1.33756,1.33824,2212.00000
2026-07-22 08:00:00+00:00,1.33829,1.33836,1.33745,1.33748,2283.00000
2026-07-22 08:15:00+00:00,1.33747,1.33803,1.33732,1.33776,1821.00000
2026-07-22 08:30:00+00:00,1.33777,1.33840,1.33771,1.33808,2318.00000
2026-07-22 08:45:00+00:00,1.33807,1.33810,1.33716,1.33736,1828.00000
2026-07-22 09:00:00+00:00,1.33730,1.33749,1.33681,1.33690,1950.00000
2026-07-22 09:15:00+00:00,1.33687,1.33721,1.33673,1.33700,1520.00000
2026-07-22 09:30:00+00:00,1.33699,1.33742,1.33686,1.33708,1600.00000
2026-07-22 09:45:00+00:00,1.33707,1.33720,1.33665,1.33694,2086.00000
2026-07-22 10:00:00+00:00,1.33693,1.33723,1.33666,1.33710,2002.00000
2026-07-22 10:15:00+00:00,1.33711,1.33746,1.33690,1.33691,1808.00000
2026-07-22 10:30:00+00:00,1.33690,1.33700,1.33658,1.33672,1504.00000
2026-07-22 10:45:00+00:00,1.33673,1.33730,1.33663,1.33686,1798.00000
2026-07-22 11:00:00+00:00,1.33685,1.33728,1.33684,1.33689,2096.00000
2026-07-22 11:15:00+00:00,1.33690,1.33705,1.33636,1.33660,1752.00000
2026-07-22 11:30:00+00:00,1.33659,1.33696,1.33637,1.33676,2168.00000
2026-07-22 11:45:00+00:00,1.33674,1.33703,1.33655,1.33673,2474.00000
2026-07-22 12:00:00+00:00,1.33676,1.33704,1.33657,1.33704,2038.00000
2026-07-22 12:15:00+00:00,1.33703,1.33705,1.33657,1.33685,1792.00000
2026-07-22 12:30:00+00:00,1.33686,1.33727,1.33656,1.33677,1526.00000
2026-07-22 12:45:00+00:00,1.33678,1.33679,1.33545,1.33591,2364.00000
2026-07-22 13:00:00+00:00,1.33592,1.33676,1.33590,1.33656,2224.00000
2026-07-22 13:15:00+00:00,1.33657,1.33799,1.33641,1.33767,1978.00000
2026-07-22 13:30:00+00:00,1.33772,1.33895,1.33768,1.33866,3042.00000
2026-07-22 13:45:00+00:00,1.33865,1.33883,1.33814,1.33869,2746.00000
2026-07-22 14:00:00+00:00,1.33870,1.33907,1.33822,1.33889,2612.00000
2026-07-22 14:15:00+00:00,1.33888,1.33909,1.33804,1.33824,2710.00000
2026-07-22 14:30:00+00:00,1.33823,1.33844,1.33782,1.33793,2704.00000
2026-07-22 14:45:00+00:00,1.33794,1.33811,1.33722,1.33742,2866.00000
2026-07-22 15:00:00+00:00,1.33741,1.33792,1.33725,1.33762,2086.00000
2026-07-22 15:15:00+00:00,1.33761,1.33792,1.33723,1.33783,1628.00000
2026-07-22 15:30:00+00:00,1.33782,1.33789,1.33714,1.33754,2398.00000
2026-07-22 15:45:00+00:00,1.33756,1.33804,1.33736,1.33762,2191.00000
2026-07-22 16:00:00+00:00,1.33763,1.33763,1.33680,1.33688,1760.00000
2026-07-22 16:15:00+00:00,1.33686,1.33710,1.33655,1.33709,1694.00000
2026-07-22 16:30:00+00:00,1.33711,1.33731,1.33675,1.33704,1370.00000
2026-07-22 16:45:00+00:00,1.33703,1.33742,1.33687,1.33731,1496.00000
2026-07-22 17:00:00+00:00,1.33730,1.33743,1.33708,1.33711,1232.00000
2026-07-22 17:15:00+00:00,1.33710,1.33737,1.33705,1.33729,1448.00000
2026-07-22 17:30:00+00:00,1.33728,1.33728,1.33686,1.33710,914.00000
2026-07-22 17:45:00+00:00,1.33709,1.33733,1.33698,1.33715,978.00000
2026-07-22 18:00:00+00:00,1.33717,1.33729,1.33688,1.33696,1142.00000
2026-07-22 18:15:00+00:00,1.33697,1.33728,1.33696,1.33727,912.00000
2026-07-22 18:30:00+00:00,1.33728,1.33732,1.33708,1.33724,1134.00000
2026-07-22 18:45:00+00:00,1.33726,1.33756,1.33725,1.33738,1152.00000
2026-07-22 19:00:00+00:00,1.33737,1.33745,1.33712,1.33712,968.00000
2026-07-22 19:15:00+00:00,1.33713,1.33731,1.33708,1.33726,764.00000
2026-07-22 19:30:00+00:00,1.33725,1.33731,1.33712,1.33728,964.00000
2026-07-22 19:45:00+00:00,1.33729,1.33739,1.33706,1.33736,1358.00000
2026-07-22 20:00:00+00:00,1.33737,1.33771,1.33731,1.33763,1424.00000
2026-07-22 20:15:00+00:00,1.33764,1.33766,1.33757,1.33761,436.00000
2026-07-22 20:30:00+00:00,1.33762,1.33763,1.33742,1.33759,654.00000
2026-07-22 20:45:00+00:00,1.33760,1.33762,1.33747,1.33754,465.00000
2026-07-22 21:00:00+00:00,1.33789,1.33794,1.33699,1.33778,116.00000
2026-07-22 21:15:00+00:00,1.33769,1.33792,1.33700,1.33754,587.00000
2026-07-22 21:30:00+00:00,1.33762,1.33770,1.33695,1.33742,249.00000
2026-07-22 21:45:00+00:00,1.33755,1.33779,1.33724,1.33753,664.00000
2026-07-22 22:00:00+00:00,1.33742,1.33769,1.33690,1.33691,210.00000
2026-07-22 22:15:00+00:00,1.33692,1.33701,1.33682,1.33691,211.00000
2026-07-22 22:30:00+00:00,1.33695,1.33698,1.33673,1.33682,266.00000
2026-07-22 22:45:00+00:00,1.33681,1.33703,1.33680,1.33700,344.00000
2026-07-22 23:00:00+00:00,1.33701,1.33726,1.33701,1.33724,400.00000
2026-07-22 23:15:00+00:00,1.33725,1.33733,1.33721,1.33726,332.00000
2026-07-22 23:30:00+00:00,1.33727,1.33745,1.33724,1.33738,384.00000
2026-07-22 23:45:00+00:00,1.33737,1.33757,1.33732,1.33749,671.00000
2026-07-23 00:00:00+00:00,1.33751,1.33777,1.33735,1.33742,1557.00000
2026-07-23 00:15:00+00:00,1.33740,1.33769,1.33732,1.33746,1336.00000
2026-07-23 00:30:00+00:00,1.33747,1.33771,1.33746,1.33769,938.00000
2026-07-23 00:45:00+00:00,1.33764,1.33816,1.33740,1.33812,1474.00000
2026-07-23 01:00:00+00:00,1.33813,1.33839,1.33811,1.33815,2554.00000
2026-07-23 01:15:00+00:00,1.33816,1.33823,1.33801,1.33807,1831.00000
2026-07-23 01:30:00+00:00,1.33806,1.33862,1.33803,1.33829,2650.00000
2026-07-23 01:45:00+00:00,1.33828,1.33832,1.33802,1.33816,2096.00000
2026-07-23 02:00:00+00:00,1.33817,1.33857,1.33814,1.33842,1246.00000
2026-07-23 02:15:00+00:00,1.33839,1.33858,1.33832,1.33838,1120.00000
2026-07-23 02:30:00+00:00,1.33837,1.33879,1.33837,1.33877,1482.00000
2026-07-23 02:45:00+00:00,1.33875,1.33902,1.33872,1.33896,1164.00000
2026-07-23 03:00:00+00:00,1.33899,1.33914,1.33842,1.33842,1156.00000
2026-07-23 03:15:00+00:00,1.33841,1.33900,1.33834,1.33897,1106.00000
2026-07-23 03:30:00+00:00,1.33899,1.33906,1.33887,1.33901,836.00000
2026-07-23 03:45:00+00:00,1.33900,1.33910,1.33881,1.33884,1031.00000
2026-07-23 04:00:00+00:00,1.33885,1.33934,1.33878,1.33922,1286.00000
2026-07-23 04:15:00+00:00,1.33923,1.33924,1.33869,1.33901,1051.00000
2026-07-23 04:30:00+00:00,1.33902,1.33911,1.33877,1.33879,842.00000
2026-07-23 04:45:00+00:00,1.33878,1.33893,1.33845,1.33868,944.00000
2026-07-23 05:00:00+00:00,1.33865,1.33879,1.33854,1.33855,1032.00000
2026-07-23 05:15:00+00:00,1.33854,1.33856,1.33821,1.33853,1190.00000
2026-07-23 05:30:00+00:00,1.33852,1.33874,1.33849,1.33865,1204.00000
2026-07-23 05:45:00+00:00,1.33864,1.33879,1.33857,1.33859,1166.00000
2026-07-23 06:00:00+00:00,1.33857,1.33911,1.33852,1.33893,1860.00000
2026-07-23 06:15:00+00:00,1.33892,1.33902,1.33857,1.33876,1896.00000
2026-07-23 06:30:00+00:00,1.33875,1.33875,1.33754,1.33802,1406.00000
2026-07-23 06:45:00+00:00,1.33798,1.33814,1.33757,1.33771,1730.00000
2026-07-23 07:00:00+00:00,1.33773,1.33776,1.33716,1.33762,3020.00000
2026-07-23 07:15:00+00:00,1.33764,1.33801,1.33742,1.33763,1783.00000
2026-07-23 07:30:00+00:00,1.33762,1.33791,1.33711,1.33725,1878.00000
2026-07-23 07:45:00+00:00,1.33723,1.33736,1.33669,1.33736,2934.00000
2026-07-23 08:00:00+00:00,1.33739,1.33765,1.33706,1.33724,2110.00000
2026-07-23 08:15:00+00:00,1.33726,1.33727,1.33653,1.33667,2286.00000
2026-07-23 08:30:00+00:00,1.33665,1.33680,1.33610,1.33638,2356.00000
2026-07-23 08:45:00+00:00,1.33636,1.33703,1.33636,1.33684,2124.00000
2026-07-23 09:00:00+00:00,1.33683,1.33742,1.33671,1.33672,1804.00000
2026-07-23 09:15:00+00:00,1.33671,1.33712,1.33668,1.33675,1424.00000
2026-07-23 09:30:00+00:00,1.33676,1.33775,1.33662,1.33762,1630.00000
2026-07-23 09:45:00+00:00,1.33763,1.33768,1.33706,1.33723,1960.00000
2026-07-23 10:00:00+00:00,1.33724,1.33734,1.33675,1.33705,2168.00000
2026-07-23 10:15:00+00:00,1.33704,1.33715,1.33667,1.33688,1436.00000
2026-07-23 10:30:00+00:00,1.33687,1.33713,1.33649,1.33658,1884.00000
2026-07-23 10:45:00+00:00,1.33656,1.33713,1.33611,1.33677,2528.00000
2026-07-23 11:00:00+00:00,1.33676,1.33692,1.33637,1.33673,2064.00000
2026-07-23 11:15:00+00:00,1.33672,1.33676,1.33562,1.33590,2244.00000
2026-07-23 11:30:00+00:00,1.33589,1.33591,1.33402,1.33460,3508.00000
2026-07-23 11:45:00+00:00,1.33461,1.33567,1.33461,1.33557,3076.00000
2026-07-23 12:00:00+00:00,1.33556,1.33560,1.33487,1.33537,2702.00000
2026-07-23 12:15:00+00:00,1.33539,1.33544,1.33401,1.33466,2887.00000
2026-07-23 12:30:00+00:00,1.33436,1.33473,1.33367,1.33395,3132.00000
2026-07-23 12:45:00+00:00,1.33396,1.33438,1.33350,1.33427,3592.00000
2026-07-23 13:00:00+00:00,1.33424,1.33429,1.33270,1.33283,4102.00000
2026-07-23 13:15:00+00:00,1.33276,1.33364,1.33276,1.33358,3335.00000
2026-07-23 13:30:00+00:00,1.33357,1.33448,1.33344,1.33365,4350.00000
2026-07-23 13:45:00+00:00,1.33364,1.33399,1.33272,1.33284,3177.00000
2026-07-23 14:00:00+00:00,1.33285,1.33315,1.33217,1.33283,3882.00000
2026-07-23 14:15:00+00:00,1.33282,1.33297,1.33202,1.33266,3795.00000
2026-07-23 14:30:00+00:00,1.33265,1.33296,1.33183,1.33183,3252.00000
2026-07-23 14:45:00+00:00,1.33184,1.33208,1.33126,1.33198,3584.00000
2026-07-23 15:00:00+00:00,1.33201,1.33243,1.33148,1.33184,3348.00000
2026-07-23 15:15:00+00:00,1.33183,1.33203,1.33065,1.33075,3825.00000
2026-07-23 15:30:00+00:00,1.33076,1.33134,1.32988,1.33088,3861.00000
2026-07-23 15:45:00+00:00,1.33089,1.33118,1.33060,1.33104,2806.00000
2026-07-23 16:00:00+00:00,1.33112,1.33201,1.33101,1.33194,2286.00000
2026-07-23 16:15:00+00:00,1.33195,1.33208,1.33132,1.33203,2448.00000
2026-07-23 16:30:00+00:00,1.33204,1.33239,1.33161,1.33235,2424.00000
2026-07-23 16:45:00+00:00,1.33234,1.33257,1.33231,1.33237,1868.00000
2026-07-23 17:00:00+00:00,1.33238,1.33247,1.33193,1.33198,2150.00000
2026-07-23 17:15:00+00:00,1.33197,1.33228,1.33194,1.33198,1676.00000
2026-07-23 17:30:00+00:00,1.33197,1.33202,1.33163,1.33168,2180.00000
2026-07-23 17:45:00+00:00,1.33167,1.33190,1.33134,1.33138,2036.00000
2026-07-23 18:00:00+00:00,1.33137,1.33183,1.33132,1.33158,1658.00000
2026-07-23 18:15:00+00:00,1.33159,1.33175,1.33136,1.33171,2156.00000
2026-07-23 18:30:00+00:00,1.33170,1.33187,1.33137,1.33145,1762.00000
2026-07-23 18:45:00+00:00,1.33146,1.33169,1.33137,1.33165,1448.00000
2026-07-23 19:00:00+00:00,1.33172,1.33192,1.33124,1.33125,874.00000
2026-07-23 19:15:00+00:00,1.33118,1.33164,1.33115,1.33164,1182.00000
2026-07-23 19:30:00+00:00,1.33165,1.33197,1.33146,1.33147,1610.00000
2026-07-23 19:45:00+00:00,1.33148,1.33185,1.33143,1.33172,1648.00000
2026-07-23 20:00:00+00:00,1.33174,1.33193,1.33169,1.33171,668.00000
2026-07-23 20:15:00+00:00,1.33170,1.33170,1.33152,1.33165,538.00000
2026-07-23 20:30:00+00:00,1.33166,1.33175,1.33151,1.33157,305.00000
2026-07-23 20:45:00+00:00,1.33158,1.33164,1.33140,1.33143,437.00000
2026-07-23 21:00:00+00:00,1.33144,1.33208,1.33101,1.33157,98.00000
2026-07-23 21:15:00+00:00,1.33159,1.33197,1.33141,1.33172,162.00000
2026-07-23 21:30:00+00:00,1.33174,1.33186,1.33129,1.33135,318.00000
2026-07-23 21:45:00+00:00,1.33136,1.33168,1.33123,1.33155,586.00000
2026-07-23 22:00:00+00:00,1.33182,1.33183,1.33113,1.33142,306.00000
2026-07-23 22:15:00+00:00,1.33142,1.33157,1.33132,1.33136,103.00000
2026-07-23 22:30:00+00:00,1.33136,1.33145,1.33132,1.33143,267.00000
2026-07-23 22:45:00+00:00,1.33143,1.33161,1.33143,1.33159,216.00000
2026-07-23 23:00:00+00:00,1.33159,1.33161,1.33139,1.33139,305.00000
2026-07-23 23:15:00+00:00,1.33139,1.33155,1.33139,1.33153,231.00000
2026-07-23 23:30:00+00:00,1.33152,1.33160,1.33120,1.33133,551.00000
2026-07-23 23:45:00+00:00,1.33136,1.33152,1.33111,1.33122,1203.00000
2026-07-24 00:00:00+00:00,1.33117,1.33173,1.33113,1.33154,2260.00000
2026-07-24 00:15:00+00:00,1.33155,1.33175,1.33146,1.33167,1504.00000
2026-07-24 00:30:00+00:00,1.33168,1.33172,1.33143,1.33146,1104.00000
2026-07-24 00:45:00+00:00,1.33145,1.33245,1.33139,1.33245,1468.00000
2026-07-24 01:00:00+00:00,1.33248,1.33267,1.33224,1.33236,1998.00000
2026-07-24 01:15:00+00:00,1.33235,1.33246,1.33202,1.33203,1958.00000
2026-07-24 01:30:00+00:00,1.33202,1.33257,1.33195,1.33256,1410.00000
2026-07-24 01:45:00+00:00,1.33255,1.33256,1.33202,1.33208,1168.00000
2026-07-24 02:00:00+00:00,1.33209,1.33216,1.33180,1.33204,1724.00000
2026-07-24 02:15:00+00:00,1.33205,1.33209,1.33180,1.33192,1178.00000
2026-07-24 02:30:00+00:00,1.33191,1.33224,1.33184,1.33185,1037.00000
2026-07-24 02:45:00+00:00,1.33184,1.33186,1.33140,1.33141,1198.00000
2026-07-24 03:00:00+00:00,1.33140,1.33145,1.33112,1.33121,1018.00000
2026-07-24 03:15:00+00:00,1.33120,1.33134,1.33111,1.33117,1430.00000
2026-07-24 03:30:00+00:00,1.33118,1.33148,1.33113,1.33142,1006.00000
2026-07-24 03:45:00+00:00,1.33141,1.33152,1.33132,1.33142,838.00000
2026-07-24 04:00:00+00:00,1.33143,1.33149,1.33133,1.33142,733.00000
2026-07-24 04:15:00+00:00,1.33141,1.33149,1.33121,1.33122,636.00000
2026-07-24 04:30:00+00:00,1.33123,1.33128,1.33090,1.33090,698.00000
2026-07-24 04:45:00+00:00,1.33084,1.33105,1.33065,1.33103,818.00000
2026-07-24 05:00:00+00:00,1.33105,1.33130,1.33094,1.33119,1088.00000
2026-07-24 05:15:00+00:00,1.33118,1.33150,1.33113,1.33143,706.00000
2026-07-24 05:30:00+00:00,1.33144,1.33167,1.33139,1.33143,1155.00000
2026-07-24 05:45:00+00:00,1.33144,1.33154,1.33084,1.33084,1262.00000
2026-07-24 06:00:00+00:00,1.33079,1.33130,1.33079,1.33120,1702.00000
2026-07-24 06:15:00+00:00,1.33122,1.33229,1.33118,1.33208,1710.00000
2026-07-24 06:30:00+00:00,1.33207,1.33247,1.33189,1.33208,1504.00000
2026-07-24 06:45:00+00:00,1.33207,1.33260,1.33191,1.33260,2024.00000
2026-07-24 07:00:00+00:00,1.33262,1.33386,1.33224,1.33375,2161.00000
2026-07-24 07:15:00+00:00,1.33382,1.33416,1.33311,1.33400,1764.00000
2026-07-24 07:30:00+00:00,1.33396,1.33444,1.33312,1.33324,2438.00000
2026-07-24 07:45:00+00:00,1.33325,1.33378,1.33301,1.33356,2016.00000
2026-07-24 08:00:00+00:00,1.33355,1.33370,1.33303,1.33362,2108.00000
2026-07-24 08:15:00+00:00,1.33361,1.33361,1.33275,1.33319,1987.00000
2026-07-24 08:30:00+00:00,1.33337,1.33347,1.33260,1.33276,1753.00000
2026-07-24 08:45:00+00:00,1.33275,1.33277,1.33200,1.33212,2144.00000
2026-07-24 09:00:00+00:00,1.33211,1.33222,1.33150,1.33153,1620.00000
2026-07-24 09:15:00+00:00,1.33152,1.33191,1.33130,1.33188,1587.00000
2026-07-24 09:30:00+00:00,1.33189,1.33221,1.33172,1.33185,1218.00000
2026-07-24 09:45:00+00:00,1.33188,1.33202,1.33138,1.33191,1648.00000
2026-07-24 10:00:00+00:00,1.33192,1.33198,1.33133,1.33160,1818.00000
2026-07-24 10:15:00+00:00,1.33158,1.33287,1.33157,1.33254,1849.00000
2026-07-24 10:30:00+00:00,1.33256,1.33285,1.33241,1.33246,1522.00000
2026-07-24 10:45:00+00:00,1.33245,1.33264,1.33192,1.33222,1676.00000
2026-07-24 11:00:00+00:00,1.33221,1.33278,1.33202,1.33278,1716.00000
2026-07-24 11:15:00+00:00,1.33277,1.33279,1.33241,1.33247,1084.00000
2026-07-24 11:30:00+00:00,1.33249,1.33252,1.33200,1.33217,1705.00000
2026-07-24 11:45:00+00:00,1.33220,1.33251,1.33141,1.33230,2623.00000
2026-07-24 12:00:00+00:00,1.33233,1.33256,1.33177,1.33244,2568.00000
2026-07-24 12:15:00+00:00,1.33243,1.33243,1.33142,1.33161,2058.00000
2026-07-24 12:30:00+00:00,1.33162,1.33171,1.33072,1.33089,2018.00000
2026-07-24 12:45:00+00:00,1.33083,1.33131,1.33059,1.33100,1972.00000
2026-07-24 13:00:00+00:00,1.33101,1.33144,1.33060,1.33121,2360.00000
2026-07-24 13:15:00+00:00,1.33122,1.33183,1.33108,1.33183,1716.00000
2026-07-24 13:30:00+00:00,1.33182,1.33204,1.33135,1.33186,2899.00000
2026-07-24 13:45:00+00:00,1.33161,1.33268,1.33161,1.33255,2779.00000
2026-07-24 14:00:00+00:00,1.33257,1.33295,1.33199,1.33252,2902.00000
2026-07-24 14:15:00+00:00,1.33254,1.33313,1.33211,1.33260,2940.00000
2026-07-24 14:30:00+00:00,1.33259,1.33290,1.33240,1.33252,2146.00000
2026-07-24 14:45:00+00:00,1.33251,1.33345,1.33240,1.33266,2977.00000
2026-07-24 15:00:00+00:00,1.33269,1.33455,1.33244,1.33432,3565.00000
2026-07-24 15:15:00+00:00,1.33430,1.33489,1.33391,1.33427,3368.00000
2026-07-24 15:30:00+00:00,1.33429,1.33451,1.33381,1.33399,2176.00000
2026-07-24 15:45:00+00:00,1.33400,1.33440,1.33392,1.33420,1820.00000
2026-07-24 16:00:00+00:00,1.33421,1.33446,1.33397,1.33437,1570.00000
2026-07-24 16:15:00+00:00,1.33438,1.33453,1.33400,1.33403,1358.00000
2026-07-24 16:30:00+00:00,1.33402,1.33411,1.33358,1.33361,1360.00000
2026-07-24 16:45:00+00:00,1.33358,1.33361,1.33313,1.33325,1334.00000
2026-07-24 17:00:00+00:00,1.33326,1.33328,1.33236,1.33256,2154.00000
2026-07-24 17:15:00+00:00,1.33255,1.33263,1.33220,1.33262,1358.00000
2026-07-24 17:30:00+00:00,1.33263,1.33275,1.33217,1.33237,1021.00000
2026-07-24 17:45:00+00:00,1.33236,1.33261,1.33217,1.33250,940.00000
2026-07-24 18:00:00+00:00,1.33251,1.33284,1.33245,1.33281,900.00000
2026-07-24 18:15:00+00:00,1.33282,1.33293,1.33257,1.33261,980.00000
2026-07-24 18:30:00+00:00,1.33260,1.33272,1.33239,1.33252,1338.00000
2026-07-24 18:45:00+00:00,1.33254,1.33284,1.33251,1.33255,818.00000
2026-07-24 19:00:00+00:00,1.33254,1.33274,1.33250,1.33255,1292.00000
2026-07-24 19:15:00+00:00,1.33256,1.33263,1.33221,1.33233,1104.00000
2026-07-24 19:30:00+00:00,1.33232,1.33266,1.33230,1.33241,1612.00000
2026-07-24 19:45:00+00:00,1.33240,1.33244,1.33214,1.33214,894.00000
2026-07-24 20:00:00+00:00,1.33215,1.33225,1.33206,1.33208,547.00000
2026-07-24 20:15:00+00:00,1.33207,1.33211,1.33194,1.33195,226.00000
2026-07-24 20:30:00+00:00,1.33194,1.33195,1.33166,1.33183,349.00000
2026-07-24 20:45:00+00:00,1.33184,1.33256,1.33181,1.33243,1057.00000
2026-07-26 21:00:00+00:00,1.33275,1.33360,1.33255,1.33336,177.00000
2026-07-26 21:15:00+00:00,1.33319,1.33387,1.33319,1.33376,162.00000
2026-07-26 21:30:00+00:00,1.33387,1.33389,1.33305,1.33364,146.00000
2026-07-26 21:45:00+00:00,1.33354,1.33394,1.33346,1.33358,178.00000
2026-07-26 22:00:00+00:00,1.33368,1.33563,1.33342,1.33467,967.00000
2026-07-26 22:15:00+00:00,1.33467,1.33492,1.33439,1.33469,916.00000
2026-07-26 22:30:00+00:00,1.33469,1.33473,1.33439,1.33455,585.00000
2026-07-26 22:45:00+00:00,1.33456,1.33458,1.33417,1.33430,489.00000
2026-07-26 23:00:00+00:00,1.33430,1.33457,1.33423,1.33443,510.00000
2026-07-26 23:15:00+00:00,1.33444,1.33451,1.33426,1.33442,449.00000
2026-07-26 23:30:00+00:00,1.33441,1.33490,1.33441,1.33481,403.00000
2026-07-26 23:45:00+00:00,1.33481,1.33519,1.33470,1.33508,1005.00000
2026-07-27 00:00:00+00:00,1.33511,1.33587,1.33498,1.33584,3156.00000
2026-07-27 00:15:00+00:00,1.33583,1.33619,1.33549,1.33609,2521.00000
2026-07-27 00:30:00+00:00,1.33610,1.33632,1.33569,1.33576,2362.00000
2026-07-27 00:45:00+00:00,1.33577,1.33582,1.33505,1.33511,1862.00000
2026-07-27 01:00:00+00:00,1.33512,1.33566,1.33512,1.33544,2585.00000
2026-07-27 01:15:00+00:00,1.33545,1.33566,1.33533,1.33542,1770.00000
2026-07-27 01:30:00+00:00,1.33543,1.33576,1.33521,1.33553,1892.00000
2026-07-27 01:45:00+00:00,1.33554,1.33635,1.33554,1.33635,1758.00000
2026-07-27 02:00:00+00:00,1.33636,1.33637,1.33594,1.33596,1752.00000
2026-07-27 02:15:00+00:00,1.33597,1.33603,1.33566,1.33597,1154.00000
2026-07-27 02:30:00+00:00,1.33596,1.33600,1.33560,1.33571,1159.00000
2026-07-27 02:45:00+00:00,1.33574,1.33577,1.33546,1.33548,1120.00000
2026-07-27 03:00:00+00:00,1.33549,1.33564,1.33526,1.33532,1580.00000
2026-07-27 03:15:00+00:00,1.33533,1.33547,1.33523,1.33527,998.00000
2026-07-27 03:30:00+00:00,1.33528,1.33528,1.33500,1.33516,1744.00000
2026-07-27 03:45:00+00:00,1.33515,1.33529,1.33508,1.33526,741.00000
2026-07-27 04:00:00+00:00,1.33527,1.33545,1.33522,1.33539,866.00000
2026-07-27 04:15:00+00:00,1.33540,1.33546,1.33500,1.33507,863.00000
2026-07-27 04:30:00+00:00,1.33506,1.33541,1.33506,1.33522,956.00000
2026-07-27 04:45:00+00:00,1.33523,1.33529,1.33506,1.33510,694.00000
2026-07-27 05:00:00+00:00,1.33509,1.33559,1.33499,1.33558,784.00000
2026-07-27 05:15:00+00:00,1.33557,1.33558,1.33523,1.33541,936.00000
2026-07-27 05:30:00+00:00,1.33542,1.33551,1.33521,1.33528,1280.00000
2026-07-27 05:45:00+00:00,1.33529,1.33561,1.33521,1.33530,1038.00000
2026-07-27 06:00:00+00:00,1.33528,1.33588,1.33516,1.33561,2014.00000
2026-07-27 06:15:00+00:00,1.33562,1.33588,1.33517,1.33583,1832.00000
2026-07-27 06:30:00+00:00,1.33582,1.33609,1.33547,1.33581,1612.00000
2026-07-27 06:45:00+00:00,1.33582,1.33592,1.33479,1.33499,1522.00000
2026-07-27 07:00:00+00:00,1.33494,1.33524,1.33408,1.33480,2599.00000
2026-07-27 07:15:00+00:00,1.33481,1.33498,1.33413,1.33474,2620.00000
2026-07-27 07:30:00+00:00,1.33473,1.33475,1.33400,1.33421,2774.00000
2026-07-27 07:45:00+00:00,1.33422,1.33428,1.33342,1.33346,2358.00000
2026-07-27 08:00:00+00:00,1.33341,1.33383,1.33322,1.33332,2422.00000
2026-07-27 08:15:00+00:00,1.33331,1.33349,1.33307,1.33338,1786.00000
2026-07-27 08:30:00+00:00,1.33339,1.33395,1.33320,1.33359,1518.00000
2026-07-27 08:45:00+00:00,1.33358,1.33403,1.33345,1.33379,1518.00000
2026-07-27 09:00:00+00:00,1.33380,1.33411,1.33317,1.33329,1620.00000
2026-07-27 09:15:00+00:00,1.33330,1.33342,1.33307,1.33314,1667.00000
2026-07-27 09:30:00+00:00,1.33313,1.33352,1.33300,1.33338,1416.00000
2026-07-27 09:45:00+00:00,1.33336,1.33345,1.33300,1.33311,1562.00000
2026-07-27 10:00:00+00:00,1.33309,1.33364,1.33276,1.33301,2117.00000
2026-07-27 10:15:00+00:00,1.33300,1.33335,1.33286,1.33287,1564.00000
2026-07-27 10:30:00+00:00,1.33285,1.33329,1.33276,1.33308,1561.00000
2026-07-27 10:45:00+00:00,1.33309,1.33309,1.33170,1.33188,1958.00000
2026-07-27 11:00:00+00:00,1.33189,1.33214,1.33103,1.33132,2062.00000
2026-07-27 11:15:00+00:00,1.33133,1.33193,1.33126,1.33141,1222.00000
2026-07-27 11:30:00+00:00,1.33145,1.33202,1.33096,1.33160,2476.00000
2026-07-27 11:45:00+00:00,1.33161,1.33169,1.33117,1.33139,1974.00000
2026-07-27 12:00:00+00:00,1.33140,1.33181,1.33082,1.33089,2280.00000
2026-07-27 12:15:00+00:00,1.33088,1.33150,1.33076,1.33130,1496.00000
2026-07-27 12:30:00+00:00,1.33131,1.33139,1.33044,1.33098,1688.00000
2026-07-27 12:45:00+00:00,1.33099,1.33174,1.33088,1.33137,2124.00000
2026-07-27 13:00:00+00:00,1.33136,1.33168,1.33088,1.33153,2680.00000
2026-07-27 13:15:00+00:00,1.33154,1.33154,1.33116,1.33139,1912.00000
2026-07-27 13:30:00+00:00,1.33143,1.33210,1.33142,1.33168,3134.00000
2026-07-27 13:45:00+00:00,1.33169,1.33188,1.33085,1.33106,3025.00000
2026-07-27 14:00:00+00:00,1.33107,1.33173,1.33060,1.33169,3072.00000
2026-07-27 14:15:00+00:00,1.33170,1.33171,1.33059,1.33059,2662.00000
2026-07-27 14:30:00+00:00,1.33060,1.33111,1.33049,1.33052,2854.00000
2026-07-27 14:45:00+00:00,1.33054,1.33090,1.32993,1.33027,2889.00000
2026-07-27 15:00:00+00:00,1.33028,1.33056,1.32995,1.33031,2920.00000
2026-07-27 15:15:00+00:00,1.33032,1.33071,1.33026,1.33059,2742.00000
2026-07-27 15:30:00+00:00,1.33058,1.33059,1.33017,1.33040,2215.00000
2026-07-27 15:45:00+00:00,1.33039,1.33064,1.33004,1.33020,1844.00000
2026-07-27 16:00:00+00:00,1.33019,1.33043,1.32996,1.33015,2112.00000
2026-07-27 16:15:00+00:00,1.33016,1.33141,1.33008,1.33105,2464.00000
2026-07-27 16:30:00+00:00,1.33104,1.33116,1.33066,1.33068,2430.00000
2026-07-27 16:45:00+00:00,1.33069,1.33069,1.33015,1.33032,1962.00000
2026-07-27 17:00:00+00:00,1.33033,1.33034,1.32858,1.32917,2298.00000
2026-07-27 17:15:00+00:00,1.32918,1.32919,1.32848,1.32856,1612.00000
2026-07-27 17:30:00+00:00,1.32857,1.32898,1.32844,1.32857,1450.00000
2026-07-27 17:45:00+00:00,1.32858,1.32918,1.32853,1.32911,1138.00000
2026-07-27 18:00:00+00:00,1.32912,1.32924,1.32900,1.32916,1078.00000
2026-07-27 18:15:00+00:00,1.32917,1.32917,1.32882,1.32898,1614.00000
2026-07-27 18:30:00+00:00,1.32897,1.32939,1.32881,1.32898,1426.00000
2026-07-27 18:45:00+00:00,1.32899,1.32920,1.32869,1.32882,1842.00000
2026-07-27 19:00:00+00:00,1.32884,1.32913,1.32884,1.32892,1174.00000
2026-07-27 19:15:00+00:00,1.32893,1.32930,1.32893,1.32929,776.00000
2026-07-27 19:30:00+00:00,1.32928,1.32965,1.32925,1.32951,1222.00000
2026-07-27 19:45:00+00:00,1.32950,1.32959,1.32917,1.32919,1408.00000
2026-07-27 20:00:00+00:00,1.32918,1.32926,1.32899,1.32917,637.00000
2026-07-27 20:15:00+00:00,1.32918,1.32920,1.32898,1.32901,212.00000
2026-07-27 20:30:00+00:00,1.32899,1.32899,1.32865,1.32868,470.00000
2026-07-27 20:45:00+00:00,1.32863,1.32888,1.32861,1.32879,293.00000
2026-07-27 21:00:00+00:00,1.32997,1.33010,1.32894,1.32942,251.00000
2026-07-27 21:15:00+00:00,1.32946,1.33002,1.32856,1.32935,162.00000
2026-07-27 21:30:00+00:00,1.32932,1.33001,1.32898,1.32941,1152.00000
2026-07-27 21:45:00+00:00,1.32942,1.32959,1.32914,1.32932,825.00000
2026-07-27 22:00:00+00:00,1.32913,1.32915,1.32876,1.32896,656.00000
2026-07-27 22:15:00+00:00,1.32896,1.32901,1.32888,1.32888,293.00000
2026-07-27 22:30:00+00:00,1.32889,1.32899,1.32886,1.32886,194.00000
2026-07-27 22:45:00+00:00,1.32886,1.32891,1.32879,1.32884,165.00000
2026-07-27 23:00:00+00:00,1.32885,1.32894,1.32869,1.32889,413.00000
2026-07-27 23:15:00+00:00,1.32888,1.32897,1.32886,1.32897,156.00000
2026-07-27 23:30:00+00:00,1.32896,1.32901,1.32890,1.32897,278.00000
2026-07-27 23:45:00+00:00,1.32897,1.32903,1.32871,1.32898,648.00000
2026-07-28 00:00:00+00:00,1.32891,1.32906,1.32860,1.32877,1340.00000
2026-07-28 00:15:00+00:00,1.32876,1.32931,1.32874,1.32924,1088.00000
2026-07-28 00:30:00+00:00,1.32923,1.32938,1.32908,1.32913,1046.00000
2026-07-28 00:45:00+00:00,1.32912,1.32934,1.32886,1.32931,1170.00000
2026-07-28 01:00:00+00:00,1.32932,1.32982,1.32927,1.32931,1585.00000
2026-07-28 01:15:00+00:00,1.32932,1.32951,1.32916,1.32946,1215.00000
2026-07-28 01:30:00+00:00,1.32947,1.32954,1.32919,1.32928,1103.00000
2026-07-28 01:45:00+00:00,1.32927,1.32933,1.32897,1.32919,1111.00000
2026-07-28 02:00:00+00:00,1.32922,1.32960,1.32908,1.32949,895.00000
2026-07-28 02:15:00+00:00,1.32948,1.32960,1.32926,1.32930,860.00000
2026-07-28 02:30:00+00:00,1.32928,1.32944,1.32923,1.32944,690.00000
2026-07-28 02:45:00+00:00,1.32943,1.33008,1.32932,1.32983,1393.00000
2026-07-28 03:00:00+00:00,1.32984,1.32995,1.32953,1.32973,1174.00000
2026-07-28 03:15:00+00:00,1.32972,1.33013,1.32969,1.33008,944.00000
2026-07-28 03:30:00+00:00,1.33007,1.33043,1.33001,1.33009,1301.00000
2026-07-28 03:45:00+00:00,1.33008,1.33009,1.32973,1.32982,1098.00000
2026-07-28 04:00:00+00:00,1.32981,1.32981,1.32928,1.32933,1202.00000
2026-07-28 04:15:00+00:00,1.32929,1.32959,1.32928,1.32946,918.00000
2026-07-28 04:30:00+00:00,1.32947,1.32949,1.32933,1.32946,750.00000
2026-07-28 04:45:00+00:00,1.32947,1.32962,1.32925,1.32942,802.00000
2026-07-28 05:00:00+00:00,1.32941,1.32952,1.32872,1.32876,1636.00000
2026-07-28 05:15:00+00:00,1.32877,1.32904,1.32865,1.32904,1211.00000
2026-07-28 05:30:00+00:00,1.32903,1.32911,1.32857,1.32893,1424.00000
2026-07-28 05:45:00+00:00,1.32895,1.32895,1.32861,1.32879,988.00000
2026-07-28 06:00:00+00:00,1.32878,1.32902,1.32861,1.32899,1716.00000
2026-07-28 06:15:00+00:00,1.32898,1.32959,1.32896,1.32958,1758.00000
2026-07-28 06:30:00+00:00,1.32959,1.32971,1.32919,1.32949,1324.00000
2026-07-28 06:45:00+00:00,1.32947,1.33017,1.32924,1.32986,1470.00000
2026-07-28 07:00:00+00:00,1.32987,1.33021,1.32937,1.33018,1498.00000
2026-07-28 07:15:00+00:00,1.33017,1.33048,1.33013,1.33031,1420.00000
2026-07-28 07:30:00+00:00,1.33032,1.33051,1.32972,1.32981,1236.00000
2026-07-28 07:45:00+00:00,1.32982,1.32982,1.32917,1.32918,1712.00000
2026-07-28 08:00:00+00:00,1.32917,1.33025,1.32917,1.32991,1988.00000
2026-07-28 08:15:00+00:00,1.32992,1.33053,1.32991,1.33010,2024.00000
2026-07-28 08:30:00+00:00,1.33016,1.33019,1.32966,1.33001,1754.00000
2026-07-28 08:45:00+00:00,1.33002,1.33033,1.32988,1.33028,1372.00000
2026-07-28 09:00:00+00:00,1.33029,1.33032,1.32928,1.32942,1414.00000
2026-07-28 09:15:00+00:00,1.32943,1.32957,1.32922,1.32929,1064.00000
2026-07-28 09:30:00+00:00,1.32927,1.32933,1.32880,1.32883,1224.00000
2026-07-28 09:45:00+00:00,1.32884,1.32889,1.32799,1.32801,1292.00000
2026-07-28 10:00:00+00:00,1.32799,1.32799,1.32735,1.32768,1321.00000
2026-07-28 10:15:00+00:00,1.32766,1.32802,1.32736,1.32779,1102.00000
2026-07-28 10:30:00+00:00,1.32778,1.32818,1.32768,1.32771,2062.00000
2026-07-28 10:45:00+00:00,1.32770,1.32828,1.32748,1.32796,1668.00000
2026-07-28 11:00:00+00:00,1.32798,1.32814,1.32747,1.32758,1681.00000
2026-07-28 11:15:00+00:00,1.32759,1.32829,1.32756,1.32807,1990.00000
2026-07-28 11:30:00+00:00,1.32806,1.32837,1.32798,1.32802,1716.00000
2026-07-28 11:45:00+00:00,1.32803,1.32816,1.32745,1.32793,2236.00000
2026-07-28 12:00:00+00:00,1.32795,1.32869,1.32791,1.32857,1868.00000
2026-07-28 12:15:00+00:00,1.32858,1.32899,1.32845,1.32852,1438.00000
2026-07-28 12:30:00+00:00,1.32851,1.32946,1.32835,1.32938,1541.00000
2026-07-28 12:45:00+00:00,1.32941,1.32992,1.32940,1.32978,1897.00000
2026-07-28 13:00:00+00:00,1.32979,1.33031,1.32954,1.32965,1570.00000
2026-07-28 13:15:00+00:00,1.32967,1.33000,1.32945,1.32964,1804.00000
2026-07-28 13:30:00+00:00,1.32965,1.32991,1.32944,1.32970,2116.00000
2026-07-28 13:45:00+00:00,1.32971,1.33033,1.32956,1.33005,2150.00000
2026-07-28 14:00:00+00:00,1.33004,1.33020,1.32948,1.32952,1933.00000
2026-07-28 14:15:00+00:00,1.32954,1.32962,1.32917,1.32959,2086.00000
2026-07-28 14:30:00+00:00,1.32958,1.32989,1.32921,1.32934,2362.00000
2026-07-28 14:45:00+00:00,1.32935,1.32947,1.32857,1.32914,3347.00000
2026-07-28 15:00:00+00:00,1.32915,1.33054,1.32885,1.33022,3628.00000
2026-07-28 15:15:00+00:00,1.33023,1.33072,1.33007,1.33042,3558.00000
2026-07-28 15:30:00+00:00,1.33039,1.33105,1.33027,1.33098,2340.00000
2026-07-28 15:45:00+00:00,1.33097,1.33111,1.33051,1.33093,2216.00000
2026-07-28 16:00:00+00:00,1.33095,1.33113,1.33061,1.33070,2446.00000
2026-07-28 16:15:00+00:00,1.33069,1.33091,1.33051,1.33080,1974.00000
2026-07-28 16:30:00+00:00,1.33079,1.33101,1.33046,1.33048,1682.00000
2026-07-28 16:45:00+00:00,1.33049,1.33058,1.33008,1.33012,1540.00000
2026-07-28 17:00:00+00:00,1.33013,1.33049,1.32983,1.33000,1798.00000
2026-07-28 17:15:00+00:00,1.32999,1.33057,1.32987,1.32996,1880.00000
2026-07-28 17:30:00+00:00,1.32995,1.33001,1.32954,1.32960,1094.00000
2026-07-28 17:45:00+00:00,1.32961,1.32963,1.32910,1.32918,1474.00000
2026-07-28 18:00:00+00:00,1.32919,1.32933,1.32888,1.32906,1384.00000
2026-07-28 18:15:00+00:00,1.32907,1.32921,1.32866,1.32879,1414.00000
2026-07-28 18:30:00+00:00,1.32878,1.32911,1.32878,1.32907,1222.00000
2026-07-28 18:45:00+00:00,1.32908,1.32909,1.32879,1.32888,1204.00000
2026-07-28 19:00:00+00:00,1.32889,1.32930,1.32885,1.32912,896.00000
2026-07-28 19:15:00+00:00,1.32911,1.32950,1.32906,1.32908,726.00000
2026-07-28 19:30:00+00:00,1.32909,1.32924,1.32905,1.32918,1146.00000
2026-07-28 19:45:00+00:00,1.32917,1.32952,1.32878,1.32879,1368.00000
2026-07-28 20:00:00+00:00,1.32878,1.32909,1.32873,1.32908,742.00000
2026-07-28 20:15:00+00:00,1.32909,1.32915,1.32869,1.32882,350.00000
2026-07-28 20:30:00+00:00,1.32881,1.32887,1.32864,1.32887,369.00000
2026-07-28 20:45:00+00:00,1.32884,1.32908,1.32865,1.32893,519.00000
2026-07-28 21:00:00+00:00,1.32941,1.32956,1.32864,1.32909,113.00000
2026-07-28 21:15:00+00:00,1.32905,1.32961,1.32905,1.32914,362.00000
2026-07-28 21:30:00+00:00,1.32916,1.32925,1.32895,1.32910,498.00000
2026-07-28 21:45:00+00:00,1.32913,1.32925,1.32855,1.32877,834.00000
2026-07-28 22:00:00+00:00,1.32881,1.32911,1.32842,1.32879,791.00000
2026-07-28 22:15:00+00:00,1.32880,1.32886,1.32834,1.32846,548.00000
2026-07-28 22:30:00+00:00,1.32848,1.32859,1.32832,1.32838,658.00000
2026-07-28 22:45:00+00:00,1.32836,1.32848,1.32832,1.32845,395.00000
2026-07-28 23:00:00+00:00,1.32844,1.32846,1.32807,1.32838,752.00000
2026-07-28 23:15:00+00:00,1.32839,1.32850,1.32828,1.32848,638.00000
2026-07-28 23:30:00+00:00,1.32848,1.32867,1.32835,1.32867,494.00000
2026-07-28 23:45:00+00:00,1.32866,1.32871,1.32845,1.32869,1187.00000
2026-07-29 00:00:00+00:00,1.32868,1.32879,1.32832,1.32852,1710.00000
2026-07-29 00:15:00+00:00,1.32851,1.32928,1.32850,1.32913,1476.00000
2026-07-29 00:30:00+00:00,1.32914,1.32923,1.32900,1.32919,1350.00000
2026-07-29 00:45:00+00:00,1.32918,1.32944,1.32888,1.32924,1588.00000
2026-07-29 01:00:00+00:00,1.32925,1.32939,1.32873,1.32878,1602.00000
2026-07-29 01:15:00+00:00,1.32877,1.32925,1.32870,1.32889,1345.00000
2026-07-29 01:30:00+00:00,1.32887,1.32888,1.32817,1.32827,3032.00000
2026-07-29 01:45:00+00:00,1.32828,1.32891,1.32821,1.32886,1678.00000
2026-07-29 02:00:00+00:00,1.32884,1.32935,1.32876,1.32923,1588.00000
2026-07-29 02:15:00+00:00,1.32925,1.32981,1.32925,1.32947,1562.00000
2026-07-29 02:30:00+00:00,1.32946,1.32978,1.32944,1.32961,1010.00000
2026-07-29 02:45:00+00:00,1.32962,1.32962,1.32928,1.32941,1024.00000
2026-07-29 03:00:00+00:00,1.32938,1.32966,1.32937,1.32953,1070.00000
2026-07-29 03:15:00+00:00,1.32952,1.32985,1.32952,1.32974,1354.00000
2026-07-29 03:30:00+00:00,1.32975,1.32982,1.32963,1.32975,990.00000
2026-07-29 03:45:00+00:00,1.32976,1.32992,1.32941,1.32952,1283.00000
2026-07-29 04:00:00+00:00,1.32951,1.32991,1.32945,1.32982,1162.00000
2026-07-29 04:15:00+00:00,1.32983,1.33000,1.32966,1.32974,1146.00000
2026-07-29 04:30:00+00:00,1.32973,1.33013,1.32966,1.32999,1428.00000
2026-07-29 04:45:00+00:00,1.33000,1.33008,1.32956,1.32977,1116.00000
2026-07-29 05:00:00+00:00,1.32978,1.33012,1.32978,1.33009,1190.00000
2026-07-29 05:15:00+00:00,1.33008,1.33012,1.32980,1.32980,1092.00000
2026-07-29 05:30:00+00:00,1.32981,1.32996,1.32966,1.32994,1000.00000
2026-07-29 05:45:00+00:00,1.32993,1.33020,1.32985,1.32990,1209.00000
2026-07-29 06:00:00+00:00,1.32989,1.33035,1.32973,1.33021,2008.00000
2026-07-29 06:15:00+00:00,1.33020,1.33041,1.32948,1.32963,1578.00000
2026-07-29 06:30:00+00:00,1.32965,1.32993,1.32948,1.32992,1402.00000
2026-07-29 06:45:00+00:00,1.32993,1.32993,1.32951,1.32973,1866.00000
2026-07-29 07:00:00+00:00,1.32974,1.33011,1.32951,1.32969,1798.00000
2026-07-29 07:15:00+00:00,1.32971,1.33033,1.32968,1.33024,1440.00000
2026-07-29 07:30:00+00:00,1.33023,1.33072,1.32999,1.33031,1572.00000
2026-07-29 07:45:00+00:00,1.33030,1.33031,1.32994,1.33020,1328.00000
2026-07-29 08:00:00+00:00,1.33021,1.33049,1.32968,1.32968,1478.00000
2026-07-29 08:15:00+00:00,1.32969,1.33041,1.32969,1.33020,1342.00000
2026-07-29 08:30:00+00:00,1.33019,1.33062,1.32984,1.33061,921.00000
2026-07-29 08:45:00+00:00,1.33062,1.33090,1.33052,1.33059,1071.00000
2026-07-29 09:00:00+00:00,1.33058,1.33058,1.33019,1.33048,1572.00000
2026-07-29 09:15:00+00:00,1.33047,1.33053,1.33016,1.33039,1340.00000
2026-07-29 09:30:00+00:00,1.33038,1.33039,1.32954,1.33020,1464.00000
2026-07-29 09:45:00+00:00,1.33019,1.33024,1.32969,1.32970,1530.00000
2026-07-29 10:00:00+00:00,1.32969,1.32972,1.32912,1.32922,1578.00000
2026-07-29 10:15:00+00:00,1.32921,1.32940,1.32890,1.32907,1486.00000
2026-07-29 10:30:00+00:00,1.32909,1.32941,1.32900,1.32941,1340.00000
2026-07-29 10:45:00+00:00,1.32940,1.32941,1.32886,1.32910,1206.00000
2026-07-29 11:00:00+00:00,1.32912,1.32950,1.32902,1.32948,1146.00000
2026-07-29 11:15:00+00:00,1.32949,1.32973,1.32919,1.32973,1232.00000
2026-07-29 11:30:00+00:00,1.32978,1.32979,1.32918,1.32935,1674.00000
2026-07-29 11:45:00+00:00,1.32936,1.32955,1.32899,1.32927,1950.00000
2026-07-29 12:00:00+00:00,1.32928,1.32941,1.32839,1.32858,1994.00000
2026-07-29 12:15:00+00:00,1.32859,1.32860,1.32787,1.32838,3110.00000
2026-07-29 12:30:00+00:00,1.32837,1.32878,1.32807,1.32865,1796.00000
2026-07-29 12:45:00+00:00,1.32864,1.32878,1.32812,1.32839,1478.00000
2026-07-29 13:00:00+00:00,1.32841,1.32857,1.32808,1.32834,1566.00000
2026-07-29 13:15:00+00:00,1.32831,1.32891,1.32814,1.32880,1622.00000
2026-07-29 13:30:00+00:00,1.32879,1.32923,1.32826,1.32888,2923.00000
2026-07-29 13:45:00+00:00,1.32889,1.32942,1.32877,1.32941,2562.00000
2026-07-29 14:00:00+00:00,1.32944,1.32966,1.32908,1.32920,2232.00000
2026-07-29 14:15:00+00:00,1.32921,1.32990,1.32880,1.32980,1852.00000
2026-07-29 14:30:00+00:00,1.32981,1.33044,1.32945,1.32985,2270.00000
2026-07-29 14:45:00+00:00,1.32986,1.32990,1.32819,1.32870,3880.00000
2026-07-29 15:00:00+00:00,1.32868,1.32931,1.32841,1.32898,2774.00000
2026-07-29 15:15:00+00:00,1.32897,1.32929,1.32819,1.32850,2360.00000
2026-07-29 15:30:00+00:00,1.32849,1.32901,1.32843,1.32879,2126.00000
2026-07-29 15:45:00+00:00,1.32877,1.32891,1.32848,1.32864,2034.00000
2026-07-29 16:00:00+00:00,1.32865,1.32879,1.32812,1.32813,1840.00000
2026-07-29 16:15:00+00:00,1.32810,1.32860,1.32804,1.32853,2012.00000
2026-07-29 16:30:00+00:00,1.32848,1.32852,1.32798,1.32829,1574.00000
2026-07-29 16:45:00+00:00,1.32830,1.32893,1.32822,1.32889,1416.00000
2026-07-29 17:00:00+00:00,1.32890,1.32957,1.32878,1.32951,1747.00000
2026-07-29 17:15:00+00:00,1.32950,1.33002,1.32940,1.32981,1682.00000
2026-07-29 17:30:00+00:00,1.32982,1.33053,1.32971,1.33043,1364.00000
2026-07-29 17:45:00+00:00,1.33044,1.33069,1.32999,1.33018,1803.00000
2026-07-29 18:00:00+00:00,1.33016,1.33458,1.32915,1.33381,6787.00000
2026-07-29 18:15:00+00:00,1.33384,1.33401,1.33232,1.33312,4084.00000
2026-07-29 18:30:00+00:00,1.33313,1.33478,1.33130,1.33469,6884.00000
2026-07-29 18:45:00+00:00,1.33466,1.33661,1.33450,1.33652,5950.00000
2026-07-29 19:00:00+00:00,1.33654,1.33707,1.33556,1.33703,6008.00000
2026-07-29 19:15:00+00:00,1.33704,1.33873,1.33575,1.33591,5705.00000
2026-07-29 19:30:00+00:00,1.33593,1.33617,1.33500,1.33574,6430.00000
2026-07-29 19:45:00+00:00,1.33575,1.33596,1.33462,1.33464,5182.00000
2026-07-29 20:00:00+00:00,1.33465,1.33512,1.33430,1.33469,3251.00000
2026-07-29 20:15:00+00:00,1.33470,1.33500,1.33443,1.33463,1164.00000
2026-07-29 20:30:00+00:00,1.33464,1.33628,1.33451,1.33623,1369.00000
2026-07-29 20:45:00+00:00,1.33623,1.33688,1.33608,1.33678,1863.00000
2026-07-29 21:00:00+00:00,1.33685,1.33691,1.33588,1.33624,177.00000
2026-07-29 21:15:00+00:00,1.33621,1.33677,1.33547,1.33669,1090.00000
2026-07-29 21:30:00+00:00,1.33670,1.33687,1.33624,1.33631,1040.00000
2026-07-29 21:45:00+00:00,1.33680,1.33696,1.33588,1.33621,3509.00000
2026-07-29 22:00:00+00:00,1.33627,1.33699,1.33592,1.33679,2398.00000
2026-07-29 22:15:00+00:00,1.33680,1.33682,1.33666,1.33672,265.00000
2026-07-29 22:30:00+00:00,1.33672,1.33688,1.33671,1.33682,326.00000
2026-07-29 22:45:00+00:00,1.33682,1.33696,1.33670,1.33696,298.00000
2026-07-29 23:00:00+00:00,1.33696,1.33757,1.33695,1.33696,1051.00000
2026-07-29 23:15:00+00:00,1.33697,1.33697,1.33659,1.33663,758.00000
2026-07-29 23:30:00+00:00,1.33665,1.33675,1.33649,1.33654,571.00000
2026-07-29 23:45:00+00:00,1.33653,1.33692,1.33642,1.33668,1393.00000
2026-07-30 00:00:00+00:00,1.33667,1.33683,1.33625,1.33661,2513.00000
2026-07-30 00:15:00+00:00,1.33660,1.33671,1.33535,1.33546,2659.00000
2026-07-30 00:30:00+00:00,1.33547,1.33572,1.33528,1.33542,2092.00000
2026-07-30 00:45:00+00:00,1.33543,1.33560,1.33534,1.33552,1978.00000
2026-07-30 01:00:00+00:00,1.33555,1.33592,1.33551,1.33576,2270.00000
2026-07-30 01:15:00+00:00,1.33574,1.33575,1.33523,1.33543,1610.00000
2026-07-30 01:30:00+00:00,1.33539,1.33585,1.33533,1.33545,1585.00000
2026-07-30 01:45:00+00:00,1.33546,1.33571,1.33512,1.33522,1450.00000
2026-07-30 02:00:00+00:00,1.33521,1.33562,1.33518,1.33524,1246.00000
2026-07-30 02:15:00+00:00,1.33523,1.33525,1.33489,1.33495,1160.00000
2026-07-30 02:30:00+00:00,1.33493,1.33517,1.33491,1.33506,1002.00000
2026-07-30 02:45:00+00:00,1.33505,1.33526,1.33489,1.33489,910.00000
2026-07-30 03:00:00+00:00,1.33490,1.33503,1.33442,1.33454,1194.00000
2026-07-30 03:15:00+00:00,1.33453,1.33458,1.33418,1.33447,1326.00000
2026-07-30 03:30:00+00:00,1.33448,1.33480,1.33437,1.33474,1522.00000
2026-07-30 03:45:00+00:00,1.33473,1.33480,1.33452,1.33453,952.00000
2026-07-30 04:00:00+00:00,1.33454,1.33479,1.33440,1.33475,1038.00000
2026-07-30 04:15:00+00:00,1.33474,1.33485,1.33471,1.33483,848.00000
2026-07-30 04:30:00+00:00,1.33482,1.33493,1.33460,1.33463,640.00000
2026-07-30 04:45:00+00:00,1.33462,1.33476,1.33437,1.33444,842.00000
2026-07-30 05:00:00+00:00,1.33445,1.33486,1.33432,1.33471,1433.00000
2026-07-30 05:15:00+00:00,1.33472,1.33563,1.33469,1.33555,1301.00000
2026-07-30 05:30:00+00:00,1.33554,1.33558,1.33515,1.33544,1374.00000
2026-07-30 05:45:00+00:00,1.33543,1.33569,1.33465,1.33491,1816.00000
2026-07-30 06:00:00+00:00,1.33492,1.33521,1.33344,1.33363,2484.00000
2026-07-30 06:15:00+00:00,1.33362,1.33397,1.33349,1.33363,2084.00000
2026-07-30 06:30:00+00:00,1.33362,1.33402,1.33330,1.33378,1878.00000
2026-07-30 06:45:00+00:00,1.33377,1.33454,1.33376,1.33422,1722.00000
2026-07-30 07:00:00+00:00,1.33423,1.33510,1.33416,1.33454,3848.00000
2026-07-30 07:15:00+00:00,1.33453,1.33499,1.33388,1.33393,2568.00000
2026-07-30 07:30:00+00:00,1.33394,1.33439,1.33365,1.33415,2497.00000
2026-07-30 07:45:00+00:00,1.33417,1.33439,1.33372,1.33382,1810.00000
2026-07-30 08:00:00+00:00,1.33383,1.33512,1.33381,1.33493,2787.00000
2026-07-30 08:15:00+00:00,1.33494,1.33573,1.33488,1.33568,2342.00000
2026-07-30 08:30:00+00:00,1.33569,1.33616,1.33517,1.33590,2245.00000
2026-07-30 08:45:00+00:00,1.33592,1.33623,1.33540,1.33558,2120.00000
2026-07-30 09:00:00+00:00,1.33559,1.33716,1.33557,1.33712,2418.00000
2026-07-30 09:15:00+00:00,1.33713,1.33762,1.33704,1.33733,2314.00000
2026-07-30 09:30:00+00:00,1.33729,1.33804,1.33714,1.33794,1852.00000
2026-07-30 09:45:00+00:00,1.33795,1.33843,1.33762,1.33808,2222.00000
2026-07-30 10:00:00+00:00,1.33807,1.33886,1.33762,1.33873,2671.00000
2026-07-30 10:15:00+00:00,1.33874,1.33959,1.33767,1.33822,3860.00000
2026-07-30 10:30:00+00:00,1.33823,1.34021,1.33818,1.33986,3084.00000
2026-07-30 10:45:00+00:00,1.33985,1.34069,1.33893,1.33893,3441.00000
2026-07-30 11:00:00+00:00,1.33887,1.34018,1.33818,1.33826,3245.00000
2026-07-30 11:15:00+00:00,1.33827,1.33845,1.33737,1.33764,2632.00000
2026-07-30 11:30:00+00:00,1.33765,1.33802,1.33732,1.33737,1919.00000
2026-07-30 11:45:00+00:00,1.33734,1.33880,1.33733,1.33880,2234.00000
2026-07-30 12:00:00+00:00,1.33879,1.33950,1.33876,1.33925,2960.00000
2026-07-30 12:15:00+00:00,1.33924,1.33944,1.33829,1.33873,2792.00000
2026-07-30 12:30:00+00:00,1.33872,1.33954,1.33752,1.33871,4498.00000
2026-07-30 12:45:00+00:00,1.33872,1.33873,1.33672,1.33715,5317.00000
2026-07-30 13:00:00+00:00,1.33717,1.33799,1.33682,1.33705,4707.00000
2026-07-30 13:15:00+00:00,1.33704,1.33763,1.33672,1.33722,3618.00000
2026-07-30 13:30:00+00:00,1.33721,1.34173,1.33691,1.34145,7560.00000
2026-07-30 13:45:00+00:00,1.34146,1.34283,1.34007,1.34282,7447.00000
2026-07-30 14:00:00+00:00,1.34283,1.34480,1.34266,1.34446,8040.00000
2026-07-30 14:15:00+00:00,1.34445,1.34470,1.34284,1.34310,7345.00000
2026-07-30 14:30:00+00:00,1.34311,1.34367,1.34236,1.34316,5247.00000
2026-07-30 14:45:00+00:00,1.34317,1.34343,1.34240,1.34249,4454.00000
2026-07-30 15:00:00+00:00,1.34248,1.34340,1.34216,1.34311,4386.00000
2026-07-30 15:15:00+00:00,1.34310,1.34434,1.34309,1.34430,3506.00000
2026-07-30 15:30:00+00:00,1.34429,1.34579,1.34396,1.34572,3946.00000
2026-07-30 15:45:00+00:00,1.34571,1.34632,1.34550,1.34591,2980.00000
2026-07-30 16:00:00+00:00,1.34592,1.34667,1.34592,1.34645,4038.00000
2026-07-30 16:15:00+00:00,1.34646,1.34702,1.34632,1.34668,2707.00000
2026-07-30 16:30:00+00:00,1.34669,1.34705,1.34609,1.34609,2632.00000
2026-07-30 16:45:00+00:00,1.34610,1.34647,1.34571,1.34647,1872.00000
2026-07-30 17:00:00+00:00,1.34648,1.34670,1.34609,1.34612,2330.00000
2026-07-30 17:15:00+00:00,1.34611,1.34621,1.34577,1.34581,1960.00000
2026-07-30 17:30:00+00:00,1.34580,1.34703,1.34545,1.34703,4428.00000
2026-07-30 17:45:00+00:00,1.34702,1.34733,1.34664,1.34722,2752.00000
2026-07-30 18:00:00+00:00,1.34723,1.34741,1.34673,1.34728,2364.00000
2026-07-30 18:15:00+00:00,1.34724,1.34728,1.34661,1.34697,1792.00000
2026-07-30 18:30:00+00:00,1.34696,1.34725,1.34679,1.34702,1562.00000
2026-07-30 18:45:00+00:00,1.34701,1.34761,1.34701,1.34761,1456.00000
2026-07-30 19:00:00+00:00,1.34759,1.34768,1.34700,1.34703,1824.00000
2026-07-30 19:15:00+00:00,1.34702,1.34755,1.34687,1.34720,1526.00000
2026-07-30 19:30:00+00:00,1.34717,1.34728,1.34701,1.34719,1692.00000
2026-07-30 19:45:00+00:00,1.34720,1.34734,1.34668,1.34701,1826.00000
2026-07-30 20:00:00+00:00,1.34702,1.34729,1.34682,1.34708,1211.00000
2026-07-30 20:15:00+00:00,1.34709,1.34711,1.34653,1.34656,774.00000
2026-07-30 20:30:00+00:00,1.34655,1.34703,1.34649,1.34670,882.00000
2026-07-30 20:45:00+00:00,1.34671,1.34676,1.34636,1.34643,781.00000
2026-07-30 21:00:00+00:00,1.34670,1.34676,1.34599,1.34617,133.00000
2026-07-30 21:15:00+00:00,1.34618,1.34633,1.34611,1.34629,44.00000
2026-07-30 21:30:00+00:00,1.34627,1.34636,1.34618,1.34627,184.00000
2026-07-30 21:45:00+00:00,1.34625,1.34643,1.34601,1.34621,206.00000
2026-07-30 22:00:00+00:00,1.34630,1.34686,1.34609,1.34657,941.00000
2026-07-30 22:15:00+00:00,1.34656,1.34672,1.34646,1.34664,308.00000
2026-07-30 22:30:00+00:00,1.34658,1.34710,1.34651,1.34686,503.00000
2026-07-30 22:45:00+00:00,1.34687,1.34689,1.34658,1.34672,337.00000
2026-07-30 23:00:00+00:00,1.34670,1.34693,1.34623,1.34634,583.00000
2026-07-30 23:15:00+00:00,1.34633,1.34655,1.34613,1.34617,814.00000
2026-07-30 23:30:00+00:00,1.34617,1.34629,1.34592,1.34616,921.00000
2026-07-30 23:45:00+00:00,1.34619,1.34640,1.34603,1.34604,1093.00000
2026-07-31 00:00:00+00:00,1.34607,1.34631,1.34573,1.34606,2561.00000
2026-07-31 00:15:00+00:00,1.34605,1.34650,1.34582,1.34613,2144.00000
2026-07-31 00:30:00+00:00,1.34612,1.34626,1.34538,1.34559,2160.00000
2026-07-31 00:45:00+00:00,1.34560,1.34608,1.34530,1.34584,2402.00000
2026-07-31 01:00:00+00:00,1.34586,1.34626,1.34560,1.34578,2427.00000
2026-07-31 01:15:00+00:00,1.34579,1.34583,1.34543,1.34566,2135.00000
2026-07-31 01:30:00+00:00,1.34565,1.34603,1.34516,1.34518,2073.00000
2026-07-31 01:45:00+00:00,1.34520,1.34526,1.34482,1.34508,1778.00000
2026-07-31 02:00:00+00:00,1.34510,1.34599,1.34502,1.34581,2117.00000
2026-07-31 02:15:00+00:00,1.34578,1.34589,1.34541,1.34557,1630.00000
2026-07-31 02:30:00+00:00,1.34556,1.34573,1.34518,1.34531,1276.00000
2026-07-31 02:45:00+00:00,1.34529,1.34531,1.34496,1.34507,1586.00000
2026-07-31 03:00:00+00:00,1.34508,1.34522,1.34459,1.34470,1802.00000
2026-07-31 03:15:00+00:00,1.34471,1.34494,1.34454,1.34464,1316.00000
2026-07-31 03:30:00+00:00,1.34463,1.34491,1.34457,1.34481,1278.00000
2026-07-31 03:45:00+00:00,1.34480,1.34516,1.34479,1.34514,1355.00000
2026-07-31 04:00:00+00:00,1.34512,1.34525,1.34490,1.34500,1436.00000
2026-07-31 04:15:00+00:00,1.34501,1.34508,1.34481,1.34482,1208.00000
2026-07-31 04:30:00+00:00,1.34481,1.34486,1.34439,1.34441,1612.00000
2026-07-31 04:45:00+00:00,1.34443,1.34460,1.34422,1.34458,1358.00000
2026-07-31 05:00:00+00:00,1.34457,1.34493,1.34447,1.34463,1493.00000
2026-07-31 05:15:00+00:00,1.34462,1.34472,1.34431,1.34434,1184.00000
2026-07-31 05:30:00+00:00,1.34435,1.34470,1.34422,1.34431,1721.00000
2026-07-31 05:45:00+00:00,1.34430,1.34451,1.34404,1.34428,1810.00000
2026-07-31 06:00:00+00:00,1.34429,1.34547,1.34428,1.34542,2241.00000
2026-07-31 06:15:00+00:00,1.34541,1.34611,1.34511,1.34600,2318.00000
2026-07-31 06:30:00+00:00,1.34599,1.34599,1.34457,1.34494,2940.00000
2026-07-31 06:45:00+00:00,1.34495,1.34614,1.34495,1.34512,4003.00000
2026-07-31 07:00:00+00:00,1.34511,1.34554,1.34502,1.34550,2794.00000
2026-07-31 07:15:00+00:00,1.34551,1.34552,1.34449,1.34512,2658.00000
2026-07-31 07:30:00+00:00,1.34513,1.34521,1.34459,1.34513,2046.00000
2026-07-31 07:45:00+00:00,1.34517,1.34626,1.34504,1.34524,2716.00000
2026-07-31 08:00:00+00:00,1.34526,1.34531,1.34399,1.34426,3308.00000
2026-07-31 08:15:00+00:00,1.34427,1.34468,1.34368,1.34374,2480.00000
2026-07-31 08:30:00+00:00,1.34375,1.34454,1.34354,1.34446,2550.00000
2026-07-31 08:45:00+00:00,1.34445,1.34643,1.34440,1.34593,3543.00000
2026-07-31 09:00:00+00:00,1.34590,1.34680,1.34561,1.34577,4916.00000
2026-07-31 09:15:00+00:00,1.34578,1.34621,1.34538,1.34542,3224.00000
2026-07-31 09:30:00+00:00,1.34540,1.34571,1.34461,1.34464,3186.00000
2026-07-31 09:45:00+00:00,1.34459,1.34540,1.34459,1.34500,2310.00000
2026-07-31 10:00:00+00:00,1.34501,1.34521,1.34441,1.34481,1966.00000
2026-07-31 10:15:00+00:00,1.34483,1.34499,1.34433,1.34459,1542.00000
2026-07-31 10:30:00+00:00,1.34457,1.34493,1.34448,1.34477,1940.00000
2026-07-31 10:45:00+00:00,1.34476,1.34491,1.34438,1.34443,1668.00000
2026-07-31 11:00:00+00:00,1.34438,1.34445,1.34367,1.34407,2370.00000
2026-07-31 11:15:00+00:00,1.34408,1.34408,1.34335,1.34336,2788.00000
2026-07-31 11:30:00+00:00,1.34337,1.34346,1.34226,1.34240,2204.00000
2026-07-31 11:45:00+00:00,1.34239,1.34254,1.34175,1.34181,2714.00000
2026-07-31 12:00:00+00:00,1.34178,1.34231,1.34155,1.34209,2660.00000
2026-07-31 12:15:00+00:00,1.34210,1.34223,1.34181,1.34186,2000.00000
2026-07-31 12:30:00+00:00,1.34184,1.34222,1.34143,1.34197,2107.00000
2026-07-31 12:45:00+00:00,1.34199,1.34281,1.34199,1.34208,2374.00000
2026-07-31 13:00:00+00:00,1.34207,1.34239,1.34144,1.34149,2694.00000
2026-07-31 13:15:00+00:00,1.34151,1.34332,1.34097,1.34309,4902.00000
2026-07-31 13:30:00+00:00,1.34308,1.34326,1.34003,1.34120,6387.00000
2026-07-31 13:45:00+00:00,1.34120,1.34212,1.34058,1.34085,4719.00000
2026-07-31 14:00:00+00:00,1.34084,1.34171,1.34024,1.34171,5507.00000
2026-07-31 14:15:00+00:00,1.34169,1.34236,1.34127,1.34228,4120.00000
2026-07-31 14:30:00+00:00,1.34229,1.34459,1.34228,1.34453,3640.00000
2026-07-31 14:45:00+00:00,1.34455,1.34607,1.34396,1.34564,5600.00000
2026-07-31 15:00:00+00:00,1.34563,1.34662,1.34538,1.34633,4708.00000
2026-07-31 15:15:00+00:00,1.34634,1.34685,1.34579,1.34615,3358.00000
2026-07-31 15:30:00+00:00,1.34610,1.34685,1.34588,1.34650,3714.00000
2026-07-31 15:45:00+00:00,1.34651,1.34727,1.34627,1.34679,3162.00000
2026-07-31 16:00:00+00:00,1.34680,1.34709,1.34639,1.34680,2826.00000
2026-07-31 16:15:00+00:00,1.34676,1.34700,1.34617,1.34630,2645.00000
2026-07-31 16:30:00+00:00,1.34631,1.34677,1.34626,1.34641,1671.00000
2026-07-31 16:45:00+00:00,1.34640,1.34687,1.34640,1.34647,1786.00000
2026-07-31 17:00:00+00:00,1.34648,1.34741,1.34646,1.34723,2110.00000
2026-07-31 17:15:00+00:00,1.34722,1.34776,1.34690,1.34771,3033.00000
2026-07-31 17:30:00+00:00,1.34773,1.34847,1.34769,1.34841,3773.00000
2026-07-31 17:45:00+00:00,1.34840,1.34881,1.34747,1.34837,4326.00000
2026-07-31 18:00:00+00:00,1.34836,1.34882,1.34756,1.34761,3920.00000
2026-07-31 18:15:00+00:00,1.34762,1.34803,1.34747,1.34784,2344.00000
2026-07-31 18:30:00+00:00,1.34783,1.34798,1.34759,1.34771,1506.00000
2026-07-31 18:45:00+00:00,1.34772,1.34832,1.34750,1.34827,1946.00000
2026-07-31 19:00:00+00:00,1.34829,1.34867,1.34829,1.34836,1370.00000
2026-07-31 19:15:00+00:00,1.34835,1.34839,1.34811,1.34831,1196.00000
2026-07-31 19:30:00+00:00,1.34828,1.34864,1.34782,1.34863,1856.00000
2026-07-31 19:45:00+00:00,1.34861,1.34872,1.34767,1.34767,2520.00000
2026-07-31 20:00:00+00:00,1.34768,1.34786,1.34730,1.34785,2223.00000
2026-07-31 20:15:00+00:00,1.34785,1.34882,1.34782,1.34845,3100.00000
2026-07-31 20:30:00+00:00,1.34849,1.34913,1.34831,1.34912,2592.00000
2026-07-31 20:45:00+00:00,1.34909,1.34951,1.34786,1.34816,4462.00000
2026-08-02 21:00:00+00:00,1.34933,1.34942,1.34882,1.34885,128.00000
2026-08-02 21:15:00+00:00,1.34886,1.34890,1.34857,1.34885,104.00000
2026-08-02 21:30:00+00:00,1.34884,1.34933,1.34827,1.34921,176.00000
2026-08-02 21:45:00+00:00,1.34920,1.34933,1.34859,1.34899,584.00000
2026-08-02 22:00:00+00:00,1.34931,1.35061,1.34857,1.35047,1590.00000
2026-08-02 22:15:00+00:00,1.35045,1.35055,1.34966,1.35000,2269.00000
2026-08-02 22:30:00+00:00,1.34999,1.35006,1.34944,1.34954,1207.00000
2026-08-02 22:45:00+00:00,1.34955,1.34994,1.34939,1.34958,905.00000
2026-08-02 23:00:00+00:00,1.34956,1.34976,1.34904,1.34921,1698.00000
2026-08-02 23:15:00+00:00,1.34922,1.34926,1.34895,1.34919,1220.00000
2026-08-02 23:30:00+00:00,1.34920,1.34934,1.34885,1.34926,959.00000
2026-08-02 23:45:00+00:00,1.34924,1.34930,1.34902,1.34911,1619.00000
2026-08-03 00:00:00+00:00,1.34912,1.34915,1.34830,1.34842,2901.00000
2026-08-03 00:15:00+00:00,1.34843,1.34965,1.34839,1.34946,2734.00000
2026-08-03 00:30:00+00:00,1.34938,1.35030,1.34927,1.35012,5091.00000
2026-08-03 00:45:00+00:00,1.35013,1.35023,1.34857,1.34875,4590.00000
2026-08-03 01:00:00+00:00,1.34874,1.34916,1.34758,1.34759,4101.00000
2026-08-03 01:15:00+00:00,1.34761,1.34775,1.34710,1.34729,2361.00000
2026-08-03 01:30:00+00:00,1.34728,1.34751,1.34709,1.34741,2345.00000
2026-08-03 01:45:00+00:00,1.34737,1.34742,1.34704,1.34738,1658.00000
2026-08-03 02:00:00+00:00,1.34736,1.34765,1.34706,1.34709,1486.00000
2026-08-03 02:15:00+00:00,1.34706,1.34739,1.34691,1.34716,1804.00000
2026-08-03 02:30:00+00:00,1.34715,1.34755,1.34712,1.34712,1436.00000
2026-08-03 02:45:00+00:00,1.34713,1.34724,1.34686,1.34703,1142.00000
2026-08-03 03:00:00+00:00,1.34704,1.34712,1.34663,1.34681,1470.00000
2026-08-03 03:15:00+00:00,1.34680,1.34687,1.34656,1.34680,1080.00000
2026-08-03 03:30:00+00:00,1.34679,1.34682,1.34641,1.34656,1361.00000
2026-08-03 03:45:00+00:00,1.34657,1.34681,1.34652,1.34676,1056.00000
2026-08-03 04:00:00+00:00,1.34677,1.34700,1.34666,1.34690,1173.00000
2026-08-03 04:15:00+00:00,1.34689,1.34700,1.34675,1.34688,1010.00000
2026-08-03 04:30:00+00:00,1.34689,1.34738,1.34680,1.34737,1064.00000
2026-08-03 04:45:00+00:00,1.34737,1.34737,1.34700,1.34722,732.00000
2026-08-03 05:00:00+00:00,1.34721,1.34742,1.34699,1.34719,1084.00000
2026-08-03 05:15:00+00:00,1.34720,1.34724,1.34707,1.34723,728.00000
2026-08-03 05:30:00+00:00,1.34722,1.34761,1.34717,1.34755,1348.00000
2026-08-03 05:45:00+00:00,1.34756,1.34778,1.34732,1.34761,1486.00000
2026-08-03 06:00:00+00:00,1.34762,1.34779,1.34729,1.34736,1951.00000
2026-08-03 06:15:00+00:00,1.34737,1.34752,1.34693,1.34721,2160.00000
2026-08-03 06:30:00+00:00,1.34724,1.34727,1.34588,1.34598,2594.00000
2026-08-03 06:45:00+00:00,1.34599,1.34634,1.34576,1.34608,2226.00000
2026-08-03 07:00:00+00:00,1.34606,1.34650,1.34579,1.34648,2916.00000
2026-08-03 07:15:00+00:00,1.34649,1.34663,1.34531,1.34641,3022.00000
2026-08-03 07:30:00+00:00,1.34642,1.34704,1.34629,1.34655,2116.00000
2026-08-03 07:45:00+00:00,1.34653,1.34661,1.34591,1.34612,2774.00000
2026-08-03 08:00:00+00:00,1.34613,1.34623,1.34563,1.34611,2280.00000
2026-08-03 08:15:00+00:00,1.34610,1.34614,1.34562,1.34571,2056.00000
2026-08-03 08:30:00+00:00,1.34570,1.34614,1.34561,1.34591,2306.00000
2026-08-03 08:45:00+00:00,1.34590,1.34591,1.34538,1.34547,2004.00000
2026-08-03 09:00:00+00:00,1.34546,1.34576,1.34495,1.34544,2026.00000
2026-08-03 09:15:00+00:00,1.34543,1.34554,1.34492,1.34541,2180.00000
2026-08-03 09:30:00+00:00,1.34542,1.34569,1.34510,1.34566,2034.00000
2026-08-03 09:45:00+00:00,1.34565,1.34588,1.34498,1.34498,1974.00000
2026-08-03 10:00:00+00:00,1.34497,1.34540,1.34480,1.34533,1771.00000
2026-08-03 10:15:00+00:00,1.34532,1.34576,1.34487,1.34567,1940.00000
2026-08-03 10:30:00+00:00,1.34566,1.34622,1.34548,1.34602,1404.00000
2026-08-03 10:45:00+00:00,1.34601,1.34627,1.34561,1.34594,1894.00000
2026-08-03 11:00:00+00:00,1.34593,1.34651,1.34593,1.34649,1826.00000
2026-08-03 11:15:00+00:00,1.34648,1.34648,1.34557,1.34586,2000.00000
2026-08-03 11:30:00+00:00,1.34590,1.34634,1.34578,1.34630,1460.00000
2026-08-03 11:45:00+00:00,1.34631,1.34679,1.34625,1.34678,2066.00000
2026-08-03 12:00:00+00:00,1.34677,1.34705,1.34647,1.34667,2732.00000
2026-08-03 12:15:00+00:00,1.34668,1.34679,1.34621,1.34627,2109.00000
2026-08-03 12:30:00+00:00,1.34628,1.34713,1.34603,1.34617,1920.00000
2026-08-03 12:45:00+00:00,1.34619,1.34656,1.34585,1.34642,2402.00000
2026-08-03 13:00:00+00:00,1.34645,1.34672,1.34604,1.34608,2855.00000
2026-08-03 13:15:00+00:00,1.34609,1.34656,1.34584,1.34656,2998.00000
2026-08-03 13:30:00+00:00,1.34655,1.34656,1.34544,1.34559,3524.00000
2026-08-03 13:45:00+00:00,1.34557,1.34561,1.34475,1.34530,3075.00000
2026-08-03 14:00:00+00:00,1.34455,1.34563,1.34451,1.34453,3115.00000
2026-08-03 14:15:00+00:00,1.34454,1.34551,1.34449,1.34501,3142.00000
2026-08-03 14:30:00+00:00,1.34502,1.34527,1.34428,1.34468,2312.00000
2026-08-03 14:45:00+00:00,1.34469,1.34495,1.34375,1.34377,2905.00000
2026-08-03 15:00:00+00:00,1.34376,1.34379,1.34249,1.34269,2766.00000
2026-08-03 15:15:00+00:00,1.34268,1.34298,1.34237,1.34248,2390.00000
2026-08-03 15:30:00+00:00,1.34249,1.34298,1.34226,1.34262,2543.00000
2026-08-03 15:45:00+00:00,1.34261,1.34347,1.34246,1.34339,2396.00000
2026-08-03 16:00:00+00:00,1.34342,1.34363,1.34308,1.34318,1712.00000
2026-08-03 16:15:00+00:00,1.34317,1.34318,1.34265,1.34272,1752.00000
2026-08-03 16:30:00+00:00,1.34271,1.34305,1.34250,1.34288,1384.00000
2026-08-03 16:45:00+00:00,1.34287,1.34293,1.34249,1.34254,1318.00000
2026-08-03 17:00:00+00:00,1.34255,1.34273,1.34239,1.34262,1772.00000
2026-08-03 17:15:00+00:00,1.34261,1.34261,1.34220,1.34244,1644.00000
2026-08-03 17:30:00+00:00,1.34245,1.34256,1.34224,1.34230,1632.00000
2026-08-03 17:45:00+00:00,1.34231,1.34253,1.34188,1.34191,1360.00000
2026-08-03 18:00:00+00:00,1.34192,1.34229,1.34176,1.34208,1390.00000
2026-08-03 18:15:00+00:00,1.34209,1.34272,1.34209,1.34260,1246.00000
2026-08-03 18:30:00+00:00,1.34261,1.34292,1.34252,1.34292,1058.00000
2026-08-03 18:45:00+00:00,1.34293,1.34323,1.34282,1.34312,1346.00000
2026-08-03 19:00:00+00:00,1.34313,1.34343,1.34306,1.34331,1265.00000
2026-08-03 19:15:00+00:00,1.34330,1.34344,1.34322,1.34331,1220.00000
2026-08-03 19:30:00+00:00,1.34329,1.34331,1.34309,1.34325,1022.00000
2026-08-03 19:45:00+00:00,1.34323,1.34336,1.34307,1.34312,980.00000
2026-08-03 20:00:00+00:00,1.34311,1.34331,1.34295,1.34296,924.00000
2026-08-03 20:15:00+00:00,1.34297,1.34314,1.34285,1.34293,557.00000
2026-08-03 20:30:00+00:00,1.34291,1.34318,1.34289,1.34312,418.00000
2026-08-03 20:45:00+00:00,1.34313,1.34341,1.34297,1.34340,790.00000
2026-08-03 21:00:00+00:00,1.34286,1.34320,1.34250,1.34305,84.00000
2026-08-03 21:15:00+00:00,1.34273,1.34306,1.34239,1.34274,125.00000
2026-08-03 21:30:00+00:00,1.34273,1.34305,1.34248,1.34304,409.00000
2026-08-03 21:45:00+00:00,1.34297,1.34306,1.34253,1.34282,1366.00000
2026-08-03 22:00:00+00:00,1.34298,1.34321,1.34277,1.34278,306.00000
2026-08-03 22:15:00+00:00,1.34279,1.34299,1.34277,1.34283,287.00000
2026-08-03 22:30:00+00:00,1.34282,1.34299,1.34279,1.34296,440.00000
2026-08-03 22:45:00+00:00,1.34296,1.34307,1.34291,1.34299,243.00000
2026-08-03 23:00:00+00:00,1.34300,1.34306,1.34288,1.34302,287.00000
2026-08-03 23:15:00+00:00,1.34302,1.34312,1.34291,1.34293,304.00000
2026-08-03 23:30:00+00:00,1.34292,1.34296,1.34261,1.34268,529.00000
2026-08-03 23:45:00+00:00,1.34269,1.34283,1.34243,1.34270,1184.00000
2026-08-04 00:00:00+00:00,1.34269,1.34322,1.34258,1.34273,2098.00000
2026-08-04 00:15:00+00:00,1.34274,1.34304,1.34267,1.34288,1486.00000
2026-08-04 00:30:00+00:00,1.34289,1.34329,1.34277,1.34314,1528.00000
2026-08-04 00:45:00+00:00,1.34313,1.34313,1.34238,1.34242,1550.00000
2026-08-04 01:00:00+00:00,1.34241,1.34251,1.34202,1.34237,1740.00000
2026-08-04 01:15:00+00:00,1.34238,1.34270,1.34233,1.34251,1356.00000
2026-08-04 01:30:00+00:00,1.34250,1.34312,1.34250,1.34312,1774.00000
2026-08-04 01:45:00+00:00,1.34311,1.34313,1.34277,1.34278,2030.00000
2026-08-04 02:00:00+00:00,1.34276,1.34318,1.34258,1.34305,1669.00000
2026-08-04 02:15:00+00:00,1.34306,1.34318,1.34260,1.34277,1129.00000
2026-08-04 02:30:00+00:00,1.34276,1.34303,1.34269,1.34302,1100.00000
2026-08-04 02:45:00+00:00,1.34301,1.34329,1.34267,1.34273,1280.00000
2026-08-04 03:00:00+00:00,1.34272,1.34314,1.34265,1.34275,1312.00000
2026-08-04 03:15:00+00:00,1.34279,1.34315,1.34270,1.34309,1284.00000
2026-08-04 03:30:00+00:00,1.34308,1.34330,1.34249,1.34257,1562.00000
2026-08-04 03:45:00+00:00,1.34256,1.34280,1.34254,1.34263,1228.00000
2026-08-04 04:00:00+00:00,1.34261,1.34270,1.34237,1.34251,1016.00000
2026-08-04 04:15:00+00:00,1.34252,1.34264,1.34246,1.34247,868.00000
2026-08-04 04:30:00+00:00,1.34248,1.34257,1.34237,1.34243,708.00000
2026-08-04 04:45:00+00:00,1.34242,1.34272,1.34241,1.34261,858.00000
2026-08-04 05:00:00+00:00,1.34260,1.34261,1.34218,1.34220,982.00000
2026-08-04 05:15:00+00:00,1.34221,1.34254,1.34210,1.34250,950.00000
2026-08-04 05:30:00+00:00,1.34251,1.34267,1.34207,1.34212,1036.00000
2026-08-04 05:45:00+00:00,1.34213,1.34267,1.34196,1.34252,1332.00000
2026-08-04 06:00:00+00:00,1.34246,1.34276,1.34232,1.34276,1761.00000
2026-08-04 06:15:00+00:00,1.34277,1.34324,1.34258,1.34278,1738.00000
2026-08-04 06:30:00+00:00,1.34277,1.34323,1.34268,1.34282,1526.00000
2026-08-04 06:45:00+00:00,1.34280,1.34302,1.34269,1.34284,1888.00000
2026-08-04 07:00:00+00:00,1.34283,1.34333,1.34273,1.34318,2636.00000
2026-08-04 07:15:00+00:00,1.34315,1.34388,1.34309,1.34343,2256.00000
2026-08-04 07:30:00+00:00,1.34344,1.34376,1.34332,1.34342,2237.00000
2026-08-04 07:45:00+00:00,1.34343,1.34385,1.34322,1.34363,1950.00000
2026-08-04 08:00:00+00:00,1.34361,1.34391,1.34323,1.34340,1818.00000
2026-08-04 08:15:00+00:00,1.34341,1.34401,1.34328,1.34390,1970.00000
2026-08-04 08:30:00+00:00,1.34389,1.34409,1.34338,1.34405,1925.00000
2026-08-04 08:45:00+00:00,1.34404,1.34424,1.34357,1.34423,1756.00000
2026-08-04 09:00:00+00:00,1.34422,1.34426,1.34362,1.34400,1812.00000
2026-08-04 09:15:00+00:00,1.34401,1.34429,1.34384,1.34422,1522.00000
2026-08-04 09:30:00+00:00,1.34421,1.34425,1.34389,1.34393,1270.00000
2026-08-04 09:45:00+00:00,1.34394,1.34427,1.34378,1.34416,1710.00000
2026-08-04 10:00:00+00:00,1.34417,1.34447,1.34405,1.34436,1508.00000
2026-08-04 10:15:00+00:00,1.34435,1.34435,1.34392,1.34397,1306.00000
2026-08-04 10:30:00+00:00,1.34400,1.34471,1.34377,1.34441,1282.00000
2026-08-04 10:45:00+00:00,1.34443,1.34486,1.34415,1.34427,3140.00000
2026-08-04 11:00:00+00:00,1.34428,1.34448,1.34404,1.34439,1726.00000
2026-08-04 11:15:00+00:00,1.34440,1.34498,1.34436,1.34496,1830.00000
2026-08-04 11:30:00+00:00,1.34497,1.34549,1.34483,1.34522,2778.00000
2026-08-04 11:45:00+00:00,1.34524,1.34525,1.34447,1.34468,3566.00000
2026-08-04 12:00:00+00:00,1.34469,1.34493,1.34446,1.34463,2888.00000
2026-08-04 12:15:00+00:00,1.34464,1.34492,1.34445,1.34451,1750.00000
2026-08-04 12:30:00+00:00,1.34454,1.34543,1.34454,1.34526,1884.00000
2026-08-04 12:45:00+00:00,1.34527,1.34527,1.34417,1.34429,1962.00000
2026-08-04 13:00:00+00:00,1.34428,1.34441,1.34388,1.34420,1801.00000
2026-08-04 13:15:00+00:00,1.34422,1.34510,1.34378,1.34428,3300.00000
2026-08-04 13:30:00+00:00,1.34429,1.34503,1.34426,1.34496,3338.00000
2026-08-04 13:45:00+00:00,1.34495,1.34522,1.34450,1.34470,2423.00000
2026-08-04 14:00:00+00:00,1.34470,1.34553,1.34468,1.34516,2446.00000
2026-08-04 14:15:00+00:00,1.34517,1.34555,1.34498,1.34515,2558.00000
2026-08-04 14:30:00+00:00,1.34516,1.34540,1.34474,1.34514,2697.00000
2026-08-04 14:45:00+00:00,1.34512,1.34513,1.34428,1.34474,2590.00000
2026-08-04 15:00:00+00:00,1.34473,1.34489,1.34439,1.34443,2452.00000
2026-08-04 15:15:00+00:00,1.34442,1.34464,1.34420,1.34459,2024.00000
2026-08-04 15:30:00+00:00,1.34458,1.34512,1.34421,1.34499,2249.00000
2026-08-04 15:45:00+00:00,1.34500,1.34554,1.34493,1.34542,1639.00000
2026-08-04 16:00:00+00:00,1.34543,1.34563,1.34482,1.34529,1660.00000
2026-08-04 16:15:00+00:00,1.34530,1.34540,1.34500,1.34512,1734.00000
2026-08-04 16:30:00+00:00,1.34510,1.34513,1.34469,1.34493,1218.00000
2026-08-04 16:45:00+00:00,1.34497,1.34504,1.34456,1.34463,1084.00000
2026-08-04 17:00:00+00:00,1.34462,1.34485,1.34441,1.34466,1424.00000
2026-08-04 17:15:00+00:00,1.34464,1.34466,1.34419,1.34422,1456.00000
2026-08-04 17:30:00+00:00,1.34420,1.34456,1.34410,1.34451,1055.00000
2026-08-04 17:45:00+00:00,1.34452,1.34457,1.34433,1.34434,1118.00000
2026-08-04 18:00:00+00:00,1.34433,1.34445,1.34409,1.34414,1804.00000
2026-08-04 18:15:00+00:00,1.34415,1.34433,1.34408,1.34413,1844.00000
2026-08-04 18:30:00+00:00,1.34414,1.34432,1.34397,1.34431,918.00000
2026-08-04 18:45:00+00:00,1.34432,1.34531,1.34432,1.34515,1494.00000
2026-08-04 19:00:00+00:00,1.34520,1.34541,1.34503,1.34504,1222.00000
2026-08-04 19:15:00+00:00,1.34505,1.34515,1.34491,1.34513,1757.00000
2026-08-04 19:30:00+00:00,1.34516,1.34517,1.34488,1.34505,1412.00000
2026-08-04 19:45:00+00:00,1.34504,1.34513,1.34488,1.34504,1534.00000
2026-08-04 20:00:00+00:00,1.34502,1.34522,1.34502,1.34517,1522.00000
2026-08-04 20:15:00+00:00,1.34513,1.34544,1.34510,1.34528,731.00000
2026-08-04 20:30:00+00:00,1.34527,1.34528,1.34508,1.34511,317.00000
2026-08-04 20:45:00+00:00,1.34508,1.34546,1.34508,1.34528,455.00000
2026-08-04 21:00:00+00:00,1.34480,1.34485,1.34427,1.34470,86.00000
2026-08-04 21:15:00+00:00,1.34472,1.34545,1.34446,1.34489,344.00000
2026-08-04 21:30:00+00:00,1.34485,1.34500,1.34443,1.34470,322.00000
2026-08-04 21:45:00+00:00,1.34468,1.34536,1.34468,1.34490,1234.00000
2026-08-04 22:00:00+00:00,1.34486,1.34524,1.34474,1.34509,775.00000
2026-08-04 22:15:00+00:00,1.34507,1.34512,1.34497,1.34508,230.00000
2026-08-04 22:30:00+00:00,1.34511,1.34528,1.34508,1.34519,238.00000
2026-08-04 22:45:00+00:00,1.34518,1.34522,1.34497,1.34513,457.00000
2026-08-04 23:00:00+00:00,1.34514,1.34521,1.34483,1.34510,500.00000
2026-08-04 23:15:00+00:00,1.34510,1.34512,1.34489,1.34489,343.00000
2026-08-04 23:30:00+00:00,1.34490,1.34495,1.34475,1.34481,284.00000
2026-08-04 23:45:00+00:00,1.34485,1.34510,1.34484,1.34506,490.00000
2026-08-05 00:00:00+00:00,1.34505,1.34528,1.34497,1.34514,1656.00000
2026-08-05 00:15:00+00:00,1.34515,1.34560,1.34508,1.34552,1264.00000
2026-08-05 00:30:00+00:00,1.34551,1.34563,1.34518,1.34519,998.00000
2026-08-05 00:45:00+00:00,1.34518,1.34532,1.34488,1.34506,1518.00000
2026-08-05 01:00:00+00:00,1.34508,1.34511,1.34475,1.34492,1554.00000
2026-08-05 01:15:00+00:00,1.34493,1.34501,1.34448,1.34463,1314.00000
2026-08-05 01:30:00+00:00,1.34462,1.34468,1.34440,1.34454,1247.00000
2026-08-05 01:45:00+00:00,1.34455,1.34470,1.34447,1.34456,964.00000
2026-08-05 02:00:00+00:00,1.34454,1.34507,1.34452,1.34482,2022.00000
2026-08-05 02:15:00+00:00,1.34483,1.34537,1.34472,1.34513,1522.00000
2026-08-05 02:30:00+00:00,1.34512,1.34582,1.34509,1.34579,1992.00000
2026-08-05 02:45:00+00:00,1.34578,1.34582,1.34532,1.34533,1542.00000
2026-08-05 03:00:00+00:00,1.34532,1.34596,1.34530,1.34589,1072.00000
2026-08-05 03:15:00+00:00,1.34588,1.34595,1.34562,1.34566,682.00000
2026-08-05 03:30:00+00:00,1.34565,1.34566,1.34549,1.34554,980.00000
2026-08-05 03:45:00+00:00,1.34555,1.34569,1.34551,1.34557,682.00000
2026-08-05 04:00:00+00:00,1.34558,1.34587,1.34557,1.34580,906.00000
2026-08-05 04:15:00+00:00,1.34579,1.34598,1.34577,1.34592,680.00000
2026-08-05 04:30:00+00:00,1.34594,1.34596,1.34563,1.34566,790.00000
2026-08-05 04:45:00+00:00,1.34565,1.34575,1.34540,1.34549,984.00000
2026-08-05 05:00:00+00:00,1.34548,1.34549,1.34514,1.34542,1127.00000
2026-08-05 05:15:00+00:00,1.34543,1.34562,1.34538,1.34544,934.00000
2026-08-05 05:30:00+00:00,1.34547,1.34567,1.34544,1.34559,1038.00000
2026-08-05 05:45:00+00:00,1.34560,1.34584,1.34539,1.34560,1294.00000
2026-08-05 06:00:00+00:00,1.34561,1.34592,1.34553,1.34578,1454.00000
2026-08-05 06:15:00+00:00,1.34573,1.34574,1.34517,1.34537,1968.00000
2026-08-05 06:30:00+00:00,1.34538,1.34640,1.34510,1.34637,1952.00000
2026-08-05 06:45:00+00:00,1.34636,1.34678,1.34629,1.34670,1658.00000
2026-08-05 07:00:00+00:00,1.34669,1.34691,1.34573,1.34582,2396.00000
2026-08-05 07:15:00+00:00,1.34584,1.34621,1.34579,1.34584,1942.00000
2026-08-05 07:30:00+00:00,1.34585,1.34638,1.34577,1.34621,1974.00000
2026-08-05 07:45:00+00:00,1.34622,1.34681,1.34598,1.34677,1897.00000
2026-08-05 08:00:00+00:00,1.34678,1.34705,1.34609,1.34613,1784.00000
2026-08-05 08:15:00+00:00,1.34612,1.34682,1.34612,1.34675,2262.00000
2026-08-05 08:30:00+00:00,1.34674,1.34697,1.34563,1.34582,1724.00000
2026-08-05 08:45:00+00:00,1.34583,1.34589,1.34538,1.34567,1782.00000
2026-08-05 09:00:00+00:00,1.34568,1.34614,1.34549,1.34600,1763.00000
2026-08-05 09:15:00+00:00,1.34601,1.34640,1.34587,1.34632,1595.00000
2026-08-05 09:30:00+00:00,1.34634,1.34673,1.34610,1.34658,1464.00000
2026-08-05 09:45:00+00:00,1.34659,1.34675,1.34646,1.34667,1156.00000
2026-08-05 10:00:00+00:00,1.34668,1.34698,1.34639,1.34651,1698.00000
2026-08-05 10:15:00+00:00,1.34652,1.34690,1.34638,1.34650,2160.00000
2026-08-05 10:30:00+00:00,1.34649,1.34664,1.34630,1.34648,1702.00000
2026-08-05 10:45:00+00:00,1.34649,1.34681,1.34634,1.34672,1363.00000
2026-08-05 11:00:00+00:00,1.34674,1.34759,1.34673,1.34758,1416.00000
2026-08-05 11:15:00+00:00,1.34757,1.34797,1.34733,1.34756,1664.00000
2026-08-05 11:30:00+00:00,1.34755,1.34826,1.34749,1.34796,1820.00000
2026-08-05 11:45:00+00:00,1.34795,1.34813,1.34770,1.34791,1506.00000
2026-08-05 12:00:00+00:00,1.34795,1.34813,1.34741,1.34751,2120.00000
2026-08-05 12:15:00+00:00,1.34748,1.34838,1.34748,1.34819,1911.00000
2026-08-05 12:30:00+00:00,1.34820,1.34839,1.34747,1.34752,2412.00000
2026-08-05 12:45:00+00:00,1.34751,1.34765,1.34671,1.34699,2036.00000
2026-08-05 13:00:00+00:00,1.34700,1.34728,1.34679,1.34704,2538.00000
2026-08-05 13:15:00+00:00,1.34703,1.34748,1.34665,1.34742,2018.00000
2026-08-05 13:30:00+00:00,1.34743,1.34761,1.34664,1.34671,3624.00000
2026-08-05 13:45:00+00:00,1.34672,1.34691,1.34598,1.34648,2972.00000
2026-08-05 14:00:00+00:00,1.34642,1.34820,1.34642,1.34787,3931.00000
2026-08-05 14:15:00+00:00,1.34786,1.34861,1.34780,1.34804,3281.00000
2026-08-05 14:30:00+00:00,1.34803,1.34811,1.34750,1.34772,2713.00000
2026-08-05 14:45:00+00:00,1.34773,1.34791,1.34699,1.34786,3411.00000
2026-08-05 15:00:00+00:00,1.34787,1.34834,1.34698,1.34698,3230.00000
2026-08-05 15:15:00+00:00,1.34695,1.34695,1.34661,1.34678,2398.00000
2026-08-05 15:30:00+00:00,1.34677,1.34693,1.34638,1.34663,2118.00000
2026-08-05 15:45:00+00:00,1.34662,1.34662,1.34570,1.34621,2900.00000
2026-08-05 16:00:00+00:00,1.34622,1.34660,1.34596,1.34642,3316.00000
2026-08-05 16:15:00+00:00,1.34641,1.34678,1.34627,1.34645,1456.00000
2026-08-05 16:30:00+00:00,1.34646,1.34648,1.34617,1.34633,1207.00000
2026-08-05 16:45:00+00:00,1.34631,1.34634,1.34592,1.34600,1448.00000
2026-08-05 17:00:00+00:00,1.34601,1.34611,1.34552,1.34585,1570.00000
2026-08-05 17:15:00+00:00,1.34583,1.34650,1.34583,1.34647,1627.00000
2026-08-05 17:30:00+00:00,1.34648,1.34694,1.34630,1.34691,1578.00000
2026-08-05 17:45:00+00:00,1.34693,1.34713,1.34680,1.34699,1516.00000
2026-08-05 18:00:00+00:00,1.34700,1.34719,1.34684,1.34688,1492.00000
2026-08-05 18:15:00+00:00,1.34686,1.34729,1.34677,1.34729,1243.00000
2026-08-05 18:30:00+00:00,1.34726,1.34732,1.34668,1.34670,1480.00000
2026-08-05 18:45:00+00:00,1.34671,1.34706,1.34668,1.34691,1462.00000
2026-08-05 19:00:00+00:00,1.34690,1.34710,1.34662,1.34670,1114.00000
2026-08-05 19:15:00+00:00,1.34669,1.34671,1.34636,1.34641,1138.00000
2026-08-05 19:30:00+00:00,1.34640,1.34660,1.34639,1.34650,1037.00000
2026-08-05 19:45:00+00:00,1.34649,1.34656,1.34629,1.34639,1114.00000
2026-08-05 20:00:00+00:00,1.34640,1.34664,1.34638,1.34639,872.00000
2026-08-05 20:15:00+00:00,1.34640,1.34649,1.34618,1.34647,361.00000
2026-08-05 20:30:00+00:00,1.34643,1.34670,1.34640,1.34654,474.00000
2026-08-05 20:45:00+00:00,1.34655,1.34691,1.34655,1.34682,454.00000
2026-08-05 21:00:00+00:00,1.34663,1.34684,1.34534,1.34646,444.00000
2026-08-05 21:15:00+00:00,1.34645,1.34718,1.34619,1.34655,374.00000
2026-08-05 21:30:00+00:00,1.34645,1.34668,1.34582,1.34646,773.00000
2026-08-05 21:45:00+00:00,1.34647,1.34679,1.34624,1.34644,1183.00000
2026-08-05 22:00:00+00:00,1.34640,1.34673,1.34635,1.34661,1122.00000
2026-08-05 22:15:00+00:00,1.34659,1.34671,1.34655,1.34671,394.00000
2026-08-05 22:30:00+00:00,1.34673,1.34673,1.34660,1.34671,230.00000
2026-08-05 22:45:00+00:00,1.34671,1.34675,1.34659,1.34669,420.00000
2026-08-05 23:00:00+00:00,1.34668,1.34689,1.34666,1.34688,243.00000
2026-08-05 23:15:00+00:00,1.34687,1.34689,1.34673,1.34673,192.00000
2026-08-05 23:30:00+00:00,1.34675,1.34687,1.34672,1.34686,381.00000
2026-08-05 23:45:00+00:00,1.34687,1.34710,1.34677,1.34692,696.00000
2026-08-06 00:00:00+00:00,1.34693,1.34697,1.34657,1.34667,1512.00000
2026-08-06 00:15:00+00:00,1.34666,1.34699,1.34664,1.34666,1286.00000
2026-08-06 00:30:00+00:00,1.34667,1.34698,1.34666,1.34681,1138.00000
2026-08-06 00:45:00+00:00,1.34682,1.34711,1.34657,1.34667,1526.00000
2026-08-06 01:00:00+00:00,1.34668,1.34683,1.34638,1.34670,2222.00000
2026-08-06 01:15:00+00:00,1.34671,1.34711,1.34658,1.34682,1658.00000
2026-08-06 01:30:00+00:00,1.34683,1.34707,1.34677,1.34701,1232.00000
2026-08-06 01:45:00+00:00,1.34700,1.34701,1.34677,1.34686,1374.00000
2026-08-06 02:00:00+00:00,1.34684,1.34725,1.34683,1.34693,1645.00000
2026-08-06 02:15:00+00:00,1.34694,1.34719,1.34684,1.34694,1110.00000
2026-08-06 02:30:00+00:00,1.34692,1.34708,1.34682,1.34708,1000.00000
2026-08-06 02:45:00+00:00,1.34707,1.34709,1.34665,1.34674,1274.00000
2026-08-06 03:00:00+00:00,1.34675,1.34675,1.34644,1.34646,920.00000
2026-08-06 03:15:00+00:00,1.34645,1.34649,1.34606,1.34615,1016.00000
2026-08-06 03:30:00+00:00,1.34614,1.34630,1.34589,1.34592,754.00000
2026-08-06 03:45:00+00:00,1.34591,1.34602,1.34581,1.34602,972.00000
2026-08-06 04:00:00+00:00,1.34601,1.34618,1.34600,1.34615,702.00000
2026-08-06 04:15:00+00:00,1.34614,1.34616,1.34594,1.34600,450.00000
2026-08-06 04:30:00+00:00,1.34599,1.34610,1.34586,1.34592,686.00000
2026-08-06 04:45:00+00:00,1.34593,1.34604,1.34583,1.34603,632.00000
2026-08-06 05:00:00+00:00,1.34602,1.34602,1.34558,1.34565,702.00000
2026-08-06 05:15:00+00:00,1.34566,1.34569,1.34557,1.34561,710.00000
2026-08-06 05:30:00+00:00,1.34560,1.34612,1.34553,1.34611,873.00000
2026-08-06 05:45:00+00:00,1.34610,1.34633,1.34607,1.34629,844.00000
2026-08-06 06:00:00+00:00,1.34632,1.34653,1.34604,1.34616,1210.00000
2026-08-06 06:15:00+00:00,1.34615,1.34623,1.34593,1.34608,2010.00000
2026-08-06 06:30:00+00:00,1.34609,1.34609,1.34546,1.34582,1400.00000
2026-08-06 06:45:00+00:00,1.34584,1.34602,1.34563,1.34598,1268.00000
2026-08-06 07:00:00+00:00,1.34600,1.34613,1.34556,1.34605,1811.00000
2026-08-06 07:15:00+00:00,1.34604,1.34624,1.34597,1.34608,1512.00000
2026-08-06 07:30:00+00:00,1.34610,1.34611,1.34561,1.34583,1650.00000
2026-08-06 07:45:00+00:00,1.34582,1.34614,1.34552,1.34597,1755.00000
2026-08-06 08:00:00+00:00,1.34599,1.34649,1.34568,1.34624,1890.00000
2026-08-06 08:15:00+00:00,1.34625,1.34651,1.34619,1.34621,1828.00000
2026-08-06 08:30:00+00:00,1.34622,1.34658,1.34597,1.34644,1958.00000
2026-08-06 08:45:00+00:00,1.34645,1.34656,1.34617,1.34643,1898.00000
2026-08-06 09:00:00+00:00,1.34642,1.34661,1.34613,1.34649,1410.00000
2026-08-06 09:15:00+00:00,1.34650,1.34658,1.34616,1.34629,1324.00000
2026-08-06 09:30:00+00:00,1.34630,1.34632,1.34528,1.34529,1648.00000
2026-08-06 09:45:00+00:00,1.34530,1.34572,1.34521,1.34564,1154.00000
2026-08-06 10:00:00+00:00,1.34562,1.34574,1.34543,1.34549,1144.00000
2026-08-06 10:15:00+00:00,1.34548,1.34613,1.34542,1.34603,1304.00000
2026-08-06 10:30:00+00:00,1.34602,1.34611,1.34582,1.34594,772.00000
2026-08-06 10:45:00+00:00,1.34592,1.34628,1.34589,1.34612,1028.00000
2026-08-06 11:00:00+00:00,1.34613,1.34661,1.34613,1.34634,2032.00000
2026-08-06 11:15:00+00:00,1.34630,1.34662,1.34626,1.34643,1784.00000
2026-08-06 11:30:00+00:00,1.34642,1.34649,1.34590,1.34592,1663.00000
2026-08-06 11:45:00+00:00,1.34591,1.34687,1.34578,1.34687,2392.00000
2026-08-06 12:00:00+00:00,1.34691,1.34693,1.34622,1.34632,2112.00000
2026-08-06 12:15:00+00:00,1.34633,1.34703,1.34633,1.34695,1708.00000
2026-08-06 12:30:00+00:00,1.34694,1.34718,1.34675,1.34708,1571.00000
2026-08-06 12:45:00+00:00,1.34711,1.34711,1.34649,1.34694,2146.00000
2026-08-06 13:00:00+00:00,1.34696,1.34714,1.34649,1.34660,2376.00000
2026-08-06 13:15:00+00:00,1.34661,1.34708,1.34647,1.34691,1752.00000
2026-08-06 13:30:00+00:00,1.34693,1.34758,1.34687,1.34744,2700.00000
2026-08-06 13:45:00+00:00,1.34745,1.34794,1.34709,1.34773,2895.00000
2026-08-06 14:00:00+00:00,1.34774,1.34794,1.34661,1.34671,3054.00000
2026-08-06 14:15:00+00:00,1.34672,1.34714,1.34651,1.34689,2624.00000
2026-08-06 14:30:00+00:00,1.34690,1.34720,1.34652,1.34708,2113.00000
2026-08-06 14:45:00+00:00,1.34705,1.34705,1.34636,1.34660,2584.00000
2026-08-06 15:00:00+00:00,1.34661,1.34665,1.34571,1.34580,2628.00000
2026-08-06 15:15:00+00:00,1.34579,1.34591,1.34519,1.34532,2740.00000
2026-08-06 15:30:00+00:00,1.34530,1.34547,1.34496,1.34533,2148.00000
2026-08-06 15:45:00+00:00,1.34539,1.34570,1.34506,1.34538,2653.00000
2026-08-06 16:00:00+00:00,1.34537,1.34590,1.34519,1.34541,2679.00000
2026-08-06 16:15:00+00:00,1.34540,1.34560,1.34493,1.34556,2110.00000
2026-08-06 16:30:00+00:00,1.34555,1.34561,1.34510,1.34517,1734.00000
2026-08-06 16:45:00+00:00,1.34518,1.34575,1.34517,1.34560,1728.00000
2026-08-06 17:00:00+00:00,1.34561,1.34590,1.34550,1.34562,1788.00000
2026-08-06 17:15:00+00:00,1.34561,1.34561,1.34517,1.34557,1598.00000
2026-08-06 17:30:00+00:00,1.34558,1.34559,1.34519,1.34531,1360.00000
2026-08-06 17:45:00+00:00,1.34532,1.34566,1.34525,1.34562,1004.00000
2026-08-06 18:00:00+00:00,1.34561,1.34592,1.34557,1.34574,1144.00000
2026-08-06 18:15:00+00:00,1.34575,1.34587,1.34542,1.34553,1210.00000
2026-08-06 18:30:00+00:00,1.34554,1.34566,1.34530,1.34536,930.00000
2026-08-06 18:45:00+00:00,1.34535,1.34572,1.34523,1.34568,1298.00000
2026-08-06 19:00:00+00:00,1.34569,1.34593,1.34554,1.34562,1310.00000
2026-08-06 19:15:00+00:00,1.34563,1.34576,1.34496,1.34514,1898.00000
2026-08-06 19:30:00+00:00,1.34511,1.34530,1.34487,1.34492,1536.00000
2026-08-06 19:45:00+00:00,1.34491,1.34568,1.34488,1.34550,1746.00000
2026-08-06 20:00:00+00:00,1.34548,1.34559,1.34522,1.34526,440.00000
2026-08-06 20:15:00+00:00,1.34527,1.34528,1.34485,1.34492,513.00000
2026-08-06 20:30:00+00:00,1.34493,1.34510,1.34488,1.34509,349.00000
2026-08-06 20:45:00+00:00,1.34507,1.34542,1.34504,1.34540,760.00000
2026-08-06 21:00:00+00:00,1.34553,1.34570,1.34459,1.34553,270.00000
2026-08-06 21:15:00+00:00,1.34547,1.34556,1.34457,1.34549,260.00000
2026-08-06 21:30:00+00:00,1.34548,1.34562,1.34450,1.34465,514.00000
2026-08-06 21:45:00+00:00,1.34495,1.34567,1.34437,1.34557,988.00000
2026-08-06 22:00:00+00:00,1.34529,1.34536,1.34501,1.34516,556.00000
2026-08-06 22:15:00+00:00,1.34516,1.34518,1.34507,1.34515,94.00000
2026-08-06 22:30:00+00:00,1.34516,1.34517,1.34507,1.34512,177.00000
2026-08-06 22:45:00+00:00,1.34511,1.34519,1.34508,1.34512,205.00000
2026-08-06 23:00:00+00:00,1.34511,1.34536,1.34511,1.34535,174.00000
2026-08-06 23:15:00+00:00,1.34536,1.34539,1.34532,1.34536,323.00000
2026-08-06 23:30:00+00:00,1.34537,1.34544,1.34528,1.34544,257.00000
2026-08-06 23:45:00+00:00,1.34540,1.34553,1.34538,1.34546,515.00000
2026-08-07 00:00:00+00:00,1.34548,1.34552,1.34513,1.34517,1190.00000
2026-08-07 00:15:00+00:00,1.34516,1.34521,1.34501,1.34510,1352.00000
2026-08-07 00:30:00+00:00,1.34509,1.34526,1.34501,1.34507,1266.00000
2026-08-07 00:45:00+00:00,1.34506,1.34518,1.34476,1.34500,1548.00000
2026-08-07 01:00:00+00:00,1.34499,1.34530,1.34486,1.34523,1464.00000
2026-08-07 01:15:00+00:00,1.34522,1.34531,1.34511,1.34523,1034.00000
2026-08-07 01:30:00+00:00,1.34524,1.34564,1.34503,1.34551,1466.00000
2026-08-07 01:45:00+00:00,1.34552,1.34557,1.34526,1.34530,1547.00000
2026-08-07 02:00:00+00:00,1.34531,1.34542,1.34527,1.34527,918.00000
2026-08-07 02:15:00+00:00,1.34526,1.34540,1.34516,1.34534,828.00000
2026-08-07 02:30:00+00:00,1.34535,1.34539,1.34513,1.34513,940.00000
2026-08-07 02:45:00+00:00,1.34511,1.34539,1.34508,1.34519,864.00000
2026-08-07 03:00:00+00:00,1.34518,1.34530,1.34506,1.34516,834.00000
2026-08-07 03:15:00+00:00,1.34517,1.34517,1.34505,1.34509,998.00000
2026-08-07 03:30:00+00:00,1.34508,1.34521,1.34505,1.34509,404.00000
2026-08-07 03:45:00+00:00,1.34508,1.34530,1.34506,1.34530,568.00000
2026-08-07 04:00:00+00:00,1.34531,1.34538,1.34521,1.34527,1134.00000
2026-08-07 04:15:00+00:00,1.34528,1.34544,1.34521,1.34536,820.00000
2026-08-07 04:30:00+00:00,1.34535,1.34550,1.34527,1.34541,908.00000
2026-08-07 04:45:00+00:00,1.34539,1.34550,1.34531,1.34537,486.00000
2026-08-07 05:00:00+00:00,1.34538,1.34558,1.34533,1.34554,484.00000
2026-08-07 05:15:00+00:00,1.34555,1.34556,1.34516,1.34517,588.00000
2026-08-07 05:30:00+00:00,1.34519,1.34540,1.34511,1.34524,912.00000
2026-08-07 05:45:00+00:00,1.34523,1.34546,1.34514,1.34527,1232.00000
2026-08-07 06:00:00+00:00,1.34528,1.34557,1.34517,1.34557,1243.00000
2026-08-07 06:15:00+00:00,1.34556,1.34580,1.34529,1.34560,1604.00000
2026-08-07 06:30:00+00:00,1.34559,1.34561,1.34525,1.34538,1636.00000
2026-08-07 06:45:00+00:00,1.34537,1.34563,1.34526,1.34538,1334.00000
2026-08-07 07:00:00+00:00,1.34537,1.34537,1.34484,1.34512,1896.00000
2026-08-07 07:15:00+00:00,1.34511,1.34532,1.34481,1.34484,1404.00000
2026-08-07 07:30:00+00:00,1.34485,1.34507,1.34455,1.34467,1481.00000
2026-08-07 07:45:00+00:00,1.34468,1.34508,1.34467,1.34481,1166.00000
2026-08-07 08:00:00+00:00,1.34482,1.34500,1.34447,1.34456,1526.00000
2026-08-07 08:15:00+00:00,1.34455,1.34474,1.34443,1.34448,1066.00000
2026-08-07 08:30:00+00:00,1.34447,1.34488,1.34433,1.34482,1356.00000
2026-08-07 08:45:00+00:00,1.34484,1.34493,1.34429,1.34429,1607.00000
2026-08-07 09:00:00+00:00,1.34428,1.34462,1.34406,1.34459,1528.00000
2026-08-07 09:15:00+00:00,1.34462,1.34468,1.34441,1.34444,1308.00000
2026-08-07 09:30:00+00:00,1.34443,1.34444,1.34397,1.34401,1070.00000
2026-08-07 09:45:00+00:00,1.34399,1.34438,1.34397,1.34418,1164.00000
2026-08-07 10:00:00+00:00,1.34420,1.34429,1.34367,1.34371,1061.00000
2026-08-07 10:15:00+00:00,1.34369,1.34401,1.34367,1.34376,988.00000
2026-08-07 10:30:00+00:00,1.34377,1.34388,1.34344,1.34346,1020.00000
2026-08-07 10:45:00+00:00,1.34347,1.34389,1.34345,1.34375,1198.00000
2026-08-07 11:00:00+00:00,1.34376,1.34433,1.34375,1.34420,1527.00000
2026-08-07 11:15:00+00:00,1.34421,1.34443,1.34392,1.34395,1288.00000
2026-08-07 11:30:00+00:00,1.34396,1.34476,1.34394,1.34473,1198.00000
2026-08-07 11:45:00+00:00,1.34472,1.34497,1.34459,1.34496,1486.00000
2026-08-07 12:00:00+00:00,1.34497,1.34521,1.34471,1.34473,2108.00000
2026-08-07 12:15:00+00:00,1.34470,1.34505,1.34443,1.34454,2571.00000
2026-08-07 12:30:00+00:00,1.34457,1.35034,1.34448,1.34986,7431.00000
2026-08-07 12:45:00+00:00,1.34985,1.35081,1.34958,1.35001,5310.00000
2026-08-07 13:00:00+00:00,1.35000,1.35036,1.34929,1.35033,4296.00000
2026-08-07 13:15:00+00:00,1.35032,1.35088,1.34947,1.35039,3398.00000
2026-08-07 13:30:00+00:00,1.35040,1.35082,1.34935,1.35040,3930.00000
2026-08-07 13:45:00+00:00,1.35039,1.35045,1.34874,1.34898,3758.00000
2026-08-07 14:00:00+00:00,1.34896,1.34941,1.34831,1.34938,3746.00000
2026-08-07 14:15:00+00:00,1.34937,1.35016,1.34921,1.34942,3020.00000
2026-08-07 14:30:00+00:00,1.34943,1.34966,1.34887,1.34905,2820.00000
2026-08-07 14:45:00+00:00,1.34904,1.34920,1.34836,1.34888,3421.00000
2026-08-07 15:00:00+00:00,1.34886,1.34956,1.34828,1.34956,3136.00000
2026-08-07 15:15:00+00:00,1.34954,1.35000,1.34940,1.34948,2706.00000
2026-08-07 15:30:00+00:00,1.34950,1.35005,1.34916,1.34983,2852.00000
2026-08-07 15:45:00+00:00,1.34984,1.34996,1.34920,1.34961,2564.00000
2026-08-07 16:00:00+00:00,1.34962,1.35015,1.34946,1.35014,2466.00000
2026-08-07 16:15:00+00:00,1.35013,1.35039,1.34972,1.34992,2716.00000
2026-08-07 16:30:00+00:00,1.34993,1.35006,1.34967,1.34992,1878.00000
2026-08-07 16:45:00+00:00,1.34993,1.35038,1.34952,1.34963,1782.00000
2026-08-07 17:00:00+00:00,1.34961,1.34975,1.34945,1.34967,1716.00000
2026-08-07 17:15:00+00:00,1.34969,1.34984,1.34940,1.34962,1584.00000
2026-08-07 17:30:00+00:00,1.34963,1.34987,1.34942,1.34977,1610.00000
2026-08-07 17:45:00+00:00,1.34976,1.34986,1.34952,1.34953,1316.00000
2026-08-07 18:00:00+00:00,1.34954,1.34966,1.34920,1.34938,1318.00000
2026-08-07 18:15:00+00:00,1.34941,1.34957,1.34918,1.34955,996.00000
2026-08-07 18:30:00+00:00,1.34954,1.34988,1.34954,1.34987,768.00000
2026-08-07 18:45:00+00:00,1.34989,1.35007,1.34982,1.34996,882.00000
2026-08-07 19:00:00+00:00,1.34997,1.35029,1.34977,1.34989,2014.00000
2026-08-07 19:15:00+00:00,1.34988,1.35037,1.34982,1.35028,2056.00000
2026-08-07 19:30:00+00:00,1.35029,1.35035,1.34989,1.34990,1794.00000
2026-08-07 19:45:00+00:00,1.34991,1.35008,1.34965,1.34978,1780.00000
2026-08-07 20:00:00+00:00,1.34977,1.34986,1.34934,1.34935,1462.00000
2026-08-07 20:15:00+00:00,1.34936,1.34940,1.34904,1.34911,866.00000
2026-08-07 20:30:00+00:00,1.34909,1.34916,1.34894,1.34904,449.00000
2026-08-07 20:45:00+00:00,1.34904,1.34937,1.34894,1.34920,1586.00000
2026-08-09 21:00:00+00:00,1.34964,1.34972,1.34919,1.34968,56.00000
2026-08-09 21:15:00+00:00,1.34966,1.34982,1.34952,1.34976,780.00000
2026-08-09 21:30:00+00:00,1.34977,1.34977,1.34873,1.34926,708.00000
2026-08-09 21:45:00+00:00,1.34930,1.34934,1.34839,1.34913,2042.00000
2026-08-09 22:00:00+00:00,1.34912,1.34935,1.34879,1.34908,348.00000
2026-08-09 22:15:00+00:00,1.34908,1.34911,1.34878,1.34879,572.00000
2026-08-09 22:30:00+00:00,1.34880,1.34902,1.34879,1.34899,355.00000
2026-08-09 22:45:00+00:00,1.34899,1.34908,1.34886,1.34890,224.00000
2026-08-09 23:00:00+00:00,1.34891,1.34928,1.34891,1.34923,614.00000
2026-08-09 23:15:00+00:00,1.34922,1.34929,1.34916,1.34918,274.00000
2026-08-09 23:30:00+00:00,1.34919,1.34921,1.34883,1.34916,473.00000
2026-08-09 23:45:00+00:00,1.34915,1.34924,1.34884,1.34886,918.00000
2026-08-10 00:00:00+00:00,1.34888,1.34938,1.34888,1.34933,1956.00000
2026-08-10 00:15:00+00:00,1.34934,1.34934,1.34890,1.34901,1458.00000
2026-08-10 00:30:00+00:00,1.34902,1.34909,1.34883,1.34884,1026.00000
2026-08-10 00:45:00+00:00,1.34885,1.34925,1.34877,1.34903,1344.00000
2026-08-10 01:00:00+00:00,1.34904,1.34917,1.34842,1.34869,2070.00000
2026-08-10 01:15:00+00:00,1.34870,1.34895,1.34866,1.34880,1024.00000
2026-08-10 01:30:00+00:00,1.34879,1.34879,1.34846,1.34870,1238.00000
2026-08-10 01:45:00+00:00,1.34868,1.34897,1.34867,1.34888,1258.00000
2026-08-10 02:00:00+00:00,1.34890,1.34898,1.34871,1.34879,1424.00000
2026-08-10 02:15:00+00:00,1.34880,1.34890,1.34868,1.34879,756.00000
2026-08-10 02:30:00+00:00,1.34880,1.34895,1.34864,1.34864,590.00000
2026-08-10 02:45:00+00:00,1.34865,1.34874,1.34854,1.34861,656.00000
2026-08-10 03:00:00+00:00,1.34865,1.34869,1.34832,1.34849,822.00000
2026-08-10 03:15:00+00:00,1.34850,1.34866,1.34837,1.34851,794.00000
2026-08-10 03:30:00+00:00,1.34852,1.34853,1.34834,1.34842,542.00000
2026-08-10 03:45:00+00:00,1.34847,1.34863,1.34847,1.34851,578.00000
2026-08-10 04:00:00+00:00,1.34852,1.34861,1.34836,1.34851,664.00000
2026-08-10 04:15:00+00:00,1.34852,1.34866,1.34842,1.34860,548.00000
2026-08-10 04:30:00+00:00,1.34859,1.34867,1.34848,1.34867,466.00000
2026-08-10 04:45:00+00:00,1.34866,1.34901,1.34865,1.34884,634.00000
2026-08-10 05:00:00+00:00,1.34883,1.34914,1.34877,1.34892,770.00000
2026-08-10 05:15:00+00:00,1.34891,1.34897,1.34877,1.34886,540.00000
2026-08-10 05:30:00+00:00,1.34887,1.34916,1.34872,1.34897,1132.00000
2026-08-10 05:45:00+00:00,1.34896,1.34944,1.34889,1.34940,1132.00000
2026-08-10 06:00:00+00:00,1.34941,1.34971,1.34926,1.34938,1216.00000
2026-08-10 06:15:00+00:00,1.34937,1.34977,1.34937,1.34958,2022.00000
2026-08-10 06:30:00+00:00,1.34959,1.34969,1.34920,1.34929,1908.00000
2026-08-10 06:45:00+00:00,1.34930,1.34950,1.34920,1.34949,1269.00000
2026-08-10 07:00:00+00:00,1.34947,1.34977,1.34919,1.34944,2050.00000
2026-08-10 07:15:00+00:00,1.34937,1.34960,1.34918,1.34918,2132.00000
2026-08-10 07:30:00+00:00,1.34920,1.34987,1.34916,1.34986,1976.00000
2026-08-10 07:45:00+00:00,1.34984,1.35015,1.34939,1.34961,1814.00000
2026-08-10 08:00:00+00:00,1.34960,1.35049,1.34946,1.35047,1902.00000
2026-08-10 08:15:00+00:00,1.35051,1.35056,1.35015,1.35029,1426.00000
2026-08-10 08:30:00+00:00,1.35031,1.35041,1.35013,1.35020,1242.00000
2026-08-10 08:45:00+00:00,1.35019,1.35035,1.35000,1.35033,1258.00000
2026-08-10 09:00:00+00:00,1.35034,1.35066,1.35019,1.35064,1378.00000
2026-08-10 09:15:00+00:00,1.35065,1.35066,1.35030,1.35054,1152.00000
2026-08-10 09:30:00+00:00,1.35053,1.35056,1.34956,1.34969,1690.00000
2026-08-10 09:45:00+00:00,1.34968,1.34996,1.34952,1.34953,1190.00000
2026-08-10 10:00:00+00:00,1.34952,1.34973,1.34925,1.34960,1411.00000
2026-08-10 10:15:00+00:00,1.34959,1.34997,1.34952,1.34968,1126.00000
2026-08-10 10:30:00+00:00,1.34969,1.35004,1.34952,1.35000,1164.00000
2026-08-10 10:45:00+00:00,1.34999,1.35013,1.34985,1.35008,1412.00000
2026-08-10 11:00:00+00:00,1.35009,1.35024,1.34964,1.34982,1620.00000
2026-08-10 11:15:00+00:00,1.34981,1.35011,1.34970,1.34989,1380.00000
2026-08-10 11:30:00+00:00,1.34988,1.35029,1.34978,1.35009,1292.00000
2026-08-10 11:45:00+00:00,1.35008,1.35012,1.34979,1.35011,1302.00000
2026-08-10 12:00:00+00:00,1.35009,1.35042,1.34976,1.34982,1933.00000
2026-08-10 12:15:00+00:00,1.34980,1.34990,1.34928,1.34945,1670.00000
2026-08-10 12:30:00+00:00,1.34946,1.34967,1.34902,1.34923,1597.00000
2026-08-10 12:45:00+00:00,1.34922,1.34973,1.34917,1.34949,1768.00000
2026-08-10 13:00:00+00:00,1.34951,1.35038,1.34948,1.35036,1972.00000
2026-08-10 13:15:00+00:00,1.35038,1.35077,1.35018,1.35038,1898.00000
2026-08-10 13:30:00+00:00,1.35040,1.35080,1.35017,1.35032,2832.00000
2026-08-10 13:45:00+00:00,1.35031,1.35065,1.34986,1.35046,2740.00000
2026-08-10 14:00:00+00:00,1.35047,1.35184,1.35041,1.35169,2649.00000
2026-08-10 14:15:00+00:00,1.35170,1.35186,1.35125,1.35181,2044.00000
2026-08-10 14:30:00+00:00,1.35183,1.35259,1.35158,1.35248,1685.00000
2026-08-10 14:45:00+00:00,1.35249,1.35308,1.35178,1.35208,3142.00000
2026-08-10 15:00:00+00:00,1.35207,1.35228,1.35159,1.35227,2650.00000
2026-08-10 15:15:00+00:00,1.35228,1.35273,1.35179,1.35220,2230.00000
2026-08-10 15:30:00+00:00,1.35219,1.35263,1.35210,1.35261,2005.00000
2026-08-10 15:45:00+00:00,1.35260,1.35275,1.35212,1.35258,1739.00000
2026-08-10 16:00:00+00:00,1.35259,1.35270,1.35228,1.35241,1356.00000
2026-08-10 16:15:00+00:00,1.35240,1.35240,1.35191,1.35234,1232.00000
2026-08-10 16:30:00+00:00,1.35233,1.35243,1.35164,1.35167,1753.00000
2026-08-10 16:45:00+00:00,1.35168,1.35171,1.35136,1.35138,1114.00000
2026-08-10 17:00:00+00:00,1.35139,1.35148,1.35097,1.35112,1033.00000
2026-08-10 17:15:00+00:00,1.35111,1.35114,1.35070,1.35095,1714.00000
2026-08-10 17:30:00+00:00,1.35094,1.35112,1.35086,1.35086,1198.00000
2026-08-10 17:45:00+00:00,1.35087,1.35087,1.35054,1.35066,1268.00000
2026-08-10 18:00:00+00:00,1.35067,1.35082,1.35059,1.35079,836.00000
2026-08-10 18:15:00+00:00,1.35078,1.35089,1.35069,1.35080,828.00000
2026-08-10 18:30:00+00:00,1.35079,1.35118,1.35067,1.35116,1378.00000
2026-08-10 18:45:00+00:00,1.35117,1.35118,1.35070,1.35091,1492.00000
2026-08-10 19:00:00+00:00,1.35090,1.35098,1.35061,1.35079,1140.00000
2026-08-10 19:15:00+00:00,1.35078,1.35093,1.35065,1.35078,686.00000
2026-08-10 19:30:00+00:00,1.35080,1.35087,1.35056,1.35076,1134.00000
2026-08-10 19:45:00+00:00,1.35077,1.35092,1.35069,1.35081,1020.00000
2026-08-10 20:00:00+00:00,1.35082,1.35101,1.35081,1.35090,518.00000
2026-08-10 20:15:00+00:00,1.35089,1.35091,1.35063,1.35064,430.00000
2026-08-10 20:30:00+00:00,1.35062,1.35081,1.35062,1.35079,275.00000
2026-08-10 20:45:00+00:00,1.35078,1.35079,1.35060,1.35077,344.00000
2026-08-10 21:00:00+00:00,1.35062,1.35072,1.35026,1.35061,84.00000
2026-08-10 21:15:00+00:00,1.35062,1.35103,1.35034,1.35078,195.00000
2026-08-10 21:30:00+00:00,1.35079,1.35079,1.35023,1.35068,262.00000
2026-08-10 21:45:00+00:00,1.35064,1.35082,1.35048,1.35073,215.00000
2026-08-10 22:00:00+00:00,1.35067,1.35085,1.35064,1.35076,435.00000
2026-08-10 22:15:00+00:00,1.35076,1.35077,1.35065,1.35067,229.00000
2026-08-10 22:30:00+00:00,1.35070,1.35078,1.35066,1.35077,150.00000
2026-08-10 22:45:00+00:00,1.35078,1.35091,1.35077,1.35089,257.00000
2026-08-10 23:00:00+00:00,1.35090,1.35095,1.35078,1.35083,308.00000
2026-08-10 23:15:00+00:00,1.35082,1.35086,1.35074,1.35076,256.00000
2026-08-10 23:30:00+00:00,1.35075,1.35085,1.35067,1.35072,381.00000
2026-08-10 23:45:00+00:00,1.35073,1.35116,1.35069,1.35109,850.00000
2026-08-11 00:00:00+00:00,1.35108,1.35131,1.35105,1.35118,1180.00000
2026-08-11 00:15:00+00:00,1.35117,1.35134,1.35110,1.35131,702.00000
2026-08-11 00:30:00+00:00,1.35130,1.35154,1.35121,1.35145,910.00000
2026-08-11 00:45:00+00:00,1.35147,1.35148,1.35106,1.35110,812.00000
2026-08-11 01:00:00+00:00,1.35109,1.35117,1.35062,1.35117,1436.00000
2026-08-11 01:15:00+00:00,1.35116,1.35139,1.35108,1.35131,1308.00000
2026-08-11 01:30:00+00:00,1.35132,1.35151,1.35104,1.35106,1064.00000
2026-08-11 01:45:00+00:00,1.35105,1.35141,1.35104,1.35107,1180.00000
2026-08-11 02:00:00+00:00,1.35108,1.35117,1.35083,1.35103,1087.00000
2026-08-11 02:15:00+00:00,1.35104,1.35106,1.35059,1.35066,992.00000
2026-08-11 02:30:00+00:00,1.35067,1.35079,1.35059,1.35073,1084.00000
2026-08-11 02:45:00+00:00,1.35072,1.35074,1.35028,1.35046,1394.00000
2026-08-11 03:00:00+00:00,1.35048,1.35086,1.35047,1.35083,954.00000
2026-08-11 03:15:00+00:00,1.35084,1.35125,1.35082,1.35124,924.00000
2026-08-11 03:30:00+00:00,1.35125,1.35130,1.35109,1.35110,868.00000
2026-08-11 03:45:00+00:00,1.35107,1.35112,1.35095,1.35104,686.00000
2026-08-11 04:00:00+00:00,1.35105,1.35119,1.35101,1.35112,628.00000
2026-08-11 04:15:00+00:00,1.35111,1.35129,1.35110,1.35125,630.00000
2026-08-11 04:30:00+00:00,1.35126,1.35138,1.35083,1.35090,1756.00000
2026-08-11 04:45:00+00:00,1.35089,1.35117,1.35067,1.35116,1012.00000
2026-08-11 05:00:00+00:00,1.35117,1.35118,1.35078,1.35086,702.00000
2026-08-11 05:15:00+00:00,1.35087,1.35091,1.35076,1.35084,642.00000
2026-08-11 05:30:00+00:00,1.35083,1.35142,1.35074,1.35140,1290.00000
2026-08-11 05:45:00+00:00,1.35139,1.35140,1.35101,1.35124,1404.00000
2026-08-11 06:00:00+00:00,1.35128,1.35159,1.35128,1.35136,1730.00000
2026-08-11 06:15:00+00:00,1.35137,1.35150,1.35041,1.35068,2300.00000
2026-08-11 06:30:00+00:00,1.35069,1.35088,1.35016,1.35064,1932.00000
2026-08-11 06:45:00+00:00,1.35066,1.35066,1.35022,1.35055,1486.00000
2026-08-11 07:00:00+00:00,1.35057,1.35084,1.35039,1.35061,1817.00000
2026-08-11 07:15:00+00:00,1.35060,1.35060,1.34987,1.35008,1664.00000
2026-08-11 07:30:00+00:00,1.35009,1.35026,1.34946,1.34969,1726.00000
2026-08-11 07:45:00+00:00,1.34966,1.34998,1.34959,1.34967,1725.00000
2026-08-11 08:00:00+00:00,1.34966,1.35002,1.34955,1.34992,1534.00000
2026-08-11 08:15:00+00:00,1.34993,1.35019,1.34992,1.35018,1248.00000
2026-08-11 08:30:00+00:00,1.35016,1.35088,1.35014,1.35063,1183.00000
2026-08-11 08:45:00+00:00,1.35062,1.35075,1.35021,1.35042,1492.00000
2026-08-11 09:00:00+00:00,1.35043,1.35043,1.34991,1.34994,1524.00000
2026-08-11 09:15:00+00:00,1.34993,1.35019,1.34988,1.35002,1050.00000
2026-08-11 09:30:00+00:00,1.35003,1.35025,1.34997,1.35021,1104.00000
2026-08-11 09:45:00+00:00,1.35023,1.35053,1.35019,1.35043,918.00000
2026-08-11 10:00:00+00:00,1.35042,1.35052,1.35006,1.35011,1154.00000
2026-08-11 10:15:00+00:00,1.35012,1.35031,1.34977,1.35003,1812.00000
2026-08-11 10:30:00+00:00,1.35002,1.35028,1.35001,1.35008,1096.00000
2026-08-11 10:45:00+00:00,1.35011,1.35018,1.34967,1.34983,1270.00000
2026-08-11 11:00:00+00:00,1.34982,1.35066,1.34967,1.34997,3205.00000
2026-08-11 11:15:00+00:00,1.34998,1.35019,1.34973,1.35004,1458.00000
2026-08-11 11:30:00+00:00,1.35005,1.35011,1.34970,1.34972,1710.00000
2026-08-11 11:45:00+00:00,1.34973,1.34977,1.34933,1.34935,1422.00000
2026-08-11 12:00:00+00:00,1.34937,1.35003,1.34922,1.34963,1810.00000
2026-08-11 12:15:00+00:00,1.34962,1.34992,1.34929,1.34964,2398.00000
2026-08-11 12:30:00+00:00,1.34966,1.35028,1.34961,1.34980,2000.00000
2026-08-11 12:45:00+00:00,1.34981,1.35011,1.34969,1.34992,1676.00000
2026-08-11 13:00:00+00:00,1.34991,1.35039,1.34988,1.34992,1990.00000
2026-08-11 13:15:00+00:00,1.34993,1.35021,1.34978,1.35008,1786.00000
2026-08-11 13:30:00+00:00,1.35010,1.35048,1.34969,1.35041,2646.00000
2026-08-11 13:45:00+00:00,1.35042,1.35069,1.35008,1.35009,2129.00000
2026-08-11 14:00:00+00:00,1.35010,1.35030,1.34982,1.35019,2100.00000
2026-08-11 14:15:00+00:00,1.35020,1.35060,1.35018,1.35032,1950.00000
2026-08-11 14:30:00+00:00,1.35033,1.35090,1.35025,1.35089,1795.00000
2026-08-11 14:45:00+00:00,1.35090,1.35099,1.35050,1.35085,1992.00000
2026-08-11 15:00:00+00:00,1.35086,1.35098,1.35032,1.35032,1711.00000
2026-08-11 15:15:00+00:00,1.35031,1.35102,1.35020,1.35092,1776.00000
2026-08-11 15:30:00+00:00,1.35091,1.35115,1.35038,1.35052,2260.00000
2026-08-11 15:45:00+00:00,1.35053,1.35149,1.35048,1.35149,1600.00000
2026-08-11 16:00:00+00:00,1.35153,1.35156,1.35076,1.35076,1457.00000
2026-08-11 16:15:00+00:00,1.35077,1.35080,1.35056,1.35074,1416.00000
2026-08-11 16:30:00+00:00,1.35073,1.35073,1.35037,1.35051,1222.00000
2026-08-11 16:45:00+00:00,1.35050,1.35072,1.35041,1.35057,1290.00000
2026-08-11 17:00:00+00:00,1.35058,1.35064,1.34979,1.34980,1264.00000
2026-08-11 17:15:00+00:00,1.34979,1.35010,1.34971,1.34987,862.00000
2026-08-11 17:30:00+00:00,1.34988,1.35024,1.34976,1.35019,758.00000
2026-08-11 17:45:00+00:00,1.35020,1.35042,1.35007,1.35023,666.00000
2026-08-11 18:00:00+00:00,1.35022,1.35022,1.34987,1.34995,984.00000
2026-08-11 18:15:00+00:00,1.34993,1.34995,1.34965,1.34973,1172.00000
2026-08-11 18:30:00+00:00,1.34974,1.35031,1.34968,1.35026,1240.00000
2026-08-11 18:45:00+00:00,1.35027,1.35038,1.35008,1.35032,1140.00000
2026-08-11 19:00:00+00:00,1.35033,1.35057,1.35028,1.35051,1014.00000
2026-08-11 19:15:00+00:00,1.35052,1.35060,1.35027,1.35059,726.00000
2026-08-11 19:30:00+00:00,1.35058,1.35069,1.35049,1.35058,750.00000
2026-08-11 19:45:00+00:00,1.35059,1.35084,1.35053,1.35083,884.00000
2026-08-11 20:00:00+00:00,1.35082,1.35092,1.35069,1.35072,841.00000
2026-08-11 20:15:00+00:00,1.35073,1.35073,1.35049,1.35052,190.00000
2026-08-11 20:30:00+00:00,1.35050,1.35058,1.35039,1.35041,354.00000
2026-08-11 20:45:00+00:00,1.35041,1.35085,1.35038,1.35081,564.00000
2026-08-11 21:00:00+00:00,1.35060,1.35067,1.35019,1.35042,149.00000
2026-08-11 21:15:00+00:00,1.35041,1.35055,1.35022,1.35054,97.00000
2026-08-11 21:30:00+00:00,1.35053,1.35056,1.35050,1.35055,254.00000
2026-08-11 21:45:00+00:00,1.35052,1.35084,1.35049,1.35082,161.00000
2026-08-11 22:00:00+00:00,1.35079,1.35096,1.35026,1.35095,467.00000
2026-08-11 22:15:00+00:00,1.35096,1.35103,1.35094,1.35101,172.00000
2026-08-11 22:30:00+00:00,1.35104,1.35106,1.35087,1.35089,249.00000
2026-08-11 22:45:00+00:00,1.35090,1.35100,1.35088,1.35099,309.00000
2026-08-11 23:00:00+00:00,1.35100,1.35108,1.35093,1.35093,438.00000
2026-08-11 23:15:00+00:00,1.35094,1.35101,1.35089,1.35089,300.00000
2026-08-11 23:30:00+00:00,1.35089,1.35098,1.35078,1.35083,221.00000
2026-08-11 23:45:00+00:00,1.35082,1.35093,1.35078,1.35093,577.00000
2026-08-12 00:00:00+00:00,1.35094,1.35111,1.35078,1.35106,1262.00000
2026-08-12 00:15:00+00:00,1.35104,1.35114,1.35099,1.35106,802.00000
2026-08-12 00:30:00+00:00,1.35107,1.35110,1.35093,1.35097,832.00000
2026-08-12 00:45:00+00:00,1.35098,1.35098,1.35066,1.35078,1080.00000
2026-08-12 01:00:00+00:00,1.35079,1.35079,1.35027,1.35039,1388.00000
2026-08-12 01:15:00+00:00,1.35038,1.35051,1.35027,1.35047,902.00000
2026-08-12 01:30:00+00:00,1.35048,1.35066,1.35041,1.35065,928.00000
2026-08-12 01:45:00+00:00,1.35064,1.35092,1.35053,1.35064,1070.00000
2026-08-12 02:00:00+00:00,1.35065,1.35067,1.35034,1.35035,1318.00000
2026-08-12 02:15:00+00:00,1.35036,1.35048,1.35016,1.35047,1086.00000
2026-08-12 02:30:00+00:00,1.35046,1.35077,1.35043,1.35067,888.00000
2026-08-12 02:45:00+00:00,1.35068,1.35072,1.35056,1.35068,744.00000
2026-08-12 03:00:00+00:00,1.35069,1.35082,1.35057,1.35074,576.00000
2026-08-12 03:15:00+00:00,1.35075,1.35078,1.35066,1.35072,608.00000
2026-08-12 03:30:00+00:00,1.35071,1.35079,1.35055,1.35057,484.00000
2026-08-12 03:45:00+00:00,1.35058,1.35065,1.35046,1.35056,450.00000
2026-08-12 04:00:00+00:00,1.35057,1.35067,1.35044,1.35051,558.00000
2026-08-12 04:15:00+00:00,1.35050,1.35054,1.35034,1.35048,516.00000
2026-08-12 04:30:00+00:00,1.35049,1.35073,1.35046,1.35070,404.00000
2026-08-12 04:45:00+00:00,1.35069,1.35075,1.35062,1.35073,476.00000
2026-08-12 05:00:00+00:00,1.35072,1.35073,1.35051,1.35051,634.00000
2026-08-12 05:15:00+00:00,1.35052,1.35058,1.35024,1.35037,724.00000
2026-08-12 05:30:00+00:00,1.35038,1.35058,1.35036,1.35043,630.00000
2026-08-12 05:45:00+00:00,1.35042,1.35061,1.35035,1.35058,490.00000
2026-08-12 06:00:00+00:00,1.35059,1.35072,1.35047,1.35060,1108.00000
2026-08-12 06:15:00+00:00,1.35061,1.35069,1.35045,1.35047,1136.00000
2026-08-12 06:30:00+00:00,1.35045,1.35074,1.35027,1.35066,926.00000
2026-08-12 06:45:00+00:00,1.35068,1.35089,1.35045,1.35088,1430.00000
2026-08-12 07:00:00+00:00,1.35089,1.35112,1.35078,1.35107,1586.00000
2026-08-12 07:15:00+00:00,1.35105,1.35117,1.35091,1.35102,836.00000
2026-08-12 07:30:00+00:00,1.35103,1.35109,1.35079,1.35080,1224.00000
2026-08-12 07:45:00+00:00,1.35081,1.35102,1.35060,1.35086,980.00000
2026-08-12 08:00:00+00:00,1.35085,1.35096,1.35069,1.35092,1076.00000
2026-08-12 08:15:00+00:00,1.35093,1.35115,1.35081,1.35102,1156.00000
2026-08-12 08:30:00+00:00,1.35101,1.35118,1.35082,1.35116,1262.00000
2026-08-12 08:45:00+00:00,1.35115,1.35125,1.35096,1.35108,1142.00000
2026-08-12 09:00:00+00:00,1.35109,1.35195,1.35103,1.35187,1490.00000
2026-08-12 09:15:00+00:00,1.35186,1.35294,1.35167,1.35181,2878.00000
2026-08-12 09:30:00+00:00,1.35182,1.35196,1.35146,1.35154,1774.00000
2026-08-12 09:45:00+00:00,1.35155,1.35183,1.35110,1.35129,1943.00000
2026-08-12 10:00:00+00:00,1.35128,1.35208,1.35125,1.35195,1428.00000
2026-08-12 10:15:00+00:00,1.35194,1.35223,1.35189,1.35211,1000.00000
2026-08-12 10:30:00+00:00,1.35212,1.35222,1.35193,1.35220,916.00000
2026-08-12 10:45:00+00:00,1.35221,1.35228,1.35142,1.35153,1612.00000
2026-08-12 11:00:00+00:00,1.35151,1.35188,1.35138,1.35166,1268.00000
2026-08-12 11:15:00+00:00,1.35165,1.35201,1.35158,1.35198,1228.00000
2026-08-12 11:30:00+00:00,1.35199,1.35223,1.35181,1.35217,1164.00000
2026-08-12 11:45:00+00:00,1.35218,1.35292,1.35218,1.35267,1642.00000
2026-08-12 12:00:00+00:00,1.35268,1.35284,1.35230,1.35271,1848.00000
2026-08-12 12:15:00+00:00,1.35270,1.35287,1.35187,1.35282,2160.00000
2026-08-12 12:30:00+00:00,1.35278,1.35451,1.35076,1.35378,7601.00000
2026-08-12 12:45:00+00:00,1.35379,1.35382,1.35288,1.35377,4382.00000
2026-08-12 13:00:00+00:00,1.35372,1.35410,1.35256,1.35263,4789.00000
2026-08-12 13:15:00+00:00,1.35262,1.35334,1.35231,1.35308,3719.00000
2026-08-12 13:30:00+00:00,1.35311,1.35338,1.35171,1.35185,4256.00000
2026-08-12 13:45:00+00:00,1.35183,1.35279,1.35170,1.35251,3130.00000
2026-08-12 14:00:00+00:00,1.35253,1.35298,1.35201,1.35221,3156.00000
2026-08-12 14:15:00+00:00,1.35222,1.35264,1.35162,1.35173,2590.00000
2026-08-12 14:30:00+00:00,1.35170,1.35197,1.35070,1.35124,2314.00000
2026-08-12 14:45:00+00:00,1.35125,1.35146,1.35041,1.35092,2739.00000
2026-08-12 15:00:00+00:00,1.35090,1.35102,1.35017,1.35083,2759.00000
2026-08-12 15:15:00+00:00,1.35082,1.35093,1.35058,1.35064,1830.00000
2026-08-12 15:30:00+00:00,1.35063,1.35084,1.35037,1.35047,1723.00000
2026-08-12 15:45:00+00:00,1.35048,1.35117,1.35027,1.35097,1966.00000
2026-08-12 16:00:00+00:00,1.35098,1.35113,1.35032,1.35091,1684.00000
2026-08-12 16:15:00+00:00,1.35090,1.35091,1.35028,1.35030,1660.00000
2026-08-12 16:30:00+00:00,1.35031,1.35033,1.34993,1.35011,1584.00000
2026-08-12 16:45:00+00:00,1.35012,1.35015,1.34945,1.34971,1677.00000
2026-08-12 17:00:00+00:00,1.34972,1.35015,1.34965,1.34966,1596.00000
2026-08-12 17:15:00+00:00,1.34964,1.34974,1.34946,1.34962,1171.00000
2026-08-12 17:30:00+00:00,1.34963,1.34975,1.34922,1.34929,1176.00000
2026-08-12 17:45:00+00:00,1.34930,1.34949,1.34919,1.34926,1214.00000
2026-08-12 18:00:00+00:00,1.34925,1.34963,1.34896,1.34946,1231.00000
2026-08-12 18:15:00+00:00,1.34945,1.34973,1.34933,1.34953,1064.00000
2026-08-12 18:30:00+00:00,1.34951,1.34954,1.34911,1.34914,896.00000
2026-08-12 18:45:00+00:00,1.34915,1.34919,1.34878,1.34881,890.00000
2026-08-12 19:00:00+00:00,1.34882,1.34905,1.34879,1.34903,1000.00000
2026-08-12 19:15:00+00:00,1.34902,1.34939,1.34898,1.34910,728.00000
2026-08-12 19:30:00+00:00,1.34911,1.34917,1.34892,1.34911,835.00000
2026-08-12 19:45:00+00:00,1.34912,1.34924,1.34885,1.34924,958.00000
2026-08-12 20:00:00+00:00,1.34923,1.34929,1.34903,1.34903,524.00000
2026-08-12 20:15:00+00:00,1.34902,1.34915,1.34900,1.34912,234.00000
2026-08-12 20:30:00+00:00,1.34911,1.34936,1.34910,1.34936,260.00000
2026-08-12 20:45:00+00:00,1.34939,1.34962,1.34937,1.34953,922.00000
2026-08-12 21:00:00+00:00,1.34936,1.34944,1.34897,1.34940,74.00000
2026-08-12 21:15:00+00:00,1.34941,1.34978,1.34885,1.34939,620.00000
2026-08-12 21:30:00+00:00,1.34940,1.34957,1.34893,1.34956,351.00000
2026-08-12 21:45:00+00:00,1.34953,1.34979,1.34948,1.34951,396.00000
2026-08-12 22:00:00+00:00,1.34943,1.34956,1.34913,1.34932,252.00000
2026-08-12 22:15:00+00:00,1.34933,1.34939,1.34929,1.34936,161.00000
2026-08-12 22:30:00+00:00,1.34936,1.34949,1.34923,1.34943,138.00000
2026-08-12 22:45:00+00:00,1.34943,1.34961,1.34942,1.34961,215.00000
2026-08-12 23:00:00+00:00,1.34962,1.34970,1.34960,1.34963,131.00000
2026-08-12 23:15:00+00:00,1.34963,1.34974,1.34963,1.34970,192.00000
2026-08-12 23:30:00+00:00,1.34971,1.34973,1.34955,1.34959,419.00000
2026-08-12 23:45:00+00:00,1.34960,1.34978,1.34952,1.34973,464.00000
2026-08-13 00:00:00+00:00,1.34977,1.34997,1.34971,1.34973,1028.00000
2026-08-13 00:15:00+00:00,1.34972,1.34999,1.34972,1.34984,924.00000
2026-08-13 00:30:00+00:00,1.34985,1.35007,1.34984,1.34993,1202.00000
2026-08-13 00:45:00+00:00,1.34992,1.34992,1.34947,1.34977,1230.00000
2026-08-13 01:00:00+00:00,1.34978,1.34986,1.34957,1.34969,1410.00000
2026-08-13 01:15:00+00:00,1.34968,1.34991,1.34968,1.34979,1009.00000
2026-08-13 01:30:00+00:00,1.34978,1.34994,1.34952,1.34952,778.00000
2026-08-13 01:45:00+00:00,1.34951,1.34954,1.34909,1.34924,1430.00000
2026-08-13 02:00:00+00:00,1.34923,1.34931,1.34906,1.34910,610.00000
2026-08-13 02:15:00+00:00,1.34907,1.34909,1.34883,1.34885,862.00000
2026-08-13 02:30:00+00:00,1.34886,1.34895,1.34867,1.34884,1186.00000
2026-08-13 02:45:00+00:00,1.34883,1.34890,1.34873,1.34883,722.00000
2026-08-13 03:00:00+00:00,1.34884,1.34912,1.34868,1.34892,1118.00000
2026-08-13 03:15:00+00:00,1.34891,1.34893,1.34868,1.34887,764.00000
2026-08-13 03:30:00+00:00,1.34888,1.34911,1.34885,1.34911,604.00000
2026-08-13 03:45:00+00:00,1.34910,1.34913,1.34897,1.34902,582.00000
2026-08-13 04:00:00+00:00,1.34903,1.34903,1.34875,1.34881,688.00000
2026-08-13 04:15:00+00:00,1.34880,1.34883,1.34868,1.34882,540.00000
2026-08-13 04:30:00+00:00,1.34881,1.34898,1.34879,1.34891,542.00000
2026-08-13 04:45:00+00:00,1.34890,1.34966,1.34890,1.34955,1477.00000
2026-08-13 05:00:00+00:00,1.34956,1.34960,1.34942,1.34955,990.00000
2026-08-13 05:15:00+00:00,1.34954,1.34977,1.34945,1.34964,810.00000
2026-08-13 05:30:00+00:00,1.34963,1.34964,1.34926,1.34928,676.00000
2026-08-13 05:45:00+00:00,1.34929,1.34963,1.34919,1.34938,686.00000
2026-08-13 06:00:00+00:00,1.34946,1.34978,1.34899,1.34901,1320.00000
2026-08-13 06:15:00+00:00,1.34902,1.34940,1.34852,1.34862,1707.00000
2026-08-13 06:30:00+00:00,1.34863,1.34864,1.34744,1.34796,1598.00000
2026-08-13 06:45:00+00:00,1.34797,1.34834,1.34792,1.34825,1376.00000
2026-08-13 07:00:00+00:00,1.34824,1.34844,1.34755,1.34778,1854.00000
2026-08-13 07:15:00+00:00,1.34780,1.34849,1.34779,1.34843,1076.00000
2026-08-13 07:30:00+00:00,1.34841,1.34861,1.34803,1.34853,1236.00000
2026-08-13 07:45:00+00:00,1.34852,1.34881,1.34821,1.34827,1612.00000
2026-08-13 08:00:00+00:00,1.34828,1.34833,1.34782,1.34804,1902.00000
2026-08-13 08:15:00+00:00,1.34805,1.34812,1.34777,1.34793,1268.00000
2026-08-13 08:30:00+00:00,1.34792,1.34837,1.34790,1.34818,1420.00000
2026-08-13 08:45:00+00:00,1.34813,1.34830,1.34779,1.34788,1338.00000
2026-08-13 09:00:00+00:00,1.34789,1.34815,1.34753,1.34810,1290.00000
2026-08-13 09:15:00+00:00,1.34809,1.34882,1.34800,1.34875,1114.00000
2026-08-13 09:30:00+00:00,1.34876,1.34899,1.34868,1.34877,820.00000
2026-08-13 09:45:00+00:00,1.34876,1.34916,1.34864,1.34914,1090.00000
2026-08-13 10:00:00+00:00,1.34916,1.34963,1.34907,1.34963,971.00000
2026-08-13 10:15:00+00:00,1.34970,1.34986,1.34955,1.34984,1324.00000
2026-08-13 10:30:00+00:00,1.34985,1.35010,1.34969,1.34971,1236.00000
2026-08-13 10:45:00+00:00,1.34970,1.34972,1.34886,1.34896,1034.00000
2026-08-13 11:00:00+00:00,1.34895,1.34944,1.34875,1.34937,1316.00000
2026-08-13 11:15:00+00:00,1.34940,1.34949,1.34919,1.34948,1078.00000
2026-08-13 11:30:00+00:00,1.34947,1.34962,1.34931,1.34939,1124.00000
2026-08-13 11:45:00+00:00,1.34938,1.34965,1.34908,1.34922,1444.00000
2026-08-13 12:00:00+00:00,1.34923,1.34926,1.34898,1.34907,1557.00000
2026-08-13 12:15:00+00:00,1.34906,1.34922,1.34872,1.34905,1215.00000
2026-08-13 12:30:00+00:00,1.34906,1.34992,1.34838,1.34961,2752.00000
2026-08-13 12:45:00+00:00,1.34960,1.35098,1.34958,1.35088,2806.00000
2026-08-13 13:00:00+00:00,1.35090,1.35101,1.35023,1.35061,3360.00000
2026-08-13 13:15:00+00:00,1.35062,1.35086,1.35016,1.35027,1956.00000
2026-08-13 13:30:00+00:00,1.35023,1.35033,1.34971,1.35010,2293.00000
2026-08-13 13:45:00+00:00,1.35011,1.35023,1.34949,1.34985,2737.00000
2026-08-13 14:00:00+00:00,1.34987,1.35074,1.34986,1.35059,3016.00000
2026-08-13 14:15:00+00:00,1.35060,1.35131,1.35040,1.35041,2656.00000
2026-08-13 14:30:00+00:00,1.35040,1.35057,1.35007,1.35024,2334.00000
2026-08-13 14:45:00+00:00,1.35023,1.35098,1.34989,1.35075,2314.00000
2026-08-13 15:00:00+00:00,1.35074,1.35093,1.35018,1.35029,2422.00000
2026-08-13 15:15:00+00:00,1.35032,1.35034,1.34952,1.34965,2254.00000
2026-08-13 15:30:00+00:00,1.34964,1.34990,1.34948,1.34952,2063.00000
2026-08-13 15:45:00+00:00,1.34951,1.34977,1.34941,1.34958,1408.00000
2026-08-13 16:00:00+00:00,1.34959,1.34962,1.34878,1.34888,1642.00000
2026-08-13 16:15:00+00:00,1.34889,1.34898,1.34831,1.34853,1520.00000
2026-08-13 16:30:00+00:00,1.34854,1.34862,1.34830,1.34841,1586.00000
2026-08-13 16:45:00+00:00,1.34840,1.34874,1.34840,1.34858,1173.00000
2026-08-13 17:00:00+00:00,1.34859,1.34892,1.34812,1.34814,1776.00000
2026-08-13 17:15:00+00:00,1.34816,1.34840,1.34809,1.34819,1186.00000
2026-08-13 17:30:00+00:00,1.34818,1.34840,1.34797,1.34839,1212.00000
2026-08-13 17:45:00+00:00,1.34838,1.34852,1.34819,1.34821,1158.00000
2026-08-13 18:00:00+00:00,1.34820,1.34874,1.34797,1.34858,1110.00000
2026-08-13 18:15:00+00:00,1.34857,1.34863,1.34832,1.34855,1030.00000
2026-08-13 18:30:00+00:00,1.34856,1.34874,1.34837,1.34861,963.00000
2026-08-13 18:45:00+00:00,1.34860,1.34863,1.34838,1.34839,878.00000
2026-08-13 19:00:00+00:00,1.34840,1.34862,1.34837,1.34847,876.00000
2026-08-13 19:15:00+00:00,1.34848,1.34878,1.34840,1.34873,768.00000
2026-08-13 19:30:00+00:00,1.34876,1.34882,1.34839,1.34848,818.00000
2026-08-13 19:45:00+00:00,1.34847,1.34879,1.34838,1.34874,1046.00000
2026-08-13 20:00:00+00:00,1.34873,1.34879,1.34846,1.34860,590.00000
2026-08-13 20:15:00+00:00,1.34859,1.34869,1.34849,1.34865,262.00000
2026-08-13 20:30:00+00:00,1.34863,1.34864,1.34850,1.34853,412.00000
2026-08-13 20:45:00+00:00,1.34852,1.34880,1.34852,1.34867,555.00000
2026-08-13 21:00:00+00:00,1.34855,1.34866,1.34805,1.34844,876.00000
2026-08-13 21:15:00+00:00,1.34851,1.34881,1.34842,1.34877,102.00000
2026-08-13 21:30:00+00:00,1.34873,1.34931,1.34842,1.34898,986.00000
2026-08-13 21:45:00+00:00,1.34896,1.34898,1.34843,1.34869,364.00000
2026-08-13 22:00:00+00:00,1.34866,1.34875,1.34849,1.34855,298.00000
2026-08-13 22:15:00+00:00,1.34854,1.34880,1.34854,1.34872,189.00000
2026-08-13 22:30:00+00:00,1.34873,1.34879,1.34868,1.34878,119.00000
2026-08-13 22:45:00+00:00,1.34879,1.34885,1.34872,1.34885,226.00000
2026-08-13 23:00:00+00:00,1.34888,1.34900,1.34888,1.34898,325.00000
2026-08-13 23:15:00+00:00,1.34897,1.34898,1.34880,1.34883,295.00000
2026-08-13 23:30:00+00:00,1.34882,1.34901,1.34881,1.34893,288.00000
2026-08-13 23:45:00+00:00,1.34892,1.34909,1.34892,1.34901,474.00000
2026-08-14 00:00:00+00:00,1.34900,1.34930,1.34897,1.34914,1698.00000
2026-08-14 00:15:00+00:00,1.34913,1.34950,1.34912,1.34945,1454.00000
2026-08-14 00:30:00+00:00,1.34946,1.34961,1.34940,1.34949,1482.00000
2026-08-14 00:45:00+00:00,1.34946,1.34981,1.34940,1.34976,1168.00000
2026-08-14 01:00:00+00:00,1.34977,1.34979,1.34911,1.34913,1888.00000
2026-08-14 01:15:00+00:00,1.34914,1.34932,1.34897,1.34913,1354.00000
2026-08-14 01:30:00+00:00,1.34912,1.34955,1.34900,1.34937,1054.00000
2026-08-14 01:45:00+00:00,1.34936,1.34946,1.34893,1.34893,1000.00000
2026-08-14 02:00:00+00:00,1.34894,1.34918,1.34891,1.34908,1186.00000
2026-08-14 02:15:00+00:00,1.34909,1.34935,1.34907,1.34915,760.00000
2026-08-14 02:30:00+00:00,1.34910,1.34939,1.34910,1.34936,938.00000
2026-08-14 02:45:00+00:00,1.34937,1.34937,1.34887,1.34897,1016.00000
2026-08-14 03:00:00+00:00,1.34898,1.34925,1.34891,1.34923,794.00000
2026-08-14 03:15:00+00:00,1.34924,1.34969,1.34919,1.34969,1100.00000
2026-08-14 03:30:00+00:00,1.34968,1.34974,1.34949,1.34956,820.00000
2026-08-14 03:45:00+00:00,1.34954,1.34957,1.34936,1.34950,858.00000
2026-08-14 04:00:00+00:00,1.34951,1.34981,1.34946,1.34969,961.00000
2026-08-14 04:15:00+00:00,1.34971,1.34973,1.34951,1.34952,894.00000
2026-08-14 04:30:00+00:00,1.34953,1.35000,1.34948,1.34961,742.00000
2026-08-14 04:45:00+00:00,1.34962,1.34979,1.34956,1.34972,330.00000
2026-08-14 05:00:00+00:00,1.34973,1.34991,1.34971,1.34979,602.00000
2026-08-14 05:15:00+00:00,1.34980,1.35002,1.34976,1.35000,760.00000
2026-08-14 05:30:00+00:00,1.34999,1.35024,1.34984,1.34989,1730.00000
2026-08-14 05:45:00+00:00,1.34990,1.35009,1.34982,1.35009,1036.00000
2026-08-14 06:00:00+00:00,1.35007,1.35028,1.35007,1.35016,1798.00000
2026-08-14 06:15:00+00:00,1.35012,1.35025,1.34981,1.34996,1324.00000
2026-08-14 06:30:00+00:00,1.34995,1.35038,1.34995,1.35029,1192.00000
2026-08-14 06:45:00+00:00,1.35030,1.35048,1.35013,1.35047,1114.00000
2026-08-14 07:00:00+00:00,1.35048,1.35085,1.35035,1.35059,1700.00000
2026-08-14 07:15:00+00:00,1.35057,1.35072,1.35034,1.35041,1334.00000
2026-08-14 07:30:00+00:00,1.35042,1.35099,1.35031,1.35076,1303.00000
2026-08-14 07:45:00+00:00,1.35073,1.35136,1.35072,1.35124,2035.00000
2026-08-14 08:00:00+00:00,1.35123,1.35201,1.35123,1.35169,1975.00000
2026-08-14 08:15:00+00:00,1.35168,1.35229,1.35157,1.35223,1252.00000
2026-08-14 08:30:00+00:00,1.35226,1.35272,1.35197,1.35223,1848.00000
2026-08-14 08:45:00+00:00,1.35222,1.35239,1.35187,1.35227,1848.00000
2026-08-14 09:00:00+00:00,1.35223,1.35260,1.35195,1.35218,1574.00000
2026-08-14 09:15:00+00:00,1.35212,1.35232,1.35208,1.35227,1050.00000
2026-08-14 09:30:00+00:00,1.35228,1.35238,1.35201,1.35220,1002.00000
2026-08-14 09:45:00+00:00,1.35224,1.35253,1.35217,1.35251,1202.00000
2026-08-14 10:00:00+00:00,1.35252,1.35281,1.35231,1.35266,1256.00000
2026-08-14 10:15:00+00:00,1.35267,1.35279,1.35261,1.35270,836.00000
2026-08-14 10:30:00+00:00,1.35272,1.35292,1.35267,1.35288,858.00000
2026-08-14 10:45:00+00:00,1.35289,1.35298,1.35268,1.35277,1214.00000
2026-08-14 11:00:00+00:00,1.35279,1.35309,1.35267,1.35307,1606.00000
2026-08-14 11:15:00+00:00,1.35308,1.35368,1.35301,1.35346,1424.00000
2026-08-14 11:30:00+00:00,1.35348,1.35427,1.35345,1.35404,1827.00000
2026-08-14 11:45:00+00:00,1.35403,1.35415,1.35348,1.35352,1700.00000
2026-08-14 12:00:00+00:00,1.35350,1.35413,1.35330,1.35358,2038.00000
2026-08-14 12:15:00+00:00,1.35355,1.35446,1.35353,1.35429,2029.00000
2026-08-14 12:30:00+00:00,1.35433,1.35508,1.35357,1.35358,3498.00000
2026-08-14 12:45:00+00:00,1.35356,1.35414,1.35349,1.35383,2234.00000
2026-08-14 13:00:00+00:00,1.35384,1.35397,1.35345,1.35367,2582.00000
2026-08-14 13:15:00+00:00,1.35366,1.35451,1.35350,1.35431,2544.00000
2026-08-14 13:30:00+00:00,1.35433,1.35562,1.35413,1.35552,3534.00000
2026-08-14 13:45:00+00:00,1.35553,1.35620,1.35506,1.35519,3214.00000
2026-08-14 14:00:00+00:00,1.35520,1.35577,1.35506,1.35507,2662.00000
2026-08-14 14:15:00+00:00,1.35510,1.35614,1.35502,1.35584,2928.00000
2026-08-14 14:30:00+00:00,1.35587,1.35587,1.35492,1.35518,2562.00000
2026-08-14 14:45:00+00:00,1.35517,1.35517,1.35457,1.35484,2978.00000
2026-08-14 15:00:00+00:00,1.35486,1.35534,1.35472,1.35488,2488.00000
2026-08-14 15:15:00+00:00,1.35489,1.35493,1.35398,1.35482,2402.00000
2026-08-14 15:30:00+00:00,1.35483,1.35549,1.35483,1.35512,2386.00000
2026-08-14 15:45:00+00:00,1.35511,1.35572,1.35506,1.35541,2078.00000
2026-08-14 16:00:00+00:00,1.35542,1.35566,1.35496,1.35499,1870.00000
2026-08-14 16:15:00+00:00,1.35498,1.35542,1.35486,1.35490,1764.00000
2026-08-14 16:30:00+00:00,1.35491,1.35531,1.35462,1.35468,1520.00000
2026-08-14 16:45:00+00:00,1.35469,1.35471,1.35384,1.35393,1480.00000
2026-08-14 17:00:00+00:00,1.35394,1.35395,1.35310,1.35321,1632.00000
2026-08-14 17:15:00+00:00,1.35320,1.35338,1.35272,1.35301,1334.00000
2026-08-14 17:30:00+00:00,1.35302,1.35324,1.35291,1.35291,1452.00000
2026-08-14 17:45:00+00:00,1.35292,1.35331,1.35286,1.35323,1220.00000
2026-08-14 18:00:00+00:00,1.35325,1.35334,1.35297,1.35303,1166.00000
2026-08-14 18:15:00+00:00,1.35304,1.35348,1.35300,1.35346,1078.00000
2026-08-14 18:30:00+00:00,1.35347,1.35351,1.35326,1.35341,836.00000
2026-08-14 18:45:00+00:00,1.35342,1.35358,1.35329,1.35333,878.00000
2026-08-14 19:00:00+00:00,1.35332,1.35360,1.35323,1.35348,1058.00000
2026-08-14 19:15:00+00:00,1.35350,1.35373,1.35344,1.35363,794.00000
2026-08-14 19:30:00+00:00,1.35362,1.35371,1.35337,1.35347,1118.00000
2026-08-14 19:45:00+00:00,1.35350,1.35361,1.35330,1.35349,1136.00000
2026-08-14 20:00:00+00:00,1.35347,1.35362,1.35337,1.35346,771.00000
2026-08-14 20:15:00+00:00,1.35345,1.35367,1.35342,1.35363,598.00000
2026-08-14 20:30:00+00:00,1.35362,1.35364,1.35337,1.35343,306.00000
2026-08-14 20:45:00+00:00,1.35344,1.35349,1.35315,1.35329,2346.00000
2026-08-16 21:00:00+00:00,1.35420,1.35446,1.35338,1.35396,127.00000
2026-08-16 21:15:00+00:00,1.35395,1.35416,1.35378,1.35409,70.00000
2026-08-16 21:30:00+00:00,1.35411,1.35416,1.35363,1.35384,200.00000
2026-08-16 21:45:00+00:00,1.35396,1.35399,1.35298,1.35361,140.00000
2026-08-16 22:00:00+00:00,1.35348,1.35356,1.35305,1.35322,362.00000
2026-08-16 22:15:00+00:00,1.35323,1.35376,1.35322,1.35375,293.00000
2026-08-16 22:30:00+00:00,1.35374,1.35402,1.35374,1.35396,322.00000
2026-08-16 22:45:00+00:00,1.35396,1.35433,1.35393,1.35431,367.00000
2026-08-16 23:00:00+00:00,1.35432,1.35452,1.35431,1.35441,537.00000
2026-08-16 23:15:00+00:00,1.35440,1.35444,1.35431,1.35440,359.00000
2026-08-16 23:30:00+00:00,1.35441,1.35453,1.35431,1.35450,300.00000
2026-08-16 23:45:00+00:00,1.35449,1.35471,1.35447,1.35463,384.00000
2026-08-17 00:00:00+00:00,1.35464,1.35522,1.35463,1.35520,1400.00000
2026-08-17 00:15:00+00:00,1.35518,1.35538,1.35507,1.35532,1242.00000
2026-08-17 00:30:00+00:00,1.35530,1.35560,1.35525,1.35533,1302.00000
2026-08-17 00:45:00+00:00,1.35532,1.35559,1.35520,1.35551,1286.00000
2026-08-17 01:00:00+00:00,1.35553,1.35560,1.35519,1.35528,2014.00000
2026-08-17 01:15:00+00:00,1.35529,1.35567,1.35519,1.35539,1345.00000
2026-08-17 01:30:00+00:00,1.35540,1.35543,1.35503,1.35539,1348.00000
2026-08-17 01:45:00+00:00,1.35538,1.35560,1.35534,1.35553,1028.00000
2026-08-17 02:00:00+00:00,1.35552,1.35561,1.35518,1.35539,918.00000
2026-08-17 02:15:00+00:00,1.35538,1.35553,1.35530,1.35551,898.00000
2026-08-17 02:30:00+00:00,1.35552,1.35559,1.35497,1.35510,922.00000
2026-08-17 02:45:00+00:00,1.35509,1.35521,1.35494,1.35497,508.00000
2026-08-17 03:00:00+00:00,1.35498,1.35502,1.35479,1.35494,897.00000
2026-08-17 03:15:00+00:00,1.35495,1.35508,1.35487,1.35492,511.00000
2026-08-17 03:30:00+00:00,1.35491,1.35501,1.35467,1.35481,745.00000
2026-08-17 03:45:00+00:00,1.35480,1.35520,1.35477,1.35518,777.00000
2026-08-17 04:00:00+00:00,1.35521,1.35563,1.35506,1.35556,1206.00000
2026-08-17 04:15:00+00:00,1.35555,1.35557,1.35537,1.35546,840.00000
2026-08-17 04:30:00+00:00,1.35547,1.35554,1.35536,1.35550,514.00000
2026-08-17 04:45:00+00:00,1.35551,1.35551,1.35509,1.35512,633.00000
2026-08-17 05:00:00+00:00,1.35511,1.35526,1.35496,1.35503,784.00000
2026-08-17 05:15:00+00:00,1.35502,1.35550,1.35499,1.35543,1008.00000
2026-08-17 05:30:00+00:00,1.35545,1.35553,1.35527,1.35532,986.00000
2026-08-17 05:45:00+00:00,1.35531,1.35586,1.35527,1.35536,1544.00000
2026-08-17 06:00:00+00:00,1.35541,1.35567,1.35507,1.35521,2066.00000
2026-08-17 06:15:00+00:00,1.35522,1.35557,1.35509,1.35555,1902.00000
2026-08-17 06:30:00+00:00,1.35556,1.35559,1.35508,1.35535,1388.00000
2026-08-17 06:45:00+00:00,1.35536,1.35604,1.35528,1.35586,2096.00000
2026-08-17 07:00:00+00:00,1.35590,1.35599,1.35545,1.35583,1926.00000
2026-08-17 07:15:00+00:00,1.35584,1.35655,1.35581,1.35651,2104.00000
2026-08-17 07:30:00+00:00,1.35650,1.35712,1.35645,1.35676,2194.00000
2026-08-17 07:45:00+00:00,1.35675,1.35676,1.35609,1.35631,2010.00000
2026-08-17 08:00:00+00:00,1.35628,1.35657,1.35601,1.35648,1604.00000
2026-08-17 08:15:00+00:00,1.35655,1.35707,1.35645,1.35707,1604.00000
2026-08-17 08:30:00+00:00,1.35706,1.35709,1.35600,1.35606,1488.00000
2026-08-17 08:45:00+00:00,1.35607,1.35617,1.35493,1.35538,2098.00000
2026-08-17 09:00:00+00:00,1.35539,1.35571,1.35517,1.35560,1498.00000
2026-08-17 09:15:00+00:00,1.35561,1.35584,1.35543,1.35578,1374.00000
2026-08-17 09:30:00+00:00,1.35577,1.35622,1.35575,1.35615,1260.00000
2026-08-17 09:45:00+00:00,1.35614,1.35618,1.35581,1.35588,1350.00000
2026-08-17 10:00:00+00:00,1.35590,1.35612,1.35550,1.35593,1490.00000
2026-08-17 10:15:00+00:00,1.35591,1.35648,1.35573,1.35635,1736.00000
2026-08-17 10:30:00+00:00,1.35630,1.35651,1.35577,1.35596,1928.00000
2026-08-17 10:45:00+00:00,1.35595,1.35598,1.35537,1.35563,1302.00000
2026-08-17 11:00:00+00:00,1.35566,1.35612,1.35557,1.35558,1260.00000
2026-08-17 11:15:00+00:00,1.35559,1.35594,1.35519,1.35588,1310.00000
2026-08-17 11:30:00+00:00,1.35587,1.35592,1.35539,1.35543,1448.00000
2026-08-17 11:45:00+00:00,1.35542,1.35568,1.35524,1.35563,1530.00000
2026-08-17 12:00:00+00:00,1.35564,1.35625,1.35557,1.35597,1923.00000
2026-08-17 12:15:00+00:00,1.35598,1.35619,1.35528,1.35560,2062.00000
2026-08-17 12:30:00+00:00,1.35559,1.35588,1.35540,1.35583,1758.00000
2026-08-17 12:45:00+00:00,1.35581,1.35610,1.35537,1.35607,1974.00000
2026-08-17 13:00:00+00:00,1.35610,1.35664,1.35588,1.35618,2212.00000
2026-08-17 13:15:00+00:00,1.35617,1.35661,1.35605,1.35617,1684.00000
2026-08-17 13:30:00+00:00,1.35618,1.35651,1.35555,1.35555,2408.00000
2026-08-17 13:45:00+00:00,1.35556,1.35603,1.35511,1.35599,2181.00000
2026-08-17 14:00:00+00:00,1.35600,1.35663,1.35589,1.35653,2184.00000
2026-08-17 14:15:00+00:00,1.35652,1.35688,1.35590,1.35610,2368.00000
2026-08-17 14:30:00+00:00,1.35611,1.35621,1.35551,1.35556,1822.00000
2026-08-17 14:45:00+00:00,1.35554,1.35569,1.35504,1.35529,2540.00000
2026-08-17 15:00:00+00:00,1.35528,1.35547,1.35507,1.35532,2272.00000
2026-08-17 15:15:00+00:00,1.35533,1.35566,1.35517,1.35563,1632.00000
2026-08-17 15:30:00+00:00,1.35566,1.35581,1.35518,1.35522,1968.00000
2026-08-17 15:45:00+00:00,1.35520,1.35620,1.35516,1.35620,1376.00000
2026-08-17 16:00:00+00:00,1.35621,1.35624,1.35572,1.35589,1336.00000
2026-08-17 16:15:00+00:00,1.35588,1.35632,1.35585,1.35612,1384.00000
2026-08-17 16:30:00+00:00,1.35613,1.35649,1.35611,1.35621,934.00000
2026-08-17 16:45:00+00:00,1.35622,1.35622,1.35578,1.35588,1042.00000
2026-08-17 17:00:00+00:00,1.35589,1.35599,1.35568,1.35576,1412.00000
2026-08-17 17:15:00+00:00,1.35575,1.35578,1.35520,1.35547,1296.00000
2026-08-17 17:30:00+00:00,1.35548,1.35557,1.35441,1.35477,1964.00000
2026-08-17 17:45:00+00:00,1.35478,1.35493,1.35441,1.35444,1156.00000
2026-08-17 18:00:00+00:00,1.35445,1.35454,1.35420,1.35443,1324.00000
2026-08-17 18:15:00+00:00,1.35442,1.35457,1.35380,1.35400,972.00000
2026-08-17 18:30:00+00:00,1.35401,1.35402,1.35372,1.35378,1550.00000
2026-08-17 18:45:00+00:00,1.35377,1.35392,1.35358,1.35379,1208.00000
2026-08-17 19:00:00+00:00,1.35385,1.35410,1.35360,1.35408,1098.00000
2026-08-17 19:15:00+00:00,1.35410,1.35432,1.35409,1.35429,996.00000
2026-08-17 19:30:00+00:00,1.35430,1.35449,1.35413,1.35446,1046.00000
2026-08-17 19:45:00+00:00,1.35447,1.35448,1.35416,1.35433,876.00000
2026-08-17 20:00:00+00:00,1.35432,1.35451,1.35413,1.35413,444.00000
2026-08-17 20:15:00+00:00,1.35414,1.35451,1.35414,1.35439,182.00000
2026-08-17 20:30:00+00:00,1.35438,1.35440,1.35429,1.35431,348.00000
2026-08-17 20:45:00+00:00,1.35430,1.35437,1.35406,1.35425,467.00000
2026-08-17 21:00:00+00:00,1.35451,1.35497,1.35367,1.35478,235.00000
2026-08-17 21:15:00+00:00,1.35461,1.35503,1.35415,1.35448,422.00000
2026-08-17 21:30:00+00:00,1.35465,1.35465,1.35407,1.35449,221.00000
2026-08-17 21:45:00+00:00,1.35450,1.35456,1.35380,1.35418,554.00000
2026-08-17 22:00:00+00:00,1.35423,1.35442,1.35417,1.35438,290.00000
2026-08-17 22:15:00+00:00,1.35437,1.35452,1.35428,1.35449,343.00000
2026-08-17 22:30:00+00:00,1.35448,1.35449,1.35425,1.35439,273.00000
2026-08-17 22:45:00+00:00,1.35439,1.35443,1.35432,1.35440,175.00000
2026-08-17 23:00:00+00:00,1.35439,1.35460,1.35436,1.35459,209.00000
2026-08-17 23:15:00+00:00,1.35458,1.35478,1.35456,1.35477,182.00000
2026-08-17 23:30:00+00:00,1.35476,1.35514,1.35473,1.35512,260.00000
2026-08-17 23:45:00+00:00,1.35512,1.35521,1.35492,1.35504,508.00000
2026-08-18 00:00:00+00:00,1.35505,1.35541,1.35501,1.35515,1296.00000
2026-08-18 00:15:00+00:00,1.35514,1.35527,1.35476,1.35479,1300.00000
2026-08-18 00:30:00+00:00,1.35480,1.35496,1.35450,1.35490,1054.00000
2026-08-18 00:45:00+00:00,1.35489,1.35504,1.35465,1.35503,1110.00000
2026-08-18 01:00:00+00:00,1.35504,1.35535,1.35483,1.35530,1414.00000
2026-08-18 01:15:00+00:00,1.35531,1.35531,1.35459,1.35485,1386.00000
2026-08-18 01:30:00+00:00,1.35484,1.35521,1.35482,1.35486,1154.00000
2026-08-18 01:45:00+00:00,1.35485,1.35488,1.35454,1.35463,1306.00000
2026-08-18 02:00:00+00:00,1.35462,1.35469,1.35436,1.35438,1302.00000
2026-08-18 02:15:00+00:00,1.35437,1.35446,1.35415,1.35425,1090.00000
2026-08-18 02:30:00+00:00,1.35424,1.35427,1.35395,1.35423,994.00000
2026-08-18 02:45:00+00:00,1.35424,1.35462,1.35417,1.35460,894.00000
2026-08-18 03:00:00+00:00,1.35461,1.35461,1.35419,1.35420,876.00000
2026-08-18 03:15:00+00:00,1.35412,1.35416,1.35372,1.35382,842.00000
2026-08-18 03:30:00+00:00,1.35380,1.35380,1.35356,1.35362,942.00000
2026-08-18 03:45:00+00:00,1.35361,1.35362,1.35341,1.35354,888.00000
2026-08-18 04:00:00+00:00,1.35353,1.35362,1.35313,1.35318,940.00000
2026-08-18 04:15:00+00:00,1.35319,1.35379,1.35311,1.35365,1134.00000
2026-08-18 04:30:00+00:00,1.35366,1.35369,1.35336,1.35361,740.00000
2026-08-18 04:45:00+00:00,1.35360,1.35380,1.35350,1.35351,760.00000
2026-08-18 05:00:00+00:00,1.35352,1.35355,1.35336,1.35337,762.00000
2026-08-18 05:15:00+00:00,1.35336,1.35388,1.35328,1.35380,924.00000
2026-08-18 05:30:00+00:00,1.35379,1.35387,1.35354,1.35370,908.00000
2026-08-18 05:45:00+00:00,1.35369,1.35391,1.35358,1.35358,937.00000
2026-08-18 06:00:00+00:00,1.35358,1.35428,1.35217,1.35281,2069.00000
2026-08-18 06:15:00+00:00,1.35280,1.35332,1.35258,1.35327,1576.00000
2026-08-18 06:30:00+00:00,1.35326,1.35331,1.35255,1.35283,1920.00000
2026-08-18 06:45:00+00:00,1.35282,1.35284,1.35212,1.35269,2004.00000
2026-08-18 07:00:00+00:00,1.35270,1.35289,1.35205,1.35217,2138.00000
2026-08-18 07:15:00+00:00,1.35216,1.35274,1.35198,1.35250,1484.00000
2026-08-18 07:30:00+00:00,1.35252,1.35304,1.35238,1.35289,1631.00000
2026-08-18 07:45:00+00:00,1.35290,1.35314,1.35259,1.35288,1422.00000
2026-08-18 08:00:00+00:00,1.35285,1.35287,1.35238,1.35255,1852.00000
2026-08-18 08:15:00+00:00,1.35256,1.35282,1.35236,1.35282,1718.00000
2026-08-18 08:30:00+00:00,1.35281,1.35303,1.35265,1.35294,1394.00000
2026-08-18 08:45:00+00:00,1.35295,1.35338,1.35283,1.35317,1054.00000
2026-08-18 09:00:00+00:00,1.35320,1.35321,1.35285,1.35289,1180.00000
2026-08-18 09:15:00+00:00,1.35288,1.35327,1.35263,1.35319,1410.00000
2026-08-18 09:30:00+00:00,1.35318,1.35335,1.35275,1.35303,1572.00000
2026-08-18 09:45:00+00:00,1.35304,1.35337,1.35298,1.35321,1212.00000
2026-08-18 10:00:00+00:00,1.35320,1.35321,1.35258,1.35258,1294.00000
2026-08-18 10:15:00+00:00,1.35257,1.35292,1.35245,1.35290,1414.00000
2026-08-18 10:30:00+00:00,1.35289,1.35303,1.35271,1.35272,756.00000
2026-08-18 10:45:00+00:00,1.35273,1.35304,1.35243,1.35258,1534.00000
2026-08-18 11:00:00+00:00,1.35257,1.35274,1.35224,1.35239,990.00000
2026-08-18 11:15:00+00:00,1.35238,1.35241,1.35199,1.35204,852.00000
2026-08-18 11:30:00+00:00,1.35205,1.35238,1.35202,1.35216,1020.00000
2026-08-18 11:45:00+00:00,1.35215,1.35277,1.35215,1.35272,1128.00000
2026-08-18 12:00:00+00:00,1.35268,1.35289,1.35249,1.35281,1650.00000
2026-08-18 12:15:00+00:00,1.35280,1.35321,1.35263,1.35271,1778.00000
2026-08-18 12:30:00+00:00,1.35275,1.35298,1.35236,1.35289,1414.00000
2026-08-18 12:45:00+00:00,1.35290,1.35343,1.35280,1.35317,1572.00000
2026-08-18 13:00:00+00:00,1.35313,1.35381,1.35313,1.35372,1920.00000
2026-08-18 13:15:00+00:00,1.35371,1.35374,1.35324,1.35337,1732.00000
2026-08-18 13:30:00+00:00,1.35338,1.35437,1.35283,1.35389,3157.00000
2026-08-18 13:45:00+00:00,1.35393,1.35411,1.35328,1.35411,2365.00000
2026-08-18 14:00:00+00:00,1.35410,1.35457,1.35396,1.35420,2778.00000
2026-08-18 14:15:00+00:00,1.35423,1.35489,1.35405,1.35439,2298.00000
2026-08-18 14:30:00+00:00,1.35438,1.35463,1.35392,1.35460,2159.00000
2026-08-18 14:45:00+00:00,1.35461,1.35510,1.35424,1.35428,3198.00000
2026-08-18 15:00:00+00:00,1.35427,1.35483,1.35367,1.35368,2948.00000
2026-08-18 15:15:00+00:00,1.35369,1.35422,1.35366,1.35394,2508.00000
2026-08-18 15:30:00+00:00,1.35392,1.35408,1.35364,1.35383,2084.00000
2026-08-18 15:45:00+00:00,1.35382,1.35445,1.35382,1.35429,1708.00000
2026-08-18 16:00:00+00:00,1.35430,1.35462,1.35406,1.35439,1372.00000
2026-08-18 16:15:00+00:00,1.35440,1.35472,1.35417,1.35425,1664.00000
2026-08-18 16:30:00+00:00,1.35424,1.35448,1.35411,1.35440,1418.00000
2026-08-18 16:45:00+00:00,1.35439,1.35448,1.35406,1.35407,1092.00000
2026-08-18 17:00:00+00:00,1.35408,1.35415,1.35340,1.35347,1318.00000
2026-08-18 17:15:00+00:00,1.35346,1.35376,1.35343,1.35358,1118.00000
2026-08-18 17:30:00+00:00,1.35357,1.35358,1.35323,1.35347,1286.00000
2026-08-18 17:45:00+00:00,1.35348,1.35357,1.35338,1.35347,902.00000
2026-08-18 18:00:00+00:00,1.35348,1.35355,1.35326,1.35351,956.00000
2026-08-18 18:15:00+00:00,1.35352,1.35381,1.35352,1.35373,1142.00000
2026-08-18 18:30:00+00:00,1.35372,1.35373,1.35335,1.35336,922.00000
2026-08-18 18:45:00+00:00,1.35335,1.35341,1.35325,1.35339,848.00000
2026-08-18 19:00:00+00:00,1.35338,1.35370,1.35325,1.35358,1226.00000
2026-08-18 19:15:00+00:00,1.35360,1.35363,1.35347,1.35352,978.00000
2026-08-18 19:30:00+00:00,1.35349,1.35397,1.35348,1.35372,1158.00000
2026-08-18 19:45:00+00:00,1.35371,1.35377,1.35314,1.35327,1474.00000
2026-08-18 20:00:00+00:00,1.35328,1.35328,1.35289,1.35307,854.00000
2026-08-18 20:15:00+00:00,1.35306,1.35308,1.35286,1.35298,420.00000
2026-08-18 20:30:00+00:00,1.35297,1.35320,1.35297,1.35316,548.00000
2026-08-18 20:45:00+00:00,1.35318,1.35322,1.35306,1.35316,693.00000
2026-08-18 21:00:00+00:00,1.35344,1.35358,1.35262,1.35356,213.00000
2026-08-18 21:15:00+00:00,1.35362,1.35362,1.35312,1.35343,146.00000
2026-08-18 21:30:00+00:00,1.35342,1.35343,1.35309,1.35317,274.00000
2026-08-18 21:45:00+00:00,1.35318,1.35370,1.35280,1.35365,500.00000
2026-08-18 22:00:00+00:00,1.35357,1.35372,1.35307,1.35312,905.00000
2026-08-18 22:15:00+00:00,1.35311,1.35324,1.35308,1.35315,390.00000
2026-08-18 22:30:00+00:00,1.35314,1.35325,1.35307,1.35317,303.00000
2026-08-18 22:45:00+00:00,1.35318,1.35341,1.35317,1.35336,213.00000
2026-08-18 23:00:00+00:00,1.35336,1.35363,1.35336,1.35351,266.00000
2026-08-18 23:15:00+00:00,1.35350,1.35353,1.35321,1.35329,285.00000
2026-08-18 23:30:00+00:00,1.35328,1.35342,1.35320,1.35323,508.00000
2026-08-18 23:45:00+00:00,1.35322,1.35362,1.35318,1.35362,608.00000
2026-08-19 00:00:00+00:00,1.35366,1.35416,1.35352,1.35403,1782.00000
2026-08-19 00:15:00+00:00,1.35402,1.35411,1.35378,1.35384,1254.00000
2026-08-19 00:30:00+00:00,1.35383,1.35385,1.35337,1.35344,1422.00000
2026-08-19 00:45:00+00:00,1.35346,1.35350,1.35289,1.35289,1774.00000
2026-08-19 01:00:00+00:00,1.35290,1.35300,1.35260,1.35263,2088.00000
2026-08-19 01:15:00+00:00,1.35264,1.35280,1.35234,1.35279,1472.00000
2026-08-19 01:30:00+00:00,1.35280,1.35298,1.35275,1.35287,1416.00000
2026-08-19 01:45:00+00:00,1.35288,1.35315,1.35276,1.35307,1056.00000
2026-08-19 02:00:00+00:00,1.35308,1.35351,1.35302,1.35345,1054.00000
2026-08-19 02:15:00+00:00,1.35344,1.35415,1.35317,1.35363,2202.00000
2026-08-19 02:30:00+00:00,1.35365,1.35416,1.35354,1.35410,1532.00000
2026-08-19 02:45:00+00:00,1.35414,1.35436,1.35371,1.35396,1710.00000
2026-08-19 03:00:00+00:00,1.35395,1.35416,1.35374,1.35390,984.00000
2026-08-19 03:15:00+00:00,1.35389,1.35411,1.35389,1.35403,908.00000
2026-08-19 03:30:00+00:00,1.35402,1.35410,1.35375,1.35389,734.00000
2026-08-19 03:45:00+00:00,1.35388,1.35397,1.35369,1.35372,708.00000
2026-08-19 04:00:00+00:00,1.35373,1.35399,1.35365,1.35397,826.00000
2026-08-19 04:15:00+00:00,1.35398,1.35399,1.35380,1.35386,1214.00000
2026-08-19 04:30:00+00:00,1.35387,1.35416,1.35366,1.35387,1172.00000
2026-08-19 04:45:00+00:00,1.35386,1.35425,1.35384,1.35417,784.00000
2026-08-19 05:00:00+00:00,1.35416,1.35432,1.35395,1.35417,880.00000
2026-08-19 05:15:00+00:00,1.35416,1.35431,1.35406,1.35416,1112.00000
2026-08-19 05:30:00+00:00,1.35417,1.35440,1.35410,1.35437,1286.00000
2026-08-19 05:45:00+00:00,1.35435,1.35449,1.35421,1.35438,1256.00000
2026-08-19 06:00:00+00:00,1.35438,1.35485,1.35404,1.35439,1499.00000
2026-08-19 06:15:00+00:00,1.35440,1.35579,1.35434,1.35537,2462.00000
2026-08-19 06:30:00+00:00,1.35539,1.35547,1.35488,1.35518,1612.00000
2026-08-19 06:45:00+00:00,1.35517,1.35535,1.35495,1.35510,1892.00000
2026-08-19 07:00:00+00:00,1.35513,1.35559,1.35481,1.35482,2146.00000
2026-08-19 07:15:00+00:00,1.35481,1.35523,1.35448,1.35499,1814.00000
2026-08-19 07:30:00+00:00,1.35497,1.35543,1.35490,1.35517,1866.00000
2026-08-19 07:45:00+00:00,1.35518,1.35561,1.35515,1.35558,1572.00000
2026-08-19 08:00:00+00:00,1.35559,1.35652,1.35542,1.35625,2104.00000
2026-08-19 08:15:00+00:00,1.35626,1.35660,1.35552,1.35564,2020.00000
2026-08-19 08:30:00+00:00,1.35563,1.35613,1.35534,1.35608,1352.00000
2026-08-19 08:45:00+00:00,1.35606,1.35629,1.35527,1.35531,1518.00000
2026-08-19 09:00:00+00:00,1.35530,1.35570,1.35496,1.35537,1433.00000
2026-08-19 09:15:00+00:00,1.35538,1.35577,1.35512,1.35552,1342.00000
2026-08-19 09:30:00+00:00,1.35551,1.35568,1.35522,1.35543,1394.00000
2026-08-19 09:45:00+00:00,1.35542,1.35595,1.35537,1.35584,1650.00000
2026-08-19 10:00:00+00:00,1.35583,1.35617,1.35558,1.35616,1398.00000
2026-08-19 10:15:00+00:00,1.35618,1.35631,1.35594,1.35626,1372.00000
2026-08-19 10:30:00+00:00,1.35620,1.35642,1.35615,1.35631,1032.00000
2026-08-19 10:45:00+00:00,1.35632,1.35644,1.35547,1.35562,1284.00000
2026-08-19 11:00:00+00:00,1.35563,1.35606,1.35519,1.35555,1562.00000
2026-08-19 11:15:00+00:00,1.35556,1.35566,1.35537,1.35543,1570.00000
2026-08-19 11:30:00+00:00,1.35542,1.35557,1.35477,1.35496,1478.00000
2026-08-19 11:45:00+00:00,1.35495,1.35554,1.35495,1.35530,1522.00000
2026-08-19 12:00:00+00:00,1.35529,1.35579,1.35525,1.35579,1414.00000
2026-08-19 12:15:00+00:00,1.35578,1.35648,1.35578,1.35607,1744.00000
2026-08-19 12:30:00+00:00,1.35610,1.35890,1.35605,1.35890,5309.00000
2026-08-19 12:45:00+00:00,1.35891,1.36035,1.35857,1.35950,4526.00000
2026-08-19 13:00:00+00:00,1.35954,1.36172,1.35949,1.36150,4853.00000
2026-08-19 13:15:00+00:00,1.36152,1.36224,1.36115,1.36220,4140.00000
2026-08-19 13:30:00+00:00,1.36222,1.36243,1.36126,1.36188,5027.00000
2026-08-19 13:45:00+00:00,1.36187,1.36237,1.36098,1.36175,5060.00000
2026-08-19 14:00:00+00:00,1.36170,1.36249,1.36135,1.36197,4332.00000
2026-08-19 14:15:00+00:00,1.36198,1.36243,1.36150,1.36237,3482.00000
2026-08-19 14:30:00+00:00,1.36238,1.36304,1.36200,1.36252,3642.00000
2026-08-19 14:45:00+00:00,1.36254,1.36255,1.36066,1.36088,4582.00000
2026-08-19 15:00:00+00:00,1.36089,1.36138,1.36047,1.36137,3560.00000
2026-08-19 15:15:00+00:00,1.36139,1.36156,1.36011,1.36075,3236.00000
2026-08-19 15:30:00+00:00,1.36074,1.36112,1.36063,1.36098,2322.00000
2026-08-19 15:45:00+00:00,1.36097,1.36105,1.36018,1.36067,1948.00000
2026-08-19 16:00:00+00:00,1.36069,1.36123,1.36042,1.36102,2532.00000
2026-08-19 16:15:00+00:00,1.36103,1.36125,1.36067,1.36079,2270.00000
2026-08-19 16:30:00+00:00,1.36080,1.36123,1.36073,1.36094,1582.00000
2026-08-19 16:45:00+00:00,1.36096,1.36157,1.36087,1.36102,1892.00000
2026-08-19 17:00:00+00:00,1.36103,1.36159,1.36020,1.36037,2966.00000
2026-08-19 17:15:00+00:00,1.36036,1.36037,1.35958,1.35981,1772.00000
2026-08-19 17:30:00+00:00,1.35982,1.35990,1.35935,1.35952,1650.00000
2026-08-19 17:45:00+00:00,1.35951,1.35975,1.35905,1.35914,1639.00000
2026-08-19 18:00:00+00:00,1.35913,1.36032,1.35900,1.35999,3332.00000
2026-08-19 18:15:00+00:00,1.36000,1.36011,1.35897,1.35913,2202.00000
2026-08-19 18:30:00+00:00,1.35911,1.36078,1.35910,1.36058,2325.00000
2026-08-19 18:45:00+00:00,1.36057,1.36099,1.36051,1.36072,1636.00000
2026-08-19 19:00:00+00:00,1.36076,1.36108,1.36029,1.36068,2056.00000
2026-08-19 19:15:00+00:00,1.36067,1.36120,1.36067,1.36114,1792.00000
2026-08-19 19:30:00+00:00,1.36112,1.36119,1.36038,1.36067,2336.00000
2026-08-19 19:45:00+00:00,1.36066,1.36109,1.36049,1.36078,1918.00000
2026-08-19 20:00:00+00:00,1.36077,1.36100,1.36039,1.36041,746.00000
2026-08-19 20:15:00+00:00,1.36040,1.36043,1.36025,1.36026,452.00000
2026-08-19 20:30:00+00:00,1.36027,1.36072,1.36023,1.36060,572.00000
2026-08-19 20:45:00+00:00,1.36062,1.36076,1.36058,1.36060,455.00000
2026-08-19 21:00:00+00:00,1.36047,1.36050,1.35939,1.36031,55.00000
2026-08-19 21:15:00+00:00,1.36042,1.36153,1.36018,1.36088,370.00000
2026-08-19 21:30:00+00:00,1.36089,1.36092,1.36054,1.36086,301.00000
2026-08-19 21:45:00+00:00,1.36061,1.36099,1.36006,1.36076,473.00000
2026-08-19 22:00:00+00:00,1.36082,1.36097,1.36052,1.36077,501.00000
2026-08-19 22:15:00+00:00,1.36078,1.36080,1.36069,1.36076,407.00000
2026-08-19 22:30:00+00:00,1.36077,1.36083,1.36060,1.36063,453.00000
2026-08-19 22:45:00+00:00,1.36062,1.36068,1.36032,1.36033,554.00000
2026-08-19 23:00:00+00:00,1.36033,1.36068,1.36018,1.36038,664.00000
2026-08-19 23:15:00+00:00,1.36037,1.36042,1.36016,1.36020,482.00000
2026-08-19 23:30:00+00:00,1.36021,1.36027,1.35999,1.35999,382.00000
2026-08-19 23:45:00+00:00,1.35997,1.36011,1.35987,1.36000,440.00000
2026-08-20 00:00:00+00:00,1.36002,1.36071,1.35997,1.36029,1994.00000
2026-08-20 00:15:00+00:00,1.36028,1.36058,1.36000,1.36010,1790.00000
2026-08-20 00:30:00+00:00,1.36011,1.36048,1.36005,1.36006,1542.00000
2026-08-20 00:45:00+00:00,1.36007,1.36008,1.35975,1.35995,1780.00000
2026-08-20 01:00:00+00:00,1.35993,1.36000,1.35946,1.35978,2174.00000
2026-08-20 01:15:00+00:00,1.35979,1.36069,1.35976,1.36058,2204.00000
2026-08-20 01:30:00+00:00,1.36056,1.36083,1.36000,1.36057,3116.00000
2026-08-20 01:45:00+00:00,1.36058,1.36077,1.36027,1.36077,1792.00000
2026-08-20 02:00:00+00:00,1.36080,1.36149,1.36070,1.36082,2390.00000
2026-08-20 02:15:00+00:00,1.36081,1.36083,1.36020,1.36047,1648.00000
2026-08-20 02:30:00+00:00,1.36048,1.36074,1.36032,1.36047,1298.00000
2026-08-20 02:45:00+00:00,1.36046,1.36060,1.36035,1.36051,1050.00000
2026-08-20 03:00:00+00:00,1.36050,1.36108,1.36047,1.36100,1186.00000
2026-08-20 03:15:00+00:00,1.36099,1.36140,1.36074,1.36106,1236.00000
2026-08-20 03:30:00+00:00,1.36107,1.36129,1.36097,1.36126,1104.00000
2026-08-20 03:45:00+00:00,1.36124,1.36146,1.36123,1.36141,880.00000
2026-08-20 04:00:00+00:00,1.36143,1.36166,1.36122,1.36154,898.00000
2026-08-20 04:15:00+00:00,1.36155,1.36158,1.36120,1.36126,946.00000
2026-08-20 04:30:00+00:00,1.36127,1.36132,1.36104,1.36105,904.00000
2026-08-20 04:45:00+00:00,1.36106,1.36114,1.36058,1.36072,1264.00000
2026-08-20 05:00:00+00:00,1.36074,1.36103,1.36070,1.36081,1220.00000
2026-08-20 05:15:00+00:00,1.36080,1.36087,1.36043,1.36044,1112.00000
2026-08-20 05:30:00+00:00,1.36046,1.36069,1.36012,1.36018,1485.00000
2026-08-20 05:45:00+00:00,1.36019,1.36066,1.35999,1.36047,1658.00000
2026-08-20 06:00:00+00:00,1.36045,1.36125,1.36027,1.36110,1976.00000
2026-08-20 06:15:00+00:00,1.36111,1.36112,1.36060,1.36073,1828.00000
2026-08-20 06:30:00+00:00,1.36072,1.36096,1.36050,1.36090,1766.00000
2026-08-20 06:45:00+00:00,1.36091,1.36170,1.36089,1.36167,2440.00000
2026-08-20 07:00:00+00:00,1.36166,1.36183,1.36088,1.36130,2208.00000
2026-08-20 07:15:00+00:00,1.36131,1.36147,1.36108,1.36132,1847.00000
2026-08-20 07:30:00+00:00,1.36131,1.36313,1.36128,1.36277,2780.00000
2026-08-20 07:45:00+00:00,1.36276,1.36286,1.36203,1.36250,2504.00000
2026-08-20 08:00:00+00:00,1.36249,1.36305,1.36233,1.36303,2042.00000
2026-08-20 08:15:00+00:00,1.36302,1.36363,1.36297,1.36334,1711.00000
2026-08-20 08:30:00+00:00,1.36335,1.36361,1.36296,1.36327,2338.00000
2026-08-20 08:45:00+00:00,1.36328,1.36375,1.36322,1.36355,1906.00000
2026-08-20 09:00:00+00:00,1.36356,1.36418,1.36317,1.36399,1641.00000
2026-08-20 09:15:00+00:00,1.36398,1.36454,1.36392,1.36438,2172.00000
2026-08-20 09:30:00+00:00,1.36439,1.36457,1.36395,1.36449,1702.00000
2026-08-20 09:45:00+00:00,1.36448,1.36479,1.36421,1.36477,1707.00000
2026-08-20 10:00:00+00:00,1.36478,1.36594,1.36420,1.36539,1866.00000
2026-08-20 10:15:00+00:00,1.36540,1.36567,1.36500,1.36561,1902.00000
2026-08-20 10:30:00+00:00,1.36559,1.36571,1.36475,1.36478,2134.00000
2026-08-20 10:45:00+00:00,1.36480,1.36483,1.36407,1.36445,2190.00000
2026-08-20 11:00:00+00:00,1.36446,1.36460,1.36316,1.36341,2208.00000
2026-08-20 11:15:00+00:00,1.36342,1.36404,1.36329,1.36356,1706.00000
2026-08-20 11:30:00+00:00,1.36350,1.36429,1.36321,1.36327,2064.00000
2026-08-20 11:45:00+00:00,1.36328,1.36348,1.36292,1.36319,2662.00000
2026-08-20 12:00:00+00:00,1.36322,1.36342,1.36205,1.36330,3396.00000
2026-08-20 12:15:00+00:00,1.36332,1.36404,1.36332,1.36362,2735.00000
2026-08-20 12:30:00+00:00,1.36374,1.36388,1.36255,1.36384,2853.00000
2026-08-20 12:45:00+00:00,1.36382,1.36456,1.36355,1.36423,3652.00000
2026-08-20 13:00:00+00:00,1.36424,1.36528,1.36424,1.36438,3464.00000
2026-08-20 13:15:00+00:00,1.36437,1.36494,1.36385,1.36421,2908.00000
2026-08-20 13:30:00+00:00,1.36424,1.36443,1.36352,1.36389,3990.00000
2026-08-20 13:45:00+00:00,1.36390,1.36404,1.36329,1.36338,2980.00000
2026-08-20 14:00:00+00:00,1.36339,1.36398,1.36278,1.36286,2600.00000
2026-08-20 14:15:00+00:00,1.36285,1.36367,1.36267,1.36351,2992.00000
2026-08-20 14:30:00+00:00,1.36352,1.36368,1.36311,1.36326,1866.00000
2026-08-20 14:45:00+00:00,1.36325,1.36363,1.36296,1.36318,2638.00000
2026-08-20 15:00:00+00:00,1.36317,1.36478,1.36306,1.36380,4749.00000
2026-08-20 15:15:00+00:00,1.36379,1.36426,1.36298,1.36425,3588.00000
2026-08-20 15:30:00+00:00,1.36427,1.36444,1.36274,1.36296,3588.00000
2026-08-20 15:45:00+00:00,1.36297,1.36380,1.36282,1.36370,3336.00000
2026-08-20 16:00:00+00:00,1.36372,1.36377,1.36309,1.36312,2674.00000
2026-08-20 16:15:00+00:00,1.36311,1.36329,1.36273,1.36276,2368.00000
2026-08-20 16:30:00+00:00,1.36275,1.36291,1.36238,1.36274,2180.00000
2026-08-20 16:45:00+00:00,1.36275,1.36335,1.36271,1.36306,1896.00000
2026-08-20 17:00:00+00:00,1.36307,1.36316,1.36245,1.36249,2014.00000
2026-08-20 17:15:00+00:00,1.36251,1.36269,1.36237,1.36269,1430.00000
2026-08-20 17:30:00+00:00,1.36268,1.36271,1.36231,1.36249,1080.00000
2026-08-20 17:45:00+00:00,1.36250,1.36277,1.36247,1.36275,1062.00000
2026-08-20 18:00:00+00:00,1.36276,1.36284,1.36215,1.36229,1620.00000
2026-08-20 18:15:00+00:00,1.36228,1.36243,1.36208,1.36231,1256.00000
2026-08-20 18:30:00+00:00,1.36234,1.36256,1.36230,1.36239,1180.00000
2026-08-20 18:45:00+00:00,1.36238,1.36282,1.36238,1.36277,1236.00000
2026-08-20 19:00:00+00:00,1.36275,1.36300,1.36251,1.36298,1482.00000
2026-08-20 19:15:00+00:00,1.36299,1.36305,1.36285,1.36289,1148.00000
2026-08-20 19:30:00+00:00,1.36288,1.36303,1.36273,1.36279,1380.00000
2026-08-20 19:45:00+00:00,1.36278,1.36309,1.36274,1.36285,1488.00000
2026-08-20 20:00:00+00:00,1.36287,1.36302,1.36287,1.36292,542.00000
2026-08-20 20:15:00+00:00,1.36293,1.36293,1.36277,1.36285,202.00000
2026-08-20 20:30:00+00:00,1.36286,1.36328,1.36284,1.36321,381.00000
2026-08-20 20:45:00+00:00,1.36322,1.36330,1.36305,1.36309,588.00000
2026-08-20 21:00:00+00:00,1.36304,1.36308,1.36249,1.36305,75.00000
2026-08-20 21:15:00+00:00,1.36303,1.36320,1.36255,1.36292,68.00000
2026-08-20 21:30:00+00:00,1.36318,1.36329,1.36298,1.36308,362.00000
2026-08-20 21:45:00+00:00,1.36306,1.36333,1.36290,1.36323,939.00000
2026-08-20 22:00:00+00:00,1.36304,1.36349,1.36271,1.36337,353.00000
2026-08-20 22:15:00+00:00,1.36338,1.36359,1.36323,1.36348,271.00000
2026-08-20 22:30:00+00:00,1.36349,1.36351,1.36335,1.36343,192.00000
2026-08-20 22:45:00+00:00,1.36344,1.36366,1.36343,1.36359,219.00000
2026-08-20 23:00:00+00:00,1.36359,1.36398,1.36359,1.36389,448.00000
2026-08-20 23:15:00+00:00,1.36388,1.36410,1.36385,1.36398,262.00000
2026-08-20 23:30:00+00:00,1.36399,1.36412,1.36380,1.36405,556.00000
2026-08-20 23:45:00+00:00,1.36404,1.36438,1.36398,1.36430,736.00000
2026-08-21 00:00:00+00:00,1.36432,1.36453,1.36392,1.36449,1562.00000
2026-08-21 00:15:00+00:00,1.36448,1.36466,1.36409,1.36420,1260.00000
2026-08-21 00:30:00+00:00,1.36421,1.36436,1.36383,1.36396,1380.00000
2026-08-21 00:45:00+00:00,1.36395,1.36410,1.36375,1.36379,1350.00000
2026-08-21 01:00:00+00:00,1.36381,1.36409,1.36367,1.36402,2336.00000
2026-08-21 01:15:00+00:00,1.36401,1.36461,1.36391,1.36457,1910.00000
2026-08-21 01:30:00+00:00,1.36458,1.36492,1.36438,1.36443,1778.00000
2026-08-21 01:45:00+00:00,1.36444,1.36461,1.36423,1.36447,1394.00000
2026-08-21 02:00:00+00:00,1.36446,1.36458,1.36406,1.36453,1236.00000
2026-08-21 02:15:00+00:00,1.36452,1.36506,1.36437,1.36483,1467.00000
2026-08-21 02:30:00+00:00,1.36487,1.36515,1.36484,1.36503,1026.00000
2026-08-21 02:45:00+00:00,1.36505,1.36555,1.36486,1.36487,1418.00000
2026-08-21 03:00:00+00:00,1.36486,1.36512,1.36473,1.36504,1052.00000
2026-08-21 03:15:00+00:00,1.36503,1.36508,1.36461,1.36461,800.00000
2026-08-21 03:30:00+00:00,1.36459,1.36466,1.36432,1.36448,1052.00000
2026-08-21 03:45:00+00:00,1.36449,1.36460,1.36433,1.36457,922.00000
2026-08-21 04:00:00+00:00,1.36458,1.36459,1.36435,1.36440,778.00000
2026-08-21 04:15:00+00:00,1.36441,1.36449,1.36406,1.36414,665.00000
2026-08-21 04:30:00+00:00,1.36413,1.36424,1.36398,1.36419,546.00000
2026-08-21 04:45:00+00:00,1.36420,1.36437,1.36408,1.36435,737.00000
2026-08-21 05:00:00+00:00,1.36434,1.36438,1.36409,1.36427,632.00000
2026-08-21 05:15:00+00:00,1.36428,1.36439,1.36414,1.36418,664.00000
2026-08-21 05:30:00+00:00,1.36419,1.36482,1.36409,1.36480,1030.00000
2026-08-21 05:45:00+00:00,1.36478,1.36533,1.36460,1.36518,1484.00000
2026-08-21 06:00:00+00:00,1.36520,1.36523,1.36430,1.36440,1713.00000
2026-08-21 06:15:00+00:00,1.36443,1.36475,1.36407,1.36445,1584.00000
2026-08-21 06:30:00+00:00,1.36446,1.36505,1.36444,1.36457,1496.00000
2026-08-21 06:45:00+00:00,1.36458,1.36499,1.36433,1.36495,1746.00000
2026-08-21 07:00:00+00:00,1.36491,1.36528,1.36437,1.36485,1843.00000
2026-08-21 07:15:00+00:00,1.36484,1.36529,1.36469,1.36499,1747.00000
2026-08-21 07:30:00+00:00,1.36497,1.36535,1.36424,1.36438,2025.00000
2026-08-21 07:45:00+00:00,1.36437,1.36440,1.36378,1.36410,2716.00000
2026-08-21 08:00:00+00:00,1.36406,1.36432,1.36354,1.36408,2031.00000
2026-08-21 08:15:00+00:00,1.36407,1.36471,1.36381,1.36461,2155.00000
2026-08-21 08:30:00+00:00,1.36483,1.36588,1.36459,1.36570,2084.00000
2026-08-21 08:45:00+00:00,1.36569,1.36653,1.36546,1.36646,1792.00000
2026-08-21 09:00:00+00:00,1.36650,1.36756,1.36630,1.36718,2998.00000
2026-08-21 09:15:00+00:00,1.36719,1.36735,1.36594,1.36613,2200.00000
2026-08-21 09:30:00+00:00,1.36612,1.36634,1.36585,1.36587,1614.00000
2026-08-21 09:45:00+00:00,1.36588,1.36605,1.36549,1.36552,1462.00000
2026-08-21 10:00:00+00:00,1.36551,1.36602,1.36537,1.36577,1901.00000
2026-08-21 10:15:00+00:00,1.36576,1.36664,1.36572,1.36643,1592.00000
2026-08-21 10:30:00+00:00,1.36644,1.36653,1.36604,1.36612,1618.00000
2026-08-21 10:45:00+00:00,1.36611,1.36613,1.36433,1.36485,2052.00000
2026-08-21 11:00:00+00:00,1.36481,1.36547,1.36465,1.36546,1612.00000
2026-08-21 11:15:00+00:00,1.36547,1.36648,1.36544,1.36628,2686.00000
2026-08-21 11:30:00+00:00,1.36630,1.36638,1.36533,1.36554,2702.00000
2026-08-21 11:45:00+00:00,1.36555,1.36578,1.36506,1.36574,1810.00000
2026-08-21 12:00:00+00:00,1.36573,1.36600,1.36533,1.36537,2685.00000
2026-08-21 12:15:00+00:00,1.36532,1.36588,1.36521,1.36538,2688.00000
2026-08-21 12:30:00+00:00,1.36537,1.36537,1.36351,1.36446,3010.00000
2026-08-21 12:45:00+00:00,1.36448,1.36454,1.36392,1.36434,2382.00000
2026-08-21 13:00:00+00:00,1.36435,1.36460,1.36357,1.36378,3024.00000
2026-08-21 13:15:00+00:00,1.36379,1.36393,1.36344,1.36361,2481.00000
2026-08-21 13:30:00+00:00,1.36360,1.36399,1.36343,1.36395,2725.00000
2026-08-21 13:45:00+00:00,1.36389,1.36472,1.36371,1.36443,2634.00000
2026-08-21 14:00:00+00:00,1.36442,1.36443,1.36370,1.36404,2302.00000
2026-08-21 14:15:00+00:00,1.36405,1.36430,1.36324,1.36325,2328.00000
2026-08-21 14:30:00+00:00,1.36317,1.36319,1.36185,1.36231,3734.00000
2026-08-21 14:45:00+00:00,1.36232,1.36317,1.36207,1.36241,3714.00000
2026-08-21 15:00:00+00:00,1.36240,1.36292,1.36222,1.36264,3307.00000
2026-08-21 15:15:00+00:00,1.36265,1.36315,1.36235,1.36296,2436.00000
2026-08-21 15:30:00+00:00,1.36299,1.36382,1.36295,1.36378,1886.00000
2026-08-21 15:45:00+00:00,1.36380,1.36422,1.36348,1.36419,1816.00000
2026-08-21 16:00:00+00:00,1.36422,1.36441,1.36370,1.36398,1726.00000
2026-08-21 16:15:00+00:00,1.36397,1.36464,1.36368,1.36418,2278.00000
2026-08-21 16:30:00+00:00,1.36419,1.36447,1.36407,1.36418,1432.00000
2026-08-21 16:45:00+00:00,1.36417,1.36434,1.36399,1.36422,1480.00000
2026-08-21 17:00:00+00:00,1.36421,1.36426,1.36397,1.36405,1306.00000
2026-08-21 17:15:00+00:00,1.36406,1.36459,1.36401,1.36450,1374.00000
2026-08-21 17:30:00+00:00,1.36449,1.36493,1.36440,1.36451,1194.00000
2026-08-21 17:45:00+00:00,1.36450,1.36496,1.36448,1.36487,730.00000
2026-08-21 18:00:00+00:00,1.36488,1.36539,1.36488,1.36500,886.00000
2026-08-21 18:15:00+00:00,1.36499,1.36528,1.36489,1.36516,746.00000
2026-08-21 18:30:00+00:00,1.36517,1.36525,1.36501,1.36512,686.00000
2026-08-21 18:45:00+00:00,1.36513,1.36522,1.36489,1.36515,926.00000
2026-08-21 19:00:00+00:00,1.36516,1.36528,1.36477,1.36488,1130.00000
2026-08-21 19:15:00+00:00,1.36489,1.36491,1.36468,1.36478,1022.00000
2026-08-21 19:30:00+00:00,1.36477,1.36490,1.36459,1.36469,808.00000
2026-08-21 19:45:00+00:00,1.36470,1.36503,1.36455,1.36471,1054.00000
2026-08-21 20:00:00+00:00,1.36470,1.36486,1.36460,1.36479,501.00000
2026-08-21 20:15:00+00:00,1.36478,1.36481,1.36449,1.36450,310.00000
2026-08-21 20:30:00+00:00,1.36449,1.36450,1.36416,1.36437,666.00000
2026-08-21 20:45:00+00:00,1.36438,1.36447,1.36425,1.36442,2727.00000
2026-08-23 21:00:00+00:00,1.36325,1.36338,1.36280,1.36317,82.00000
2026-08-23 21:15:00+00:00,1.36318,1.36349,1.36264,1.36349,66.00000
2026-08-23 21:30:00+00:00,1.36351,1.36488,1.36326,1.36369,401.00000
2026-08-23 21:45:00+00:00,1.36380,1.36384,1.36320,1.36322,240.00000
2026-08-23 22:00:00+00:00,1.36383,1.36460,1.36361,1.36446,521.00000
2026-08-23 22:15:00+00:00,1.36446,1.36453,1.36441,1.36452,402.00000
2026-08-23 22:30:00+00:00,1.36452,1.36464,1.36436,1.36439,372.00000
2026-08-23 22:45:00+00:00,1.36440,1.36440,1.36427,1.36428,319.00000
2026-08-23 23:00:00+00:00,1.36429,1.36446,1.36428,1.36440,427.00000
2026-08-23 23:15:00+00:00,1.36441,1.36458,1.36429,1.36452,331.00000
2026-08-23 23:30:00+00:00,1.36455,1.36469,1.36448,1.36463,396.00000
2026-08-23 23:45:00+00:00,1.36462,1.36539,1.36461,1.36537,968.00000
2026-08-24 00:00:00+00:00,1.36536,1.36559,1.36518,1.36536,1906.00000
2026-08-24 00:15:00+00:00,1.36537,1.36550,1.36510,1.36513,1380.00000
2026-08-24 00:30:00+00:00,1.36512,1.36520,1.36496,1.36511,1322.00000
2026-08-24 00:45:00+00:00,1.36512,1.36556,1.36494,1.36546,1678.00000
2026-08-24 01:00:00+00:00,1.36547,1.36559,1.36473,1.36475,2646.00000
2026-08-24 01:15:00+00:00,1.36476,1.36484,1.36426,1.36433,2264.00000
2026-08-24 01:30:00+00:00,1.36432,1.36441,1.36417,1.36436,1382.00000
2026-08-24 01:45:00+00:00,1.36437,1.36485,1.36432,1.36479,1520.00000
2026-08-24 02:00:00+00:00,1.36478,1.36511,1.36463,1.36507,1666.00000
2026-08-24 02:15:00+00:00,1.36508,1.36522,1.36497,1.36498,898.00000
2026-08-24 02:30:00+00:00,1.36499,1.36500,1.36457,1.36479,1054.00000
2026-08-24 02:45:00+00:00,1.36480,1.36503,1.36461,1.36497,976.00000
2026-08-24 03:00:00+00:00,1.36496,1.36506,1.36454,1.36477,1148.00000
2026-08-24 03:15:00+00:00,1.36479,1.36493,1.36468,1.36473,748.00000
2026-08-24 03:30:00+00:00,1.36472,1.36483,1.36457,1.36457,708.00000
2026-08-24 03:45:00+00:00,1.36453,1.36464,1.36437,1.36454,820.00000
2026-08-24 04:00:00+00:00,1.36453,1.36458,1.36413,1.36438,1310.00000
2026-08-24 04:15:00+00:00,1.36439,1.36471,1.36424,1.36466,1382.00000
2026-08-24 04:30:00+00:00,1.36467,1.36468,1.36445,1.36452,1314.00000
2026-08-24 04:45:00+00:00,1.36453,1.36474,1.36443,1.36474,1110.00000
2026-08-24 05:00:00+00:00,1.36475,1.36476,1.36442,1.36449,1072.00000
2026-08-24 05:15:00+00:00,1.36448,1.36466,1.36428,1.36433,1386.00000
2026-08-24 05:30:00+00:00,1.36430,1.36437,1.36392,1.36396,1551.00000
2026-08-24 05:45:00+00:00,1.36395,1.36447,1.36390,1.36438,1418.00000
2026-08-24 06:00:00+00:00,1.36436,1.36448,1.36418,1.36432,1924.00000
2026-08-24 06:15:00+00:00,1.36433,1.36442,1.36383,1.36390,1932.00000
2026-08-24 06:30:00+00:00,1.36391,1.36422,1.36388,1.36409,1776.00000
2026-08-24 06:45:00+00:00,1.36408,1.36462,1.36376,1.36435,1862.00000
2026-08-24 07:00:00+00:00,1.36436,1.36492,1.36427,1.36442,2258.00000
2026-08-24 07:15:00+00:00,1.36441,1.36464,1.36412,1.36450,1952.00000
2026-08-24 07:30:00+00:00,1.36449,1.36491,1.36335,1.36335,2530.00000
2026-08-24 07:45:00+00:00,1.36336,1.36395,1.36319,1.36327,2496.00000
2026-08-24 08:00:00+00:00,1.36330,1.36392,1.36295,1.36297,2702.00000
2026-08-24 08:15:00+00:00,1.36296,1.36327,1.36248,1.36261,1750.00000
2026-08-24 08:30:00+00:00,1.36263,1.36329,1.36260,1.36311,1942.00000
2026-08-24 08:45:00+00:00,1.36312,1.36338,1.36212,1.36215,1794.00000
2026-08-24 09:00:00+00:00,1.36216,1.36295,1.36216,1.36278,1718.00000
2026-08-24 09:15:00+00:00,1.36279,1.36296,1.36265,1.36294,1266.00000
2026-08-24 09:30:00+00:00,1.36293,1.36315,1.36260,1.36291,1122.00000
2026-08-24 09:45:00+00:00,1.36292,1.36343,1.36291,1.36342,1376.00000
2026-08-24 10:00:00+00:00,1.36341,1.36350,1.36310,1.36328,1344.00000
2026-08-24 10:15:00+00:00,1.36329,1.36354,1.36312,1.36331,1092.00000
2026-08-24 10:30:00+00:00,1.36330,1.36334,1.36262,1.36273,1408.00000
2026-08-24 10:45:00+00:00,1.36274,1.36302,1.36257,1.36260,1636.00000
2026-08-24 11:00:00+00:00,1.36259,1.36290,1.36229,1.36272,1894.00000
2026-08-24 11:15:00+00:00,1.36273,1.36311,1.36256,1.36306,1598.00000
2026-08-24 11:30:00+00:00,1.36308,1.36409,1.36296,1.36346,3824.00000
2026-08-24 11:45:00+00:00,1.36347,1.36402,1.36325,1.36388,2210.00000
2026-08-24 12:00:00+00:00,1.36390,1.36393,1.36317,1.36348,2179.00000
2026-08-24 12:15:00+00:00,1.36347,1.36449,1.36327,1.36446,2489.00000
2026-08-24 12:30:00+00:00,1.36445,1.36477,1.36361,1.36400,2749.00000
2026-08-24 12:45:00+00:00,1.36401,1.36461,1.36372,1.36427,2244.00000
2026-08-24 13:00:00+00:00,1.36426,1.36482,1.36425,1.36479,2436.00000
2026-08-24 13:15:00+00:00,1.36477,1.36499,1.36427,1.36428,2302.00000
2026-08-24 13:30:00+00:00,1.36430,1.36479,1.36411,1.36414,3134.00000
2026-08-24 13:45:00+00:00,1.36413,1.36455,1.36382,1.36411,3242.00000
2026-08-24 14:00:00+00:00,1.36410,1.36419,1.36365,1.36402,2552.00000
2026-08-24 14:15:00+00:00,1.36400,1.36430,1.36345,1.36418,2494.00000
2026-08-24 14:30:00+00:00,1.36417,1.36419,1.36376,1.36410,2382.00000
2026-08-24 14:45:00+00:00,1.36411,1.36427,1.36328,1.36341,2526.00000
2026-08-24 15:00:00+00:00,1.36340,1.36410,1.36336,1.36397,2474.00000
2026-08-24 15:15:00+00:00,1.36396,1.36448,1.36362,1.36425,2838.00000
2026-08-24 15:30:00+00:00,1.36426,1.36431,1.36345,1.36345,1906.00000
2026-08-24 15:45:00+00:00,1.36341,1.36361,1.36288,1.36297,1968.00000
2026-08-24 16:00:00+00:00,1.36298,1.36367,1.36289,1.36332,2998.00000
2026-08-24 16:15:00+00:00,1.36331,1.36362,1.36327,1.36347,1669.00000
2026-08-24 16:30:00+00:00,1.36346,1.36378,1.36337,1.36349,1451.00000
2026-08-24 16:45:00+00:00,1.36348,1.36354,1.36296,1.36347,1828.00000
2026-08-24 17:00:00+00:00,1.36349,1.36371,1.36307,1.36328,2828.00000
2026-08-24 17:15:00+00:00,1.36329,1.36341,1.36267,1.36283,2888.00000
2026-08-24 17:30:00+00:00,1.36284,1.36309,1.36272,1.36277,1556.00000
2026-08-24 17:45:00+00:00,1.36276,1.36291,1.36252,1.36289,1588.00000
2026-08-24 18:00:00+00:00,1.36290,1.36295,1.36248,1.36281,1800.00000
2026-08-24 18:15:00+00:00,1.36286,1.36346,1.36279,1.36340,1552.00000
2026-08-24 18:30:00+00:00,1.36339,1.36346,1.36294,1.36313,1246.00000
2026-08-24 18:45:00+00:00,1.36315,1.36321,1.36286,1.36314,1406.00000
2026-08-24 19:00:00+00:00,1.36313,1.36315,1.36273,1.36283,1008.00000
2026-08-24 19:15:00+00:00,1.36282,1.36287,1.36258,1.36258,954.00000
2026-08-24 19:30:00+00:00,1.36257,1.36288,1.36248,1.36280,990.00000
2026-08-24 19:45:00+00:00,1.36279,1.36306,1.36275,1.36280,1124.00000
2026-08-24 20:00:00+00:00,1.36281,1.36313,1.36276,1.36305,802.00000
2026-08-24 20:15:00+00:00,1.36306,1.36309,1.36300,1.36307,268.00000
2026-08-24 20:30:00+00:00,1.36306,1.36308,1.36294,1.36295,364.00000
2026-08-24 20:45:00+00:00,1.36301,1.36309,1.36299,1.36306,183.00000
2026-08-24 21:00:00+00:00,1.36349,1.36349,1.36254,1.36307,64.00000
2026-08-24 21:15:00+00:00,1.36277,1.36369,1.36277,1.36329,361.00000
2026-08-24 21:30:00+00:00,1.36338,1.36367,1.36278,1.36361,370.00000
2026-08-24 21:45:00+00:00,1.36362,1.36384,1.36327,1.36374,473.00000
2026-08-24 22:00:00+00:00,1.36337,1.36347,1.36297,1.36326,256.00000
2026-08-24 22:15:00+00:00,1.36327,1.36333,1.36318,1.36326,248.00000
2026-08-24 22:30:00+00:00,1.36328,1.36338,1.36324,1.36337,269.00000
2026-08-24 22:45:00+00:00,1.36337,1.36340,1.36335,1.36339,156.00000
2026-08-24 23:00:00+00:00,1.36339,1.36350,1.36338,1.36347,351.00000
2026-08-24 23:15:00+00:00,1.36348,1.36355,1.36345,1.36347,270.00000
2026-08-24 23:30:00+00:00,1.36344,1.36348,1.36336,1.36343,453.00000
2026-08-24 23:45:00+00:00,1.36345,1.36380,1.36342,1.36375,655.00000
2026-08-25 00:00:00+00:00,1.36374,1.36400,1.36365,1.36389,1676.00000
2026-08-25 00:15:00+00:00,1.36388,1.36392,1.36373,1.36391,1238.00000
2026-08-25 00:30:00+00:00,1.36392,1.36406,1.36384,1.36394,1330.00000
2026-08-25 00:45:00+00:00,1.36395,1.36398,1.36358,1.36393,1448.00000
2026-08-25 01:00:00+00:00,1.36394,1.36398,1.36365,1.36386,1542.00000
2026-08-25 01:15:00+00:00,1.36385,1.36385,1.36333,1.36370,1438.00000
2026-08-25 01:30:00+00:00,1.36371,1.36381,1.36346,1.36364,1284.00000
2026-08-25 01:45:00+00:00,1.36363,1.36363,1.36309,1.36322,1420.00000
2026-08-25 02:00:00+00:00,1.36321,1.36349,1.36305,1.36336,1558.00000
2026-08-25 02:15:00+00:00,1.36335,1.36355,1.36327,1.36354,1348.00000
2026-08-25 02:30:00+00:00,1.36356,1.36357,1.36325,1.36342,1358.00000
2026-08-25 02:45:00+00:00,1.36343,1.36353,1.36296,1.36318,1588.00000
2026-08-25 03:00:00+00:00,1.36319,1.36334,1.36306,1.36316,1186.00000
2026-08-25 03:15:00+00:00,1.36317,1.36326,1.36289,1.36294,1142.00000
2026-08-25 03:30:00+00:00,1.36293,1.36310,1.36284,1.36301,1052.00000
2026-08-25 03:45:00+00:00,1.36300,1.36300,1.36282,1.36288,730.00000
2026-08-25 04:00:00+00:00,1.36287,1.36288,1.36242,1.36260,762.00000
2026-08-25 04:15:00+00:00,1.36258,1.36262,1.36237,1.36255,872.00000
2026-08-25 04:30:00+00:00,1.36254,1.36273,1.36248,1.36267,858.00000
2026-08-25 04:45:00+00:00,1.36264,1.36270,1.36257,1.36264,630.00000
2026-08-25 05:00:00+00:00,1.36265,1.36289,1.36252,1.36269,854.00000
2026-08-25 05:15:00+00:00,1.36270,1.36275,1.36263,1.36274,726.00000
2026-08-25 05:30:00+00:00,1.36275,1.36277,1.36241,1.36245,908.00000
2026-08-25 05:45:00+00:00,1.36244,1.36252,1.36221,1.36228,1006.00000
2026-08-25 06:00:00+00:00,1.36227,1.36272,1.36221,1.36269,1294.00000
2026-08-25 06:15:00+00:00,1.36268,1.36273,1.36241,1.36270,1266.00000
2026-08-25 06:30:00+00:00,1.36269,1.36287,1.36236,1.36258,1362.00000
2026-08-25 06:45:00+00:00,1.36257,1.36279,1.36235,1.36276,1372.00000
2026-08-25 07:00:00+00:00,1.36277,1.36416,1.36277,1.36404,2018.00000
2026-08-25 07:15:00+00:00,1.36403,1.36445,1.36381,1.36381,1944.00000
2026-08-25 07:30:00+00:00,1.36382,1.36391,1.36365,1.36381,1532.00000
2026-08-25 07:45:00+00:00,1.36382,1.36401,1.36367,1.36385,1388.00000
2026-08-25 08:00:00+00:00,1.36386,1.36399,1.36288,1.36326,1904.00000
2026-08-25 08:15:00+00:00,1.36324,1.36414,1.36313,1.36341,2748.00000
2026-08-25 08:30:00+00:00,1.36340,1.36372,1.36323,1.36370,2430.00000
2026-08-25 08:45:00+00:00,1.36371,1.36423,1.36367,1.36413,1915.00000
2026-08-25 09:00:00+00:00,1.36414,1.36497,1.36398,1.36480,2412.00000
2026-08-25 09:15:00+00:00,1.36479,1.36482,1.36410,1.36414,1622.00000
2026-08-25 09:30:00+00:00,1.36413,1.36490,1.36408,1.36416,2422.00000
2026-08-25 09:45:00+00:00,1.36415,1.36475,1.36415,1.36429,1660.00000
2026-08-25 10:00:00+00:00,1.36428,1.36428,1.36363,1.36370,1440.00000
2026-08-25 10:15:00+00:00,1.36369,1.36398,1.36343,1.36349,1342.00000
2026-08-25 10:30:00+00:00,1.36351,1.36396,1.36340,1.36386,1510.00000
2026-08-25 10:45:00+00:00,1.36385,1.36387,1.36313,1.36326,1612.00000
2026-08-25 11:00:00+00:00,1.36325,1.36338,1.36284,1.36303,1716.00000
2026-08-25 11:15:00+00:00,1.36302,1.36324,1.36274,1.36298,1582.00000
2026-08-25 11:30:00+00:00,1.36299,1.36323,1.36285,1.36287,1376.00000
2026-08-25 11:45:00+00:00,1.36286,1.36376,1.36286,1.36322,1800.00000
2026-08-25 12:00:00+00:00,1.36321,1.36369,1.36297,1.36337,2196.00000
2026-08-25 12:15:00+00:00,1.36336,1.36363,1.36312,1.36334,1712.00000
2026-08-25 12:30:00+00:00,1.36335,1.36343,1.36261,1.36299,1744.00000
2026-08-25 12:45:00+00:00,1.36301,1.36360,1.36301,1.36356,1538.00000
2026-08-25 13:00:00+00:00,1.36358,1.36530,1.36343,1.36471,2640.00000
2026-08-25 13:15:00+00:00,1.36470,1.36487,1.36424,1.36438,2346.00000
2026-08-25 13:30:00+00:00,1.36437,1.36488,1.36400,1.36406,2808.00000
2026-08-25 13:45:00+00:00,1.36407,1.36434,1.36387,1.36430,2084.00000
2026-08-25 14:00:00+00:00,1.36428,1.36438,1.36363,1.36420,2855.00000
2026-08-25 14:15:00+00:00,1.36419,1.36429,1.36295,1.36346,2438.00000
2026-08-25 14:30:00+00:00,1.36347,1.36371,1.36275,1.36359,2170.00000
2026-08-25 14:45:00+00:00,1.36358,1.36439,1.36305,1.36329,3212.00000
2026-08-25 15:00:00+00:00,1.36328,1.36355,1.36309,1.36330,2294.00000
2026-08-25 15:15:00+00:00,1.36331,1.36361,1.36304,1.36345,1906.00000
2026-08-25 15:30:00+00:00,1.36348,1.36399,1.36315,1.36333,2808.00000
2026-08-25 15:45:00+00:00,1.36334,1.36399,1.36334,1.36399,1980.00000
2026-08-25 16:00:00+00:00,1.36398,1.36411,1.36358,1.36358,1750.00000
2026-08-25 16:15:00+00:00,1.36357,1.36362,1.36322,1.36352,1566.00000
2026-08-25 16:30:00+00:00,1.36353,1.36398,1.36352,1.36367,1080.00000
2026-08-25 16:45:00+00:00,1.36364,1.36370,1.36325,1.36350,1142.00000
2026-08-25 17:00:00+00:00,1.36349,1.36372,1.36337,1.36352,1552.00000
2026-08-25 17:15:00+00:00,1.36354,1.36392,1.36352,1.36379,1168.00000
2026-08-25 17:30:00+00:00,1.36378,1.36422,1.36368,1.36397,1248.00000
2026-08-25 17:45:00+00:00,1.36399,1.36447,1.36394,1.36439,881.00000
2026-08-25 18:00:00+00:00,1.36438,1.36469,1.36425,1.36448,1312.00000
2026-08-25 18:15:00+00:00,1.36449,1.36461,1.36434,1.36447,850.00000
2026-08-25 18:30:00+00:00,1.36449,1.36451,1.36429,1.36440,778.00000
2026-08-25 18:45:00+00:00,1.36439,1.36462,1.36427,1.36460,1154.00000
2026-08-25 19:00:00+00:00,1.36461,1.36482,1.36440,1.36480,1270.00000
2026-08-25 19:15:00+00:00,1.36481,1.36520,1.36470,1.36472,1536.00000
2026-08-25 19:30:00+00:00,1.36470,1.36471,1.36436,1.36458,1318.00000
2026-08-25 19:45:00+00:00,1.36457,1.36542,1.36455,1.36526,1918.00000
2026-08-25 20:00:00+00:00,1.36528,1.36550,1.36498,1.36525,873.00000
2026-08-25 20:15:00+00:00,1.36526,1.36539,1.36511,1.36522,839.00000
2026-08-25 20:30:00+00:00,1.36523,1.36529,1.36491,1.36491,788.00000
2026-08-25 20:45:00+00:00,1.36490,1.36508,1.36482,1.36486,552.00000
2026-08-25 21:00:00+00:00,1.36426,1.36512,1.36339,1.36502,153.00000
2026-08-25 21:15:00+00:00,1.36496,1.36509,1.36457,1.36497,292.00000
2026-08-25 21:30:00+00:00,1.36496,1.36501,1.36423,1.36457,539.00000
2026-08-25 21:45:00+00:00,1.36454,1.36484,1.36419,1.36468,590.00000
2026-08-25 22:00:00+00:00,1.36458,1.36484,1.36441,1.36468,609.00000
2026-08-25 22:15:00+00:00,1.36469,1.36488,1.36466,1.36485,833.00000
2026-08-25 22:30:00+00:00,1.36486,1.36497,1.36479,1.36497,375.00000
2026-08-25 22:45:00+00:00,1.36496,1.36499,1.36494,1.36499,248.00000
2026-08-25 23:00:00+00:00,1.36499,1.36499,1.36477,1.36487,299.00000
2026-08-25 23:15:00+00:00,1.36488,1.36490,1.36468,1.36476,196.00000
2026-08-25 23:30:00+00:00,1.36477,1.36477,1.36446,1.36457,248.00000
2026-08-25 23:45:00+00:00,1.36456,1.36468,1.36450,1.36458,771.00000
2026-08-26 00:00:00+00:00,1.36459,1.36477,1.36442,1.36476,1378.00000
2026-08-26 00:15:00+00:00,1.36477,1.36486,1.36461,1.36467,1046.00000
2026-08-26 00:30:00+00:00,1.36469,1.36487,1.36443,1.36477,990.00000
2026-08-26 00:45:00+00:00,1.36476,1.36490,1.36450,1.36452,1212.00000
2026-08-26 01:00:00+00:00,1.36451,1.36471,1.36438,1.36444,1180.00000
2026-08-26 01:15:00+00:00,1.36446,1.36469,1.36442,1.36444,1142.00000
2026-08-26 01:30:00+00:00,1.36443,1.36473,1.36439,1.36442,1790.00000
2026-08-26 01:45:00+00:00,1.36440,1.36477,1.36440,1.36445,1580.00000
2026-08-26 02:00:00+00:00,1.36446,1.36474,1.36444,1.36459,1562.00000
2026-08-26 02:15:00+00:00,1.36460,1.36465,1.36419,1.36428,1088.00000
2026-08-26 02:30:00+00:00,1.36427,1.36441,1.36411,1.36436,1430.00000
2026-08-26 02:45:00+00:00,1.36437,1.36438,1.36394,1.36398,1082.00000
2026-08-26 03:00:00+00:00,1.36399,1.36414,1.36380,1.36389,1028.00000
2026-08-26 03:15:00+00:00,1.36390,1.36409,1.36386,1.36386,1230.00000
2026-08-26 03:30:00+00:00,1.36387,1.36390,1.36364,1.36388,1414.00000
2026-08-26 03:45:00+00:00,1.36389,1.36389,1.36364,1.36369,572.00000
2026-08-26 04:00:00+00:00,1.36370,1.36373,1.36350,1.36350,426.00000
2026-08-26 04:15:00+00:00,1.36351,1.36368,1.36339,1.36356,658.00000
2026-08-26 04:30:00+00:00,1.36357,1.36368,1.36336,1.36338,500.00000
2026-08-26 04:45:00+00:00,1.36337,1.36338,1.36318,1.36327,738.00000
2026-08-26 05:00:00+00:00,1.36328,1.36334,1.36304,1.36308,894.00000
2026-08-26 05:15:00+00:00,1.36307,1.36343,1.36306,1.36327,904.00000
2026-08-26 05:30:00+00:00,1.36328,1.36370,1.36327,1.36355,920.00000
2026-08-26 05:45:00+00:00,1.36356,1.36364,1.36334,1.36348,900.00000
2026-08-26 06:00:00+00:00,1.36349,1.36352,1.36291,1.36296,1462.00000
2026-08-26 06:15:00+00:00,1.36295,1.36319,1.36292,1.36298,1738.00000
2026-08-26 06:30:00+00:00,1.36297,1.36319,1.36257,1.36282,994.00000
2026-08-26 06:45:00+00:00,1.36281,1.36333,1.36251,1.36324,1654.00000
2026-08-26 07:00:00+00:00,1.36323,1.36398,1.36321,1.36379,1748.00000
2026-08-26 07:15:00+00:00,1.36378,1.36407,1.36347,1.36353,1522.00000
2026-08-26 07:30:00+00:00,1.36352,1.36377,1.36339,1.36346,1602.00000
2026-08-26 07:45:00+00:00,1.36345,1.36358,1.36303,1.36317,1846.00000
2026-08-26 08:00:00+00:00,1.36314,1.36370,1.36289,1.36347,1942.00000
2026-08-26 08:15:00+00:00,1.36345,1.36365,1.36333,1.36347,1624.00000
2026-08-26 08:30:00+00:00,1.36345,1.36345,1.36297,1.36318,1386.00000
2026-08-26 08:45:00+00:00,1.36319,1.36321,1.36265,1.36289,1358.00000
2026-08-26 09:00:00+00:00,1.36288,1.36292,1.36230,1.36249,1440.00000
2026-08-26 09:15:00+00:00,1.36250,1.36263,1.36229,1.36247,1046.00000
2026-08-26 09:30:00+00:00,1.36248,1.36279,1.36248,1.36273,996.00000
2026-08-26 09:45:00+00:00,1.36272,1.36299,1.36264,1.36268,1066.00000
2026-08-26 10:00:00+00:00,1.36267,1.36269,1.36232,1.36234,836.00000
2026-08-26 10:15:00+00:00,1.36233,1.36235,1.36171,1.36180,1158.00000
2026-08-26 10:30:00+00:00,1.36179,1.36226,1.36179,1.36221,866.00000
2026-08-26 10:45:00+00:00,1.36222,1.36226,1.36186,1.36204,1190.00000
2026-08-26 11:00:00+00:00,1.36206,1.36257,1.36205,1.36248,1242.00000
2026-08-26 11:15:00+00:00,1.36249,1.36257,1.36212,1.36242,1250.00000
2026-08-26 11:30:00+00:00,1.36243,1.36275,1.36235,1.36250,1474.00000
2026-08-26 11:45:00+00:00,1.36247,1.36306,1.36247,1.36290,1336.00000
2026-08-26 12:00:00+00:00,1.36291,1.36340,1.36280,1.36327,1876.00000
2026-08-26 12:15:00+00:00,1.36328,1.36357,1.36263,1.36300,1840.00000
2026-08-26 12:30:00+00:00,1.36299,1.36335,1.36121,1.36148,3746.00000
2026-08-26 12:45:00+00:00,1.36149,1.36163,1.36068,1.36072,3232.00000
2026-08-26 13:00:00+00:00,1.36070,1.36089,1.36041,1.36081,3475.00000
2026-08-26 13:15:00+00:00,1.36084,1.36087,1.36032,1.36065,2498.00000
2026-08-26 13:30:00+00:00,1.36066,1.36076,1.36019,1.36029,3058.00000
2026-08-26 13:45:00+00:00,1.36030,1.36079,1.36019,1.36021,2677.00000
2026-08-26 14:00:00+00:00,1.36020,1.36027,1.35961,1.35989,2732.00000
2026-08-26 14:15:00+00:00,1.35990,1.35993,1.35846,1.35866,2651.00000
2026-08-26 14:30:00+00:00,1.35865,1.35962,1.35843,1.35946,2493.00000
2026-08-26 14:45:00+00:00,1.35945,1.35946,1.35831,1.35878,3144.00000
2026-08-26 15:00:00+00:00,1.35879,1.35952,1.35866,1.35904,2711.00000
2026-08-26 15:15:00+00:00,1.35903,1.35913,1.35868,1.35912,1910.00000
2026-08-26 15:30:00+00:00,1.35910,1.35988,1.35900,1.35961,1546.00000
2026-08-26 15:45:00+00:00,1.35963,1.35978,1.35895,1.35936,2606.00000
2026-08-26 16:00:00+00:00,1.35938,1.35973,1.35915,1.35962,1620.00000
2026-08-26 16:15:00+00:00,1.35961,1.35968,1.35941,1.35943,1432.00000
2026-08-26 16:30:00+00:00,1.35944,1.35948,1.35887,1.35903,1290.00000
2026-08-26 16:45:00+00:00,1.35904,1.35942,1.35885,1.35904,1700.00000
2026-08-26 17:00:00+00:00,1.35905,1.35938,1.35887,1.35917,1167.00000
2026-08-26 17:15:00+00:00,1.35918,1.35948,1.35913,1.35940,1200.00000
2026-08-26 17:30:00+00:00,1.35939,1.35959,1.35929,1.35944,1234.00000
2026-08-26 17:45:00+00:00,1.35940,1.35941,1.35919,1.35940,1124.00000
2026-08-26 18:00:00+00:00,1.35941,1.35959,1.35919,1.35950,1020.00000
2026-08-26 18:15:00+00:00,1.35951,1.35959,1.35925,1.35928,990.00000
2026-08-26 18:30:00+00:00,1.35926,1.35928,1.35899,1.35909,906.00000
2026-08-26 18:45:00+00:00,1.35908,1.35927,1.35900,1.35916,836.00000
2026-08-26 19:00:00+00:00,1.35917,1.35923,1.35904,1.35918,896.00000
2026-08-26 19:15:00+00:00,1.35917,1.35937,1.35903,1.35928,732.00000
2026-08-26 19:30:00+00:00,1.35927,1.35939,1.35918,1.35927,922.00000
2026-08-26 19:45:00+00:00,1.35928,1.35942,1.35910,1.35940,1044.00000
2026-08-26 20:00:00+00:00,1.35939,1.35950,1.35929,1.35930,538.00000
2026-08-26 20:15:00+00:00,1.35932,1.35940,1.35926,1.35932,504.00000
2026-08-26 20:30:00+00:00,1.35935,1.35964,1.35935,1.35959,428.00000
2026-08-26 20:45:00+00:00,1.35957,1.35983,1.35942,1.35969,508.00000
2026-08-26 21:00:00+00:00,1.35915,1.35934,1.35905,1.35919,67.00000
2026-08-26 21:15:00+00:00,1.35915,1.35949,1.35839,1.35913,318.00000
2026-08-26 21:30:00+00:00,1.35926,1.35957,1.35895,1.35915,402.00000
2026-08-26 21:45:00+00:00,1.35911,1.35968,1.35887,1.35954,875.00000
2026-08-26 22:00:00+00:00,1.35955,1.35977,1.35922,1.35946,1344.00000
2026-08-26 22:15:00+00:00,1.35946,1.35964,1.35944,1.35960,548.00000
2026-08-26 22:30:00+00:00,1.35961,1.35970,1.35950,1.35963,576.00000
2026-08-26 22:45:00+00:00,1.35963,1.35963,1.35948,1.35949,668.00000
2026-08-26 23:00:00+00:00,1.35950,1.35977,1.35947,1.35975,871.00000
2026-08-26 23:15:00+00:00,1.35976,1.35982,1.35958,1.35960,1494.00000
2026-08-26 23:30:00+00:00,1.35956,1.35975,1.35956,1.35967,624.00000
2026-08-26 23:45:00+00:00,1.35968,1.35974,1.35958,1.35968,685.00000
2026-08-27 00:00:00+00:00,1.35973,1.35974,1.35922,1.35924,2815.00000
2026-08-27 00:15:00+00:00,1.35923,1.35958,1.35919,1.35957,848.00000
2026-08-27 00:30:00+00:00,1.35958,1.35962,1.35920,1.35921,1076.00000
2026-08-27 00:45:00+00:00,1.35920,1.35935,1.35901,1.35924,1448.00000
2026-08-27 01:00:00+00:00,1.35925,1.35933,1.35903,1.35916,1558.00000
2026-08-27 01:15:00+00:00,1.35917,1.35946,1.35905,1.35919,1254.00000
2026-08-27 01:30:00+00:00,1.35918,1.35938,1.35895,1.35906,1528.00000
2026-08-27 01:45:00+00:00,1.35907,1.35936,1.35903,1.35931,968.00000
2026-08-27 02:00:00+00:00,1.35932,1.35950,1.35921,1.35933,956.00000
2026-08-27 02:15:00+00:00,1.35934,1.35935,1.35897,1.35897,820.00000
2026-08-27 02:30:00+00:00,1.35896,1.35916,1.35887,1.35913,824.00000
2026-08-27 02:45:00+00:00,1.35914,1.35927,1.35901,1.35915,998.00000
2026-08-27 03:00:00+00:00,1.35916,1.35927,1.35910,1.35925,1122.00000
2026-08-27 03:15:00+00:00,1.35927,1.35929,1.35903,1.35908,732.00000
2026-08-27 03:30:00+00:00,1.35910,1.35910,1.35881,1.35889,784.00000
2026-08-27 03:45:00+00:00,1.35890,1.35904,1.35872,1.35879,842.00000
2026-08-27 04:00:00+00:00,1.35878,1.35908,1.35877,1.35907,840.00000
2026-08-27 04:15:00+00:00,1.35905,1.35909,1.35878,1.35899,674.00000
2026-08-27 04:30:00+00:00,1.35897,1.35898,1.35868,1.35872,742.00000
2026-08-27 04:45:00+00:00,1.35873,1.35883,1.35867,1.35878,618.00000
2026-08-27 05:00:00+00:00,1.35879,1.35887,1.35868,1.35880,802.00000
2026-08-27 05:15:00+00:00,1.35881,1.35908,1.35856,1.35907,764.00000
2026-08-27 05:30:00+00:00,1.35908,1.35913,1.35886,1.35896,786.00000
2026-08-27 05:45:00+00:00,1.35895,1.35901,1.35867,1.35890,932.00000
2026-08-27 06:00:00+00:00,1.35887,1.35902,1.35869,1.35889,1102.00000
2026-08-27 06:15:00+00:00,1.35888,1.35915,1.35880,1.35905,1490.00000
2026-08-27 06:30:00+00:00,1.35907,1.35908,1.35868,1.35895,1470.00000
2026-08-27 06:45:00+00:00,1.35896,1.35910,1.35861,1.35899,1475.00000
2026-08-27 07:00:00+00:00,1.35901,1.35969,1.35900,1.35954,1904.00000
2026-08-27 07:15:00+00:00,1.35955,1.35955,1.35870,1.35871,1496.00000
2026-08-27 07:30:00+00:00,1.35869,1.35921,1.35866,1.35917,1463.00000
2026-08-27 07:45:00+00:00,1.35920,1.35926,1.35865,1.35875,1878.00000
2026-08-27 08:00:00+00:00,1.35876,1.35951,1.35865,1.35907,1834.00000
2026-08-27 08:15:00+00:00,1.35908,1.35924,1.35849,1.35859,1786.00000
2026-08-27 08:30:00+00:00,1.35860,1.35865,1.35804,1.35848,1807.00000
2026-08-27 08:45:00+00:00,1.35847,1.35860,1.35797,1.35801,2056.00000
2026-08-27 09:00:00+00:00,1.35800,1.35803,1.35733,1.35788,2003.00000
2026-08-27 09:15:00+00:00,1.35794,1.35813,1.35763,1.35806,1426.00000
2026-08-27 09:30:00+00:00,1.35807,1.35807,1.35716,1.35758,1738.00000
2026-08-27 09:45:00+00:00,1.35759,1.35818,1.35747,1.35752,1556.00000
2026-08-27 10:00:00+00:00,1.35753,1.35789,1.35707,1.35784,1890.00000
2026-08-27 10:15:00+00:00,1.35783,1.35825,1.35764,1.35813,1390.00000
2026-08-27 10:30:00+00:00,1.35815,1.35819,1.35746,1.35779,1670.00000
2026-08-27 10:45:00+00:00,1.35778,1.35799,1.35754,1.35755,1264.00000
2026-08-27 11:00:00+00:00,1.35756,1.35794,1.35732,1.35790,1286.00000
2026-08-27 11:15:00+00:00,1.35789,1.35831,1.35787,1.35809,1234.00000
2026-08-27 11:30:00+00:00,1.35812,1.35837,1.35737,1.35749,2247.00000
2026-08-27 11:45:00+00:00,1.35750,1.35815,1.35711,1.35782,2098.00000
2026-08-27 12:00:00+00:00,1.35783,1.35824,1.35778,1.35797,2488.00000
2026-08-27 12:15:00+00:00,1.35796,1.35839,1.35784,1.35813,1761.00000
2026-08-27 12:30:00+00:00,1.35814,1.35823,1.35756,1.35791,2027.00000
2026-08-27 12:45:00+00:00,1.35790,1.35795,1.35736,1.35746,2104.00000
2026-08-27 13:00:00+00:00,1.35747,1.35908,1.35736,1.35876,2576.00000
2026-08-27 13:15:00+00:00,1.35875,1.36026,1.35865,1.35994,2685.00000
2026-08-27 13:30:00+00:00,1.35993,1.36015,1.35921,1.35929,3304.00000
2026-08-27 13:45:00+00:00,1.35927,1.35960,1.35891,1.35933,3160.00000
2026-08-27 14:00:00+00:00,1.35934,1.35975,1.35890,1.35901,3124.00000
2026-08-27 14:15:00+00:00,1.35900,1.35928,1.35832,1.35845,2327.00000
2026-08-27 14:30:00+00:00,1.35845,1.35914,1.35844,1.35865,2696.00000
2026-08-27 14:45:00+00:00,1.35866,1.35895,1.35802,1.35821,2868.00000
2026-08-27 15:00:00+00:00,1.35820,1.35894,1.35819,1.35877,2596.00000
2026-08-27 15:15:00+00:00,1.35876,1.35891,1.35858,1.35888,1904.00000
2026-08-27 15:30:00+00:00,1.35887,1.35914,1.35876,1.35903,1699.00000
2026-08-27 15:45:00+00:00,1.35902,1.35994,1.35889,1.35987,1834.00000
2026-08-27 16:00:00+00:00,1.35986,1.35995,1.35944,1.35958,1616.00000
2026-08-27 16:15:00+00:00,1.35957,1.36000,1.35939,1.35997,1637.00000
2026-08-27 16:30:00+00:00,1.35998,1.36018,1.35976,1.35979,1154.00000
2026-08-27 16:45:00+00:00,1.35978,1.35987,1.35916,1.35937,1646.00000
2026-08-27 17:00:00+00:00,1.35938,1.35969,1.35920,1.35922,1510.00000
2026-08-27 17:15:00+00:00,1.35923,1.35931,1.35914,1.35921,1148.00000
2026-08-27 17:30:00+00:00,1.35920,1.35931,1.35897,1.35904,1024.00000
2026-08-27 17:45:00+00:00,1.35906,1.35910,1.35877,1.35888,1742.00000
2026-08-27 18:00:00+00:00,1.35889,1.35897,1.35858,1.35875,1632.00000
2026-08-27 18:15:00+00:00,1.35874,1.35884,1.35844,1.35845,1022.00000
2026-08-27 18:30:00+00:00,1.35844,1.35865,1.35832,1.35856,920.00000
2026-08-27 18:45:00+00:00,1.35855,1.35900,1.35854,1.35889,988.00000
2026-08-27 19:00:00+00:00,1.35895,1.35905,1.35881,1.35888,1058.00000
2026-08-27 19:15:00+00:00,1.35892,1.35898,1.35874,1.35878,992.00000
2026-08-27 19:30:00+00:00,1.35877,1.35885,1.35866,1.35878,838.00000
2026-08-27 19:45:00+00:00,1.35877,1.35900,1.35852,1.35887,874.00000
2026-08-27 20:00:00+00:00,1.35886,1.35929,1.35882,1.35924,468.00000
2026-08-27 20:15:00+00:00,1.35927,1.35929,1.35907,1.35909,340.00000
2026-08-27 20:30:00+00:00,1.35910,1.35931,1.35909,1.35920,212.00000
2026-08-27 20:45:00+00:00,1.35921,1.35941,1.35919,1.35930,547.00000
2026-08-27 21:00:00+00:00,1.35904,1.35904,1.35829,1.35896,118.00000
2026-08-27 21:15:00+00:00,1.35895,1.35961,1.35895,1.35961,354.00000
2026-08-27 21:30:00+00:00,1.35958,1.35986,1.35901,1.35902,404.00000
2026-08-27 21:45:00+00:00,1.35897,1.35921,1.35880,1.35921,526.00000
2026-08-27 22:00:00+00:00,1.35937,1.35957,1.35913,1.35951,498.00000
2026-08-27 22:15:00+00:00,1.35951,1.35958,1.35938,1.35938,190.00000
2026-08-27 22:30:00+00:00,1.35939,1.35958,1.35937,1.35954,278.00000
2026-08-27 22:45:00+00:00,1.35954,1.35966,1.35947,1.35965,296.00000
2026-08-27 23:00:00+00:00,1.35966,1.35980,1.35963,1.35979,374.00000
2026-08-27 23:15:00+00:00,1.35978,1.35980,1.35957,1.35959,163.00000
2026-08-27 23:30:00+00:00,1.35959,1.35980,1.35957,1.35976,345.00000
2026-08-27 23:45:00+00:00,1.35975,1.35985,1.35961,1.35971,562.00000
2026-08-28 00:00:00+00:00,1.35970,1.35980,1.35957,1.35966,1156.00000
2026-08-28 00:15:00+00:00,1.35965,1.35969,1.35934,1.35957,856.00000
2026-08-28 00:30:00+00:00,1.35958,1.35968,1.35944,1.35958,756.00000
2026-08-28 00:45:00+00:00,1.35957,1.35973,1.35951,1.35962,934.00000
2026-08-28 01:00:00+00:00,1.35961,1.35981,1.35946,1.35949,1412.00000
2026-08-28 01:15:00+00:00,1.35950,1.35960,1.35937,1.35938,1272.00000
2026-08-28 01:30:00+00:00,1.35939,1.35970,1.35933,1.35951,1224.00000
2026-08-28 01:45:00+00:00,1.35950,1.35952,1.35903,1.35906,1482.00000
2026-08-28 02:00:00+00:00,1.35907,1.35914,1.35878,1.35893,1152.00000
2026-08-28 02:15:00+00:00,1.35894,1.35933,1.35882,1.35906,1084.00000
2026-08-28 02:30:00+00:00,1.35907,1.35914,1.35897,1.35898,870.00000
2026-08-28 02:45:00+00:00,1.35897,1.35938,1.35893,1.35937,850.00000
2026-08-28 03:00:00+00:00,1.35938,1.35951,1.35932,1.35935,632.00000
2026-08-28 03:15:00+00:00,1.35936,1.35941,1.35926,1.35939,540.00000
2026-08-28 03:30:00+00:00,1.35940,1.35942,1.35900,1.35902,530.00000
2026-08-28 03:45:00+00:00,1.35903,1.35906,1.35891,1.35898,502.00000
2026-08-28 04:00:00+00:00,1.35899,1.35901,1.35883,1.35885,570.00000
2026-08-28 04:15:00+00:00,1.35886,1.35900,1.35883,1.35887,462.00000
2026-08-28 04:30:00+00:00,1.35885,1.35891,1.35877,1.35887,354.00000
2026-08-28 04:45:00+00:00,1.35888,1.35890,1.35877,1.35886,404.00000
2026-08-28 05:00:00+00:00,1.35885,1.35888,1.35871,1.35877,544.00000
2026-08-28 05:15:00+00:00,1.35879,1.35887,1.35874,1.35879,582.00000
2026-08-28 05:30:00+00:00,1.35880,1.35887,1.35873,1.35877,722.00000
2026-08-28 05:45:00+00:00,1.35876,1.35915,1.35873,1.35889,624.00000
2026-08-28 06:00:00+00:00,1.35888,1.35927,1.35882,1.35915,1452.00000
2026-08-28 06:15:00+00:00,1.35912,1.35947,1.35890,1.35939,1756.00000
2026-08-28 06:30:00+00:00,1.35941,1.35943,1.35895,1.35939,2294.00000
2026-08-28 06:45:00+00:00,1.35938,1.35949,1.35912,1.35927,1716.00000
2026-08-28 07:00:00+00:00,1.35928,1.35933,1.35872,1.35880,1552.00000
2026-08-28 07:15:00+00:00,1.35881,1.35888,1.35805,1.35807,1921.00000
2026-08-28 07:30:00+00:00,1.35808,1.35890,1.35805,1.35877,1660.00000
2026-08-28 07:45:00+00:00,1.35876,1.35913,1.35865,1.35873,1540.00000
2026-08-28 08:00:00+00:00,1.35872,1.35908,1.35838,1.35841,1824.00000
2026-08-28 08:15:00+00:00,1.35842,1.35868,1.35838,1.35852,1422.00000
2026-08-28 08:30:00+00:00,1.35851,1.35871,1.35842,1.35845,1640.00000
2026-08-28 08:45:00+00:00,1.35847,1.35876,1.35833,1.35876,1240.00000
2026-08-28 09:00:00+00:00,1.35877,1.35878,1.35825,1.35861,1650.00000
2026-08-28 09:15:00+00:00,1.35860,1.35869,1.35831,1.35840,1534.00000
2026-08-28 09:30:00+00:00,1.35841,1.35865,1.35825,1.35846,1240.00000
2026-08-28 09:45:00+00:00,1.35844,1.35859,1.35812,1.35812,1494.00000
2026-08-28 10:00:00+00:00,1.35813,1.35856,1.35801,1.35825,1334.00000
2026-08-28 10:15:00+00:00,1.35824,1.35878,1.35813,1.35871,1242.00000
2026-08-28 10:30:00+00:00,1.35870,1.35919,1.35866,1.35914,1404.00000
2026-08-28 10:45:00+00:00,1.35913,1.35920,1.35879,1.35919,1222.00000
2026-08-28 11:00:00+00:00,1.35918,1.35919,1.35877,1.35893,1150.00000
2026-08-28 11:15:00+00:00,1.35892,1.35892,1.35855,1.35866,1150.00000
2026-08-28 11:30:00+00:00,1.35867,1.35873,1.35853,1.35862,1144.00000
2026-08-28 11:45:00+00:00,1.35856,1.35877,1.35845,1.35851,1623.00000
2026-08-28 12:00:00+00:00,1.35850,1.35861,1.35827,1.35835,1810.00000
2026-08-28 12:15:00+00:00,1.35834,1.35840,1.35795,1.35800,1668.00000
2026-08-28 12:30:00+00:00,1.35799,1.35800,1.35737,1.35773,1870.00000
2026-08-28 12:45:00+00:00,1.35774,1.35855,1.35770,1.35840,2742.00000
2026-08-28 13:00:00+00:00,1.35841,1.35861,1.35802,1.35819,1998.00000
2026-08-28 13:15:00+00:00,1.35822,1.35832,1.35755,1.35790,1826.00000
2026-08-28 13:30:00+00:00,1.35791,1.35813,1.35770,1.35784,2134.00000
2026-08-28 13:45:00+00:00,1.35783,1.35878,1.35706,1.35706,2595.00000
2026-08-28 14:00:00+00:00,1.35683,1.35984,1.35449,1.35544,8457.00000
2026-08-28 14:15:00+00:00,1.35545,1.35551,1.35294,1.35388,6760.00000
2026-08-28 14:30:00+00:00,1.35389,1.35497,1.35376,1.35473,5660.00000
2026-08-28 14:45:00+00:00,1.35474,1.35785,1.35425,1.35719,5854.00000
2026-08-28 15:00:00+00:00,1.35720,1.35767,1.35554,1.35576,4104.00000
2026-08-28 15:15:00+00:00,1.35575,1.35625,1.35548,1.35593,3906.00000
2026-08-28 15:30:00+00:00,1.35595,1.35644,1.35516,1.35574,3700.00000
2026-08-28 15:45:00+00:00,1.35575,1.35628,1.35528,1.35534,3782.00000
2026-08-28 16:00:00+00:00,1.35533,1.35534,1.35425,1.35426,3464.00000
2026-08-28 16:15:00+00:00,1.35427,1.35431,1.35345,1.35369,3826.00000
2026-08-28 16:30:00+00:00,1.35368,1.35429,1.35347,1.35359,3024.00000
2026-08-28 16:45:00+00:00,1.35360,1.35439,1.35357,1.35373,2662.00000
2026-08-28 17:00:00+00:00,1.35371,1.35373,1.35291,1.35372,2192.00000
2026-08-28 17:15:00+00:00,1.35371,1.35376,1.35332,1.35347,1946.00000
2026-08-28 17:30:00+00:00,1.35348,1.35348,1.35269,1.35286,1662.00000
2026-08-28 17:45:00+00:00,1.35287,1.35318,1.35274,1.35300,1632.00000
2026-08-28 18:00:00+00:00,1.35299,1.35318,1.35273,1.35282,1546.00000
2026-08-28 18:15:00+00:00,1.35289,1.35322,1.35276,1.35304,1560.00000
2026-08-28 18:30:00+00:00,1.35303,1.35315,1.35282,1.35295,1018.00000
2026-08-28 18:45:00+00:00,1.35296,1.35312,1.35279,1.35307,1188.00000
2026-08-28 19:00:00+00:00,1.35306,1.35339,1.35301,1.35327,1776.00000
2026-08-28 19:15:00+00:00,1.35326,1.35379,1.35308,1.35371,1334.00000
2026-08-28 19:30:00+00:00,1.35370,1.35392,1.35351,1.35386,1712.00000
2026-08-28 19:45:00+00:00,1.35385,1.35404,1.35368,1.35383,1384.00000
2026-08-28 20:00:00+00:00,1.35382,1.35387,1.35358,1.35379,743.00000
2026-08-28 20:15:00+00:00,1.35381,1.35390,1.35346,1.35356,537.00000
2026-08-28 20:30:00+00:00,1.35354,1.35359,1.35303,1.35315,476.00000
2026-08-28 20:45:00+00:00,1.35314,1.35361,1.35307,1.35338,1590.00000
2026-08-30 21:00:00+00:00,1.35329,1.35376,1.35314,1.35371,42.00000
2026-08-30 21:15:00+00:00,1.35372,1.35375,1.35286,1.35355,115.00000
2026-08-30 21:30:00+00:00,1.35347,1.35374,1.35346,1.35374,234.00000
2026-08-30 21:45:00+00:00,1.35375,1.35378,1.35333,1.35351,270.00000
2026-08-30 22:00:00+00:00,1.35360,1.35360,1.35290,1.35317,398.00000
2026-08-30 22:15:00+00:00,1.35314,1.35330,1.35311,1.35327,425.00000
2026-08-30 22:30:00+00:00,1.35327,1.35370,1.35327,1.35350,625.00000
2026-08-30 22:45:00+00:00,1.35349,1.35366,1.35349,1.35360,337.00000
2026-08-30 23:00:00+00:00,1.35361,1.35376,1.35350,1.35365,570.00000
2026-08-30 23:15:00+00:00,1.35364,1.35380,1.35357,1.35368,605.00000
2026-08-30 23:30:00+00:00,1.35369,1.35397,1.35368,1.35387,508.00000
2026-08-30 23:45:00+00:00,1.35388,1.35408,1.35376,1.35401,843.00000
2026-08-31 00:00:00+00:00,1.35402,1.35428,1.35399,1.35416,1872.00000
2026-08-31 00:15:00+00:00,1.35417,1.35427,1.35336,1.35346,1456.00000
2026-08-31 00:30:00+00:00,1.35345,1.35435,1.35345,1.35428,1448.00000
2026-08-31 00:45:00+00:00,1.35429,1.35473,1.35420,1.35453,1594.00000
2026-08-31 01:00:00+00:00,1.35454,1.35454,1.35371,1.35388,2168.00000
2026-08-31 01:15:00+00:00,1.35389,1.35434,1.35376,1.35430,1780.00000
2026-08-31 01:30:00+00:00,1.35431,1.35473,1.35413,1.35461,1910.00000
2026-08-31 01:45:00+00:00,1.35460,1.35467,1.35430,1.35435,1588.00000
2026-08-31 02:00:00+00:00,1.35434,1.35456,1.35423,1.35448,1648.00000
2026-08-31 02:15:00+00:00,1.35450,1.35459,1.35410,1.35451,1536.00000
2026-08-31 02:30:00+00:00,1.35452,1.35458,1.35384,1.35396,1636.00000
2026-08-31 02:45:00+00:00,1.35395,1.35446,1.35391,1.35446,1084.00000
2026-08-31 03:00:00+00:00,1.35447,1.35463,1.35443,1.35457,1000.00000
2026-08-31 03:15:00+00:00,1.35458,1.35471,1.35453,1.35453,816.00000
2026-08-31 03:30:00+00:00,1.35451,1.35453,1.35416,1.35440,1088.00000
2026-08-31 03:45:00+00:00,1.35439,1.35444,1.35427,1.35441,770.00000
2026-08-31 04:00:00+00:00,1.35440,1.35465,1.35439,1.35461,650.00000
2026-08-31 04:15:00+00:00,1.35462,1.35463,1.35420,1.35425,738.00000
2026-08-31 04:30:00+00:00,1.35424,1.35439,1.35416,1.35438,850.00000
2026-08-31 04:45:00+00:00,1.35439,1.35449,1.35431,1.35449,788.00000
2026-08-31 05:00:00+00:00,1.35450,1.35450,1.35416,1.35431,942.00000
2026-08-31 05:15:00+00:00,1.35429,1.35470,1.35429,1.35468,838.00000
2026-08-31 05:30:00+00:00,1.35470,1.35470,1.35423,1.35447,1316.00000
2026-08-31 05:45:00+00:00,1.35448,1.35470,1.35431,1.35469,1186.00000
2026-08-31 06:00:00+00:00,1.35465,1.35469,1.35435,1.35467,1394.00000
2026-08-31 06:15:00+00:00,1.35464,1.35490,1.35448,1.35452,1152.00000
2026-08-31 06:30:00+00:00,1.35451,1.35481,1.35442,1.35448,1350.00000
2026-08-31 06:45:00+00:00,1.35449,1.35457,1.35390,1.35438,1512.00000
2026-08-31 07:00:00+00:00,1.35437,1.35444,1.35367,1.35393,1870.00000
2026-08-31 07:15:00+00:00,1.35394,1.35483,1.35376,1.35456,1944.00000
2026-08-31 07:30:00+00:00,1.35457,1.35460,1.35419,1.35453,1826.00000
2026-08-31 07:45:00+00:00,1.35452,1.35479,1.35448,1.35464,1618.00000
2026-08-31 08:00:00+00:00,1.35457,1.35558,1.35443,1.35458,2383.00000
2026-08-31 08:15:00+00:00,1.35456,1.35473,1.35435,1.35469,1702.00000
2026-08-31 08:30:00+00:00,1.35470,1.35481,1.35421,1.35425,1588.00000
2026-08-31 08:45:00+00:00,1.35426,1.35441,1.35380,1.35404,1800.00000
2026-08-31 09:00:00+00:00,1.35406,1.35443,1.35406,1.35440,1520.00000
2026-08-31 09:15:00+00:00,1.35439,1.35459,1.35412,1.35435,1508.00000
2026-08-31 09:30:00+00:00,1.35436,1.35439,1.35395,1.35427,1034.00000
2026-08-31 09:45:00+00:00,1.35426,1.35439,1.35414,1.35422,1380.00000
2026-08-31 10:00:00+00:00,1.35423,1.35467,1.35418,1.35448,1622.00000
2026-08-31 10:15:00+00:00,1.35447,1.35448,1.35419,1.35438,1392.00000
2026-08-31 10:30:00+00:00,1.35439,1.35439,1.35382,1.35382,1078.00000
2026-08-31 10:45:00+00:00,1.35384,1.35424,1.35358,1.35400,1388.00000
2026-08-31 11:00:00+00:00,1.35399,1.35409,1.35368,1.35405,1338.00000
2026-08-31 11:15:00+00:00,1.35408,1.35459,1.35403,1.35454,1488.00000
2026-08-31 11:30:00+00:00,1.35455,1.35465,1.35403,1.35420,1646.00000
2026-08-31 11:45:00+00:00,1.35429,1.35431,1.35372,1.35387,1550.00000
2026-08-31 12:00:00+00:00,1.35386,1.35435,1.35357,1.35433,1790.00000
2026-08-31 12:15:00+00:00,1.35436,1.35468,1.35372,1.35436,2394.00000
2026-08-31 12:30:00+00:00,1.35437,1.35440,1.35371,1.35375,2344.00000
2026-08-31 12:45:00+00:00,1.35374,1.35395,1.35358,1.35385,1890.00000
2026-08-31 13:00:00+00:00,1.35384,1.35443,1.35381,1.35421,2332.00000
2026-08-31 13:15:00+00:00,1.35419,1.35485,1.35411,1.35480,2058.00000
2026-08-31 13:30:00+00:00,1.35479,1.35482,1.35418,1.35433,2586.00000
2026-08-31 13:45:00+00:00,1.35434,1.35449,1.35400,1.35428,2490.00000
2026-08-31 14:00:00+00:00,1.35427,1.35428,1.35359,1.35396,2258.00000
2026-08-31 14:15:00+00:00,1.35395,1.35450,1.35379,1.35419,2212.00000
2026-08-31 14:30:00+00:00,1.35420,1.35482,1.35386,1.35421,2980.00000
2026-08-31 14:45:00+00:00,1.35423,1.35653,1.35423,1.35546,5082.00000
2026-08-31 15:00:00+00:00,1.35549,1.35599,1.35485,1.35517,2912.00000
2026-08-31 15:15:00+00:00,1.35516,1.35518,1.35456,1.35506,1972.00000
2026-08-31 15:30:00+00:00,1.35504,1.35542,1.35499,1.35504,2038.00000
2026-08-31 15:45:00+00:00,1.35505,1.35550,1.35480,1.35486,1784.00000
2026-08-31 16:00:00+00:00,1.35485,1.35516,1.35482,1.35497,1322.00000
2026-08-31 16:15:00+00:00,1.35498,1.35525,1.35488,1.35506,1258.00000
2026-08-31 16:30:00+00:00,1.35505,1.35511,1.35464,1.35472,1310.00000
2026-08-31 16:45:00+00:00,1.35475,1.35499,1.35462,1.35486,1340.00000
2026-08-31 17:00:00+00:00,1.35487,1.35495,1.35463,1.35490,752.00000
2026-08-31 17:15:00+00:00,1.35488,1.35519,1.35485,1.35494,904.00000
2026-08-31 17:30:00+00:00,1.35495,1.35519,1.35484,1.35517,836.00000
2026-08-31 17:45:00+00:00,1.35516,1.35533,1.35498,1.35499,974.00000
2026-08-31 18:00:00+00:00,1.35500,1.35517,1.35484,1.35517,1122.00000
2026-08-31 18:15:00+00:00,1.35516,1.35517,1.35491,1.35492,744.00000
2026-08-31 18:30:00+00:00,1.35491,1.35500,1.35466,1.35476,1236.00000
2026-08-31 18:45:00+00:00,1.35477,1.35516,1.35474,1.35495,1342.00000
2026-08-31 19:00:00+00:00,1.35494,1.35499,1.35476,1.35477,1124.00000
2026-08-31 19:15:00+00:00,1.35476,1.35506,1.35470,1.35486,872.00000
2026-08-31 19:30:00+00:00,1.35483,1.35499,1.35463,1.35479,928.00000
2026-08-31 19:45:00+00:00,1.35478,1.35518,1.35469,1.35498,1580.00000
2026-08-31 20:00:00+00:00,1.35497,1.35517,1.35473,1.35473,804.00000
2026-08-31 20:15:00+00:00,1.35471,1.35477,1.35462,1.35476,298.00000
2026-08-31 20:30:00+00:00,1.35475,1.35489,1.35468,1.35484,405.00000
2026-08-31 20:45:00+00:00,1.35486,1.35496,1.35479,1.35488,334.00000
2026-08-31 21:00:00+00:00,1.35502,1.35514,1.35443,1.35481,52.00000
2026-08-31 21:15:00+00:00,1.35483,1.35518,1.35431,1.35512,242.00000
2026-08-31 21:30:00+00:00,1.35518,1.35526,1.35481,1.35525,517.00000
2026-08-31 21:45:00+00:00,1.35524,1.35548,1.35496,1.35517,442.00000
2026-08-31 22:00:00+00:00,1.35529,1.35551,1.35470,1.35494,365.00000
2026-08-31 22:15:00+00:00,1.35494,1.35498,1.35482,1.35483,169.00000
2026-08-31 22:30:00+00:00,1.35486,1.35488,1.35462,1.35465,312.00000
2026-08-31 22:45:00+00:00,1.35465,1.35466,1.35452,1.35460,358.00000
2026-08-31 23:00:00+00:00,1.35461,1.35464,1.35439,1.35443,386.00000
2026-08-31 23:15:00+00:00,1.35442,1.35456,1.35440,1.35455,332.00000
2026-08-31 23:30:00+00:00,1.35456,1.35478,1.35454,1.35470,446.00000
2026-08-31 23:45:00+00:00,1.35469,1.35492,1.35463,1.35487,704.00000
2026-09-01 00:00:00+00:00,1.35488,1.35557,1.35467,1.35532,2364.00000
2026-09-01 00:15:00+00:00,1.35533,1.35596,1.35521,1.35589,1936.00000
2026-09-01 00:30:00+00:00,1.35588,1.35592,1.35544,1.35550,1512.00000
2026-09-01 00:45:00+00:00,1.35551,1.35563,1.35522,1.35528,1510.00000
2026-09-01 01:00:00+00:00,1.35529,1.35534,1.35466,1.35481,2065.00000
2026-09-01 01:15:00+00:00,1.35477,1.35496,1.35433,1.35443,1862.00000
2026-09-01 01:30:00+00:00,1.35442,1.35496,1.35441,1.35496,1564.00000
2026-09-01 01:45:00+00:00,1.35495,1.35497,1.35421,1.35457,1528.00000
2026-09-01 02:00:00+00:00,1.35458,1.35459,1.35414,1.35425,1684.00000
2026-09-01 02:15:00+00:00,1.35424,1.35460,1.35422,1.35456,1072.00000
2026-09-01 02:30:00+00:00,1.35457,1.35457,1.35415,1.35431,1296.00000
2026-09-01 02:45:00+00:00,1.35430,1.35462,1.35427,1.35460,1078.00000
2026-09-01 03:00:00+00:00,1.35461,1.35461,1.35421,1.35445,1290.00000
2026-09-01 03:15:00+00:00,1.35446,1.35458,1.35412,1.35424,1146.00000
2026-09-01 03:30:00+00:00,1.35423,1.35434,1.35419,1.35433,956.00000
2026-09-01 03:45:00+00:00,1.35432,1.35441,1.35407,1.35409,788.00000
2026-09-01 04:00:00+00:00,1.35408,1.35428,1.35404,1.35412,720.00000
2026-09-01 04:15:00+00:00,1.35413,1.35414,1.35388,1.35389,712.00000
2026-09-01 04:30:00+00:00,1.35388,1.35403,1.35381,1.35401,570.00000
2026-09-01 04:45:00+00:00,1.35400,1.35428,1.35394,1.35428,636.00000
2026-09-01 05:00:00+00:00,1.35427,1.35469,1.35426,1.35468,718.00000
2026-09-01 05:15:00+00:00,1.35467,1.35468,1.35438,1.35463,848.00000
2026-09-01 05:30:00+00:00,1.35462,1.35489,1.35453,1.35469,1360.00000
2026-09-01 05:45:00+00:00,1.35470,1.35497,1.35464,1.35469,1396.00000
2026-09-01 06:00:00+00:00,1.35461,1.35477,1.35433,1.35444,1646.00000
2026-09-01 06:15:00+00:00,1.35443,1.35460,1.35356,1.35357,1744.00000
2026-09-01 06:30:00+00:00,1.35358,1.35429,1.35354,1.35427,1505.00000
2026-09-01 06:45:00+00:00,1.35428,1.35432,1.35394,1.35409,1674.00000
2026-09-01 07:00:00+00:00,1.35408,1.35436,1.35393,1.35417,2136.00000
2026-09-01 07:15:00+00:00,1.35416,1.35418,1.35346,1.35346,1768.00000
2026-09-01 07:30:00+00:00,1.35347,1.35348,1.35317,1.35321,1602.00000
2026-09-01 07:45:00+00:00,1.35320,1.35374,1.35313,1.35363,1952.00000
2026-09-01 08:00:00+00:00,1.35362,1.35399,1.35290,1.35308,2756.00000
2026-09-01 08:15:00+00:00,1.35309,1.35359,1.35304,1.35348,1937.00000
2026-09-01 08:30:00+00:00,1.35347,1.35400,1.35309,1.35395,1774.00000
2026-09-01 08:45:00+00:00,1.35396,1.35423,1.35375,1.35414,2076.00000
2026-09-01 09:00:00+00:00,1.35417,1.35439,1.35391,1.35421,2083.00000
2026-09-01 09:15:00+00:00,1.35420,1.35466,1.35416,1.35442,1866.00000
2026-09-01 09:30:00+00:00,1.35441,1.35484,1.35432,1.35453,2022.00000
2026-09-01 09:45:00+00:00,1.35451,1.35474,1.35392,1.35395,1816.00000
2026-09-01 10:00:00+00:00,1.35393,1.35429,1.35382,1.35418,1586.00000
2026-09-01 10:15:00+00:00,1.35417,1.35439,1.35405,1.35418,1774.00000
2026-09-01 10:30:00+00:00,1.35417,1.35419,1.35352,1.35352,1086.00000
2026-09-01 10:45:00+00:00,1.35353,1.35375,1.35334,1.35357,1520.00000
2026-09-01 11:00:00+00:00,1.35355,1.35358,1.35306,1.35334,1761.00000
2026-09-01 11:15:00+00:00,1.35333,1.35397,1.35323,1.35375,2418.00000
2026-09-01 11:30:00+00:00,1.35376,1.35395,1.35357,1.35379,1630.00000
2026-09-01 11:45:00+00:00,1.35378,1.35383,1.35338,1.35358,1682.00000
2026-09-01 12:00:00+00:00,1.35354,1.35355,1.35292,1.35317,2117.00000
2026-09-01 12:15:00+00:00,1.35318,1.35360,1.35312,1.35334,2078.00000
2026-09-01 12:30:00+00:00,1.35336,1.35347,1.35298,1.35314,1966.00000
2026-09-01 12:45:00+00:00,1.35315,1.35352,1.35291,1.35296,2064.00000
2026-09-01 13:00:00+00:00,1.35297,1.35306,1.35253,1.35285,1914.00000
2026-09-01 13:15:00+00:00,1.35284,1.35354,1.35284,1.35350,1894.00000
2026-09-01 13:30:00+00:00,1.35349,1.35462,1.35349,1.35451,3038.00000
2026-09-01 13:45:00+00:00,1.35449,1.35460,1.35362,1.35441,2480.00000
2026-09-01 14:00:00+00:00,1.35444,1.35522,1.35410,1.35509,3324.00000
2026-09-01 14:15:00+00:00,1.35508,1.35509,1.35420,1.35421,2708.00000
2026-09-01 14:30:00+00:00,1.35423,1.35445,1.35408,1.35426,2492.00000
2026-09-01 14:45:00+00:00,1.35427,1.35448,1.35357,1.35378,3116.00000
2026-09-01 15:00:00+00:00,1.35381,1.35406,1.35283,1.35323,2944.00000
2026-09-01 15:15:00+00:00,1.35324,1.35331,1.35250,1.35282,2152.00000
2026-09-01 15:30:00+00:00,1.35283,1.35308,1.35263,1.35287,1990.00000
2026-09-01 15:45:00+00:00,1.35288,1.35294,1.35235,1.35269,1568.00000
2026-09-01 16:00:00+00:00,1.35270,1.35280,1.35250,1.35268,1770.00000
2026-09-01 16:15:00+00:00,1.35267,1.35279,1.35208,1.35227,2852.00000
2026-09-01 16:30:00+00:00,1.35225,1.35277,1.35213,1.35226,2382.00000
2026-09-01 16:45:00+00:00,1.35225,1.35229,1.35143,1.35147,1821.00000
2026-09-01 17:00:00+00:00,1.35148,1.35181,1.35136,1.35167,1952.00000
2026-09-01 17:15:00+00:00,1.35168,1.35198,1.35138,1.35197,1652.00000
2026-09-01 17:30:00+00:00,1.35198,1.35211,1.35132,1.35147,1744.00000
2026-09-01 17:45:00+00:00,1.35148,1.35148,1.35117,1.35136,1079.00000
2026-09-01 18:00:00+00:00,1.35135,1.35160,1.35122,1.35125,1094.00000
2026-09-01 18:15:00+00:00,1.35127,1.35144,1.35103,1.35103,954.00000
2026-09-01 18:30:00+00:00,1.35102,1.35103,1.35063,1.35087,1274.00000
2026-09-01 18:45:00+00:00,1.35088,1.35147,1.35088,1.35140,1638.00000
2026-09-01 19:00:00+00:00,1.35141,1.35158,1.35122,1.35149,1492.00000
2026-09-01 19:15:00+00:00,1.35150,1.35158,1.35129,1.35131,870.00000
2026-09-01 19:30:00+00:00,1.35132,1.35148,1.35108,1.35108,1226.00000
2026-09-01 19:45:00+00:00,1.35109,1.35130,1.35099,1.35118,956.00000
2026-09-01 20:00:00+00:00,1.35119,1.35127,1.35097,1.35104,421.00000
2026-09-01 20:15:00+00:00,1.35103,1.35120,1.35097,1.35120,380.00000
2026-09-01 20:30:00+00:00,1.35119,1.35154,1.35117,1.35143,454.00000
2026-09-01 20:45:00+00:00,1.35144,1.35170,1.35138,1.35160,402.00000
2026-09-01 21:00:00+00:00,1.35138,1.35148,1.35069,1.35148,30.00000
2026-09-01 21:15:00+00:00,1.35149,1.35176,1.35090,1.35167,637.00000
2026-09-01 21:30:00+00:00,1.35166,1.35170,1.35125,1.35127,312.00000
2026-09-01 21:45:00+00:00,1.35126,1.35191,1.35125,1.35171,402.00000
2026-09-01 22:00:00+00:00,1.35172,1.35187,1.35155,1.35177,796.00000
2026-09-01 22:15:00+00:00,1.35177,1.35187,1.35155,1.35162,326.00000
2026-09-01 22:30:00+00:00,1.35162,1.35166,1.35148,1.35148,215.00000
2026-09-01 22:45:00+00:00,1.35149,1.35157,1.35144,1.35152,222.00000
2026-09-01 23:00:00+00:00,1.35152,1.35154,1.35144,1.35147,273.00000
2026-09-01 23:15:00+00:00,1.35148,1.35149,1.35142,1.35145,194.00000
2026-09-01 23:30:00+00:00,1.35144,1.35166,1.35142,1.35164,162.00000
2026-09-01 23:45:00+00:00,1.35163,1.35168,1.35132,1.35133,618.00000
2026-09-02 00:00:00+00:00,1.35134,1.35148,1.35093,1.35106,1579.00000
2026-09-02 00:15:00+00:00,1.35105,1.35146,1.35088,1.35097,1741.00000
2026-09-02 00:30:00+00:00,1.35098,1.35124,1.35084,1.35120,1546.00000
2026-09-02 00:45:00+00:00,1.35121,1.35121,1.35068,1.35068,2150.00000
2026-09-02 01:00:00+00:00,1.35067,1.35081,1.35039,1.35046,2017.00000
2026-09-02 01:15:00+00:00,1.35045,1.35082,1.35041,1.35077,1220.00000
2026-09-02 01:30:00+00:00,1.35081,1.35085,1.35027,1.35045,1722.00000
2026-09-02 01:45:00+00:00,1.35044,1.35054,1.35024,1.35052,1110.00000
2026-09-02 02:00:00+00:00,1.35053,1.35064,1.35006,1.35058,2040.00000
2026-09-02 02:15:00+00:00,1.35059,1.35080,1.35029,1.35059,1676.00000
2026-09-02 02:30:00+00:00,1.35060,1.35085,1.35045,1.35076,1450.00000
2026-09-02 02:45:00+00:00,1.35077,1.35078,1.35064,1.35069,804.00000
2026-09-02 03:00:00+00:00,1.35070,1.35078,1.35056,1.35058,944.00000
2026-09-02 03:15:00+00:00,1.35057,1.35063,1.35033,1.35033,908.00000
2026-09-02 03:30:00+00:00,1.35034,1.35043,1.35011,1.35015,1214.00000
2026-09-02 03:45:00+00:00,1.35016,1.35029,1.35012,1.35028,780.00000
2026-09-02 04:00:00+00:00,1.35027,1.35030,1.34995,1.34999,1014.00000
2026-09-02 04:15:00+00:00,1.35000,1.35015,1.34981,1.34987,1130.00000
2026-09-02 04:30:00+00:00,1.34986,1.34995,1.34977,1.34982,840.00000
2026-09-02 04:45:00+00:00,1.34983,1.34999,1.34963,1.34966,1142.00000
2026-09-02 05:00:00+00:00,1.34967,1.34992,1.34946,1.34989,946.00000
2026-09-02 05:15:00+00:00,1.34988,1.35022,1.34988,1.35021,1405.00000
2026-09-02 05:30:00+00:00,1.35022,1.35037,1.34998,1.35016,1460.00000
2026-09-02 05:45:00+00:00,1.35015,1.35048,1.35008,1.35029,1612.00000
2026-09-02 06:00:00+00:00,1.35030,1.35076,1.35004,1.35042,2358.00000
2026-09-02 06:15:00+00:00,1.35041,1.35083,1.34992,1.35040,2284.00000
2026-09-02 06:30:00+00:00,1.35039,1.35065,1.35021,1.35046,2464.00000
2026-09-02 06:45:00+00:00,1.35047,1.35048,1.34927,1.34928,2668.00000
2026-09-02 07:00:00+00:00,1.34929,1.35005,1.34896,1.34995,2698.00000
2026-09-02 07:15:00+00:00,1.34994,1.35068,1.34983,1.35037,2047.00000
2026-09-02 07:30:00+00:00,1.35038,1.35127,1.35030,1.35085,1864.00000
2026-09-02 07:45:00+00:00,1.35087,1.35113,1.35081,1.35108,1850.00000
2026-09-02 08:00:00+00:00,1.35109,1.35148,1.35092,1.35116,1774.00000
2026-09-02 08:15:00+00:00,1.35115,1.35136,1.35094,1.35100,1758.00000
2026-09-02 08:30:00+00:00,1.35099,1.35132,1.35083,1.35131,1898.00000
2026-09-02 08:45:00+00:00,1.35132,1.35135,1.35010,1.35010,2252.00000
2026-09-02 09:00:00+00:00,1.35009,1.35071,1.34999,1.35004,2050.00000
2026-09-02 09:15:00+00:00,1.35004,1.35028,1.34982,1.35004,1798.00000
2026-09-02 09:30:00+00:00,1.35002,1.35010,1.34937,1.34938,1536.00000
2026-09-02 09:45:00+00:00,1.34937,1.34945,1.34860,1.34864,1490.00000
2026-09-02 10:00:00+00:00,1.34865,1.34880,1.34825,1.34837,1632.00000
2026-09-02 10:15:00+00:00,1.34836,1.34847,1.34805,1.34823,1532.00000
2026-09-02 10:30:00+00:00,1.34822,1.34848,1.34793,1.34793,1650.00000
2026-09-02 10:45:00+00:00,1.34792,1.34846,1.34769,1.34843,1974.00000
2026-09-02 11:00:00+00:00,1.34842,1.34894,1.34827,1.34885,2462.00000
2026-09-02 11:15:00+00:00,1.34888,1.34895,1.34826,1.34827,2804.00000
2026-09-02 11:30:00+00:00,1.34828,1.34882,1.34808,1.34866,2377.00000
2026-09-02 11:45:00+00:00,1.34867,1.34918,1.34832,1.34848,2074.00000
2026-09-02 12:00:00+00:00,1.34849,1.34890,1.34801,1.34833,2884.00000
2026-09-02 12:15:00+00:00,1.34830,1.34881,1.34777,1.34806,3472.00000
2026-09-02 12:30:00+00:00,1.34805,1.34815,1.34763,1.34774,2194.00000
2026-09-02 12:45:00+00:00,1.34775,1.34839,1.34747,1.34750,2730.00000
2026-09-02 13:00:00+00:00,1.34749,1.34814,1.34749,1.34812,2820.00000
2026-09-02 13:15:00+00:00,1.34813,1.35089,1.34812,1.34977,3941.00000
2026-09-02 13:30:00+00:00,1.34978,1.35074,1.34927,1.35073,3752.00000
2026-09-02 13:45:00+00:00,1.35072,1.35137,1.34990,1.35130,4261.00000
2026-09-02 14:00:00+00:00,1.35131,1.35131,1.35013,1.35038,3927.00000
2026-09-02 14:15:00+00:00,1.35044,1.35057,1.34980,1.35027,3649.00000
2026-09-02 14:30:00+00:00,1.35028,1.35058,1.34997,1.35014,3468.00000
2026-09-02 14:45:00+00:00,1.35015,1.35088,1.34968,1.35054,3767.00000
2026-09-02 15:00:00+00:00,1.35055,1.35105,1.35026,1.35034,3376.00000
2026-09-02 15:15:00+00:00,1.35033,1.35055,1.34986,1.35054,2612.00000
2026-09-02 15:30:00+00:00,1.35055,1.35075,1.34959,1.34960,3066.00000
2026-09-02 15:45:00+00:00,1.34959,1.35019,1.34947,1.35018,2236.00000
2026-09-02 16:00:00+00:00,1.35019,1.35039,1.34995,1.35039,2332.00000
2026-09-02 16:15:00+00:00,1.35038,1.35039,1.34960,1.34963,2240.00000
2026-09-02 16:30:00+00:00,1.34962,1.34988,1.34958,1.34981,1906.00000
2026-09-02 16:45:00+00:00,1.34980,1.34995,1.34943,1.34943,1532.00000
2026-09-02 17:00:00+00:00,1.34944,1.34956,1.34899,1.34913,1484.00000
2026-09-02 17:15:00+00:00,1.34914,1.34916,1.34852,1.34900,1430.00000
2026-09-02 17:30:00+00:00,1.34901,1.34903,1.34853,1.34887,1778.00000
2026-09-02 17:45:00+00:00,1.34886,1.34926,1.34857,1.34874,1932.00000
2026-09-02 18:00:00+00:00,1.34875,1.34894,1.34864,1.34868,1344.00000
2026-09-02 18:15:00+00:00,1.34867,1.34922,1.34846,1.34867,1584.00000
2026-09-02 18:30:00+00:00,1.34869,1.34889,1.34864,1.34867,1094.00000
2026-09-02 18:45:00+00:00,1.34868,1.34885,1.34850,1.34865,798.00000
2026-09-02 19:00:00+00:00,1.34866,1.34874,1.34841,1.34843,1086.00000
2026-09-02 19:15:00+00:00,1.34844,1.34880,1.34840,1.34853,956.00000
2026-09-02 19:30:00+00:00,1.34854,1.34861,1.34847,1.34857,1216.00000
2026-09-02 19:45:00+00:00,1.34859,1.34885,1.34835,1.34883,1180.00000
2026-09-02 20:00:00+00:00,1.34886,1.34911,1.34879,1.34898,758.00000
2026-09-02 20:15:00+00:00,1.34896,1.34899,1.34879,1.34881,734.00000
2026-09-02 20:30:00+00:00,1.34879,1.34890,1.34876,1.34883,324.00000
2026-09-02 20:45:00+00:00,1.34884,1.34907,1.34832,1.34844,735.00000
2026-09-02 21:00:00+00:00,1.34853,1.34892,1.34830,1.34890,96.00000
2026-09-02 21:15:00+00:00,1.34889,1.34913,1.34825,1.34826,304.00000
2026-09-02 21:30:00+00:00,1.34824,1.34906,1.34806,1.34840,314.00000
2026-09-02 21:45:00+00:00,1.34841,1.34885,1.34826,1.34878,344.00000
2026-09-02 22:00:00+00:00,1.34851,1.34856,1.34814,1.34823,350.00000
2026-09-02 22:15:00+00:00,1.34824,1.34827,1.34811,1.34822,330.00000
2026-09-02 22:30:00+00:00,1.34822,1.34844,1.34821,1.34832,386.00000
2026-09-02 22:45:00+00:00,1.34834,1.34844,1.34823,1.34836,286.00000
2026-09-02 23:00:00+00:00,1.34835,1.34842,1.34813,1.34816,359.00000
2026-09-02 23:15:00+00:00,1.34817,1.34827,1.34813,1.34814,296.00000
2026-09-02 23:30:00+00:00,1.34815,1.34816,1.34803,1.34812,388.00000
2026-09-02 23:45:00+00:00,1.34813,1.34834,1.34808,1.34826,676.00000
2026-09-03 00:00:00+00:00,1.34827,1.34836,1.34806,1.34823,1542.00000
2026-09-03 00:15:00+00:00,1.34824,1.34864,1.34821,1.34859,1134.00000
2026-09-03 00:30:00+00:00,1.34858,1.34864,1.34838,1.34843,1020.00000
2026-09-03 00:45:00+00:00,1.34845,1.34899,1.34836,1.34880,1482.00000
2026-09-03 01:00:00+00:00,1.34881,1.34889,1.34875,1.34877,1362.00000
2026-09-03 01:15:00+00:00,1.34876,1.34897,1.34847,1.34895,1320.00000
2026-09-03 01:30:00+00:00,1.34892,1.34918,1.34867,1.34868,2180.00000
2026-09-03 01:45:00+00:00,1.34871,1.34876,1.34806,1.34817,1622.00000
2026-09-03 02:00:00+00:00,1.34818,1.34844,1.34806,1.34828,1596.00000
2026-09-03 02:15:00+00:00,1.34827,1.34878,1.34816,1.34867,1848.00000
2026-09-03 02:30:00+00:00,1.34866,1.34923,1.34859,1.34877,2113.00000
2026-09-03 02:45:00+00:00,1.34878,1.34904,1.34862,1.34890,1674.00000
2026-09-03 03:00:00+00:00,1.34891,1.34968,1.34888,1.34946,1776.00000
2026-09-03 03:15:00+00:00,1.34947,1.34956,1.34927,1.34944,1410.00000
2026-09-03 03:30:00+00:00,1.34943,1.34957,1.34924,1.34951,1376.00000
2026-09-03 03:45:00+00:00,1.34950,1.34959,1.34934,1.34947,1206.00000
2026-09-03 04:00:00+00:00,1.34946,1.34955,1.34926,1.34947,906.00000
2026-09-03 04:15:00+00:00,1.34948,1.34964,1.34937,1.34959,804.00000
2026-09-03 04:30:00+00:00,1.34961,1.34986,1.34946,1.34974,1240.00000
2026-09-03 04:45:00+00:00,1.34975,1.34976,1.34924,1.34937,920.00000
2026-09-03 05:00:00+00:00,1.34938,1.34945,1.34905,1.34917,936.00000
2026-09-03 05:15:00+00:00,1.34919,1.34969,1.34915,1.34949,1626.00000
2026-09-03 05:30:00+00:00,1.34950,1.34959,1.34924,1.34926,1204.00000
2026-09-03 05:45:00+00:00,1.34925,1.34947,1.34897,1.34917,1608.00000
2026-09-03 06:00:00+00:00,1.34916,1.34922,1.34841,1.34873,2828.00000
2026-09-03 06:15:00+00:00,1.34874,1.34880,1.34835,1.34860,1864.00000
2026-09-03 06:30:00+00:00,1.34865,1.34947,1.34865,1.34936,2924.00000
2026-09-03 06:45:00+00:00,1.34935,1.34988,1.34918,1.34920,2276.00000
2026-09-03 07:00:00+00:00,1.34919,1.35035,1.34897,1.34949,3588.00000
2026-09-03 07:15:00+00:00,1.34950,1.35000,1.34916,1.34936,2667.00000
2026-09-03 07:30:00+00:00,1.34939,1.34999,1.34916,1.34988,2984.00000
2026-09-03 07:45:00+00:00,1.34987,1.35045,1.34985,1.35030,2556.00000
2026-09-03 08:00:00+00:00,1.35029,1.35074,1.34987,1.34998,3812.00000
2026-09-03 08:15:00+00:00,1.34999,1.35027,1.34968,1.35019,2092.00000
2026-09-03 08:30:00+00:00,1.35018,1.35019,1.34965,1.35007,1662.00000
2026-09-03 08:45:00+00:00,1.35008,1.35045,1.34982,1.35001,2370.00000
2026-09-03 09:00:00+00:00,1.35003,1.35038,1.34962,1.34997,2905.00000
2026-09-03 09:15:00+00:00,1.34998,1.35005,1.34932,1.34948,2080.00000
2026-09-03 09:30:00+00:00,1.34949,1.34956,1.34898,1.34937,2153.00000
2026-09-03 09:45:00+00:00,1.34938,1.34982,1.34938,1.34981,2350.00000
2026-09-03 10:00:00+00:00,1.34982,1.34998,1.34904,1.34904,2208.00000
2026-09-03 10:15:00+00:00,1.34905,1.34947,1.34893,1.34923,1854.00000
2026-09-03 10:30:00+00:00,1.34922,1.34923,1.34845,1.34868,1996.00000
2026-09-03 10:45:00+00:00,1.34867,1.34954,1.34867,1.34944,2324.00000
2026-09-03 11:00:00+00:00,1.34945,1.34976,1.34907,1.34967,3328.00000
2026-09-03 11:15:00+00:00,1.34966,1.35006,1.34898,1.34927,2428.00000
2026-09-03 11:30:00+00:00,1.34928,1.34938,1.34866,1.34898,1760.00000
2026-09-03 11:45:00+00:00,1.34896,1.34964,1.34888,1.34947,2320.00000
2026-09-03 12:00:00+00:00,1.34945,1.34989,1.34927,1.34966,2638.00000
2026-09-03 12:15:00+00:00,1.34967,1.34967,1.34892,1.34926,2742.00000
2026-09-03 12:30:00+00:00,1.34927,1.35125,1.34924,1.35079,5191.00000
2026-09-03 12:45:00+00:00,1.35077,1.35219,1.35067,1.35184,4734.00000
2026-09-03 13:00:00+00:00,1.35185,1.35197,1.35109,1.35150,4075.00000
2026-09-03 13:15:00+00:00,1.35151,1.35160,1.35081,1.35100,3340.00000
2026-09-03 13:30:00+00:00,1.35099,1.35107,1.35030,1.35105,3818.00000
2026-09-03 13:45:00+00:00,1.35106,1.35176,1.35026,1.35171,3350.00000
2026-09-03 14:00:00+00:00,1.35174,1.35174,1.35088,1.35148,3757.00000
2026-09-03 14:15:00+00:00,1.35147,1.35151,1.35069,1.35111,3279.00000
2026-09-03 14:30:00+00:00,1.35110,1.35126,1.35003,1.35023,3147.00000
2026-09-03 14:45:00+00:00,1.35025,1.35206,1.35014,1.35180,4277.00000
2026-09-03 15:00:00+00:00,1.35179,1.35392,1.35179,1.35356,3548.00000
2026-09-03 15:15:00+00:00,1.35355,1.35410,1.35323,1.35376,3164.00000
2026-09-03 15:30:00+00:00,1.35377,1.35403,1.35293,1.35325,3292.00000
2026-09-03 15:45:00+00:00,1.35327,1.35331,1.35272,1.35326,2462.00000
2026-09-03 16:00:00+00:00,1.35327,1.35403,1.35312,1.35400,2342.00000
2026-09-03 16:15:00+00:00,1.35402,1.35452,1.35397,1.35450,2338.00000
2026-09-03 16:30:00+00:00,1.35451,1.35479,1.35418,1.35446,1886.00000
2026-09-03 16:45:00+00:00,1.35445,1.35482,1.35441,1.35442,1744.00000
2026-09-03 17:00:00+00:00,1.35441,1.35451,1.35406,1.35427,1845.00000
2026-09-03 17:15:00+00:00,1.35426,1.35465,1.35426,1.35459,1586.00000
2026-09-03 17:30:00+00:00,1.35460,1.35471,1.35428,1.35438,1196.00000
2026-09-03 17:45:00+00:00,1.35437,1.35440,1.35388,1.35389,1324.00000
2026-09-03 18:00:00+00:00,1.35390,1.35436,1.35385,1.35428,1508.00000
2026-09-03 18:15:00+00:00,1.35426,1.35441,1.35401,1.35406,1402.00000
2026-09-03 18:30:00+00:00,1.35405,1.35409,1.35382,1.35384,1280.00000
2026-09-03 18:45:00+00:00,1.35385,1.35401,1.35374,1.35388,1110.00000
2026-09-03 19:00:00+00:00,1.35387,1.35400,1.35324,1.35324,1444.00000
2026-09-03 19:15:00+00:00,1.35325,1.35328,1.35233,1.35245,2330.00000
2026-09-03 19:30:00+00:00,1.35241,1.35262,1.35225,1.35259,1798.00000
2026-09-03 19:45:00+00:00,1.35261,1.35288,1.35255,1.35258,1602.00000
2026-09-03 20:00:00+00:00,1.35257,1.35291,1.35252,1.35268,664.00000
2026-09-03 20:15:00+00:00,1.35267,1.35269,1.35250,1.35266,458.00000
2026-09-03 20:30:00+00:00,1.35265,1.35271,1.35249,1.35265,543.00000
2026-09-03 20:45:00+00:00,1.35267,1.35271,1.35235,1.35242,435.00000
2026-09-03 21:00:00+00:00,1.35273,1.35290,1.35233,1.35289,112.00000
2026-09-03 21:15:00+00:00,1.35287,1.35291,1.35251,1.35283,158.00000
2026-09-03 21:30:00+00:00,1.35281,1.35292,1.35276,1.35282,126.00000
2026-09-03 21:45:00+00:00,1.35281,1.35313,1.35257,1.35257,1109.00000
2026-09-03 22:00:00+00:00,1.35255,1.35264,1.35222,1.35242,383.00000
2026-09-03 22:15:00+00:00,1.35243,1.35249,1.35232,1.35236,169.00000
2026-09-03 22:30:00+00:00,1.35237,1.35246,1.35235,1.35239,255.00000
2026-09-03 22:45:00+00:00,1.35237,1.35242,1.35233,1.35237,315.00000
2026-09-03 23:00:00+00:00,1.35238,1.35259,1.35238,1.35253,471.00000
2026-09-03 23:15:00+00:00,1.35252,1.35271,1.35247,1.35269,300.00000
2026-09-03 23:30:00+00:00,1.35268,1.35300,1.35258,1.35267,799.00000
2026-09-03 23:45:00+00:00,1.35266,1.35290,1.35262,1.35284,1214.00000
2026-09-04 00:00:00+00:00,1.35283,1.35305,1.35267,1.35283,2252.00000
2026-09-04 00:15:00+00:00,1.35284,1.35287,1.35253,1.35255,1536.00000
2026-09-04 00:30:00+00:00,1.35254,1.35287,1.35250,1.35284,1572.00000
2026-09-04 00:45:00+00:00,1.35283,1.35338,1.35282,1.35302,1700.00000
2026-09-04 01:00:00+00:00,1.35303,1.35320,1.35286,1.35288,2106.00000
2026-09-04 01:15:00+00:00,1.35287,1.35349,1.35283,1.35327,1936.00000
2026-09-04 01:30:00+00:00,1.35329,1.35340,1.35311,1.35329,1924.00000
2026-09-04 01:45:00+00:00,1.35330,1.35349,1.35317,1.35349,1088.00000
2026-09-04 02:00:00+00:00,1.35350,1.35377,1.35338,1.35347,1018.00000
2026-09-04 02:15:00+00:00,1.35348,1.35350,1.35295,1.35307,988.00000
2026-09-04 02:30:00+00:00,1.35308,1.35329,1.35299,1.35319,918.00000
2026-09-04 02:45:00+00:00,1.35318,1.35341,1.35310,1.35313,928.00000
2026-09-04 03:00:00+00:00,1.35312,1.35337,1.35312,1.35336,938.00000
2026-09-04 03:15:00+00:00,1.35335,1.35346,1.35305,1.35307,768.00000
2026-09-04 03:30:00+00:00,1.35308,1.35309,1.35268,1.35268,1394.00000
2026-09-04 03:45:00+00:00,1.35269,1.35306,1.35268,1.35294,1312.00000
2026-09-04 04:00:00+00:00,1.35295,1.35329,1.35294,1.35310,1710.00000
2026-09-04 04:15:00+00:00,1.35309,1.35314,1.35296,1.35309,986.00000
2026-09-04 04:30:00+00:00,1.35308,1.35330,1.35300,1.35319,710.00000
2026-09-04 04:45:00+00:00,1.35320,1.35327,1.35308,1.35319,536.00000
2026-09-04 05:00:00+00:00,1.35320,1.35326,1.35299,1.35325,720.00000
2026-09-04 05:15:00+00:00,1.35326,1.35333,1.35316,1.35323,682.00000
2026-09-04 05:30:00+00:00,1.35322,1.35351,1.35322,1.35330,754.00000
2026-09-04 05:45:00+00:00,1.35329,1.35359,1.35321,1.35356,1126.00000
2026-09-04 06:00:00+00:00,1.35353,1.35437,1.35352,1.35435,1818.00000
2026-09-04 06:15:00+00:00,1.35434,1.35441,1.35404,1.35439,1666.00000
2026-09-04 06:30:00+00:00,1.35438,1.35449,1.35403,1.35430,1720.00000
2026-09-04 06:45:00+00:00,1.35429,1.35449,1.35410,1.35418,1475.00000
2026-09-04 07:00:00+00:00,1.35417,1.35468,1.35412,1.35415,2332.00000
2026-09-04 07:15:00+00:00,1.35416,1.35467,1.35413,1.35466,1722.00000
2026-09-04 07:30:00+00:00,1.35467,1.35491,1.35412,1.35469,1933.00000
2026-09-04 07:45:00+00:00,1.35470,1.35477,1.35329,1.35341,2298.00000
2026-09-04 08:00:00+00:00,1.35342,1.35382,1.35331,1.35349,2226.00000
2026-09-04 08:15:00+00:00,1.35350,1.35431,1.35330,1.35430,1334.00000
2026-09-04 08:30:00+00:00,1.35425,1.35427,1.35293,1.35328,2218.00000
2026-09-04 08:45:00+00:00,1.35327,1.35353,1.35308,1.35330,1570.00000
2026-09-04 09:00:00+00:00,1.35329,1.35330,1.35275,1.35280,1561.00000
2026-09-04 09:15:00+00:00,1.35281,1.35302,1.35250,1.35268,1636.00000
2026-09-04 09:30:00+00:00,1.35269,1.35277,1.35225,1.35227,1762.00000
2026-09-04 09:45:00+00:00,1.35229,1.35269,1.35219,1.35231,1918.00000
2026-09-04 10:00:00+00:00,1.35230,1.35256,1.35221,1.35247,1540.00000
2026-09-04 10:15:00+00:00,1.35248,1.35293,1.35240,1.35262,1692.00000
2026-09-04 10:30:00+00:00,1.35263,1.35316,1.35258,1.35315,1502.00000
2026-09-04 10:45:00+00:00,1.35314,1.35354,1.35313,1.35315,1358.00000
2026-09-04 11:00:00+00:00,1.35316,1.35363,1.35316,1.35360,1728.00000
2026-09-04 11:15:00+00:00,1.35358,1.35387,1.35344,1.35365,1352.00000
2026-09-04 11:30:00+00:00,1.35366,1.35367,1.35321,1.35343,1590.00000
2026-09-04 11:45:00+00:00,1.35344,1.35372,1.35323,1.35324,1956.00000
2026-09-04 12:00:00+00:00,1.35325,1.35364,1.35268,1.35297,2118.00000
2026-09-04 12:15:00+00:00,1.35294,1.35334,1.35285,1.35316,2621.00000
2026-09-04 12:30:00+00:00,1.35315,1.35318,1.34825,1.34980,7815.00000
2026-09-04 12:45:00+00:00,1.34979,1.35057,1.34887,1.35041,6107.00000
2026-09-04 13:00:00+00:00,1.35039,1.35046,1.34949,1.34997,4456.00000
2026-09-04 13:15:00+00:00,1.34996,1.35156,1.34988,1.35143,4870.00000
2026-09-04 13:30:00+00:00,1.35144,1.35176,1.35080,1.35123,4642.00000
2026-09-04 13:45:00+00:00,1.35122,1.35245,1.35032,1.35057,4583.00000
2026-09-04 14:00:00+00:00,1.35056,1.35133,1.35053,1.35109,3964.00000
2026-09-04 14:15:00+00:00,1.35108,1.35147,1.35079,1.35120,3176.00000
2026-09-04 14:30:00+00:00,1.35124,1.35226,1.35115,1.35209,3282.00000
2026-09-04 14:45:00+00:00,1.35215,1.35237,1.35128,1.35143,3366.00000
2026-09-04 15:00:00+00:00,1.35144,1.35194,1.35105,1.35189,3373.00000
2026-09-04 15:15:00+00:00,1.35190,1.35239,1.35181,1.35207,2862.00000
2026-09-04 15:30:00+00:00,1.35209,1.35252,1.35198,1.35219,2516.00000
2026-09-04 15:45:00+00:00,1.35218,1.35251,1.35195,1.35204,2082.00000
2026-09-04 16:00:00+00:00,1.35205,1.35243,1.35195,1.35237,1648.00000
2026-09-04 16:15:00+00:00,1.35236,1.35248,1.35179,1.35185,1760.00000
2026-09-04 16:30:00+00:00,1.35186,1.35227,1.35180,1.35198,1138.00000
2026-09-04 16:45:00+00:00,1.35199,1.35217,1.35184,1.35200,1350.00000
2026-09-04 17:00:00+00:00,1.35199,1.35200,1.35123,1.35156,2214.00000
2026-09-04 17:15:00+00:00,1.35155,1.35177,1.35139,1.35145,1484.00000
2026-09-04 17:30:00+00:00,1.35144,1.35162,1.35129,1.35130,1466.00000
2026-09-04 17:45:00+00:00,1.35134,1.35143,1.35117,1.35137,1482.00000
2026-09-04 18:00:00+00:00,1.35141,1.35146,1.35118,1.35136,1286.00000
2026-09-04 18:15:00+00:00,1.35135,1.35139,1.35115,1.35128,1311.00000
2026-09-04 18:30:00+00:00,1.35129,1.35138,1.35111,1.35124,1186.00000
2026-09-04 18:45:00+00:00,1.35123,1.35142,1.35108,1.35138,1046.00000
2026-09-04 19:00:00+00:00,1.35137,1.35164,1.35134,1.35156,1018.00000
2026-09-04 19:15:00+00:00,1.35157,1.35189,1.35157,1.35186,950.00000
2026-09-04 19:30:00+00:00,1.35185,1.35218,1.35181,1.35217,1246.00000
2026-09-04 19:45:00+00:00,1.35218,1.35218,1.35182,1.35189,1030.00000
2026-09-04 20:00:00+00:00,1.35190,1.35197,1.35146,1.35159,463.00000
2026-09-04 20:15:00+00:00,1.35158,1.35182,1.35157,1.35174,310.00000
2026-09-04 20:30:00+00:00,1.35173,1.35175,1.35147,1.35152,361.00000
2026-09-04 20:45:00+00:00,1.35152,1.35178,1.35134,1.35168,923.00000
2026-09-06 21:00:00+00:00,1.35193,1.35195,1.35110,1.35116,52.00000
2026-09-06 21:15:00+00:00,1.35118,1.35205,1.35099,1.35205,38.00000
2026-09-06 21:30:00+00:00,1.35204,1.35220,1.35154,1.35154,168.00000
2026-09-06 21:45:00+00:00,1.35153,1.35221,1.35153,1.35200,469.00000
2026-09-06 22:00:00+00:00,1.35189,1.35189,1.35138,1.35153,475.00000
2026-09-06 22:15:00+00:00,1.35154,1.35162,1.35153,1.35157,285.00000
2026-09-06 22:30:00+00:00,1.35154,1.35156,1.35144,1.35149,213.00000
2026-09-06 22:45:00+00:00,1.35149,1.35166,1.35149,1.35162,209.00000
2026-09-06 23:00:00+00:00,1.35163,1.35190,1.35157,1.35186,303.00000
2026-09-06 23:15:00+00:00,1.35187,1.35188,1.35177,1.35184,194.00000
2026-09-06 23:30:00+00:00,1.35182,1.35199,1.35177,1.35197,452.00000
2026-09-06 23:45:00+00:00,1.35198,1.35199,1.35165,1.35169,822.00000
2026-09-07 00:00:00+00:00,1.35170,1.35192,1.35154,1.35183,2054.00000
2026-09-07 00:15:00+00:00,1.35184,1.35214,1.35167,1.35205,1654.00000
2026-09-07 00:30:00+00:00,1.35203,1.35222,1.35190,1.35215,1562.00000
2026-09-07 00:45:00+00:00,1.35216,1.35220,1.35186,1.35201,1392.00000
2026-09-07 01:00:00+00:00,1.35202,1.35205,1.35156,1.35170,1508.00000
2026-09-07 01:15:00+00:00,1.35173,1.35177,1.35127,1.35167,1582.00000
2026-09-07 01:30:00+00:00,1.35166,1.35169,1.35128,1.35138,1308.00000
2026-09-07 01:45:00+00:00,1.35139,1.35157,1.35119,1.35125,1304.00000
2026-09-07 02:00:00+00:00,1.35126,1.35127,1.35072,1.35074,1110.00000
2026-09-07 02:15:00+00:00,1.35073,1.35091,1.35067,1.35089,716.00000
2026-09-07 02:30:00+00:00,1.35092,1.35099,1.35065,1.35066,606.00000
2026-09-07 02:45:00+00:00,1.35067,1.35080,1.35055,1.35073,972.00000
2026-09-07 03:00:00+00:00,1.35075,1.35094,1.35070,1.35088,1110.00000
2026-09-07 03:15:00+00:00,1.35089,1.35126,1.35086,1.35125,796.00000
2026-09-07 03:30:00+00:00,1.35124,1.35125,1.35079,1.35086,640.00000
2026-09-07 03:45:00+00:00,1.35087,1.35113,1.35080,1.35113,726.00000
2026-09-07 04:00:00+00:00,1.35112,1.35116,1.35097,1.35109,758.00000
2026-09-07 04:15:00+00:00,1.35107,1.35110,1.35092,1.35099,516.00000
2026-09-07 04:30:00+00:00,1.35101,1.35103,1.35084,1.35096,756.00000
2026-09-07 04:45:00+00:00,1.35095,1.35127,1.35094,1.35121,986.00000
2026-09-07 05:00:00+00:00,1.35120,1.35128,1.35109,1.35109,736.00000
2026-09-07 05:15:00+00:00,1.35108,1.35128,1.35097,1.35125,740.00000
2026-09-07 05:30:00+00:00,1.35128,1.35143,1.35115,1.35139,862.00000
2026-09-07 05:45:00+00:00,1.35140,1.35195,1.35136,1.35188,1399.00000
2026-09-07 06:00:00+00:00,1.35189,1.35189,1.35135,1.35174,1432.00000
2026-09-07 06:15:00+00:00,1.35173,1.35268,1.35164,1.35261,1466.00000
2026-09-07 06:30:00+00:00,1.35260,1.35314,1.35255,1.35286,1742.00000
2026-09-07 06:45:00+00:00,1.35284,1.35295,1.35257,1.35262,1350.00000
2026-09-07 07:00:00+00:00,1.35264,1.35286,1.35222,1.35239,1880.00000
2026-09-07 07:15:00+00:00,1.35238,1.35267,1.35230,1.35250,1806.00000
2026-09-07 07:30:00+00:00,1.35251,1.35278,1.35226,1.35260,1626.00000
2026-09-07 07:45:00+00:00,1.35259,1.35340,1.35255,1.35328,2789.00000
2026-09-07 08:00:00+00:00,1.35329,1.35402,1.35303,1.35384,3044.00000
2026-09-07 08:15:00+00:00,1.35386,1.35452,1.35357,1.35414,2736.00000
2026-09-07 08:30:00+00:00,1.35416,1.35441,1.35349,1.35350,2267.00000
2026-09-07 08:45:00+00:00,1.35349,1.35368,1.35317,1.35356,1527.00000
2026-09-07 09:00:00+00:00,1.35355,1.35367,1.35328,1.35360,1414.00000
2026-09-07 09:15:00+00:00,1.35359,1.35408,1.35359,1.35397,1311.00000
2026-09-07 09:30:00+00:00,1.35396,1.35437,1.35365,1.35369,1034.00000
2026-09-07 09:45:00+00:00,1.35368,1.35390,1.35337,1.35359,1152.00000
2026-09-07 10:00:00+00:00,1.35358,1.35370,1.35336,1.35343,1212.00000
2026-09-07 10:15:00+00:00,1.35340,1.35388,1.35335,1.35355,916.00000
2026-09-07 10:30:00+00:00,1.35357,1.35398,1.35344,1.35389,968.00000
2026-09-07 10:45:00+00:00,1.35388,1.35409,1.35360,1.35387,1162.00000
2026-09-07 11:00:00+00:00,1.35386,1.35399,1.35349,1.35362,1348.00000
2026-09-07 11:15:00+00:00,1.35361,1.35373,1.35351,1.35360,1254.00000
2026-09-07 11:30:00+00:00,1.35357,1.35373,1.35341,1.35361,1434.00000
2026-09-07 11:45:00+00:00,1.35360,1.35374,1.35319,1.35322,1517.00000
2026-09-07 12:00:00+00:00,1.35323,1.35334,1.35294,1.35302,1389.00000
2026-09-07 12:15:00+00:00,1.35303,1.35358,1.35293,1.35357,1748.00000
2026-09-07 12:30:00+00:00,1.35358,1.35388,1.35351,1.35387,1634.00000
2026-09-07 12:45:00+00:00,1.35386,1.35393,1.35343,1.35376,1851.00000
2026-09-07 13:00:00+00:00,1.35375,1.35398,1.35360,1.35391,1260.00000
2026-09-07 13:15:00+00:00,1.35392,1.35392,1.35356,1.35367,1140.00000
2026-09-07 13:30:00+00:00,1.35365,1.35385,1.35357,1.35376,1210.00000
2026-09-07 13:45:00+00:00,1.35378,1.35402,1.35373,1.35388,1328.00000
2026-09-07 14:00:00+00:00,1.35387,1.35417,1.35364,1.35402,1744.00000
2026-09-07 14:15:00+00:00,1.35401,1.35429,1.35385,1.35395,2017.00000
2026-09-07 14:30:00+00:00,1.35396,1.35418,1.35383,1.35395,1286.00000
2026-09-07 14:45:00+00:00,1.35394,1.35462,1.35382,1.35457,1880.00000
2026-09-07 15:00:00+00:00,1.35459,1.35473,1.35415,1.35432,1802.00000
2026-09-07 15:15:00+00:00,1.35433,1.35449,1.35413,1.35434,1052.00000
2026-09-07 15:30:00+00:00,1.35435,1.35439,1.35408,1.35422,712.00000
2026-09-07 15:45:00+00:00,1.35423,1.35423,1.35394,1.35399,658.00000
2026-09-07 16:00:00+00:00,1.35398,1.35418,1.35386,1.35417,448.00000
2026-09-07 16:15:00+00:00,1.35418,1.35431,1.35405,1.35429,386.00000
2026-09-07 16:30:00+00:00,1.35428,1.35461,1.35428,1.35461,292.00000
2026-09-07 16:45:00+00:00,1.35460,1.35477,1.35460,1.35466,269.00000
2026-09-07 17:00:00+00:00,1.35465,1.35466,1.35435,1.35445,412.00000
2026-09-07 17:15:00+00:00,1.35444,1.35445,1.35422,1.35428,252.00000
2026-09-07 17:30:00+00:00,1.35429,1.35431,1.35424,1.35430,161.00000
2026-09-07 17:45:00+00:00,1.35429,1.35429,1.35418,1.35426,134.00000
2026-09-07 18:00:00+00:00,1.35425,1.35429,1.35416,1.35418,204.00000
2026-09-07 18:15:00+00:00,1.35417,1.35418,1.35406,1.35408,150.00000
2026-09-07 18:30:00+00:00,1.35409,1.35422,1.35407,1.35420,224.00000
2026-09-07 18:45:00+00:00,1.35421,1.35421,1.35407,1.35418,174.00000
2026-09-07 19:00:00+00:00,1.35419,1.35419,1.35406,1.35408,198.00000
2026-09-07 19:15:00+00:00,1.35409,1.35410,1.35396,1.35402,286.00000
2026-09-07 19:30:00+00:00,1.35401,1.35402,1.35389,1.35395,402.00000
2026-09-07 19:45:00+00:00,1.35394,1.35401,1.35393,1.35401,148.00000
2026-09-07 20:00:00+00:00,1.35398,1.35401,1.35396,1.35399,162.00000
2026-09-07 20:15:00+00:00,1.35399,1.35410,1.35399,1.35408,73.00000
2026-09-07 20:30:00+00:00,1.35407,1.35413,1.35404,1.35408,182.00000
2026-09-07 20:45:00+00:00,1.35408,1.35413,1.35401,1.35406,377.00000
2026-09-07 21:00:00+00:00,1.35393,1.35428,1.35302,1.35409,66.00000
2026-09-07 21:15:00+00:00,1.35408,1.35425,1.35368,1.35398,166.00000
2026-09-07 21:30:00+00:00,1.35411,1.35440,1.35394,1.35402,254.00000
2026-09-07 21:45:00+00:00,1.35401,1.35424,1.35371,1.35421,130.00000
2026-09-07 22:00:00+00:00,1.35437,1.35451,1.35395,1.35422,350.00000
2026-09-07 22:15:00+00:00,1.35422,1.35435,1.35415,1.35434,336.00000
2026-09-07 22:30:00+00:00,1.35434,1.35435,1.35411,1.35415,438.00000
2026-09-07 22:45:00+00:00,1.35415,1.35433,1.35412,1.35429,242.00000
2026-09-07 23:00:00+00:00,1.35432,1.35459,1.35430,1.35457,525.00000
2026-09-07 23:15:00+00:00,1.35458,1.35478,1.35441,1.35469,938.00000
2026-09-07 23:30:00+00:00,1.35468,1.35487,1.35458,1.35487,759.00000
2026-09-07 23:45:00+00:00,1.35488,1.35489,1.35452,1.35467,662.00000
2026-09-08 00:00:00+00:00,1.35469,1.35490,1.35414,1.35415,2202.00000
2026-09-08 00:15:00+00:00,1.35417,1.35452,1.35408,1.35447,1592.00000
2026-09-08 00:30:00+00:00,1.35448,1.35461,1.35428,1.35431,1130.00000
2026-09-08 00:45:00+00:00,1.35430,1.35453,1.35423,1.35426,1268.00000
2026-09-08 01:00:00+00:00,1.35427,1.35449,1.35409,1.35438,1740.00000
2026-09-08 01:15:00+00:00,1.35439,1.35499,1.35437,1.35476,1514.00000
2026-09-08 01:30:00+00:00,1.35477,1.35478,1.35435,1.35457,1394.00000
2026-09-08 01:45:00+00:00,1.35460,1.35483,1.35439,1.35483,1100.00000
2026-09-08 02:00:00+00:00,1.35484,1.35490,1.35422,1.35429,1716.00000
2026-09-08 02:15:00+00:00,1.35431,1.35459,1.35388,1.35404,1672.00000
2026-09-08 02:30:00+00:00,1.35403,1.35407,1.35349,1.35374,1520.00000
2026-09-08 02:45:00+00:00,1.35375,1.35378,1.35343,1.35344,954.00000
2026-09-08 03:00:00+00:00,1.35343,1.35368,1.35337,1.35362,858.00000
2026-09-08 03:15:00+00:00,1.35361,1.35387,1.35355,1.35379,572.00000
2026-09-08 03:30:00+00:00,1.35378,1.35392,1.35360,1.35390,728.00000
2026-09-08 03:45:00+00:00,1.35389,1.35404,1.35364,1.35378,900.00000
2026-09-08 04:00:00+00:00,1.35380,1.35388,1.35367,1.35369,968.00000
2026-09-08 04:15:00+00:00,1.35370,1.35389,1.35357,1.35368,822.00000
2026-09-08 04:30:00+00:00,1.35369,1.35384,1.35358,1.35384,902.00000
2026-09-08 04:45:00+00:00,1.35383,1.35402,1.35374,1.35399,840.00000
2026-09-08 05:00:00+00:00,1.35400,1.35409,1.35396,1.35398,860.00000
2026-09-08 05:15:00+00:00,1.35397,1.35420,1.35375,1.35375,1024.00000
2026-09-08 05:30:00+00:00,1.35374,1.35410,1.35368,1.35409,1342.00000
2026-09-08 05:45:00+00:00,1.35408,1.35439,1.35388,1.35437,1452.00000
2026-09-08 06:00:00+00:00,1.35439,1.35528,1.35431,1.35452,2103.00000
2026-09-08 06:15:00+00:00,1.35447,1.35453,1.35356,1.35374,2504.00000
2026-09-08 06:30:00+00:00,1.35376,1.35420,1.35353,1.35403,2000.00000
2026-09-08 06:45:00+00:00,1.35406,1.35408,1.35364,1.35368,1902.00000
2026-09-08 07:00:00+00:00,1.35367,1.35419,1.35344,1.35407,2248.00000
2026-09-08 07:15:00+00:00,1.35395,1.35399,1.35330,1.35346,2022.00000
2026-09-08 07:30:00+00:00,1.35345,1.35385,1.35263,1.35297,2140.00000
2026-09-08 07:45:00+00:00,1.35296,1.35329,1.35279,1.35315,1710.00000
2026-09-08 08:00:00+00:00,1.35314,1.35357,1.35253,1.35253,2699.00000
2026-09-08 08:15:00+00:00,1.35254,1.35310,1.35222,1.35290,2368.00000
2026-09-08 08:30:00+00:00,1.35292,1.35329,1.35269,1.35269,1718.00000
2026-09-08 08:45:00+00:00,1.35265,1.35302,1.35229,1.35255,2372.00000
2026-09-08 09:00:00+00:00,1.35254,1.35310,1.35231,1.35251,2208.00000
2026-09-08 09:15:00+00:00,1.35250,1.35262,1.35235,1.35255,1424.00000
2026-09-08 09:30:00+00:00,1.35257,1.35343,1.35252,1.35288,2036.00000
2026-09-08 09:45:00+00:00,1.35289,1.35318,1.35263,1.35306,1476.00000
2026-09-08 10:00:00+00:00,1.35305,1.35309,1.35252,1.35290,1252.00000
2026-09-08 10:15:00+00:00,1.35289,1.35377,1.35277,1.35297,1692.00000
2026-09-08 10:30:00+00:00,1.35295,1.35297,1.35216,1.35229,1182.00000
2026-09-08 10:45:00+00:00,1.35230,1.35298,1.35229,1.35279,1364.00000
2026-09-08 11:00:00+00:00,1.35281,1.35298,1.35224,1.35248,2221.00000
2026-09-08 11:15:00+00:00,1.35249,1.35362,1.35240,1.35356,1932.00000
2026-09-08 11:30:00+00:00,1.35355,1.35429,1.35349,1.35372,1850.00000
2026-09-08 11:45:00+00:00,1.35373,1.35460,1.35338,1.35448,2200.00000
2026-09-08 12:00:00+00:00,1.35447,1.35477,1.35427,1.35456,2104.00000
2026-09-08 12:15:00+00:00,1.35455,1.35518,1.35421,1.35515,2433.00000
2026-09-08 12:30:00+00:00,1.35516,1.35530,1.35473,1.35506,2432.00000
2026-09-08 12:45:00+00:00,1.35505,1.35557,1.35490,1.35543,2443.00000
2026-09-08 13:00:00+00:00,1.35544,1.35601,1.35513,1.35563,2688.00000
2026-09-08 13:15:00+00:00,1.35564,1.35620,1.35538,1.35543,2246.00000
2026-09-08 13:30:00+00:00,1.35544,1.35560,1.35500,1.35524,2586.00000
2026-09-08 13:45:00+00:00,1.35523,1.35534,1.35477,1.35518,2696.00000
2026-09-08 14:00:00+00:00,1.35516,1.35535,1.35425,1.35435,2516.00000
2026-09-08 14:15:00+00:00,1.35437,1.35540,1.35435,1.35528,1986.00000
2026-09-08 14:30:00+00:00,1.35529,1.35566,1.35520,1.35546,2385.00000
2026-09-08 14:45:00+00:00,1.35547,1.35566,1.35479,1.35529,2380.00000
2026-09-08 15:00:00+00:00,1.35528,1.35549,1.35486,1.35496,2140.00000
2026-09-08 15:15:00+00:00,1.35497,1.35519,1.35463,1.35469,2054.00000
2026-09-08 15:30:00+00:00,1.35470,1.35486,1.35412,1.35419,1596.00000
2026-09-08 15:45:00+00:00,1.35420,1.35427,1.35394,1.35407,1484.00000
2026-09-08 16:00:00+00:00,1.35406,1.35417,1.35333,1.35345,1234.00000
2026-09-08 16:15:00+00:00,1.35344,1.35361,1.35329,1.35348,1645.00000
2026-09-08 16:30:00+00:00,1.35347,1.35364,1.35311,1.35320,1178.00000
2026-09-08 16:45:00+00:00,1.35321,1.35365,1.35306,1.35365,1552.00000
2026-09-08 17:00:00+00:00,1.35366,1.35397,1.35363,1.35380,1710.00000
2026-09-08 17:15:00+00:00,1.35379,1.35393,1.35359,1.35379,816.00000
2026-09-08 17:30:00+00:00,1.35381,1.35389,1.35364,1.35368,652.00000
2026-09-08 17:45:00+00:00,1.35370,1.35426,1.35370,1.35418,650.00000
2026-09-08 18:00:00+00:00,1.35420,1.35430,1.35404,1.35416,980.00000
2026-09-08 18:15:00+00:00,1.35415,1.35449,1.35395,1.35448,1174.00000
2026-09-08 18:30:00+00:00,1.35449,1.35498,1.35444,1.35496,942.00000
2026-09-08 18:45:00+00:00,1.35495,1.35506,1.35390,1.35468,3326.00000
2026-09-08 19:00:00+00:00,1.35467,1.35476,1.35425,1.35437,1848.00000
2026-09-08 19:15:00+00:00,1.35438,1.35446,1.35415,1.35421,1437.00000
2026-09-08 19:30:00+00:00,1.35422,1.35434,1.35406,1.35427,1170.00000
2026-09-08 19:45:00+00:00,1.35428,1.35428,1.35378,1.35395,1382.00000
2026-09-08 20:00:00+00:00,1.35396,1.35417,1.35376,1.35386,597.00000
2026-09-08 20:15:00+00:00,1.35387,1.35420,1.35374,1.35382,371.00000
2026-09-08 20:30:00+00:00,1.35380,1.35417,1.35374,1.35412,350.00000
2026-09-08 20:45:00+00:00,1.35410,1.35413,1.35394,1.35394,363.00000
2026-09-08 21:00:00+00:00,1.35405,1.35405,1.35313,1.35350,84.00000
2026-09-08 21:15:00+00:00,1.35352,1.35358,1.35347,1.35352,60.00000
2026-09-08 21:30:00+00:00,1.35354,1.35362,1.35312,1.35350,114.00000
2026-09-08 21:45:00+00:00,1.35351,1.35371,1.35349,1.35354,166.00000
2026-09-08 22:00:00+00:00,1.35363,1.35413,1.35363,1.35405,248.00000
2026-09-08 22:15:00+00:00,1.35406,1.35418,1.35404,1.35418,253.00000
2026-09-08 22:30:00+00:00,1.35419,1.35421,1.35400,1.35402,247.00000
2026-09-08 22:45:00+00:00,1.35403,1.35415,1.35402,1.35407,160.00000
2026-09-08 23:00:00+00:00,1.35405,1.35420,1.35405,1.35417,237.00000
2026-09-08 23:15:00+00:00,1.35416,1.35424,1.35408,1.35419,208.00000
2026-09-08 23:30:00+00:00,1.35418,1.35431,1.35403,1.35425,487.00000
2026-09-08 23:45:00+00:00,1.35426,1.35442,1.35420,1.35437,794.00000
2026-09-09 00:00:00+00:00,1.35439,1.35475,1.35438,1.35461,1622.00000
2026-09-09 00:15:00+00:00,1.35460,1.35473,1.35450,1.35467,1406.00000
2026-09-09 00:30:00+00:00,1.35466,1.35467,1.35434,1.35449,1226.00000
2026-09-09 00:45:00+00:00,1.35450,1.35482,1.35443,1.35481,1284.00000
2026-09-09 01:00:00+00:00,1.35482,1.35483,1.35429,1.35467,1673.00000
2026-09-09 01:15:00+00:00,1.35465,1.35479,1.35429,1.35437,1144.00000
2026-09-09 01:30:00+00:00,1.35436,1.35437,1.35416,1.35423,938.00000
2026-09-09 01:45:00+00:00,1.35422,1.35466,1.35422,1.35463,1162.00000
2026-09-09 02:00:00+00:00,1.35462,1.35462,1.35417,1.35436,1176.00000
2026-09-09 02:15:00+00:00,1.35435,1.35441,1.35414,1.35420,828.00000
2026-09-09 02:30:00+00:00,1.35421,1.35442,1.35416,1.35439,838.00000
2026-09-09 02:45:00+00:00,1.35438,1.35472,1.35438,1.35469,938.00000
2026-09-09 03:00:00+00:00,1.35468,1.35474,1.35449,1.35458,1014.00000
2026-09-09 03:15:00+00:00,1.35459,1.35463,1.35445,1.35452,794.00000
2026-09-09 03:30:00+00:00,1.35453,1.35479,1.35440,1.35475,806.00000
2026-09-09 03:45:00+00:00,1.35476,1.35489,1.35445,1.35450,896.00000
2026-09-09 04:00:00+00:00,1.35451,1.35470,1.35444,1.35465,820.00000
2026-09-09 04:15:00+00:00,1.35466,1.35492,1.35453,1.35481,890.00000
2026-09-09 04:30:00+00:00,1.35482,1.35489,1.35466,1.35476,744.00000
2026-09-09 04:45:00+00:00,1.35477,1.35506,1.35468,1.35503,640.00000
2026-09-09 05:00:00+00:00,1.35504,1.35526,1.35491,1.35517,828.00000
2026-09-09 05:15:00+00:00,1.35516,1.35547,1.35504,1.35537,798.00000
2026-09-09 05:30:00+00:00,1.35539,1.35547,1.35503,1.35503,1156.00000
2026-09-09 05:45:00+00:00,1.35502,1.35532,1.35483,1.35515,1478.00000
2026-09-09 06:00:00+00:00,1.35517,1.35574,1.35517,1.35567,2152.00000
2026-09-09 06:15:00+00:00,1.35566,1.35628,1.35564,1.35585,2346.00000
2026-09-09 06:30:00+00:00,1.35586,1.35619,1.35560,1.35565,1874.00000
2026-09-09 06:45:00+00:00,1.35564,1.35600,1.35561,1.35592,1534.00000
2026-09-09 07:00:00+00:00,1.35591,1.35671,1.35589,1.35658,2026.00000
2026-09-09 07:15:00+00:00,1.35659,1.35680,1.35592,1.35613,1820.00000
2026-09-09 07:30:00+00:00,1.35612,1.35638,1.35581,1.35635,1652.00000
2026-09-09 07:45:00+00:00,1.35636,1.35652,1.35564,1.35591,2108.00000
2026-09-09 08:00:00+00:00,1.35592,1.35594,1.35461,1.35493,2013.00000
2026-09-09 08:15:00+00:00,1.35490,1.35518,1.35446,1.35460,1362.00000
2026-09-09 08:30:00+00:00,1.35462,1.35480,1.35433,1.35449,1576.00000
2026-09-09 08:45:00+00:00,1.35453,1.35469,1.35421,1.35429,1376.00000
2026-09-09 09:00:00+00:00,1.35427,1.35446,1.35409,1.35427,1476.00000
2026-09-09 09:15:00+00:00,1.35426,1.35485,1.35424,1.35475,1600.00000
2026-09-09 09:30:00+00:00,1.35476,1.35476,1.35414,1.35431,1768.00000
2026-09-09 09:45:00+00:00,1.35430,1.35436,1.35324,1.35331,1749.00000
2026-09-09 10:00:00+00:00,1.35330,1.35374,1.35305,1.35327,1962.00000
2026-09-09 10:15:00+00:00,1.35326,1.35371,1.35307,1.35361,1536.00000
2026-09-09 10:30:00+00:00,1.35360,1.35420,1.35343,1.35390,1472.00000
2026-09-09 10:45:00+00:00,1.35389,1.35423,1.35343,1.35366,1252.00000
2026-09-09 11:00:00+00:00,1.35363,1.35404,1.35351,1.35389,1732.00000
2026-09-09 11:15:00+00:00,1.35392,1.35646,1.35392,1.35646,2064.00000
2026-09-09 11:30:00+00:00,1.35649,1.35658,1.35574,1.35584,2610.00000
2026-09-09 11:45:00+00:00,1.35585,1.35665,1.35571,1.35612,2546.00000
2026-09-09 12:00:00+00:00,1.35614,1.35663,1.35602,1.35614,2918.00000
2026-09-09 12:15:00+00:00,1.35613,1.35620,1.35552,1.35552,2132.00000
2026-09-09 12:30:00+00:00,1.35553,1.35567,1.35517,1.35518,1988.00000
2026-09-09 12:45:00+00:00,1.35521,1.35564,1.35475,1.35509,1934.00000
2026-09-09 13:00:00+00:00,1.35511,1.35579,1.35502,1.35569,2196.00000
2026-09-09 13:15:00+00:00,1.35567,1.35568,1.35492,1.35522,2575.00000
2026-09-09 13:30:00+00:00,1.35521,1.35598,1.35518,1.35595,3154.00000
2026-09-09 13:45:00+00:00,1.35597,1.35618,1.35551,1.35583,2888.00000
2026-09-09 14:00:00+00:00,1.35584,1.35640,1.35567,1.35626,2824.00000
2026-09-09 14:15:00+00:00,1.35628,1.35629,1.35577,1.35627,3492.00000
2026-09-09 14:30:00+00:00,1.35626,1.35628,1.35586,1.35591,2106.00000
2026-09-09 14:45:00+00:00,1.35592,1.35630,1.35586,1.35625,2526.00000
2026-09-09 15:00:00+00:00,1.35626,1.35651,1.35390,1.35411,5507.00000
2026-09-09 15:15:00+00:00,1.35409,1.35460,1.35346,1.35457,4199.00000
2026-09-09 15:30:00+00:00,1.35456,1.35550,1.35415,1.35498,3031.00000
2026-09-09 15:45:00+00:00,1.35499,1.35512,1.35455,1.35470,2395.00000
2026-09-09 16:00:00+00:00,1.35469,1.35555,1.35469,1.35486,2496.00000
2026-09-09 16:15:00+00:00,1.35487,1.35496,1.35450,1.35468,2288.00000
2026-09-09 16:30:00+00:00,1.35469,1.35509,1.35464,1.35505,1918.00000
2026-09-09 16:45:00+00:00,1.35504,1.35558,1.35503,1.35517,1476.00000
2026-09-09 17:00:00+00:00,1.35516,1.35584,1.35513,1.35567,2386.00000
2026-09-09 17:15:00+00:00,1.35566,1.35607,1.35562,1.35598,1350.00000
2026-09-09 17:30:00+00:00,1.35596,1.35606,1.35564,1.35595,1418.00000
2026-09-09 17:45:00+00:00,1.35596,1.35601,1.35577,1.35586,898.00000
2026-09-09 18:00:00+00:00,1.35587,1.35599,1.35575,1.35584,1248.00000
2026-09-09 18:15:00+00:00,1.35583,1.35584,1.35544,1.35551,1138.00000
2026-09-09 18:30:00+00:00,1.35552,1.35553,1.35496,1.35502,1294.00000
2026-09-09 18:45:00+00:00,1.35500,1.35504,1.35445,1.35456,1406.00000
2026-09-09 19:00:00+00:00,1.35457,1.35467,1.35417,1.35427,1168.00000
2026-09-09 19:15:00+00:00,1.35428,1.35451,1.35423,1.35425,926.00000
2026-09-09 19:30:00+00:00,1.35424,1.35451,1.35418,1.35450,980.00000
2026-09-09 19:45:00+00:00,1.35451,1.35477,1.35443,1.35459,1220.00000
2026-09-09 20:00:00+00:00,1.35458,1.35460,1.35431,1.35436,334.00000
2026-09-09 20:15:00+00:00,1.35437,1.35450,1.35416,1.35448,266.00000
2026-09-09 20:30:00+00:00,1.35450,1.35468,1.35448,1.35463,306.00000
2026-09-09 20:45:00+00:00,1.35462,1.35479,1.35457,1.35466,406.00000
2026-09-09 21:00:00+00:00,1.35479,1.35580,1.35414,1.35559,1637.00000
2026-09-09 21:15:00+00:00,1.35557,1.35565,1.35447,1.35470,1423.00000
2026-09-09 21:30:00+00:00,1.35495,1.35542,1.35435,1.35453,812.00000
2026-09-09 21:45:00+00:00,1.35481,1.35512,1.35434,1.35509,1064.00000
2026-09-09 22:00:00+00:00,1.35488,1.35499,1.35456,1.35492,227.00000
2026-09-09 22:15:00+00:00,1.35495,1.35519,1.35495,1.35512,237.00000
2026-09-09 22:30:00+00:00,1.35511,1.35515,1.35498,1.35513,232.00000
2026-09-09 22:45:00+00:00,1.35512,1.35522,1.35506,1.35519,218.00000
2026-09-09 23:00:00+00:00,1.35520,1.35527,1.35513,1.35527,202.00000
2026-09-09 23:15:00+00:00,1.35527,1.35528,1.35513,1.35521,172.00000
2026-09-09 23:30:00+00:00,1.35522,1.35528,1.35506,1.35519,204.00000
2026-09-09 23:45:00+00:00,1.35520,1.35521,1.35487,1.35496,578.00000
2026-09-10 00:00:00+00:00,1.35497,1.35502,1.35457,1.35480,1754.00000
2026-09-10 00:15:00+00:00,1.35481,1.35492,1.35453,1.35454,1339.00000
2026-09-10 00:30:00+00:00,1.35455,1.35480,1.35446,1.35478,896.00000
2026-09-10 00:45:00+00:00,1.35476,1.35499,1.35455,1.35455,1570.00000
2026-09-10 01:00:00+00:00,1.35456,1.35506,1.35452,1.35498,1596.00000
2026-09-10 01:15:00+00:00,1.35497,1.35517,1.35473,1.35473,1642.00000
2026-09-10 01:30:00+00:00,1.35472,1.35495,1.35462,1.35493,1556.00000
2026-09-10 01:45:00+00:00,1.35492,1.35580,1.35490,1.35576,1568.00000
2026-09-10 02:00:00+00:00,1.35575,1.35603,1.35561,1.35565,1176.00000
2026-09-10 02:15:00+00:00,1.35566,1.35567,1.35543,1.35547,680.00000
2026-09-10 02:30:00+00:00,1.35548,1.35567,1.35523,1.35553,776.00000
2026-09-10 02:45:00+00:00,1.35554,1.35596,1.35546,1.35596,884.00000
2026-09-10 03:00:00+00:00,1.35597,1.35598,1.35547,1.35552,766.00000
2026-09-10 03:15:00+00:00,1.35553,1.35561,1.35542,1.35556,900.00000
2026-09-10 03:30:00+00:00,1.35555,1.35560,1.35540,1.35546,1140.00000
2026-09-10 03:45:00+00:00,1.35547,1.35568,1.35542,1.35567,734.00000
2026-09-10 04:00:00+00:00,1.35568,1.35573,1.35549,1.35564,702.00000
2026-09-10 04:15:00+00:00,1.35563,1.35571,1.35546,1.35547,658.00000
2026-09-10 04:30:00+00:00,1.35546,1.35565,1.35545,1.35546,800.00000
2026-09-10 04:45:00+00:00,1.35545,1.35547,1.35525,1.35534,732.00000
2026-09-10 05:00:00+00:00,1.35535,1.35551,1.35520,1.35537,1100.00000
2026-09-10 05:15:00+00:00,1.35540,1.35553,1.35534,1.35553,704.00000
2026-09-10 05:30:00+00:00,1.35554,1.35565,1.35523,1.35526,1196.00000
2026-09-10 05:45:00+00:00,1.35525,1.35584,1.35525,1.35583,1212.00000
2026-09-10 06:00:00+00:00,1.35582,1.35594,1.35546,1.35549,1574.00000
2026-09-10 06:15:00+00:00,1.35548,1.35568,1.35544,1.35563,1658.00000
2026-09-10 06:30:00+00:00,1.35566,1.35577,1.35542,1.35553,1256.00000
2026-09-10 06:45:00+00:00,1.35554,1.35578,1.35546,1.35572,1326.00000
2026-09-10 07:00:00+00:00,1.35571,1.35573,1.35510,1.35534,1656.00000
2026-09-10 07:15:00+00:00,1.35533,1.35558,1.35521,1.35535,1424.00000
2026-09-10 07:30:00+00:00,1.35536,1.35568,1.35526,1.35551,1378.00000
2026-09-10 07:45:00+00:00,1.35552,1.35562,1.35520,1.35538,1366.00000
2026-09-10 08:00:00+00:00,1.35537,1.35540,1.35475,1.35486,1472.00000
2026-09-10 08:15:00+00:00,1.35488,1.35511,1.35472,1.35495,1332.00000
2026-09-10 08:30:00+00:00,1.35494,1.35526,1.35472,1.35507,1398.00000
2026-09-10 08:45:00+00:00,1.35506,1.35568,1.35500,1.35567,1580.00000
2026-09-10 09:00:00+00:00,1.35566,1.35577,1.35528,1.35566,1440.00000
2026-09-10 09:15:00+00:00,1.35565,1.35569,1.35496,1.35500,1300.00000
2026-09-10 09:30:00+00:00,1.35501,1.35502,1.35417,1.35452,1562.00000
2026-09-10 09:45:00+00:00,1.35455,1.35496,1.35432,1.35495,1508.00000
2026-09-10 10:00:00+00:00,1.35494,1.35528,1.35481,1.35497,1184.00000
2026-09-10 10:15:00+00:00,1.35496,1.35511,1.35420,1.35423,1397.00000
2026-09-10 10:30:00+00:00,1.35422,1.35424,1.35362,1.35376,2132.00000
2026-09-10 10:45:00+00:00,1.35375,1.35432,1.35371,1.35394,2258.00000
2026-09-10 11:00:00+00:00,1.35392,1.35394,1.35295,1.35327,1979.00000
2026-09-10 11:15:00+00:00,1.35326,1.35351,1.35311,1.35317,2056.00000
2026-09-10 11:30:00+00:00,1.35318,1.35364,1.35308,1.35326,1866.00000
2026-09-10 11:45:00+00:00,1.35327,1.35347,1.35261,1.35288,2241.00000
2026-09-10 12:00:00+00:00,1.35286,1.35305,1.35192,1.35207,2710.00000
2026-09-10 12:15:00+00:00,1.35206,1.35233,1.35142,1.35227,3211.00000
2026-09-10 12:30:00+00:00,1.35228,1.35291,1.34914,1.35007,5669.00000
2026-09-10 12:45:00+00:00,1.35004,1.35118,1.35000,1.35112,4555.00000
2026-09-10 13:00:00+00:00,1.35113,1.35120,1.34986,1.34995,4662.00000
2026-09-10 13:15:00+00:00,1.34994,1.35057,1.34963,1.35015,4464.00000
2026-09-10 13:30:00+00:00,1.35017,1.35173,1.34993,1.35152,4866.00000
2026-09-10 13:45:00+00:00,1.35153,1.35206,1.35143,1.35156,3172.00000
2026-09-10 14:00:00+00:00,1.35157,1.35207,1.35134,1.35153,3328.00000
2026-09-10 14:15:00+00:00,1.35154,1.35239,1.35128,1.35179,3950.00000
2026-09-10 14:30:00+00:00,1.35178,1.35255,1.35165,1.35229,2842.00000
2026-09-10 14:45:00+00:00,1.35230,1.35308,1.35229,1.35305,2750.00000
2026-09-10 15:00:00+00:00,1.35304,1.35344,1.35252,1.35285,3416.00000
2026-09-10 15:15:00+00:00,1.35283,1.35334,1.35272,1.35278,2283.00000
2026-09-10 15:30:00+00:00,1.35282,1.35327,1.35265,1.35316,2270.00000
2026-09-10 15:45:00+00:00,1.35315,1.35335,1.35263,1.35310,1930.00000
2026-09-10 16:00:00+00:00,1.35309,1.35323,1.35248,1.35273,2412.00000
2026-09-10 16:15:00+00:00,1.35272,1.35318,1.35253,1.35301,1966.00000
2026-09-10 16:30:00+00:00,1.35299,1.35312,1.35225,1.35241,2456.00000
2026-09-10 16:45:00+00:00,1.35242,1.35253,1.35220,1.35236,1782.00000
2026-09-10 17:00:00+00:00,1.35235,1.35286,1.35198,1.35285,2506.00000
2026-09-10 17:15:00+00:00,1.35284,1.35307,1.35265,1.35293,1524.00000
2026-09-10 17:30:00+00:00,1.35294,1.35299,1.35246,1.35250,1234.00000
2026-09-10 17:45:00+00:00,1.35249,1.35250,1.35202,1.35211,1324.00000
2026-09-10 18:00:00+00:00,1.35210,1.35212,1.35118,1.35124,1958.00000
2026-09-10 18:15:00+00:00,1.35123,1.35173,1.35115,1.35154,1786.00000
2026-09-10 18:30:00+00:00,1.35153,1.35156,1.35112,1.35137,1666.00000
2026-09-10 18:45:00+00:00,1.35136,1.35159,1.35104,1.35136,2143.00000
2026-09-10 19:00:00+00:00,1.35135,1.35136,1.35073,1.35088,2054.00000
2026-09-10 19:15:00+00:00,1.35087,1.35118,1.35083,1.35109,1436.00000
2026-09-10 19:30:00+00:00,1.35110,1.35120,1.35093,1.35104,1710.00000
2026-09-10 19:45:00+00:00,1.35105,1.35112,1.35082,1.35096,1340.00000
2026-09-10 20:00:00+00:00,1.35095,1.35096,1.35080,1.35088,526.00000
2026-09-10 20:15:00+00:00,1.35087,1.35087,1.35046,1.35062,532.00000
2026-09-10 20:30:00+00:00,1.35063,1.35107,1.35062,1.35077,422.00000
2026-09-10 20:45:00+00:00,1.35078,1.35118,1.35077,1.35110,597.00000
2026-09-10 21:00:00+00:00,1.35114,1.35140,1.35018,1.35091,148.00000
2026-09-10 21:15:00+00:00,1.35092,1.35119,1.35056,1.35115,322.00000
2026-09-10 21:30:00+00:00,1.35134,1.35147,1.35084,1.35125,297.00000
2026-09-10 21:45:00+00:00,1.35129,1.35147,1.35075,1.35084,282.00000
2026-09-10 22:00:00+00:00,1.35076,1.35141,1.35076,1.35110,345.00000
2026-09-10 22:15:00+00:00,1.35110,1.35125,1.35105,1.35111,291.00000
2026-09-10 22:30:00+00:00,1.35111,1.35120,1.35103,1.35109,266.00000
2026-09-10 22:45:00+00:00,1.35109,1.35128,1.35109,1.35117,232.00000
2026-09-10 23:00:00+00:00,1.35117,1.35127,1.35092,1.35101,533.00000
2026-09-10 23:15:00+00:00,1.35102,1.35109,1.35088,1.35091,531.00000
2026-09-10 23:30:00+00:00,1.35090,1.35100,1.35082,1.35099,572.00000
2026-09-10 23:45:00+00:00,1.35098,1.35104,1.35085,1.35103,892.00000
2026-09-11 00:00:00+00:00,1.35104,1.35149,1.35100,1.35118,2072.00000
2026-09-11 00:15:00+00:00,1.35119,1.35143,1.35109,1.35131,1717.00000
2026-09-11 00:30:00+00:00,1.35130,1.35151,1.35121,1.35140,1175.00000
2026-09-11 00:45:00+00:00,1.35139,1.35159,1.35128,1.35157,1413.00000
2026-09-11 01:00:00+00:00,1.35158,1.35165,1.35139,1.35147,1863.00000
2026-09-11 01:15:00+00:00,1.35143,1.35160,1.35121,1.35128,1630.00000
2026-09-11 01:30:00+00:00,1.35127,1.35144,1.35111,1.35120,2017.00000
2026-09-11 01:45:00+00:00,1.35119,1.35121,1.35069,1.35087,1720.00000
2026-09-11 02:00:00+00:00,1.35086,1.35090,1.35045,1.35072,1512.00000
2026-09-11 02:15:00+00:00,1.35070,1.35072,1.35023,1.35024,1031.00000
2026-09-11 02:30:00+00:00,1.35023,1.35043,1.35006,1.35029,1710.00000
2026-09-11 02:45:00+00:00,1.35030,1.35052,1.35029,1.35038,1263.00000
2026-09-11 03:00:00+00:00,1.35037,1.35046,1.35001,1.35028,1275.00000
2026-09-11 03:15:00+00:00,1.35028,1.35032,1.34974,1.34975,1094.00000
2026-09-11 03:30:00+00:00,1.34976,1.34990,1.34956,1.34981,1202.00000
2026-09-11 03:45:00+00:00,1.34982,1.35016,1.34966,1.34997,1185.00000
2026-09-11 04:00:00+00:00,1.34998,1.35064,1.34985,1.35051,1900.00000
2026-09-11 04:15:00+00:00,1.35050,1.35070,1.35046,1.35056,1523.00000
2026-09-11 04:30:00+00:00,1.35055,1.35064,1.35030,1.35048,1062.00000
2026-09-11 04:45:00+00:00,1.35049,1.35054,1.35026,1.35028,1058.00000
2026-09-11 05:00:00+00:00,1.35029,1.35072,1.35019,1.35071,1665.00000
2026-09-11 05:15:00+00:00,1.35070,1.35098,1.35063,1.35079,1406.00000
2026-09-11 05:30:00+00:00,1.35081,1.35142,1.35081,1.35133,1841.00000
2026-09-11 05:45:00+00:00,1.35134,1.35140,1.35098,1.35103,1569.00000
2026-09-11 06:00:00+00:00,1.35103,1.35243,1.35103,1.35232,2546.00000
2026-09-11 06:15:00+00:00,1.35233,1.35263,1.35209,1.35239,2318.00000
2026-09-11 06:30:00+00:00,1.35236,1.35261,1.35187,1.35232,2461.00000
2026-09-11 06:45:00+00:00,1.35228,1.35266,1.35225,1.35247,1579.00000
2026-09-11 07:00:00+00:00,1.35246,1.35263,1.35183,1.35206,2151.00000
2026-09-11 07:15:00+00:00,1.35207,1.35245,1.35182,1.35198,1854.00000
2026-09-11 07:30:00+00:00,1.35199,1.35218,1.35166,1.35172,1886.00000
2026-09-11 07:45:00+00:00,1.35171,1.35177,1.35138,1.35158,1602.00000
2026-09-11 08:00:00+00:00,1.35157,1.35165,1.35105,1.35133,2189.00000
2026-09-11 08:15:00+00:00,1.35134,1.35175,1.35092,1.35099,2105.00000
2026-09-11 08:30:00+00:00,1.35100,1.35119,1.35069,1.35102,1979.00000
2026-09-11 08:45:00+00:00,1.35101,1.35117,1.35055,1.35059,1738.00000
2026-09-11 09:00:00+00:00,1.35061,1.35097,1.34977,1.35030,2033.00000
2026-09-11 09:15:00+00:00,1.35029,1.35150,1.35020,1.35090,1444.00000
2026-09-11 09:30:00+00:00,1.35092,1.35092,1.35050,1.35083,1468.00000
2026-09-11 09:45:00+00:00,1.35082,1.35098,1.35037,1.35088,1637.00000
2026-09-11 10:00:00+00:00,1.35090,1.35132,1.35064,1.35097,1843.00000
2026-09-11 10:15:00+00:00,1.35097,1.35097,1.35042,1.35051,1737.00000
2026-09-11 10:30:00+00:00,1.35053,1.35061,1.35011,1.35031,1624.00000
2026-09-11 10:45:00+00:00,1.35032,1.35061,1.35019,1.35052,1936.00000
2026-09-11 11:00:00+00:00,1.35053,1.35103,1.35043,1.35089,2028.00000
2026-09-11 11:15:00+00:00,1.35088,1.35103,1.35058,1.35066,2087.00000
2026-09-11 11:30:00+00:00,1.35067,1.35083,1.35038,1.35063,1642.00000
2026-09-11 11:45:00+00:00,1.35064,1.35082,1.35019,1.35037,1690.00000
2026-09-11 12:00:00+00:00,1.35038,1.35121,1.35038,1.35113,2508.00000
2026-09-11 12:15:00+00:00,1.35114,1.35171,1.35096,1.35159,3009.00000
2026-09-11 12:30:00+00:00,1.35157,1.35177,1.34797,1.35084,7757.00000
2026-09-11 12:45:00+00:00,1.35085,1.35241,1.35083,1.35240,5749.00000
2026-09-11 13:00:00+00:00,1.35238,1.35293,1.35167,1.35217,4648.00000
2026-09-11 13:15:00+00:00,1.35216,1.35250,1.35138,1.35203,4053.00000
2026-09-11 13:30:00+00:00,1.35202,1.35286,1.35167,1.35199,5224.00000
2026-09-11 13:45:00+00:00,1.35201,1.35348,1.35191,1.35318,3613.00000
2026-09-11 14:00:00+00:00,1.35314,1.35345,1.35230,1.35268,4271.00000
2026-09-11 14:15:00+00:00,1.35267,1.35304,1.35243,1.35249,2936.00000
2026-09-11 14:30:00+00:00,1.35248,1.35279,1.35219,1.35243,3231.00000
2026-09-11 14:45:00+00:00,1.35242,1.35311,1.35240,1.35294,3972.00000
2026-09-11 15:00:00+00:00,1.35297,1.35311,1.35236,1.35256,3042.00000
2026-09-11 15:15:00+00:00,1.35255,1.35284,1.35229,1.35234,2466.00000
2026-09-11 15:30:00+00:00,1.35233,1.35238,1.35190,1.35210,2022.00000
2026-09-11 15:45:00+00:00,1.35209,1.35214,1.35178,1.35204,2284.00000
2026-09-11 16:00:00+00:00,1.35205,1.35238,1.35203,1.35212,2037.00000
2026-09-11 16:15:00+00:00,1.35213,1.35259,1.35208,1.35219,2008.00000
2026-09-11 16:30:00+00:00,1.35221,1.35248,1.35198,1.35214,2289.00000
2026-09-11 16:45:00+00:00,1.35215,1.35247,1.35203,1.35233,1478.00000
2026-09-11 17:00:00+00:00,1.35232,1.35232,1.35172,1.35198,2162.00000
2026-09-11 17:15:00+00:00,1.35197,1.35237,1.35194,1.35222,1670.00000
2026-09-11 17:30:00+00:00,1.35223,1.35251,1.35222,1.35242,1620.00000
2026-09-11 17:45:00+00:00,1.35241,1.35269,1.35226,1.35236,1560.00000
2026-09-11 18:00:00+00:00,1.35235,1.35279,1.35231,1.35260,1156.00000
2026-09-11 18:15:00+00:00,1.35259,1.35271,1.35226,1.35254,1600.00000
2026-09-11 18:30:00+00:00,1.35255,1.35259,1.35192,1.35206,1262.00000
2026-09-11 18:45:00+00:00,1.35205,1.35247,1.35197,1.35246,1028.00000
2026-09-11 19:00:00+00:00,1.35247,1.35271,1.35232,1.35267,1452.00000
2026-09-11 19:15:00+00:00,1.35271,1.35283,1.35254,1.35261,1158.00000
2026-09-11 19:30:00+00:00,1.35262,1.35268,1.35240,1.35256,986.00000
2026-09-11 19:45:00+00:00,1.35257,1.35279,1.35243,1.35266,1008.00000
2026-09-11 20:00:00+00:00,1.35267,1.35286,1.35257,1.35264,618.00000
2026-09-11 20:15:00+00:00,1.35265,1.35271,1.35248,1.35260,628.00000
2026-09-11 20:30:00+00:00,1.35260,1.35264,1.35223,1.35240,471.00000
2026-09-11 20:45:00+00:00,1.35240,1.35279,1.35230,1.35270,914.00000
2026-09-13 21:00:00+00:00,1.35238,1.35255,1.35157,1.35246,1092.00000
2026-09-13 21:15:00+00:00,1.35247,1.35266,1.35201,1.35255,1506.00000
2026-09-13 21:30:00+00:00,1.35223,1.35266,1.35194,1.35242,1244.00000
2026-09-13 21:45:00+00:00,1.35227,1.35267,1.35190,1.35247,1421.00000
2026-09-13 22:00:00+00:00,1.35280,1.35280,1.35194,1.35216,2553.00000
2026-09-13 22:15:00+00:00,1.35215,1.35225,1.35171,1.35194,1302.00000
2026-09-13 22:30:00+00:00,1.35192,1.35216,1.35170,1.35216,448.00000
2026-09-13 22:45:00+00:00,1.35216,1.35236,1.35213,1.35226,615.00000
2026-09-13 23:00:00+00:00,1.35227,1.35248,1.35222,1.35227,447.00000
2026-09-13 23:15:00+00:00,1.35226,1.35230,1.35203,1.35216,462.00000
2026-09-13 23:30:00+00:00,1.35215,1.35225,1.35196,1.35216,852.00000
2026-09-13 23:45:00+00:00,1.35215,1.35268,1.35207,1.35254,1699.00000
2026-09-14 00:00:00+00:00,1.35253,1.35286,1.35235,1.35252,2150.00000
2026-09-14 00:15:00+00:00,1.35253,1.35264,1.35170,1.35179,1974.00000
2026-09-14 00:30:00+00:00,1.35180,1.35194,1.35154,1.35167,1514.00000
2026-09-14 00:45:00+00:00,1.35168,1.35196,1.35159,1.35183,2620.00000
2026-09-14 01:00:00+00:00,1.35186,1.35189,1.35130,1.35130,2756.00000
2026-09-14 01:15:00+00:00,1.35132,1.35165,1.35129,1.35165,1986.00000
2026-09-14 01:30:00+00:00,1.35164,1.35185,1.35127,1.35184,1668.00000
2026-09-14 01:45:00+00:00,1.35183,1.35194,1.35159,1.35167,1400.00000
2026-09-14 02:00:00+00:00,1.35166,1.35198,1.35156,1.35182,1524.00000
2026-09-14 02:15:00+00:00,1.35183,1.35186,1.35160,1.35169,1342.00000
2026-09-14 02:30:00+00:00,1.35170,1.35174,1.35123,1.35134,1514.00000
2026-09-14 02:45:00+00:00,1.35133,1.35149,1.35124,1.35127,1679.00000
2026-09-14 03:00:00+00:00,1.35126,1.35128,1.35074,1.35077,2111.00000
2026-09-14 03:15:00+00:00,1.35078,1.35085,1.35057,1.35083,1443.00000
2026-09-14 03:30:00+00:00,1.35082,1.35083,1.35031,1.35039,1514.00000
2026-09-14 03:45:00+00:00,1.35040,1.35061,1.35036,1.35054,1260.00000
2026-09-14 04:00:00+00:00,1.35054,1.35069,1.35039,1.35061,1393.00000
2026-09-14 04:15:00+00:00,1.35061,1.35065,1.35031,1.35032,862.00000
2026-09-14 04:30:00+00:00,1.35031,1.35057,1.35021,1.35021,1199.00000
2026-09-14 04:45:00+00:00,1.35022,1.35048,1.35015,1.35035,1111.00000
2026-09-14 05:00:00+00:00,1.35034,1.35042,1.35007,1.35016,1121.00000
2026-09-14 05:15:00+00:00,1.35015,1.35046,1.35015,1.35037,1542.00000
2026-09-14 05:30:00+00:00,1.35036,1.35063,1.35030,1.35046,1662.00000
2026-09-14 05:45:00+00:00,1.35045,1.35065,1.35031,1.35057,1164.00000
2026-09-14 06:00:00+00:00,1.35056,1.35058,1.34922,1.34952,2106.00000
2026-09-14 06:15:00+00:00,1.34950,1.34951,1.34863,1.34924,2032.00000
2026-09-14 06:30:00+00:00,1.34925,1.35016,1.34922,1.35001,1685.00000
2026-09-14 06:45:00+00:00,1.35002,1.35007,1.34892,1.34913,2908.00000
2026-09-14 07:00:00+00:00,1.34914,1.34975,1.34875,1.34975,2364.00000
2026-09-14 07:15:00+00:00,1.34973,1.34995,1.34927,1.34927,2184.00000
2026-09-14 07:30:00+00:00,1.34926,1.34952,1.34900,1.34915,1960.00000
2026-09-14 07:45:00+00:00,1.34914,1.34942,1.34886,1.34921,2204.00000
2026-09-14 08:00:00+00:00,1.34922,1.34932,1.34824,1.34827,2337.00000
2026-09-14 08:15:00+00:00,1.34826,1.34836,1.34796,1.34806,2102.00000
2026-09-14 08:30:00+00:00,1.34804,1.34837,1.34795,1.34813,1716.00000
2026-09-14 08:45:00+00:00,1.34812,1.34845,1.34807,1.34835,1739.00000
2026-09-14 09:00:00+00:00,1.34836,1.34865,1.34767,1.34772,2086.00000
2026-09-14 09:15:00+00:00,1.34771,1.34844,1.34732,1.34837,2447.00000
2026-09-14 09:30:00+00:00,1.34839,1.34887,1.34791,1.34873,2032.00000
2026-09-14 09:45:00+00:00,1.34875,1.34908,1.34845,1.34876,1804.00000
2026-09-14 10:00:00+00:00,1.34875,1.34875,1.34805,1.34827,2019.00000
2026-09-14 10:15:00+00:00,1.34825,1.34838,1.34784,1.34835,1576.00000
2026-09-14 10:30:00+00:00,1.34836,1.34881,1.34829,1.34848,1456.00000
2026-09-14 10:45:00+00:00,1.34847,1.34885,1.34825,1.34864,1766.00000
2026-09-14 11:00:00+00:00,1.34863,1.34930,1.34855,1.34901,1516.00000
2026-09-14 11:15:00+00:00,1.34899,1.34922,1.34884,1.34916,1372.00000
2026-09-14 11:30:00+00:00,1.34915,1.34962,1.34909,1.34926,1475.00000
2026-09-14 11:45:00+00:00,1.34927,1.34933,1.34860,1.34908,1775.00000
2026-09-14 12:00:00+00:00,1.34915,1.34955,1.34894,1.34924,2384.00000
2026-09-14 12:15:00+00:00,1.34925,1.34950,1.34862,1.34877,2628.00000
2026-09-14 12:30:00+00:00,1.34868,1.34900,1.34760,1.34809,3624.00000
2026-09-14 12:45:00+00:00,1.34808,1.34810,1.34664,1.34691,2919.00000
2026-09-14 13:00:00+00:00,1.34692,1.34734,1.34641,1.34730,2309.00000
2026-09-14 13:15:00+00:00,1.34729,1.34775,1.34712,1.34761,1806.00000
2026-09-14 13:30:00+00:00,1.34762,1.34776,1.34712,1.34750,2978.00000
2026-09-14 13:45:00+00:00,1.34749,1.34759,1.34652,1.34677,2810.00000
2026-09-14 14:00:00+00:00,1.34678,1.34777,1.34651,1.34774,3172.00000
2026-09-14 14:15:00+00:00,1.34775,1.34825,1.34692,1.34737,2838.00000
2026-09-14 14:30:00+00:00,1.34738,1.34771,1.34700,1.34768,2900.00000
2026-09-14 14:45:00+00:00,1.34769,1.34787,1.34723,1.34756,2886.00000
2026-09-14 15:00:00+00:00,1.34759,1.34902,1.34731,1.34819,4139.00000
2026-09-14 15:15:00+00:00,1.34817,1.34836,1.34798,1.34803,2622.00000
2026-09-14 15:30:00+00:00,1.34801,1.34899,1.34791,1.34890,4202.00000
2026-09-14 15:45:00+00:00,1.34891,1.34936,1.34870,1.34927,2966.00000
2026-09-14 16:00:00+00:00,1.34928,1.34945,1.34907,1.34915,2688.00000
2026-09-14 16:15:00+00:00,1.34916,1.34968,1.34915,1.34945,2224.00000
2026-09-14 16:30:00+00:00,1.34946,1.35028,1.34929,1.35024,2064.00000
2026-09-14 16:45:00+00:00,1.35026,1.35089,1.35011,1.35055,3538.00000
2026-09-14 17:00:00+00:00,1.35056,1.35093,1.35042,1.35065,1692.00000
2026-09-14 17:15:00+00:00,1.35066,1.35083,1.35053,1.35074,1482.00000
2026-09-14 17:30:00+00:00,1.35075,1.35086,1.35053,1.35059,1494.00000
2026-09-14 17:45:00+00:00,1.35060,1.35097,1.35047,1.35081,1296.00000
2026-09-14 18:00:00+00:00,1.35080,1.35110,1.35057,1.35108,1684.00000
2026-09-14 18:15:00+00:00,1.35107,1.35120,1.35091,1.35095,1396.00000
2026-09-14 18:30:00+00:00,1.35093,1.35136,1.35093,1.35113,1291.00000
2026-09-14 18:45:00+00:00,1.35112,1.35122,1.35095,1.35114,1600.00000
2026-09-14 19:00:00+00:00,1.35115,1.35119,1.35084,1.35097,1450.00000
2026-09-14 19:15:00+00:00,1.35096,1.35101,1.35062,1.35063,1461.00000
2026-09-14 19:30:00+00:00,1.35060,1.35065,1.35035,1.35037,1480.00000
2026-09-14 19:45:00+00:00,1.35036,1.35038,1.34995,1.34999,1472.00000
2026-09-14 20:00:00+00:00,1.34998,1.34998,1.34963,1.34982,802.00000
2026-09-14 20:15:00+00:00,1.34983,1.34988,1.34972,1.34978,513.00000
2026-09-14 20:30:00+00:00,1.34980,1.34996,1.34974,1.34994,596.00000
2026-09-14 20:45:00+00:00,1.34995,1.35007,1.34991,1.35004,303.00000
2026-09-14 21:00:00+00:00,1.35019,1.35024,1.34961,1.35008,81.00000
2026-09-14 21:15:00+00:00,1.35006,1.35010,1.34961,1.34995,172.00000
2026-09-14 21:30:00+00:00,1.34993,1.34995,1.34979,1.34979,344.00000
2026-09-14 21:45:00+00:00,1.34978,1.35021,1.34971,1.35002,502.00000
2026-09-14 22:00:00+00:00,1.34992,1.35015,1.34957,1.34993,346.00000
2026-09-14 22:15:00+00:00,1.34998,1.35026,1.34998,1.35005,1163.00000
2026-09-14 22:30:00+00:00,1.35006,1.35026,1.35005,1.35024,257.00000
2026-09-14 22:45:00+00:00,1.35024,1.35047,1.35015,1.35045,168.00000
2026-09-14 23:00:00+00:00,1.35045,1.35047,1.35034,1.35036,1218.00000
2026-09-14 23:15:00+00:00,1.35035,1.35035,1.35008,1.35016,428.00000
2026-09-14 23:30:00+00:00,1.35014,1.35024,1.34994,1.35017,909.00000
2026-09-14 23:45:00+00:00,1.35016,1.35019,1.34983,1.35005,948.00000
2026-09-15 00:00:00+00:00,1.35004,1.35012,1.34985,1.34994,2017.00000
2026-09-15 00:15:00+00:00,1.34996,1.35002,1.34964,1.34964,1692.00000
2026-09-15 00:30:00+00:00,1.34963,1.34977,1.34958,1.34966,1279.00000
2026-09-15 00:45:00+00:00,1.34967,1.34979,1.34947,1.34954,1592.00000
2026-09-15 01:00:00+00:00,1.34955,1.34964,1.34934,1.34939,1768.00000
2026-09-15 01:15:00+00:00,1.34939,1.34951,1.34882,1.34885,1610.00000
2026-09-15 01:30:00+00:00,1.34886,1.34902,1.34862,1.34863,1979.00000
2026-09-15 01:45:00+00:00,1.34862,1.34884,1.34860,1.34865,1602.00000
2026-09-15 02:00:00+00:00,1.34866,1.34889,1.34850,1.34853,1170.00000
2026-09-15 02:15:00+00:00,1.34852,1.34870,1.34848,1.34856,1109.00000
2026-09-15 02:30:00+00:00,1.34854,1.34857,1.34835,1.34844,843.00000
2026-09-15 02:45:00+00:00,1.34845,1.34892,1.34844,1.34889,863.00000
2026-09-15 03:00:00+00:00,1.34888,1.34898,1.34876,1.34877,1202.00000
2026-09-15 03:15:00+00:00,1.34876,1.34887,1.34856,1.34874,946.00000
2026-09-15 03:30:00+00:00,1.34873,1.34884,1.34855,1.34863,943.00000
2026-09-15 03:45:00+00:00,1.34866,1.34878,1.34857,1.34858,1494.00000
2026-09-15 04:00:00+00:00,1.34857,1.34867,1.34837,1.34847,870.00000
2026-09-15 04:15:00+00:00,1.34848,1.34855,1.34827,1.34837,957.00000
2026-09-15 04:30:00+00:00,1.34838,1.34870,1.34835,1.34858,957.00000
2026-09-15 04:45:00+00:00,1.34857,1.34864,1.34838,1.34838,1366.00000
2026-09-15 05:00:00+00:00,1.34840,1.34858,1.34820,1.34847,1157.00000
2026-09-15 05:15:00+00:00,1.34849,1.34849,1.34824,1.34847,1157.00000
2026-09-15 05:30:00+00:00,1.34848,1.34857,1.34814,1.34854,1262.00000
2026-09-15 05:45:00+00:00,1.34855,1.34866,1.34817,1.34818,1323.00000
2026-09-15 06:00:00+00:00,1.34816,1.34832,1.34754,1.34808,1514.00000
2026-09-15 06:15:00+00:00,1.34807,1.34807,1.34718,1.34723,1856.00000
2026-09-15 06:30:00+00:00,1.34724,1.34725,1.34668,1.34672,1742.00000
2026-09-15 06:45:00+00:00,1.34671,1.34694,1.34643,1.34693,1460.00000
2026-09-15 07:00:00+00:00,1.34694,1.34774,1.34654,1.34736,2044.00000
2026-09-15 07:15:00+00:00,1.34735,1.34758,1.34721,1.34754,1238.00000
2026-09-15 07:30:00+00:00,1.34755,1.34764,1.34701,1.34764,1865.00000
2026-09-15 07:45:00+00:00,1.34763,1.34798,1.34731,1.34797,2130.00000
2026-09-15 08:00:00+00:00,1.34796,1.34797,1.34685,1.34737,2427.00000
2026-09-15 08:15:00+00:00,1.34736,1.34795,1.34722,1.34770,2476.00000
2026-09-15 08:30:00+00:00,1.34771,1.34793,1.34728,1.34751,1856.00000
2026-09-15 08:45:00+00:00,1.34752,1.34775,1.34739,1.34743,1770.00000
2026-09-15 09:00:00+00:00,1.34744,1.34754,1.34719,1.34742,1585.00000
2026-09-15 09:15:00+00:00,1.34741,1.34749,1.34681,1.34744,1738.00000
2026-09-15 09:30:00+00:00,1.34743,1.34760,1.34715,1.34741,1568.00000
2026-09-15 09:45:00+00:00,1.34742,1.34814,1.34742,1.34782,1478.00000
2026-09-15 10:00:00+00:00,1.34780,1.34818,1.34763,1.34766,1648.00000
2026-09-15 10:15:00+00:00,1.34765,1.34788,1.34749,1.34761,1404.00000
2026-09-15 10:30:00+00:00,1.34762,1.34792,1.34755,1.34762,1079.00000
2026-09-15 10:45:00+00:00,1.34763,1.34781,1.34744,1.34749,980.00000
2026-09-15 11:00:00+00:00,1.34747,1.34805,1.34740,1.34802,1222.00000
2026-09-15 11:15:00+00:00,1.34803,1.34883,1.34803,1.34883,1338.00000
2026-09-15 11:30:00+00:00,1.34885,1.34900,1.34855,1.34857,1316.00000
2026-09-15 11:45:00+00:00,1.34858,1.34869,1.34819,1.34834,1380.00000
2026-09-15 12:00:00+00:00,1.34833,1.34863,1.34816,1.34848,1822.00000
2026-09-15 12:15:00+00:00,1.34849,1.34851,1.34799,1.34817,1710.00000
2026-09-15 12:30:00+00:00,1.34817,1.34862,1.34817,1.34841,1528.00000
2026-09-15 12:45:00+00:00,1.34842,1.34889,1.34820,1.34821,3069.00000
2026-09-15 13:00:00+00:00,1.34819,1.34871,1.34818,1.34845,1787.00000
2026-09-15 13:15:00+00:00,1.34844,1.34853,1.34801,1.34839,2052.00000
2026-09-15 13:30:00+00:00,1.34840,1.34884,1.34796,1.34884,2526.00000
2026-09-15 13:45:00+00:00,1.34882,1.34967,1.34872,1.34932,1997.00000
2026-09-15 14:00:00+00:00,1.34931,1.34943,1.34887,1.34916,2290.00000
2026-09-15 14:15:00+00:00,1.34918,1.34937,1.34874,1.34912,2173.00000
2026-09-15 14:30:00+00:00,1.34911,1.34959,1.34883,1.34914,2580.00000
2026-09-15 14:45:00+00:00,1.34915,1.34942,1.34876,1.34879,2508.00000
2026-09-15 15:00:00+00:00,1.34878,1.34906,1.34829,1.34842,2538.00000
2026-09-15 15:15:00+00:00,1.34841,1.34864,1.34823,1.34854,1866.00000
2026-09-15 15:30:00+00:00,1.34853,1.34858,1.34740,1.34752,1794.00000
2026-09-15 15:45:00+00:00,1.34753,1.34807,1.34742,1.34774,2268.00000
2026-09-15 16:00:00+00:00,1.34772,1.34789,1.34735,1.34747,1428.00000
2026-09-15 16:15:00+00:00,1.34746,1.34753,1.34699,1.34727,1524.00000
2026-09-15 16:30:00+00:00,1.34724,1.34769,1.34724,1.34768,1323.00000
2026-09-15 16:45:00+00:00,1.34769,1.34816,1.34757,1.34813,1352.00000
2026-09-15 17:00:00+00:00,1.34814,1.34825,1.34766,1.34785,1442.00000
2026-09-15 17:15:00+00:00,1.34784,1.34794,1.34746,1.34763,1128.00000
2026-09-15 17:30:00+00:00,1.34765,1.34793,1.34760,1.34784,1320.00000
