time,open,high,low,close,volume
2026-05-18 17:45:00+00:00,7392.23000,7397.48000,7387.73000,7394.48000,2976.00000
2026-05-18 18:00:00+00:00,7394.98000,7395.48000,7374.48000,7374.73000,3636.00000
2026-05-18 18:15:00+00:00,7374.48000,7375.48000,7360.98000,7371.23000,4538.00000
2026-05-18 18:30:00+00:00,7371.60000,7375.98000,7363.73000,7369.98000,3434.00000
2026-05-18 18:45:00+00:00,7369.73000,7371.48000,7358.23000,7360.98000,3496.00000
2026-05-18 19:00:00+00:00,7361.23000,7404.23000,7360.23000,7385.23000,7786.00000
2026-05-18 19:15:00+00:00,7385.10000,7389.23000,7370.73000,7379.48000,4526.00000
2026-05-18 19:30:00+00:00,7379.73000,7403.23000,7377.23000,7402.73000,3892.00000
2026-05-18 19:45:00+00:00,7402.48000,7412.20000,7400.23000,7410.70000,3982.00000
2026-05-18 20:00:00+00:00,7410.95000,7412.45000,7401.45000,7406.20000,1336.00000
2026-05-18 20:15:00+00:00,7405.95000,7407.70000,7403.45000,7406.20000,742.00000
2026-05-18 20:30:00+00:00,7406.45000,7408.95000,7403.70000,7408.45000,638.00000
2026-05-18 20:45:00+00:00,7408.70000,7409.45000,7404.20000,7405.20000,492.00000
2026-05-18 22:00:00+00:00,7408.01000,7416.63000,7407.51000,7412.76000,1768.00000
2026-05-18 22:15:00+00:00,7412.63000,7422.01000,7412.38000,7420.01000,1580.00000
2026-05-18 22:30:00+00:00,7420.76000,7422.76000,7419.26000,7419.51000,1272.00000
2026-05-18 22:45:00+00:00,7419.26000,7419.63000,7415.76000,7418.88000,1000.00000
2026-05-18 23:00:00+00:00,7419.01000,7423.51000,7418.63000,7420.01000,1374.00000
2026-05-18 23:15:00+00:00,7420.13000,7421.01000,7418.13000,7419.76000,820.00000
2026-05-18 23:30:00+00:00,7419.63000,7420.13000,7417.01000,7419.01000,892.00000
2026-05-18 23:45:00+00:00,7419.13000,7419.26000,7411.26000,7413.76000,2138.00000
2026-05-19 00:00:00+00:00,7414.01000,7418.76000,7407.88000,7414.26000,4922.00000
2026-05-19 00:15:00+00:00,7414.51000,7425.01000,7409.76000,7420.38000,4300.00000
2026-05-19 00:30:00+00:00,7420.76000,7422.51000,7411.76000,7415.01000,2934.00000
2026-05-19 00:45:00+00:00,7415.13000,7417.51000,7407.76000,7408.76000,3116.00000
2026-05-19 01:00:00+00:00,7408.63000,7411.26000,7403.26000,7407.01000,4054.00000
2026-05-19 01:15:00+00:00,7407.26000,7408.01000,7396.01000,7401.26000,3122.00000
2026-05-19 01:30:00+00:00,7401.01000,7410.38000,7397.51000,7408.88000,3472.00000
2026-05-19 01:45:00+00:00,7408.76000,7410.26000,7401.01000,7401.51000,3168.00000
2026-05-19 02:00:00+00:00,7401.38000,7401.38000,7387.51000,7393.26000,3622.00000
2026-05-19 02:15:00+00:00,7393.13000,7398.76000,7389.01000,7396.01000,3046.00000
2026-05-19 02:30:00+00:00,7395.76000,7399.01000,7394.51000,7399.01000,2570.00000
2026-05-19 02:45:00+00:00,7398.76000,7401.01000,7394.26000,7395.38000,2184.00000
2026-05-19 03:00:00+00:00,7395.51000,7400.13000,7390.76000,7398.76000,2368.00000
2026-05-19 03:15:00+00:00,7399.01000,7403.26000,7397.63000,7402.51000,1634.00000
2026-05-19 03:30:00+00:00,7402.76000,7407.01000,7401.76000,7402.51000,2234.00000
2026-05-19 03:45:00+00:00,7402.26000,7402.26000,7396.01000,7397.26000,1994.00000
2026-05-19 04:00:00+00:00,7397.13000,7397.38000,7387.88000,7391.26000,3128.00000
2026-05-19 04:15:00+00:00,7391.38000,7391.38000,7381.76000,7385.51000,2348.00000
2026-05-19 04:30:00+00:00,7385.63000,7393.51000,7385.01000,7388.76000,2368.00000
2026-05-19 04:45:00+00:00,7388.88000,7391.51000,7384.76000,7389.51000,2550.00000
2026-05-19 05:00:00+00:00,7390.01000,7391.76000,7385.01000,7388.88000,3144.00000
2026-05-19 05:15:00+00:00,7389.01000,7390.01000,7376.26000,7388.51000,3358.00000
2026-05-19 05:30:00+00:00,7388.76000,7391.26000,7382.51000,7384.51000,3126.00000
2026-05-19 05:45:00+00:00,7384.26000,7388.26000,7383.38000,7386.51000,2960.00000
2026-05-19 06:00:00+00:00,7387.01000,7392.04000,7381.26000,7391.79000,3548.00000
2026-05-19 06:15:00+00:00,7391.91000,7396.54000,7388.29000,7394.29000,2790.00000
2026-05-19 06:30:00+00:00,7394.16000,7401.29000,7392.16000,7400.54000,2484.00000
2026-05-19 06:45:00+00:00,7400.29000,7400.29000,7396.04000,7398.29000,1746.00000
2026-05-19 07:00:00+00:00,7397.91000,7410.54000,7395.54000,7405.54000,2946.00000
2026-05-19 07:15:00+00:00,7405.29000,7406.29000,7402.29000,7404.79000,2150.00000
2026-05-19 07:30:00+00:00,7404.54000,7412.04000,7400.91000,7409.04000,2154.00000
2026-05-19 07:45:00+00:00,7409.16000,7417.79000,7408.79000,7414.29000,2688.00000
2026-05-19 08:00:00+00:00,7414.54000,7416.04000,7399.16000,7402.79000,3256.00000
2026-05-19 08:15:00+00:00,7403.04000,7405.16000,7391.41000,7395.16000,3260.00000
2026-05-19 08:30:00+00:00,7395.29000,7400.16000,7394.04000,7398.91000,2350.00000
2026-05-19 08:45:00+00:00,7399.04000,7402.29000,7397.29000,7397.66000,1766.00000
2026-05-19 09:00:00+00:00,7397.54000,7397.79000,7391.04000,7391.54000,2250.00000
2026-05-19 09:15:00+00:00,7391.29000,7391.79000,7379.41000,7380.79000,2606.00000
2026-05-19 09:30:00+00:00,7381.29000,7383.29000,7369.04000,7369.29000,3854.00000
2026-05-19 09:45:00+00:00,7369.16000,7385.29000,7369.04000,7382.79000,2650.00000
2026-05-19 10:00:00+00:00,7381.54000,7384.54000,7377.54000,7382.04000,2354.00000
2026-05-19 10:15:00+00:00,7382.29000,7382.79000,7378.79000,7380.79000,1732.00000
2026-05-19 10:30:00+00:00,7380.54000,7385.79000,7369.66000,7371.79000,3064.00000
2026-05-19 10:45:00+00:00,7372.29000,7385.79000,7368.91000,7384.41000,3812.00000
2026-05-19 11:00:00+00:00,7384.54000,7389.79000,7383.29000,7383.79000,2998.00000
2026-05-19 11:15:00+00:00,7383.66000,7386.04000,7379.79000,7382.54000,2292.00000
2026-05-19 11:30:00+00:00,7382.66000,7387.79000,7380.04000,7380.79000,2192.00000
2026-05-19 11:45:00+00:00,7380.54000,7382.04000,7373.41000,7373.54000,2056.00000
2026-05-19 12:00:00+00:00,7373.04000,7381.79000,7370.29000,7380.29000,2794.00000
2026-05-19 12:15:00+00:00,7380.41000,7381.04000,7374.54000,7379.54000,2598.00000
2026-05-19 12:30:00+00:00,7379.41000,7389.29000,7378.29000,7385.54000,2534.00000
2026-05-19 12:45:00+00:00,7385.79000,7389.04000,7383.79000,7385.79000,1742.00000
2026-05-19 13:00:00+00:00,7386.54000,7387.91000,7371.04000,7379.29000,3198.00000
2026-05-19 13:15:00+00:00,7379.04000,7379.54000,7365.04000,7371.29000,3820.00000
2026-05-19 13:30:00+00:00,7372.54000,7380.54000,7358.29000,7359.66000,7098.00000
2026-05-19 13:45:00+00:00,7359.54000,7386.54000,7354.79000,7376.79000,7264.00000
2026-05-19 14:00:00+00:00,7377.04000,7377.41000,7351.79000,7352.79000,7080.00000
2026-05-19 14:15:00+00:00,7352.29000,7355.04000,7341.04000,7348.04000,6164.00000
2026-05-19 14:30:00+00:00,7348.29000,7358.04000,7343.79000,7351.29000,6342.00000
2026-05-19 14:45:00+00:00,7351.41000,7355.54000,7339.04000,7355.41000,5212.00000
2026-05-19 15:00:00+00:00,7355.29000,7360.79000,7350.29000,7359.29000,4436.00000
2026-05-19 15:15:00+00:00,7359.54000,7363.29000,7340.29000,7346.04000,4298.00000
2026-05-19 15:30:00+00:00,7345.54000,7363.04000,7343.79000,7359.04000,4280.00000
2026-05-19 15:45:00+00:00,7359.29000,7363.04000,7349.04000,7353.54000,3712.00000
2026-05-19 16:00:00+00:00,7353.79000,7363.79000,7346.79000,7351.54000,3958.00000
2026-05-19 16:15:00+00:00,7351.79000,7371.04000,7351.29000,7368.54000,3262.00000
2026-05-19 16:30:00+00:00,7368.29000,7378.04000,7367.04000,7377.79000,2922.00000
2026-05-19 16:45:00+00:00,7378.04000,7386.54000,7376.04000,7384.79000,2288.00000
2026-05-19 17:00:00+00:00,7384.29000,7393.79000,7383.04000,7392.29000,2136.00000
2026-05-19 17:15:00+00:00,7392.54000,7399.79000,7391.16000,7393.54000,2324.00000
2026-05-19 17:30:00+00:00,7393.29000,7399.29000,7390.79000,7394.79000,2514.00000
2026-05-19 17:45:00+00:00,7395.04000,7395.16000,7383.79000,7391.54000,2896.00000
2026-05-19 18:00:00+00:00,7391.29000,7396.54000,7389.54000,7393.29000,1824.00000
2026-05-19 18:15:00+00:00,7393.04000,7394.54000,7381.54000,7382.04000,2998.00000
2026-05-19 18:30:00+00:00,7382.29000,7386.79000,7378.54000,7381.79000,2488.00000
2026-05-19 18:45:00+00:00,7381.54000,7382.04000,7365.79000,7367.54000,2960.00000
2026-05-19 19:00:00+00:00,7367.79000,7384.04000,7367.29000,7383.79000,2810.00000
2026-05-19 19:15:00+00:00,7384.04000,7385.04000,7362.29000,7371.16000,3120.00000
2026-05-19 19:30:00+00:00,7371.29000,7373.79000,7361.04000,7362.29000,2634.00000
2026-05-19 19:45:00+00:00,7361.29000,7364.29000,7349.79000,7362.51000,3516.00000
2026-05-19 20:00:00+00:00,7362.26000,7362.76000,7354.01000,7359.51000,1452.00000
2026-05-19 20:15:00+00:00,7359.01000,7360.51000,7356.76000,7358.01000,762.00000
2026-05-19 20:30:00+00:00,7358.26000,7358.26000,7356.01000,7357.26000,414.00000
2026-05-19 20:45:00+00:00,7357.51000,7358.26000,7355.51000,7356.26000,372.00000
2026-05-19 22:00:00+00:00,7361.00000,7365.38000,7358.75000,7361.00000,1311.00000
2026-05-19 22:15:00+00:00,7360.63000,7361.63000,7353.38000,7354.25000,1932.00000
2026-05-19 22:30:00+00:00,7354.50000,7359.88000,7353.13000,7355.88000,1804.00000
2026-05-19 22:45:00+00:00,7356.00000,7361.25000,7353.75000,7360.38000,1036.00000
2026-05-19 23:00:00+00:00,7360.25000,7366.63000,7359.13000,7365.88000,926.00000
2026-05-19 23:15:00+00:00,7366.13000,7369.88000,7364.88000,7368.88000,996.00000
2026-05-19 23:30:00+00:00,7369.13000,7379.00000,7369.13000,7373.13000,1634.00000
2026-05-19 23:45:00+00:00,7373.38000,7373.63000,7366.38000,7367.00000,1960.00000
2026-05-20 00:00:00+00:00,7366.75000,7366.75000,7345.00000,7347.88000,5510.00000
2026-05-20 00:15:00+00:00,7348.13000,7356.13000,7341.88000,7356.13000,5776.00000
2026-05-20 00:30:00+00:00,7356.25000,7364.88000,7354.13000,7359.25000,5516.00000
2026-05-20 00:45:00+00:00,7359.13000,7366.38000,7358.13000,7360.50000,4604.00000
2026-05-20 01:00:00+00:00,7360.13000,7365.63000,7352.88000,7364.50000,5422.00000
2026-05-20 01:15:00+00:00,7364.38000,7367.13000,7352.63000,7354.25000,4666.00000
2026-05-20 01:30:00+00:00,7354.13000,7356.13000,7344.88000,7352.63000,5034.00000
2026-05-20 01:45:00+00:00,7352.75000,7371.13000,7352.13000,7366.88000,5226.00000
2026-05-20 02:00:00+00:00,7367.63000,7369.13000,7364.50000,7367.75000,3842.00000
2026-05-20 02:15:00+00:00,7367.88000,7372.13000,7362.00000,7362.00000,3342.00000
2026-05-20 02:30:00+00:00,7361.88000,7362.00000,7349.38000,7349.38000,5568.00000
2026-05-20 02:45:00+00:00,7349.25000,7353.13000,7346.50000,7350.13000,3060.00000
2026-05-20 03:00:00+00:00,7350.00000,7350.00000,7341.88000,7342.13000,3030.00000
2026-05-20 03:15:00+00:00,7342.00000,7350.38000,7341.38000,7349.13000,2290.00000
2026-05-20 03:30:00+00:00,7348.50000,7354.13000,7344.88000,7351.38000,3070.00000
2026-05-20 03:45:00+00:00,7351.63000,7352.38000,7348.63000,7350.75000,2146.00000
2026-05-20 04:00:00+00:00,7350.88000,7358.38000,7350.88000,7357.88000,2458.00000
2026-05-20 04:15:00+00:00,7358.13000,7359.88000,7353.88000,7356.63000,2130.00000
2026-05-20 04:30:00+00:00,7356.38000,7356.88000,7349.63000,7350.13000,2110.00000
2026-05-20 04:45:00+00:00,7350.00000,7352.38000,7347.63000,7349.38000,1950.00000
2026-05-20 05:00:00+00:00,7349.25000,7359.63000,7349.25000,7355.13000,3374.00000
2026-05-20 05:15:00+00:00,7355.00000,7359.88000,7350.75000,7355.75000,2776.00000
2026-05-20 05:30:00+00:00,7355.88000,7366.25000,7355.88000,7358.88000,2890.00000
2026-05-20 05:45:00+00:00,7359.13000,7362.63000,7354.38000,7361.75000,2686.00000
2026-05-20 06:00:00+00:00,7361.63000,7365.88000,7360.88000,7364.91000,3292.00000
2026-05-20 06:15:00+00:00,7365.16000,7374.66000,7365.16000,7373.03000,2958.00000
2026-05-20 06:30:00+00:00,7373.16000,7373.66000,7367.41000,7368.16000,2376.00000
2026-05-20 06:45:00+00:00,7368.66000,7374.66000,7367.91000,7374.66000,1852.00000
2026-05-20 07:00:00+00:00,7375.03000,7375.53000,7371.91000,7372.66000,2760.00000
2026-05-20 07:15:00+00:00,7372.78000,7377.91000,7372.16000,7376.91000,1998.00000
2026-05-20 07:30:00+00:00,7376.66000,7376.91000,7370.41000,7375.16000,1716.00000
2026-05-20 07:45:00+00:00,7375.03000,7375.66000,7369.78000,7370.41000,1816.00000
2026-05-20 08:00:00+00:00,7370.16000,7378.91000,7370.16000,7377.03000,3068.00000
2026-05-20 08:15:00+00:00,7376.91000,7381.66000,7373.41000,7381.66000,2360.00000
2026-05-20 08:30:00+00:00,7381.78000,7386.66000,7380.41000,7385.78000,2524.00000
2026-05-20 08:45:00+00:00,7385.66000,7388.91000,7382.66000,7383.16000,1796.00000
2026-05-20 09:00:00+00:00,7382.91000,7384.41000,7378.41000,7378.41000,1656.00000
2026-05-20 09:15:00+00:00,7378.03000,7382.41000,7377.66000,7382.28000,1320.00000
2026-05-20 09:30:00+00:00,7382.16000,7383.91000,7381.66000,7382.91000,1234.00000
2026-05-20 09:45:00+00:00,7383.03000,7391.03000,7382.16000,7387.16000,1390.00000
2026-05-20 10:00:00+00:00,7387.28000,7393.16000,7386.91000,7391.28000,1420.00000
2026-05-20 10:15:00+00:00,7391.16000,7392.53000,7388.66000,7390.53000,1204.00000
2026-05-20 10:30:00+00:00,7390.41000,7397.03000,7389.66000,7390.16000,1738.00000
2026-05-20 10:45:00+00:00,7390.41000,7392.28000,7384.66000,7385.91000,1250.00000
2026-05-20 11:00:00+00:00,7386.16000,7389.41000,7384.41000,7384.91000,1330.00000
2026-05-20 11:15:00+00:00,7385.03000,7390.41000,7384.91000,7390.28000,1179.00000
2026-05-20 11:30:00+00:00,7390.66000,7392.91000,7384.16000,7386.91000,1708.00000
2026-05-20 11:45:00+00:00,7386.78000,7388.53000,7380.91000,7384.28000,2156.00000
2026-05-20 12:00:00+00:00,7384.41000,7391.66000,7382.78000,7391.16000,1462.00000
2026-05-20 12:15:00+00:00,7390.91000,7399.41000,7387.78000,7397.91000,2194.00000
2026-05-20 12:30:00+00:00,7398.03000,7401.41000,7393.16000,7393.16000,2200.00000
2026-05-20 12:45:00+00:00,7393.41000,7395.16000,7387.66000,7387.91000,1680.00000
2026-05-20 13:00:00+00:00,7387.66000,7389.16000,7385.66000,7386.91000,1324.00000
2026-05-20 13:15:00+00:00,7386.66000,7388.66000,7379.16000,7379.91000,1542.00000
2026-05-20 13:30:00+00:00,7380.41000,7384.91000,7366.16000,7383.28000,6056.00000
2026-05-20 13:45:00+00:00,7383.41000,7395.91000,7376.91000,7384.91000,5797.00000
2026-05-20 14:00:00+00:00,7385.41000,7385.91000,7362.16000,7376.53000,5918.00000
2026-05-20 14:15:00+00:00,7376.91000,7409.03000,7375.66000,7402.91000,8546.00000
2026-05-20 14:30:00+00:00,7403.16000,7413.66000,7398.16000,7406.66000,5818.00000
2026-05-20 14:45:00+00:00,7407.16000,7418.66000,7399.91000,7415.91000,4222.00000
2026-05-20 15:00:00+00:00,7415.66000,7419.16000,7409.66000,7411.91000,3360.00000
2026-05-20 15:15:00+00:00,7412.16000,7443.03000,7412.16000,7417.16000,7276.00000
2026-05-20 15:30:00+00:00,7416.91000,7428.41000,7416.41000,7427.41000,3550.00000
2026-05-20 15:45:00+00:00,7427.66000,7433.41000,7423.41000,7426.66000,2776.00000
2026-05-20 16:00:00+00:00,7426.91000,7429.41000,7422.66000,7424.91000,2294.00000
2026-05-20 16:15:00+00:00,7424.66000,7425.66000,7409.41000,7413.16000,4136.00000
2026-05-20 16:30:00+00:00,7413.41000,7423.16000,7409.16000,7423.16000,3730.00000
2026-05-20 16:45:00+00:00,7423.41000,7424.16000,7410.91000,7417.91000,3612.00000
2026-05-20 17:00:00+00:00,7418.41000,7424.78000,7411.66000,7420.41000,3596.00000
2026-05-20 17:15:00+00:00,7420.66000,7427.41000,7419.16000,7425.66000,3016.00000
2026-05-20 17:30:00+00:00,7426.16000,7431.41000,7422.16000,7426.66000,2750.00000
2026-05-20 17:45:00+00:00,7426.78000,7427.66000,7420.16000,7422.66000,1858.00000
2026-05-20 18:00:00+00:00,7422.78000,7428.41000,7417.41000,7424.41000,2558.00000
2026-05-20 18:15:00+00:00,7424.66000,7426.91000,7420.41000,7424.91000,2008.00000
2026-05-20 18:30:00+00:00,7425.16000,7432.41000,7421.66000,7421.66000,1882.00000
2026-05-20 18:45:00+00:00,7421.91000,7426.91000,7420.66000,7425.66000,2028.00000
2026-05-20 19:00:00+00:00,7425.78000,7431.16000,7424.16000,7429.41000,1450.00000
2026-05-20 19:15:00+00:00,7429.66000,7433.66000,7428.16000,7432.41000,1290.00000
2026-05-20 19:30:00+00:00,7432.66000,7439.78000,7429.66000,7436.41000,1612.00000
2026-05-20 19:45:00+00:00,7435.91000,7438.91000,7429.91000,7436.88000,2524.00000
2026-05-20 20:00:00+00:00,7436.75000,7436.88000,7430.00000,7433.38000,2248.00000
2026-05-20 20:15:00+00:00,7433.63000,7438.88000,7414.75000,7437.63000,4940.00000
2026-05-20 20:30:00+00:00,7437.88000,7438.88000,7421.50000,7424.13000,3582.00000
2026-05-20 20:45:00+00:00,7424.38000,7426.63000,7416.63000,7420.63000,2294.00000
2026-05-20 22:00:00+00:00,7416.77000,7417.52000,7392.89000,7401.02000,3720.00000
2026-05-20 22:15:00+00:00,7401.14000,7402.89000,7393.27000,7401.27000,2570.00000
2026-05-20 22:30:00+00:00,7401.77000,7403.52000,7400.27000,7402.64000,1722.00000
2026-05-20 22:45:00+00:00,7402.52000,7404.27000,7400.52000,7404.14000,966.00000
2026-05-20 23:00:00+00:00,7404.27000,7410.89000,7403.77000,7407.77000,1090.00000
2026-05-20 23:15:00+00:00,7407.52000,7407.77000,7401.02000,7402.77000,1190.00000
2026-05-20 23:30:00+00:00,7403.02000,7405.64000,7402.02000,7404.02000,1036.00000
2026-05-20 23:45:00+00:00,7403.89000,7407.39000,7402.27000,7406.02000,2204.00000
2026-05-21 00:00:00+00:00,7405.77000,7407.27000,7400.02000,7405.64000,4248.00000
2026-05-21 00:15:00+00:00,7405.77000,7408.02000,7400.27000,7404.02000,3306.00000
2026-05-21 00:30:00+00:00,7404.27000,7407.77000,7401.27000,7407.02000,1920.00000
2026-05-21 00:45:00+00:00,7407.27000,7409.77000,7405.27000,7407.77000,1176.00000
2026-05-21 01:00:00+00:00,7408.02000,7416.77000,7408.02000,7416.52000,1386.00000
2026-05-21 01:15:00+00:00,7416.77000,7419.27000,7414.02000,7415.77000,1462.00000
2026-05-21 01:30:00+00:00,7415.02000,7422.77000,7414.02000,7421.27000,1970.00000
2026-05-21 01:45:00+00:00,7421.52000,7422.27000,7415.77000,7420.02000,1568.00000
2026-05-21 02:00:00+00:00,7420.27000,7424.02000,7420.14000,7423.27000,1270.00000
2026-05-21 02:15:00+00:00,7423.02000,7429.77000,7423.02000,7426.77000,1134.00000
2026-05-21 02:30:00+00:00,7426.89000,7427.02000,7423.77000,7424.14000,962.00000
2026-05-21 02:45:00+00:00,7424.02000,7425.77000,7421.27000,7423.77000,962.00000
2026-05-21 03:00:00+00:00,7424.02000,7427.77000,7423.52000,7426.52000,722.00000
2026-05-21 03:15:00+00:00,7426.39000,7430.27000,7425.27000,7429.27000,802.00000
2026-05-21 03:30:00+00:00,7429.02000,7433.02000,7428.27000,7433.02000,702.00000
2026-05-21 03:45:00+00:00,7432.77000,7433.02000,7428.52000,7429.02000,760.00000
2026-05-21 04:00:00+00:00,7429.27000,7433.52000,7428.52000,7433.02000,792.00000
2026-05-21 04:15:00+00:00,7432.89000,7436.77000,7432.27000,7435.89000,912.00000
2026-05-21 04:30:00+00:00,7435.77000,7436.52000,7432.77000,7435.52000,680.00000
2026-05-21 04:45:00+00:00,7435.39000,7439.02000,7435.02000,7438.14000,504.00000
2026-05-21 05:00:00+00:00,7438.39000,7442.52000,7437.52000,7438.39000,1214.00000
2026-05-21 05:15:00+00:00,7438.52000,7441.02000,7435.27000,7435.89000,1130.00000
2026-05-21 05:30:00+00:00,7436.02000,7436.02000,7431.52000,7433.14000,1914.00000
2026-05-21 05:45:00+00:00,7433.27000,7433.39000,7419.02000,7431.02000,2896.00000
2026-05-21 06:00:00+00:00,7430.52000,7436.30000,7429.64000,7430.80000,2242.00000
2026-05-21 06:15:00+00:00,7431.05000,7436.42000,7427.17000,7432.67000,2698.00000
2026-05-21 06:30:00+00:00,7432.55000,7434.05000,7423.92000,7424.30000,2334.00000
2026-05-21 06:45:00+00:00,7423.80000,7424.30000,7418.17000,7423.17000,2140.00000
2026-05-21 07:00:00+00:00,7423.30000,7424.80000,7414.30000,7415.80000,3226.00000
2026-05-21 07:15:00+00:00,7415.42000,7418.05000,7411.67000,7415.67000,3090.00000
2026-05-21 07:30:00+00:00,7415.30000,7420.05000,7415.05000,7419.55000,2032.00000
2026-05-21 07:45:00+00:00,7419.67000,7426.80000,7418.55000,7425.42000,1382.00000
2026-05-21 08:00:00+00:00,7425.30000,7446.30000,7424.80000,7445.92000,2980.00000
2026-05-21 08:15:00+00:00,7445.80000,7454.80000,7436.67000,7444.30000,4062.00000
2026-05-21 08:30:00+00:00,7444.05000,7444.80000,7436.42000,7440.05000,2708.00000
2026-05-21 08:45:00+00:00,7440.17000,7440.92000,7434.92000,7437.55000,2574.00000
2026-05-21 09:00:00+00:00,7437.17000,7444.05000,7436.67000,7442.55000,2452.00000
2026-05-21 09:15:00+00:00,7442.30000,7448.80000,7442.30000,7447.05000,1938.00000
2026-05-21 09:30:00+00:00,7447.17000,7449.05000,7438.55000,7439.30000,2028.00000
2026-05-21 09:45:00+00:00,7439.17000,7442.30000,7438.05000,7440.05000,1344.00000
2026-05-21 10:00:00+00:00,7440.17000,7442.67000,7436.30000,7442.67000,1604.00000
2026-05-21 10:15:00+00:00,7442.80000,7444.05000,7413.05000,7418.30000,3770.00000
2026-05-21 10:30:00+00:00,7418.92000,7419.55000,7403.30000,7410.30000,5998.00000
2026-05-21 10:45:00+00:00,7410.17000,7411.30000,7400.30000,7408.55000,4690.00000
2026-05-21 11:00:00+00:00,7407.55000,7414.80000,7404.05000,7413.55000,3934.00000
2026-05-21 11:15:00+00:00,7413.42000,7422.80000,7413.17000,7418.42000,2604.00000
2026-05-21 11:30:00+00:00,7418.30000,7420.67000,7413.05000,7414.05000,2282.00000
2026-05-21 11:45:00+00:00,7414.30000,7420.30000,7414.30000,7415.17000,1938.00000
2026-05-21 12:00:00+00:00,7415.55000,7417.80000,7410.80000,7412.42000,2156.00000
2026-05-21 12:15:00+00:00,7412.05000,7415.17000,7407.55000,7410.67000,2550.00000
2026-05-21 12:30:00+00:00,7410.92000,7421.17000,7408.05000,7410.55000,4438.00000
2026-05-21 12:45:00+00:00,7410.80000,7413.05000,7403.05000,7404.55000,3018.00000
2026-05-21 13:00:00+00:00,7404.80000,7413.55000,7402.80000,7407.55000,3274.00000
2026-05-21 13:15:00+00:00,7407.05000,7408.55000,7404.05000,7408.55000,2600.00000
2026-05-21 13:30:00+00:00,7408.80000,7408.80000,7396.92000,7398.67000,6278.00000
2026-05-21 13:45:00+00:00,7398.80000,7423.80000,7396.30000,7420.55000,6730.00000
2026-05-21 14:00:00+00:00,7420.30000,7428.80000,7414.80000,7416.55000,5482.00000
2026-05-21 14:15:00+00:00,7416.80000,7417.55000,7397.05000,7407.55000,6388.00000
2026-05-21 14:30:00+00:00,7407.30000,7415.30000,7402.30000,7408.05000,5284.00000
2026-05-21 14:45:00+00:00,7407.80000,7415.05000,7398.80000,7411.80000,5132.00000
2026-05-21 15:00:00+00:00,7412.05000,7415.30000,7394.30000,7412.30000,5282.00000
2026-05-21 15:15:00+00:00,7412.05000,7415.80000,7409.30000,7410.30000,4052.00000
2026-05-21 15:30:00+00:00,7410.05000,7415.80000,7400.30000,7413.55000,3666.00000
2026-05-21 15:45:00+00:00,7413.80000,7420.55000,7413.55000,7415.30000,2730.00000
2026-05-21 16:00:00+00:00,7415.55000,7422.05000,7415.05000,7416.80000,3042.00000
2026-05-21 16:15:00+00:00,7417.05000,7417.80000,7406.05000,7410.30000,2904.00000
2026-05-21 16:30:00+00:00,7410.05000,7414.05000,7406.05000,7411.55000,2360.00000
2026-05-21 16:45:00+00:00,7411.80000,7414.05000,7403.30000,7411.30000,2228.00000
2026-05-21 17:00:00+00:00,7411.55000,7434.30000,7411.55000,7427.42000,4266.00000
2026-05-21 17:15:00+00:00,7427.30000,7453.05000,7426.05000,7444.05000,6810.00000
2026-05-21 17:30:00+00:00,7444.30000,7459.05000,7442.17000,7458.17000,4192.00000
2026-05-21 17:45:00+00:00,7458.05000,7471.80000,7454.30000,7459.67000,3868.00000
2026-05-21 18:00:00+00:00,7459.55000,7463.80000,7450.30000,7451.30000,4234.00000
2026-05-21 18:15:00+00:00,7451.80000,7458.80000,7448.30000,7456.05000,3124.00000
2026-05-21 18:30:00+00:00,7456.30000,7459.55000,7451.80000,7457.55000,2498.00000
2026-05-21 18:45:00+00:00,7457.80000,7459.30000,7423.80000,7432.80000,6354.00000
2026-05-21 19:00:00+00:00,7432.42000,7448.05000,7432.42000,7447.92000,4194.00000
2026-05-21 19:15:00+00:00,7448.05000,7451.80000,7446.55000,7449.55000,2572.00000
2026-05-21 19:30:00+00:00,7449.05000,7452.80000,7443.67000,7446.55000,2220.00000
2026-05-21 19:45:00+00:00,7446.30000,7454.80000,7442.05000,7450.27000,3620.00000
2026-05-21 20:00:00+00:00,7450.77000,7455.27000,7448.52000,7453.52000,1130.00000
2026-05-21 20:15:00+00:00,7453.27000,7453.52000,7449.27000,7450.52000,502.00000
2026-05-21 20:30:00+00:00,7450.77000,7453.02000,7450.27000,7452.27000,228.00000
2026-05-21 20:45:00+00:00,7452.52000,7454.02000,7452.17000,7452.39000,246.00000
2026-05-21 22:00:00+00:00,7454.04000,7461.79000,7452.92000,7461.17000,1843.00000
2026-05-21 22:15:00+00:00,7461.04000,7462.17000,7456.67000,7458.92000,890.00000
2026-05-21 22:30:00+00:00,7459.04000,7459.79000,7455.92000,7458.17000,968.00000
2026-05-21 22:45:00+00:00,7458.29000,7464.42000,7458.29000,7463.42000,970.00000
2026-05-21 23:00:00+00:00,7463.54000,7464.67000,7462.42000,7463.17000,494.00000
2026-05-21 23:15:00+00:00,7463.42000,7464.17000,7462.42000,7463.17000,306.00000
2026-05-21 23:30:00+00:00,7463.42000,7465.42000,7461.92000,7463.92000,380.00000
2026-05-21 23:45:00+00:00,7463.67000,7468.67000,7463.67000,7465.04000,1084.00000
2026-05-22 00:00:00+00:00,7465.67000,7469.92000,7462.17000,7466.17000,2662.00000
2026-05-22 00:15:00+00:00,7466.29000,7473.42000,7465.92000,7470.17000,2012.00000
2026-05-22 00:30:00+00:00,7470.42000,7473.92000,7469.67000,7469.92000,1494.00000
2026-05-22 00:45:00+00:00,7470.17000,7472.42000,7469.92000,7469.92000,852.00000
2026-05-22 01:00:00+00:00,7469.67000,7470.67000,7465.92000,7470.17000,1398.00000
2026-05-22 01:15:00+00:00,7470.29000,7470.29000,7465.67000,7466.67000,1364.00000
2026-05-22 01:30:00+00:00,7466.54000,7467.42000,7459.67000,7464.67000,1498.00000
2026-05-22 01:45:00+00:00,7464.79000,7469.67000,7464.42000,7466.17000,1036.00000
2026-05-22 02:00:00+00:00,7466.29000,7468.42000,7464.67000,7467.42000,1060.00000
2026-05-22 02:15:00+00:00,7467.54000,7469.17000,7464.17000,7464.92000,1122.00000
2026-05-22 02:30:00+00:00,7464.67000,7470.17000,7464.42000,7468.54000,852.00000
2026-05-22 02:45:00+00:00,7468.42000,7470.42000,7466.92000,7468.92000,834.00000
2026-05-22 03:00:00+00:00,7468.79000,7469.67000,7465.67000,7467.17000,774.00000
2026-05-22 03:15:00+00:00,7467.29000,7468.92000,7466.17000,7468.67000,738.00000
2026-05-22 03:30:00+00:00,7468.92000,7472.42000,7468.92000,7472.17000,556.00000
2026-05-22 03:45:00+00:00,7471.92000,7474.17000,7471.92000,7474.17000,444.00000
2026-05-22 04:00:00+00:00,7474.42000,7478.42000,7474.42000,7477.67000,502.00000
2026-05-22 04:15:00+00:00,7477.42000,7478.67000,7476.42000,7478.17000,404.00000
2026-05-22 04:30:00+00:00,7477.42000,7477.42000,7474.67000,7475.67000,604.00000
2026-05-22 04:45:00+00:00,7475.79000,7479.17000,7475.67000,7478.79000,482.00000
2026-05-22 05:00:00+00:00,7478.67000,7480.17000,7478.17000,7478.67000,830.00000
2026-05-22 05:15:00+00:00,7478.79000,7479.42000,7476.17000,7477.92000,636.00000
2026-05-22 05:30:00+00:00,7477.79000,7478.92000,7475.17000,7477.42000,1078.00000
2026-05-22 05:45:00+00:00,7477.29000,7478.92000,7469.92000,7470.92000,1530.00000
2026-05-22 06:00:00+00:00,7470.79000,7475.07000,7468.92000,7474.95000,2154.00000
2026-05-22 06:15:00+00:00,7474.82000,7477.45000,7472.20000,7475.20000,1774.00000
2026-05-22 06:30:00+00:00,7475.45000,7480.20000,7473.07000,7478.45000,1414.00000
2026-05-22 06:45:00+00:00,7478.20000,7478.70000,7473.70000,7474.45000,1010.00000
2026-05-22 07:00:00+00:00,7473.95000,7473.95000,7467.20000,7468.32000,1940.00000
2026-05-22 07:15:00+00:00,7468.45000,7475.45000,7468.45000,7474.70000,1075.00000
2026-05-22 07:30:00+00:00,7474.95000,7474.95000,7467.32000,7471.20000,1760.00000
2026-05-22 07:45:00+00:00,7471.32000,7474.45000,7469.57000,7474.20000,988.00000
2026-05-22 08:00:00+00:00,7474.70000,7477.70000,7473.45000,7474.95000,1800.00000
2026-05-22 08:15:00+00:00,7475.07000,7486.20000,7474.95000,7479.70000,2258.00000
2026-05-22 08:30:00+00:00,7479.95000,7480.20000,7469.45000,7474.95000,2336.00000
2026-05-22 08:45:00+00:00,7475.20000,7478.20000,7470.70000,7470.95000,1260.00000
2026-05-22 09:00:00+00:00,7470.70000,7470.70000,7461.45000,7462.20000,1688.00000
2026-05-22 09:15:00+00:00,7461.95000,7465.95000,7460.70000,7461.95000,1420.00000
2026-05-22 09:30:00+00:00,7462.07000,7467.95000,7458.70000,7467.45000,1456.00000
2026-05-22 09:45:00+00:00,7467.57000,7471.20000,7466.20000,7468.95000,996.00000
2026-05-22 10:00:00+00:00,7469.20000,7469.20000,7463.70000,7464.20000,1280.00000
2026-05-22 10:15:00+00:00,7463.95000,7465.20000,7457.82000,7458.70000,1422.00000
2026-05-22 10:30:00+00:00,7458.57000,7459.95000,7455.20000,7458.20000,1368.00000
2026-05-22 10:45:00+00:00,7458.45000,7461.45000,7457.45000,7460.32000,1320.00000
2026-05-22 11:00:00+00:00,7460.20000,7464.20000,7458.70000,7459.70000,1232.00000
2026-05-22 11:15:00+00:00,7459.57000,7461.70000,7458.20000,7460.20000,1098.00000
2026-05-22 11:30:00+00:00,7459.95000,7464.95000,7458.20000,7464.70000,1046.00000
2026-05-22 11:45:00+00:00,7464.45000,7471.57000,7464.20000,7466.45000,1940.00000
2026-05-22 12:00:00+00:00,7466.20000,7484.70000,7463.82000,7480.95000,2524.00000
2026-05-22 12:15:00+00:00,7481.32000,7484.45000,7471.45000,7476.45000,4156.00000
2026-05-22 12:30:00+00:00,7476.70000,7480.95000,7475.70000,7479.95000,1340.00000
2026-05-22 12:45:00+00:00,7479.82000,7488.95000,7479.82000,7488.32000,1170.00000
2026-05-22 13:00:00+00:00,7488.45000,7492.95000,7481.45000,7488.45000,2408.00000
2026-05-22 13:15:00+00:00,7488.20000,7490.70000,7480.45000,7482.20000,1880.00000
2026-05-22 13:30:00+00:00,7481.32000,7501.70000,7476.95000,7494.07000,5422.00000
2026-05-22 13:45:00+00:00,7494.45000,7500.95000,7486.45000,7495.32000,4638.00000
2026-05-22 14:00:00+00:00,7494.95000,7494.95000,7473.57000,7475.45000,5638.00000
2026-05-22 14:15:00+00:00,7475.20000,7480.45000,7464.45000,7476.70000,4034.00000
2026-05-22 14:30:00+00:00,7476.95000,7485.07000,7474.20000,7483.70000,2610.00000
2026-05-22 14:45:00+00:00,7483.45000,7487.20000,7477.70000,7485.20000,2300.00000
2026-05-22 15:00:00+00:00,7485.07000,7491.45000,7484.45000,7490.20000,1916.00000
2026-05-22 15:15:00+00:00,7490.45000,7499.20000,7488.95000,7499.20000,1662.00000
2026-05-22 15:30:00+00:00,7499.32000,7500.70000,7494.70000,7497.70000,1562.00000
2026-05-22 15:45:00+00:00,7497.45000,7498.45000,7493.45000,7496.45000,1256.00000
2026-05-22 16:00:00+00:00,7496.32000,7497.70000,7491.70000,7494.20000,1424.00000
2026-05-22 16:15:00+00:00,7493.95000,7493.95000,7488.45000,7493.70000,1524.00000
2026-05-22 16:30:00+00:00,7493.95000,7496.45000,7488.45000,7490.20000,1682.00000
2026-05-22 16:45:00+00:00,7490.45000,7495.45000,7490.45000,7492.70000,1310.00000
2026-05-22 17:00:00+00:00,7492.95000,7498.95000,7492.95000,7496.20000,1024.00000
2026-05-22 17:15:00+00:00,7496.32000,7507.82000,7487.45000,7507.57000,2790.00000
2026-05-22 17:30:00+00:00,7507.82000,7509.45000,7497.95000,7500.20000,3192.00000
2026-05-22 17:45:00+00:00,7500.32000,7500.95000,7491.20000,7493.70000,1908.00000
2026-05-22 18:00:00+00:00,7493.95000,7496.95000,7488.45000,7491.95000,2248.00000
2026-05-22 18:15:00+00:00,7492.20000,7495.70000,7489.70000,7492.95000,1522.00000
2026-05-22 18:30:00+00:00,7492.70000,7494.45000,7487.95000,7493.20000,1574.00000
2026-05-22 18:45:00+00:00,7493.45000,7494.45000,7489.07000,7491.20000,1246.00000
2026-05-22 19:00:00+00:00,7490.95000,7491.95000,7481.20000,7483.45000,2546.00000
2026-05-22 19:15:00+00:00,7483.20000,7484.20000,7474.70000,7475.45000,1828.00000
2026-05-22 19:30:00+00:00,7475.70000,7480.95000,7472.45000,7476.20000,1986.00000
2026-05-22 19:45:00+00:00,7475.95000,7482.42000,7469.45000,7476.17000,2402.00000
2026-05-22 20:00:00+00:00,7476.42000,7480.42000,7472.92000,7479.92000,1130.00000
2026-05-22 20:15:00+00:00,7480.04000,7480.04000,7476.67000,7477.17000,516.00000
2026-05-22 20:30:00+00:00,7477.42000,7477.92000,7470.67000,7471.17000,1866.00000
2026-05-22 20:45:00+00:00,7471.04000,7472.92000,7467.92000,7469.42000,828.00000
2026-05-24 22:00:00+00:00,7511.38000,7520.25000,7510.13000,7518.88000,3274.00000
2026-05-24 22:15:00+00:00,7518.63000,7520.13000,7515.13000,7516.13000,1492.00000
2026-05-24 22:30:00+00:00,7516.25000,7521.88000,7516.13000,7520.63000,1294.00000
2026-05-24 22:45:00+00:00,7520.75000,7524.63000,7520.50000,7521.13000,862.00000
2026-05-24 23:00:00+00:00,7521.25000,7526.38000,7521.25000,7526.13000,796.00000
2026-05-24 23:15:00+00:00,7526.25000,7526.38000,7522.88000,7523.88000,306.00000
2026-05-24 23:30:00+00:00,7524.13000,7531.88000,7524.13000,7528.50000,1222.00000
2026-05-24 23:45:00+00:00,7528.38000,7529.38000,7524.63000,7525.38000,1000.00000
2026-05-25 00:00:00+00:00,7525.50000,7531.38000,7523.13000,7530.00000,2042.00000
2026-05-25 00:15:00+00:00,7529.88000,7533.13000,7527.50000,7531.63000,1352.00000
2026-05-25 00:30:00+00:00,7531.88000,7533.63000,7530.88000,7532.38000,794.00000
2026-05-25 00:45:00+00:00,7532.63000,7535.63000,7529.13000,7530.38000,1002.00000
2026-05-25 01:00:00+00:00,7530.63000,7532.75000,7528.88000,7532.63000,1260.00000
2026-05-25 01:15:00+00:00,7532.88000,7535.63000,7531.38000,7534.88000,932.00000
2026-05-25 01:30:00+00:00,7535.00000,7537.38000,7534.13000,7535.63000,848.00000
2026-05-25 01:45:00+00:00,7535.75000,7535.88000,7533.50000,7534.13000,344.00000
2026-05-25 02:00:00+00:00,7534.38000,7537.13000,7534.13000,7535.88000,368.00000
2026-05-25 02:15:00+00:00,7535.50000,7535.63000,7533.38000,7534.63000,490.00000
2026-05-25 02:30:00+00:00,7534.88000,7535.88000,7533.88000,7535.88000,338.00000
2026-05-25 02:45:00+00:00,7536.13000,7540.13000,7536.13000,7539.88000,362.00000
2026-05-25 03:00:00+00:00,7540.13000,7546.38000,7540.13000,7543.88000,784.00000
2026-05-25 03:15:00+00:00,7544.13000,7547.13000,7543.13000,7544.38000,656.00000
2026-05-25 03:30:00+00:00,7544.63000,7546.63000,7544.25000,7544.88000,854.00000
2026-05-25 03:45:00+00:00,7544.75000,7545.63000,7543.38000,7543.63000,568.00000
2026-05-25 04:00:00+00:00,7543.88000,7546.38000,7543.75000,7545.63000,382.00000
2026-05-25 04:15:00+00:00,7545.50000,7546.38000,7544.88000,7545.88000,248.00000
2026-05-25 04:30:00+00:00,7545.75000,7546.13000,7544.13000,7545.88000,296.00000
2026-05-25 04:45:00+00:00,7546.13000,7549.38000,7545.75000,7547.13000,350.00000
2026-05-25 05:00:00+00:00,7547.38000,7549.88000,7547.38000,7549.50000,398.00000
2026-05-25 05:15:00+00:00,7549.38000,7551.88000,7549.13000,7550.63000,308.00000
2026-05-25 05:30:00+00:00,7550.38000,7552.88000,7549.88000,7552.38000,298.00000
2026-05-25 05:45:00+00:00,7552.13000,7552.13000,7549.13000,7549.13000,296.00000
2026-05-25 06:00:00+00:00,7548.88000,7550.13000,7547.13000,7548.66000,544.00000
2026-05-25 06:15:00+00:00,7548.41000,7548.41000,7544.91000,7548.41000,416.00000
2026-05-25 06:30:00+00:00,7548.16000,7548.91000,7546.53000,7546.91000,460.00000
2026-05-25 06:45:00+00:00,7546.66000,7550.53000,7546.66000,7547.66000,604.00000
2026-05-25 07:00:00+00:00,7548.16000,7548.91000,7545.16000,7545.16000,816.00000
2026-05-25 07:15:00+00:00,7544.91000,7546.53000,7536.41000,7543.91000,1794.00000
2026-05-25 07:30:00+00:00,7544.03000,7554.03000,7543.53000,7548.66000,1918.00000
2026-05-25 07:45:00+00:00,7548.78000,7549.66000,7547.28000,7549.16000,720.00000
2026-05-25 08:00:00+00:00,7549.41000,7549.66000,7543.53000,7545.91000,932.00000
2026-05-25 08:15:00+00:00,7545.78000,7546.16000,7541.16000,7541.91000,800.00000
2026-05-25 08:30:00+00:00,7542.16000,7546.66000,7541.16000,7546.41000,671.00000
2026-05-25 08:45:00+00:00,7546.66000,7548.16000,7546.66000,7547.91000,446.00000
2026-05-25 09:00:00+00:00,7547.66000,7549.91000,7547.41000,7547.41000,420.00000
2026-05-25 09:15:00+00:00,7547.53000,7548.41000,7546.41000,7547.16000,244.00000
2026-05-25 09:30:00+00:00,7547.03000,7549.16000,7546.16000,7548.41000,364.00000
2026-05-25 09:45:00+00:00,7548.16000,7549.16000,7547.53000,7547.66000,310.00000
2026-05-25 10:00:00+00:00,7547.41000,7549.66000,7546.16000,7549.53000,294.00000
2026-05-25 10:15:00+00:00,7549.66000,7551.41000,7548.66000,7549.41000,372.00000
2026-05-25 10:30:00+00:00,7549.66000,7550.66000,7548.41000,7550.41000,338.00000
2026-05-25 10:45:00+00:00,7550.16000,7550.66000,7548.78000,7549.66000,216.00000
2026-05-25 11:00:00+00:00,7549.53000,7549.91000,7547.41000,7549.41000,372.00000
2026-05-25 11:15:00+00:00,7549.28000,7550.66000,7548.91000,7549.91000,262.00000
2026-05-25 11:30:00+00:00,7550.91000,7552.41000,7550.16000,7551.91000,366.00000
2026-05-25 11:45:00+00:00,7552.03000,7554.41000,7551.53000,7552.16000,502.00000
2026-05-25 12:00:00+00:00,7551.91000,7553.41000,7550.41000,7551.16000,556.00000
2026-05-25 12:15:00+00:00,7551.03000,7556.53000,7550.16000,7551.91000,688.00000
2026-05-25 12:30:00+00:00,7552.16000,7552.41000,7549.16000,7549.41000,366.00000
2026-05-25 12:45:00+00:00,7549.66000,7549.91000,7546.66000,7547.16000,446.00000
2026-05-25 13:00:00+00:00,7547.03000,7547.91000,7546.16000,7547.41000,354.00000
2026-05-25 13:15:00+00:00,7546.91000,7547.41000,7545.66000,7546.66000,318.00000
2026-05-25 13:30:00+00:00,7546.91000,7552.91000,7546.91000,7552.16000,450.00000
2026-05-25 13:45:00+00:00,7552.41000,7553.66000,7549.91000,7553.16000,480.00000
2026-05-25 14:00:00+00:00,7552.91000,7553.41000,7548.41000,7548.41000,456.00000
2026-05-25 14:15:00+00:00,7548.16000,7549.41000,7546.91000,7547.41000,414.00000
2026-05-25 14:30:00+00:00,7547.16000,7547.41000,7542.16000,7542.66000,436.00000
2026-05-25 14:45:00+00:00,7542.41000,7545.91000,7542.41000,7543.66000,498.00000
2026-05-25 15:00:00+00:00,7543.41000,7557.41000,7542.41000,7551.91000,1468.00000
2026-05-25 15:15:00+00:00,7552.16000,7553.66000,7546.41000,7546.41000,1150.00000
2026-05-25 15:30:00+00:00,7546.66000,7548.41000,7544.78000,7547.28000,690.00000
2026-05-25 15:45:00+00:00,7547.16000,7548.66000,7545.66000,7546.91000,358.00000
2026-05-25 16:00:00+00:00,7547.16000,7547.41000,7545.41000,7546.91000,306.00000
2026-05-25 16:15:00+00:00,7547.03000,7547.66000,7543.91000,7543.91000,296.00000
2026-05-25 16:30:00+00:00,7544.16000,7546.66000,7543.41000,7546.66000,328.00000
2026-05-25 16:45:00+00:00,7546.78000,7552.66000,7546.41000,7552.66000,1216.00000
2026-05-25 22:00:00+00:00,7553.60000,7553.60000,7543.73000,7544.23000,2452.00000
2026-05-25 22:15:00+00:00,7544.10000,7547.23000,7542.98000,7545.23000,1108.00000
2026-05-25 22:30:00+00:00,7544.98000,7544.98000,7537.48000,7541.98000,1574.00000
2026-05-25 22:45:00+00:00,7541.73000,7542.10000,7536.23000,7537.73000,1092.00000
2026-05-25 23:00:00+00:00,7537.48000,7539.48000,7534.48000,7535.48000,1132.00000
2026-05-25 23:15:00+00:00,7535.35000,7536.10000,7530.98000,7532.73000,1356.00000
2026-05-25 23:30:00+00:00,7532.48000,7536.23000,7531.98000,7535.35000,756.00000
2026-05-25 23:45:00+00:00,7535.23000,7538.98000,7535.23000,7535.98000,1186.00000
2026-05-26 00:00:00+00:00,7536.23000,7536.23000,7524.23000,7528.23000,3706.00000
2026-05-26 00:15:00+00:00,7528.10000,7530.73000,7525.48000,7530.23000,1904.00000
2026-05-26 00:30:00+00:00,7529.98000,7533.85000,7527.73000,7528.23000,1304.00000
2026-05-26 00:45:00+00:00,7528.35000,7529.73000,7525.73000,7528.23000,1348.00000
2026-05-26 01:00:00+00:00,7528.10000,7529.48000,7523.98000,7529.23000,2148.00000
2026-05-26 01:15:00+00:00,7529.35000,7529.35000,7522.98000,7524.48000,1974.00000
2026-05-26 01:30:00+00:00,7524.73000,7524.73000,7520.10000,7522.73000,1902.00000
2026-05-26 01:45:00+00:00,7522.48000,7527.48000,7522.48000,7527.23000,1148.00000
2026-05-26 02:00:00+00:00,7527.48000,7529.23000,7526.23000,7527.48000,750.00000
2026-05-26 02:15:00+00:00,7527.73000,7529.23000,7523.35000,7526.60000,834.00000
2026-05-26 02:30:00+00:00,7526.73000,7527.98000,7524.48000,7525.48000,996.00000
2026-05-26 02:45:00+00:00,7525.73000,7526.98000,7524.98000,7526.48000,636.00000
2026-05-26 03:00:00+00:00,7526.60000,7527.98000,7524.85000,7524.98000,666.00000
2026-05-26 03:15:00+00:00,7524.73000,7529.23000,7524.73000,7528.48000,556.00000
2026-05-26 03:30:00+00:00,7528.73000,7529.48000,7527.73000,7527.73000,542.00000
2026-05-26 03:45:00+00:00,7527.48000,7529.73000,7526.98000,7528.73000,372.00000
2026-05-26 04:00:00+00:00,7528.98000,7530.73000,7526.23000,7530.73000,384.00000
2026-05-26 04:15:00+00:00,7530.48000,7530.73000,7528.35000,7528.35000,384.00000
2026-05-26 04:30:00+00:00,7528.48000,7530.23000,7527.73000,7528.23000,396.00000
2026-05-26 04:45:00+00:00,7527.98000,7528.23000,7525.73000,7526.98000,476.00000
2026-05-26 05:00:00+00:00,7526.73000,7528.23000,7523.98000,7527.23000,902.00000
2026-05-26 05:15:00+00:00,7527.35000,7528.73000,7526.73000,7528.23000,540.00000
2026-05-26 05:30:00+00:00,7527.73000,7529.48000,7525.85000,7526.98000,652.00000
2026-05-26 05:45:00+00:00,7527.23000,7527.73000,7524.48000,7525.73000,444.00000
2026-05-26 06:00:00+00:00,7525.98000,7529.76000,7524.48000,7529.51000,648.00000
2026-05-26 06:15:00+00:00,7529.26000,7532.01000,7524.51000,7527.26000,766.00000
2026-05-26 06:30:00+00:00,7527.01000,7532.51000,7526.38000,7531.01000,1054.00000
2026-05-26 06:45:00+00:00,7530.76000,7531.01000,7527.26000,7528.01000,562.00000
2026-05-26 07:00:00+00:00,7528.26000,7529.51000,7518.01000,7521.01000,2226.00000
2026-05-26 07:15:00+00:00,7520.51000,7522.01000,7517.13000,7519.26000,1444.00000
2026-05-26 07:30:00+00:00,7519.51000,7521.51000,7514.26000,7521.26000,1594.00000
2026-05-26 07:45:00+00:00,7521.13000,7523.26000,7516.76000,7519.51000,1088.00000
2026-05-26 08:00:00+00:00,7520.01000,7521.38000,7516.51000,7518.51000,1370.00000
2026-05-26 08:15:00+00:00,7518.38000,7521.01000,7517.63000,7519.26000,1076.00000
2026-05-26 08:30:00+00:00,7519.38000,7520.76000,7517.01000,7520.01000,896.00000
2026-05-26 08:45:00+00:00,7519.88000,7521.76000,7517.76000,7521.01000,678.00000
2026-05-26 09:00:00+00:00,7521.26000,7522.51000,7519.01000,7519.26000,814.00000
2026-05-26 09:15:00+00:00,7519.01000,7526.01000,7518.26000,7525.51000,876.00000
2026-05-26 09:30:00+00:00,7526.01000,7527.26000,7524.26000,7524.51000,632.00000
2026-05-26 09:45:00+00:00,7524.26000,7527.01000,7524.26000,7526.01000,534.00000
2026-05-26 10:00:00+00:00,7526.26000,7530.26000,7525.01000,7530.13000,604.00000
2026-05-26 10:15:00+00:00,7530.26000,7535.26000,7529.26000,7534.51000,812.00000
2026-05-26 10:30:00+00:00,7534.63000,7539.51000,7532.76000,7533.51000,1302.00000
2026-05-26 10:45:00+00:00,7533.26000,7533.51000,7530.76000,7530.76000,812.00000
2026-05-26 11:00:00+00:00,7531.01000,7532.51000,7528.76000,7528.76000,734.00000
2026-05-26 11:15:00+00:00,7529.01000,7532.26000,7528.26000,7529.51000,636.00000
2026-05-26 11:30:00+00:00,7529.76000,7531.76000,7520.76000,7529.26000,1854.00000
2026-05-26 11:45:00+00:00,7529.51000,7530.26000,7527.76000,7528.51000,626.00000
2026-05-26 12:00:00+00:00,7528.26000,7530.51000,7524.26000,7529.38000,1020.00000
2026-05-26 12:15:00+00:00,7529.26000,7533.76000,7528.51000,7533.51000,532.00000
2026-05-26 12:30:00+00:00,7533.76000,7536.51000,7531.76000,7533.76000,624.00000
2026-05-26 12:45:00+00:00,7533.88000,7534.26000,7531.26000,7532.26000,692.00000
2026-05-26 13:00:00+00:00,7532.01000,7533.01000,7528.76000,7531.01000,626.00000
2026-05-26 13:15:00+00:00,7531.26000,7532.01000,7522.51000,7522.76000,706.00000
2026-05-26 13:30:00+00:00,7523.01000,7529.01000,7513.26000,7528.51000,3470.00000
2026-05-26 13:45:00+00:00,7528.76000,7533.26000,7518.26000,7529.51000,3350.00000
2026-05-26 14:00:00+00:00,7530.26000,7536.76000,7527.26000,7536.51000,2604.00000
2026-05-26 14:15:00+00:00,7536.76000,7541.01000,7534.01000,7538.01000,1984.00000
2026-05-26 14:30:00+00:00,7537.88000,7543.51000,7535.76000,7542.51000,2062.00000
2026-05-26 14:45:00+00:00,7542.76000,7543.01000,7534.01000,7536.26000,1584.00000
2026-05-26 15:00:00+00:00,7536.51000,7537.01000,7525.76000,7528.01000,2333.00000
2026-05-26 15:15:00+00:00,7527.76000,7527.76000,7519.26000,7520.01000,2166.00000
2026-05-26 15:30:00+00:00,7520.26000,7522.01000,7513.76000,7515.76000,2510.00000
2026-05-26 15:45:00+00:00,7515.63000,7516.26000,7505.51000,7511.26000,3166.00000
2026-05-26 16:00:00+00:00,7511.51000,7516.01000,7508.01000,7511.01000,1882.00000
2026-05-26 16:15:00+00:00,7510.76000,7519.51000,7510.01000,7519.26000,1260.00000
2026-05-26 16:30:00+00:00,7519.51000,7522.26000,7514.01000,7514.51000,1486.00000
2026-05-26 16:45:00+00:00,7514.26000,7516.26000,7510.51000,7511.88000,1448.00000
2026-05-26 17:00:00+00:00,7512.01000,7516.26000,7511.01000,7514.76000,1414.00000
2026-05-26 17:15:00+00:00,7515.01000,7515.01000,7507.01000,7508.26000,1360.00000
2026-05-26 17:30:00+00:00,7508.51000,7513.26000,7506.76000,7510.26000,1358.00000
2026-05-26 17:45:00+00:00,7510.51000,7515.26000,7509.76000,7512.26000,984.00000
2026-05-26 18:00:00+00:00,7512.51000,7519.01000,7510.01000,7518.51000,1052.00000
2026-05-26 18:15:00+00:00,7518.76000,7522.01000,7518.01000,7518.51000,1028.00000
2026-05-26 18:30:00+00:00,7518.26000,7522.01000,7516.01000,7516.01000,880.00000
2026-05-26 18:45:00+00:00,7515.76000,7517.76000,7512.51000,7513.01000,890.00000
2026-05-26 19:00:00+00:00,7513.26000,7516.26000,7510.51000,7513.76000,1130.00000
2026-05-26 19:15:00+00:00,7514.01000,7517.76000,7514.01000,7517.01000,626.00000
2026-05-26 19:30:00+00:00,7517.26000,7527.38000,7517.26000,7527.01000,832.00000
2026-05-26 19:45:00+00:00,7526.76000,7530.76000,7522.73000,7527.48000,1466.00000
2026-05-26 20:00:00+00:00,7528.23000,7528.98000,7524.23000,7524.23000,620.00000
2026-05-26 20:15:00+00:00,7523.98000,7527.23000,7523.48000,7523.73000,226.00000
2026-05-26 20:30:00+00:00,7523.48000,7525.73000,7523.48000,7524.23000,130.00000
2026-05-26 20:45:00+00:00,7524.48000,7524.48000,7519.85000,7521.48000,364.00000
2026-05-26 22:00:00+00:00,7524.58000,7526.83000,7518.71000,7521.08000,1434.00000
2026-05-26 22:15:00+00:00,7520.96000,7523.71000,7519.33000,7521.96000,758.00000
2026-05-26 22:30:00+00:00,7522.08000,7524.71000,7521.96000,7522.58000,428.00000
2026-05-26 22:45:00+00:00,7522.71000,7523.46000,7520.46000,7522.46000,586.00000
2026-05-26 23:00:00+00:00,7522.58000,7524.96000,7522.46000,7522.96000,566.00000
2026-05-26 23:15:00+00:00,7523.08000,7528.08000,7522.46000,7527.96000,616.00000
2026-05-26 23:30:00+00:00,7527.71000,7530.96000,7525.71000,7530.96000,666.00000
2026-05-26 23:45:00+00:00,7531.21000,7533.71000,7530.46000,7532.71000,1264.00000
2026-05-27 00:00:00+00:00,7532.46000,7534.21000,7531.21000,7532.83000,2056.00000
2026-05-27 00:15:00+00:00,7532.71000,7532.71000,7526.96000,7531.46000,1488.00000
2026-05-27 00:30:00+00:00,7531.71000,7535.21000,7530.46000,7532.96000,1366.00000
2026-05-27 00:45:00+00:00,7533.08000,7536.08000,7532.21000,7534.83000,1292.00000
2026-05-27 01:00:00+00:00,7534.71000,7537.71000,7532.96000,7536.96000,1486.00000
2026-05-27 01:15:00+00:00,7536.71000,7537.71000,7534.96000,7536.21000,640.00000
2026-05-27 01:30:00+00:00,7535.96000,7536.46000,7534.46000,7534.46000,888.00000
2026-05-27 01:45:00+00:00,7534.33000,7534.71000,7530.96000,7531.46000,864.00000
2026-05-27 02:00:00+00:00,7531.96000,7533.96000,7531.46000,7533.21000,840.00000
2026-05-27 02:15:00+00:00,7533.33000,7535.71000,7533.21000,7534.71000,544.00000
2026-05-27 02:30:00+00:00,7534.46000,7535.71000,7533.21000,7534.21000,416.00000
2026-05-27 02:45:00+00:00,7534.08000,7535.96000,7533.21000,7533.21000,422.00000
2026-05-27 03:00:00+00:00,7533.46000,7535.71000,7532.46000,7532.71000,474.00000
2026-05-27 03:15:00+00:00,7532.96000,7533.21000,7530.96000,7531.96000,312.00000
2026-05-27 03:30:00+00:00,7532.21000,7532.46000,7529.21000,7530.96000,540.00000
2026-05-27 03:45:00+00:00,7530.83000,7530.96000,7527.46000,7527.96000,592.00000
2026-05-27 04:00:00+00:00,7527.71000,7531.46000,7527.58000,7529.71000,734.00000
2026-05-27 04:15:00+00:00,7529.58000,7529.96000,7524.83000,7525.21000,996.00000
2026-05-27 04:30:00+00:00,7524.96000,7529.96000,7524.71000,7529.96000,1042.00000
2026-05-27 04:45:00+00:00,7530.21000,7532.21000,7529.71000,7530.46000,668.00000
2026-05-27 05:00:00+00:00,7530.21000,7532.71000,7529.46000,7531.21000,1246.00000
2026-05-27 05:15:00+00:00,7530.96000,7531.71000,7527.96000,7531.46000,1122.00000
2026-05-27 05:30:00+00:00,7531.71000,7532.21000,7526.96000,7531.71000,1370.00000
2026-05-27 05:45:00+00:00,7531.96000,7533.96000,7530.21000,7532.96000,1096.00000
2026-05-27 06:00:00+00:00,7533.21000,7534.49000,7531.24000,7532.49000,1274.00000
2026-05-27 06:15:00+00:00,7532.36000,7533.36000,7529.49000,7530.49000,864.00000
2026-05-27 06:30:00+00:00,7530.24000,7530.99000,7526.24000,7528.74000,844.00000
2026-05-27 06:45:00+00:00,7528.61000,7530.49000,7527.74000,7528.99000,604.00000
2026-05-27 07:00:00+00:00,7529.49000,7534.49000,7529.24000,7534.49000,1096.00000
2026-05-27 07:15:00+00:00,7534.24000,7536.49000,7533.24000,7535.49000,742.00000
2026-05-27 07:30:00+00:00,7535.74000,7537.24000,7534.49000,7536.49000,672.00000
2026-05-27 07:45:00+00:00,7536.74000,7537.49000,7533.74000,7536.99000,522.00000
2026-05-27 08:00:00+00:00,7536.74000,7540.99000,7536.24000,7540.74000,1140.00000
2026-05-27 08:15:00+00:00,7541.24000,7547.74000,7540.99000,7546.24000,1072.00000
2026-05-27 08:30:00+00:00,7546.36000,7547.99000,7543.99000,7547.99000,896.00000
2026-05-27 08:45:00+00:00,7547.74000,7548.49000,7546.24000,7546.74000,566.00000
2026-05-27 09:00:00+00:00,7546.49000,7547.74000,7544.99000,7546.99000,736.00000
2026-05-27 09:15:00+00:00,7546.86000,7547.99000,7545.74000,7546.24000,604.00000
2026-05-27 09:30:00+00:00,7546.49000,7549.74000,7544.99000,7547.24000,592.00000
2026-05-27 09:45:00+00:00,7547.49000,7550.24000,7546.24000,7549.24000,414.00000
2026-05-27 10:00:00+00:00,7549.49000,7553.99000,7548.99000,7553.74000,664.00000
2026-05-27 10:15:00+00:00,7553.49000,7553.99000,7550.24000,7550.74000,390.00000
2026-05-27 10:30:00+00:00,7550.49000,7550.74000,7548.49000,7549.49000,490.00000
2026-05-27 10:45:00+00:00,7549.74000,7551.99000,7549.49000,7550.99000,340.00000
2026-05-27 11:00:00+00:00,7551.24000,7555.49000,7549.99000,7552.24000,976.00000
2026-05-27 11:15:00+00:00,7551.99000,7553.99000,7548.99000,7549.11000,968.00000
2026-05-27 11:30:00+00:00,7548.99000,7549.74000,7545.24000,7545.74000,818.00000
2026-05-27 11:45:00+00:00,7545.49000,7545.99000,7539.74000,7540.24000,796.00000
2026-05-27 12:00:00+00:00,7540.36000,7540.49000,7536.49000,7537.74000,890.00000
2026-05-27 12:15:00+00:00,7537.49000,7559.74000,7534.49000,7555.99000,4998.00000
2026-05-27 12:30:00+00:00,7556.24000,7557.24000,7547.24000,7547.49000,2610.00000
2026-05-27 12:45:00+00:00,7547.36000,7547.49000,7540.74000,7541.74000,1256.00000
2026-05-27 13:00:00+00:00,7541.49000,7542.74000,7533.99000,7536.49000,1532.00000
2026-05-27 13:15:00+00:00,7536.24000,7537.49000,7531.24000,7531.24000,1334.00000
2026-05-27 13:30:00+00:00,7530.99000,7534.99000,7514.99000,7517.24000,4112.00000
2026-05-27 13:45:00+00:00,7516.74000,7527.49000,7515.49000,7527.24000,4532.00000
2026-05-27 14:00:00+00:00,7527.49000,7535.24000,7523.74000,7530.49000,3766.00000
2026-05-27 14:15:00+00:00,7530.24000,7536.24000,7517.99000,7522.74000,4506.00000
2026-05-27 14:30:00+00:00,7522.24000,7532.74000,7515.49000,7526.74000,4679.00000
2026-05-27 14:45:00+00:00,7526.86000,7527.99000,7516.99000,7519.24000,3150.00000
2026-05-27 15:00:00+00:00,7519.49000,7523.74000,7516.24000,7520.74000,2972.00000
2026-05-27 15:15:00+00:00,7520.49000,7520.74000,7511.24000,7517.74000,2650.00000
2026-05-27 15:30:00+00:00,7517.99000,7523.99000,7507.74000,7508.49000,2868.00000
2026-05-27 15:45:00+00:00,7508.24000,7514.99000,7505.74000,7513.49000,2832.00000
2026-05-27 16:00:00+00:00,7513.24000,7519.49000,7508.24000,7517.99000,2350.00000
2026-05-27 16:15:00+00:00,7518.24000,7520.49000,7515.99000,7518.99000,1626.00000
2026-05-27 16:30:00+00:00,7518.74000,7526.49000,7516.99000,7524.74000,1150.00000
2026-05-27 16:45:00+00:00,7524.99000,7528.24000,7518.49000,7519.99000,1348.00000
2026-05-27 17:00:00+00:00,7520.24000,7520.99000,7504.24000,7511.24000,2450.00000
2026-05-27 17:15:00+00:00,7510.99000,7517.24000,7509.74000,7513.74000,1316.00000
2026-05-27 17:30:00+00:00,7513.99000,7521.49000,7513.74000,7516.24000,1378.00000
2026-05-27 17:45:00+00:00,7515.99000,7522.99000,7514.24000,7519.74000,1146.00000
2026-05-27 18:00:00+00:00,7519.49000,7522.99000,7515.74000,7522.74000,1160.00000
2026-05-27 18:15:00+00:00,7522.99000,7530.49000,7521.49000,7529.74000,1114.00000
2026-05-27 18:30:00+00:00,7529.99000,7531.74000,7526.74000,7530.99000,896.00000
2026-05-27 18:45:00+00:00,7530.74000,7533.49000,7529.49000,7530.99000,730.00000
2026-05-27 19:00:00+00:00,7531.24000,7534.24000,7529.49000,7531.99000,832.00000
2026-05-27 19:15:00+00:00,7531.74000,7532.99000,7525.99000,7528.49000,780.00000
2026-05-27 19:30:00+00:00,7528.24000,7531.74000,7526.49000,7531.74000,946.00000
2026-05-27 19:45:00+00:00,7531.49000,7531.49000,7524.49000,7528.71000,1520.00000
2026-05-27 20:00:00+00:00,7528.96000,7532.96000,7527.71000,7532.21000,626.00000
2026-05-27 20:15:00+00:00,7532.33000,7538.21000,7532.21000,7535.21000,516.00000
2026-05-27 20:30:00+00:00,7534.96000,7538.21000,7534.96000,7537.96000,216.00000
2026-05-27 20:45:00+00:00,7538.21000,7542.96000,7538.21000,7542.96000,150.00000
2026-05-27 22:00:00+00:00,7544.32000,7547.45000,7538.70000,7539.70000,1558.00000
2026-05-27 22:15:00+00:00,7539.45000,7541.70000,7534.82000,7534.82000,980.00000
2026-05-27 22:30:00+00:00,7534.57000,7537.45000,7530.95000,7534.32000,1482.00000
2026-05-27 22:45:00+00:00,7534.45000,7536.70000,7533.45000,7535.82000,770.00000
2026-05-27 23:00:00+00:00,7535.70000,7537.70000,7533.95000,7535.20000,658.00000
2026-05-27 23:15:00+00:00,7535.07000,7538.95000,7530.70000,7533.45000,1538.00000
2026-05-27 23:30:00+00:00,7533.20000,7533.20000,7526.45000,7527.45000,1092.00000
2026-05-27 23:45:00+00:00,7527.57000,7527.70000,7522.07000,7524.32000,1772.00000
2026-05-28 00:00:00+00:00,7523.20000,7529.70000,7522.45000,7523.95000,3472.00000
2026-05-28 00:15:00+00:00,7524.07000,7531.95000,7523.45000,7529.95000,2372.00000
2026-05-28 00:30:00+00:00,7530.20000,7532.20000,7526.07000,7531.07000,2038.00000
2026-05-28 00:45:00+00:00,7531.20000,7541.45000,7530.95000,7538.95000,1640.00000
2026-05-28 01:00:00+00:00,7538.82000,7540.20000,7533.95000,7537.20000,2192.00000
2026-05-28 01:15:00+00:00,7537.07000,7538.20000,7533.70000,7536.32000,1894.00000
2026-05-28 01:30:00+00:00,7536.20000,7538.95000,7534.70000,7534.95000,1884.00000
2026-05-28 01:45:00+00:00,7535.07000,7540.20000,7532.70000,7539.20000,1588.00000
2026-05-28 02:00:00+00:00,7539.45000,7540.45000,7532.70000,7532.70000,1536.00000
2026-05-28 02:15:00+00:00,7532.57000,7533.20000,7527.45000,7527.45000,946.00000
2026-05-28 02:30:00+00:00,7527.70000,7529.20000,7523.20000,7524.20000,1276.00000
2026-05-28 02:45:00+00:00,7523.95000,7527.45000,7522.45000,7523.95000,1038.00000
2026-05-28 03:00:00+00:00,7524.20000,7526.20000,7517.95000,7519.95000,1742.00000
2026-05-28 03:15:00+00:00,7519.82000,7522.70000,7516.70000,7517.20000,1632.00000
2026-05-28 03:30:00+00:00,7516.95000,7517.07000,7502.82000,7502.95000,3794.00000
2026-05-28 03:45:00+00:00,7502.45000,7507.95000,7501.32000,7502.45000,3228.00000
2026-05-28 04:00:00+00:00,7502.70000,7504.45000,7497.32000,7499.45000,3074.00000
2026-05-28 04:15:00+00:00,7499.32000,7501.20000,7495.70000,7499.20000,2902.00000
2026-05-28 04:30:00+00:00,7498.95000,7504.70000,7498.20000,7501.45000,1798.00000
2026-05-28 04:45:00+00:00,7501.57000,7502.70000,7498.70000,7499.82000,1408.00000
2026-05-28 05:00:00+00:00,7499.95000,7504.45000,7496.82000,7503.70000,2412.00000
2026-05-28 05:15:00+00:00,7503.82000,7507.45000,7502.07000,7507.45000,1608.00000
2026-05-28 05:30:00+00:00,7507.70000,7516.32000,7506.95000,7514.70000,1852.00000
2026-05-28 05:45:00+00:00,7514.95000,7518.95000,7514.70000,7517.70000,930.00000
2026-05-28 06:00:00+00:00,7517.95000,7520.48000,7517.48000,7519.98000,872.00000
2026-05-28 06:15:00+00:00,7519.85000,7521.23000,7517.85000,7518.98000,700.00000
2026-05-28 06:30:00+00:00,7518.73000,7518.98000,7514.23000,7517.23000,710.00000
2026-05-28 06:45:00+00:00,7516.98000,7518.73000,7513.48000,7518.23000,806.00000
2026-05-28 07:00:00+00:00,7518.48000,7524.23000,7518.48000,7520.23000,1434.00000
2026-05-28 07:15:00+00:00,7520.73000,7521.48000,7518.48000,7519.48000,958.00000
2026-05-28 07:30:00+00:00,7519.60000,7521.23000,7517.73000,7519.73000,940.00000
2026-05-28 07:45:00+00:00,7519.85000,7521.98000,7515.23000,7521.48000,1226.00000
2026-05-28 08:00:00+00:00,7522.23000,7524.23000,7519.48000,7521.73000,2196.00000
2026-05-28 08:15:00+00:00,7521.48000,7524.23000,7516.73000,7519.73000,1298.00000
2026-05-28 08:30:00+00:00,7519.60000,7522.98000,7518.73000,7520.23000,970.00000
2026-05-28 08:45:00+00:00,7520.35000,7523.23000,7519.23000,7522.98000,690.00000
2026-05-28 09:00:00+00:00,7522.73000,7525.48000,7519.73000,7520.98000,718.00000
2026-05-28 09:15:00+00:00,7521.23000,7524.23000,7520.73000,7521.48000,592.00000
2026-05-28 09:30:00+00:00,7521.23000,7521.48000,7517.23000,7518.98000,750.00000
2026-05-28 09:45:00+00:00,7518.85000,7523.48000,7518.48000,7522.10000,710.00000
2026-05-28 10:00:00+00:00,7521.98000,7522.23000,7517.98000,7518.48000,644.00000
2026-05-28 10:15:00+00:00,7518.23000,7519.98000,7513.98000,7516.98000,932.00000
2026-05-28 10:30:00+00:00,7517.10000,7517.48000,7513.23000,7513.48000,840.00000
2026-05-28 10:45:00+00:00,7513.73000,7516.23000,7505.23000,7508.98000,2058.00000
2026-05-28 11:00:00+00:00,7509.10000,7512.85000,7507.48000,7508.23000,2114.00000
2026-05-28 11:15:00+00:00,7508.10000,7512.23000,7507.73000,7508.35000,1210.00000
2026-05-28 11:30:00+00:00,7508.48000,7514.48000,7506.73000,7514.23000,1376.00000
2026-05-28 11:45:00+00:00,7514.48000,7514.48000,7510.23000,7511.73000,1022.00000
2026-05-28 12:00:00+00:00,7511.85000,7515.73000,7510.73000,7514.98000,1274.00000
2026-05-28 12:15:00+00:00,7515.23000,7515.48000,7510.98000,7514.85000,1212.00000
2026-05-28 12:30:00+00:00,7514.73000,7525.60000,7514.48000,7525.48000,2200.00000
2026-05-28 12:45:00+00:00,7525.23000,7529.23000,7524.73000,7527.98000,1504.00000
2026-05-28 13:00:00+00:00,7528.10000,7533.35000,7525.48000,7525.48000,1310.00000
2026-05-28 13:15:00+00:00,7525.23000,7528.48000,7524.48000,7524.98000,896.00000
2026-05-28 13:30:00+00:00,7525.48000,7527.23000,7515.48000,7518.73000,3494.00000
2026-05-28 13:45:00+00:00,7518.48000,7526.73000,7516.23000,7525.48000,3132.00000
2026-05-28 14:00:00+00:00,7525.23000,7563.48000,7523.48000,7554.35000,4446.00000
2026-05-28 14:15:00+00:00,7554.48000,7558.48000,7543.23000,7551.23000,5822.00000
2026-05-28 14:30:00+00:00,7551.48000,7553.73000,7540.98000,7548.23000,3700.00000
2026-05-28 14:45:00+00:00,7548.48000,7553.23000,7542.23000,7552.48000,3120.00000
2026-05-28 15:00:00+00:00,7552.73000,7563.23000,7551.48000,7556.98000,2402.00000
2026-05-28 15:15:00+00:00,7557.10000,7565.48000,7554.98000,7563.48000,1564.00000
2026-05-28 15:30:00+00:00,7563.23000,7566.23000,7561.73000,7563.98000,1380.00000
2026-05-28 15:45:00+00:00,7564.23000,7566.73000,7562.23000,7564.73000,900.00000
2026-05-28 16:00:00+00:00,7564.98000,7565.98000,7560.98000,7565.73000,936.00000
2026-05-28 16:15:00+00:00,7565.48000,7572.48000,7563.98000,7567.73000,1162.00000
2026-05-28 16:30:00+00:00,7567.98000,7568.73000,7564.48000,7568.23000,868.00000
2026-05-28 16:45:00+00:00,7568.73000,7571.73000,7566.48000,7570.98000,742.00000
2026-05-28 17:00:00+00:00,7571.23000,7572.73000,7566.48000,7566.73000,712.00000
2026-05-28 17:15:00+00:00,7566.98000,7568.98000,7564.98000,7566.48000,730.00000
2026-05-28 17:30:00+00:00,7566.73000,7569.48000,7564.98000,7568.73000,714.00000
2026-05-28 17:45:00+00:00,7568.48000,7573.23000,7568.23000,7570.73000,692.00000
2026-05-28 18:00:00+00:00,7570.98000,7572.73000,7568.73000,7568.98000,712.00000
2026-05-28 18:15:00+00:00,7569.23000,7572.48000,7567.98000,7571.73000,908.00000
2026-05-28 18:30:00+00:00,7571.48000,7571.48000,7566.73000,7567.48000,696.00000
2026-05-28 18:45:00+00:00,7567.73000,7569.98000,7565.98000,7566.48000,568.00000
2026-05-28 19:00:00+00:00,7566.73000,7569.23000,7565.23000,7566.73000,538.00000
2026-05-28 19:15:00+00:00,7566.48000,7571.98000,7565.98000,7571.98000,632.00000
2026-05-28 19:30:00+00:00,7571.73000,7576.23000,7571.73000,7571.98000,800.00000
2026-05-28 19:45:00+00:00,7571.73000,7574.48000,7569.98000,7572.20000,1114.00000
2026-05-28 20:00:00+00:00,7571.70000,7579.70000,7570.45000,7579.45000,580.00000
2026-05-28 20:15:00+00:00,7579.20000,7579.95000,7576.95000,7579.70000,354.00000
2026-05-28 20:30:00+00:00,7579.45000,7580.45000,7577.45000,7577.70000,242.00000
2026-05-28 20:45:00+00:00,7577.45000,7579.45000,7577.45000,7578.20000,284.00000
2026-05-28 22:00:00+00:00,7578.44000,7582.57000,7576.07000,7578.07000,1534.00000
2026-05-28 22:15:00+00:00,7578.32000,7578.57000,7575.32000,7576.57000,766.00000
2026-05-28 22:30:00+00:00,7576.32000,7578.57000,7575.32000,7577.32000,502.00000
2026-05-28 22:45:00+00:00,7577.44000,7578.19000,7575.57000,7575.57000,326.00000
2026-05-28 23:00:00+00:00,7575.69000,7578.94000,7575.57000,7578.32000,506.00000
2026-05-28 23:15:00+00:00,7578.19000,7580.19000,7578.07000,7579.07000,314.00000
2026-05-28 23:30:00+00:00,7578.82000,7578.82000,7577.07000,7577.32000,376.00000
2026-05-28 23:45:00+00:00,7577.07000,7577.07000,7574.57000,7575.57000,872.00000
2026-05-29 00:00:00+00:00,7575.32000,7575.32000,7572.32000,7573.57000,1614.00000
2026-05-29 00:15:00+00:00,7573.69000,7576.32000,7572.82000,7573.19000,1002.00000
2026-05-29 00:30:00+00:00,7573.32000,7573.32000,7567.32000,7568.07000,832.00000
2026-05-29 00:45:00+00:00,7568.19000,7568.82000,7566.07000,7567.82000,698.00000
2026-05-29 01:00:00+00:00,7568.07000,7569.57000,7564.44000,7566.32000,1296.00000
2026-05-29 01:15:00+00:00,7566.19000,7568.07000,7564.57000,7565.07000,1064.00000
2026-05-29 01:30:00+00:00,7564.82000,7568.57000,7563.07000,7568.07000,1006.00000
2026-05-29 01:45:00+00:00,7568.32000,7569.57000,7564.82000,7567.32000,778.00000
2026-05-29 02:00:00+00:00,7567.57000,7571.57000,7566.32000,7571.07000,1086.00000
2026-05-29 02:15:00+00:00,7571.32000,7571.32000,7564.57000,7566.07000,604.00000
2026-05-29 02:30:00+00:00,7565.82000,7569.07000,7565.32000,7567.94000,838.00000
2026-05-29 02:45:00+00:00,7568.07000,7568.57000,7565.57000,7566.07000,676.00000
2026-05-29 03:00:00+00:00,7566.32000,7571.32000,7565.94000,7570.07000,622.00000
2026-05-29 03:15:00+00:00,7570.19000,7572.07000,7569.57000,7570.82000,468.00000
2026-05-29 03:30:00+00:00,7570.69000,7571.57000,7569.32000,7570.82000,616.00000
2026-05-29 03:45:00+00:00,7570.57000,7572.82000,7568.57000,7570.82000,822.00000
2026-05-29 04:00:00+00:00,7571.07000,7573.32000,7570.82000,7572.57000,642.00000
2026-05-29 04:15:00+00:00,7572.69000,7574.82000,7572.57000,7574.07000,508.00000
2026-05-29 04:30:00+00:00,7574.32000,7576.82000,7573.57000,7576.82000,376.00000
2026-05-29 04:45:00+00:00,7576.57000,7576.82000,7574.82000,7575.32000,340.00000
2026-05-29 05:00:00+00:00,7575.57000,7577.57000,7574.69000,7576.57000,352.00000
2026-05-29 05:15:00+00:00,7576.44000,7578.07000,7575.57000,7577.57000,292.00000
2026-05-29 05:30:00+00:00,7577.32000,7577.57000,7574.07000,7575.82000,462.00000
2026-05-29 05:45:00+00:00,7575.94000,7577.57000,7575.32000,7576.32000,346.00000
2026-05-29 06:00:00+00:00,7576.07000,7579.85000,7576.07000,7579.35000,412.00000
2026-05-29 06:15:00+00:00,7579.60000,7582.60000,7577.85000,7577.85000,530.00000
2026-05-29 06:30:00+00:00,7578.10000,7580.85000,7577.22000,7580.35000,784.00000
2026-05-29 06:45:00+00:00,7580.22000,7582.85000,7579.85000,7582.60000,398.00000
2026-05-29 07:00:00+00:00,7582.35000,7582.85000,7579.85000,7580.10000,688.00000
2026-05-29 07:15:00+00:00,7579.97000,7580.35000,7574.35000,7575.85000,912.00000
2026-05-29 07:30:00+00:00,7576.10000,7576.35000,7570.35000,7572.35000,1248.00000
2026-05-29 07:45:00+00:00,7572.47000,7577.10000,7572.10000,7576.85000,662.00000
2026-05-29 08:00:00+00:00,7577.10000,7579.60000,7574.85000,7578.35000,1456.00000
2026-05-29 08:15:00+00:00,7578.60000,7579.10000,7574.97000,7577.60000,1026.00000
2026-05-29 08:30:00+00:00,7577.85000,7578.85000,7575.85000,7576.10000,756.00000
2026-05-29 08:45:00+00:00,7575.60000,7576.60000,7572.35000,7576.10000,706.00000
2026-05-29 09:00:00+00:00,7576.35000,7583.35000,7575.35000,7582.85000,1000.00000
2026-05-29 09:15:00+00:00,7582.97000,7585.60000,7579.85000,7582.35000,1110.00000
2026-05-29 09:30:00+00:00,7582.10000,7582.85000,7580.10000,7580.60000,866.00000
2026-05-29 09:45:00+00:00,7580.35000,7583.60000,7579.85000,7580.60000,822.00000
2026-05-29 10:00:00+00:00,7580.35000,7580.85000,7575.10000,7577.35000,688.00000
2026-05-29 10:15:00+00:00,7577.22000,7579.60000,7575.85000,7578.85000,630.00000
2026-05-29 10:30:00+00:00,7578.60000,7580.85000,7577.35000,7579.97000,614.00000
2026-05-29 10:45:00+00:00,7580.10000,7581.60000,7579.47000,7580.60000,588.00000
2026-05-29 11:00:00+00:00,7580.35000,7583.35000,7580.35000,7582.85000,524.00000
2026-05-29 11:15:00+00:00,7582.60000,7585.97000,7580.10000,7580.35000,744.00000
2026-05-29 11:30:00+00:00,7580.60000,7582.60000,7576.60000,7581.35000,796.00000
2026-05-29 11:45:00+00:00,7581.22000,7583.85000,7574.60000,7583.60000,1362.00000
2026-05-29 12:00:00+00:00,7583.85000,7584.22000,7579.85000,7580.35000,1078.00000
2026-05-29 12:15:00+00:00,7580.10000,7583.10000,7579.60000,7582.10000,834.00000
2026-05-29 12:30:00+00:00,7582.35000,7582.85000,7576.60000,7579.10000,1384.00000
2026-05-29 12:45:00+00:00,7578.85000,7582.35000,7576.60000,7581.60000,658.00000
2026-05-29 13:00:00+00:00,7581.85000,7583.22000,7579.10000,7579.35000,726.00000
2026-05-29 13:15:00+00:00,7579.60000,7581.10000,7577.60000,7581.10000,868.00000
2026-05-29 13:30:00+00:00,7580.85000,7596.10000,7577.10000,7596.10000,2873.00000
2026-05-29 13:45:00+00:00,7596.35000,7600.10000,7594.10000,7599.10000,2008.00000
2026-05-29 14:00:00+00:00,7599.35000,7601.85000,7593.10000,7594.35000,2596.00000
2026-05-29 14:15:00+00:00,7594.47000,7594.47000,7579.35000,7587.10000,3934.00000
2026-05-29 14:30:00+00:00,7587.35000,7590.35000,7572.10000,7572.60000,4317.00000
2026-05-29 14:45:00+00:00,7572.35000,7588.10000,7567.85000,7581.10000,5008.00000
2026-05-29 15:00:00+00:00,7580.97000,7593.85000,7579.60000,7593.60000,3342.00000
2026-05-29 15:15:00+00:00,7593.85000,7594.85000,7583.85000,7588.60000,2908.00000
2026-05-29 15:30:00+00:00,7588.72000,7594.10000,7585.60000,7587.60000,2980.00000
2026-05-29 15:45:00+00:00,7587.35000,7589.60000,7583.60000,7584.85000,2354.00000
2026-05-29 16:00:00+00:00,7584.97000,7595.35000,7584.10000,7593.60000,1608.00000
2026-05-29 16:15:00+00:00,7593.35000,7594.35000,7587.47000,7588.10000,1174.00000
2026-05-29 16:30:00+00:00,7587.85000,7598.85000,7585.60000,7595.35000,1886.00000
2026-05-29 16:45:00+00:00,7595.60000,7596.10000,7585.85000,7588.35000,1620.00000
2026-05-29 17:00:00+00:00,7588.60000,7590.60000,7585.60000,7587.85000,1206.00000
2026-05-29 17:15:00+00:00,7588.10000,7590.35000,7582.35000,7586.35000,1480.00000
2026-05-29 17:30:00+00:00,7586.10000,7587.35000,7580.60000,7581.10000,1220.00000
2026-05-29 17:45:00+00:00,7580.85000,7583.35000,7572.72000,7573.60000,1582.00000
2026-05-29 18:00:00+00:00,7573.85000,7581.85000,7572.10000,7578.10000,1608.00000
2026-05-29 18:15:00+00:00,7578.35000,7584.85000,7576.60000,7583.60000,1038.00000
2026-05-29 18:30:00+00:00,7583.85000,7588.35000,7583.85000,7584.85000,902.00000
2026-05-29 18:45:00+00:00,7584.60000,7584.85000,7574.85000,7575.60000,2100.00000
2026-05-29 19:00:00+00:00,7575.35000,7585.85000,7574.10000,7584.60000,1182.00000
2026-05-29 19:15:00+00:00,7584.35000,7589.60000,7580.60000,7589.60000,906.00000
2026-05-29 19:30:00+00:00,7589.85000,7597.10000,7589.35000,7592.85000,1124.00000
2026-05-29 19:45:00+00:00,7593.10000,7594.35000,7583.82000,7584.82000,2392.00000
2026-05-29 20:00:00+00:00,7585.07000,7589.07000,7583.32000,7586.57000,1086.00000
2026-05-29 20:15:00+00:00,7586.82000,7586.82000,7579.57000,7581.07000,562.00000
2026-05-29 20:30:00+00:00,7580.82000,7583.07000,7580.07000,7580.32000,212.00000
2026-05-29 20:45:00+00:00,7580.57000,7584.07000,7579.57000,7580.82000,274.00000
2026-05-31 22:00:00+00:00,7587.21000,7588.96000,7577.58000,7586.46000,2471.00000
2026-05-31 22:15:00+00:00,7586.08000,7589.46000,7584.46000,7587.71000,1114.00000
2026-05-31 22:30:00+00:00,7587.58000,7591.71000,7587.21000,7591.71000,1054.00000
2026-05-31 22:45:00+00:00,7591.96000,7595.21000,7591.96000,7593.71000,806.00000
2026-05-31 23:00:00+00:00,7593.58000,7595.96000,7592.46000,7594.96000,704.00000
2026-05-31 23:15:00+00:00,7595.21000,7596.58000,7593.21000,7595.96000,624.00000
2026-05-31 23:30:00+00:00,7596.08000,7597.46000,7594.96000,7595.83000,672.00000
2026-05-31 23:45:00+00:00,7595.71000,7598.46000,7594.71000,7597.21000,940.00000
2026-06-01 00:00:00+00:00,7597.58000,7603.96000,7596.71000,7601.21000,1770.00000
2026-06-01 00:15:00+00:00,7600.96000,7603.96000,7598.96000,7603.71000,1066.00000
2026-06-01 00:30:00+00:00,7603.83000,7605.21000,7601.46000,7603.46000,786.00000
2026-06-01 00:45:00+00:00,7603.71000,7605.96000,7602.96000,7603.71000,762.00000
2026-06-01 01:00:00+00:00,7603.46000,7604.83000,7600.46000,7602.21000,1154.00000
2026-06-01 01:15:00+00:00,7602.33000,7605.21000,7602.21000,7602.96000,804.00000
2026-06-01 01:30:00+00:00,7602.83000,7604.96000,7602.21000,7604.71000,602.00000
2026-06-01 01:45:00+00:00,7604.96000,7606.46000,7604.21000,7605.96000,408.00000
2026-06-01 02:00:00+00:00,7605.71000,7609.46000,7605.71000,7608.96000,430.00000
2026-06-01 02:15:00+00:00,7609.21000,7609.71000,7608.46000,7608.96000,292.00000
2026-06-01 02:30:00+00:00,7608.71000,7609.21000,7606.96000,7607.21000,424.00000
2026-06-01 02:45:00+00:00,7607.46000,7607.83000,7606.21000,7607.46000,384.00000
2026-06-01 03:00:00+00:00,7607.71000,7609.21000,7607.21000,7607.21000,194.00000
2026-06-01 03:15:00+00:00,7607.33000,7609.96000,7603.46000,7609.46000,812.00000
2026-06-01 03:30:00+00:00,7609.21000,7611.71000,7604.58000,7604.71000,530.00000
2026-06-01 03:45:00+00:00,7604.96000,7606.46000,7603.71000,7604.46000,626.00000
2026-06-01 04:00:00+00:00,7604.71000,7607.21000,7604.21000,7606.21000,468.00000
2026-06-01 04:15:00+00:00,7606.33000,7607.58000,7605.21000,7606.96000,288.00000
2026-06-01 04:30:00+00:00,7607.21000,7609.96000,7606.21000,7609.71000,374.00000
2026-06-01 04:45:00+00:00,7609.96000,7609.96000,7608.21000,7609.46000,272.00000
2026-06-01 05:00:00+00:00,7609.21000,7609.71000,7607.21000,7608.46000,274.00000
2026-06-01 05:15:00+00:00,7608.71000,7609.21000,7606.21000,7606.46000,314.00000
2026-06-01 05:30:00+00:00,7606.71000,7609.46000,7606.46000,7609.21000,610.00000
2026-06-01 05:45:00+00:00,7609.46000,7611.21000,7608.71000,7609.96000,424.00000
2026-06-01 06:00:00+00:00,7610.08000,7610.96000,7608.99000,7609.49000,658.00000
2026-06-01 06:15:00+00:00,7609.24000,7609.74000,7606.24000,7606.49000,408.00000
2026-06-01 06:30:00+00:00,7606.74000,7609.49000,7606.49000,7608.74000,402.00000
2026-06-01 06:45:00+00:00,7608.61000,7610.74000,7608.11000,7609.74000,610.00000
2026-06-01 07:00:00+00:00,7609.61000,7612.49000,7608.49000,7610.86000,888.00000
2026-06-01 07:15:00+00:00,7610.74000,7611.49000,7604.49000,7605.24000,950.00000
2026-06-01 07:30:00+00:00,7605.49000,7606.74000,7599.74000,7601.24000,1096.00000
2026-06-01 07:45:00+00:00,7600.99000,7603.99000,7599.74000,7603.49000,1072.00000
2026-06-01 08:00:00+00:00,7603.61000,7604.74000,7600.99000,7601.74000,1292.00000
2026-06-01 08:15:00+00:00,7601.99000,7602.74000,7599.49000,7599.74000,1026.00000
2026-06-01 08:30:00+00:00,7599.99000,7601.74000,7597.99000,7601.74000,1102.00000
2026-06-01 08:45:00+00:00,7601.99000,7606.24000,7598.24000,7606.24000,724.00000
2026-06-01 09:00:00+00:00,7606.49000,7608.49000,7603.74000,7603.99000,534.00000
2026-06-01 09:15:00+00:00,7603.86000,7605.99000,7603.24000,7604.24000,782.00000
2026-06-01 09:30:00+00:00,7604.49000,7604.99000,7603.49000,7604.24000,684.00000
2026-06-01 09:45:00+00:00,7604.49000,7604.49000,7601.24000,7601.99000,518.00000
2026-06-01 10:00:00+00:00,7602.24000,7606.74000,7602.24000,7606.24000,640.00000
2026-06-01 10:15:00+00:00,7605.99000,7607.24000,7604.24000,7606.74000,544.00000
2026-06-01 10:30:00+00:00,7606.99000,7609.99000,7606.74000,7608.99000,490.00000
2026-06-01 10:45:00+00:00,7609.24000,7609.24000,7607.24000,7608.49000,378.00000
2026-06-01 11:00:00+00:00,7608.74000,7609.49000,7606.24000,7607.24000,786.00000
2026-06-01 11:15:00+00:00,7607.49000,7609.24000,7606.24000,7608.99000,726.00000
2026-06-01 11:30:00+00:00,7608.74000,7614.24000,7607.74000,7611.49000,748.00000
2026-06-01 11:45:00+00:00,7611.24000,7612.24000,7605.99000,7606.24000,672.00000
2026-06-01 12:00:00+00:00,7606.36000,7606.49000,7599.99000,7600.49000,1072.00000
2026-06-01 12:15:00+00:00,7600.74000,7603.49000,7598.49000,7602.49000,914.00000
2026-06-01 12:30:00+00:00,7602.24000,7606.49000,7598.99000,7605.74000,864.00000
2026-06-01 12:45:00+00:00,7605.99000,7607.74000,7600.36000,7600.74000,706.00000
2026-06-01 13:00:00+00:00,7600.99000,7602.11000,7573.74000,7580.74000,2950.00000
2026-06-01 13:15:00+00:00,7581.24000,7587.49000,7569.24000,7575.24000,4810.00000
2026-06-01 13:30:00+00:00,7575.99000,7586.99000,7568.49000,7583.49000,5712.00000
2026-06-01 13:45:00+00:00,7583.24000,7588.49000,7576.36000,7577.49000,4766.00000
2026-06-01 14:00:00+00:00,7576.99000,7584.86000,7574.24000,7579.99000,4876.00000
2026-06-01 14:15:00+00:00,7579.74000,7588.36000,7577.49000,7579.24000,3766.00000
2026-06-01 14:30:00+00:00,7578.99000,7581.99000,7573.24000,7578.49000,2906.00000
2026-06-01 14:45:00+00:00,7578.74000,7580.24000,7573.24000,7576.99000,2462.00000
2026-06-01 15:00:00+00:00,7577.24000,7583.24000,7574.99000,7579.74000,2732.00000
2026-06-01 15:15:00+00:00,7579.99000,7584.24000,7578.49000,7581.99000,1894.00000
2026-06-01 15:30:00+00:00,7581.74000,7594.99000,7581.74000,7593.49000,2872.00000
2026-06-01 15:45:00+00:00,7593.74000,7593.74000,7587.24000,7587.74000,1388.00000
2026-06-01 16:00:00+00:00,7587.99000,7592.61000,7583.49000,7585.74000,1746.00000
2026-06-01 16:15:00+00:00,7585.61000,7588.49000,7579.24000,7588.24000,1550.00000
2026-06-01 16:30:00+00:00,7588.49000,7592.99000,7588.24000,7590.99000,1280.00000
2026-06-01 16:45:00+00:00,7590.74000,7601.11000,7588.99000,7599.99000,1688.00000
2026-06-01 17:00:00+00:00,7599.74000,7600.49000,7590.99000,7593.49000,1500.00000
2026-06-01 17:15:00+00:00,7593.24000,7605.99000,7591.74000,7605.86000,1026.00000
2026-06-01 17:30:00+00:00,7606.24000,7624.11000,7598.99000,7615.49000,3220.00000
2026-06-01 17:45:00+00:00,7615.74000,7620.49000,7615.24000,7616.49000,1904.00000
2026-06-01 18:00:00+00:00,7616.74000,7618.74000,7614.24000,7614.99000,1104.00000
2026-06-01 18:15:00+00:00,7615.24000,7620.24000,7614.49000,7619.24000,928.00000
2026-06-01 18:30:00+00:00,7619.49000,7619.99000,7616.49000,7619.74000,694.00000
2026-06-01 18:45:00+00:00,7619.49000,7619.74000,7615.74000,7616.49000,752.00000
2026-06-01 19:00:00+00:00,7616.24000,7617.99000,7614.99000,7615.49000,910.00000
2026-06-01 19:15:00+00:00,7615.74000,7618.49000,7614.99000,7617.74000,758.00000
2026-06-01 19:30:00+00:00,7617.49000,7617.74000,7609.99000,7610.99000,1006.00000
2026-06-01 19:45:00+00:00,7610.74000,7611.99000,7602.74000,7605.96000,1570.00000
2026-06-01 20:00:00+00:00,7606.21000,7608.21000,7605.21000,7607.71000,464.00000
2026-06-01 20:15:00+00:00,7607.58000,7607.58000,7602.96000,7603.71000,212.00000
2026-06-01 20:30:00+00:00,7603.46000,7610.21000,7602.71000,7607.33000,710.00000
2026-06-01 20:45:00+00:00,7607.21000,7607.21000,7598.71000,7600.21000,906.00000
2026-06-01 22:00:00+00:00,7601.78000,7601.78000,7588.28000,7591.28000,2004.00000
2026-06-01 22:15:00+00:00,7591.03000,7593.03000,7586.53000,7587.15000,1082.00000
2026-06-01 22:30:00+00:00,7587.03000,7588.53000,7583.78000,7584.78000,940.00000
2026-06-01 22:45:00+00:00,7584.90000,7588.03000,7584.03000,7588.03000,670.00000
2026-06-01 23:00:00+00:00,7588.28000,7588.90000,7586.28000,7587.28000,552.00000
2026-06-01 23:15:00+00:00,7587.03000,7589.28000,7586.90000,7587.78000,304.00000
2026-06-01 23:30:00+00:00,7588.03000,7591.03000,7586.53000,7588.03000,890.00000
2026-06-01 23:45:00+00:00,7588.28000,7589.03000,7584.78000,7588.53000,982.00000
2026-06-02 00:00:00+00:00,7588.28000,7588.78000,7579.53000,7581.03000,2624.00000
2026-06-02 00:15:00+00:00,7580.78000,7583.78000,7576.28000,7579.53000,2062.00000
2026-06-02 00:30:00+00:00,7579.78000,7582.53000,7576.03000,7577.78000,1814.00000
2026-06-02 00:45:00+00:00,7577.53000,7578.28000,7572.78000,7574.53000,1470.00000
2026-06-02 01:00:00+00:00,7574.28000,7578.53000,7572.78000,7578.03000,2310.00000
2026-06-02 01:15:00+00:00,7577.90000,7578.53000,7571.78000,7575.53000,1872.00000
2026-06-02 01:30:00+00:00,7575.65000,7577.28000,7572.03000,7573.65000,2026.00000
2026-06-02 01:45:00+00:00,7573.78000,7573.78000,7570.28000,7570.28000,1368.00000
2026-06-02 02:00:00+00:00,7570.53000,7572.28000,7569.78000,7571.03000,1176.00000
2026-06-02 02:15:00+00:00,7570.78000,7574.28000,7570.03000,7572.53000,1212.00000
2026-06-02 02:30:00+00:00,7572.78000,7575.78000,7572.65000,7574.53000,1036.00000
2026-06-02 02:45:00+00:00,7574.40000,7575.03000,7572.53000,7574.03000,828.00000
2026-06-02 03:00:00+00:00,7573.90000,7575.28000,7570.28000,7571.28000,812.00000
2026-06-02 03:15:00+00:00,7571.15000,7572.78000,7569.03000,7570.78000,984.00000
2026-06-02 03:30:00+00:00,7570.53000,7573.03000,7569.78000,7572.78000,1218.00000
2026-06-02 03:45:00+00:00,7572.53000,7574.78000,7572.53000,7574.53000,806.00000
2026-06-02 04:00:00+00:00,7574.40000,7577.28000,7574.03000,7575.28000,750.00000
2026-06-02 04:15:00+00:00,7575.03000,7579.28000,7574.15000,7578.28000,540.00000
2026-06-02 04:30:00+00:00,7578.15000,7578.78000,7576.53000,7578.28000,618.00000
2026-06-02 04:45:00+00:00,7578.03000,7583.28000,7578.03000,7583.03000,534.00000
2026-06-02 05:00:00+00:00,7583.28000,7585.53000,7581.03000,7585.28000,904.00000
2026-06-02 05:15:00+00:00,7585.53000,7586.78000,7584.28000,7586.28000,560.00000
2026-06-02 05:30:00+00:00,7586.53000,7589.28000,7586.40000,7587.78000,750.00000
2026-06-02 05:45:00+00:00,7588.03000,7588.03000,7584.78000,7586.78000,704.00000
2026-06-02 06:00:00+00:00,7586.53000,7590.31000,7586.28000,7589.06000,936.00000
2026-06-02 06:15:00+00:00,7588.81000,7591.31000,7588.81000,7590.06000,604.00000
2026-06-02 06:30:00+00:00,7589.93000,7592.81000,7587.81000,7591.31000,976.00000
2026-06-02 06:45:00+00:00,7591.18000,7595.06000,7591.06000,7594.31000,588.00000
2026-06-02 07:00:00+00:00,7594.06000,7598.06000,7594.06000,7597.31000,1094.00000
2026-06-02 07:15:00+00:00,7597.06000,7598.81000,7595.81000,7596.81000,788.00000
2026-06-02 07:30:00+00:00,7596.93000,7597.81000,7595.06000,7597.06000,566.00000
2026-06-02 07:45:00+00:00,7596.81000,7599.06000,7595.06000,7598.81000,688.00000
2026-06-02 08:00:00+00:00,7599.06000,7603.06000,7598.31000,7599.56000,1232.00000
2026-06-02 08:15:00+00:00,7599.31000,7601.56000,7596.06000,7596.31000,1272.00000
2026-06-02 08:30:00+00:00,7596.43000,7600.06000,7596.06000,7598.06000,941.00000
2026-06-02 08:45:00+00:00,7598.31000,7600.31000,7597.56000,7598.31000,628.00000
2026-06-02 09:00:00+00:00,7598.06000,7598.06000,7594.56000,7595.31000,768.00000
2026-06-02 09:15:00+00:00,7595.06000,7596.81000,7591.81000,7592.93000,820.00000
2026-06-02 09:30:00+00:00,7593.06000,7598.06000,7591.56000,7597.06000,932.00000
2026-06-02 09:45:00+00:00,7597.31000,7598.56000,7593.81000,7594.06000,712.00000
2026-06-02 10:00:00+00:00,7594.18000,7596.06000,7592.31000,7594.56000,586.00000
2026-06-02 10:15:00+00:00,7594.31000,7596.06000,7593.56000,7594.81000,598.00000
2026-06-02 10:30:00+00:00,7595.06000,7595.31000,7591.81000,7592.81000,510.00000
2026-06-02 10:45:00+00:00,7593.06000,7593.81000,7591.56000,7591.56000,542.00000
2026-06-02 11:00:00+00:00,7591.68000,7592.31000,7588.06000,7591.31000,936.00000
2026-06-02 11:15:00+00:00,7591.18000,7591.56000,7588.81000,7591.31000,708.00000
2026-06-02 11:30:00+00:00,7591.56000,7595.06000,7591.31000,7591.56000,876.00000
2026-06-02 11:45:00+00:00,7591.31000,7591.81000,7588.81000,7588.81000,626.00000
2026-06-02 12:00:00+00:00,7588.93000,7592.81000,7587.81000,7591.06000,676.00000
2026-06-02 12:15:00+00:00,7590.93000,7595.31000,7589.81000,7593.81000,780.00000
2026-06-02 12:30:00+00:00,7594.31000,7594.31000,7590.06000,7593.81000,1308.00000
2026-06-02 12:45:00+00:00,7594.06000,7594.18000,7589.31000,7589.56000,858.00000
2026-06-02 13:00:00+00:00,7589.81000,7590.81000,7580.56000,7584.31000,1706.00000
2026-06-02 13:15:00+00:00,7584.56000,7592.31000,7583.56000,7590.56000,1206.00000
2026-06-02 13:30:00+00:00,7591.54000,7597.81000,7588.31000,7593.81000,3706.00000
2026-06-02 13:45:00+00:00,7593.56000,7598.06000,7593.56000,7596.43000,2622.00000
2026-06-02 14:00:00+00:00,7596.93000,7604.31000,7592.81000,7602.31000,2331.00000
2026-06-02 14:15:00+00:00,7602.06000,7605.06000,7595.81000,7597.56000,2544.00000
2026-06-02 14:30:00+00:00,7597.81000,7609.81000,7597.56000,7609.56000,2204.00000
2026-06-02 14:45:00+00:00,7609.81000,7618.06000,7608.81000,7617.81000,1526.00000
2026-06-02 15:00:00+00:00,7618.06000,7622.56000,7614.56000,7620.56000,1340.00000
2026-06-02 15:15:00+00:00,7620.31000,7624.56000,7619.31000,7619.56000,1106.00000
2026-06-02 15:30:00+00:00,7619.81000,7621.06000,7616.56000,7617.31000,1196.00000
2026-06-02 15:45:00+00:00,7617.06000,7619.81000,7616.31000,7617.31000,1066.00000
2026-06-02 16:00:00+00:00,7617.56000,7620.56000,7614.43000,7619.31000,1182.00000
2026-06-02 16:15:00+00:00,7619.06000,7619.31000,7612.81000,7613.81000,1076.00000
2026-06-02 16:30:00+00:00,7613.56000,7615.81000,7611.56000,7613.56000,984.00000
2026-06-02 16:45:00+00:00,7613.31000,7619.81000,7613.06000,7619.06000,884.00000
2026-06-02 17:00:00+00:00,7618.81000,7620.06000,7616.56000,7619.31000,902.00000
2026-06-02 17:15:00+00:00,7619.06000,7619.06000,7609.81000,7610.81000,1168.00000
2026-06-02 17:30:00+00:00,7611.06000,7613.81000,7608.31000,7611.31000,1170.00000
2026-06-02 17:45:00+00:00,7611.56000,7613.56000,7609.06000,7609.31000,894.00000
2026-06-02 18:00:00+00:00,7609.56000,7613.81000,7608.68000,7611.31000,890.00000
2026-06-02 18:15:00+00:00,7611.06000,7611.56000,7609.18000,7610.06000,928.00000
2026-06-02 18:30:00+00:00,7610.31000,7612.81000,7607.06000,7609.31000,888.00000
2026-06-02 18:45:00+00:00,7609.06000,7612.56000,7608.56000,7611.56000,616.00000
2026-06-02 19:00:00+00:00,7611.81000,7615.31000,7611.81000,7613.31000,634.00000
2026-06-02 19:15:00+00:00,7613.06000,7616.31000,7612.81000,7614.06000,564.00000
2026-06-02 19:30:00+00:00,7613.81000,7615.81000,7612.81000,7612.81000,526.00000
2026-06-02 19:45:00+00:00,7613.06000,7618.06000,7612.31000,7616.03000,1184.00000
2026-06-02 20:00:00+00:00,7616.53000,7622.53000,7616.28000,7619.53000,612.00000
2026-06-02 20:15:00+00:00,7619.28000,7622.03000,7618.53000,7618.78000,292.00000
2026-06-02 20:30:00+00:00,7618.53000,7621.03000,7618.53000,7620.78000,118.00000
2026-06-02 20:45:00+00:00,7621.03000,7621.53000,7620.03000,7621.28000,92.00000
2026-06-02 22:00:00+00:00,7621.09000,7621.09000,7615.47000,7616.72000,1614.00000
2026-06-02 22:15:00+00:00,7616.84000,7619.22000,7616.22000,7618.47000,812.00000
2026-06-02 22:30:00+00:00,7618.34000,7620.22000,7617.97000,7618.72000,440.00000
2026-06-02 22:45:00+00:00,7618.97000,7619.72000,7613.97000,7614.72000,1050.00000
2026-06-02 23:00:00+00:00,7614.97000,7615.47000,7607.97000,7609.09000,1474.00000
2026-06-02 23:15:00+00:00,7609.22000,7609.47000,7595.97000,7603.72000,2542.00000
2026-06-02 23:30:00+00:00,7603.59000,7615.97000,7601.34000,7614.84000,2608.00000
2026-06-02 23:45:00+00:00,7614.97000,7619.22000,7612.22000,7617.72000,2210.00000
2026-06-03 00:00:00+00:00,7618.22000,7619.72000,7613.72000,7613.97000,2294.00000
2026-06-03 00:15:00+00:00,7614.09000,7617.72000,7612.97000,7615.72000,1606.00000
2026-06-03 00:30:00+00:00,7615.97000,7618.97000,7614.84000,7618.97000,1262.00000
2026-06-03 00:45:00+00:00,7618.84000,7620.47000,7618.22000,7618.72000,714.00000
2026-06-03 01:00:00+00:00,7618.47000,7619.47000,7613.59000,7613.72000,1598.00000
2026-06-03 01:15:00+00:00,7613.84000,7615.47000,7613.22000,7614.72000,902.00000
2026-06-03 01:30:00+00:00,7614.59000,7616.72000,7612.72000,7613.97000,1304.00000
2026-06-03 01:45:00+00:00,7613.84000,7615.72000,7612.47000,7615.09000,762.00000
2026-06-03 02:00:00+00:00,7615.22000,7616.22000,7613.72000,7615.97000,862.00000
2026-06-03 02:15:00+00:00,7615.84000,7616.47000,7613.47000,7614.59000,552.00000
2026-06-03 02:30:00+00:00,7614.47000,7615.97000,7613.72000,7614.84000,518.00000
2026-06-03 02:45:00+00:00,7614.97000,7614.97000,7613.47000,7614.72000,446.00000
2026-06-03 03:00:00+00:00,7614.59000,7615.97000,7614.22000,7615.97000,436.00000
2026-06-03 03:15:00+00:00,7615.72000,7617.72000,7614.47000,7614.72000,338.00000
2026-06-03 03:30:00+00:00,7614.97000,7616.97000,7614.97000,7616.47000,548.00000
2026-06-03 03:45:00+00:00,7616.59000,7617.22000,7615.22000,7616.97000,374.00000
2026-06-03 04:00:00+00:00,7616.72000,7618.97000,7616.72000,7618.47000,262.00000
2026-06-03 04:15:00+00:00,7618.72000,7619.22000,7617.47000,7617.97000,160.00000
2026-06-03 04:30:00+00:00,7618.22000,7618.97000,7617.47000,7618.22000,236.00000
2026-06-03 04:45:00+00:00,7618.34000,7618.47000,7615.22000,7615.72000,314.00000
2026-06-03 05:00:00+00:00,7615.59000,7617.47000,7612.97000,7616.72000,664.00000
2026-06-03 05:15:00+00:00,7616.84000,7617.72000,7614.97000,7615.22000,322.00000
2026-06-03 05:30:00+00:00,7615.47000,7615.47000,7612.22000,7612.72000,660.00000
2026-06-03 05:45:00+00:00,7612.59000,7613.34000,7611.09000,7612.22000,714.00000
2026-06-03 06:00:00+00:00,7611.97000,7615.00000,7609.25000,7611.25000,1314.00000
2026-06-03 06:15:00+00:00,7611.62000,7612.50000,7610.25000,7611.75000,946.00000
2026-06-03 06:30:00+00:00,7611.50000,7614.50000,7610.00000,7613.00000,1282.00000
2026-06-03 06:45:00+00:00,7612.75000,7613.12000,7610.75000,7612.50000,874.00000
2026-06-03 07:00:00+00:00,7612.75000,7617.00000,7611.25000,7615.75000,1274.00000
2026-06-03 07:15:00+00:00,7616.00000,7616.75000,7612.00000,7612.50000,1052.00000
2026-06-03 07:30:00+00:00,7612.37000,7613.62000,7609.00000,7611.00000,1180.00000
2026-06-03 07:45:00+00:00,7610.75000,7613.75000,7610.50000,7613.50000,730.00000
2026-06-03 08:00:00+00:00,7613.75000,7615.25000,7610.75000,7613.00000,1218.00000
2026-06-03 08:15:00+00:00,7613.12000,7614.87000,7608.75000,7614.87000,1140.00000
2026-06-03 08:30:00+00:00,7614.75000,7615.50000,7611.25000,7612.25000,1182.00000
2026-06-03 08:45:00+00:00,7612.00000,7613.25000,7611.00000,7612.00000,644.00000
2026-06-03 09:00:00+00:00,7611.87000,7615.00000,7611.00000,7612.25000,576.00000
2026-06-03 09:15:00+00:00,7612.50000,7613.50000,7610.25000,7612.12000,940.00000
2026-06-03 09:30:00+00:00,7612.00000,7612.50000,7608.00000,7609.00000,506.00000
2026-06-03 09:45:00+00:00,7608.75000,7609.12000,7604.75000,7605.25000,636.00000
2026-06-03 10:00:00+00:00,7605.00000,7615.25000,7603.87000,7610.00000,2398.00000
2026-06-03 10:15:00+00:00,7609.37000,7609.50000,7607.00000,7609.00000,964.00000
2026-06-03 10:30:00+00:00,7609.50000,7611.25000,7604.50000,7604.50000,832.00000
2026-06-03 10:45:00+00:00,7604.75000,7609.00000,7604.25000,7608.00000,788.00000
2026-06-03 11:00:00+00:00,7608.25000,7611.50000,7608.25000,7610.25000,790.00000
2026-06-03 11:15:00+00:00,7610.00000,7612.00000,7609.25000,7610.75000,694.00000
2026-06-03 11:30:00+00:00,7610.87000,7613.75000,7610.75000,7612.00000,604.00000
2026-06-03 11:45:00+00:00,7611.75000,7612.50000,7609.75000,7609.75000,614.00000
2026-06-03 12:00:00+00:00,7610.00000,7612.00000,7609.25000,7610.50000,830.00000
2026-06-03 12:15:00+00:00,7610.25000,7610.25000,7604.75000,7604.75000,994.00000
2026-06-03 12:30:00+00:00,7604.50000,7604.75000,7597.50000,7601.25000,1340.00000
2026-06-03 12:45:00+00:00,7601.00000,7603.25000,7597.25000,7600.25000,906.00000
2026-06-03 13:00:00+00:00,7600.00000,7602.00000,7599.00000,7600.75000,856.00000
2026-06-03 13:15:00+00:00,7601.00000,7602.25000,7599.00000,7601.50000,846.00000
2026-06-03 13:30:00+00:00,7602.00000,7608.00000,7585.50000,7585.87000,3212.00000
2026-06-03 13:45:00+00:00,7585.75000,7587.75000,7568.00000,7579.75000,4833.00000
2026-06-03 14:00:00+00:00,7579.50000,7590.00000,7579.00000,7589.50000,3470.00000
2026-06-03 14:15:00+00:00,7589.25000,7590.25000,7581.00000,7588.25000,3386.00000
2026-06-03 14:30:00+00:00,7588.00000,7590.50000,7584.25000,7585.00000,2508.00000
2026-06-03 14:45:00+00:00,7585.25000,7585.50000,7577.25000,7582.25000,2534.00000
2026-06-03 15:00:00+00:00,7582.50000,7585.50000,7579.00000,7580.75000,2204.00000
2026-06-03 15:15:00+00:00,7580.50000,7583.00000,7574.00000,7581.75000,2556.00000
2026-06-03 15:30:00+00:00,7582.00000,7583.37000,7571.50000,7572.50000,2352.00000
2026-06-03 15:45:00+00:00,7572.25000,7576.00000,7568.25000,7572.75000,2144.00000
2026-06-03 16:00:00+00:00,7573.00000,7575.25000,7570.25000,7573.00000,1874.00000
2026-06-03 16:15:00+00:00,7572.75000,7573.00000,7559.00000,7563.50000,2396.00000
2026-06-03 16:30:00+00:00,7563.25000,7566.37000,7556.00000,7561.00000,2228.00000
2026-06-03 16:45:00+00:00,7560.75000,7572.00000,7560.75000,7571.50000,2160.00000
2026-06-03 17:00:00+00:00,7571.75000,7571.75000,7561.50000,7563.25000,1950.00000
2026-06-03 17:15:00+00:00,7563.00000,7567.25000,7560.50000,7566.50000,1382.00000
2026-06-03 17:30:00+00:00,7566.75000,7574.25000,7562.25000,7572.50000,1308.00000
2026-06-03 17:45:00+00:00,7572.75000,7578.25000,7571.25000,7576.50000,1204.00000
2026-06-03 18:00:00+00:00,7576.75000,7577.00000,7572.12000,7574.00000,1436.00000
2026-06-03 18:15:00+00:00,7573.75000,7581.00000,7570.50000,7580.50000,1378.00000
2026-06-03 18:30:00+00:00,7580.75000,7581.25000,7576.25000,7577.75000,1146.00000
2026-06-03 18:45:00+00:00,7578.00000,7579.50000,7575.75000,7576.75000,936.00000
2026-06-03 19:00:00+00:00,7576.62000,7576.62000,7567.75000,7571.00000,1256.00000
2026-06-03 19:15:00+00:00,7570.75000,7575.00000,7566.75000,7569.00000,1202.00000
2026-06-03 19:30:00+00:00,7569.25000,7576.00000,7567.00000,7574.00000,1282.00000
2026-06-03 19:45:00+00:00,7573.75000,7575.75000,7561.97000,7565.72000,2426.00000
2026-06-03 20:00:00+00:00,7565.22000,7566.22000,7559.47000,7560.59000,1630.00000
2026-06-03 20:15:00+00:00,7560.97000,7561.22000,7545.97000,7551.84000,3424.00000
2026-06-03 20:30:00+00:00,7551.72000,7552.47000,7536.47000,7537.47000,1866.00000
2026-06-03 20:45:00+00:00,7537.72000,7542.22000,7535.22000,7538.72000,1390.00000
2026-06-03 22:00:00+00:00,7526.61000,7538.24000,7526.61000,7532.99000,2867.00000
2026-06-03 22:15:00+00:00,7533.11000,7533.36000,7525.99000,7530.74000,2116.00000
2026-06-03 22:30:00+00:00,7530.24000,7533.99000,7527.99000,7530.11000,1758.00000
2026-06-03 22:45:00+00:00,7529.99000,7538.99000,7523.74000,7536.24000,2776.00000
2026-06-03 23:00:00+00:00,7536.49000,7537.49000,7527.49000,7530.11000,2028.00000
2026-06-03 23:15:00+00:00,7529.99000,7530.61000,7524.74000,7527.61000,1216.00000
2026-06-03 23:30:00+00:00,7527.49000,7530.24000,7522.24000,7523.74000,1556.00000
2026-06-03 23:45:00+00:00,7523.99000,7531.11000,7522.11000,7527.24000,2154.00000
2026-06-04 00:00:00+00:00,7526.86000,7536.24000,7524.74000,7532.74000,4068.00000
2026-06-04 00:15:00+00:00,7532.61000,7536.86000,7528.36000,7533.24000,3122.00000
2026-06-04 00:30:00+00:00,7533.11000,7541.49000,7532.99000,7539.49000,2660.00000
2026-06-04 00:45:00+00:00,7539.24000,7539.74000,7535.24000,7539.49000,2258.00000
2026-06-04 01:00:00+00:00,7538.99000,7543.99000,7538.49000,7542.24000,2568.00000
2026-06-04 01:15:00+00:00,7541.99000,7542.49000,7535.74000,7538.24000,2220.00000
2026-06-04 01:30:00+00:00,7538.49000,7543.74000,7536.24000,7537.49000,2234.00000
2026-06-04 01:45:00+00:00,7537.36000,7538.49000,7529.99000,7533.74000,2452.00000
2026-06-04 02:00:00+00:00,7534.24000,7534.24000,7526.49000,7526.74000,2540.00000
2026-06-04 02:15:00+00:00,7526.61000,7530.24000,7520.49000,7528.36000,2598.00000
2026-06-04 02:30:00+00:00,7528.24000,7528.99000,7524.24000,7527.74000,1832.00000
2026-06-04 02:45:00+00:00,7527.99000,7531.99000,7527.24000,7527.99000,1520.00000
2026-06-04 03:00:00+00:00,7527.74000,7533.24000,7527.11000,7530.99000,1540.00000
2026-06-04 03:15:00+00:00,7530.86000,7535.49000,7530.74000,7535.24000,1150.00000
2026-06-04 03:30:00+00:00,7535.36000,7537.49000,7532.24000,7532.74000,1474.00000
2026-06-04 03:45:00+00:00,7532.49000,7536.74000,7531.24000,7536.49000,1334.00000
2026-06-04 04:00:00+00:00,7536.61000,7538.99000,7534.24000,7538.99000,1122.00000
2026-06-04 04:15:00+00:00,7539.11000,7539.74000,7536.74000,7537.99000,1038.00000
2026-06-04 04:30:00+00:00,7537.74000,7540.74000,7536.74000,7540.24000,1364.00000
2026-06-04 04:45:00+00:00,7540.36000,7540.49000,7537.49000,7538.99000,772.00000
2026-06-04 05:00:00+00:00,7538.86000,7539.49000,7531.36000,7534.74000,1752.00000
2026-06-04 05:15:00+00:00,7534.99000,7536.99000,7532.24000,7532.99000,1682.00000
2026-06-04 05:30:00+00:00,7533.11000,7537.99000,7532.24000,7537.49000,1918.00000
2026-06-04 05:45:00+00:00,7537.24000,7537.36000,7532.49000,7536.74000,1476.00000
2026-06-04 06:00:00+00:00,7536.49000,7540.27000,7535.61000,7538.02000,1524.00000
2026-06-04 06:15:00+00:00,7537.77000,7538.77000,7535.02000,7538.77000,1339.00000
2026-06-04 06:30:00+00:00,7538.89000,7543.77000,7536.27000,7543.52000,1576.00000
2026-06-04 06:45:00+00:00,7543.39000,7545.77000,7540.77000,7545.52000,1084.00000
2026-06-04 07:00:00+00:00,7545.77000,7550.27000,7543.77000,7548.77000,1440.00000
2026-06-04 07:15:00+00:00,7549.02000,7549.52000,7543.77000,7549.02000,1310.00000
2026-06-04 07:30:00+00:00,7548.77000,7550.77000,7546.27000,7547.02000,1189.00000
2026-06-04 07:45:00+00:00,7547.14000,7548.27000,7545.27000,7546.52000,1064.00000
2026-06-04 08:00:00+00:00,7546.27000,7546.52000,7536.02000,7536.27000,2234.00000
2026-06-04 08:15:00+00:00,7535.77000,7538.77000,7530.27000,7536.52000,3054.00000
2026-06-04 08:30:00+00:00,7537.14000,7542.64000,7534.52000,7536.52000,3264.00000
2026-06-04 08:45:00+00:00,7536.64000,7538.27000,7531.02000,7533.39000,2172.00000
2026-06-04 09:00:00+00:00,7533.27000,7533.39000,7525.77000,7526.02000,3262.00000
2026-06-04 09:15:00+00:00,7526.14000,7533.77000,7525.52000,7533.14000,2658.00000
2026-06-04 09:30:00+00:00,7533.27000,7540.02000,7531.77000,7536.89000,2474.00000
2026-06-04 09:45:00+00:00,7536.77000,7542.52000,7536.77000,7540.64000,1912.00000
2026-06-04 10:00:00+00:00,7540.52000,7540.77000,7534.52000,7536.14000,1786.00000
2026-06-04 10:15:00+00:00,7536.27000,7536.27000,7530.27000,7530.64000,1828.00000
2026-06-04 10:30:00+00:00,7530.52000,7532.89000,7527.77000,7528.14000,1704.00000
2026-06-04 10:45:00+00:00,7528.02000,7529.39000,7521.02000,7526.39000,2010.00000
2026-06-04 11:00:00+00:00,7526.77000,7530.77000,7525.77000,7529.77000,2002.00000
2026-06-04 11:15:00+00:00,7529.64000,7536.77000,7528.27000,7533.27000,2948.00000
2026-06-04 11:30:00+00:00,7533.52000,7535.52000,7517.52000,7525.77000,3722.00000
2026-06-04 11:45:00+00:00,7525.52000,7538.02000,7523.77000,7536.89000,3332.00000
2026-06-04 12:00:00+00:00,7537.02000,7540.27000,7529.64000,7531.27000,3662.00000
2026-06-04 12:15:00+00:00,7531.39000,7536.52000,7530.52000,7534.89000,2906.00000
2026-06-04 12:30:00+00:00,7534.77000,7543.02000,7534.77000,7542.52000,2372.00000
2026-06-04 12:45:00+00:00,7542.77000,7545.27000,7538.27000,7543.02000,1740.00000
2026-06-04 13:00:00+00:00,7543.14000,7544.77000,7540.27000,7542.52000,1644.00000
2026-06-04 13:15:00+00:00,7542.02000,7547.77000,7538.52000,7541.27000,1930.00000
2026-06-04 13:30:00+00:00,7540.52000,7554.27000,7534.89000,7541.02000,5052.00000
2026-06-04 13:45:00+00:00,7541.27000,7557.52000,7536.52000,7552.27000,5352.00000
2026-06-04 14:00:00+00:00,7552.52000,7557.02000,7542.77000,7554.52000,5021.00000
2026-06-04 14:15:00+00:00,7554.77000,7563.27000,7551.27000,7560.77000,3596.00000
2026-06-04 14:30:00+00:00,7560.89000,7562.27000,7555.27000,7558.77000,3204.00000
2026-06-04 14:45:00+00:00,7559.02000,7562.77000,7554.27000,7562.52000,2690.00000
2026-06-04 15:00:00+00:00,7562.77000,7576.77000,7562.52000,7576.27000,1874.00000
2026-06-04 15:15:00+00:00,7576.02000,7580.27000,7574.27000,7579.27000,1596.00000
2026-06-04 15:30:00+00:00,7579.52000,7580.27000,7572.52000,7573.52000,1524.00000
2026-06-04 15:45:00+00:00,7573.27000,7575.27000,7568.52000,7574.02000,1986.00000
2026-06-04 16:00:00+00:00,7574.27000,7584.77000,7572.52000,7583.02000,1504.00000
2026-06-04 16:15:00+00:00,7583.27000,7587.77000,7583.27000,7586.27000,1058.00000
2026-06-04 16:30:00+00:00,7586.02000,7589.52000,7581.52000,7588.77000,1374.00000
2026-06-04 16:45:00+00:00,7589.02000,7590.27000,7586.52000,7589.27000,946.00000
2026-06-04 17:00:00+00:00,7589.02000,7590.77000,7587.02000,7589.27000,994.00000
2026-06-04 17:15:00+00:00,7589.39000,7592.77000,7587.27000,7592.27000,754.00000
2026-06-04 17:30:00+00:00,7592.02000,7595.27000,7591.27000,7593.52000,990.00000
2026-06-04 17:45:00+00:00,7593.27000,7598.27000,7592.27000,7597.77000,664.00000
2026-06-04 18:00:00+00:00,7598.02000,7599.52000,7596.77000,7597.77000,924.00000
2026-06-04 18:15:00+00:00,7598.02000,7600.27000,7596.52000,7599.02000,680.00000
2026-06-04 18:30:00+00:00,7598.77000,7600.27000,7597.27000,7598.77000,694.00000
2026-06-04 18:45:00+00:00,7598.52000,7600.77000,7596.14000,7597.27000,556.00000
2026-06-04 19:00:00+00:00,7597.52000,7601.77000,7597.27000,7599.02000,678.00000
2026-06-04 19:15:00+00:00,7598.77000,7604.27000,7597.02000,7603.77000,798.00000
2026-06-04 19:30:00+00:00,7603.52000,7604.27000,7599.02000,7599.27000,810.00000
2026-06-04 19:45:00+00:00,7599.02000,7600.52000,7591.27000,7592.49000,2012.00000
2026-06-04 20:00:00+00:00,7593.99000,7594.74000,7585.99000,7586.74000,1268.00000
2026-06-04 20:15:00+00:00,7586.49000,7587.74000,7580.24000,7581.74000,880.00000
2026-06-04 20:30:00+00:00,7581.49000,7583.99000,7581.24000,7581.74000,716.00000
2026-06-04 20:45:00+00:00,7581.61000,7582.74000,7580.24000,7582.11000,476.00000
2026-06-04 22:00:00+00:00,7581.37000,7583.12000,7576.25000,7576.75000,1914.00000
2026-06-04 22:15:00+00:00,7576.62000,7578.75000,7571.00000,7574.00000,1352.00000
2026-06-04 22:30:00+00:00,7574.25000,7576.37000,7573.00000,7574.75000,1008.00000
2026-06-04 22:45:00+00:00,7574.50000,7579.00000,7574.50000,7578.50000,618.00000
2026-06-04 23:00:00+00:00,7578.75000,7579.25000,7573.00000,7573.25000,818.00000
2026-06-04 23:15:00+00:00,7573.12000,7573.75000,7569.00000,7572.00000,968.00000
2026-06-04 23:30:00+00:00,7572.25000,7572.25000,7568.75000,7569.25000,822.00000
2026-06-04 23:45:00+00:00,7569.12000,7569.25000,7566.00000,7566.00000,1394.00000
2026-06-05 00:00:00+00:00,7565.87000,7565.87000,7555.75000,7556.50000,3286.00000
2026-06-05 00:15:00+00:00,7556.62000,7559.50000,7554.37000,7557.00000,2660.00000
2026-06-05 00:30:00+00:00,7557.25000,7559.25000,7553.75000,7554.87000,2436.00000
2026-06-05 00:45:00+00:00,7554.75000,7557.25000,7549.50000,7551.75000,2624.00000
2026-06-05 01:00:00+00:00,7551.87000,7553.00000,7548.50000,7550.00000,2580.00000
2026-06-05 01:15:00+00:00,7549.87000,7551.00000,7539.50000,7543.50000,2632.00000
2026-06-05 01:30:00+00:00,7543.25000,7549.25000,7543.25000,7547.37000,2572.00000
2026-06-05 01:45:00+00:00,7547.50000,7553.50000,7544.75000,7553.25000,2150.00000
2026-06-05 02:00:00+00:00,7553.50000,7557.00000,7551.00000,7555.87000,1850.00000
2026-06-05 02:15:00+00:00,7556.00000,7559.00000,7554.37000,7557.50000,1398.00000
2026-06-05 02:30:00+00:00,7557.25000,7558.75000,7554.50000,7555.00000,1674.00000
2026-06-05 02:45:00+00:00,7554.87000,7556.50000,7552.50000,7553.87000,1990.00000
2026-06-05 03:00:00+00:00,7554.00000,7554.75000,7549.75000,7553.75000,2048.00000
2026-06-05 03:15:00+00:00,7553.62000,7556.62000,7551.00000,7551.50000,1652.00000
2026-06-05 03:30:00+00:00,7552.00000,7553.50000,7550.25000,7551.75000,2346.00000
2026-06-05 03:45:00+00:00,7551.62000,7551.87000,7546.25000,7549.25000,1824.00000
2026-06-05 04:00:00+00:00,7549.50000,7551.75000,7548.00000,7550.50000,2050.00000
2026-06-05 04:15:00+00:00,7550.75000,7554.25000,7550.00000,7550.25000,1808.00000
2026-06-05 04:30:00+00:00,7550.37000,7555.25000,7548.87000,7553.25000,2056.00000
2026-06-05 04:45:00+00:00,7553.00000,7558.00000,7552.50000,7556.37000,1474.00000
2026-06-05 05:00:00+00:00,7556.50000,7556.75000,7551.62000,7552.25000,1786.00000
2026-06-05 05:15:00+00:00,7552.50000,7556.00000,7551.25000,7552.25000,1472.00000
2026-06-05 05:30:00+00:00,7552.50000,7557.00000,7552.25000,7553.75000,1892.00000
2026-06-05 05:45:00+00:00,7553.87000,7554.00000,7549.50000,7550.50000,1514.00000
2026-06-05 06:00:00+00:00,7550.62000,7557.78000,7550.25000,7552.03000,2110.00000
2026-06-05 06:15:00+00:00,7551.65000,7552.15000,7546.28000,7548.03000,1860.00000
2026-06-05 06:30:00+00:00,7547.78000,7549.28000,7545.40000,7545.53000,1684.00000
2026-06-05 06:45:00+00:00,7545.40000,7548.65000,7543.78000,7546.53000,1522.00000
2026-06-05 07:00:00+00:00,7546.65000,7548.03000,7542.03000,7542.53000,2290.00000
2026-06-05 07:15:00+00:00,7542.65000,7548.53000,7539.78000,7548.03000,2112.00000
2026-06-05 07:30:00+00:00,7547.90000,7552.53000,7547.28000,7550.28000,1824.00000
2026-06-05 07:45:00+00:00,7550.53000,7552.28000,7548.65000,7550.03000,1390.00000
2026-06-05 08:00:00+00:00,7549.78000,7552.53000,7547.28000,7551.53000,2074.00000
2026-06-05 08:15:00+00:00,7551.40000,7559.28000,7549.53000,7559.28000,2102.00000
2026-06-05 08:30:00+00:00,7559.03000,7561.03000,7554.03000,7554.28000,1808.00000
2026-06-05 08:45:00+00:00,7554.15000,7555.53000,7552.03000,7553.03000,1272.00000
2026-06-05 09:00:00+00:00,7553.28000,7571.53000,7552.28000,7564.03000,2318.00000
2026-06-05 09:15:00+00:00,7564.78000,7566.78000,7557.78000,7559.03000,2518.00000
2026-06-05 09:30:00+00:00,7559.15000,7560.78000,7556.53000,7557.28000,1428.00000
2026-06-05 09:45:00+00:00,7557.53000,7561.65000,7557.28000,7560.28000,1124.00000
2026-06-05 10:00:00+00:00,7560.53000,7563.53000,7559.78000,7563.28000,808.00000
2026-06-05 10:15:00+00:00,7563.03000,7566.78000,7562.28000,7566.03000,820.00000
2026-06-05 10:30:00+00:00,7566.28000,7566.53000,7563.28000,7565.28000,982.00000
2026-06-05 10:45:00+00:00,7565.53000,7565.65000,7560.78000,7561.03000,590.00000
2026-06-05 11:00:00+00:00,7560.78000,7562.53000,7559.78000,7560.53000,1010.00000
2026-06-05 11:15:00+00:00,7560.40000,7561.53000,7552.65000,7561.28000,1172.00000
2026-06-05 11:30:00+00:00,7561.03000,7563.53000,7559.28000,7560.78000,1118.00000
2026-06-05 11:45:00+00:00,7561.03000,7561.28000,7555.53000,7555.78000,854.00000
2026-06-05 12:00:00+00:00,7556.03000,7556.03000,7550.28000,7551.28000,1278.00000
2026-06-05 12:15:00+00:00,7551.40000,7556.03000,7550.53000,7551.40000,1632.00000
2026-06-05 12:30:00+00:00,7551.28000,7560.53000,7539.03000,7552.03000,4927.00000
2026-06-05 12:45:00+00:00,7552.15000,7554.53000,7541.53000,7542.28000,2994.00000
2026-06-05 13:00:00+00:00,7542.15000,7544.03000,7536.78000,7538.28000,2898.00000
2026-06-05 13:15:00+00:00,7538.03000,7542.28000,7536.28000,7540.78000,2392.00000
2026-06-05 13:30:00+00:00,7540.53000,7545.28000,7519.53000,7520.03000,5266.00000
2026-06-05 13:45:00+00:00,7519.78000,7523.28000,7503.28000,7503.78000,5342.00000
2026-06-05 14:00:00+00:00,7504.03000,7519.03000,7498.53000,7517.78000,6026.00000
2026-06-05 14:15:00+00:00,7518.03000,7526.03000,7505.53000,7509.03000,4460.00000
2026-06-05 14:30:00+00:00,7508.78000,7524.03000,7507.78000,7512.28000,4680.00000
2026-06-05 14:45:00+00:00,7512.03000,7517.53000,7508.03000,7515.53000,4290.00000
2026-06-05 15:00:00+00:00,7516.03000,7518.78000,7500.03000,7500.03000,3614.00000
2026-06-05 15:15:00+00:00,7499.78000,7504.78000,7492.53000,7498.53000,3607.00000
2026-06-05 15:30:00+00:00,7498.28000,7501.28000,7481.15000,7482.78000,3610.00000
2026-06-05 15:45:00+00:00,7482.53000,7486.53000,7479.03000,7482.78000,3448.00000
2026-06-05 16:00:00+00:00,7482.53000,7483.03000,7467.03000,7471.78000,3442.00000
2026-06-05 16:15:00+00:00,7471.53000,7472.53000,7463.03000,7464.53000,3716.00000
2026-06-05 16:30:00+00:00,7464.40000,7465.03000,7446.15000,7449.28000,3866.00000
2026-06-05 16:45:00+00:00,7449.03000,7463.28000,7441.78000,7462.53000,4674.00000
2026-06-05 17:00:00+00:00,7462.78000,7462.78000,7446.53000,7451.03000,4262.00000
2026-06-05 17:15:00+00:00,7451.28000,7458.53000,7445.03000,7457.53000,3866.00000
2026-06-05 17:30:00+00:00,7457.28000,7470.28000,7452.53000,7455.28000,3696.00000
2026-06-05 17:45:00+00:00,7455.65000,7464.28000,7453.28000,7464.03000,3226.00000
2026-06-05 18:00:00+00:00,7463.78000,7465.03000,7438.28000,7438.53000,3384.00000
2026-06-05 18:15:00+00:00,7438.28000,7438.78000,7422.53000,7426.03000,4866.00000
2026-06-05 18:30:00+00:00,7425.78000,7428.53000,7414.53000,7417.53000,3994.00000
2026-06-05 18:45:00+00:00,7416.78000,7418.78000,7401.78000,7409.03000,5716.00000
2026-06-05 19:00:00+00:00,7409.28000,7410.78000,7386.28000,7389.28000,5498.00000
2026-06-05 19:15:00+00:00,7389.03000,7402.15000,7372.53000,7401.78000,5948.00000
2026-06-05 19:30:00+00:00,7402.28000,7405.78000,7387.53000,7395.53000,6060.00000
2026-06-05 19:45:00+00:00,7395.28000,7415.53000,7389.75000,7392.50000,6386.00000
2026-06-05 20:00:00+00:00,7392.75000,7394.00000,7357.00000,7360.75000,6688.00000
2026-06-05 20:15:00+00:00,7361.50000,7364.00000,7353.25000,7362.37000,4328.00000
2026-06-05 20:30:00+00:00,7362.25000,7362.25000,7352.25000,7357.00000,3574.00000
2026-06-05 20:45:00+00:00,7356.87000,7364.00000,7353.75000,7360.25000,2550.00000
2026-06-07 22:00:00+00:00,7369.40000,7381.90000,7351.53000,7381.40000,5830.00000
2026-06-07 22:15:00+00:00,7381.53000,7390.90000,7377.53000,7378.90000,4016.00000
2026-06-07 22:30:00+00:00,7379.03000,7386.53000,7376.78000,7380.65000,2742.00000
2026-06-07 22:45:00+00:00,7380.53000,7383.40000,7350.53000,7362.65000,3892.00000
2026-06-07 23:00:00+00:00,7362.90000,7381.28000,7362.90000,7379.90000,3342.00000
2026-06-07 23:15:00+00:00,7379.65000,7380.15000,7368.90000,7376.15000,2958.00000
2026-06-07 23:30:00+00:00,7376.03000,7386.28000,7375.65000,7386.03000,2320.00000
2026-06-07 23:45:00+00:00,7386.28000,7399.03000,7384.65000,7395.15000,3374.00000
2026-06-08 00:00:00+00:00,7394.53000,7402.15000,7390.78000,7401.65000,4732.00000
2026-06-08 00:15:00+00:00,7401.53000,7410.78000,7399.53000,7409.78000,2938.00000
2026-06-08 00:30:00+00:00,7409.90000,7417.78000,7406.90000,7411.03000,3380.00000
2026-06-08 00:45:00+00:00,7411.15000,7412.28000,7401.53000,7410.28000,4328.00000
2026-06-08 01:00:00+00:00,7410.78000,7413.78000,7400.78000,7400.78000,5186.00000
2026-06-08 01:15:00+00:00,7402.03000,7402.28000,7387.15000,7387.78000,6538.00000
2026-06-08 01:30:00+00:00,7388.03000,7401.65000,7379.28000,7400.65000,7026.00000
2026-06-08 01:45:00+00:00,7400.78000,7404.40000,7395.28000,7400.90000,5306.00000
2026-06-08 02:00:00+00:00,7401.03000,7404.78000,7395.90000,7401.40000,5272.00000
2026-06-08 02:15:00+00:00,7401.53000,7404.90000,7395.53000,7403.15000,4042.00000
2026-06-08 02:30:00+00:00,7403.28000,7412.53000,7396.78000,7412.28000,3982.00000
2026-06-08 02:45:00+00:00,7412.15000,7414.03000,7407.78000,7409.53000,3254.00000
2026-06-08 03:00:00+00:00,7409.65000,7413.28000,7408.03000,7411.03000,3088.00000
2026-06-08 03:15:00+00:00,7410.90000,7413.03000,7405.78000,7411.78000,2794.00000
2026-06-08 03:30:00+00:00,7411.65000,7414.28000,7410.28000,7411.03000,2696.00000
2026-06-08 03:45:00+00:00,7411.28000,7413.53000,7409.78000,7411.53000,2260.00000
2026-06-08 04:00:00+00:00,7411.78000,7413.78000,7405.65000,7407.28000,3138.00000
2026-06-08 04:15:00+00:00,7407.53000,7411.28000,7403.03000,7406.53000,2618.00000
2026-06-08 04:30:00+00:00,7406.40000,7407.78000,7396.28000,7396.65000,3402.00000
2026-06-08 04:45:00+00:00,7396.53000,7403.28000,7395.53000,7396.03000,3104.00000
2026-06-08 05:00:00+00:00,7396.40000,7403.78000,7391.53000,7391.53000,4004.00000
2026-06-08 05:15:00+00:00,7391.78000,7398.78000,7390.53000,7397.03000,4002.00000
2026-06-08 05:30:00+00:00,7397.53000,7398.28000,7381.53000,7384.28000,4326.00000
2026-06-08 05:45:00+00:00,7384.15000,7387.53000,7381.53000,7386.53000,3916.00000
2026-06-08 06:00:00+00:00,7386.78000,7394.65000,7384.53000,7388.56000,4690.00000
2026-06-08 06:15:00+00:00,7388.18000,7402.81000,7386.31000,7402.06000,3604.00000
2026-06-08 06:30:00+00:00,7402.18000,7404.81000,7391.81000,7396.18000,3920.00000
2026-06-08 06:45:00+00:00,7396.06000,7397.56000,7389.31000,7397.56000,2964.00000
2026-06-08 07:00:00+00:00,7397.68000,7406.81000,7395.43000,7404.81000,4480.00000
2026-06-08 07:15:00+00:00,7405.06000,7418.56000,7399.93000,7415.81000,3584.00000
2026-06-08 07:30:00+00:00,7415.56000,7418.31000,7411.18000,7417.56000,2984.00000
2026-06-08 07:45:00+00:00,7417.81000,7423.56000,7415.81000,7418.06000,2246.00000
2026-06-08 08:00:00+00:00,7417.93000,7418.56000,7411.81000,7412.81000,3064.00000
2026-06-08 08:15:00+00:00,7413.06000,7416.06000,7407.93000,7412.18000,3186.00000
2026-06-08 08:30:00+00:00,7412.06000,7416.06000,7405.56000,7409.56000,2804.00000
2026-06-08 08:45:00+00:00,7409.68000,7412.31000,7404.43000,7408.56000,2730.00000
2026-06-08 09:00:00+00:00,7408.68000,7412.31000,7402.06000,7410.81000,2280.00000
2026-06-08 09:15:00+00:00,7411.06000,7415.06000,7409.81000,7411.56000,1662.00000
2026-06-08 09:30:00+00:00,7411.68000,7425.43000,7407.06000,7418.18000,3202.00000
2026-06-08 09:45:00+00:00,7418.06000,7422.31000,7417.06000,7422.31000,2056.00000
2026-06-08 10:00:00+00:00,7422.56000,7422.56000,7411.81000,7420.06000,2188.00000
2026-06-08 10:15:00+00:00,7419.93000,7420.31000,7411.06000,7415.18000,1842.00000
2026-06-08 10:30:00+00:00,7415.06000,7430.56000,7414.06000,7424.06000,3044.00000
2026-06-08 10:45:00+00:00,7424.18000,7425.31000,7419.81000,7423.31000,1860.00000
2026-06-08 11:00:00+00:00,7422.81000,7443.56000,7417.56000,7443.31000,2956.00000
2026-06-08 11:15:00+00:00,7443.06000,7448.56000,7437.31000,7446.93000,4504.00000
2026-06-08 11:30:00+00:00,7447.31000,7452.56000,7445.81000,7446.56000,2718.00000
2026-06-08 11:45:00+00:00,7446.31000,7447.56000,7440.06000,7441.81000,2274.00000
2026-06-08 12:00:00+00:00,7441.93000,7451.56000,7441.31000,7448.81000,3172.00000
2026-06-08 12:15:00+00:00,7448.68000,7453.56000,7446.56000,7453.06000,2090.00000
2026-06-08 12:30:00+00:00,7452.93000,7462.31000,7452.93000,7457.81000,1984.00000
2026-06-08 12:45:00+00:00,7458.06000,7458.56000,7452.31000,7454.31000,2088.00000
2026-06-08 13:00:00+00:00,7454.56000,7459.81000,7454.56000,7457.56000,2268.00000
2026-06-08 13:15:00+00:00,7457.81000,7466.31000,7451.81000,7452.31000,2114.00000
2026-06-08 13:30:00+00:00,7451.68000,7464.31000,7433.06000,7445.31000,7270.00000
2026-06-08 13:45:00+00:00,7445.56000,7455.31000,7426.31000,7426.31000,7054.00000
2026-06-08 14:00:00+00:00,7426.56000,7443.43000,7424.06000,7434.31000,7196.00000
2026-06-08 14:15:00+00:00,7434.43000,7448.06000,7426.56000,7442.81000,6396.00000
2026-06-08 14:30:00+00:00,7442.31000,7454.31000,7437.31000,7443.31000,5290.00000
2026-06-08 14:45:00+00:00,7443.06000,7468.31000,7443.06000,7468.06000,4204.00000
2026-06-08 15:00:00+00:00,7467.56000,7471.56000,7463.81000,7465.56000,2942.00000
2026-06-08 15:15:00+00:00,7465.68000,7469.56000,7448.81000,7450.06000,3542.00000
2026-06-08 15:30:00+00:00,7449.81000,7456.43000,7435.81000,7454.56000,5086.00000
2026-06-08 15:45:00+00:00,7454.06000,7460.81000,7442.56000,7444.93000,3856.00000
2026-06-08 16:00:00+00:00,7444.81000,7450.06000,7439.06000,7448.06000,4326.00000
2026-06-08 16:15:00+00:00,7448.31000,7457.06000,7438.31000,7438.56000,3612.00000
2026-06-08 16:30:00+00:00,7438.81000,7443.31000,7432.31000,7438.31000,4458.00000
2026-06-08 16:45:00+00:00,7438.18000,7447.06000,7436.06000,7436.31000,3682.00000
2026-06-08 17:00:00+00:00,7436.56000,7437.06000,7418.06000,7426.56000,4926.00000
2026-06-08 17:15:00+00:00,7426.31000,7437.81000,7418.06000,7437.56000,3936.00000
2026-06-08 17:30:00+00:00,7437.43000,7441.31000,7421.18000,7421.31000,5080.00000
2026-06-08 17:45:00+00:00,7421.56000,7434.81000,7421.56000,7428.56000,4208.00000
2026-06-08 18:00:00+00:00,7428.81000,7440.31000,7427.81000,7430.06000,4050.00000
2026-06-08 18:15:00+00:00,7430.31000,7437.81000,7429.81000,7436.81000,3306.00000
2026-06-08 18:30:00+00:00,7437.31000,7441.81000,7425.06000,7426.31000,3324.00000
2026-06-08 18:45:00+00:00,7426.56000,7432.81000,7426.06000,7426.81000,2766.00000
2026-06-08 19:00:00+00:00,7427.06000,7429.06000,7409.81000,7409.81000,3698.00000
2026-06-08 19:15:00+00:00,7410.06000,7414.18000,7398.81000,7409.31000,4034.00000
2026-06-08 19:30:00+00:00,7409.06000,7419.31000,7406.31000,7410.81000,4120.00000
2026-06-08 19:45:00+00:00,7410.56000,7417.18000,7405.31000,7411.03000,3938.00000
2026-06-08 20:00:00+00:00,7410.40000,7413.78000,7406.28000,7408.03000,1766.00000
2026-06-08 20:15:00+00:00,7408.15000,7409.53000,7402.28000,7407.78000,1212.00000
2026-06-08 20:30:00+00:00,7407.53000,7408.28000,7405.78000,7406.78000,644.00000
2026-06-08 20:45:00+00:00,7407.03000,7408.53000,7404.28000,7406.78000,556.00000
2026-06-08 22:00:00+00:00,7409.45000,7412.08000,7391.08000,7393.08000,3584.00000
2026-06-08 22:15:00+00:00,7392.95000,7396.33000,7386.33000,7391.08000,2492.00000
2026-06-08 22:30:00+00:00,7391.20000,7400.08000,7391.08000,7399.08000,1748.00000
2026-06-08 22:45:00+00:00,7398.95000,7408.20000,7397.33000,7407.20000,1252.00000
2026-06-08 23:00:00+00:00,7407.33000,7412.08000,7404.45000,7411.33000,1530.00000
2026-06-08 23:15:00+00:00,7411.45000,7411.83000,7406.83000,7407.70000,1370.00000
2026-06-08 23:30:00+00:00,7407.58000,7414.45000,7406.20000,7408.45000,2182.00000
2026-06-08 23:45:00+00:00,7408.58000,7408.58000,7398.83000,7405.83000,3316.00000
2026-06-09 00:00:00+00:00,7405.70000,7407.20000,7389.83000,7392.58000,6590.00000
2026-06-09 00:15:00+00:00,7392.83000,7396.33000,7389.20000,7394.95000,4988.00000
2026-06-09 00:30:00+00:00,7394.83000,7396.58000,7386.58000,7392.58000,4716.00000
2026-06-09 00:45:00+00:00,7392.70000,7393.33000,7385.70000,7390.70000,4312.00000
2026-06-09 01:00:00+00:00,7391.08000,7397.45000,7388.83000,7395.45000,4996.00000
2026-06-09 01:15:00+00:00,7395.33000,7413.33000,7394.08000,7409.08000,5034.00000
2026-06-09 01:30:00+00:00,7409.33000,7417.83000,7407.58000,7415.45000,4806.00000
2026-06-09 01:45:00+00:00,7415.33000,7423.33000,7413.83000,7415.20000,3838.00000
2026-06-09 02:00:00+00:00,7415.33000,7420.08000,7414.83000,7417.45000,3766.00000
2026-06-09 02:15:00+00:00,7417.33000,7418.08000,7411.08000,7415.58000,3020.00000
2026-06-09 02:30:00+00:00,7415.70000,7418.83000,7412.83000,7418.33000,3414.00000
2026-06-09 02:45:00+00:00,7418.08000,7420.58000,7415.20000,7418.83000,2790.00000
2026-06-09 03:00:00+00:00,7418.45000,7422.45000,7416.83000,7421.83000,2558.00000
2026-06-09 03:15:00+00:00,7421.70000,7424.33000,7417.58000,7420.70000,2578.00000
2026-06-09 03:30:00+00:00,7420.83000,7428.45000,7419.95000,7427.33000,2698.00000
2026-06-09 03:45:00+00:00,7427.20000,7428.45000,7424.08000,7425.83000,1890.00000
2026-06-09 04:00:00+00:00,7426.08000,7429.20000,7423.45000,7426.83000,1806.00000
2026-06-09 04:15:00+00:00,7426.95000,7430.83000,7426.08000,7428.95000,1584.00000
2026-06-09 04:30:00+00:00,7429.08000,7432.70000,7427.08000,7430.95000,1746.00000
2026-06-09 04:45:00+00:00,7430.83000,7432.33000,7428.95000,7429.33000,1310.00000
2026-06-09 05:00:00+00:00,7429.83000,7432.58000,7428.45000,7429.58000,1932.00000
2026-06-09 05:15:00+00:00,7429.45000,7431.83000,7427.58000,7427.83000,2002.00000
2026-06-09 05:30:00+00:00,7428.08000,7435.58000,7427.83000,7432.08000,2920.00000
2026-06-09 05:45:00+00:00,7431.95000,7436.33000,7429.83000,7432.08000,2272.00000
2026-06-09 06:00:00+00:00,7432.33000,7434.61000,7430.33000,7434.23000,2750.00000
2026-06-09 06:15:00+00:00,7434.11000,7437.36000,7431.36000,7431.98000,1932.00000
2026-06-09 06:30:00+00:00,7431.86000,7433.23000,7429.11000,7431.73000,2012.00000
2026-06-09 06:45:00+00:00,7431.86000,7433.11000,7425.86000,7428.86000,1532.00000
2026-06-09 07:00:00+00:00,7429.11000,7442.11000,7426.98000,7433.61000,2898.00000
2026-06-09 07:15:00+00:00,7433.73000,7436.11000,7426.23000,7428.86000,2906.00000
2026-06-09 07:30:00+00:00,7428.61000,7431.86000,7426.36000,7431.86000,2914.00000
2026-06-09 07:45:00+00:00,7431.73000,7434.36000,7426.36000,7427.98000,2480.00000
2026-06-09 08:00:00+00:00,7428.11000,7440.36000,7423.73000,7439.48000,4156.00000
2026-06-09 08:15:00+00:00,7439.36000,7441.11000,7435.36000,7438.61000,3028.00000
2026-06-09 08:30:00+00:00,7438.48000,7443.98000,7436.61000,7443.11000,2418.00000
2026-06-09 08:45:00+00:00,7442.98000,7444.36000,7436.11000,7437.61000,1628.00000
2026-06-09 09:00:00+00:00,7437.36000,7443.61000,7436.61000,7443.36000,1502.00000
2026-06-09 09:15:00+00:00,7443.48000,7446.11000,7441.61000,7444.86000,1360.00000
2026-06-09 09:30:00+00:00,7444.98000,7445.36000,7440.11000,7443.86000,1606.00000
2026-06-09 09:45:00+00:00,7444.11000,7446.61000,7443.61000,7444.11000,1128.00000
2026-06-09 10:00:00+00:00,7443.98000,7447.11000,7430.11000,7444.48000,2586.00000
2026-06-09 10:15:00+00:00,7444.61000,7445.11000,7440.36000,7444.61000,1636.00000
2026-06-09 10:30:00+00:00,7444.73000,7445.11000,7440.86000,7442.36000,1094.00000
2026-06-09 10:45:00+00:00,7442.23000,7450.73000,7441.36000,7446.73000,1596.00000
2026-06-09 11:00:00+00:00,7446.61000,7449.98000,7444.61000,7446.11000,1622.00000
2026-06-09 11:15:00+00:00,7446.23000,7446.36000,7440.23000,7442.11000,1258.00000
2026-06-09 11:30:00+00:00,7442.36000,7446.11000,7440.61000,7443.98000,1330.00000
2026-06-09 11:45:00+00:00,7443.86000,7445.86000,7438.61000,7438.86000,1128.00000
2026-06-09 12:00:00+00:00,7438.73000,7443.36000,7438.23000,7438.86000,1554.00000
2026-06-09 12:15:00+00:00,7438.61000,7440.86000,7436.98000,7439.11000,1730.00000
2026-06-09 12:30:00+00:00,7439.23000,7451.36000,7439.11000,7445.11000,1692.00000
2026-06-09 12:45:00+00:00,7444.86000,7451.86000,7441.86000,7451.48000,1282.00000
2026-06-09 13:00:00+00:00,7451.36000,7454.36000,7446.61000,7447.11000,1802.00000
2026-06-09 13:15:00+00:00,7447.36000,7454.86000,7444.61000,7454.11000,1654.00000
2026-06-09 13:30:00+00:00,7453.86000,7470.86000,7450.11000,7470.86000,4630.00000
2026-06-09 13:45:00+00:00,7470.61000,7486.36000,7459.61000,7460.86000,4794.00000
2026-06-09 14:00:00+00:00,7460.61000,7467.61000,7431.61000,7432.36000,6634.00000
2026-06-09 14:15:00+00:00,7432.61000,7438.86000,7411.11000,7428.61000,7824.00000
2026-06-09 14:30:00+00:00,7428.36000,7434.11000,7401.11000,7403.36000,8040.00000
2026-06-09 14:45:00+00:00,7403.61000,7405.86000,7363.36000,7394.61000,8656.00000
2026-06-09 15:00:00+00:00,7395.11000,7400.98000,7379.86000,7392.11000,7782.00000
2026-06-09 15:15:00+00:00,7392.36000,7394.36000,7324.86000,7326.86000,7272.00000
2026-06-09 15:30:00+00:00,7327.11000,7341.61000,7322.11000,7335.11000,8732.00000
2026-06-09 15:45:00+00:00,7336.11000,7344.36000,7306.61000,7307.61000,7644.00000
2026-06-09 16:00:00+00:00,7308.23000,7322.61000,7295.36000,7302.61000,8334.00000
2026-06-09 16:15:00+00:00,7302.36000,7302.61000,7270.11000,7290.73000,8560.00000
2026-06-09 16:30:00+00:00,7289.86000,7302.98000,7243.11000,7263.86000,9884.00000
2026-06-09 16:45:00+00:00,7263.36000,7283.36000,7252.61000,7282.73000,9468.00000
2026-06-09 17:00:00+00:00,7283.36000,7307.23000,7280.98000,7302.98000,9262.00000
2026-06-09 17:15:00+00:00,7302.61000,7329.73000,7296.11000,7324.36000,8340.00000
2026-06-09 17:30:00+00:00,7324.11000,7356.48000,7319.11000,7346.61000,6930.00000
2026-06-09 17:45:00+00:00,7346.86000,7349.11000,7326.61000,7342.86000,7556.00000
2026-06-09 18:00:00+00:00,7343.36000,7354.61000,7338.11000,7349.98000,7244.00000
2026-06-09 18:15:00+00:00,7349.61000,7368.98000,7343.11000,7368.48000,6930.00000
2026-06-09 18:30:00+00:00,7368.61000,7379.86000,7360.61000,7361.36000,6136.00000
2026-06-09 18:45:00+00:00,7361.48000,7388.36000,7360.86000,7384.86000,5412.00000
2026-06-09 19:00:00+00:00,7384.98000,7393.86000,7368.86000,7370.11000,5852.00000
2026-06-09 19:15:00+00:00,7370.36000,7371.36000,7349.11000,7363.11000,7610.00000
2026-06-09 19:30:00+00:00,7362.86000,7367.36000,7343.36000,7351.73000,7780.00000
2026-06-09 19:45:00+00:00,7351.86000,7390.58000,7343.11000,7387.33000,7710.00000
2026-06-09 20:00:00+00:00,7388.08000,7394.33000,7379.08000,7380.83000,5131.00000
2026-06-09 20:15:00+00:00,7381.08000,7387.08000,7377.83000,7385.33000,2708.00000
2026-06-09 20:30:00+00:00,7385.08000,7389.08000,7381.83000,7386.58000,1920.00000
2026-06-09 20:45:00+00:00,7386.83000,7387.83000,7381.08000,7383.58000,1240.00000
2026-06-09 22:00:00+00:00,7378.95000,7380.45000,7370.82000,7377.82000,4298.00000
2026-06-09 22:15:00+00:00,7378.07000,7382.45000,7372.70000,7374.32000,2262.00000
2026-06-09 22:30:00+00:00,7374.45000,7374.70000,7362.70000,7366.82000,2776.00000
2026-06-09 22:45:00+00:00,7366.95000,7367.95000,7359.95000,7366.32000,2464.00000
2026-06-09 23:00:00+00:00,7366.57000,7375.45000,7364.70000,7366.32000,2524.00000
2026-06-09 23:15:00+00:00,7366.45000,7368.07000,7362.95000,7363.32000,1806.00000
2026-06-09 23:30:00+00:00,7363.45000,7366.95000,7361.20000,7365.95000,2074.00000
2026-06-09 23:45:00+00:00,7365.82000,7375.82000,7364.70000,7374.70000,3356.00000
2026-06-10 00:00:00+00:00,7375.45000,7389.20000,7374.45000,7380.82000,5782.00000
2026-06-10 00:15:00+00:00,7380.57000,7382.32000,7373.32000,7379.07000,5300.00000
2026-06-10 00:30:00+00:00,7379.20000,7380.20000,7360.32000,7364.32000,5414.00000
2026-06-10 00:45:00+00:00,7364.20000,7380.70000,7363.20000,7377.57000,5384.00000
2026-06-10 01:00:00+00:00,7378.07000,7384.32000,7374.57000,7380.82000,5230.00000
2026-06-10 01:15:00+00:00,7380.57000,7385.95000,7376.95000,7379.45000,4480.00000
2026-06-10 01:30:00+00:00,7379.32000,7384.70000,7373.70000,7375.57000,5126.00000
2026-06-10 01:45:00+00:00,7375.45000,7381.45000,7372.45000,7376.07000,5018.00000
2026-06-10 02:00:00+00:00,7375.95000,7377.45000,7367.70000,7371.70000,4228.00000
2026-06-10 02:15:00+00:00,7371.95000,7375.57000,7368.70000,7374.57000,4058.00000
2026-06-10 02:30:00+00:00,7374.70000,7377.20000,7369.45000,7372.82000,3812.00000
2026-06-10 02:45:00+00:00,7372.70000,7377.07000,7365.70000,7366.95000,3302.00000
2026-06-10 03:00:00+00:00,7367.20000,7375.95000,7366.45000,7373.45000,3332.00000
2026-06-10 03:15:00+00:00,7373.57000,7377.45000,7370.45000,7372.20000,3272.00000
2026-06-10 03:30:00+00:00,7372.45000,7373.95000,7365.95000,7366.32000,3318.00000
2026-06-10 03:45:00+00:00,7366.20000,7370.45000,7365.70000,7368.45000,2718.00000
2026-06-10 04:00:00+00:00,7368.32000,7369.82000,7360.82000,7361.70000,2390.00000
2026-06-10 04:15:00+00:00,7361.82000,7366.70000,7359.70000,7361.45000,3264.00000
2026-06-10 04:30:00+00:00,7361.20000,7361.70000,7352.95000,7353.20000,3000.00000
2026-06-10 04:45:00+00:00,7353.07000,7361.20000,7352.20000,7353.95000,3234.00000
2026-06-10 05:00:00+00:00,7354.32000,7361.45000,7352.95000,7356.57000,3872.00000
2026-06-10 05:15:00+00:00,7356.45000,7363.32000,7349.95000,7363.20000,3498.00000
2026-06-10 05:30:00+00:00,7363.07000,7364.82000,7354.82000,7360.07000,4700.00000
2026-06-10 05:45:00+00:00,7360.20000,7366.57000,7355.70000,7364.20000,3516.00000
2026-06-10 06:00:00+00:00,7364.70000,7371.48000,7363.32000,7368.48000,3486.00000
2026-06-10 06:15:00+00:00,7368.23000,7370.85000,7363.10000,7366.60000,2410.00000
2026-06-10 06:30:00+00:00,7366.23000,7371.73000,7363.48000,7367.48000,2524.00000
2026-06-10 06:45:00+00:00,7367.60000,7368.10000,7362.73000,7364.48000,1578.00000
2026-06-10 07:00:00+00:00,7363.98000,7369.60000,7360.73000,7367.10000,3652.00000
2026-06-10 07:15:00+00:00,7367.23000,7369.23000,7358.48000,7360.73000,3046.00000
2026-06-10 07:30:00+00:00,7360.48000,7366.98000,7358.73000,7361.10000,3242.00000
2026-06-10 07:45:00+00:00,7361.23000,7364.10000,7358.23000,7363.48000,3024.00000
2026-06-10 08:00:00+00:00,7363.73000,7363.85000,7348.98000,7351.98000,4572.00000
2026-06-10 08:15:00+00:00,7352.73000,7354.23000,7347.10000,7349.10000,3934.00000
2026-06-10 08:30:00+00:00,7349.48000,7352.98000,7334.85000,7335.60000,3672.00000
2026-06-10 08:45:00+00:00,7335.48000,7340.98000,7328.98000,7332.35000,4664.00000
2026-06-10 09:00:00+00:00,7332.23000,7335.85000,7320.10000,7320.10000,4424.00000
2026-06-10 09:15:00+00:00,7319.48000,7333.23000,7315.23000,7332.73000,4392.00000
2026-06-10 09:30:00+00:00,7332.60000,7338.73000,7325.73000,7329.23000,3928.00000
2026-06-10 09:45:00+00:00,7329.10000,7335.48000,7324.98000,7333.73000,3390.00000
2026-06-10 10:00:00+00:00,7333.98000,7334.23000,7326.48000,7330.60000,3274.00000
2026-06-10 10:15:00+00:00,7330.73000,7332.85000,7320.73000,7332.23000,3660.00000
2026-06-10 10:30:00+00:00,7332.10000,7340.48000,7329.73000,7340.10000,3522.00000
2026-06-10 10:45:00+00:00,7340.23000,7342.73000,7330.85000,7340.10000,3348.00000
2026-06-10 11:00:00+00:00,7340.48000,7342.48000,7303.23000,7322.10000,6858.00000
2026-06-10 11:15:00+00:00,7321.85000,7329.98000,7301.98000,7312.98000,6110.00000
2026-06-10 11:30:00+00:00,7312.85000,7314.85000,7302.98000,7307.98000,5402.00000
2026-06-10 11:45:00+00:00,7307.85000,7322.73000,7305.23000,7318.35000,4490.00000
2026-06-10 12:00:00+00:00,7318.48000,7330.98000,7315.85000,7323.60000,4372.00000
2026-06-10 12:15:00+00:00,7323.35000,7334.60000,7318.10000,7333.46000,4694.00000
2026-06-10 12:30:00+00:00,7334.35000,7362.73000,7331.98000,7355.35000,8522.00000
2026-06-10 12:45:00+00:00,7355.48000,7362.60000,7345.98000,7346.48000,6386.00000
2026-06-10 13:00:00+00:00,7346.23000,7351.73000,7342.73000,7347.48000,4676.00000
2026-06-10 13:15:00+00:00,7347.23000,7351.98000,7345.73000,7351.10000,3542.00000
2026-06-10 13:30:00+00:00,7350.60000,7378.48000,7331.48000,7378.23000,8880.00000
2026-06-10 13:45:00+00:00,7378.10000,7386.35000,7363.98000,7374.10000,8232.00000
2026-06-10 14:00:00+00:00,7374.23000,7392.48000,7366.98000,7383.48000,8234.00000
2026-06-10 14:15:00+00:00,7383.98000,7400.73000,7374.85000,7388.98000,7620.00000
2026-06-10 14:30:00+00:00,7388.73000,7395.98000,7372.48000,7372.73000,7810.00000
2026-06-10 14:45:00+00:00,7371.98000,7377.73000,7339.23000,7345.23000,8120.00000
2026-06-10 15:00:00+00:00,7345.73000,7360.98000,7322.98000,7323.73000,8570.00000
2026-06-10 15:15:00+00:00,7323.23000,7342.23000,7311.73000,7330.98000,8182.00000
2026-06-10 15:30:00+00:00,7331.10000,7341.98000,7317.23000,7338.98000,8112.00000
2026-06-10 15:45:00+00:00,7339.35000,7344.35000,7301.35000,7336.23000,9242.00000
2026-06-10 16:00:00+00:00,7336.35000,7341.98000,7315.73000,7319.23000,8022.00000
2026-06-10 16:15:00+00:00,7318.73000,7326.98000,7315.73000,7323.35000,7054.00000
2026-06-10 16:30:00+00:00,7323.48000,7339.98000,7316.73000,7324.98000,7016.00000
2026-06-10 16:45:00+00:00,7324.85000,7326.98000,7310.73000,7320.23000,6814.00000
2026-06-10 17:00:00+00:00,7320.10000,7330.48000,7303.48000,7306.60000,6906.00000
2026-06-10 17:15:00+00:00,7306.35000,7314.98000,7303.23000,7312.98000,6638.00000
2026-06-10 17:30:00+00:00,7312.73000,7313.48000,7295.23000,7296.48000,5886.00000
2026-06-10 17:45:00+00:00,7296.23000,7324.98000,7295.73000,7323.23000,7598.00000
2026-06-10 18:00:00+00:00,7323.48000,7334.35000,7321.23000,7324.23000,6512.00000
2026-06-10 18:15:00+00:00,7323.98000,7329.35000,7309.73000,7312.23000,6594.00000
2026-06-10 18:30:00+00:00,7312.35000,7312.60000,7297.98000,7301.98000,5900.00000
2026-06-10 18:45:00+00:00,7302.23000,7302.23000,7286.73000,7291.23000,5552.00000
2026-06-10 19:00:00+00:00,7291.48000,7298.23000,7284.98000,7287.60000,5986.00000
2026-06-10 19:15:00+00:00,7287.98000,7289.23000,7272.23000,7277.23000,5432.00000
2026-06-10 19:30:00+00:00,7276.98000,7294.73000,7274.10000,7289.98000,6172.00000
2026-06-10 19:45:00+00:00,7289.85000,7296.48000,7271.45000,7272.20000,6894.00000
2026-06-10 20:00:00+00:00,7272.70000,7274.70000,7257.45000,7267.57000,5378.00000
2026-06-10 20:15:00+00:00,7267.45000,7271.45000,7264.45000,7266.20000,2312.00000
2026-06-10 20:30:00+00:00,7265.95000,7265.95000,7257.95000,7258.45000,1512.00000
2026-06-10 20:45:00+00:00,7258.70000,7263.70000,7252.32000,7261.45000,2142.00000
2026-06-10 22:00:00+00:00,7259.79000,7261.29000,7243.92000,7251.92000,4032.00000
2026-06-10 22:15:00+00:00,7252.04000,7256.29000,7249.92000,7255.54000,2732.00000
2026-06-10 22:30:00+00:00,7255.42000,7263.42000,7253.42000,7257.04000,2436.00000
2026-06-10 22:45:00+00:00,7256.92000,7261.92000,7239.92000,7240.67000,3468.00000
2026-06-10 23:00:00+00:00,7240.79000,7247.92000,7231.92000,7232.92000,3423.00000
2026-06-10 23:15:00+00:00,7233.04000,7254.54000,7229.29000,7254.04000,4172.00000
2026-06-10 23:30:00+00:00,7254.42000,7260.04000,7244.54000,7256.29000,2684.00000
2026-06-10 23:45:00+00:00,7256.04000,7256.79000,7244.04000,7246.17000,3326.00000
2026-06-11 00:00:00+00:00,7246.54000,7255.42000,7242.92000,7251.42000,5994.00000
2026-06-11 00:15:00+00:00,7251.67000,7279.54000,7251.67000,7264.04000,7248.00000
2026-06-11 00:30:00+00:00,7264.17000,7269.17000,7254.92000,7259.92000,6198.00000
2026-06-11 00:45:00+00:00,7259.79000,7276.67000,7259.79000,7273.92000,5496.00000
2026-06-11 01:00:00+00:00,7273.79000,7300.17000,7273.79000,7299.54000,5582.00000
2026-06-11 01:15:00+00:00,7299.42000,7302.92000,7294.17000,7301.17000,5156.00000
2026-06-11 01:30:00+00:00,7301.42000,7302.04000,7292.67000,7293.67000,4620.00000
2026-06-11 01:45:00+00:00,7293.79000,7294.17000,7282.42000,7284.42000,3844.00000
2026-06-11 02:00:00+00:00,7284.54000,7293.92000,7283.42000,7283.92000,4754.00000
2026-06-11 02:15:00+00:00,7283.79000,7287.67000,7273.42000,7275.17000,4730.00000
2026-06-11 02:30:00+00:00,7275.42000,7280.29000,7270.54000,7276.17000,5486.00000
2026-06-11 02:45:00+00:00,7276.04000,7287.92000,7275.04000,7285.92000,4382.00000
2026-06-11 03:00:00+00:00,7286.04000,7291.17000,7278.92000,7281.42000,4154.00000
2026-06-11 03:15:00+00:00,7281.29000,7285.29000,7277.92000,7284.67000,4188.00000
2026-06-11 03:30:00+00:00,7284.54000,7295.42000,7283.92000,7294.92000,4440.00000
2026-06-11 03:45:00+00:00,7294.67000,7302.54000,7292.92000,7301.67000,3240.00000
2026-06-11 04:00:00+00:00,7301.54000,7302.42000,7297.92000,7300.04000,3016.00000
2026-06-11 04:15:00+00:00,7299.92000,7305.67000,7297.42000,7303.17000,3326.00000
2026-06-11 04:30:00+00:00,7303.04000,7314.17000,7302.04000,7312.42000,2910.00000
2026-06-11 04:45:00+00:00,7312.67000,7314.42000,7307.17000,7309.54000,2416.00000
2026-06-11 05:00:00+00:00,7309.67000,7310.54000,7301.04000,7302.42000,3206.00000
2026-06-11 05:15:00+00:00,7302.54000,7305.29000,7299.67000,7302.67000,3158.00000
2026-06-11 05:30:00+00:00,7302.54000,7305.67000,7299.42000,7304.67000,3680.00000
2026-06-11 05:45:00+00:00,7304.42000,7307.17000,7302.42000,7305.29000,3084.00000
2026-06-11 06:00:00+00:00,7305.17000,7305.67000,7291.70000,7303.20000,4260.00000
2026-06-11 06:15:00+00:00,7303.07000,7306.95000,7301.70000,7302.70000,2914.00000
2026-06-11 06:30:00+00:00,7302.82000,7309.45000,7300.57000,7307.20000,2592.00000
2026-06-11 06:45:00+00:00,7307.95000,7312.95000,7305.57000,7312.32000,1992.00000
2026-06-11 07:00:00+00:00,7312.45000,7316.45000,7309.45000,7314.20000,2884.00000
2026-06-11 07:15:00+00:00,7313.95000,7326.70000,7312.95000,7323.70000,2352.00000
2026-06-11 07:30:00+00:00,7323.45000,7327.95000,7322.70000,7326.70000,2230.00000
2026-06-11 07:45:00+00:00,7326.45000,7327.70000,7321.20000,7323.95000,1988.00000
2026-06-11 08:00:00+00:00,7323.45000,7333.95000,7323.45000,7332.20000,2776.00000
2026-06-11 08:15:00+00:00,7332.07000,7333.45000,7326.82000,7328.95000,2384.00000
2026-06-11 08:30:00+00:00,7329.20000,7334.20000,7327.95000,7331.95000,1958.00000
2026-06-11 08:45:00+00:00,7332.20000,7334.32000,7329.95000,7333.32000,1596.00000
2026-06-11 09:00:00+00:00,7333.45000,7334.45000,7328.57000,7330.20000,1738.00000
2026-06-11 09:15:00+00:00,7330.07000,7333.20000,7328.45000,7330.20000,1586.00000
2026-06-11 09:30:00+00:00,7330.07000,7333.95000,7328.95000,7332.20000,1216.00000
2026-06-11 09:45:00+00:00,7331.95000,7335.45000,7330.45000,7330.45000,1404.00000
2026-06-11 10:00:00+00:00,7330.32000,7334.45000,7327.45000,7328.70000,1784.00000
2026-06-11 10:15:00+00:00,7328.82000,7330.45000,7325.70000,7325.70000,1406.00000
2026-06-11 10:30:00+00:00,7325.95000,7331.20000,7325.95000,7328.45000,1474.00000
2026-06-11 10:45:00+00:00,7328.70000,7330.95000,7325.45000,7325.70000,1094.00000
2026-06-11 11:00:00+00:00,7325.82000,7325.95000,7314.45000,7318.70000,2516.00000
2026-06-11 11:15:00+00:00,7318.82000,7322.32000,7314.57000,7319.57000,2056.00000
2026-06-11 11:30:00+00:00,7319.45000,7329.20000,7318.82000,7326.45000,3064.00000
2026-06-11 11:45:00+00:00,7326.57000,7330.70000,7323.57000,7328.95000,1516.00000
2026-06-11 12:00:00+00:00,7328.70000,7330.70000,7326.20000,7328.95000,1834.00000
2026-06-11 12:15:00+00:00,7328.82000,7328.82000,7293.45000,7303.32000,5816.00000
2026-06-11 12:30:00+00:00,7303.57000,7308.18000,7285.45000,7301.57000,7197.00000
2026-06-11 12:45:00+00:00,7300.95000,7316.20000,7298.70000,7313.07000,5552.00000
2026-06-11 13:00:00+00:00,7313.45000,7313.45000,7302.20000,7305.45000,3560.00000
2026-06-11 13:15:00+00:00,7305.20000,7308.45000,7303.20000,7304.70000,2650.00000
2026-06-11 13:30:00+00:00,7304.20000,7307.57000,7279.95000,7288.45000,8053.00000
2026-06-11 13:45:00+00:00,7288.20000,7331.95000,7284.20000,7313.70000,8562.00000
2026-06-11 14:00:00+00:00,7313.95000,7332.45000,7294.20000,7294.95000,7824.00000
2026-06-11 14:15:00+00:00,7295.20000,7314.07000,7285.95000,7304.45000,8198.00000
2026-06-11 14:30:00+00:00,7304.70000,7316.95000,7293.20000,7302.07000,7974.00000
2026-06-11 14:45:00+00:00,7302.20000,7306.45000,7267.45000,7272.45000,7974.00000
2026-06-11 15:00:00+00:00,7272.20000,7294.70000,7260.20000,7289.70000,8810.00000
2026-06-11 15:15:00+00:00,7289.57000,7303.45000,7283.07000,7287.95000,7828.00000
2026-06-11 15:30:00+00:00,7288.20000,7310.95000,7283.45000,7294.45000,7944.00000
2026-06-11 15:45:00+00:00,7294.82000,7300.45000,7284.45000,7296.70000,7166.00000
2026-06-11 16:00:00+00:00,7296.95000,7317.70000,7291.70000,7315.20000,6700.00000
2026-06-11 16:15:00+00:00,7315.82000,7319.20000,7294.20000,7294.95000,6090.00000
2026-06-11 16:30:00+00:00,7294.70000,7315.20000,7290.45000,7302.45000,6594.00000
2026-06-11 16:45:00+00:00,7302.20000,7305.45000,7281.45000,7281.70000,5944.00000
2026-06-11 17:00:00+00:00,7281.45000,7288.70000,7271.95000,7279.70000,6648.00000
2026-06-11 17:15:00+00:00,7279.45000,7343.07000,7269.07000,7342.20000,6276.00000
2026-06-11 17:30:00+00:00,7341.82000,7383.20000,7339.32000,7379.07000,10446.00000
2026-06-11 17:45:00+00:00,7379.70000,7382.45000,7350.95000,7365.95000,8134.00000
2026-06-11 18:00:00+00:00,7366.32000,7372.95000,7342.45000,7359.70000,8466.00000
2026-06-11 18:15:00+00:00,7359.45000,7374.45000,7354.70000,7361.45000,7052.00000
2026-06-11 18:30:00+00:00,7362.07000,7370.32000,7357.45000,7365.95000,5734.00000
2026-06-11 18:45:00+00:00,7365.70000,7379.95000,7364.95000,7374.45000,4926.00000
2026-06-11 19:00:00+00:00,7374.20000,7389.20000,7370.20000,7385.95000,5580.00000
2026-06-11 19:15:00+00:00,7386.20000,7398.70000,7384.07000,7395.70000,4514.00000
2026-06-11 19:30:00+00:00,7395.95000,7416.57000,7395.70000,7410.20000,6130.00000
2026-06-11 19:45:00+00:00,7410.45000,7410.45000,7389.45000,7391.67000,5848.00000
2026-06-11 20:00:00+00:00,7391.17000,7404.67000,7387.17000,7403.67000,3864.00000
2026-06-11 20:15:00+00:00,7403.42000,7406.17000,7395.92000,7398.42000,1804.00000
2026-06-11 20:30:00+00:00,7398.67000,7400.67000,7389.17000,7389.67000,1210.00000
2026-06-11 20:45:00+00:00,7389.04000,7395.54000,7389.04000,7394.67000,910.00000
2026-06-11 22:00:00+00:00,7395.36000,7410.36000,7395.36000,7409.86000,2595.00000
2026-06-11 22:15:00+00:00,7409.98000,7413.61000,7406.61000,7408.11000,1464.00000
2026-06-11 22:30:00+00:00,7408.36000,7409.61000,7405.36000,7408.11000,1178.00000
2026-06-11 22:45:00+00:00,7408.36000,7412.36000,7407.86000,7408.86000,1372.00000
2026-06-11 23:00:00+00:00,7408.98000,7409.61000,7403.86000,7406.86000,1144.00000
2026-06-11 23:15:00+00:00,7406.98000,7409.61000,7399.98000,7403.61000,1778.00000
2026-06-11 23:30:00+00:00,7403.48000,7410.98000,7403.48000,7410.36000,1598.00000
2026-06-11 23:45:00+00:00,7410.61000,7413.86000,7409.36000,7412.11000,2582.00000
2026-06-12 00:00:00+00:00,7412.36000,7413.98000,7403.86000,7409.86000,4726.00000
2026-06-12 00:15:00+00:00,7409.61000,7415.36000,7404.86000,7414.11000,3242.00000
2026-06-12 00:30:00+00:00,7414.23000,7418.61000,7408.36000,7409.23000,2560.00000
2026-06-12 00:45:00+00:00,7409.36000,7413.11000,7405.98000,7409.86000,3022.00000
2026-06-12 01:00:00+00:00,7409.98000,7409.98000,7401.61000,7405.86000,3734.00000
2026-06-12 01:15:00+00:00,7405.98000,7407.86000,7394.11000,7395.86000,3370.00000
2026-06-12 01:30:00+00:00,7396.23000,7400.86000,7394.11000,7397.36000,3844.00000
2026-06-12 01:45:00+00:00,7397.11000,7408.48000,7396.98000,7407.36000,2414.00000
2026-06-12 02:00:00+00:00,7407.61000,7412.11000,7407.61000,7409.61000,2600.00000
2026-06-12 02:15:00+00:00,7409.73000,7410.23000,7402.61000,7403.11000,2308.00000
2026-06-12 02:30:00+00:00,7403.23000,7408.11000,7402.11000,7407.48000,2348.00000
2026-06-12 02:45:00+00:00,7407.36000,7410.98000,7407.11000,7408.86000,1800.00000
2026-06-12 03:00:00+00:00,7409.11000,7409.11000,7400.11000,7401.73000,1874.00000
2026-06-12 03:15:00+00:00,7401.61000,7403.11000,7396.86000,7401.36000,1940.00000
2026-06-12 03:30:00+00:00,7401.11000,7406.86000,7400.61000,7404.11000,2848.00000
2026-06-12 03:45:00+00:00,7403.98000,7405.61000,7399.36000,7404.11000,2322.00000
2026-06-12 04:00:00+00:00,7404.23000,7404.36000,7397.61000,7401.36000,1972.00000
2026-06-12 04:15:00+00:00,7401.61000,7406.11000,7397.61000,7405.61000,1540.00000
2026-06-12 04:30:00+00:00,7405.36000,7407.86000,7404.11000,7406.73000,1464.00000
2026-06-12 04:45:00+00:00,7406.86000,7408.61000,7405.36000,7407.98000,1452.00000
2026-06-12 05:00:00+00:00,7407.86000,7409.86000,7401.23000,7405.98000,2116.00000
2026-06-12 05:15:00+00:00,7405.86000,7408.86000,7404.36000,7407.86000,2164.00000
2026-06-12 05:30:00+00:00,7407.61000,7407.61000,7397.11000,7399.86000,3868.00000
2026-06-12 05:45:00+00:00,7399.73000,7400.36000,7384.61000,7390.36000,4026.00000
2026-06-12 06:00:00+00:00,7390.48000,7401.14000,7388.86000,7399.01000,3918.00000
2026-06-12 06:15:00+00:00,7398.89000,7399.14000,7392.89000,7393.64000,2170.00000
2026-06-12 06:30:00+00:00,7393.26000,7393.39000,7385.39000,7386.64000,2314.00000
2026-06-12 06:45:00+00:00,7386.89000,7388.64000,7381.64000,7385.39000,1664.00000
2026-06-12 07:00:00+00:00,7385.76000,7386.89000,7374.89000,7375.14000,3066.00000
2026-06-12 07:15:00+00:00,7375.39000,7379.89000,7372.14000,7377.51000,2474.00000
2026-06-12 07:30:00+00:00,7377.14000,7390.14000,7375.76000,7389.39000,2456.00000
2026-06-12 07:45:00+00:00,7389.64000,7405.64000,7386.64000,7398.14000,2744.00000
2026-06-12 08:00:00+00:00,7398.39000,7411.64000,7396.39000,7408.89000,3998.00000
2026-06-12 08:15:00+00:00,7408.64000,7425.39000,7405.26000,7418.64000,4410.00000
2026-06-12 08:30:00+00:00,7418.89000,7420.89000,7405.51000,7409.14000,3092.00000
2026-06-12 08:45:00+00:00,7409.26000,7417.01000,7405.64000,7412.39000,2320.00000
2026-06-12 09:00:00+00:00,7412.64000,7423.39000,7412.64000,7423.39000,2212.00000
2026-06-12 09:15:00+00:00,7423.51000,7434.26000,7422.14000,7433.39000,2936.00000
2026-06-12 09:30:00+00:00,7433.64000,7448.26000,7432.14000,7443.39000,2608.00000
2026-06-12 09:45:00+00:00,7443.14000,7444.64000,7436.51000,7436.64000,2200.00000
2026-06-12 10:00:00+00:00,7436.39000,7441.89000,7430.14000,7433.76000,2384.00000
2026-06-12 10:15:00+00:00,7433.89000,7434.39000,7416.76000,7419.01000,3446.00000
2026-06-12 10:30:00+00:00,7418.89000,7426.89000,7417.76000,7423.89000,2680.00000
2026-06-12 10:45:00+00:00,7424.14000,7425.39000,7418.14000,7421.89000,1560.00000
2026-06-12 11:00:00+00:00,7422.64000,7428.89000,7419.76000,7427.64000,2274.00000
2026-06-12 11:15:00+00:00,7427.51000,7437.14000,7426.64000,7435.39000,2198.00000
2026-06-12 11:30:00+00:00,7435.51000,7439.89000,7429.89000,7439.64000,2792.00000
2026-06-12 11:45:00+00:00,7439.89000,7444.89000,7436.14000,7440.39000,2118.00000
2026-06-12 12:00:00+00:00,7440.26000,7441.76000,7430.14000,7431.76000,3152.00000
2026-06-12 12:15:00+00:00,7431.64000,7433.39000,7422.39000,7422.64000,3018.00000
2026-06-12 12:30:00+00:00,7422.51000,7424.64000,7410.01000,7411.39000,3014.00000
2026-06-12 12:45:00+00:00,7411.64000,7415.01000,7399.26000,7401.64000,4224.00000
2026-06-12 13:00:00+00:00,7401.39000,7412.39000,7394.26000,7412.39000,3096.00000
2026-06-12 13:15:00+00:00,7412.14000,7420.89000,7410.01000,7420.89000,3054.00000
2026-06-12 13:30:00+00:00,7420.76000,7421.64000,7371.64000,7372.76000,9292.00000
2026-06-12 13:45:00+00:00,7372.51000,7387.64000,7363.89000,7380.26000,8378.00000
2026-06-12 14:00:00+00:00,7382.64000,7418.89000,7379.51000,7406.76000,6456.00000
2026-06-12 14:15:00+00:00,7406.64000,7424.89000,7402.89000,7409.89000,6468.00000
2026-06-12 14:30:00+00:00,7409.39000,7425.39000,7393.14000,7393.89000,7438.00000
2026-06-12 14:45:00+00:00,7393.64000,7440.64000,7385.64000,7437.89000,8792.00000
2026-06-12 15:00:00+00:00,7438.14000,7447.64000,7430.64000,7445.64000,6766.00000
2026-06-12 15:15:00+00:00,7445.51000,7458.64000,7439.89000,7456.14000,4634.00000
2026-06-12 15:30:00+00:00,7455.89000,7456.39000,7422.14000,7423.64000,6216.00000
2026-06-12 15:45:00+00:00,7423.89000,7433.14000,7398.64000,7403.14000,6926.00000
2026-06-12 16:00:00+00:00,7402.89000,7435.51000,7395.89000,7424.39000,7664.00000
2026-06-12 16:15:00+00:00,7424.64000,7436.01000,7413.89000,7420.39000,6980.00000
2026-06-12 16:30:00+00:00,7421.39000,7428.39000,7416.89000,7418.89000,5566.00000
2026-06-12 16:45:00+00:00,7419.26000,7430.39000,7417.39000,7429.39000,4412.00000
2026-06-12 17:00:00+00:00,7429.89000,7444.14000,7426.39000,7434.14000,4960.00000
2026-06-12 17:15:00+00:00,7434.64000,7441.64000,7431.14000,7435.64000,3588.00000
2026-06-12 17:30:00+00:00,7436.14000,7436.89000,7427.89000,7431.64000,3992.00000
2026-06-12 17:45:00+00:00,7431.51000,7435.89000,7423.39000,7427.39000,3392.00000
2026-06-12 18:00:00+00:00,7427.64000,7435.01000,7419.89000,7424.89000,3378.00000
2026-06-12 18:15:00+00:00,7425.14000,7428.39000,7419.14000,7427.39000,3924.00000
2026-06-12 18:30:00+00:00,7427.26000,7438.39000,7426.89000,7437.39000,2958.00000
2026-06-12 18:45:00+00:00,7437.14000,7437.89000,7424.64000,7425.39000,2702.00000
2026-06-12 19:00:00+00:00,7425.14000,7436.89000,7424.64000,7429.14000,2896.00000
2026-06-12 19:15:00+00:00,7429.39000,7434.89000,7424.89000,7429.39000,2528.00000
2026-06-12 19:30:00+00:00,7429.14000,7432.64000,7415.89000,7423.39000,4268.00000
2026-06-12 19:45:00+00:00,7423.14000,7434.61000,7419.89000,7431.11000,3204.00000
2026-06-12 20:00:00+00:00,7430.86000,7439.61000,7430.36000,7439.61000,1432.00000
2026-06-12 20:15:00+00:00,7439.86000,7441.86000,7437.36000,7437.61000,402.00000
2026-06-12 20:30:00+00:00,7437.86000,7440.11000,7435.61000,7435.61000,576.00000
2026-06-12 20:45:00+00:00,7435.36000,7436.11000,7433.36000,7434.86000,478.00000
2026-06-14 22:00:00+00:00,7489.36000,7502.35000,7484.36000,7499.97000,4618.00000
2026-06-14 22:15:00+00:00,7499.85000,7503.60000,7493.60000,7494.60000,3142.00000
2026-06-14 22:30:00+00:00,7494.72000,7496.72000,7489.85000,7491.10000,2946.00000
2026-06-14 22:45:00+00:00,7491.22000,7498.10000,7490.35000,7493.85000,1934.00000
2026-06-14 23:00:00+00:00,7494.10000,7497.85000,7489.10000,7489.72000,2068.00000
2026-06-14 23:15:00+00:00,7489.60000,7491.72000,7483.85000,7490.72000,1914.00000
2026-06-14 23:30:00+00:00,7490.85000,7496.35000,7490.35000,7493.47000,1664.00000
2026-06-14 23:45:00+00:00,7493.60000,7497.22000,7489.35000,7495.85000,3042.00000
2026-06-15 00:00:00+00:00,7495.72000,7510.85000,7493.35000,7507.85000,4446.00000
2026-06-15 00:15:00+00:00,7508.10000,7510.22000,7503.97000,7507.60000,3348.00000
2026-06-15 00:30:00+00:00,7507.85000,7508.85000,7503.35000,7505.35000,2438.00000
2026-06-15 00:45:00+00:00,7505.47000,7508.10000,7503.60000,7506.60000,2574.00000
2026-06-15 01:00:00+00:00,7506.47000,7510.47000,7504.72000,7508.97000,3314.00000
2026-06-15 01:15:00+00:00,7509.10000,7511.60000,7507.10000,7510.10000,2870.00000
2026-06-15 01:30:00+00:00,7510.35000,7513.60000,7508.35000,7512.72000,2152.00000
2026-06-15 01:45:00+00:00,7512.85000,7513.85000,7509.22000,7511.35000,1436.00000
2026-06-15 02:00:00+00:00,7511.10000,7514.97000,7510.85000,7513.60000,1650.00000
2026-06-15 02:15:00+00:00,7513.72000,7517.60000,7513.35000,7516.60000,922.00000
2026-06-15 02:30:00+00:00,7516.72000,7518.35000,7515.35000,7516.85000,936.00000
2026-06-15 02:45:00+00:00,7516.72000,7519.35000,7516.60000,7518.35000,1060.00000
2026-06-15 03:00:00+00:00,7518.10000,7518.85000,7515.97000,7518.60000,1038.00000
2026-06-15 03:15:00+00:00,7518.72000,7521.60000,7518.60000,7520.10000,768.00000
2026-06-15 03:30:00+00:00,7519.97000,7522.60000,7517.85000,7518.85000,1376.00000
2026-06-15 03:45:00+00:00,7518.72000,7520.60000,7517.10000,7518.85000,1368.00000
2026-06-15 04:00:00+00:00,7518.72000,7519.85000,7516.35000,7517.85000,1264.00000
2026-06-15 04:15:00+00:00,7518.10000,7522.60000,7517.85000,7522.35000,880.00000
2026-06-15 04:30:00+00:00,7521.85000,7523.85000,7521.10000,7523.60000,830.00000
2026-06-15 04:45:00+00:00,7523.35000,7526.35000,7522.35000,7525.85000,966.00000
2026-06-15 05:00:00+00:00,7525.60000,7528.85000,7525.10000,7527.97000,1344.00000
2026-06-15 05:15:00+00:00,7528.10000,7529.10000,7526.60000,7527.85000,810.00000
2026-06-15 05:30:00+00:00,7527.97000,7529.85000,7525.10000,7528.85000,1288.00000
2026-06-15 05:45:00+00:00,7529.10000,7530.35000,7526.85000,7530.35000,1250.00000
2026-06-15 06:00:00+00:00,7530.60000,7532.22000,7528.13000,7528.63000,1666.00000
2026-06-15 06:15:00+00:00,7528.38000,7531.38000,7525.13000,7528.13000,1740.00000
2026-06-15 06:30:00+00:00,7527.63000,7529.13000,7522.38000,7525.88000,1790.00000
2026-06-15 06:45:00+00:00,7526.13000,7527.63000,7522.63000,7525.13000,1296.00000
2026-06-15 07:00:00+00:00,7525.25000,7527.63000,7520.63000,7525.13000,2742.00000
2026-06-15 07:15:00+00:00,7524.88000,7531.13000,7524.25000,7527.75000,2110.00000
2026-06-15 07:30:00+00:00,7527.88000,7529.50000,7525.13000,7526.13000,2186.00000
2026-06-15 07:45:00+00:00,7526.00000,7528.75000,7521.63000,7521.63000,1842.00000
2026-06-15 08:00:00+00:00,7521.38000,7529.13000,7521.13000,7525.38000,2998.00000
2026-06-15 08:15:00+00:00,7525.50000,7529.13000,7522.38000,7528.75000,2258.00000
2026-06-15 08:30:00+00:00,7528.88000,7529.13000,7525.38000,7528.38000,1920.00000
2026-06-15 08:45:00+00:00,7528.50000,7531.38000,7525.00000,7526.88000,2044.00000
2026-06-15 09:00:00+00:00,7527.13000,7530.63000,7525.13000,7526.13000,1972.00000
2026-06-15 09:15:00+00:00,7526.00000,7527.00000,7520.38000,7521.00000,2222.00000
2026-06-15 09:30:00+00:00,7520.88000,7522.38000,7519.38000,7519.63000,1904.00000
2026-06-15 09:45:00+00:00,7519.50000,7523.63000,7517.75000,7522.13000,1684.00000
2026-06-15 10:00:00+00:00,7522.25000,7526.00000,7521.63000,7525.25000,1492.00000
2026-06-15 10:15:00+00:00,7525.38000,7526.63000,7522.13000,7526.00000,1228.00000
2026-06-15 10:30:00+00:00,7526.13000,7526.13000,7522.38000,7525.13000,1398.00000
2026-06-15 10:45:00+00:00,7525.25000,7527.50000,7524.38000,7527.13000,1372.00000
2026-06-15 11:00:00+00:00,7527.38000,7533.13000,7526.38000,7532.38000,1576.00000
2026-06-15 11:15:00+00:00,7532.50000,7536.13000,7531.63000,7534.63000,1504.00000
2026-06-15 11:30:00+00:00,7534.75000,7536.88000,7527.25000,7528.00000,2116.00000
2026-06-15 11:45:00+00:00,7527.88000,7535.13000,7527.00000,7531.00000,2326.00000
2026-06-15 12:00:00+00:00,7531.13000,7534.25000,7530.13000,7530.50000,2538.00000
2026-06-15 12:15:00+00:00,7530.38000,7531.88000,7523.25000,7524.38000,2776.00000
2026-06-15 12:30:00+00:00,7524.25000,7530.38000,7523.88000,7526.88000,2632.00000
2026-06-15 12:45:00+00:00,7526.63000,7529.63000,7522.63000,7529.63000,2204.00000
2026-06-15 13:00:00+00:00,7529.38000,7531.88000,7527.13000,7531.75000,1706.00000
2026-06-15 13:15:00+00:00,7531.88000,7535.75000,7530.63000,7534.13000,1560.00000
2026-06-15 13:30:00+00:00,7533.88000,7550.38000,7533.63000,7544.13000,4666.00000
2026-06-15 13:45:00+00:00,7544.38000,7556.88000,7544.38000,7549.13000,3359.00000
2026-06-15 14:00:00+00:00,7549.63000,7555.63000,7541.38000,7546.13000,4824.00000
2026-06-15 14:15:00+00:00,7546.38000,7553.13000,7542.13000,7552.38000,4610.00000
2026-06-15 14:30:00+00:00,7552.63000,7553.63000,7545.88000,7549.13000,4424.00000
2026-06-15 14:45:00+00:00,7549.25000,7560.13000,7549.13000,7558.50000,3483.00000
2026-06-15 15:00:00+00:00,7558.38000,7564.13000,7558.38000,7563.13000,2964.00000
2026-06-15 15:15:00+00:00,7563.38000,7569.13000,7561.13000,7567.88000,1658.00000
2026-06-15 15:30:00+00:00,7568.13000,7572.13000,7564.63000,7571.13000,2594.00000
2026-06-15 15:45:00+00:00,7571.38000,7579.38000,7571.13000,7578.13000,1730.00000
2026-06-15 16:00:00+00:00,7578.38000,7583.38000,7576.88000,7578.13000,1744.00000
2026-06-15 16:15:00+00:00,7578.38000,7582.13000,7575.88000,7581.38000,1624.00000
2026-06-15 16:30:00+00:00,7581.63000,7582.88000,7574.13000,7575.63000,1582.00000
2026-06-15 16:45:00+00:00,7575.38000,7576.13000,7571.63000,7574.63000,1700.00000
2026-06-15 17:00:00+00:00,7574.88000,7576.63000,7568.13000,7574.13000,2924.00000
2026-06-15 17:15:00+00:00,7574.00000,7579.63000,7573.38000,7577.38000,2028.00000
2026-06-15 17:30:00+00:00,7577.63000,7579.38000,7573.38000,7573.88000,1604.00000
2026-06-15 17:45:00+00:00,7574.13000,7574.75000,7566.88000,7568.13000,1758.00000
2026-06-15 18:00:00+00:00,7568.25000,7569.38000,7562.88000,7568.38000,2738.00000
2026-06-15 18:15:00+00:00,7568.63000,7570.25000,7562.88000,7563.63000,2274.00000
2026-06-15 18:30:00+00:00,7563.88000,7569.88000,7560.63000,7568.88000,2244.00000
2026-06-15 18:45:00+00:00,7568.63000,7570.88000,7565.13000,7566.38000,1482.00000
2026-06-15 19:00:00+00:00,7566.63000,7567.38000,7563.38000,7566.63000,1988.00000
2026-06-15 19:15:00+00:00,7566.38000,7568.88000,7559.88000,7559.88000,1826.00000
2026-06-15 19:30:00+00:00,7559.63000,7562.88000,7557.63000,7560.13000,2264.00000
2026-06-15 19:45:00+00:00,7559.75000,7565.38000,7550.88000,7565.10000,3250.00000
2026-06-15 20:00:00+00:00,7564.10000,7565.35000,7560.35000,7562.10000,1746.00000
2026-06-15 20:15:00+00:00,7561.97000,7562.60000,7558.60000,7559.85000,626.00000
2026-06-15 20:30:00+00:00,7560.10000,7562.35000,7560.10000,7560.60000,566.00000
2026-06-15 20:45:00+00:00,7560.35000,7563.10000,7559.10000,7559.35000,586.00000
2026-06-15 22:00:00+00:00,7562.63000,7564.75000,7553.63000,7555.75000,1815.00000
2026-06-15 22:15:00+00:00,7555.88000,7556.13000,7547.63000,7552.00000,1398.00000
2026-06-15 22:30:00+00:00,7551.75000,7553.63000,7550.38000,7551.13000,894.00000
2026-06-15 22:45:00+00:00,7551.25000,7554.50000,7550.25000,7552.50000,924.00000
2026-06-15 23:00:00+00:00,7552.38000,7553.63000,7550.13000,7550.63000,690.00000
2026-06-15 23:15:00+00:00,7550.75000,7556.75000,7549.63000,7556.13000,860.00000
2026-06-15 23:30:00+00:00,7555.88000,7556.13000,7551.63000,7553.88000,678.00000
2026-06-15 23:45:00+00:00,7554.00000,7556.63000,7552.88000,7555.50000,1210.00000
2026-06-16 00:00:00+00:00,7555.13000,7557.38000,7550.63000,7555.63000,2672.00000
2026-06-16 00:15:00+00:00,7555.75000,7558.25000,7552.63000,7556.88000,2198.00000
2026-06-16 00:30:00+00:00,7556.75000,7560.13000,7552.00000,7552.63000,2540.00000
2026-06-16 00:45:00+00:00,7552.38000,7554.63000,7547.88000,7550.38000,2510.00000
2026-06-16 01:00:00+00:00,7550.63000,7553.88000,7548.38000,7550.13000,3408.00000
2026-06-16 01:15:00+00:00,7550.00000,7553.63000,7549.50000,7551.63000,2464.00000
2026-06-16 01:30:00+00:00,7551.75000,7552.88000,7549.88000,7551.00000,2318.00000
2026-06-16 01:45:00+00:00,7550.88000,7553.63000,7549.13000,7551.13000,1774.00000
2026-06-16 02:00:00+00:00,7551.25000,7553.13000,7548.88000,7550.13000,1744.00000
2026-06-16 02:15:00+00:00,7550.25000,7553.38000,7550.13000,7551.63000,1158.00000
2026-06-16 02:30:00+00:00,7551.38000,7555.88000,7551.38000,7554.38000,1134.00000
2026-06-16 02:45:00+00:00,7554.50000,7555.38000,7550.88000,7552.63000,1140.00000
2026-06-16 03:00:00+00:00,7552.88000,7555.38000,7551.88000,7552.63000,896.00000
2026-06-16 03:15:00+00:00,7552.88000,7558.50000,7552.38000,7556.63000,1332.00000
2026-06-16 03:30:00+00:00,7556.88000,7562.38000,7555.88000,7561.63000,1630.00000
2026-06-16 03:45:00+00:00,7561.50000,7561.63000,7556.13000,7558.00000,1348.00000
2026-06-16 04:00:00+00:00,7557.88000,7558.63000,7555.88000,7556.75000,1422.00000
2026-06-16 04:15:00+00:00,7556.88000,7557.63000,7554.13000,7555.38000,1156.00000
2026-06-16 04:30:00+00:00,7555.25000,7556.88000,7554.38000,7554.63000,1102.00000
2026-06-16 04:45:00+00:00,7554.50000,7554.88000,7550.38000,7553.38000,1248.00000
2026-06-16 05:00:00+00:00,7553.63000,7559.63000,7553.63000,7558.13000,1444.00000
2026-06-16 05:15:00+00:00,7558.00000,7560.38000,7556.38000,7556.63000,1088.00000
2026-06-16 05:30:00+00:00,7556.88000,7557.63000,7551.13000,7552.88000,1866.00000
2026-06-16 05:45:00+00:00,7553.00000,7555.63000,7552.38000,7553.13000,1552.00000
2026-06-16 06:00:00+00:00,7553.38000,7558.91000,7551.88000,7557.91000,1760.00000
2026-06-16 06:15:00+00:00,7558.16000,7558.66000,7554.91000,7558.16000,1106.00000
2026-06-16 06:30:00+00:00,7558.28000,7559.03000,7555.91000,7556.16000,1546.00000
2026-06-16 06:45:00+00:00,7555.91000,7557.91000,7555.16000,7557.41000,812.00000
2026-06-16 07:00:00+00:00,7557.66000,7561.41000,7557.03000,7558.78000,1728.00000
2026-06-16 07:15:00+00:00,7558.91000,7562.41000,7558.53000,7561.41000,1630.00000
2026-06-16 07:30:00+00:00,7561.53000,7562.91000,7557.16000,7557.16000,1438.00000
2026-06-16 07:45:00+00:00,7557.03000,7560.16000,7555.41000,7559.41000,1496.00000
2026-06-16 08:00:00+00:00,7559.66000,7565.41000,7557.66000,7561.66000,1480.00000
2026-06-16 08:15:00+00:00,7561.91000,7563.41000,7559.16000,7561.41000,1464.00000
2026-06-16 08:30:00+00:00,7561.16000,7562.41000,7555.66000,7558.28000,1532.00000
2026-06-16 08:45:00+00:00,7558.41000,7563.66000,7555.91000,7561.41000,1570.00000
2026-06-16 09:00:00+00:00,7561.66000,7563.66000,7560.16000,7562.16000,1354.00000
2026-06-16 09:15:00+00:00,7561.91000,7562.66000,7557.16000,7557.91000,1344.00000
2026-06-16 09:30:00+00:00,7557.66000,7560.16000,7555.41000,7556.41000,1086.00000
2026-06-16 09:45:00+00:00,7556.53000,7557.16000,7553.91000,7555.41000,1248.00000
2026-06-16 10:00:00+00:00,7555.53000,7560.41000,7555.53000,7560.41000,948.00000
2026-06-16 10:15:00+00:00,7560.53000,7562.41000,7557.91000,7561.16000,758.00000
2026-06-16 10:30:00+00:00,7561.41000,7563.16000,7559.66000,7562.16000,924.00000
2026-06-16 10:45:00+00:00,7561.91000,7565.91000,7561.16000,7565.66000,760.00000
2026-06-16 11:00:00+00:00,7565.41000,7567.16000,7563.66000,7566.16000,1270.00000
2026-06-16 11:15:00+00:00,7566.03000,7569.16000,7564.16000,7567.03000,1062.00000
2026-06-16 11:30:00+00:00,7567.16000,7568.41000,7563.91000,7568.16000,1202.00000
2026-06-16 11:45:00+00:00,7568.41000,7569.16000,7565.41000,7566.41000,808.00000
2026-06-16 12:00:00+00:00,7566.16000,7569.66000,7565.41000,7566.41000,1232.00000
2026-06-16 12:15:00+00:00,7566.28000,7566.41000,7556.91000,7560.41000,2514.00000
2026-06-16 12:30:00+00:00,7560.66000,7561.91000,7557.66000,7558.91000,2594.00000
2026-06-16 12:45:00+00:00,7558.78000,7563.66000,7557.53000,7560.16000,1586.00000
2026-06-16 13:00:00+00:00,7560.41000,7561.91000,7555.91000,7559.41000,1392.00000
2026-06-16 13:15:00+00:00,7559.66000,7565.66000,7557.16000,7562.91000,1258.00000
2026-06-16 13:30:00+00:00,7562.16000,7571.41000,7559.66000,7565.41000,4366.00000
2026-06-16 13:45:00+00:00,7565.16000,7571.16000,7556.91000,7557.78000,3122.00000
2026-06-16 14:00:00+00:00,7557.91000,7568.91000,7557.41000,7565.41000,3705.00000
2026-06-16 14:15:00+00:00,7565.16000,7567.66000,7547.16000,7547.16000,4442.00000
2026-06-16 14:30:00+00:00,7547.41000,7556.41000,7539.16000,7549.41000,4940.00000
2026-06-16 14:45:00+00:00,7549.16000,7553.91000,7542.41000,7546.16000,4468.00000
2026-06-16 15:00:00+00:00,7546.41000,7554.16000,7545.16000,7550.91000,3938.00000
2026-06-16 15:15:00+00:00,7550.66000,7553.41000,7539.66000,7543.16000,3344.00000
2026-06-16 15:30:00+00:00,7543.66000,7551.16000,7540.91000,7541.91000,3752.00000
2026-06-16 15:45:00+00:00,7541.66000,7551.66000,7534.16000,7544.91000,4058.00000
2026-06-16 16:00:00+00:00,7545.16000,7557.28000,7544.66000,7554.16000,3178.00000
2026-06-16 16:15:00+00:00,7554.41000,7556.66000,7549.41000,7551.41000,2756.00000
2026-06-16 16:30:00+00:00,7551.16000,7552.16000,7541.78000,7548.41000,3268.00000
2026-06-16 16:45:00+00:00,7548.16000,7550.03000,7541.16000,7545.41000,2618.00000
2026-06-16 17:00:00+00:00,7545.66000,7546.16000,7540.16000,7544.41000,2608.00000
2026-06-16 17:15:00+00:00,7544.16000,7545.66000,7537.41000,7540.66000,2220.00000
2026-06-16 17:30:00+00:00,7540.53000,7541.66000,7533.91000,7538.66000,2332.00000
2026-06-16 17:45:00+00:00,7538.41000,7546.41000,7536.16000,7540.66000,1862.00000
2026-06-16 18:00:00+00:00,7540.41000,7542.66000,7538.66000,7539.66000,1708.00000
2026-06-16 18:15:00+00:00,7539.91000,7542.41000,7536.66000,7540.41000,1698.00000
2026-06-16 18:30:00+00:00,7540.66000,7541.41000,7536.66000,7540.16000,1638.00000
2026-06-16 18:45:00+00:00,7540.41000,7541.66000,7535.66000,7537.16000,1384.00000
2026-06-16 19:00:00+00:00,7536.91000,7537.91000,7527.66000,7528.91000,2222.00000
2026-06-16 19:15:00+00:00,7528.78000,7535.16000,7519.91000,7531.16000,3042.00000
2026-06-16 19:30:00+00:00,7531.41000,7532.41000,7522.66000,7529.41000,3342.00000
2026-06-16 19:45:00+00:00,7529.16000,7531.91000,7518.13000,7522.88000,3440.00000
2026-06-16 20:00:00+00:00,7523.13000,7523.50000,7516.38000,7517.13000,1752.00000
2026-06-16 20:15:00+00:00,7517.38000,7519.63000,7513.13000,7517.88000,892.00000
2026-06-16 20:30:00+00:00,7517.63000,7520.63000,7516.88000,7519.88000,510.00000
2026-06-16 20:45:00+00:00,7520.13000,7520.63000,7516.38000,7517.38000,404.00000
2026-06-16 22:00:00+00:00,7522.31000,7528.69000,7521.94000,7527.44000,760.00000
2026-06-16 22:15:00+00:00,7527.56000,7531.06000,7526.06000,7529.31000,652.00000
2026-06-16 22:30:00+00:00,7529.44000,7532.31000,7526.69000,7529.44000,662.00000
2026-06-16 22:45:00+00:00,7529.56000,7533.31000,7528.44000,7532.44000,520.00000
2026-06-16 23:00:00+00:00,7532.06000,7532.56000,7526.44000,7529.56000,830.00000
2026-06-16 23:15:00+00:00,7529.69000,7529.94000,7526.94000,7527.94000,558.00000
2026-06-16 23:30:00+00:00,7528.19000,7530.31000,7526.19000,7527.81000,942.00000
2026-06-16 23:45:00+00:00,7527.94000,7530.06000,7524.94000,7527.69000,1626.00000
2026-06-17 00:00:00+00:00,7527.94000,7534.56000,7527.94000,7530.69000,3344.00000
2026-06-17 00:15:00+00:00,7530.81000,7534.94000,7529.94000,7533.06000,2396.00000
2026-06-17 00:30:00+00:00,7533.19000,7536.19000,7532.06000,7533.94000,1678.00000
2026-06-17 00:45:00+00:00,7534.19000,7534.44000,7531.19000,7532.94000,1566.00000
2026-06-17 01:00:00+00:00,7533.19000,7538.44000,7531.19000,7536.94000,1728.00000
2026-06-17 01:15:00+00:00,7536.69000,7539.94000,7535.69000,7538.94000,906.00000
2026-06-17 01:30:00+00:00,7539.19000,7540.69000,7537.94000,7538.44000,884.00000
2026-06-17 01:45:00+00:00,7538.56000,7541.31000,7538.44000,7541.19000,912.00000
2026-06-17 02:00:00+00:00,7541.06000,7541.31000,7538.94000,7540.94000,674.00000
2026-06-17 02:15:00+00:00,7540.69000,7541.44000,7539.44000,7539.69000,604.00000
2026-06-17 02:30:00+00:00,7539.94000,7539.94000,7537.44000,7539.19000,586.00000
2026-06-17 02:45:00+00:00,7538.94000,7539.19000,7536.94000,7538.44000,594.00000
2026-06-17 03:00:00+00:00,7538.69000,7540.69000,7536.94000,7537.19000,780.00000
2026-06-17 03:15:00+00:00,7536.94000,7537.44000,7534.69000,7536.69000,1056.00000
2026-06-17 03:30:00+00:00,7536.81000,7541.19000,7535.94000,7540.19000,1284.00000
2026-06-17 03:45:00+00:00,7540.06000,7541.94000,7539.94000,7541.69000,746.00000
2026-06-17 04:00:00+00:00,7541.56000,7542.31000,7540.44000,7540.69000,636.00000
2026-06-17 04:15:00+00:00,7540.56000,7542.19000,7540.44000,7541.19000,760.00000
2026-06-17 04:30:00+00:00,7541.31000,7541.94000,7536.94000,7537.44000,986.00000
2026-06-17 04:45:00+00:00,7537.31000,7541.94000,7537.19000,7541.94000,812.00000
2026-06-17 05:00:00+00:00,7541.69000,7543.19000,7540.94000,7541.44000,570.00000
2026-06-17 05:15:00+00:00,7541.19000,7542.69000,7539.94000,7540.19000,540.00000
2026-06-17 05:30:00+00:00,7540.31000,7543.69000,7539.69000,7541.44000,650.00000
2026-06-17 05:45:00+00:00,7541.19000,7543.44000,7538.94000,7539.81000,750.00000
2026-06-17 06:00:00+00:00,7539.69000,7543.22000,7538.69000,7541.47000,1226.00000
2026-06-17 06:15:00+00:00,7541.34000,7541.97000,7537.97000,7538.72000,692.00000
2026-06-17 06:30:00+00:00,7538.22000,7543.97000,7537.22000,7543.72000,1132.00000
2026-06-17 06:45:00+00:00,7543.97000,7544.97000,7542.72000,7544.72000,450.00000
2026-06-17 07:00:00+00:00,7544.97000,7547.97000,7544.22000,7547.47000,972.00000
2026-06-17 07:15:00+00:00,7547.22000,7548.34000,7539.09000,7540.72000,1076.00000
2026-06-17 07:30:00+00:00,7540.59000,7544.09000,7538.97000,7541.97000,1272.00000
2026-06-17 07:45:00+00:00,7542.09000,7542.97000,7540.22000,7541.59000,1072.00000
2026-06-17 08:00:00+00:00,7541.47000,7543.97000,7533.72000,7534.47000,1642.00000
2026-06-17 08:15:00+00:00,7534.59000,7537.97000,7533.72000,7535.47000,1948.00000
2026-06-17 08:30:00+00:00,7535.59000,7536.22000,7529.22000,7529.72000,1920.00000
2026-06-17 08:45:00+00:00,7529.84000,7535.72000,7527.47000,7535.72000,1132.00000
2026-06-17 09:00:00+00:00,7535.84000,7536.97000,7532.22000,7533.97000,1098.00000
2026-06-17 09:15:00+00:00,7534.22000,7537.47000,7533.09000,7536.97000,1358.00000
2026-06-17 09:30:00+00:00,7536.72000,7538.47000,7531.97000,7533.22000,1214.00000
2026-06-17 09:45:00+00:00,7532.84000,7533.97000,7526.22000,7527.97000,1664.00000
2026-06-17 10:00:00+00:00,7528.22000,7528.47000,7521.47000,7524.97000,1682.00000
2026-06-17 10:15:00+00:00,7525.22000,7529.97000,7522.47000,7527.47000,1144.00000
2026-06-17 10:30:00+00:00,7527.72000,7531.72000,7526.47000,7531.72000,1042.00000
2026-06-17 10:45:00+00:00,7531.47000,7534.22000,7526.22000,7526.97000,1286.00000
2026-06-17 11:00:00+00:00,7527.22000,7532.22000,7525.47000,7531.47000,1482.00000
2026-06-17 11:15:00+00:00,7531.59000,7533.47000,7529.22000,7530.22000,978.00000
2026-06-17 11:30:00+00:00,7530.09000,7530.47000,7524.72000,7525.22000,1438.00000
2026-06-17 11:45:00+00:00,7525.47000,7526.72000,7518.72000,7522.47000,1728.00000
2026-06-17 12:00:00+00:00,7522.72000,7529.22000,7521.97000,7528.72000,1420.00000
2026-06-17 12:15:00+00:00,7528.47000,7529.22000,7525.47000,7525.97000,1186.00000
2026-06-17 12:30:00+00:00,7526.09000,7532.22000,7525.97000,7530.47000,1710.00000
2026-06-17 12:45:00+00:00,7530.72000,7531.97000,7529.22000,7530.97000,1340.00000
2026-06-17 13:00:00+00:00,7531.22000,7531.72000,7527.22000,7529.97000,1372.00000
2026-06-17 13:15:00+00:00,7529.72000,7534.72000,7527.72000,7531.72000,1120.00000
2026-06-17 13:30:00+00:00,7531.47000,7533.72000,7520.22000,7533.72000,4848.00000
2026-06-17 13:45:00+00:00,7533.97000,7535.97000,7516.97000,7517.09000,4514.00000
2026-06-17 14:00:00+00:00,7516.97000,7530.97000,7514.47000,7530.47000,5060.00000
2026-06-17 14:15:00+00:00,7530.59000,7539.97000,7529.22000,7535.22000,3912.00000
2026-06-17 14:30:00+00:00,7534.97000,7535.72000,7510.22000,7519.97000,4728.00000
2026-06-17 14:45:00+00:00,7519.72000,7524.59000,7497.22000,7508.22000,6200.00000
2026-06-17 15:00:00+00:00,7508.97000,7515.47000,7503.97000,7514.22000,4424.00000
2026-06-17 15:15:00+00:00,7514.09000,7520.47000,7511.47000,7518.22000,3904.00000
2026-06-17 15:30:00+00:00,7517.97000,7526.22000,7515.97000,7521.97000,2728.00000
2026-06-17 15:45:00+00:00,7522.22000,7526.97000,7521.47000,7524.72000,2134.00000
2026-06-17 16:00:00+00:00,7524.97000,7527.97000,7521.47000,7524.47000,1876.00000
2026-06-17 16:15:00+00:00,7524.72000,7528.97000,7522.97000,7526.22000,1608.00000
2026-06-17 16:30:00+00:00,7526.09000,7526.97000,7518.22000,7520.72000,1690.00000
2026-06-17 16:45:00+00:00,7520.47000,7521.22000,7517.72000,7518.47000,1682.00000
2026-06-17 17:00:00+00:00,7518.22000,7518.22000,7504.59000,7510.97000,2520.00000
2026-06-17 17:15:00+00:00,7510.72000,7515.47000,7507.97000,7513.97000,1724.00000
2026-06-17 17:30:00+00:00,7514.22000,7514.72000,7508.34000,7510.22000,1524.00000
2026-06-17 17:45:00+00:00,7510.47000,7524.20000,7508.97000,7524.20000,1890.00000
2026-06-17 18:00:00+00:00,7509.20000,7511.97000,7450.47000,7481.97000,9346.00000
2026-06-17 18:15:00+00:00,7482.22000,7496.22000,7469.72000,7478.72000,6916.00000
2026-06-17 18:30:00+00:00,7478.97000,7519.47000,7471.72000,7515.97000,10282.00000
2026-06-17 18:45:00+00:00,7516.34000,7516.34000,7467.47000,7476.47000,8328.00000
2026-06-17 19:00:00+00:00,7476.97000,7487.72000,7460.59000,7482.72000,9632.00000
2026-06-17 19:15:00+00:00,7482.97000,7484.47000,7433.72000,7436.22000,8556.00000
2026-06-17 19:30:00+00:00,7435.97000,7439.47000,7408.47000,7415.72000,9268.00000
2026-06-17 19:45:00+00:00,7415.84000,7434.22000,7412.22000,7427.69000,7848.00000
2026-06-17 20:00:00+00:00,7428.44000,7440.19000,7426.19000,7428.19000,3428.00000
2026-06-17 20:15:00+00:00,7427.94000,7445.44000,7426.19000,7443.94000,2838.00000
2026-06-17 20:30:00+00:00,7444.19000,7450.69000,7441.69000,7447.19000,1670.00000
2026-06-17 20:45:00+00:00,7446.94000,7447.56000,7443.19000,7446.19000,1324.00000
2026-06-17 22:00:00+00:00,7451.39000,7458.27000,7441.02000,7456.39000,2640.00000
2026-06-17 22:15:00+00:00,7456.52000,7463.52000,7455.02000,7460.02000,1746.00000
2026-06-17 22:30:00+00:00,7459.77000,7463.64000,7459.02000,7460.77000,932.00000
2026-06-17 22:45:00+00:00,7461.02000,7464.39000,7460.77000,7462.27000,776.00000
2026-06-17 23:00:00+00:00,7462.39000,7468.27000,7461.14000,7468.27000,904.00000
2026-06-17 23:15:00+00:00,7468.02000,7475.52000,7467.77000,7474.52000,610.00000
2026-06-17 23:30:00+00:00,7474.64000,7476.02000,7470.77000,7472.14000,994.00000
2026-06-17 23:45:00+00:00,7472.27000,7478.02000,7471.02000,7478.02000,1498.00000
2026-06-18 00:00:00+00:00,7478.27000,7495.89000,7476.52000,7495.39000,4094.00000
2026-06-18 00:15:00+00:00,7495.52000,7497.02000,7485.52000,7489.27000,3032.00000
2026-06-18 00:30:00+00:00,7489.52000,7494.89000,7489.52000,7492.77000,2712.00000
2026-06-18 00:45:00+00:00,7493.02000,7493.52000,7484.77000,7487.27000,3148.00000
2026-06-18 01:00:00+00:00,7487.52000,7497.02000,7486.64000,7496.02000,3536.00000
2026-06-18 01:15:00+00:00,7496.27000,7497.77000,7491.52000,7493.64000,2298.00000
2026-06-18 01:30:00+00:00,7493.77000,7495.77000,7490.52000,7491.27000,1984.00000
2026-06-18 01:45:00+00:00,7491.14000,7493.02000,7486.89000,7489.52000,2168.00000
2026-06-18 02:00:00+00:00,7490.02000,7496.27000,7488.77000,7494.27000,1834.00000
2026-06-18 02:15:00+00:00,7494.14000,7494.77000,7491.02000,7492.02000,1636.00000
2026-06-18 02:30:00+00:00,7492.27000,7494.02000,7489.77000,7493.52000,1566.00000
2026-06-18 02:45:00+00:00,7493.64000,7495.27000,7491.77000,7493.27000,1002.00000
2026-06-18 03:00:00+00:00,7493.52000,7494.77000,7489.27000,7489.64000,1064.00000
2026-06-18 03:15:00+00:00,7489.52000,7494.27000,7488.77000,7493.27000,1150.00000
2026-06-18 03:30:00+00:00,7493.52000,7495.27000,7487.02000,7488.02000,1932.00000
2026-06-18 03:45:00+00:00,7488.14000,7493.02000,7487.89000,7492.27000,1096.00000
2026-06-18 04:00:00+00:00,7492.02000,7493.27000,7485.77000,7486.02000,1510.00000
2026-06-18 04:15:00+00:00,7486.27000,7488.02000,7481.52000,7483.39000,1988.00000
2026-06-18 04:30:00+00:00,7483.27000,7483.27000,7477.14000,7477.52000,1988.00000
2026-06-18 04:45:00+00:00,7477.39000,7482.77000,7476.02000,7481.64000,1932.00000
2026-06-18 05:00:00+00:00,7481.52000,7484.52000,7479.52000,7481.27000,1876.00000
2026-06-18 05:15:00+00:00,7481.02000,7486.02000,7480.52000,7484.89000,1626.00000
2026-06-18 05:30:00+00:00,7484.77000,7487.27000,7483.02000,7484.27000,1788.00000
2026-06-18 05:45:00+00:00,7484.39000,7484.64000,7480.77000,7483.02000,1610.00000
2026-06-18 06:00:00+00:00,7483.27000,7485.27000,7478.05000,7481.30000,2782.00000
2026-06-18 06:15:00+00:00,7481.17000,7487.30000,7477.80000,7487.05000,2108.00000
2026-06-18 06:30:00+00:00,7486.55000,7486.80000,7480.55000,7483.30000,1762.00000
2026-06-18 06:45:00+00:00,7483.05000,7493.80000,7483.05000,7493.42000,1340.00000
2026-06-18 07:00:00+00:00,7493.55000,7495.42000,7487.05000,7488.05000,2020.00000
2026-06-18 07:15:00+00:00,7488.30000,7495.80000,7487.30000,7495.30000,1540.00000
2026-06-18 07:30:00+00:00,7495.05000,7495.05000,7490.30000,7493.55000,1836.00000
2026-06-18 07:45:00+00:00,7493.42000,7496.05000,7490.80000,7496.05000,1358.00000
2026-06-18 08:00:00+00:00,7496.30000,7504.67000,7496.05000,7501.80000,2150.00000
2026-06-18 08:15:00+00:00,7501.92000,7502.80000,7492.30000,7493.30000,1646.00000
2026-06-18 08:30:00+00:00,7493.05000,7496.80000,7491.55000,7494.05000,1956.00000
2026-06-18 08:45:00+00:00,7493.80000,7495.05000,7483.67000,7484.30000,1810.00000
2026-06-18 09:00:00+00:00,7484.80000,7490.30000,7482.67000,7489.80000,2062.00000
2026-06-18 09:15:00+00:00,7490.05000,7493.05000,7488.55000,7490.80000,1556.00000
2026-06-18 09:30:00+00:00,7490.55000,7496.55000,7489.30000,7495.80000,1356.00000
2026-06-18 09:45:00+00:00,7495.92000,7500.55000,7495.92000,7499.80000,1082.00000
2026-06-18 10:00:00+00:00,7500.05000,7500.30000,7495.55000,7499.80000,1222.00000
2026-06-18 10:15:00+00:00,7499.92000,7501.05000,7496.55000,7497.30000,1102.00000
2026-06-18 10:30:00+00:00,7497.55000,7499.55000,7488.80000,7488.92000,1620.00000
2026-06-18 10:45:00+00:00,7488.80000,7491.80000,7488.30000,7490.05000,1184.00000
2026-06-18 11:00:00+00:00,7490.17000,7491.30000,7477.05000,7481.05000,2824.00000
2026-06-18 11:15:00+00:00,7481.30000,7481.55000,7472.30000,7478.05000,2588.00000
2026-06-18 11:30:00+00:00,7477.80000,7480.30000,7468.05000,7474.55000,2494.00000
2026-06-18 11:45:00+00:00,7474.67000,7480.30000,7474.05000,7479.80000,1898.00000
2026-06-18 12:00:00+00:00,7480.30000,7484.55000,7477.30000,7483.30000,2302.00000
2026-06-18 12:15:00+00:00,7483.05000,7492.05000,7480.80000,7491.42000,2082.00000
2026-06-18 12:30:00+00:00,7491.17000,7496.05000,7490.05000,7492.05000,2304.00000
2026-06-18 12:45:00+00:00,7492.55000,7501.55000,7491.55000,7497.30000,1896.00000
2026-06-18 13:00:00+00:00,7497.05000,7499.30000,7487.17000,7498.30000,2138.00000
2026-06-18 13:15:00+00:00,7498.55000,7516.30000,7497.55000,7514.05000,2576.00000
2026-06-18 13:30:00+00:00,7513.55000,7518.30000,7473.80000,7475.30000,6758.00000
2026-06-18 13:45:00+00:00,7476.05000,7491.30000,7472.55000,7480.80000,6414.00000
2026-06-18 14:00:00+00:00,7480.92000,7494.80000,7477.80000,7482.05000,6294.00000
2026-06-18 14:15:00+00:00,7481.55000,7502.80000,7475.80000,7487.30000,5512.00000
2026-06-18 14:30:00+00:00,7487.05000,7501.05000,7478.05000,7495.30000,5796.00000
2026-06-18 14:45:00+00:00,7495.05000,7507.30000,7495.05000,7503.05000,4146.00000
2026-06-18 15:00:00+00:00,7503.30000,7505.30000,7494.05000,7495.80000,4784.00000
2026-06-18 15:15:00+00:00,7496.05000,7498.05000,7486.05000,7488.30000,4694.00000
2026-06-18 15:30:00+00:00,7488.55000,7492.80000,7477.80000,7482.42000,5206.00000
2026-06-18 15:45:00+00:00,7482.30000,7499.80000,7477.80000,7497.05000,4001.00000
2026-06-18 16:00:00+00:00,7496.80000,7500.30000,7492.55000,7496.55000,3496.00000
2026-06-18 16:15:00+00:00,7496.30000,7503.55000,7493.80000,7500.80000,2670.00000
2026-06-18 16:30:00+00:00,7500.55000,7507.05000,7497.42000,7504.30000,2368.00000
2026-06-18 16:45:00+00:00,7504.42000,7505.05000,7496.30000,7500.80000,2352.00000
2026-06-18 17:00:00+00:00,7501.05000,7511.80000,7498.30000,7510.05000,2282.00000
2026-06-18 17:15:00+00:00,7509.80000,7515.30000,7507.80000,7509.55000,1858.00000
2026-06-18 17:30:00+00:00,7509.80000,7513.55000,7506.30000,7507.05000,1736.00000
2026-06-18 17:45:00+00:00,7507.30000,7509.17000,7503.55000,7503.80000,1402.00000
2026-06-18 18:00:00+00:00,7504.30000,7504.55000,7498.80000,7500.30000,1904.00000
2026-06-18 18:15:00+00:00,7500.05000,7503.05000,7497.55000,7499.30000,1750.00000
2026-06-18 18:30:00+00:00,7499.05000,7500.05000,7496.05000,7499.55000,1718.00000
2026-06-18 18:45:00+00:00,7499.30000,7503.80000,7497.05000,7498.05000,1646.00000
2026-06-18 19:00:00+00:00,7498.30000,7499.05000,7485.80000,7488.80000,2540.00000
2026-06-18 19:15:00+00:00,7488.92000,7496.30000,7486.55000,7494.55000,2000.00000
2026-06-18 19:30:00+00:00,7494.80000,7508.30000,7490.30000,7507.80000,2346.00000
2026-06-18 19:45:00+00:00,7507.30000,7517.30000,7501.27000,7501.27000,3684.00000
2026-06-18 20:00:00+00:00,7500.27000,7514.02000,7499.02000,7513.27000,1966.00000
2026-06-18 20:15:00+00:00,7513.52000,7519.52000,7511.77000,7514.27000,630.00000
2026-06-18 20:30:00+00:00,7514.02000,7516.02000,7509.02000,7509.77000,398.00000
2026-06-18 20:45:00+00:00,7509.52000,7510.52000,7507.27000,7510.52000,408.00000
2026-06-18 22:00:00+00:00,7513.44000,7517.56000,7509.69000,7510.81000,1338.00000
2026-06-18 22:15:00+00:00,7510.69000,7510.81000,7502.56000,7503.81000,1186.00000
2026-06-18 22:30:00+00:00,7503.94000,7503.94000,7497.94000,7499.19000,900.00000
2026-06-18 22:45:00+00:00,7499.31000,7501.31000,7497.19000,7498.69000,802.00000
2026-06-18 23:00:00+00:00,7498.56000,7501.69000,7497.94000,7499.06000,904.00000
2026-06-18 23:15:00+00:00,7498.94000,7503.44000,7498.94000,7501.94000,824.00000
2026-06-18 23:30:00+00:00,7501.81000,7504.44000,7500.44000,7503.19000,806.00000
2026-06-18 23:45:00+00:00,7503.06000,7505.69000,7502.19000,7503.19000,1516.00000
2026-06-19 00:00:00+00:00,7502.94000,7503.44000,7493.81000,7494.94000,3740.00000
2026-06-19 00:15:00+00:00,7495.19000,7499.44000,7494.31000,7497.19000,2604.00000
2026-06-19 00:30:00+00:00,7497.44000,7498.94000,7494.44000,7496.69000,2040.00000
2026-06-19 00:45:00+00:00,7496.81000,7497.94000,7494.69000,7495.69000,1390.00000
2026-06-19 01:00:00+00:00,7495.94000,7498.19000,7488.69000,7489.94000,1684.00000
2026-06-19 01:15:00+00:00,7490.19000,7493.44000,7489.94000,7492.44000,1222.00000
2026-06-19 01:30:00+00:00,7492.19000,7492.19000,7487.69000,7488.94000,1592.00000
2026-06-19 01:45:00+00:00,7489.19000,7490.19000,7484.94000,7485.19000,1068.00000
2026-06-19 02:00:00+00:00,7485.06000,7485.94000,7481.44000,7482.19000,1150.00000
2026-06-19 02:15:00+00:00,7482.44000,7484.19000,7479.44000,7483.44000,1176.00000
2026-06-19 02:30:00+00:00,7483.56000,7486.69000,7483.19000,7486.19000,874.00000
2026-06-19 02:45:00+00:00,7486.06000,7486.06000,7481.94000,7483.94000,838.00000
2026-06-19 03:00:00+00:00,7484.19000,7485.94000,7481.69000,7481.81000,878.00000
2026-06-19 03:15:00+00:00,7481.94000,7482.19000,7475.44000,7476.19000,1714.00000
2026-06-19 03:30:00+00:00,7476.31000,7478.69000,7473.69000,7476.44000,2696.00000
2026-06-19 03:45:00+00:00,7476.19000,7477.31000,7473.94000,7476.19000,1906.00000
2026-06-19 04:00:00+00:00,7476.44000,7477.19000,7469.69000,7475.94000,2722.00000
2026-06-19 04:15:00+00:00,7475.69000,7475.81000,7471.69000,7473.56000,2136.00000
2026-06-19 04:30:00+00:00,7473.69000,7473.94000,7466.94000,7468.69000,2124.00000
2026-06-19 04:45:00+00:00,7468.44000,7468.94000,7459.06000,7462.94000,2556.00000
2026-06-19 05:00:00+00:00,7463.19000,7464.44000,7459.69000,7463.94000,2356.00000
2026-06-19 05:15:00+00:00,7463.81000,7465.19000,7458.31000,7462.81000,2022.00000
2026-06-19 05:30:00+00:00,7462.94000,7465.94000,7458.31000,7459.94000,2056.00000
2026-06-19 05:45:00+00:00,7460.19000,7469.19000,7460.19000,7468.94000,1880.00000
2026-06-19 06:00:00+00:00,7469.19000,7472.97000,7468.44000,7470.47000,1798.00000
2026-06-19 06:15:00+00:00,7470.72000,7475.22000,7467.72000,7474.09000,1626.00000
2026-06-19 06:30:00+00:00,7473.97000,7475.47000,7471.59000,7473.72000,1438.00000
2026-06-19 06:45:00+00:00,7473.59000,7480.34000,7471.97000,7478.97000,980.00000
2026-06-19 07:00:00+00:00,7479.34000,7484.22000,7478.72000,7484.22000,1162.00000
2026-06-19 07:15:00+00:00,7484.09000,7487.09000,7482.72000,7487.09000,1054.00000
2026-06-19 07:30:00+00:00,7486.97000,7492.59000,7486.09000,7488.34000,1534.00000
2026-06-19 07:45:00+00:00,7488.47000,7491.72000,7486.22000,7491.72000,1176.00000
2026-06-19 08:00:00+00:00,7491.97000,7493.97000,7488.22000,7492.22000,1566.00000
2026-06-19 08:15:00+00:00,7492.47000,7495.72000,7491.72000,7494.22000,1234.00000
2026-06-19 08:30:00+00:00,7494.59000,7496.22000,7490.72000,7494.97000,1190.00000
2026-06-19 08:45:00+00:00,7494.84000,7498.22000,7493.47000,7496.47000,982.00000
2026-06-19 09:00:00+00:00,7496.59000,7499.59000,7492.47000,7493.97000,1622.00000
2026-06-19 09:15:00+00:00,7494.22000,7495.59000,7491.22000,7491.72000,1234.00000
2026-06-19 09:30:00+00:00,7491.97000,7497.97000,7491.72000,7495.47000,1210.00000
2026-06-19 09:45:00+00:00,7495.34000,7497.34000,7492.22000,7492.84000,1670.00000
2026-06-19 10:00:00+00:00,7492.97000,7493.22000,7489.22000,7489.84000,1330.00000
2026-06-19 10:15:00+00:00,7489.72000,7490.97000,7482.47000,7482.84000,1180.00000
2026-06-19 10:30:00+00:00,7482.97000,7483.22000,7475.47000,7480.22000,2066.00000
2026-06-19 10:45:00+00:00,7480.09000,7484.72000,7477.72000,7481.34000,1682.00000
2026-06-19 11:00:00+00:00,7481.22000,7481.22000,7475.22000,7478.47000,2218.00000
2026-06-19 11:15:00+00:00,7478.72000,7480.97000,7474.72000,7476.22000,1220.00000
2026-06-19 11:30:00+00:00,7476.09000,7483.72000,7475.97000,7481.97000,1196.00000
2026-06-19 11:45:00+00:00,7482.22000,7483.47000,7477.84000,7481.72000,1110.00000
2026-06-19 12:00:00+00:00,7481.97000,7482.22000,7479.09000,7479.84000,1078.00000
2026-06-19 12:15:00+00:00,7479.72000,7480.97000,7477.72000,7477.97000,1144.00000
2026-06-19 12:30:00+00:00,7478.09000,7478.72000,7472.22000,7478.09000,1724.00000
2026-06-19 12:45:00+00:00,7477.97000,7499.72000,7475.97000,7496.34000,4062.00000
2026-06-19 13:00:00+00:00,7496.84000,7499.59000,7492.22000,7495.97000,2154.00000
2026-06-19 13:15:00+00:00,7496.22000,7498.22000,7492.97000,7496.47000,1302.00000
2026-06-19 13:30:00+00:00,7496.22000,7500.72000,7493.72000,7495.22000,1632.00000
2026-06-19 13:45:00+00:00,7495.47000,7500.22000,7494.72000,7496.97000,1316.00000
2026-06-19 14:00:00+00:00,7496.72000,7497.47000,7491.59000,7496.72000,1300.00000
2026-06-19 14:15:00+00:00,7496.97000,7498.72000,7493.72000,7497.47000,724.00000
2026-06-19 14:30:00+00:00,7497.22000,7501.22000,7494.97000,7500.97000,630.00000
2026-06-19 14:45:00+00:00,7501.22000,7503.72000,7500.47000,7502.72000,400.00000
2026-06-19 15:00:00+00:00,7502.47000,7505.97000,7501.97000,7502.97000,532.00000
2026-06-19 15:15:00+00:00,7502.72000,7503.47000,7500.97000,7503.47000,442.00000
2026-06-19 15:30:00+00:00,7503.72000,7504.22000,7495.97000,7496.22000,902.00000
2026-06-19 15:45:00+00:00,7496.47000,7503.47000,7496.47000,7501.47000,376.00000
2026-06-19 16:00:00+00:00,7501.22000,7501.22000,7497.22000,7497.72000,342.00000
2026-06-19 16:15:00+00:00,7497.97000,7502.47000,7497.97000,7502.47000,442.00000
2026-06-19 16:30:00+00:00,7502.72000,7504.72000,7501.47000,7502.72000,432.00000
2026-06-19 16:45:00+00:00,7502.97000,7503.47000,7492.84000,7494.34000,804.00000
2026-06-21 22:00:00+00:00,7485.03000,7489.15000,7468.15000,7472.15000,3194.00000
2026-06-21 22:15:00+00:00,7472.40000,7483.28000,7466.03000,7481.03000,2034.00000
2026-06-21 22:30:00+00:00,7480.78000,7482.03000,7476.28000,7481.40000,1756.00000
2026-06-21 22:45:00+00:00,7481.03000,7483.53000,7476.78000,7477.78000,1268.00000
2026-06-21 23:00:00+00:00,7477.90000,7478.15000,7465.03000,7466.53000,2898.00000
2026-06-21 23:15:00+00:00,7466.90000,7468.90000,7463.53000,7466.03000,2126.00000
2026-06-21 23:30:00+00:00,7466.40000,7467.03000,7455.53000,7459.53000,2710.00000
2026-06-21 23:45:00+00:00,7459.28000,7461.03000,7453.03000,7455.65000,2906.00000
2026-06-22 00:00:00+00:00,7455.78000,7477.03000,7454.28000,7472.90000,5652.00000
2026-06-22 00:15:00+00:00,7473.15000,7483.78000,7471.28000,7483.53000,3936.00000
2026-06-22 00:30:00+00:00,7483.65000,7485.28000,7480.28000,7482.78000,2480.00000
2026-06-22 00:45:00+00:00,7482.90000,7489.78000,7482.78000,7488.78000,1958.00000
2026-06-22 01:00:00+00:00,7489.03000,7497.03000,7489.03000,7493.53000,2736.00000
2026-06-22 01:15:00+00:00,7493.28000,7495.90000,7490.78000,7494.53000,2092.00000
2026-06-22 01:30:00+00:00,7494.28000,7495.53000,7491.78000,7494.03000,1886.00000
2026-06-22 01:45:00+00:00,7494.28000,7494.78000,7488.78000,7489.53000,2098.00000
2026-06-22 02:00:00+00:00,7489.78000,7490.53000,7484.03000,7484.15000,1778.00000
2026-06-22 02:15:00+00:00,7484.28000,7486.78000,7482.28000,7482.28000,1246.00000
2026-06-22 02:30:00+00:00,7482.15000,7483.03000,7478.53000,7480.03000,1118.00000
2026-06-22 02:45:00+00:00,7479.78000,7480.28000,7477.28000,7478.53000,1126.00000
2026-06-22 03:00:00+00:00,7478.40000,7478.78000,7474.53000,7476.03000,1342.00000
2026-06-22 03:15:00+00:00,7476.28000,7480.78000,7475.78000,7480.03000,978.00000
2026-06-22 03:30:00+00:00,7480.28000,7482.28000,7479.03000,7480.03000,996.00000
2026-06-22 03:45:00+00:00,7480.28000,7481.53000,7473.53000,7474.53000,1284.00000
2026-06-22 04:00:00+00:00,7474.40000,7476.53000,7472.78000,7473.03000,1364.00000
2026-06-22 04:15:00+00:00,7473.28000,7474.03000,7470.03000,7470.78000,1500.00000
2026-06-22 04:30:00+00:00,7470.90000,7472.53000,7468.28000,7469.53000,1798.00000
2026-06-22 04:45:00+00:00,7469.65000,7475.28000,7469.15000,7474.65000,1766.00000
2026-06-22 05:00:00+00:00,7474.78000,7486.28000,7474.03000,7485.03000,1576.00000
2026-06-22 05:15:00+00:00,7485.28000,7486.53000,7482.53000,7485.40000,1500.00000
2026-06-22 05:30:00+00:00,7485.28000,7486.53000,7481.28000,7484.78000,2108.00000
2026-06-22 05:45:00+00:00,7484.90000,7487.53000,7483.40000,7486.28000,1296.00000
2026-06-22 06:00:00+00:00,7486.53000,7493.31000,7485.90000,7492.81000,1260.00000
2026-06-22 06:15:00+00:00,7492.56000,7499.56000,7491.81000,7498.56000,1088.00000
2026-06-22 06:30:00+00:00,7498.31000,7501.68000,7494.56000,7500.81000,1248.00000
2026-06-22 06:45:00+00:00,7500.56000,7502.56000,7499.43000,7501.81000,1064.00000
2026-06-22 07:00:00+00:00,7501.56000,7506.06000,7501.31000,7504.06000,1952.00000
2026-06-22 07:15:00+00:00,7504.31000,7507.31000,7503.68000,7506.43000,1249.00000
2026-06-22 07:30:00+00:00,7506.56000,7507.31000,7501.81000,7502.31000,1158.00000
2026-06-22 07:45:00+00:00,7502.06000,7504.81000,7500.56000,7502.56000,962.00000
2026-06-22 08:00:00+00:00,7502.68000,7503.56000,7492.56000,7496.31000,2216.00000
2026-06-22 08:15:00+00:00,7496.18000,7497.56000,7492.56000,7494.81000,2214.00000
2026-06-22 08:30:00+00:00,7494.56000,7499.81000,7493.06000,7499.81000,1840.00000
2026-06-22 08:45:00+00:00,7499.93000,7500.18000,7495.56000,7499.31000,1388.00000
2026-06-22 09:00:00+00:00,7499.43000,7504.31000,7496.31000,7502.81000,2030.00000
2026-06-22 09:15:00+00:00,7502.93000,7502.93000,7499.81000,7500.31000,1384.00000
2026-06-22 09:30:00+00:00,7500.43000,7501.81000,7495.56000,7496.31000,1536.00000
2026-06-22 09:45:00+00:00,7496.56000,7498.06000,7494.31000,7494.81000,1498.00000
2026-06-22 10:00:00+00:00,7495.06000,7504.56000,7494.81000,7502.93000,1616.00000
2026-06-22 10:15:00+00:00,7503.06000,7504.56000,7501.93000,7502.81000,1058.00000
2026-06-22 10:30:00+00:00,7502.68000,7502.81000,7496.81000,7499.18000,1390.00000
2026-06-22 10:45:00+00:00,7499.06000,7502.18000,7497.81000,7498.56000,1316.00000
2026-06-22 11:00:00+00:00,7498.81000,7517.31000,7498.56000,7502.56000,3826.00000
2026-06-22 11:15:00+00:00,7502.43000,7504.06000,7500.81000,7501.56000,1593.00000
2026-06-22 11:30:00+00:00,7501.43000,7505.56000,7500.81000,7503.31000,1326.00000
2026-06-22 11:45:00+00:00,7503.06000,7504.81000,7499.18000,7503.56000,1518.00000
2026-06-22 12:00:00+00:00,7503.81000,7510.06000,7503.68000,7509.56000,1432.00000
2026-06-22 12:15:00+00:00,7509.31000,7514.43000,7507.56000,7514.06000,1336.00000
2026-06-22 12:30:00+00:00,7514.18000,7516.31000,7510.31000,7510.81000,1432.00000
2026-06-22 12:45:00+00:00,7511.06000,7511.56000,7507.56000,7507.81000,898.00000
2026-06-22 13:00:00+00:00,7508.43000,7517.81000,7508.31000,7516.56000,2550.00000
2026-06-22 13:15:00+00:00,7516.43000,7518.81000,7512.31000,7513.06000,1528.00000
2026-06-22 13:30:00+00:00,7513.31000,7536.56000,7511.56000,7518.81000,5598.00000
2026-06-22 13:45:00+00:00,7518.56000,7536.31000,7516.81000,7536.06000,4834.00000
2026-06-22 14:00:00+00:00,7535.81000,7539.06000,7529.06000,7529.81000,3773.00000
2026-06-22 14:15:00+00:00,7529.56000,7530.56000,7500.81000,7501.06000,4698.00000
2026-06-22 14:30:00+00:00,7501.56000,7502.06000,7480.06000,7481.06000,6736.00000
2026-06-22 14:45:00+00:00,7480.56000,7489.06000,7467.31000,7482.81000,5864.00000
2026-06-22 15:00:00+00:00,7483.06000,7490.06000,7476.31000,7480.56000,4794.00000
2026-06-22 15:15:00+00:00,7480.81000,7486.81000,7474.81000,7479.81000,5156.00000
2026-06-22 15:30:00+00:00,7479.93000,7497.81000,7477.56000,7494.81000,3774.00000
2026-06-22 15:45:00+00:00,7495.06000,7499.06000,7479.31000,7482.43000,4104.00000
2026-06-22 16:00:00+00:00,7482.81000,7486.31000,7472.06000,7486.18000,3914.00000
2026-06-22 16:15:00+00:00,7486.06000,7490.31000,7480.06000,7484.31000,2850.00000
2026-06-22 16:30:00+00:00,7484.06000,7485.31000,7476.81000,7479.81000,2826.00000
2026-06-22 16:45:00+00:00,7480.06000,7489.43000,7477.81000,7485.81000,2524.00000
2026-06-22 17:00:00+00:00,7486.06000,7486.81000,7475.81000,7482.06000,2306.00000
2026-06-22 17:15:00+00:00,7482.31000,7488.81000,7482.31000,7483.06000,2002.00000
2026-06-22 17:30:00+00:00,7483.31000,7484.56000,7475.56000,7479.31000,2328.00000
2026-06-22 17:45:00+00:00,7479.18000,7489.31000,7478.18000,7482.81000,1690.00000
2026-06-22 18:00:00+00:00,7483.06000,7486.56000,7478.56000,7485.56000,1776.00000
2026-06-22 18:15:00+00:00,7485.81000,7493.56000,7485.06000,7487.06000,1424.00000
2026-06-22 18:30:00+00:00,7487.31000,7491.31000,7480.56000,7480.81000,1570.00000
2026-06-22 18:45:00+00:00,7481.06000,7484.56000,7471.56000,7472.81000,2072.00000
2026-06-22 19:00:00+00:00,7473.06000,7479.43000,7468.56000,7475.31000,2072.00000
2026-06-22 19:15:00+00:00,7475.56000,7478.06000,7470.31000,7470.31000,1928.00000
2026-06-22 19:30:00+00:00,7470.56000,7476.06000,7468.06000,7469.31000,1914.00000
2026-06-22 19:45:00+00:00,7469.81000,7485.28000,7468.81000,7479.78000,3096.00000
2026-06-22 20:00:00+00:00,7479.03000,7486.78000,7479.03000,7485.28000,1434.00000
2026-06-22 20:15:00+00:00,7485.53000,7487.03000,7481.03000,7481.53000,584.00000
2026-06-22 20:30:00+00:00,7481.28000,7482.53000,7480.53000,7482.28000,320.00000
2026-06-22 20:45:00+00:00,7482.15000,7482.53000,7479.78000,7481.53000,268.00000
2026-06-22 22:00:00+00:00,7482.37000,7487.99000,7479.49000,7481.99000,1580.00000
2026-06-22 22:15:00+00:00,7482.12000,7483.87000,7479.87000,7480.74000,704.00000
2026-06-22 22:30:00+00:00,7480.62000,7480.74000,7470.62000,7470.87000,1532.00000
2026-06-22 22:45:00+00:00,7470.99000,7474.12000,7470.12000,7472.87000,1006.00000
2026-06-22 23:00:00+00:00,7472.62000,7473.87000,7468.87000,7469.24000,1074.00000
2026-06-22 23:15:00+00:00,7469.37000,7471.87000,7466.87000,7471.62000,920.00000
2026-06-22 23:30:00+00:00,7471.74000,7472.12000,7469.12000,7471.62000,646.00000
2026-06-22 23:45:00+00:00,7471.49000,7472.87000,7467.37000,7472.62000,1582.00000
2026-06-23 00:00:00+00:00,7472.12000,7475.62000,7464.99000,7465.62000,3586.00000
2026-06-23 00:15:00+00:00,7465.87000,7469.87000,7462.87000,7466.12000,2898.00000
2026-06-23 00:30:00+00:00,7466.49000,7481.62000,7464.62000,7481.62000,2950.00000
2026-06-23 00:45:00+00:00,7481.74000,7486.12000,7479.12000,7480.87000,3656.00000
2026-06-23 01:00:00+00:00,7481.37000,7483.12000,7477.12000,7477.24000,3694.00000
2026-06-23 01:15:00+00:00,7477.37000,7478.49000,7473.49000,7476.37000,3458.00000
2026-06-23 01:30:00+00:00,7476.49000,7477.37000,7461.87000,7462.87000,3576.00000
2026-06-23 01:45:00+00:00,7462.99000,7466.12000,7452.87000,7463.12000,4006.00000
2026-06-23 02:00:00+00:00,7463.74000,7465.62000,7454.62000,7459.62000,4216.00000
2026-06-23 02:15:00+00:00,7459.49000,7463.12000,7458.12000,7460.62000,3182.00000
2026-06-23 02:30:00+00:00,7460.74000,7461.12000,7456.37000,7458.37000,2478.00000
2026-06-23 02:45:00+00:00,7458.12000,7458.87000,7451.62000,7453.37000,2482.00000
2026-06-23 03:00:00+00:00,7453.62000,7454.37000,7445.49000,7447.12000,2606.00000
2026-06-23 03:15:00+00:00,7446.99000,7449.49000,7445.87000,7448.37000,2062.00000
2026-06-23 03:30:00+00:00,7448.24000,7448.37000,7437.37000,7441.37000,2498.00000
2026-06-23 03:45:00+00:00,7441.24000,7449.87000,7437.87000,7449.62000,2242.00000
2026-06-23 04:00:00+00:00,7449.87000,7452.87000,7440.87000,7442.62000,2494.00000
2026-06-23 04:15:00+00:00,7442.49000,7442.62000,7434.37000,7437.37000,2292.00000
2026-06-23 04:30:00+00:00,7437.24000,7437.62000,7431.37000,7432.62000,2356.00000
2026-06-23 04:45:00+00:00,7432.87000,7433.87000,7422.62000,7423.99000,2442.00000
2026-06-23 05:00:00+00:00,7424.37000,7428.87000,7423.62000,7423.99000,3568.00000
2026-06-23 05:15:00+00:00,7423.87000,7425.37000,7415.37000,7417.62000,2438.00000
2026-06-23 05:30:00+00:00,7417.74000,7418.24000,7408.12000,7414.12000,3690.00000
2026-06-23 05:45:00+00:00,7413.87000,7416.62000,7407.87000,7409.37000,2764.00000
2026-06-23 06:00:00+00:00,7409.62000,7412.90000,7403.90000,7406.40000,3882.00000
2026-06-23 06:15:00+00:00,7406.65000,7409.15000,7391.90000,7395.65000,3682.00000
2026-06-23 06:30:00+00:00,7395.15000,7399.65000,7388.90000,7391.40000,3528.00000
2026-06-23 06:45:00+00:00,7390.90000,7396.15000,7386.02000,7388.15000,2906.00000
2026-06-23 07:00:00+00:00,7388.77000,7396.27000,7382.90000,7392.65000,4132.00000
2026-06-23 07:15:00+00:00,7392.90000,7393.90000,7381.40000,7387.40000,3484.00000
2026-06-23 07:30:00+00:00,7386.15000,7387.90000,7378.40000,7380.40000,3866.00000
2026-06-23 07:45:00+00:00,7380.65000,7382.02000,7369.27000,7374.40000,3396.00000
2026-06-23 08:00:00+00:00,7374.90000,7375.90000,7363.90000,7370.27000,5212.00000
2026-06-23 08:15:00+00:00,7370.15000,7371.52000,7362.90000,7365.15000,4520.00000
2026-06-23 08:30:00+00:00,7365.27000,7379.40000,7365.27000,7375.15000,3968.00000
2026-06-23 08:45:00+00:00,7375.02000,7375.15000,7364.40000,7371.27000,3292.00000
2026-06-23 09:00:00+00:00,7371.40000,7379.90000,7370.15000,7378.90000,3152.00000
2026-06-23 09:15:00+00:00,7378.77000,7386.77000,7375.65000,7385.77000,2706.00000
2026-06-23 09:30:00+00:00,7385.90000,7386.02000,7379.15000,7380.77000,2732.00000
2026-06-23 09:45:00+00:00,7380.65000,7386.65000,7378.90000,7385.15000,2372.00000
2026-06-23 10:00:00+00:00,7385.40000,7390.15000,7381.65000,7383.27000,2264.00000
2026-06-23 10:15:00+00:00,7383.15000,7390.15000,7380.27000,7380.65000,2278.00000
2026-06-23 10:30:00+00:00,7380.40000,7380.90000,7368.15000,7372.27000,2584.00000
2026-06-23 10:45:00+00:00,7372.15000,7378.65000,7371.40000,7377.65000,2556.00000
2026-06-23 11:00:00+00:00,7377.40000,7383.65000,7373.40000,7383.40000,3224.00000
2026-06-23 11:15:00+00:00,7383.27000,7388.77000,7376.65000,7380.90000,3658.00000
2026-06-23 11:30:00+00:00,7380.77000,7390.40000,7378.90000,7389.90000,2706.00000
2026-06-23 11:45:00+00:00,7389.77000,7394.40000,7386.90000,7391.65000,1934.00000
2026-06-23 12:00:00+00:00,7391.40000,7395.15000,7385.15000,7387.40000,2590.00000
2026-06-23 12:15:00+00:00,7387.65000,7388.15000,7373.90000,7378.15000,2708.00000
2026-06-23 12:30:00+00:00,7378.27000,7381.15000,7368.40000,7374.15000,3176.00000
2026-06-23 12:45:00+00:00,7373.90000,7375.90000,7370.65000,7373.40000,2572.00000
2026-06-23 13:00:00+00:00,7373.65000,7376.90000,7370.40000,7374.65000,2866.00000
2026-06-23 13:15:00+00:00,7374.90000,7374.90000,7364.90000,7370.15000,3070.00000
2026-06-23 13:30:00+00:00,7370.27000,7387.40000,7355.90000,7383.40000,8184.00000
2026-06-23 13:45:00+00:00,7382.52000,7406.90000,7379.52000,7405.90000,6306.00000
2026-06-23 14:00:00+00:00,7406.15000,7425.90000,7404.65000,7424.65000,5340.00000
2026-06-23 14:15:00+00:00,7424.40000,7431.90000,7416.65000,7424.40000,4724.00000
2026-06-23 14:30:00+00:00,7424.65000,7426.65000,7407.15000,7409.15000,5564.00000
2026-06-23 14:45:00+00:00,7409.40000,7414.65000,7400.65000,7405.65000,5658.00000
2026-06-23 15:00:00+00:00,7406.15000,7409.40000,7391.40000,7396.15000,5070.00000
2026-06-23 15:15:00+00:00,7396.40000,7397.40000,7377.15000,7380.65000,3788.00000
2026-06-23 15:30:00+00:00,7380.27000,7390.02000,7376.90000,7384.90000,4440.00000
2026-06-23 15:45:00+00:00,7385.15000,7397.15000,7382.65000,7394.52000,3658.00000
2026-06-23 16:00:00+00:00,7395.15000,7411.90000,7393.40000,7410.15000,3296.00000
2026-06-23 16:15:00+00:00,7410.27000,7411.65000,7401.40000,7409.90000,2996.00000
2026-06-23 16:30:00+00:00,7409.65000,7415.90000,7405.40000,7414.90000,2498.00000
2026-06-23 16:45:00+00:00,7414.65000,7415.40000,7405.40000,7410.40000,2840.00000
2026-06-23 17:00:00+00:00,7410.65000,7413.65000,7401.40000,7409.65000,3152.00000
2026-06-23 17:15:00+00:00,7410.15000,7417.15000,7405.65000,7411.65000,2578.00000
2026-06-23 17:30:00+00:00,7411.90000,7416.65000,7407.15000,7408.15000,2472.00000
2026-06-23 17:45:00+00:00,7407.90000,7411.15000,7393.40000,7393.90000,2792.00000
2026-06-23 18:00:00+00:00,7394.52000,7401.90000,7389.90000,7394.40000,2910.00000
2026-06-23 18:15:00+00:00,7394.15000,7396.40000,7388.65000,7390.40000,1898.00000
2026-06-23 18:30:00+00:00,7390.15000,7391.65000,7373.90000,7374.40000,1938.00000
2026-06-23 18:45:00+00:00,7374.65000,7381.90000,7369.90000,7376.90000,3290.00000
2026-06-23 19:00:00+00:00,7377.40000,7393.02000,7374.65000,7381.90000,3934.00000
2026-06-23 19:15:00+00:00,7381.65000,7390.40000,7374.40000,7387.65000,3852.00000
2026-06-23 19:30:00+00:00,7387.77000,7389.90000,7379.15000,7382.90000,3778.00000
2026-06-23 19:45:00+00:00,7383.02000,7393.65000,7373.62000,7374.62000,4454.00000
2026-06-23 20:00:00+00:00,7375.37000,7382.87000,7372.87000,7379.37000,2008.00000
2026-06-23 20:15:00+00:00,7379.62000,7382.62000,7376.12000,7381.62000,646.00000
2026-06-23 20:30:00+00:00,7381.49000,7383.62000,7379.12000,7381.12000,628.00000
2026-06-23 20:45:00+00:00,7381.24000,7386.62000,7380.49000,7386.37000,490.00000
2026-06-23 22:00:00+00:00,7390.36000,7393.86000,7385.36000,7390.74000,1868.00000
2026-06-23 22:15:00+00:00,7390.49000,7393.49000,7378.24000,7378.49000,1960.00000
2026-06-23 22:30:00+00:00,7378.99000,7382.24000,7370.74000,7372.24000,2410.00000
2026-06-23 22:45:00+00:00,7372.11000,7377.74000,7371.99000,7376.49000,1652.00000
2026-06-23 23:00:00+00:00,7376.74000,7377.24000,7361.99000,7374.74000,2564.00000
2026-06-23 23:15:00+00:00,7374.36000,7379.74000,7374.11000,7377.49000,1210.00000
2026-06-23 23:30:00+00:00,7377.86000,7378.49000,7369.24000,7375.11000,1850.00000
2026-06-23 23:45:00+00:00,7374.99000,7392.49000,7374.74000,7388.74000,3844.00000
2026-06-24 00:00:00+00:00,7388.24000,7401.24000,7384.99000,7395.74000,5826.00000
2026-06-24 00:15:00+00:00,7395.36000,7400.36000,7390.24000,7396.36000,4608.00000
2026-06-24 00:30:00+00:00,7396.49000,7399.99000,7394.86000,7397.99000,4322.00000
2026-06-24 00:45:00+00:00,7398.11000,7399.86000,7390.24000,7394.99000,4218.00000
2026-06-24 01:00:00+00:00,7395.24000,7396.24000,7387.74000,7393.24000,5010.00000
2026-06-24 01:15:00+00:00,7393.49000,7394.49000,7384.11000,7392.74000,4314.00000
2026-06-24 01:30:00+00:00,7392.49000,7395.99000,7389.74000,7393.49000,4246.00000
2026-06-24 01:45:00+00:00,7393.61000,7395.74000,7390.49000,7392.86000,3608.00000
2026-06-24 02:00:00+00:00,7392.74000,7394.86000,7388.99000,7392.99000,3418.00000
2026-06-24 02:15:00+00:00,7392.86000,7393.24000,7384.36000,7389.74000,2730.00000
2026-06-24 02:30:00+00:00,7389.86000,7391.99000,7380.74000,7381.99000,2636.00000
2026-06-24 02:45:00+00:00,7382.11000,7382.74000,7371.49000,7371.61000,3272.00000
2026-06-24 03:00:00+00:00,7371.49000,7387.74000,7368.74000,7386.49000,3960.00000
2026-06-24 03:15:00+00:00,7386.36000,7389.74000,7377.99000,7389.49000,3390.00000
2026-06-24 03:30:00+00:00,7389.36000,7393.49000,7387.24000,7388.99000,3922.00000
2026-06-24 03:45:00+00:00,7389.11000,7389.99000,7384.99000,7389.49000,3032.00000
2026-06-24 04:00:00+00:00,7389.74000,7389.99000,7379.74000,7381.49000,2930.00000
2026-06-24 04:15:00+00:00,7381.36000,7383.24000,7376.49000,7378.61000,3254.00000
2026-06-24 04:30:00+00:00,7378.74000,7392.24000,7378.49000,7389.74000,3626.00000
2026-06-24 04:45:00+00:00,7389.99000,7392.99000,7389.24000,7391.11000,2810.00000
2026-06-24 05:00:00+00:00,7391.24000,7394.74000,7388.99000,7393.24000,3422.00000
2026-06-24 05:15:00+00:00,7393.11000,7399.24000,7391.61000,7395.74000,3048.00000
2026-06-24 05:30:00+00:00,7395.86000,7400.74000,7395.11000,7395.74000,2582.00000
2026-06-24 05:45:00+00:00,7395.61000,7396.61000,7391.24000,7391.99000,2178.00000
2026-06-24 06:00:00+00:00,7391.86000,7395.27000,7387.49000,7393.64000,2558.00000
2026-06-24 06:15:00+00:00,7393.52000,7394.27000,7386.89000,7388.89000,2148.00000
2026-06-24 06:30:00+00:00,7389.02000,7395.27000,7388.27000,7391.77000,1984.00000
2026-06-24 06:45:00+00:00,7391.52000,7393.52000,7389.77000,7390.52000,1414.00000
2026-06-24 07:00:00+00:00,7390.64000,7392.27000,7384.27000,7389.52000,3330.00000
2026-06-24 07:15:00+00:00,7389.64000,7392.02000,7386.02000,7386.27000,2514.00000
2026-06-24 07:30:00+00:00,7386.39000,7392.52000,7381.39000,7391.77000,3076.00000
2026-06-24 07:45:00+00:00,7391.89000,7394.52000,7383.52000,7384.52000,2352.00000
2026-06-24 08:00:00+00:00,7384.39000,7394.14000,7384.02000,7393.52000,3492.00000
2026-06-24 08:15:00+00:00,7393.27000,7394.52000,7387.27000,7390.27000,2678.00000
2026-06-24 08:30:00+00:00,7390.14000,7394.77000,7388.52000,7390.52000,2672.00000
2026-06-24 08:45:00+00:00,7390.39000,7391.02000,7386.52000,7389.02000,1944.00000
2026-06-24 09:00:00+00:00,7389.39000,7393.77000,7386.02000,7392.77000,2258.00000
2026-06-24 09:15:00+00:00,7393.02000,7393.27000,7384.77000,7388.64000,1934.00000
2026-06-24 09:30:00+00:00,7388.77000,7390.02000,7382.52000,7383.02000,1862.00000
2026-06-24 09:45:00+00:00,7382.89000,7390.52000,7381.02000,7389.52000,1778.00000
2026-06-24 10:00:00+00:00,7389.27000,7389.52000,7384.02000,7389.27000,2228.00000
2026-06-24 10:15:00+00:00,7389.14000,7392.02000,7388.77000,7392.02000,1816.00000
2026-06-24 10:30:00+00:00,7392.14000,7400.02000,7391.27000,7396.77000,1722.00000
2026-06-24 10:45:00+00:00,7396.89000,7397.52000,7389.02000,7390.52000,1624.00000
2026-06-24 11:00:00+00:00,7390.27000,7397.27000,7389.52000,7389.77000,2032.00000
2026-06-24 11:15:00+00:00,7390.02000,7390.77000,7385.52000,7389.14000,2020.00000
2026-06-24 11:30:00+00:00,7389.27000,7400.14000,7389.02000,7397.02000,2104.00000
2026-06-24 11:45:00+00:00,7396.89000,7406.52000,7396.02000,7405.52000,2738.00000
2026-06-24 12:00:00+00:00,7405.39000,7406.14000,7400.02000,7402.02000,2448.00000
2026-06-24 12:15:00+00:00,7402.27000,7408.27000,7398.77000,7406.52000,2348.00000
2026-06-24 12:30:00+00:00,7406.39000,7408.52000,7394.52000,7395.77000,2166.00000
2026-06-24 12:45:00+00:00,7395.52000,7397.02000,7389.52000,7392.27000,1746.00000
2026-06-24 13:00:00+00:00,7392.52000,7397.27000,7383.52000,7384.52000,2794.00000
2026-06-24 13:15:00+00:00,7384.77000,7390.77000,7380.52000,7389.02000,2854.00000
2026-06-24 13:30:00+00:00,7387.52000,7409.77000,7380.27000,7394.27000,7526.00000
2026-06-24 13:45:00+00:00,7394.52000,7414.02000,7379.52000,7396.27000,7714.00000
2026-06-24 14:00:00+00:00,7396.64000,7402.02000,7388.77000,7393.02000,7476.00000
2026-06-24 14:15:00+00:00,7392.77000,7407.52000,7378.02000,7402.77000,6050.00000
2026-06-24 14:30:00+00:00,7402.52000,7414.77000,7399.27000,7414.52000,5782.00000
2026-06-24 14:45:00+00:00,7414.27000,7435.77000,7413.52000,7435.27000,4600.00000
2026-06-24 15:00:00+00:00,7435.52000,7438.02000,7418.02000,7423.52000,3978.00000
2026-06-24 15:15:00+00:00,7423.27000,7435.27000,7420.02000,7435.27000,4056.00000
2026-06-24 15:30:00+00:00,7435.02000,7438.02000,7419.77000,7423.27000,4202.00000
2026-06-24 15:45:00+00:00,7423.02000,7431.27000,7416.64000,7421.77000,4112.00000
2026-06-24 16:00:00+00:00,7422.02000,7427.02000,7416.52000,7423.02000,3390.00000
2026-06-24 16:15:00+00:00,7423.27000,7426.77000,7418.27000,7419.27000,3192.00000
2026-06-24 16:30:00+00:00,7419.02000,7419.27000,7397.27000,7401.27000,4118.00000
2026-06-24 16:45:00+00:00,7401.02000,7406.02000,7392.27000,7394.52000,3548.00000
2026-06-24 17:00:00+00:00,7395.02000,7402.77000,7383.77000,7385.64000,3914.00000
2026-06-24 17:15:00+00:00,7385.52000,7389.27000,7357.52000,7358.52000,4924.00000
2026-06-24 17:30:00+00:00,7358.77000,7366.27000,7349.52000,7356.52000,5626.00000
2026-06-24 17:45:00+00:00,7356.27000,7368.77000,7352.14000,7355.77000,4864.00000
2026-06-24 18:00:00+00:00,7356.27000,7371.27000,7354.77000,7366.27000,5132.00000
2026-06-24 18:15:00+00:00,7366.52000,7384.77000,7366.27000,7381.52000,4366.00000
2026-06-24 18:30:00+00:00,7381.77000,7384.02000,7367.02000,7370.77000,4300.00000
2026-06-24 18:45:00+00:00,7370.52000,7370.52000,7350.02000,7357.02000,4358.00000
2026-06-24 19:00:00+00:00,7357.77000,7366.52000,7346.02000,7353.77000,4990.00000
2026-06-24 19:15:00+00:00,7354.02000,7361.27000,7349.52000,7357.77000,4734.00000
2026-06-24 19:30:00+00:00,7358.27000,7360.27000,7347.02000,7352.77000,4510.00000
2026-06-24 19:45:00+00:00,7352.52000,7372.74000,7352.02000,7370.74000,5086.00000
2026-06-24 20:00:00+00:00,7369.99000,7406.74000,7364.86000,7405.24000,6924.00000
2026-06-24 20:15:00+00:00,7404.99000,7415.49000,7402.49000,7412.24000,3636.00000
2026-06-24 20:30:00+00:00,7411.99000,7421.74000,7409.74000,7420.99000,2969.00000
2026-06-24 20:45:00+00:00,7420.86000,7423.74000,7416.24000,7417.99000,2718.00000
2026-06-24 22:00:00+00:00,7419.69000,7428.82000,7414.69000,7415.19000,2767.00000
2026-06-24 22:15:00+00:00,7415.32000,7417.32000,7410.57000,7410.57000,1930.00000
2026-06-24 22:30:00+00:00,7410.69000,7413.57000,7409.32000,7412.82000,1688.00000
2026-06-24 22:45:00+00:00,7413.07000,7413.19000,7408.19000,7408.57000,1220.00000
2026-06-24 23:00:00+00:00,7408.44000,7410.69000,7406.32000,7407.32000,1242.00000
2026-06-24 23:15:00+00:00,7407.19000,7413.07000,7406.32000,7410.57000,1018.00000
2026-06-24 23:30:00+00:00,7410.82000,7417.57000,7410.32000,7416.57000,1158.00000
2026-06-24 23:45:00+00:00,7416.44000,7420.32000,7411.82000,7413.94000,2526.00000
2026-06-25 00:00:00+00:00,7414.57000,7415.32000,7407.07000,7413.19000,4430.00000
2026-06-25 00:15:00+00:00,7413.07000,7414.44000,7406.82000,7408.44000,4034.00000
2026-06-25 00:30:00+00:00,7408.32000,7409.19000,7396.32000,7399.32000,3712.00000
2026-06-25 00:45:00+00:00,7399.07000,7402.57000,7395.32000,7397.07000,3624.00000
2026-06-25 01:00:00+00:00,7397.32000,7401.32000,7394.44000,7398.07000,4146.00000
2026-06-25 01:15:00+00:00,7397.82000,7402.07000,7396.32000,7398.57000,3532.00000
2026-06-25 01:30:00+00:00,7398.82000,7408.44000,7398.19000,7403.07000,3808.00000
2026-06-25 01:45:00+00:00,7402.69000,7407.32000,7401.69000,7402.32000,3044.00000
2026-06-25 02:00:00+00:00,7402.57000,7406.94000,7396.07000,7397.44000,3414.00000
2026-06-25 02:15:00+00:00,7397.57000,7405.07000,7395.07000,7403.44000,2836.00000
2026-06-25 02:30:00+00:00,7403.57000,7405.57000,7400.82000,7401.82000,2124.00000
2026-06-25 02:45:00+00:00,7401.69000,7406.07000,7400.82000,7405.69000,1804.00000
2026-06-25 03:00:00+00:00,7405.82000,7409.44000,7404.69000,7406.19000,2164.00000
2026-06-25 03:15:00+00:00,7406.32000,7410.44000,7402.69000,7408.82000,2182.00000
2026-06-25 03:30:00+00:00,7408.69000,7411.44000,7406.07000,7407.32000,2088.00000
2026-06-25 03:45:00+00:00,7407.07000,7411.82000,7406.32000,7411.44000,1774.00000
2026-06-25 04:00:00+00:00,7411.57000,7412.07000,7407.57000,7407.57000,1520.00000
2026-06-25 04:15:00+00:00,7407.69000,7409.32000,7404.57000,7406.07000,1776.00000
2026-06-25 04:30:00+00:00,7406.19000,7408.82000,7402.07000,7408.82000,1618.00000
2026-06-25 04:45:00+00:00,7408.94000,7410.07000,7405.32000,7406.57000,1314.00000
2026-06-25 05:00:00+00:00,7406.69000,7412.57000,7406.32000,7411.69000,1790.00000
2026-06-25 05:15:00+00:00,7411.82000,7415.82000,7410.82000,7415.57000,1552.00000
2026-06-25 05:30:00+00:00,7415.32000,7418.57000,7414.69000,7416.57000,1774.00000
2026-06-25 05:45:00+00:00,7416.69000,7416.82000,7412.82000,7414.07000,1444.00000
2026-06-25 06:00:00+00:00,7414.19000,7420.85000,7413.22000,7419.60000,1772.00000
2026-06-25 06:15:00+00:00,7419.47000,7424.35000,7419.10000,7422.35000,1552.00000
2026-06-25 06:30:00+00:00,7422.10000,7424.35000,7420.35000,7421.35000,1464.00000
2026-06-25 06:45:00+00:00,7421.60000,7423.60000,7419.35000,7420.10000,1200.00000
2026-06-25 07:00:00+00:00,7420.35000,7426.10000,7420.35000,7423.85000,2126.00000
2026-06-25 07:15:00+00:00,7424.10000,7430.85000,7423.85000,7427.97000,1584.00000
2026-06-25 07:30:00+00:00,7427.85000,7430.60000,7425.35000,7429.10000,1444.00000
2026-06-25 07:45:00+00:00,7429.22000,7430.35000,7426.60000,7430.35000,1360.00000
2026-06-25 08:00:00+00:00,7430.60000,7433.35000,7425.85000,7425.85000,2118.00000
2026-06-25 08:15:00+00:00,7425.97000,7427.60000,7422.60000,7425.72000,1786.00000
2026-06-25 08:30:00+00:00,7425.85000,7427.60000,7423.35000,7423.60000,1512.00000
2026-06-25 08:45:00+00:00,7423.47000,7424.10000,7417.85000,7418.97000,1372.00000
2026-06-25 09:00:00+00:00,7419.10000,7424.60000,7418.35000,7422.35000,1686.00000
2026-06-25 09:15:00+00:00,7422.22000,7424.10000,7418.85000,7421.10000,1556.00000
2026-06-25 09:30:00+00:00,7421.35000,7425.10000,7420.85000,7423.85000,1528.00000
2026-06-25 09:45:00+00:00,7423.72000,7426.60000,7422.47000,7422.85000,1178.00000
2026-06-25 10:00:00+00:00,7422.97000,7428.22000,7422.22000,7428.10000,1248.00000
2026-06-25 10:15:00+00:00,7428.22000,7428.85000,7425.60000,7428.35000,984.00000
2026-06-25 10:30:00+00:00,7428.60000,7429.60000,7424.10000,7424.47000,1374.00000
2026-06-25 10:45:00+00:00,7424.60000,7428.10000,7422.35000,7425.72000,1126.00000
2026-06-25 11:00:00+00:00,7425.85000,7429.35000,7422.60000,7422.60000,1804.00000
2026-06-25 11:15:00+00:00,7422.72000,7423.35000,7414.85000,7415.85000,1506.00000
2026-06-25 11:30:00+00:00,7416.10000,7421.10000,7414.35000,7419.72000,1504.00000
2026-06-25 11:45:00+00:00,7419.85000,7422.35000,7415.47000,7418.22000,1526.00000
2026-06-25 12:00:00+00:00,7418.10000,7424.85000,7416.85000,7418.85000,1858.00000
2026-06-25 12:15:00+00:00,7418.72000,7420.85000,7414.60000,7416.97000,1964.00000
2026-06-25 12:30:00+00:00,7416.60000,7437.97000,7416.47000,7427.35000,5220.00000
2026-06-25 12:45:00+00:00,7427.60000,7434.85000,7427.10000,7429.10000,3076.00000
2026-06-25 13:00:00+00:00,7429.35000,7430.85000,7422.85000,7425.85000,2372.00000
2026-06-25 13:15:00+00:00,7425.72000,7430.35000,7421.60000,7427.85000,2066.00000
2026-06-25 13:30:00+00:00,7427.60000,7432.47000,7378.60000,7380.85000,6594.00000
2026-06-25 13:45:00+00:00,7381.10000,7386.10000,7332.85000,7335.10000,9572.00000
2026-06-25 14:00:00+00:00,7335.60000,7396.35000,7334.85000,7379.47000,9348.00000
2026-06-25 14:15:00+00:00,7379.60000,7403.85000,7370.10000,7393.10000,9190.00000
2026-06-25 14:30:00+00:00,7392.85000,7409.85000,7386.60000,7392.85000,8934.00000
2026-06-25 14:45:00+00:00,7393.10000,7417.60000,7386.22000,7391.35000,8088.00000
2026-06-25 15:00:00+00:00,7391.60000,7404.35000,7365.10000,7368.35000,8298.00000
2026-06-25 15:15:00+00:00,7368.10000,7387.22000,7356.60000,7381.47000,8292.00000
2026-06-25 15:30:00+00:00,7381.85000,7393.60000,7377.72000,7386.10000,7886.00000
2026-06-25 15:45:00+00:00,7385.97000,7396.60000,7379.10000,7379.85000,6652.00000
2026-06-25 16:00:00+00:00,7380.35000,7400.35000,7375.10000,7395.60000,6714.00000
2026-06-25 16:15:00+00:00,7395.72000,7400.72000,7377.47000,7379.85000,5672.00000
2026-06-25 16:30:00+00:00,7379.97000,7380.35000,7358.22000,7359.97000,5934.00000
2026-06-25 16:45:00+00:00,7359.85000,7367.85000,7352.10000,7362.47000,5580.00000
2026-06-25 17:00:00+00:00,7362.85000,7374.60000,7358.60000,7369.60000,5786.00000
2026-06-25 17:15:00+00:00,7369.47000,7380.10000,7358.10000,7369.85000,5318.00000
2026-06-25 17:30:00+00:00,7370.10000,7375.35000,7362.35000,7363.60000,4720.00000
2026-06-25 17:45:00+00:00,7363.85000,7373.35000,7353.10000,7371.85000,5506.00000
2026-06-25 18:00:00+00:00,7371.72000,7377.60000,7350.72000,7369.85000,6552.00000
2026-06-25 18:15:00+00:00,7369.60000,7398.85000,7367.35000,7396.60000,5826.00000
2026-06-25 18:30:00+00:00,7396.47000,7396.60000,7373.60000,7377.10000,5834.00000
2026-06-25 18:45:00+00:00,7376.85000,7381.85000,7364.60000,7376.72000,5410.00000
2026-06-25 19:00:00+00:00,7376.60000,7377.10000,7361.10000,7361.60000,5540.00000
2026-06-25 19:15:00+00:00,7361.35000,7366.85000,7356.60000,7361.85000,5486.00000
2026-06-25 19:30:00+00:00,7361.97000,7363.10000,7353.97000,7357.85000,5108.00000
2026-06-25 19:45:00+00:00,7357.60000,7371.57000,7351.10000,7371.32000,5610.00000
2026-06-25 20:00:00+00:00,7371.07000,7393.82000,7370.82000,7380.32000,3872.00000
2026-06-25 20:15:00+00:00,7380.57000,7396.07000,7380.07000,7388.94000,1792.00000
2026-06-25 20:30:00+00:00,7388.82000,7389.32000,7382.32000,7382.82000,1110.00000
2026-06-25 20:45:00+00:00,7382.94000,7383.32000,7375.57000,7377.19000,708.00000
2026-06-25 22:00:00+00:00,7375.42000,7378.42000,7360.05000,7363.42000,2646.00000
2026-06-25 22:15:00+00:00,7363.55000,7368.55000,7359.80000,7360.05000,2060.00000
2026-06-25 22:30:00+00:00,7360.17000,7365.80000,7359.05000,7365.17000,1662.00000
2026-06-25 22:45:00+00:00,7365.30000,7369.05000,7362.42000,7368.30000,1192.00000
2026-06-25 23:00:00+00:00,7368.17000,7376.42000,7367.55000,7376.30000,1244.00000
2026-06-25 23:15:00+00:00,7376.42000,7396.92000,7374.80000,7392.67000,2982.00000
2026-06-25 23:30:00+00:00,7393.30000,7394.17000,7373.17000,7373.42000,2212.00000
2026-06-25 23:45:00+00:00,7373.30000,7373.42000,7360.30000,7366.80000,3188.00000
2026-06-26 00:00:00+00:00,7366.67000,7377.17000,7362.67000,7375.05000,5378.00000
2026-06-26 00:15:00+00:00,7375.17000,7377.55000,7363.55000,7372.30000,5618.00000
2026-06-26 00:30:00+00:00,7372.17000,7373.55000,7364.92000,7368.80000,5620.00000
2026-06-26 00:45:00+00:00,7368.67000,7372.30000,7361.80000,7364.30000,4872.00000
2026-06-26 01:00:00+00:00,7364.67000,7370.42000,7354.30000,7364.80000,5896.00000
2026-06-26 01:15:00+00:00,7364.67000,7370.80000,7359.55000,7360.55000,4476.00000
2026-06-26 01:30:00+00:00,7360.80000,7361.67000,7345.30000,7346.05000,4938.00000
2026-06-26 01:45:00+00:00,7345.80000,7350.30000,7338.05000,7342.67000,4562.00000
2026-06-26 02:00:00+00:00,7343.42000,7344.55000,7335.05000,7337.30000,4238.00000
2026-06-26 02:15:00+00:00,7337.17000,7339.80000,7329.05000,7331.80000,4358.00000
2026-06-26 02:30:00+00:00,7332.05000,7332.80000,7321.17000,7324.55000,4014.00000
2026-06-26 02:45:00+00:00,7324.30000,7324.30000,7309.80000,7313.92000,4562.00000
2026-06-26 03:00:00+00:00,7313.67000,7314.42000,7308.30000,7312.05000,4318.00000
2026-06-26 03:15:00+00:00,7312.17000,7313.92000,7308.30000,7311.42000,2904.00000
2026-06-26 03:30:00+00:00,7311.17000,7312.55000,7300.05000,7312.55000,4668.00000
2026-06-26 03:45:00+00:00,7312.42000,7326.30000,7309.55000,7325.92000,4690.00000
2026-06-26 04:00:00+00:00,7326.80000,7328.30000,7321.30000,7324.17000,4782.00000
2026-06-26 04:15:00+00:00,7324.05000,7328.05000,7314.17000,7319.42000,3960.00000
2026-06-26 04:30:00+00:00,7319.17000,7322.55000,7311.80000,7316.05000,3554.00000
2026-06-26 04:45:00+00:00,7316.17000,7316.17000,7308.55000,7310.55000,2956.00000
2026-06-26 05:00:00+00:00,7310.67000,7319.42000,7307.55000,7319.42000,4234.00000
2026-06-26 05:15:00+00:00,7319.30000,7322.80000,7316.30000,7321.80000,3564.00000
2026-06-26 05:30:00+00:00,7321.67000,7325.80000,7310.67000,7310.80000,3432.00000
2026-06-26 05:45:00+00:00,7310.92000,7318.80000,7308.30000,7315.05000,3036.00000
2026-06-26 06:00:00+00:00,7314.92000,7319.33000,7312.08000,7318.70000,3434.00000
2026-06-26 06:15:00+00:00,7318.58000,7329.95000,7318.58000,7329.58000,2902.00000
2026-06-26 06:30:00+00:00,7329.08000,7338.70000,7326.95000,7338.33000,2738.00000
2026-06-26 06:45:00+00:00,7338.20000,7352.33000,7337.33000,7347.08000,2536.00000
2026-06-26 07:00:00+00:00,7347.45000,7349.08000,7337.83000,7345.33000,3420.00000
2026-06-26 07:15:00+00:00,7345.45000,7352.58000,7344.08000,7352.33000,3112.00000
2026-06-26 07:30:00+00:00,7352.58000,7356.70000,7349.33000,7349.58000,2648.00000
2026-06-26 07:45:00+00:00,7349.83000,7354.95000,7347.58000,7353.70000,2310.00000
2026-06-26 08:00:00+00:00,7354.20000,7358.33000,7344.08000,7345.83000,3648.00000
2026-06-26 08:15:00+00:00,7345.70000,7351.95000,7343.33000,7350.58000,3066.00000
2026-06-26 08:30:00+00:00,7350.45000,7350.83000,7340.33000,7340.83000,2894.00000
2026-06-26 08:45:00+00:00,7340.70000,7341.58000,7325.45000,7331.45000,3074.00000
2026-06-26 09:00:00+00:00,7331.58000,7332.83000,7325.20000,7331.33000,3458.00000
2026-06-26 09:15:00+00:00,7331.45000,7332.83000,7323.08000,7326.33000,3348.00000
2026-06-26 09:30:00+00:00,7326.45000,7338.58000,7322.83000,7335.33000,2926.00000
2026-06-26 09:45:00+00:00,7335.45000,7339.33000,7327.08000,7328.33000,2882.00000
2026-06-26 10:00:00+00:00,7328.45000,7331.58000,7319.83000,7329.83000,3140.00000
2026-06-26 10:15:00+00:00,7329.95000,7332.08000,7323.83000,7329.20000,2270.00000
2026-06-26 10:30:00+00:00,7329.33000,7332.08000,7326.83000,7328.33000,2588.00000
2026-06-26 10:45:00+00:00,7328.08000,7331.58000,7326.08000,7329.45000,2342.00000
2026-06-26 11:00:00+00:00,7329.33000,7337.58000,7326.70000,7333.83000,3246.00000
2026-06-26 11:15:00+00:00,7333.58000,7333.70000,7326.95000,7329.33000,2674.00000
2026-06-26 11:30:00+00:00,7329.58000,7333.58000,7327.83000,7328.70000,2616.00000
2026-06-26 11:45:00+00:00,7328.83000,7331.83000,7320.83000,7327.70000,2720.00000
2026-06-26 12:00:00+00:00,7327.58000,7344.08000,7325.95000,7341.20000,2958.00000
2026-06-26 12:15:00+00:00,7341.33000,7346.83000,7332.83000,7337.83000,3032.00000
2026-06-26 12:30:00+00:00,7337.58000,7340.08000,7326.58000,7327.08000,2956.00000
2026-06-26 12:45:00+00:00,7326.95000,7329.45000,7323.33000,7326.83000,2604.00000
2026-06-26 13:00:00+00:00,7327.08000,7328.08000,7316.33000,7319.83000,2852.00000
2026-06-26 13:15:00+00:00,7319.95000,7325.33000,7308.08000,7323.83000,4626.00000
2026-06-26 13:30:00+00:00,7322.08000,7331.08000,7303.08000,7327.08000,9080.00000
2026-06-26 13:45:00+00:00,7327.33000,7348.33000,7314.33000,7344.45000,8848.00000
2026-06-26 14:00:00+00:00,7344.33000,7370.83000,7341.95000,7368.58000,8042.00000
2026-06-26 14:15:00+00:00,7368.33000,7379.08000,7361.08000,7371.70000,6602.00000
2026-06-26 14:30:00+00:00,7371.83000,7375.83000,7352.33000,7358.08000,6160.00000
2026-06-26 14:45:00+00:00,7358.20000,7369.83000,7354.83000,7361.08000,6822.00000
2026-06-26 15:00:00+00:00,7360.83000,7370.58000,7356.08000,7357.33000,5976.00000
2026-06-26 15:15:00+00:00,7357.08000,7383.58000,7352.58000,7383.58000,5050.00000
2026-06-26 15:30:00+00:00,7383.45000,7402.20000,7380.58000,7399.33000,5044.00000
2026-06-26 15:45:00+00:00,7399.58000,7401.58000,7378.33000,7390.58000,5676.00000
2026-06-26 16:00:00+00:00,7390.83000,7392.08000,7374.58000,7377.70000,5252.00000
2026-06-26 16:15:00+00:00,7377.58000,7383.08000,7363.83000,7370.33000,5558.00000
2026-06-26 16:30:00+00:00,7370.08000,7384.33000,7370.08000,7376.83000,4602.00000
2026-06-26 16:45:00+00:00,7377.08000,7385.58000,7375.08000,7381.08000,3914.00000
2026-06-26 17:00:00+00:00,7381.45000,7395.33000,7378.08000,7387.45000,4138.00000
2026-06-26 17:15:00+00:00,7387.33000,7388.08000,7374.33000,7383.83000,3506.00000
2026-06-26 17:30:00+00:00,7383.70000,7390.33000,7372.45000,7378.83000,4586.00000
2026-06-26 17:45:00+00:00,7378.58000,7380.58000,7370.83000,7373.08000,3722.00000
2026-06-26 18:00:00+00:00,7373.58000,7382.33000,7372.58000,7376.83000,4476.00000
2026-06-26 18:15:00+00:00,7376.70000,7378.58000,7363.33000,7364.33000,3286.00000
2026-06-26 18:30:00+00:00,7364.58000,7372.58000,7363.58000,7363.83000,3168.00000
2026-06-26 18:45:00+00:00,7363.58000,7363.58000,7348.20000,7351.83000,3862.00000
2026-06-26 19:00:00+00:00,7352.33000,7363.83000,7349.58000,7363.58000,3962.00000
2026-06-26 19:15:00+00:00,7363.45000,7365.83000,7354.08000,7357.95000,3820.00000
2026-06-26 19:30:00+00:00,7358.58000,7369.58000,7353.58000,7368.83000,4146.00000
2026-06-26 19:45:00+00:00,7369.08000,7374.83000,7313.42000,7315.42000,5774.00000
2026-06-26 20:00:00+00:00,7321.31000,7356.55000,7317.42000,7355.05000,6510.00000
2026-06-26 20:15:00+00:00,7355.30000,7363.30000,7353.55000,7358.55000,2998.00000
2026-06-26 20:30:00+00:00,7358.67000,7359.55000,7340.42000,7342.80000,4336.00000
2026-06-26 20:45:00+00:00,7342.30000,7347.80000,7338.80000,7343.80000,2556.00000
2026-06-28 22:00:00+00:00,7351.13000,7383.01000,7348.01000,7380.88000,4303.00000
2026-06-28 22:15:00+00:00,7381.01000,7382.76000,7373.13000,7380.38000,2696.00000
2026-06-28 22:30:00+00:00,7380.26000,7383.63000,7379.88000,7383.26000,2058.00000
2026-06-28 22:45:00+00:00,7383.38000,7384.01000,7379.76000,7380.01000,1388.00000
2026-06-28 23:00:00+00:00,7379.88000,7394.01000,7378.51000,7391.88000,2734.00000
2026-06-28 23:15:00+00:00,7391.76000,7397.13000,7389.88000,7395.26000,1524.00000
2026-06-28 23:30:00+00:00,7395.01000,7399.01000,7394.88000,7397.76000,1166.00000
2026-06-28 23:45:00+00:00,7397.63000,7401.26000,7392.63000,7393.01000,2732.00000
2026-06-29 00:00:00+00:00,7392.63000,7393.01000,7378.26000,7381.88000,6604.00000
2026-06-29 00:15:00+00:00,7381.76000,7384.13000,7368.26000,7368.76000,5776.00000
2026-06-29 00:30:00+00:00,7369.01000,7381.88000,7368.01000,7380.88000,5866.00000
2026-06-29 00:45:00+00:00,7380.76000,7385.63000,7368.76000,7384.26000,5264.00000
2026-06-29 01:00:00+00:00,7384.13000,7386.01000,7376.26000,7382.51000,5398.00000
2026-06-29 01:15:00+00:00,7382.38000,7382.88000,7372.76000,7375.01000,5458.00000
2026-06-29 01:30:00+00:00,7375.26000,7388.26000,7372.51000,7386.01000,5584.00000
2026-06-29 01:45:00+00:00,7385.88000,7387.51000,7380.51000,7384.13000,4958.00000
2026-06-29 02:00:00+00:00,7384.26000,7385.26000,7367.38000,7368.38000,4678.00000
2026-06-29 02:15:00+00:00,7368.26000,7386.63000,7366.51000,7385.51000,4450.00000
2026-06-29 02:30:00+00:00,7385.63000,7389.26000,7383.76000,7387.26000,3442.00000
2026-06-29 02:45:00+00:00,7387.38000,7388.76000,7385.51000,7386.26000,2716.00000
2026-06-29 03:00:00+00:00,7386.51000,7395.51000,7386.51000,7390.26000,2380.00000
2026-06-29 03:15:00+00:00,7390.13000,7392.01000,7388.76000,7390.26000,2112.00000
2026-06-29 03:30:00+00:00,7390.01000,7391.63000,7379.76000,7382.51000,3368.00000
2026-06-29 03:45:00+00:00,7382.38000,7398.26000,7381.51000,7396.01000,3524.00000
2026-06-29 04:00:00+00:00,7395.88000,7396.01000,7390.26000,7390.76000,2598.00000
2026-06-29 04:15:00+00:00,7390.88000,7393.51000,7387.26000,7389.88000,2402.00000
2026-06-29 04:30:00+00:00,7389.76000,7391.51000,7385.26000,7387.13000,2832.00000
2026-06-29 04:45:00+00:00,7387.01000,7390.88000,7385.51000,7387.76000,2914.00000
2026-06-29 05:00:00+00:00,7388.13000,7390.51000,7384.63000,7390.51000,4038.00000
2026-06-29 05:15:00+00:00,7390.38000,7392.51000,7386.26000,7388.26000,3184.00000
2026-06-29 05:30:00+00:00,7388.51000,7399.51000,7387.51000,7398.63000,3064.00000
2026-06-29 05:45:00+00:00,7398.76000,7403.76000,7395.51000,7402.76000,2894.00000
2026-06-29 06:00:00+00:00,7403.01000,7403.38000,7391.04000,7393.29000,3288.00000
2026-06-29 06:15:00+00:00,7393.16000,7398.04000,7392.29000,7396.29000,2294.00000
2026-06-29 06:30:00+00:00,7396.41000,7400.29000,7395.29000,7397.54000,2186.00000
2026-06-29 06:45:00+00:00,7397.41000,7397.79000,7389.91000,7392.04000,1676.00000
2026-06-29 07:00:00+00:00,7392.29000,7392.41000,7382.29000,7388.66000,3376.00000
2026-06-29 07:15:00+00:00,7388.54000,7397.54000,7388.54000,7396.04000,2740.00000
2026-06-29 07:30:00+00:00,7395.91000,7399.04000,7392.29000,7396.41000,2378.00000
2026-06-29 07:45:00+00:00,7396.54000,7398.29000,7394.04000,7396.91000,2474.00000
2026-06-29 08:00:00+00:00,7397.54000,7405.54000,7395.79000,7403.54000,3734.00000
2026-06-29 08:15:00+00:00,7403.41000,7409.29000,7400.79000,7402.04000,3084.00000
2026-06-29 08:30:00+00:00,7401.91000,7407.54000,7399.79000,7400.54000,2834.00000
2026-06-29 08:45:00+00:00,7400.41000,7403.29000,7396.29000,7397.29000,2104.00000
2026-06-29 09:00:00+00:00,7397.04000,7400.29000,7396.16000,7399.29000,2384.00000
2026-06-29 09:15:00+00:00,7399.16000,7404.29000,7397.79000,7403.54000,1970.00000
2026-06-29 09:30:00+00:00,7403.66000,7404.79000,7399.29000,7401.16000,1916.00000
2026-06-29 09:45:00+00:00,7401.04000,7402.04000,7393.29000,7400.29000,2518.00000
2026-06-29 10:00:00+00:00,7400.54000,7406.79000,7400.54000,7402.41000,2189.00000
2026-06-29 10:15:00+00:00,7402.54000,7405.79000,7398.29000,7405.79000,1762.00000
2026-06-29 10:30:00+00:00,7406.04000,7410.54000,7404.79000,7407.54000,1872.00000
2026-06-29 10:45:00+00:00,7407.29000,7412.29000,7402.41000,7411.54000,1602.00000
2026-06-29 11:00:00+00:00,7411.04000,7416.29000,7408.29000,7409.04000,1930.00000
2026-06-29 11:15:00+00:00,7408.79000,7410.04000,7403.79000,7407.54000,2016.00000
2026-06-29 11:30:00+00:00,7407.66000,7418.54000,7406.29000,7410.29000,2858.00000
2026-06-29 11:45:00+00:00,7410.16000,7414.41000,7408.16000,7409.04000,1914.00000
2026-06-29 12:00:00+00:00,7409.16000,7413.29000,7407.16000,7411.79000,2248.00000
2026-06-29 12:15:00+00:00,7411.66000,7414.04000,7409.54000,7411.29000,2046.00000
2026-06-29 12:30:00+00:00,7411.16000,7413.29000,7400.91000,7404.79000,2592.00000
2026-06-29 12:45:00+00:00,7405.04000,7409.79000,7403.29000,7409.79000,2236.00000
2026-06-29 13:00:00+00:00,7410.41000,7414.04000,7408.79000,7413.29000,1714.00000
2026-06-29 13:15:00+00:00,7413.04000,7414.54000,7400.54000,7403.04000,1834.00000
2026-06-29 13:30:00+00:00,7402.79000,7429.29000,7390.29000,7429.04000,7743.00000
2026-06-29 13:45:00+00:00,7428.79000,7435.04000,7399.54000,7404.29000,6932.00000
2026-06-29 14:00:00+00:00,7405.54000,7406.29000,7361.29000,7361.41000,8349.00000
2026-06-29 14:15:00+00:00,7361.29000,7396.29000,7354.79000,7395.04000,8398.00000
2026-06-29 14:30:00+00:00,7394.79000,7413.04000,7393.79000,7405.54000,6780.00000
2026-06-29 14:45:00+00:00,7405.29000,7418.04000,7393.54000,7413.79000,6888.00000
2026-06-29 15:00:00+00:00,7414.04000,7415.04000,7400.29000,7409.54000,5632.00000
2026-06-29 15:15:00+00:00,7409.79000,7413.29000,7399.04000,7412.79000,4848.00000
2026-06-29 15:30:00+00:00,7413.29000,7420.29000,7407.29000,7420.04000,3708.00000
2026-06-29 15:45:00+00:00,7419.79000,7421.29000,7413.29000,7420.79000,2586.00000
2026-06-29 16:00:00+00:00,7421.04000,7427.29000,7420.29000,7421.04000,2326.00000
2026-06-29 16:15:00+00:00,7421.54000,7424.79000,7418.79000,7419.54000,1842.00000
2026-06-29 16:30:00+00:00,7419.79000,7421.79000,7415.79000,7421.04000,1782.00000
2026-06-29 16:45:00+00:00,7420.79000,7425.54000,7417.79000,7423.04000,1586.00000
2026-06-29 17:00:00+00:00,7423.29000,7438.29000,7423.04000,7436.04000,1548.00000
2026-06-29 17:15:00+00:00,7436.29000,7440.29000,7430.79000,7437.29000,1792.00000
2026-06-29 17:30:00+00:00,7437.04000,7442.29000,7435.79000,7438.79000,1470.00000
2026-06-29 17:45:00+00:00,7438.91000,7444.29000,7437.04000,7439.79000,1110.00000
2026-06-29 18:00:00+00:00,7440.04000,7443.54000,7438.04000,7441.29000,1276.00000
2026-06-29 18:15:00+00:00,7441.04000,7441.79000,7437.04000,7437.79000,1252.00000
2026-06-29 18:30:00+00:00,7438.29000,7446.29000,7437.29000,7445.54000,1316.00000
2026-06-29 18:45:00+00:00,7445.29000,7447.54000,7441.54000,7442.54000,1040.00000
2026-06-29 19:00:00+00:00,7442.79000,7444.79000,7440.54000,7441.04000,1406.00000
2026-06-29 19:15:00+00:00,7440.79000,7446.04000,7438.79000,7443.54000,1214.00000
2026-06-29 19:30:00+00:00,7444.04000,7444.29000,7439.04000,7441.04000,1096.00000
2026-06-29 19:45:00+00:00,7440.79000,7450.51000,7437.29000,7442.76000,2396.00000
2026-06-29 20:00:00+00:00,7442.51000,7444.51000,7437.26000,7443.26000,1716.00000
2026-06-29 20:15:00+00:00,7443.51000,7445.51000,7442.26000,7442.76000,512.00000
2026-06-29 20:30:00+00:00,7443.01000,7443.01000,7438.26000,7439.51000,296.00000
2026-06-29 20:45:00+00:00,7439.26000,7441.01000,7436.76000,7440.26000,338.00000
2026-06-29 22:00:00+00:00,7439.90000,7442.90000,7436.40000,7439.90000,2280.00000
2026-06-29 22:15:00+00:00,7440.15000,7442.65000,7438.65000,7439.77000,808.00000
2026-06-29 22:30:00+00:00,7439.90000,7442.65000,7437.15000,7441.65000,930.00000
2026-06-29 22:45:00+00:00,7441.77000,7441.90000,7439.15000,7440.40000,550.00000
2026-06-29 23:00:00+00:00,7440.27000,7444.52000,7439.65000,7441.90000,800.00000
2026-06-29 23:15:00+00:00,7442.02000,7443.15000,7440.90000,7441.90000,624.00000
2026-06-29 23:30:00+00:00,7441.77000,7444.15000,7440.90000,7441.90000,720.00000
2026-06-29 23:45:00+00:00,7441.77000,7442.65000,7437.40000,7441.15000,1532.00000
2026-06-30 00:00:00+00:00,7440.90000,7446.65000,7437.15000,7445.15000,4598.00000
2026-06-30 00:15:00+00:00,7445.02000,7446.90000,7434.90000,7436.40000,3644.00000
2026-06-30 00:30:00+00:00,7436.65000,7437.15000,7427.65000,7430.40000,4566.00000
2026-06-30 00:45:00+00:00,7430.52000,7438.90000,7429.65000,7438.40000,3736.00000
2026-06-30 01:00:00+00:00,7438.90000,7439.65000,7429.90000,7431.90000,3790.00000
2026-06-30 01:15:00+00:00,7432.15000,7444.65000,7430.90000,7444.65000,3292.00000
2026-06-30 01:30:00+00:00,7444.52000,7447.02000,7437.90000,7443.40000,3670.00000
2026-06-30 01:45:00+00:00,7443.15000,7444.40000,7439.40000,7444.02000,2890.00000
2026-06-30 02:00:00+00:00,7443.90000,7444.40000,7437.15000,7437.90000,2250.00000
2026-06-30 02:15:00+00:00,7438.02000,7441.40000,7433.90000,7439.90000,2242.00000
2026-06-30 02:30:00+00:00,7439.77000,7441.90000,7437.65000,7438.40000,1860.00000
2026-06-30 02:45:00+00:00,7438.27000,7440.65000,7436.40000,7436.90000,1528.00000
2026-06-30 03:00:00+00:00,7437.02000,7440.65000,7436.02000,7439.02000,1306.00000
2026-06-30 03:15:00+00:00,7439.15000,7442.90000,7439.15000,7442.15000,1146.00000
2026-06-30 03:30:00+00:00,7442.27000,7450.40000,7441.15000,7449.65000,1964.00000
2026-06-30 03:45:00+00:00,7449.52000,7452.52000,7447.27000,7447.40000,1640.00000
2026-06-30 04:00:00+00:00,7447.52000,7453.52000,7447.15000,7452.40000,1446.00000
2026-06-30 04:15:00+00:00,7452.52000,7454.65000,7451.40000,7454.65000,1038.00000
2026-06-30 04:30:00+00:00,7454.40000,7458.90000,7453.65000,7458.52000,1124.00000
2026-06-30 04:45:00+00:00,7458.65000,7459.15000,7455.90000,7456.65000,1464.00000
2026-06-30 05:00:00+00:00,7456.77000,7459.90000,7456.40000,7458.40000,1672.00000
2026-06-30 05:15:00+00:00,7458.15000,7459.15000,7453.65000,7454.40000,1598.00000
2026-06-30 05:30:00+00:00,7454.65000,7454.65000,7449.40000,7452.40000,2172.00000
2026-06-30 05:45:00+00:00,7452.52000,7456.65000,7452.02000,7456.15000,1748.00000
2026-06-30 06:00:00+00:00,7456.27000,7457.15000,7452.93000,7454.18000,1796.00000
2026-06-30 06:15:00+00:00,7454.30000,7454.68000,7448.55000,7453.93000,1760.00000
2026-06-30 06:30:00+00:00,7453.80000,7454.43000,7447.43000,7448.68000,1858.00000
2026-06-30 06:45:00+00:00,7448.93000,7454.68000,7448.55000,7454.43000,1128.00000
2026-06-30 07:00:00+00:00,7454.68000,7458.43000,7451.18000,7451.68000,2354.00000
2026-06-30 07:15:00+00:00,7451.80000,7455.18000,7450.18000,7453.43000,1686.00000
2026-06-30 07:30:00+00:00,7453.55000,7455.93000,7452.55000,7452.93000,1520.00000
2026-06-30 07:45:00+00:00,7452.68000,7452.68000,7446.68000,7447.68000,1762.00000
2026-06-30 08:00:00+00:00,7447.55000,7454.43000,7447.30000,7448.68000,2696.00000
2026-06-30 08:15:00+00:00,7448.43000,7454.93000,7445.18000,7454.43000,2040.00000
2026-06-30 08:30:00+00:00,7454.55000,7455.93000,7440.68000,7444.43000,2882.00000
2026-06-30 08:45:00+00:00,7444.55000,7448.43000,7439.93000,7447.68000,2058.00000
2026-06-30 09:00:00+00:00,7447.80000,7450.43000,7446.43000,7449.55000,1754.00000
2026-06-30 09:15:00+00:00,7449.68000,7451.55000,7448.30000,7448.43000,1630.00000
2026-06-30 09:30:00+00:00,7448.68000,7451.43000,7444.43000,7450.43000,1876.00000
2026-06-30 09:45:00+00:00,7450.68000,7453.93000,7450.68000,7451.93000,1492.00000
2026-06-30 10:00:00+00:00,7452.05000,7454.43000,7449.68000,7452.93000,1406.00000
2026-06-30 10:15:00+00:00,7452.80000,7454.68000,7451.93000,7453.93000,1100.00000
2026-06-30 10:30:00+00:00,7454.05000,7454.80000,7450.18000,7452.93000,1424.00000
2026-06-30 10:45:00+00:00,7452.55000,7460.68000,7451.18000,7458.93000,1138.00000
2026-06-30 11:00:00+00:00,7458.68000,7462.68000,7456.93000,7462.43000,1314.00000
2026-06-30 11:15:00+00:00,7462.18000,7463.18000,7454.93000,7457.43000,1492.00000
2026-06-30 11:30:00+00:00,7457.30000,7460.93000,7455.68000,7460.18000,1472.00000
2026-06-30 11:45:00+00:00,7460.05000,7463.18000,7456.18000,7456.43000,1336.00000
2026-06-30 12:00:00+00:00,7456.55000,7456.93000,7447.43000,7448.43000,2082.00000
2026-06-30 12:15:00+00:00,7448.18000,7448.93000,7441.68000,7441.93000,2232.00000
2026-06-30 12:30:00+00:00,7441.68000,7446.68000,7437.43000,7445.18000,2484.00000
2026-06-30 12:45:00+00:00,7445.30000,7447.68000,7442.43000,7442.68000,1900.00000
2026-06-30 13:00:00+00:00,7442.93000,7445.43000,7439.93000,7442.30000,1554.00000
2026-06-30 13:15:00+00:00,7442.18000,7446.43000,7438.18000,7446.18000,1658.00000
2026-06-30 13:30:00+00:00,7446.93000,7456.18000,7441.68000,7451.68000,5948.00000
2026-06-30 13:45:00+00:00,7451.93000,7472.55000,7449.43000,7472.55000,4673.00000
2026-06-30 14:00:00+00:00,7472.43000,7478.43000,7461.68000,7469.43000,4407.00000
2026-06-30 14:15:00+00:00,7469.18000,7479.18000,7466.43000,7478.18000,3358.00000
2026-06-30 14:30:00+00:00,7478.68000,7487.43000,7474.93000,7481.30000,2516.00000
2026-06-30 14:45:00+00:00,7481.43000,7481.43000,7462.68000,7466.18000,3802.00000
2026-06-30 15:00:00+00:00,7466.43000,7482.43000,7465.68000,7481.43000,2502.00000
2026-06-30 15:15:00+00:00,7481.18000,7487.18000,7476.93000,7486.43000,1994.00000
2026-06-30 15:30:00+00:00,7486.18000,7488.43000,7481.43000,7483.43000,1594.00000
2026-06-30 15:45:00+00:00,7483.68000,7493.43000,7483.68000,7491.43000,1246.00000
2026-06-30 16:00:00+00:00,7491.68000,7497.93000,7491.18000,7496.18000,980.00000
2026-06-30 16:15:00+00:00,7496.43000,7499.43000,7495.43000,7496.18000,818.00000
2026-06-30 16:30:00+00:00,7496.43000,7499.43000,7494.68000,7498.93000,792.00000
2026-06-30 16:45:00+00:00,7498.68000,7503.93000,7498.18000,7501.43000,802.00000
2026-06-30 17:00:00+00:00,7501.68000,7504.93000,7499.18000,7499.43000,552.00000
2026-06-30 17:15:00+00:00,7499.18000,7501.93000,7496.68000,7498.18000,706.00000
2026-06-30 17:30:00+00:00,7498.43000,7499.68000,7494.68000,7499.18000,666.00000
2026-06-30 17:45:00+00:00,7499.43000,7499.68000,7496.18000,7497.93000,540.00000
2026-06-30 18:00:00+00:00,7498.18000,7501.68000,7496.43000,7500.93000,942.00000
2026-06-30 18:15:00+00:00,7501.18000,7503.93000,7499.93000,7501.18000,810.00000
2026-06-30 18:30:00+00:00,7501.43000,7503.93000,7499.18000,7502.93000,730.00000
2026-06-30 18:45:00+00:00,7503.18000,7507.43000,7501.68000,7504.68000,796.00000
2026-06-30 19:00:00+00:00,7504.43000,7510.68000,7504.18000,7510.43000,766.00000
2026-06-30 19:15:00+00:00,7510.30000,7513.43000,7506.18000,7507.18000,902.00000
2026-06-30 19:30:00+00:00,7507.43000,7507.68000,7500.18000,7503.68000,1222.00000
2026-06-30 19:45:00+00:00,7503.93000,7509.68000,7491.90000,7492.15000,2516.00000
2026-06-30 20:00:00+00:00,7490.65000,7498.90000,7487.90000,7491.15000,2152.00000
2026-06-30 20:15:00+00:00,7490.90000,7492.77000,7486.90000,7488.40000,692.00000
2026-06-30 20:30:00+00:00,7488.15000,7489.40000,7486.40000,7486.40000,246.00000
2026-06-30 20:45:00+00:00,7486.15000,7487.65000,7484.15000,7487.15000,328.00000
2026-06-30 22:00:00+00:00,7489.19000,7493.69000,7489.19000,7492.82000,1554.00000
2026-06-30 22:15:00+00:00,7492.94000,7497.07000,7492.82000,7496.57000,702.00000
2026-06-30 22:30:00+00:00,7496.44000,7496.44000,7493.07000,7493.82000,642.00000
2026-06-30 22:45:00+00:00,7493.57000,7493.82000,7488.32000,7489.82000,504.00000
2026-06-30 23:00:00+00:00,7490.19000,7492.32000,7488.57000,7490.19000,710.00000
2026-06-30 23:15:00+00:00,7490.07000,7492.57000,7489.07000,7490.57000,490.00000
2026-06-30 23:30:00+00:00,7490.69000,7493.32000,7490.07000,7491.32000,756.00000
2026-06-30 23:45:00+00:00,7491.57000,7493.57000,7488.32000,7491.19000,1388.00000
2026-07-01 00:00:00+00:00,7491.32000,7493.82000,7489.82000,7490.82000,3388.00000
2026-07-01 00:15:00+00:00,7490.94000,7492.32000,7488.57000,7492.07000,2452.00000
2026-07-01 00:30:00+00:00,7491.94000,7495.07000,7491.82000,7493.82000,1852.00000
2026-07-01 00:45:00+00:00,7494.07000,7495.57000,7491.32000,7491.32000,1752.00000
2026-07-01 01:00:00+00:00,7491.57000,7492.07000,7481.32000,7485.82000,1946.00000
2026-07-01 01:15:00+00:00,7486.07000,7487.07000,7481.07000,7483.07000,3220.00000
2026-07-01 01:30:00+00:00,7482.94000,7485.32000,7480.57000,7481.57000,2634.00000
2026-07-01 01:45:00+00:00,7481.82000,7482.82000,7478.32000,7479.07000,1918.00000
2026-07-01 02:00:00+00:00,7479.32000,7479.57000,7468.44000,7470.32000,2226.00000
2026-07-01 02:15:00+00:00,7470.07000,7474.57000,7464.07000,7474.57000,1960.00000
2026-07-01 02:30:00+00:00,7474.32000,7477.32000,7472.57000,7476.69000,1190.00000
2026-07-01 02:45:00+00:00,7476.82000,7477.07000,7473.82000,7475.32000,1282.00000
2026-07-01 03:00:00+00:00,7475.57000,7479.57000,7474.82000,7479.07000,984.00000
2026-07-01 03:15:00+00:00,7479.32000,7479.57000,7473.32000,7473.94000,1238.00000
2026-07-01 03:30:00+00:00,7474.07000,7478.32000,7472.82000,7475.82000,1744.00000
2026-07-01 03:45:00+00:00,7475.69000,7480.32000,7475.69000,7479.07000,968.00000
2026-07-01 04:00:00+00:00,7478.94000,7478.94000,7474.32000,7474.57000,1392.00000
2026-07-01 04:15:00+00:00,7474.32000,7477.07000,7473.57000,7476.57000,1188.00000
2026-07-01 04:30:00+00:00,7476.69000,7478.07000,7474.07000,7477.32000,1212.00000
2026-07-01 04:45:00+00:00,7477.44000,7481.32000,7476.32000,7476.94000,898.00000
2026-07-01 05:00:00+00:00,7476.82000,7479.07000,7475.19000,7476.82000,1654.00000
2026-07-01 05:15:00+00:00,7477.07000,7477.57000,7474.07000,7474.82000,1288.00000
2026-07-01 05:30:00+00:00,7474.94000,7476.57000,7472.82000,7474.94000,1638.00000
2026-07-01 05:45:00+00:00,7474.82000,7476.32000,7472.32000,7473.82000,1510.00000
2026-07-01 06:00:00+00:00,7474.07000,7476.32000,7471.07000,7473.10000,1764.00000
2026-07-01 06:15:00+00:00,7473.22000,7474.35000,7468.35000,7472.35000,1042.00000
2026-07-01 06:30:00+00:00,7472.85000,7473.60000,7470.85000,7473.35000,1332.00000
2026-07-01 06:45:00+00:00,7473.22000,7475.60000,7469.35000,7470.85000,826.00000
2026-07-01 07:00:00+00:00,7470.60000,7471.85000,7460.60000,7462.10000,1714.00000
2026-07-01 07:15:00+00:00,7461.85000,7466.60000,7457.10000,7464.97000,2288.00000
2026-07-01 07:30:00+00:00,7465.10000,7468.35000,7464.10000,7465.97000,1298.00000
2026-07-01 07:45:00+00:00,7465.85000,7470.60000,7464.85000,7469.35000,1346.00000
2026-07-01 08:00:00+00:00,7469.60000,7471.60000,7465.60000,7470.72000,2014.00000
2026-07-01 08:15:00+00:00,7470.60000,7472.85000,7469.10000,7470.35000,1830.00000
2026-07-01 08:30:00+00:00,7470.60000,7474.72000,7468.85000,7474.10000,1626.00000
2026-07-01 08:45:00+00:00,7473.72000,7475.60000,7471.60000,7475.35000,1110.00000
2026-07-01 09:00:00+00:00,7475.10000,7475.35000,7468.60000,7472.10000,1572.00000
2026-07-01 09:15:00+00:00,7471.97000,7473.10000,7469.60000,7472.22000,1200.00000
2026-07-01 09:30:00+00:00,7472.10000,7474.35000,7471.10000,7473.60000,974.00000
2026-07-01 09:45:00+00:00,7473.85000,7477.72000,7473.60000,7477.35000,1012.00000
2026-07-01 10:00:00+00:00,7477.60000,7478.60000,7472.60000,7474.85000,1004.00000
2026-07-01 10:15:00+00:00,7474.97000,7481.60000,7474.97000,7481.10000,686.00000
2026-07-01 10:30:00+00:00,7480.85000,7483.10000,7477.85000,7480.85000,696.00000
2026-07-01 10:45:00+00:00,7480.72000,7484.10000,7479.85000,7482.60000,506.00000
2026-07-01 11:00:00+00:00,7482.35000,7486.35000,7482.35000,7483.85000,838.00000
2026-07-01 11:15:00+00:00,7484.10000,7485.35000,7482.10000,7482.60000,844.00000
2026-07-01 11:30:00+00:00,7482.35000,7482.85000,7478.60000,7481.85000,1050.00000
2026-07-01 11:45:00+00:00,7481.97000,7482.85000,7476.60000,7477.35000,924.00000
2026-07-01 12:00:00+00:00,7477.60000,7479.97000,7473.85000,7479.10000,1774.00000
2026-07-01 12:15:00+00:00,7479.47000,7484.35000,7479.47000,7482.35000,1606.00000
2026-07-01 12:30:00+00:00,7481.97000,7485.10000,7471.35000,7474.60000,4152.00000
2026-07-01 12:45:00+00:00,7474.47000,7478.35000,7472.10000,7475.10000,3430.00000
2026-07-01 13:00:00+00:00,7475.35000,7481.22000,7470.60000,7473.72000,3148.00000
2026-07-01 13:15:00+00:00,7473.85000,7485.85000,7473.60000,7478.60000,3380.00000
2026-07-01 13:30:00+00:00,7479.35000,7480.10000,7452.60000,7461.47000,7670.00000
2026-07-01 13:45:00+00:00,7461.35000,7482.97000,7458.10000,7482.72000,5212.00000
2026-07-01 14:00:00+00:00,7482.97000,7498.85000,7479.60000,7496.35000,3688.00000
2026-07-01 14:15:00+00:00,7496.10000,7500.10000,7493.35000,7498.10000,2370.00000
2026-07-01 14:30:00+00:00,7498.35000,7500.85000,7489.97000,7496.60000,2872.00000
2026-07-01 14:45:00+00:00,7496.35000,7500.35000,7486.85000,7499.85000,3414.00000
2026-07-01 15:00:00+00:00,7500.10000,7510.85000,7499.10000,7510.85000,2614.00000
2026-07-01 15:15:00+00:00,7511.10000,7524.10000,7510.60000,7523.85000,2052.00000
2026-07-01 15:30:00+00:00,7524.10000,7524.85000,7514.10000,7519.10000,1990.00000
2026-07-01 15:45:00+00:00,7518.85000,7520.10000,7514.60000,7518.85000,1810.00000
2026-07-01 16:00:00+00:00,7519.10000,7522.60000,7517.60000,7522.10000,1564.00000
2026-07-01 16:15:00+00:00,7521.85000,7525.35000,7519.60000,7520.85000,1422.00000
2026-07-01 16:30:00+00:00,7521.10000,7523.10000,7513.85000,7517.10000,1396.00000
2026-07-01 16:45:00+00:00,7516.85000,7519.10000,7504.10000,7506.10000,1874.00000
2026-07-01 17:00:00+00:00,7506.35000,7510.35000,7501.35000,7509.10000,2294.00000
2026-07-01 17:15:00+00:00,7509.35000,7514.85000,7508.10000,7510.35000,1538.00000
2026-07-01 17:30:00+00:00,7510.47000,7512.85000,7505.85000,7505.85000,1460.00000
2026-07-01 17:45:00+00:00,7506.10000,7508.35000,7502.85000,7503.10000,1580.00000
2026-07-01 18:00:00+00:00,7503.22000,7507.85000,7501.97000,7502.10000,1522.00000
2026-07-01 18:15:00+00:00,7501.85000,7506.60000,7498.10000,7502.60000,1400.00000
2026-07-01 18:30:00+00:00,7502.35000,7504.85000,7501.35000,7503.10000,1068.00000
2026-07-01 18:45:00+00:00,7502.85000,7503.35000,7495.85000,7499.85000,1430.00000
2026-07-01 19:00:00+00:00,7500.10000,7508.10000,7499.35000,7504.85000,1616.00000
2026-07-01 19:15:00+00:00,7505.10000,7507.35000,7500.35000,7500.35000,1258.00000
2026-07-01 19:30:00+00:00,7500.60000,7503.85000,7495.10000,7497.10000,1584.00000
2026-07-01 19:45:00+00:00,7496.85000,7498.60000,7483.35000,7488.32000,2620.00000
2026-07-01 20:00:00+00:00,7488.57000,7489.07000,7475.57000,7481.82000,2524.00000
2026-07-01 20:15:00+00:00,7481.57000,7481.82000,7477.57000,7478.57000,836.00000
2026-07-01 20:30:00+00:00,7478.32000,7479.32000,7472.32000,7476.82000,820.00000
2026-07-01 20:45:00+00:00,7477.32000,7478.82000,7475.32000,7478.82000,516.00000
2026-07-01 22:00:00+00:00,7483.17000,7485.67000,7478.92000,7478.92000,1876.00000
2026-07-01 22:15:00+00:00,7479.17000,7485.67000,7478.92000,7485.04000,882.00000
2026-07-01 22:30:00+00:00,7484.92000,7486.92000,7484.42000,7485.92000,696.00000
2026-07-01 22:45:00+00:00,7486.04000,7488.04000,7482.92000,7487.17000,796.00000
2026-07-01 23:00:00+00:00,7487.29000,7487.42000,7482.92000,7483.42000,776.00000
2026-07-01 23:15:00+00:00,7482.92000,7484.67000,7482.42000,7484.42000,620.00000
2026-07-01 23:30:00+00:00,7484.54000,7484.92000,7481.42000,7484.67000,774.00000
2026-07-01 23:45:00+00:00,7484.42000,7484.54000,7476.17000,7481.79000,2774.00000
2026-07-02 00:00:00+00:00,7481.17000,7481.17000,7469.92000,7476.17000,5454.00000
2026-07-02 00:15:00+00:00,7476.42000,7483.92000,7473.92000,7483.42000,4260.00000
2026-07-02 00:30:00+00:00,7483.67000,7485.67000,7476.92000,7477.42000,3330.00000
2026-07-02 00:45:00+00:00,7477.29000,7488.92000,7476.79000,7488.04000,3790.00000
2026-07-02 01:00:00+00:00,7488.42000,7496.67000,7486.92000,7496.42000,2646.00000
2026-07-02 01:15:00+00:00,7496.29000,7497.67000,7493.42000,7496.92000,2194.00000
2026-07-02 01:30:00+00:00,7497.42000,7501.92000,7496.42000,7500.92000,2356.00000
2026-07-02 01:45:00+00:00,7500.79000,7503.42000,7499.17000,7499.79000,2224.00000
2026-07-02 02:00:00+00:00,7499.67000,7503.92000,7498.42000,7503.92000,2036.00000
2026-07-02 02:15:00+00:00,7504.17000,7505.17000,7500.42000,7501.54000,1678.00000
2026-07-02 02:30:00+00:00,7501.67000,7503.92000,7500.17000,7503.17000,1908.00000
2026-07-02 02:45:00+00:00,7503.04000,7504.67000,7502.17000,7504.17000,1536.00000
2026-07-02 03:00:00+00:00,7504.42000,7504.92000,7499.17000,7501.17000,1452.00000
2026-07-02 03:15:00+00:00,7501.04000,7501.92000,7496.92000,7499.17000,1344.00000
2026-07-02 03:30:00+00:00,7498.92000,7504.42000,7498.54000,7500.17000,2484.00000
2026-07-02 03:45:00+00:00,7500.04000,7503.29000,7498.17000,7501.67000,2148.00000
2026-07-02 04:00:00+00:00,7501.92000,7503.17000,7496.17000,7496.29000,2060.00000
2026-07-02 04:15:00+00:00,7496.42000,7497.92000,7493.92000,7496.79000,1788.00000
2026-07-02 04:30:00+00:00,7496.92000,7496.92000,7489.29000,7489.67000,1862.00000
2026-07-02 04:45:00+00:00,7489.54000,7496.42000,7488.92000,7495.42000,2116.00000
2026-07-02 05:00:00+00:00,7495.67000,7500.42000,7493.17000,7499.54000,2434.00000
2026-07-02 05:15:00+00:00,7499.42000,7501.92000,7496.42000,7496.67000,2012.00000
2026-07-02 05:30:00+00:00,7496.92000,7496.92000,7488.79000,7489.92000,2886.00000
2026-07-02 05:45:00+00:00,7490.17000,7491.92000,7488.17000,7489.67000,2388.00000
2026-07-02 06:00:00+00:00,7489.92000,7491.67000,7480.45000,7480.70000,2474.00000
2026-07-02 06:15:00+00:00,7480.45000,7485.45000,7480.20000,7480.95000,2468.00000
2026-07-02 06:30:00+00:00,7481.07000,7486.95000,7480.70000,7482.45000,1806.00000
2026-07-02 06:45:00+00:00,7482.57000,7482.95000,7473.45000,7477.57000,2292.00000
2026-07-02 07:00:00+00:00,7477.70000,7479.20000,7467.20000,7468.20000,3050.00000
2026-07-02 07:15:00+00:00,7468.07000,7472.95000,7467.20000,7472.20000,3048.00000
2026-07-02 07:30:00+00:00,7472.45000,7483.70000,7471.57000,7482.95000,2404.00000
2026-07-02 07:45:00+00:00,7482.70000,7483.20000,7477.70000,7478.20000,2328.00000
2026-07-02 08:00:00+00:00,7478.45000,7481.20000,7469.45000,7471.45000,3786.00000
2026-07-02 08:15:00+00:00,7471.70000,7484.95000,7470.95000,7482.95000,2610.00000
2026-07-02 08:30:00+00:00,7482.70000,7489.95000,7481.70000,7486.45000,2406.00000
2026-07-02 08:45:00+00:00,7486.57000,7491.95000,7485.70000,7489.20000,2034.00000
2026-07-02 09:00:00+00:00,7489.32000,7489.32000,7481.70000,7484.45000,2204.00000
2026-07-02 09:15:00+00:00,7484.70000,7485.45000,7482.20000,7484.82000,1940.00000
2026-07-02 09:30:00+00:00,7484.95000,7489.45000,7484.45000,7487.70000,2006.00000
2026-07-02 09:45:00+00:00,7487.57000,7487.70000,7483.20000,7484.20000,1604.00000
2026-07-02 10:00:00+00:00,7484.32000,7484.32000,7478.95000,7481.20000,1894.00000
2026-07-02 10:15:00+00:00,7480.95000,7485.45000,7480.45000,7484.70000,1594.00000
2026-07-02 10:30:00+00:00,7484.82000,7490.95000,7484.70000,7488.57000,1558.00000
2026-07-02 10:45:00+00:00,7488.70000,7491.20000,7486.20000,7489.82000,970.00000
2026-07-02 11:00:00+00:00,7490.07000,7491.45000,7485.45000,7490.20000,1864.00000
2026-07-02 11:15:00+00:00,7489.95000,7491.20000,7486.20000,7489.95000,1418.00000
2026-07-02 11:30:00+00:00,7489.70000,7494.95000,7488.70000,7494.45000,1785.00000
2026-07-02 11:45:00+00:00,7494.20000,7496.57000,7490.45000,7490.45000,1396.00000
2026-07-02 12:00:00+00:00,7490.20000,7498.70000,7488.20000,7497.70000,2052.00000
2026-07-02 12:15:00+00:00,7497.82000,7503.57000,7496.70000,7502.68000,2402.00000
2026-07-02 12:30:00+00:00,7503.95000,7523.45000,7502.68000,7517.20000,6606.00000
2026-07-02 12:45:00+00:00,7516.95000,7520.70000,7504.70000,7508.70000,4068.00000
2026-07-02 13:00:00+00:00,7509.45000,7512.45000,7499.70000,7501.45000,3558.00000
2026-07-02 13:15:00+00:00,7501.57000,7508.45000,7499.70000,7502.45000,2948.00000
2026-07-02 13:30:00+00:00,7501.95000,7530.45000,7498.70000,7525.45000,7162.00000
2026-07-02 13:45:00+00:00,7525.70000,7540.95000,7523.20000,7535.57000,4982.00000
2026-07-02 14:00:00+00:00,7535.82000,7540.45000,7524.70000,7537.95000,4278.00000
2026-07-02 14:15:00+00:00,7537.70000,7539.95000,7503.70000,7506.70000,6314.00000
2026-07-02 14:30:00+00:00,7506.95000,7521.45000,7490.95000,7496.32000,7448.00000
2026-07-02 14:45:00+00:00,7496.95000,7504.70000,7487.45000,7504.20000,7394.00000
2026-07-02 15:00:00+00:00,7504.45000,7505.95000,7469.95000,7488.20000,7084.00000
2026-07-02 15:15:00+00:00,7488.70000,7491.20000,7471.20000,7476.45000,6712.00000
2026-07-02 15:30:00+00:00,7477.20000,7494.45000,7476.20000,7480.45000,5676.00000
2026-07-02 15:45:00+00:00,7480.20000,7484.70000,7467.95000,7473.95000,5362.00000
2026-07-02 16:00:00+00:00,7474.70000,7476.32000,7464.20000,7472.07000,4638.00000
2026-07-02 16:15:00+00:00,7472.20000,7473.45000,7460.95000,7462.95000,4232.00000
2026-07-02 16:30:00+00:00,7462.70000,7463.20000,7448.45000,7459.45000,4152.00000
2026-07-02 16:45:00+00:00,7459.70000,7460.45000,7445.20000,7448.70000,3722.00000
2026-07-02 17:00:00+00:00,7448.95000,7449.95000,7430.20000,7444.45000,4578.00000
2026-07-02 17:15:00+00:00,7444.20000,7448.70000,7438.45000,7441.95000,3670.00000
2026-07-02 17:30:00+00:00,7442.20000,7447.70000,7430.95000,7437.70000,4086.00000
2026-07-02 17:45:00+00:00,7437.45000,7437.95000,7426.95000,7428.95000,3572.00000
2026-07-02 18:00:00+00:00,7429.20000,7455.70000,7427.20000,7448.95000,3798.00000
2026-07-02 18:15:00+00:00,7449.20000,7453.70000,7440.70000,7453.70000,3354.00000
2026-07-02 18:30:00+00:00,7453.20000,7459.95000,7452.95000,7457.45000,2850.00000
2026-07-02 18:45:00+00:00,7457.20000,7461.70000,7452.20000,7456.20000,3070.00000
2026-07-02 19:00:00+00:00,7456.70000,7457.70000,7438.95000,7446.70000,4056.00000
2026-07-02 19:15:00+00:00,7446.45000,7452.45000,7440.70000,7449.45000,3094.00000
2026-07-02 19:30:00+00:00,7449.20000,7460.20000,7447.95000,7458.95000,2658.00000
2026-07-02 19:45:00+00:00,7459.45000,7480.92000,7456.07000,7473.42000,4056.00000
2026-07-02 20:00:00+00:00,7473.67000,7473.92000,7464.92000,7471.17000,2080.00000
2026-07-02 20:15:00+00:00,7471.67000,7471.92000,7466.92000,7468.17000,736.00000
2026-07-02 20:30:00+00:00,7468.42000,7471.67000,7466.42000,7466.67000,698.00000
2026-07-02 20:45:00+00:00,7466.92000,7471.04000,7466.42000,7470.79000,598.00000
2026-07-02 22:00:00+00:00,7473.21000,7477.09000,7472.21000,7476.59000,1052.00000
2026-07-02 22:15:00+00:00,7476.71000,7479.34000,7476.71000,7476.96000,616.00000
2026-07-02 22:30:00+00:00,7476.84000,7483.46000,7475.34000,7483.34000,898.00000
2026-07-02 22:45:00+00:00,7483.21000,7483.71000,7480.59000,7483.34000,634.00000
2026-07-02 23:00:00+00:00,7483.21000,7483.84000,7477.34000,7477.84000,1182.00000
2026-07-02 23:15:00+00:00,7477.71000,7484.84000,7477.59000,7483.96000,1312.00000
2026-07-02 23:30:00+00:00,7483.84000,7485.71000,7481.09000,7481.34000,1326.00000
2026-07-02 23:45:00+00:00,7481.21000,7485.09000,7480.71000,7484.21000,2520.00000
2026-07-03 00:00:00+00:00,7484.09000,7488.09000,7475.34000,7484.96000,5508.00000
2026-07-03 00:15:00+00:00,7484.59000,7485.59000,7478.09000,7478.71000,5000.00000
2026-07-03 00:30:00+00:00,7478.84000,7484.84000,7475.34000,7479.09000,4814.00000
2026-07-03 00:45:00+00:00,7479.21000,7481.34000,7475.59000,7477.96000,4168.00000
2026-07-03 01:00:00+00:00,7478.09000,7497.84000,7477.34000,7495.34000,4684.00000
2026-07-03 01:15:00+00:00,7495.46000,7497.84000,7492.59000,7495.59000,3434.00000
2026-07-03 01:30:00+00:00,7495.71000,7498.59000,7494.09000,7497.84000,2896.00000
2026-07-03 01:45:00+00:00,7497.96000,7498.59000,7495.84000,7497.34000,2294.00000
2026-07-03 02:00:00+00:00,7497.46000,7500.59000,7496.84000,7497.09000,1922.00000
2026-07-03 02:15:00+00:00,7497.21000,7500.59000,7496.84000,7500.34000,1706.00000
2026-07-03 02:30:00+00:00,7500.46000,7500.71000,7496.34000,7497.84000,1484.00000
2026-07-03 02:45:00+00:00,7497.96000,7501.34000,7497.96000,7500.59000,1240.00000
2026-07-03 03:00:00+00:00,7500.34000,7500.59000,7497.59000,7499.59000,1288.00000
2026-07-03 03:15:00+00:00,7499.71000,7502.09000,7499.09000,7501.84000,798.00000
2026-07-03 03:30:00+00:00,7501.96000,7503.21000,7496.34000,7496.46000,1822.00000
2026-07-03 03:45:00+00:00,7496.34000,7502.34000,7495.84000,7502.09000,1498.00000
2026-07-03 04:00:00+00:00,7502.34000,7503.09000,7501.21000,7502.84000,1130.00000
2026-07-03 04:15:00+00:00,7502.71000,7504.09000,7502.34000,7503.84000,736.00000
2026-07-03 04:30:00+00:00,7503.71000,7504.59000,7501.71000,7504.09000,998.00000
2026-07-03 04:45:00+00:00,7504.34000,7505.09000,7502.09000,7502.59000,1222.00000
2026-07-03 05:00:00+00:00,7502.84000,7503.59000,7498.59000,7500.84000,1762.00000
2026-07-03 05:15:00+00:00,7500.71000,7501.21000,7498.34000,7500.71000,1240.00000
2026-07-03 05:30:00+00:00,7500.59000,7503.59000,7499.84000,7500.09000,1332.00000
2026-07-03 05:45:00+00:00,7500.34000,7502.84000,7499.34000,7502.34000,1362.00000
2026-07-03 06:00:00+00:00,7502.59000,7509.12000,7501.84000,7507.37000,1470.00000
2026-07-03 06:15:00+00:00,7507.24000,7507.87000,7504.12000,7506.37000,930.00000
2026-07-03 06:30:00+00:00,7506.24000,7513.12000,7505.37000,7511.12000,1114.00000
2026-07-03 06:45:00+00:00,7511.24000,7511.37000,7506.12000,7506.37000,614.00000
2026-07-03 07:00:00+00:00,7506.12000,7508.62000,7504.87000,7505.37000,1414.00000
2026-07-03 07:15:00+00:00,7505.24000,7506.37000,7503.37000,7504.62000,1172.00000
2026-07-03 07:30:00+00:00,7504.87000,7505.37000,7501.12000,7501.12000,800.00000
2026-07-03 07:45:00+00:00,7500.87000,7502.24000,7499.62000,7499.87000,896.00000
2026-07-03 08:00:00+00:00,7499.99000,7501.37000,7498.24000,7499.24000,1242.00000
2026-07-03 08:15:00+00:00,7499.12000,7500.49000,7497.37000,7498.62000,1356.00000
2026-07-03 08:30:00+00:00,7498.49000,7500.87000,7496.87000,7499.87000,1198.00000
2026-07-03 08:45:00+00:00,7499.99000,7500.12000,7494.37000,7495.37000,1108.00000
2026-07-03 09:00:00+00:00,7495.62000,7498.99000,7493.74000,7498.87000,1150.00000
2026-07-03 09:15:00+00:00,7498.74000,7500.12000,7497.37000,7498.87000,1174.00000
2026-07-03 09:30:00+00:00,7499.12000,7501.12000,7497.24000,7500.12000,818.00000
2026-07-03 09:45:00+00:00,7499.87000,7500.87000,7496.37000,7496.62000,1038.00000
2026-07-03 10:00:00+00:00,7496.49000,7499.12000,7495.12000,7498.62000,816.00000
2026-07-03 10:15:00+00:00,7498.49000,7499.87000,7497.12000,7499.12000,542.00000
2026-07-03 10:30:00+00:00,7499.37000,7501.62000,7498.87000,7501.37000,696.00000
2026-07-03 10:45:00+00:00,7501.49000,7501.87000,7499.37000,7499.87000,618.00000
2026-07-03 11:00:00+00:00,7499.62000,7499.62000,7496.24000,7497.37000,780.00000
2026-07-03 11:15:00+00:00,7497.49000,7497.99000,7494.62000,7495.87000,556.00000
2026-07-03 11:30:00+00:00,7495.62000,7497.62000,7494.87000,7496.62000,742.00000
2026-07-03 11:45:00+00:00,7496.87000,7500.62000,7496.37000,7500.37000,676.00000
2026-07-03 12:00:00+00:00,7500.62000,7504.37000,7498.62000,7499.37000,920.00000
2026-07-03 12:15:00+00:00,7499.24000,7499.99000,7497.12000,7498.87000,734.00000
2026-07-03 12:30:00+00:00,7498.99000,7500.62000,7498.12000,7499.37000,682.00000
2026-07-03 12:45:00+00:00,7499.49000,7501.12000,7499.37000,7500.62000,462.00000
2026-07-03 13:00:00+00:00,7500.87000,7502.37000,7499.12000,7499.62000,506.00000
2026-07-03 13:15:00+00:00,7499.74000,7503.12000,7499.62000,7502.62000,460.00000
2026-07-03 13:30:00+00:00,7502.87000,7507.12000,7500.37000,7500.87000,1116.00000
2026-07-03 13:45:00+00:00,7501.12000,7502.62000,7497.37000,7502.12000,886.00000
2026-07-03 14:00:00+00:00,7502.37000,7502.62000,7498.37000,7499.12000,772.00000
2026-07-03 14:15:00+00:00,7498.99000,7503.87000,7498.99000,7502.62000,690.00000
2026-07-03 14:30:00+00:00,7502.87000,7509.62000,7502.12000,7506.62000,452.00000
2026-07-03 14:45:00+00:00,7506.37000,7509.12000,7505.87000,7508.12000,526.00000
2026-07-03 15:00:00+00:00,7508.37000,7508.37000,7505.12000,7506.37000,476.00000
2026-07-03 15:15:00+00:00,7506.62000,7508.37000,7503.12000,7503.37000,398.00000
2026-07-03 15:30:00+00:00,7503.87000,7506.12000,7502.37000,7505.62000,448.00000
2026-07-03 15:45:00+00:00,7505.37000,7508.12000,7505.37000,7506.87000,184.00000
2026-07-03 16:00:00+00:00,7506.62000,7506.62000,7504.74000,7505.12000,132.00000
2026-07-03 16:15:00+00:00,7505.37000,7506.62000,7502.62000,7502.87000,240.00000
2026-07-03 16:30:00+00:00,7503.12000,7506.87000,7501.87000,7506.49000,202.00000
2026-07-03 16:45:00+00:00,7506.62000,7507.12000,7502.99000,7504.99000,585.00000
2026-07-05 22:00:00+00:00,7514.85000,7515.46000,7501.46000,7507.21000,3038.00000
2026-07-05 22:15:00+00:00,7506.34000,7512.21000,7506.09000,7511.46000,1480.00000
2026-07-05 22:30:00+00:00,7511.59000,7516.09000,7511.59000,7515.59000,1168.00000
2026-07-05 22:45:00+00:00,7515.34000,7517.84000,7511.84000,7512.59000,884.00000
2026-07-05 23:00:00+00:00,7512.84000,7518.34000,7510.84000,7518.09000,1622.00000
2026-07-05 23:15:00+00:00,7517.84000,7518.84000,7514.59000,7515.34000,896.00000
2026-07-05 23:30:00+00:00,7514.84000,7518.34000,7514.59000,7515.34000,748.00000
2026-07-05 23:45:00+00:00,7515.21000,7520.59000,7513.96000,7519.84000,2340.00000
2026-07-06 00:00:00+00:00,7520.09000,7520.34000,7509.71000,7519.96000,4660.00000
2026-07-06 00:15:00+00:00,7519.71000,7523.84000,7509.59000,7509.84000,4058.00000
2026-07-06 00:30:00+00:00,7509.34000,7517.59000,7507.34000,7516.09000,4284.00000
2026-07-06 00:45:00+00:00,7516.21000,7520.59000,7514.46000,7515.71000,3070.00000
2026-07-06 01:00:00+00:00,7516.09000,7516.34000,7510.09000,7512.84000,3624.00000
2026-07-06 01:15:00+00:00,7512.96000,7514.21000,7502.59000,7506.21000,3646.00000
2026-07-06 01:30:00+00:00,7506.59000,7511.59000,7506.09000,7507.46000,3780.00000
2026-07-06 01:45:00+00:00,7507.34000,7507.46000,7499.84000,7503.34000,3798.00000
2026-07-06 02:00:00+00:00,7503.59000,7505.59000,7498.09000,7498.84000,3006.00000
2026-07-06 02:15:00+00:00,7499.09000,7500.59000,7496.46000,7497.09000,2942.00000
2026-07-06 02:30:00+00:00,7497.34000,7498.09000,7491.09000,7491.84000,2858.00000
2026-07-06 02:45:00+00:00,7491.59000,7495.09000,7490.34000,7494.09000,2264.00000
2026-07-06 03:00:00+00:00,7494.34000,7496.96000,7491.46000,7494.09000,2022.00000
2026-07-06 03:15:00+00:00,7494.21000,7496.09000,7492.59000,7495.84000,1948.00000
2026-07-06 03:30:00+00:00,7495.96000,7497.71000,7491.59000,7491.59000,2520.00000
2026-07-06 03:45:00+00:00,7491.71000,7493.09000,7488.09000,7492.09000,2500.00000
2026-07-06 04:00:00+00:00,7492.34000,7496.84000,7489.84000,7496.59000,2034.00000
2026-07-06 04:15:00+00:00,7496.46000,7498.34000,7495.59000,7497.84000,1422.00000
2026-07-06 04:30:00+00:00,7497.71000,7501.59000,7497.09000,7500.84000,1482.00000
2026-07-06 04:45:00+00:00,7500.71000,7502.84000,7499.34000,7502.21000,1670.00000
2026-07-06 05:00:00+00:00,7502.34000,7504.09000,7499.34000,7502.84000,2078.00000
2026-07-06 05:15:00+00:00,7502.71000,7504.59000,7498.59000,7498.84000,1842.00000
2026-07-06 05:30:00+00:00,7498.71000,7501.84000,7494.96000,7500.59000,2432.00000
2026-07-06 05:45:00+00:00,7500.71000,7502.34000,7498.09000,7499.84000,1786.00000
2026-07-06 06:00:00+00:00,7499.96000,7502.09000,7496.37000,7496.74000,2092.00000
2026-07-06 06:15:00+00:00,7496.87000,7501.87000,7496.37000,7501.12000,1562.00000
2026-07-06 06:30:00+00:00,7500.87000,7505.62000,7500.12000,7504.74000,1364.00000
2026-07-06 06:45:00+00:00,7504.62000,7504.87000,7502.49000,7504.37000,940.00000
2026-07-06 07:00:00+00:00,7504.74000,7507.87000,7502.49000,7506.37000,1738.00000
2026-07-06 07:15:00+00:00,7506.62000,7508.87000,7504.62000,7505.37000,1316.00000
2026-07-06 07:30:00+00:00,7505.62000,7512.74000,7504.74000,7512.62000,1098.00000
2026-07-06 07:45:00+00:00,7512.37000,7513.37000,7511.12000,7512.87000,852.00000
2026-07-06 08:00:00+00:00,7512.62000,7516.62000,7508.62000,7510.37000,1768.00000
2026-07-06 08:15:00+00:00,7510.62000,7512.62000,7506.37000,7512.24000,1658.00000
2026-07-06 08:30:00+00:00,7512.12000,7512.37000,7507.87000,7511.62000,1342.00000
2026-07-06 08:45:00+00:00,7511.74000,7513.37000,7509.87000,7512.87000,1190.00000
2026-07-06 09:00:00+00:00,7512.62000,7513.12000,7508.87000,7509.87000,1436.00000
2026-07-06 09:15:00+00:00,7509.99000,7512.62000,7508.87000,7512.37000,1260.00000
2026-07-06 09:30:00+00:00,7512.24000,7512.62000,7508.87000,7510.12000,1096.00000
2026-07-06 09:45:00+00:00,7510.24000,7515.37000,7507.37000,7514.99000,1342.00000
2026-07-06 10:00:00+00:00,7515.12000,7516.37000,7510.62000,7514.87000,1194.00000
2026-07-06 10:15:00+00:00,7514.62000,7515.87000,7512.37000,7512.62000,698.00000
2026-07-06 10:30:00+00:00,7512.87000,7515.62000,7510.87000,7510.87000,698.00000
2026-07-06 10:45:00+00:00,7510.62000,7513.12000,7509.37000,7513.12000,1088.00000
2026-07-06 11:00:00+00:00,7513.37000,7515.12000,7508.12000,7509.99000,1730.00000
2026-07-06 11:15:00+00:00,7510.12000,7513.12000,7509.37000,7510.12000,1142.00000
2026-07-06 11:30:00+00:00,7509.87000,7512.49000,7509.37000,7510.87000,1074.00000
2026-07-06 11:45:00+00:00,7510.99000,7512.87000,7506.37000,7506.62000,1130.00000
2026-07-06 12:00:00+00:00,7506.37000,7513.37000,7505.37000,7512.62000,1860.00000
2026-07-06 12:15:00+00:00,7512.74000,7514.62000,7506.12000,7508.37000,1470.00000
2026-07-06 12:30:00+00:00,7508.24000,7513.37000,7506.62000,7509.12000,1298.00000
2026-07-06 12:45:00+00:00,7509.24000,7512.62000,7508.99000,7512.62000,668.00000
2026-07-06 13:00:00+00:00,7512.87000,7513.62000,7504.87000,7505.37000,910.00000
2026-07-06 13:15:00+00:00,7505.87000,7514.62000,7502.12000,7514.62000,1364.00000
2026-07-06 13:30:00+00:00,7513.87000,7522.87000,7502.37000,7514.99000,6098.00000
2026-07-06 13:45:00+00:00,7514.74000,7523.87000,7510.87000,7513.99000,5312.00000
2026-07-06 14:00:00+00:00,7513.87000,7523.37000,7508.99000,7522.87000,4788.00000
2026-07-06 14:15:00+00:00,7523.12000,7528.87000,7518.62000,7528.62000,3206.00000
2026-07-06 14:30:00+00:00,7528.87000,7530.87000,7520.12000,7525.87000,2808.00000
2026-07-06 14:45:00+00:00,7526.12000,7532.37000,7523.87000,7532.12000,2274.00000
2026-07-06 15:00:00+00:00,7532.37000,7533.37000,7527.87000,7530.62000,2330.00000
2026-07-06 15:15:00+00:00,7530.37000,7537.12000,7525.37000,7536.87000,2282.00000
2026-07-06 15:30:00+00:00,7536.62000,7538.87000,7532.87000,7537.37000,1716.00000
2026-07-06 15:45:00+00:00,7537.87000,7538.87000,7535.37000,7537.62000,1028.00000
2026-07-06 16:00:00+00:00,7537.49000,7540.12000,7535.62000,7538.87000,796.00000
2026-07-06 16:15:00+00:00,7538.62000,7540.37000,7534.87000,7535.62000,850.00000
2026-07-06 16:30:00+00:00,7535.37000,7536.87000,7533.12000,7536.37000,960.00000
2026-07-06 16:45:00+00:00,7536.62000,7540.12000,7532.87000,7533.87000,1066.00000
2026-07-06 17:00:00+00:00,7533.62000,7544.62000,7533.12000,7542.87000,1278.00000
2026-07-06 17:15:00+00:00,7543.12000,7543.62000,7535.37000,7536.12000,1114.00000
2026-07-06 17:30:00+00:00,7535.87000,7536.62000,7525.12000,7529.62000,1972.00000
2026-07-06 17:45:00+00:00,7529.12000,7534.12000,7527.37000,7529.87000,1338.00000
2026-07-06 18:00:00+00:00,7530.37000,7539.87000,7530.37000,7539.12000,1288.00000
2026-07-06 18:15:00+00:00,7539.37000,7544.87000,7539.12000,7542.12000,890.00000
2026-07-06 18:30:00+00:00,7541.87000,7543.87000,7538.87000,7541.12000,810.00000
2026-07-06 18:45:00+00:00,7541.37000,7548.87000,7540.87000,7548.12000,990.00000
2026-07-06 19:00:00+00:00,7548.37000,7549.87000,7545.12000,7546.12000,1102.00000
2026-07-06 19:15:00+00:00,7546.37000,7552.37000,7545.12000,7550.87000,974.00000
2026-07-06 19:30:00+00:00,7550.62000,7551.12000,7545.87000,7548.37000,1150.00000
2026-07-06 19:45:00+00:00,7548.12000,7550.37000,7537.87000,7543.34000,2666.00000
2026-07-06 20:00:00+00:00,7542.84000,7547.34000,7541.34000,7546.34000,1276.00000
2026-07-06 20:15:00+00:00,7546.59000,7548.09000,7544.34000,7545.59000,510.00000
2026-07-06 20:30:00+00:00,7545.84000,7546.84000,7545.09000,7546.59000,178.00000
2026-07-06 20:45:00+00:00,7546.71000,7546.84000,7544.09000,7546.34000,328.00000
2026-07-06 22:00:00+00:00,7548.08000,7550.33000,7546.96000,7550.21000,836.00000
2026-07-06 22:15:00+00:00,7550.33000,7551.71000,7549.21000,7549.46000,512.00000
2026-07-06 22:30:00+00:00,7549.58000,7551.46000,7548.46000,7549.71000,526.00000
2026-07-06 22:45:00+00:00,7549.58000,7549.58000,7543.71000,7544.71000,968.00000
2026-07-06 23:00:00+00:00,7544.46000,7548.71000,7544.46000,7546.58000,798.00000
2026-07-06 23:15:00+00:00,7546.46000,7546.71000,7542.46000,7543.71000,926.00000
2026-07-06 23:30:00+00:00,7543.58000,7544.71000,7540.71000,7540.96000,706.00000
2026-07-06 23:45:00+00:00,7541.08000,7541.08000,7535.21000,7536.58000,1666.00000
2026-07-07 00:00:00+00:00,7536.21000,7541.21000,7534.21000,7537.08000,3654.00000
2026-07-07 00:15:00+00:00,7537.21000,7545.71000,7535.96000,7540.96000,3036.00000
2026-07-07 00:30:00+00:00,7541.08000,7541.71000,7534.46000,7537.71000,2832.00000
2026-07-07 00:45:00+00:00,7537.96000,7540.21000,7535.71000,7535.83000,2824.00000
2026-07-07 01:00:00+00:00,7535.96000,7538.21000,7534.71000,7535.83000,2868.00000
2026-07-07 01:15:00+00:00,7535.96000,7536.96000,7531.71000,7532.71000,1916.00000
2026-07-07 01:30:00+00:00,7532.46000,7536.96000,7529.96000,7536.71000,2794.00000
2026-07-07 01:45:00+00:00,7536.83000,7539.33000,7533.71000,7534.21000,2080.00000
2026-07-07 02:00:00+00:00,7534.08000,7538.08000,7533.21000,7536.71000,2304.00000
2026-07-07 02:15:00+00:00,7536.83000,7537.96000,7533.21000,7533.21000,1642.00000
2026-07-07 02:30:00+00:00,7533.08000,7533.96000,7530.71000,7533.21000,1710.00000
2026-07-07 02:45:00+00:00,7533.08000,7533.21000,7529.46000,7529.96000,1496.00000
2026-07-07 03:00:00+00:00,7530.21000,7534.21000,7529.71000,7530.71000,1648.00000
2026-07-07 03:15:00+00:00,7530.58000,7530.96000,7525.71000,7525.96000,1214.00000
2026-07-07 03:30:00+00:00,7526.21000,7527.71000,7524.21000,7525.46000,2144.00000
2026-07-07 03:45:00+00:00,7525.33000,7525.46000,7521.46000,7524.83000,1766.00000
2026-07-07 04:00:00+00:00,7524.96000,7525.71000,7522.46000,7522.46000,2146.00000
2026-07-07 04:15:00+00:00,7522.71000,7523.21000,7520.21000,7521.96000,1370.00000
2026-07-07 04:30:00+00:00,7522.21000,7523.96000,7518.46000,7519.58000,1408.00000
2026-07-07 04:45:00+00:00,7519.71000,7520.21000,7517.58000,7519.46000,702.00000
2026-07-07 05:00:00+00:00,7519.33000,7519.33000,7515.71000,7516.21000,690.00000
2026-07-07 05:15:00+00:00,7515.96000,7517.46000,7513.96000,7516.71000,1538.00000
2026-07-07 05:30:00+00:00,7516.96000,7523.21000,7516.83000,7521.71000,2538.00000
2026-07-07 05:45:00+00:00,7521.58000,7525.71000,7519.46000,7524.21000,1534.00000
2026-07-07 06:00:00+00:00,7523.96000,7525.46000,7517.74000,7518.49000,1562.00000
2026-07-07 06:15:00+00:00,7518.61000,7522.74000,7518.24000,7521.49000,1540.00000
2026-07-07 06:30:00+00:00,7521.24000,7524.24000,7519.86000,7524.24000,1118.00000
2026-07-07 06:45:00+00:00,7524.11000,7525.24000,7521.11000,7524.49000,582.00000
2026-07-07 07:00:00+00:00,7524.74000,7528.49000,7522.24000,7527.49000,1540.00000
2026-07-07 07:15:00+00:00,7527.24000,7530.74000,7527.24000,7529.99000,1274.00000
2026-07-07 07:30:00+00:00,7529.86000,7530.24000,7527.49000,7527.74000,1104.00000
2026-07-07 07:45:00+00:00,7527.49000,7528.86000,7522.74000,7522.99000,778.00000
2026-07-07 08:00:00+00:00,7523.24000,7529.24000,7521.99000,7528.61000,1662.00000
2026-07-07 08:15:00+00:00,7528.49000,7532.49000,7527.99000,7532.49000,1324.00000
2026-07-07 08:30:00+00:00,7532.61000,7533.74000,7530.74000,7531.99000,922.00000
2026-07-07 08:45:00+00:00,7531.86000,7533.24000,7529.24000,7529.74000,740.00000
2026-07-07 09:00:00+00:00,7529.86000,7533.49000,7527.24000,7533.24000,1218.00000
2026-07-07 09:15:00+00:00,7532.99000,7534.24000,7530.99000,7531.24000,754.00000
2026-07-07 09:30:00+00:00,7531.49000,7533.24000,7528.99000,7532.49000,1082.00000
2026-07-07 09:45:00+00:00,7532.74000,7533.49000,7530.74000,7532.74000,1036.00000
2026-07-07 10:00:00+00:00,7532.99000,7535.24000,7529.49000,7529.99000,1204.00000
2026-07-07 10:15:00+00:00,7530.11000,7534.24000,7529.74000,7532.24000,1000.00000
2026-07-07 10:30:00+00:00,7531.99000,7532.24000,7529.24000,7529.74000,908.00000
2026-07-07 10:45:00+00:00,7529.99000,7530.36000,7524.24000,7528.24000,1044.00000
2026-07-07 11:00:00+00:00,7528.49000,7528.99000,7522.99000,7524.74000,1828.00000
2026-07-07 11:15:00+00:00,7524.49000,7528.99000,7524.49000,7526.49000,824.00000
2026-07-07 11:30:00+00:00,7526.74000,7526.74000,7523.24000,7525.99000,1160.00000
2026-07-07 11:45:00+00:00,7526.24000,7530.49000,7524.24000,7529.74000,1022.00000
2026-07-07 12:00:00+00:00,7529.99000,7536.49000,7528.99000,7534.49000,1280.00000
2026-07-07 12:15:00+00:00,7534.36000,7534.99000,7529.74000,7534.36000,1400.00000
2026-07-07 12:30:00+00:00,7534.49000,7537.74000,7531.74000,7536.49000,1096.00000
2026-07-07 12:45:00+00:00,7536.24000,7536.99000,7529.74000,7531.74000,894.00000
2026-07-07 13:00:00+00:00,7531.49000,7532.36000,7526.49000,7531.49000,1218.00000
2026-07-07 13:15:00+00:00,7531.74000,7533.99000,7529.24000,7531.49000,1642.00000
2026-07-07 13:30:00+00:00,7530.74000,7538.49000,7520.74000,7530.74000,5526.00000
2026-07-07 13:45:00+00:00,7530.99000,7531.24000,7511.49000,7517.24000,5318.00000
2026-07-07 14:00:00+00:00,7516.99000,7520.74000,7498.49000,7498.99000,5340.00000
2026-07-07 14:15:00+00:00,7499.24000,7505.99000,7489.49000,7495.49000,5478.00000
2026-07-07 14:30:00+00:00,7495.36000,7498.49000,7480.49000,7485.99000,4994.00000
2026-07-07 14:45:00+00:00,7485.74000,7497.24000,7484.99000,7492.99000,4304.00000
2026-07-07 15:00:00+00:00,7492.24000,7495.24000,7487.49000,7488.74000,3834.00000
2026-07-07 15:15:00+00:00,7488.99000,7491.49000,7485.49000,7491.49000,3412.00000
2026-07-07 15:30:00+00:00,7491.74000,7492.49000,7482.24000,7492.24000,2898.00000
2026-07-07 15:45:00+00:00,7491.99000,7501.99000,7491.99000,7501.74000,2590.00000
2026-07-07 16:00:00+00:00,7501.99000,7509.74000,7500.74000,7508.74000,2202.00000
2026-07-07 16:15:00+00:00,7508.99000,7517.99000,7506.74000,7515.99000,2159.00000
2026-07-07 16:30:00+00:00,7515.74000,7518.49000,7510.74000,7516.99000,1702.00000
2026-07-07 16:45:00+00:00,7517.24000,7519.49000,7513.74000,7518.24000,1342.00000
2026-07-07 17:00:00+00:00,7517.99000,7521.74000,7515.99000,7516.49000,1400.00000
2026-07-07 17:15:00+00:00,7516.74000,7520.24000,7512.74000,7516.99000,1736.00000
2026-07-07 17:30:00+00:00,7517.49000,7520.99000,7516.74000,7519.49000,1412.00000
2026-07-07 17:45:00+00:00,7519.74000,7520.24000,7514.99000,7519.99000,1262.00000
2026-07-07 18:00:00+00:00,7520.24000,7520.99000,7516.49000,7518.24000,1438.00000
2026-07-07 18:15:00+00:00,7518.49000,7521.24000,7517.24000,7518.24000,1140.00000
2026-07-07 18:30:00+00:00,7518.49000,7518.99000,7512.49000,7515.49000,1502.00000
2026-07-07 18:45:00+00:00,7515.74000,7516.99000,7502.49000,7503.24000,2836.00000
2026-07-07 19:00:00+00:00,7503.49000,7504.99000,7493.24000,7495.99000,2908.00000
2026-07-07 19:15:00+00:00,7495.74000,7498.74000,7487.99000,7494.99000,3018.00000
2026-07-07 19:30:00+00:00,7494.86000,7500.74000,7492.24000,7493.74000,2436.00000
2026-07-07 19:45:00+00:00,7493.99000,7507.74000,7493.49000,7503.96000,2880.00000
2026-07-07 20:00:00+00:00,7504.46000,7505.21000,7500.21000,7502.96000,1646.00000
2026-07-07 20:15:00+00:00,7502.71000,7503.21000,7498.46000,7501.46000,702.00000
2026-07-07 20:30:00+00:00,7501.71000,7503.96000,7500.96000,7502.71000,276.00000
2026-07-07 20:45:00+00:00,7502.46000,7503.71000,7501.71000,7502.46000,194.00000
2026-07-07 22:00:00+00:00,7493.60000,7499.22000,7489.22000,7497.47000,2130.00000
2026-07-07 22:15:00+00:00,7497.35000,7499.22000,7496.35000,7498.10000,782.00000
2026-07-07 22:30:00+00:00,7498.22000,7500.10000,7496.60000,7497.35000,772.00000
2026-07-07 22:45:00+00:00,7497.10000,7500.60000,7495.97000,7499.10000,784.00000
2026-07-07 23:00:00+00:00,7498.97000,7500.85000,7496.35000,7499.22000,1296.00000
2026-07-07 23:15:00+00:00,7499.10000,7504.60000,7498.72000,7503.35000,822.00000
2026-07-07 23:30:00+00:00,7503.47000,7504.35000,7495.60000,7496.10000,1146.00000
2026-07-07 23:45:00+00:00,7496.22000,7498.35000,7489.60000,7490.72000,2628.00000
2026-07-08 00:00:00+00:00,7490.35000,7501.10000,7485.22000,7499.47000,5692.00000
2026-07-08 00:15:00+00:00,7499.60000,7507.60000,7497.10000,7504.10000,4690.00000
2026-07-08 00:30:00+00:00,7504.35000,7511.10000,7499.85000,7510.85000,3662.00000
2026-07-08 00:45:00+00:00,7510.97000,7513.60000,7509.22000,7513.22000,2944.00000
2026-07-08 01:00:00+00:00,7513.35000,7514.85000,7508.60000,7514.10000,3048.00000
2026-07-08 01:15:00+00:00,7514.35000,7514.60000,7507.35000,7508.35000,2532.00000
2026-07-08 01:30:00+00:00,7508.60000,7509.72000,7502.35000,7505.72000,3240.00000
2026-07-08 01:45:00+00:00,7505.85000,7509.85000,7503.60000,7504.72000,3572.00000
2026-07-08 02:00:00+00:00,7504.85000,7505.60000,7499.10000,7499.60000,3170.00000
2026-07-08 02:15:00+00:00,7499.85000,7504.85000,7498.35000,7500.35000,2604.00000
2026-07-08 02:30:00+00:00,7500.47000,7504.10000,7498.10000,7504.10000,2540.00000
2026-07-08 02:45:00+00:00,7504.35000,7506.85000,7503.35000,7504.85000,2356.00000
2026-07-08 03:00:00+00:00,7505.35000,7509.35000,7505.10000,7508.10000,1726.00000
2026-07-08 03:15:00+00:00,7508.22000,7511.97000,7506.60000,7511.60000,1144.00000
2026-07-08 03:30:00+00:00,7511.35000,7513.10000,7506.85000,7507.35000,1688.00000
2026-07-08 03:45:00+00:00,7507.22000,7508.22000,7505.72000,7506.10000,1708.00000
2026-07-08 04:00:00+00:00,7506.35000,7506.60000,7502.60000,7503.85000,1732.00000
2026-07-08 04:15:00+00:00,7503.97000,7507.60000,7502.85000,7505.60000,1958.00000
2026-07-08 04:30:00+00:00,7505.72000,7506.10000,7500.35000,7502.85000,2354.00000
2026-07-08 04:45:00+00:00,7502.97000,7504.85000,7498.85000,7503.10000,2460.00000
2026-07-08 05:00:00+00:00,7502.85000,7506.60000,7501.35000,7502.35000,2850.00000
2026-07-08 05:15:00+00:00,7502.22000,7504.85000,7498.97000,7499.85000,2514.00000
2026-07-08 05:30:00+00:00,7499.72000,7499.85000,7494.60000,7495.97000,2422.00000
2026-07-08 05:45:00+00:00,7496.10000,7497.35000,7490.60000,7495.35000,2286.00000
2026-07-08 06:00:00+00:00,7495.60000,7496.00000,7491.88000,7493.38000,2180.00000
2026-07-08 06:15:00+00:00,7493.50000,7496.63000,7490.88000,7491.88000,2032.00000
2026-07-08 06:30:00+00:00,7491.63000,7493.13000,7485.63000,7485.88000,1626.00000
2026-07-08 06:45:00+00:00,7485.63000,7493.38000,7484.38000,7490.88000,1570.00000
2026-07-08 07:00:00+00:00,7491.13000,7491.88000,7483.88000,7487.25000,3046.00000
2026-07-08 07:15:00+00:00,7487.38000,7493.63000,7484.38000,7493.13000,3078.00000
2026-07-08 07:30:00+00:00,7493.38000,7499.38000,7491.75000,7496.63000,2262.00000
2026-07-08 07:45:00+00:00,7496.50000,7497.38000,7492.38000,7493.25000,1818.00000
2026-07-08 08:00:00+00:00,7493.63000,7498.63000,7488.63000,7497.50000,2870.00000
2026-07-08 08:15:00+00:00,7497.63000,7498.38000,7448.38000,7449.13000,8566.00000
2026-07-08 08:30:00+00:00,7449.00000,7450.63000,7429.25000,7438.13000,7598.00000
2026-07-08 08:45:00+00:00,7438.38000,7446.13000,7431.13000,7432.38000,5646.00000
2026-07-08 09:00:00+00:00,7432.88000,7435.13000,7420.50000,7420.63000,5468.00000
2026-07-08 09:15:00+00:00,7420.50000,7429.13000,7420.50000,7426.50000,4906.00000
2026-07-08 09:30:00+00:00,7426.38000,7435.63000,7425.38000,7431.00000,3838.00000
2026-07-08 09:45:00+00:00,7430.88000,7431.88000,7424.88000,7426.38000,3418.00000
2026-07-08 10:00:00+00:00,7426.63000,7429.88000,7420.88000,7425.00000,3364.00000
2026-07-08 10:15:00+00:00,7425.13000,7433.13000,7422.25000,7432.63000,3150.00000
2026-07-08 10:30:00+00:00,7432.38000,7440.38000,7429.00000,7439.63000,3266.00000
2026-07-08 10:45:00+00:00,7439.50000,7442.00000,7436.38000,7437.50000,2432.00000
2026-07-08 11:00:00+00:00,7437.63000,7440.63000,7433.13000,7436.75000,3026.00000
2026-07-08 11:15:00+00:00,7436.88000,7438.63000,7431.38000,7434.63000,2424.00000
2026-07-08 11:30:00+00:00,7434.25000,7457.75000,7432.38000,7449.50000,3390.00000
2026-07-08 11:45:00+00:00,7449.63000,7456.13000,7445.38000,7450.38000,4234.00000
2026-07-08 12:00:00+00:00,7450.25000,7463.63000,7444.63000,7459.63000,3678.00000
2026-07-08 12:15:00+00:00,7459.88000,7464.63000,7456.13000,7463.88000,2804.00000
2026-07-08 12:30:00+00:00,7464.00000,7466.38000,7459.63000,7463.88000,2398.00000
2026-07-08 12:45:00+00:00,7463.63000,7470.13000,7456.38000,7457.00000,3134.00000
2026-07-08 13:00:00+00:00,7457.13000,7467.38000,7456.63000,7465.38000,3348.00000
2026-07-08 13:15:00+00:00,7465.63000,7466.13000,7455.63000,7458.63000,3254.00000
2026-07-08 13:30:00+00:00,7458.50000,7474.88000,7453.63000,7470.38000,8162.00000
2026-07-08 13:45:00+00:00,7470.63000,7476.38000,7459.13000,7467.88000,7132.00000
2026-07-08 14:00:00+00:00,7467.38000,7474.13000,7457.63000,7459.38000,6830.00000
2026-07-08 14:15:00+00:00,7459.13000,7472.38000,7453.63000,7457.88000,6634.00000
2026-07-08 14:30:00+00:00,7457.38000,7463.63000,7446.63000,7451.38000,6576.00000
2026-07-08 14:45:00+00:00,7451.13000,7454.63000,7436.13000,7445.13000,6070.00000
2026-07-08 15:00:00+00:00,7446.13000,7446.88000,7436.38000,7437.63000,5000.00000
2026-07-08 15:15:00+00:00,7437.38000,7442.38000,7421.88000,7425.88000,4812.00000
2026-07-08 15:30:00+00:00,7426.38000,7439.38000,7421.38000,7433.88000,4910.00000
2026-07-08 15:45:00+00:00,7433.63000,7436.63000,7426.63000,7432.88000,3882.00000
2026-07-08 16:00:00+00:00,7432.63000,7450.13000,7432.63000,7449.50000,4304.00000
2026-07-08 16:15:00+00:00,7449.63000,7461.63000,7446.88000,7458.00000,3820.00000
2026-07-08 16:30:00+00:00,7457.63000,7468.88000,7451.38000,7466.13000,4796.00000
2026-07-08 16:45:00+00:00,7466.38000,7474.38000,7462.63000,7473.88000,3240.00000
2026-07-08 17:00:00+00:00,7473.63000,7474.38000,7466.88000,7469.88000,2957.00000
2026-07-08 17:15:00+00:00,7470.13000,7484.63000,7469.88000,7484.38000,2496.00000
2026-07-08 17:30:00+00:00,7484.63000,7487.88000,7475.38000,7476.63000,2232.00000
2026-07-08 17:45:00+00:00,7476.38000,7476.88000,7466.38000,7471.13000,2364.00000
2026-07-08 18:00:00+00:00,7470.88000,7481.63000,7467.13000,7479.63000,3754.00000
2026-07-08 18:15:00+00:00,7479.88000,7480.88000,7473.38000,7473.38000,2002.00000
2026-07-08 18:30:00+00:00,7473.13000,7479.63000,7469.38000,7477.38000,2382.00000
2026-07-08 18:45:00+00:00,7477.13000,7481.88000,7474.63000,7480.13000,2192.00000
2026-07-08 19:00:00+00:00,7480.38000,7484.13000,7474.88000,7475.38000,2288.00000
2026-07-08 19:15:00+00:00,7475.63000,7480.13000,7473.63000,7478.38000,1906.00000
2026-07-08 19:30:00+00:00,7478.63000,7480.13000,7474.88000,7479.63000,2196.00000
2026-07-08 19:45:00+00:00,7479.38000,7488.13000,7470.13000,7478.60000,3404.00000
2026-07-08 20:00:00+00:00,7478.35000,7481.10000,7471.10000,7475.60000,1936.00000
2026-07-08 20:15:00+00:00,7475.85000,7475.85000,7468.35000,7469.60000,1088.00000
2026-07-08 20:30:00+00:00,7469.47000,7470.60000,7460.10000,7466.47000,1426.00000
2026-07-08 20:45:00+00:00,7466.35000,7470.35000,7465.85000,7468.47000,858.00000
2026-07-08 22:00:00+00:00,7470.27000,7475.52000,7469.77000,7473.02000,1509.00000
2026-07-08 22:15:00+00:00,7472.89000,7475.02000,7469.52000,7471.77000,1038.00000
2026-07-08 22:30:00+00:00,7471.64000,7475.14000,7469.39000,7469.39000,1196.00000
2026-07-08 22:45:00+00:00,7469.52000,7471.89000,7469.27000,7471.39000,604.00000
2026-07-08 23:00:00+00:00,7471.52000,7474.89000,7471.14000,7474.52000,842.00000
2026-07-08 23:15:00+00:00,7474.27000,7474.64000,7468.77000,7472.64000,1138.00000
2026-07-08 23:30:00+00:00,7472.39000,7477.52000,7470.02000,7476.64000,1334.00000
2026-07-08 23:45:00+00:00,7476.52000,7480.77000,7475.77000,7479.52000,2576.00000
2026-07-09 00:00:00+00:00,7480.02000,7486.27000,7478.02000,7485.77000,3924.00000
2026-07-09 00:15:00+00:00,7485.64000,7486.52000,7479.27000,7485.77000,2554.00000
2026-07-09 00:30:00+00:00,7485.89000,7489.02000,7483.52000,7484.02000,2906.00000
2026-07-09 00:45:00+00:00,7483.89000,7488.64000,7481.02000,7484.52000,2762.00000
2026-07-09 01:00:00+00:00,7484.77000,7487.89000,7480.27000,7485.27000,3094.00000
2026-07-09 01:15:00+00:00,7485.39000,7489.52000,7483.27000,7486.14000,2370.00000
2026-07-09 01:30:00+00:00,7486.52000,7488.77000,7483.89000,7488.27000,2954.00000
2026-07-09 01:45:00+00:00,7488.39000,7490.27000,7481.39000,7482.27000,2890.00000
2026-07-09 02:00:00+00:00,7482.39000,7491.14000,7479.52000,7490.77000,3478.00000
2026-07-09 02:15:00+00:00,7490.52000,7495.52000,7489.27000,7491.77000,2572.00000
2026-07-09 02:30:00+00:00,7491.39000,7493.02000,7483.77000,7484.02000,2350.00000
2026-07-09 02:45:00+00:00,7484.27000,7484.77000,7479.27000,7481.02000,2526.00000
2026-07-09 03:00:00+00:00,7481.27000,7482.64000,7477.77000,7480.02000,2776.00000
2026-07-09 03:15:00+00:00,7480.14000,7487.52000,7477.27000,7487.52000,2668.00000
2026-07-09 03:30:00+00:00,7487.77000,7492.02000,7486.77000,7491.77000,2912.00000
2026-07-09 03:45:00+00:00,7491.64000,7492.27000,7489.77000,7491.39000,2108.00000
2026-07-09 04:00:00+00:00,7491.27000,7493.02000,7490.27000,7490.52000,1710.00000
2026-07-09 04:15:00+00:00,7490.64000,7493.02000,7487.52000,7488.64000,1730.00000
2026-07-09 04:30:00+00:00,7488.77000,7496.27000,7488.77000,7495.89000,1894.00000
2026-07-09 04:45:00+00:00,7495.77000,7499.27000,7494.14000,7498.27000,1500.00000
2026-07-09 05:00:00+00:00,7498.52000,7506.14000,7493.02000,7501.52000,2678.00000
2026-07-09 05:15:00+00:00,7501.64000,7502.52000,7493.02000,7493.77000,2678.00000
2026-07-09 05:30:00+00:00,7493.89000,7497.27000,7488.27000,7497.27000,2990.00000
2026-07-09 05:45:00+00:00,7497.02000,7505.02000,7496.52000,7504.77000,1964.00000
2026-07-09 06:00:00+00:00,7505.02000,7505.89000,7499.55000,7502.55000,2160.00000
2026-07-09 06:15:00+00:00,7502.42000,7505.80000,7502.30000,7504.05000,1312.00000
2026-07-09 06:30:00+00:00,7503.92000,7504.80000,7500.55000,7504.30000,1844.00000
2026-07-09 06:45:00+00:00,7504.05000,7504.05000,7500.55000,7502.05000,734.00000
2026-07-09 07:00:00+00:00,7501.80000,7505.55000,7500.55000,7505.55000,2316.00000
2026-07-09 07:15:00+00:00,7505.80000,7506.55000,7501.80000,7504.05000,1536.00000
2026-07-09 07:30:00+00:00,7504.17000,7509.05000,7501.80000,7508.80000,1232.00000
2026-07-09 07:45:00+00:00,7509.05000,7510.05000,7503.55000,7505.80000,1356.00000
2026-07-09 08:00:00+00:00,7506.05000,7510.30000,7503.80000,7505.30000,2188.00000
2026-07-09 08:15:00+00:00,7505.55000,7509.30000,7502.80000,7505.67000,1820.00000
2026-07-09 08:30:00+00:00,7505.55000,7506.05000,7498.05000,7499.67000,2056.00000
2026-07-09 08:45:00+00:00,7499.80000,7500.30000,7494.30000,7498.05000,1770.00000
2026-07-09 09:00:00+00:00,7497.92000,7499.05000,7493.55000,7495.05000,1842.00000
2026-07-09 09:15:00+00:00,7494.92000,7496.30000,7492.80000,7494.55000,1502.00000
2026-07-09 09:30:00+00:00,7494.67000,7495.80000,7486.30000,7489.05000,2046.00000
2026-07-09 09:45:00+00:00,7488.92000,7494.30000,7488.80000,7494.30000,1460.00000
2026-07-09 10:00:00+00:00,7494.05000,7495.30000,7491.80000,7494.05000,1452.00000
2026-07-09 10:15:00+00:00,7494.17000,7496.30000,7491.55000,7492.80000,1068.00000
2026-07-09 10:30:00+00:00,7492.17000,7493.80000,7489.05000,7492.30000,1368.00000
2026-07-09 10:45:00+00:00,7492.42000,7493.30000,7479.30000,7486.80000,2854.00000
2026-07-09 11:00:00+00:00,7487.05000,7491.05000,7483.67000,7489.80000,2438.00000
2026-07-09 11:15:00+00:00,7489.67000,7492.30000,7487.05000,7490.80000,1870.00000
2026-07-09 11:30:00+00:00,7491.05000,7494.30000,7488.55000,7493.30000,1848.00000
2026-07-09 11:45:00+00:00,7493.55000,7498.80000,7492.80000,7495.80000,2072.00000
2026-07-09 12:00:00+00:00,7495.55000,7502.05000,7494.80000,7498.80000,2510.00000
2026-07-09 12:15:00+00:00,7499.05000,7503.05000,7497.55000,7502.92000,1898.00000
2026-07-09 12:30:00+00:00,7503.05000,7506.80000,7500.05000,7500.05000,1932.00000
2026-07-09 12:45:00+00:00,7500.30000,7500.30000,7496.05000,7496.92000,1758.00000
2026-07-09 13:00:00+00:00,7497.05000,7500.80000,7496.55000,7499.80000,1126.00000
2026-07-09 13:15:00+00:00,7500.05000,7502.80000,7497.05000,7498.80000,1494.00000
2026-07-09 13:30:00+00:00,7498.92000,7511.55000,7482.80000,7510.55000,5414.00000
2026-07-09 13:45:00+00:00,7510.80000,7518.80000,7503.80000,7513.30000,3898.00000
2026-07-09 14:00:00+00:00,7513.42000,7516.80000,7498.80000,7501.80000,4468.00000
2026-07-09 14:15:00+00:00,7501.55000,7508.30000,7482.17000,7505.05000,6108.00000
2026-07-09 14:30:00+00:00,7505.30000,7511.30000,7497.30000,7505.30000,4700.00000
2026-07-09 14:45:00+00:00,7505.55000,7516.05000,7499.30000,7514.30000,4252.00000
2026-07-09 15:00:00+00:00,7514.80000,7523.05000,7513.05000,7519.30000,2664.00000
2026-07-09 15:15:00+00:00,7518.80000,7527.30000,7517.05000,7525.30000,2088.00000
2026-07-09 15:30:00+00:00,7525.55000,7530.05000,7522.30000,7528.80000,1856.00000
2026-07-09 15:45:00+00:00,7529.05000,7530.30000,7525.55000,7526.30000,1320.00000
2026-07-09 16:00:00+00:00,7526.55000,7533.55000,7526.55000,7533.05000,1054.00000
2026-07-09 16:15:00+00:00,7532.80000,7536.05000,7531.80000,7534.05000,924.00000
2026-07-09 16:30:00+00:00,7534.30000,7536.55000,7530.92000,7534.55000,978.00000
2026-07-09 16:45:00+00:00,7534.80000,7535.05000,7530.05000,7532.05000,868.00000
2026-07-09 17:00:00+00:00,7532.30000,7541.80000,7531.80000,7539.80000,1006.00000
2026-07-09 17:15:00+00:00,7539.92000,7545.80000,7539.92000,7545.55000,858.00000
2026-07-09 17:30:00+00:00,7545.30000,7546.55000,7542.55000,7544.80000,742.00000
2026-07-09 17:45:00+00:00,7545.05000,7547.30000,7541.05000,7543.80000,586.00000
2026-07-09 18:00:00+00:00,7544.05000,7545.80000,7542.05000,7544.80000,844.00000
2026-07-09 18:15:00+00:00,7545.05000,7546.30000,7539.55000,7541.80000,842.00000
2026-07-09 18:30:00+00:00,7542.05000,7543.05000,7537.80000,7540.30000,846.00000
2026-07-09 18:45:00+00:00,7540.05000,7540.55000,7535.80000,7537.55000,774.00000
2026-07-09 19:00:00+00:00,7537.80000,7537.80000,7533.55000,7535.80000,1006.00000
2026-07-09 19:15:00+00:00,7536.05000,7540.80000,7535.30000,7537.55000,860.00000
2026-07-09 19:30:00+00:00,7537.30000,7541.05000,7535.80000,7540.30000,876.00000
2026-07-09 19:45:00+00:00,7540.05000,7543.02000,7535.05000,7543.02000,1614.00000
2026-07-09 20:00:00+00:00,7542.89000,7544.27000,7538.27000,7543.02000,772.00000
2026-07-09 20:15:00+00:00,7543.27000,7544.02000,7538.77000,7539.27000,362.00000
2026-07-09 20:30:00+00:00,7539.02000,7542.27000,7539.02000,7540.02000,292.00000
2026-07-09 20:45:00+00:00,7540.27000,7540.27000,7537.02000,7538.77000,244.00000
2026-07-09 22:00:00+00:00,7539.06000,7541.44000,7536.94000,7537.69000,1238.00000
2026-07-09 22:15:00+00:00,7537.81000,7539.06000,7536.31000,7537.06000,720.00000
2026-07-09 22:30:00+00:00,7537.19000,7538.69000,7536.94000,7538.31000,554.00000
2026-07-09 22:45:00+00:00,7538.56000,7539.69000,7538.06000,7539.31000,474.00000
2026-07-09 23:00:00+00:00,7539.44000,7542.19000,7537.56000,7541.94000,754.00000
2026-07-09 23:15:00+00:00,7541.81000,7544.19000,7540.69000,7543.94000,574.00000
2026-07-09 23:30:00+00:00,7544.19000,7544.19000,7541.94000,7542.31000,530.00000
2026-07-09 23:45:00+00:00,7542.19000,7543.81000,7539.19000,7541.19000,1510.00000
2026-07-10 00:00:00+00:00,7541.69000,7542.19000,7533.19000,7536.19000,3584.00000
2026-07-10 00:15:00+00:00,7536.44000,7536.94000,7530.19000,7532.19000,2080.00000
2026-07-10 00:30:00+00:00,7532.44000,7532.69000,7528.19000,7529.69000,1738.00000
2026-07-10 00:45:00+00:00,7529.44000,7533.19000,7527.44000,7533.19000,1216.00000
2026-07-10 01:00:00+00:00,7533.44000,7533.94000,7528.44000,7530.19000,1646.00000
2026-07-10 01:15:00+00:00,7530.06000,7532.44000,7529.56000,7531.94000,1404.00000
2026-07-10 01:30:00+00:00,7531.69000,7533.94000,7530.19000,7532.19000,1252.00000
2026-07-10 01:45:00+00:00,7531.94000,7536.19000,7531.56000,7532.69000,1176.00000
2026-07-10 02:00:00+00:00,7532.94000,7534.69000,7529.69000,7532.69000,1862.00000
2026-07-10 02:15:00+00:00,7532.81000,7532.94000,7529.44000,7531.81000,1508.00000
2026-07-10 02:30:00+00:00,7531.94000,7534.94000,7530.69000,7534.06000,1054.00000
2026-07-10 02:45:00+00:00,7534.19000,7538.94000,7533.44000,7538.69000,804.00000
2026-07-10 03:00:00+00:00,7538.44000,7541.06000,7538.19000,7539.44000,478.00000
2026-07-10 03:15:00+00:00,7539.19000,7539.44000,7535.94000,7536.19000,398.00000
2026-07-10 03:30:00+00:00,7535.94000,7536.44000,7534.69000,7535.44000,1072.00000
2026-07-10 03:45:00+00:00,7535.19000,7536.44000,7534.19000,7535.94000,926.00000
2026-07-10 04:00:00+00:00,7536.06000,7536.69000,7534.94000,7536.44000,844.00000
2026-07-10 04:15:00+00:00,7536.31000,7536.44000,7533.19000,7533.69000,626.00000
2026-07-10 04:30:00+00:00,7533.81000,7534.19000,7532.44000,7533.19000,810.00000
2026-07-10 04:45:00+00:00,7533.44000,7533.44000,7529.69000,7530.19000,570.00000
2026-07-10 05:00:00+00:00,7530.44000,7530.94000,7528.94000,7530.69000,836.00000
2026-07-10 05:15:00+00:00,7530.56000,7532.19000,7529.31000,7530.69000,926.00000
2026-07-10 05:30:00+00:00,7530.81000,7531.19000,7529.19000,7531.19000,778.00000
2026-07-10 05:45:00+00:00,7530.94000,7531.69000,7528.19000,7528.94000,890.00000
2026-07-10 06:00:00+00:00,7529.19000,7531.97000,7528.47000,7528.72000,1206.00000
2026-07-10 06:15:00+00:00,7528.59000,7528.97000,7523.22000,7524.22000,942.00000
2026-07-10 06:30:00+00:00,7524.47000,7529.47000,7523.22000,7525.47000,942.00000
2026-07-10 06:45:00+00:00,7525.34000,7527.72000,7525.22000,7526.47000,648.00000
2026-07-10 07:00:00+00:00,7526.72000,7530.22000,7524.47000,7530.22000,1208.00000
2026-07-10 07:15:00+00:00,7530.47000,7531.97000,7527.97000,7531.34000,1306.00000
2026-07-10 07:30:00+00:00,7531.22000,7531.47000,7528.22000,7528.22000,1168.00000
2026-07-10 07:45:00+00:00,7528.34000,7528.47000,7522.47000,7524.72000,1020.00000
2026-07-10 08:00:00+00:00,7524.97000,7531.22000,7522.22000,7530.97000,1668.00000
2026-07-10 08:15:00+00:00,7530.47000,7531.72000,7527.22000,7527.97000,1278.00000
2026-07-10 08:30:00+00:00,7527.84000,7528.72000,7525.47000,7528.09000,1500.00000
2026-07-10 08:45:00+00:00,7527.97000,7529.47000,7526.47000,7526.97000,1088.00000
2026-07-10 09:00:00+00:00,7527.22000,7532.97000,7521.22000,7532.72000,1856.00000
2026-07-10 09:15:00+00:00,7532.84000,7534.72000,7532.59000,7533.47000,936.00000
2026-07-10 09:30:00+00:00,7533.22000,7534.97000,7532.22000,7533.22000,650.00000
2026-07-10 09:45:00+00:00,7533.34000,7534.47000,7532.72000,7533.59000,826.00000
2026-07-10 10:00:00+00:00,7533.72000,7538.47000,7533.72000,7537.47000,558.00000
2026-07-10 10:15:00+00:00,7537.72000,7539.22000,7534.47000,7538.72000,746.00000
2026-07-10 10:30:00+00:00,7538.84000,7543.22000,7538.84000,7542.97000,636.00000
2026-07-10 10:45:00+00:00,7542.72000,7543.22000,7539.97000,7542.97000,618.00000
2026-07-10 11:00:00+00:00,7542.72000,7544.72000,7541.97000,7542.72000,698.00000
2026-07-10 11:15:00+00:00,7542.59000,7543.97000,7539.22000,7539.47000,792.00000
2026-07-10 11:30:00+00:00,7539.34000,7539.34000,7533.47000,7537.22000,1416.00000
2026-07-10 11:45:00+00:00,7537.09000,7538.47000,7534.97000,7535.97000,840.00000
2026-07-10 12:00:00+00:00,7536.09000,7547.72000,7529.72000,7541.72000,2088.00000
2026-07-10 12:15:00+00:00,7541.59000,7542.72000,7537.97000,7540.22000,2584.00000
2026-07-10 12:30:00+00:00,7540.34000,7544.97000,7536.97000,7541.22000,1890.00000
2026-07-10 12:45:00+00:00,7541.47000,7544.72000,7540.34000,7540.72000,1196.00000
2026-07-10 13:00:00+00:00,7540.97000,7543.72000,7539.47000,7543.47000,812.00000
2026-07-10 13:15:00+00:00,7543.22000,7546.72000,7541.97000,7544.72000,906.00000
2026-07-10 13:30:00+00:00,7545.22000,7556.72000,7542.72000,7546.97000,4266.00000
2026-07-10 13:45:00+00:00,7547.22000,7556.97000,7545.47000,7554.22000,3504.00000
2026-07-10 14:00:00+00:00,7553.97000,7558.22000,7549.47000,7551.72000,3394.00000
2026-07-10 14:15:00+00:00,7551.97000,7556.22000,7545.97000,7550.47000,3900.00000
2026-07-10 14:30:00+00:00,7550.97000,7555.22000,7505.59000,7545.97000,7382.00000
2026-07-10 14:45:00+00:00,7545.72000,7550.72000,7535.47000,7536.72000,5292.00000
2026-07-10 15:00:00+00:00,7537.47000,7545.22000,7531.22000,7544.47000,4938.00000
2026-07-10 15:15:00+00:00,7544.34000,7559.22000,7544.22000,7557.72000,3628.00000
2026-07-10 15:30:00+00:00,7557.97000,7558.97000,7538.47000,7545.22000,3714.00000
2026-07-10 15:45:00+00:00,7544.97000,7553.97000,7540.47000,7552.97000,3196.00000
2026-07-10 16:00:00+00:00,7553.22000,7557.97000,7552.97000,7556.72000,2162.00000
2026-07-10 16:15:00+00:00,7556.97000,7561.72000,7556.22000,7556.72000,1680.00000
2026-07-10 16:30:00+00:00,7557.09000,7561.47000,7555.22000,7560.97000,1220.00000
2026-07-10 16:45:00+00:00,7560.84000,7566.47000,7560.84000,7565.22000,1400.00000
2026-07-10 17:00:00+00:00,7565.47000,7565.47000,7559.97000,7562.97000,1074.00000
2026-07-10 17:15:00+00:00,7562.72000,7565.72000,7562.72000,7565.47000,782.00000
2026-07-10 17:30:00+00:00,7565.72000,7569.47000,7564.22000,7566.47000,1018.00000
2026-07-10 17:45:00+00:00,7566.72000,7569.22000,7564.72000,7565.22000,722.00000
2026-07-10 18:00:00+00:00,7565.72000,7571.47000,7564.72000,7568.47000,986.00000
2026-07-10 18:15:00+00:00,7568.59000,7572.34000,7566.47000,7569.97000,920.00000
2026-07-10 18:30:00+00:00,7570.22000,7571.97000,7568.97000,7570.97000,686.00000
2026-07-10 18:45:00+00:00,7571.09000,7572.72000,7570.72000,7571.22000,572.00000
2026-07-10 19:00:00+00:00,7571.47000,7577.97000,7570.72000,7577.22000,858.00000
2026-07-10 19:15:00+00:00,7576.97000,7577.97000,7574.97000,7575.47000,680.00000
2026-07-10 19:30:00+00:00,7575.72000,7577.72000,7573.72000,7575.97000,880.00000
2026-07-10 19:45:00+00:00,7575.72000,7579.47000,7570.44000,7573.44000,1408.00000
2026-07-10 20:00:00+00:00,7573.69000,7577.06000,7570.69000,7575.19000,714.00000
2026-07-10 20:15:00+00:00,7575.44000,7577.69000,7574.44000,7577.44000,330.00000
2026-07-10 20:30:00+00:00,7577.19000,7578.69000,7576.69000,7578.19000,130.00000
2026-07-10 20:45:00+00:00,7577.94000,7581.19000,7577.31000,7578.19000,240.00000
2026-07-12 22:00:00+00:00,7559.98000,7566.98000,7548.60000,7548.73000,3614.00000
2026-07-12 22:15:00+00:00,7548.85000,7553.23000,7547.35000,7551.60000,1612.00000
2026-07-12 22:30:00+00:00,7551.73000,7555.73000,7551.23000,7554.98000,998.00000
2026-07-12 22:45:00+00:00,7554.85000,7556.98000,7552.35000,7556.23000,704.00000
2026-07-12 23:00:00+00:00,7555.98000,7556.48000,7553.48000,7554.23000,776.00000
2026-07-12 23:15:00+00:00,7553.98000,7554.48000,7551.85000,7553.23000,484.00000
2026-07-12 23:30:00+00:00,7553.10000,7553.73000,7551.35000,7552.48000,548.00000
2026-07-12 23:45:00+00:00,7552.73000,7554.73000,7548.35000,7554.48000,2284.00000
2026-07-13 00:00:00+00:00,7554.85000,7570.73000,7551.48000,7568.10000,4470.00000
2026-07-13 00:15:00+00:00,7567.98000,7569.98000,7562.23000,7563.23000,3358.00000
2026-07-13 00:30:00+00:00,7563.48000,7563.60000,7551.98000,7556.23000,3052.00000
2026-07-13 00:45:00+00:00,7555.98000,7558.48000,7547.98000,7552.48000,3580.00000
2026-07-13 01:00:00+00:00,7552.35000,7553.23000,7545.98000,7548.98000,3600.00000
2026-07-13 01:15:00+00:00,7549.10000,7554.73000,7547.35000,7549.98000,3146.00000
2026-07-13 01:30:00+00:00,7549.85000,7554.23000,7548.23000,7549.98000,3406.00000
2026-07-13 01:45:00+00:00,7549.85000,7550.23000,7543.98000,7547.48000,3004.00000
2026-07-13 02:00:00+00:00,7547.35000,7548.73000,7543.10000,7544.85000,2928.00000
2026-07-13 02:15:00+00:00,7544.73000,7549.48000,7543.88000,7548.10000,2185.00000
2026-07-13 02:30:00+00:00,7548.23000,7548.35000,7543.98000,7545.48000,2066.00000
2026-07-13 02:45:00+00:00,7545.23000,7545.98000,7541.23000,7541.48000,1434.00000
2026-07-13 03:00:00+00:00,7541.73000,7541.73000,7538.73000,7539.98000,1408.00000
2026-07-13 03:15:00+00:00,7540.23000,7542.10000,7538.73000,7541.23000,1028.00000
2026-07-13 03:30:00+00:00,7541.10000,7542.23000,7538.48000,7539.73000,1652.00000
2026-07-13 03:45:00+00:00,7539.48000,7541.35000,7537.98000,7538.48000,1174.00000
2026-07-13 04:00:00+00:00,7538.73000,7538.73000,7534.48000,7535.73000,1390.00000
2026-07-13 04:15:00+00:00,7535.48000,7538.60000,7534.73000,7535.98000,1034.00000
2026-07-13 04:30:00+00:00,7536.10000,7536.73000,7531.48000,7532.23000,714.00000
2026-07-13 04:45:00+00:00,7532.10000,7533.73000,7530.98000,7532.73000,532.00000
2026-07-13 05:00:00+00:00,7532.48000,7539.48000,7530.48000,7538.98000,1886.00000
2026-07-13 05:15:00+00:00,7539.23000,7539.23000,7526.23000,7526.85000,1818.00000
2026-07-13 05:30:00+00:00,7526.73000,7534.23000,7521.73000,7530.73000,2608.00000
2026-07-13 05:45:00+00:00,7530.98000,7533.60000,7526.60000,7533.48000,2496.00000
2026-07-13 06:00:00+00:00,7533.73000,7536.26000,7529.51000,7530.51000,2478.00000
2026-07-13 06:15:00+00:00,7530.38000,7539.01000,7530.26000,7539.01000,1866.00000
2026-07-13 06:30:00+00:00,7538.76000,7540.01000,7534.01000,7538.01000,1442.00000
2026-07-13 06:45:00+00:00,7537.76000,7540.01000,7536.26000,7539.51000,1168.00000
2026-07-13 07:00:00+00:00,7539.76000,7546.51000,7537.01000,7546.01000,2176.00000
2026-07-13 07:15:00+00:00,7546.26000,7546.51000,7540.88000,7542.01000,1286.00000
2026-07-13 07:30:00+00:00,7541.76000,7544.26000,7537.51000,7542.38000,1336.00000
2026-07-13 07:45:00+00:00,7542.51000,7544.51000,7539.76000,7543.01000,1121.00000
2026-07-13 08:00:00+00:00,7543.26000,7551.38000,7542.26000,7551.38000,2578.00000
2026-07-13 08:15:00+00:00,7551.51000,7554.01000,7550.76000,7551.01000,1408.00000
2026-07-13 08:30:00+00:00,7551.13000,7552.76000,7548.51000,7551.76000,994.00000
2026-07-13 08:45:00+00:00,7551.51000,7554.76000,7550.76000,7553.88000,734.00000
2026-07-13 09:00:00+00:00,7554.01000,7554.13000,7550.26000,7552.26000,796.00000
2026-07-13 09:15:00+00:00,7552.51000,7558.51000,7552.01000,7558.01000,676.00000
2026-07-13 09:30:00+00:00,7558.26000,7559.26000,7556.38000,7558.01000,764.00000
2026-07-13 09:45:00+00:00,7557.76000,7558.01000,7555.51000,7557.01000,650.00000
2026-07-13 10:00:00+00:00,7557.26000,7557.76000,7553.51000,7554.51000,806.00000
2026-07-13 10:15:00+00:00,7554.38000,7556.76000,7552.76000,7553.26000,716.00000
2026-07-13 10:30:00+00:00,7553.51000,7554.76000,7552.26000,7552.76000,652.00000
2026-07-13 10:45:00+00:00,7552.88000,7555.26000,7552.38000,7553.26000,684.00000
2026-07-13 11:00:00+00:00,7554.01000,7559.76000,7551.76000,7553.13000,1432.00000
2026-07-13 11:15:00+00:00,7553.01000,7556.01000,7550.51000,7555.01000,1110.00000
2026-07-13 11:30:00+00:00,7554.76000,7557.26000,7553.26000,7553.38000,1201.00000
2026-07-13 11:45:00+00:00,7553.26000,7553.51000,7547.51000,7549.51000,1020.00000
2026-07-13 12:00:00+00:00,7549.63000,7553.63000,7542.76000,7547.76000,2122.00000
2026-07-13 12:15:00+00:00,7547.88000,7548.76000,7544.51000,7545.01000,1562.00000
2026-07-13 12:30:00+00:00,7544.76000,7546.76000,7541.26000,7546.13000,1394.00000
2026-07-13 12:45:00+00:00,7546.01000,7552.51000,7546.01000,7552.26000,1094.00000
2026-07-13 13:00:00+00:00,7552.51000,7555.01000,7550.51000,7551.76000,940.00000
2026-07-13 13:15:00+00:00,7551.51000,7551.76000,7548.51000,7550.76000,1184.00000
2026-07-13 13:30:00+00:00,7551.01000,7565.01000,7550.01000,7556.26000,5411.00000
2026-07-13 13:45:00+00:00,7556.51000,7564.01000,7545.76000,7562.76000,5784.00000
2026-07-13 14:00:00+00:00,7563.51000,7565.76000,7549.26000,7559.01000,4728.00000
2026-07-13 14:15:00+00:00,7558.76000,7560.26000,7529.26000,7557.26000,6852.00000
2026-07-13 14:30:00+00:00,7557.51000,7559.26000,7538.76000,7541.26000,4260.00000
2026-07-13 14:45:00+00:00,7541.01000,7554.26000,7536.26000,7553.76000,3634.00000
2026-07-13 15:00:00+00:00,7554.26000,7556.76000,7545.76000,7547.51000,3198.00000
2026-07-13 15:15:00+00:00,7547.26000,7552.26000,7545.26000,7550.26000,2536.00000
2026-07-13 15:30:00+00:00,7550.01000,7551.76000,7543.26000,7543.51000,2512.00000
2026-07-13 15:45:00+00:00,7543.26000,7544.26000,7537.26000,7538.76000,2264.00000
2026-07-13 16:00:00+00:00,7538.51000,7544.26000,7535.76000,7540.76000,2134.00000
2026-07-13 16:15:00+00:00,7540.51000,7540.76000,7525.76000,7529.26000,2467.00000
2026-07-13 16:30:00+00:00,7529.38000,7531.76000,7515.51000,7530.51000,3712.00000
2026-07-13 16:45:00+00:00,7530.26000,7533.26000,7519.26000,7525.51000,3586.00000
2026-07-13 17:00:00+00:00,7526.26000,7533.26000,7524.26000,7527.26000,2432.00000
2026-07-13 17:15:00+00:00,7527.51000,7530.51000,7522.13000,7525.01000,2226.00000
2026-07-13 17:30:00+00:00,7525.26000,7528.01000,7521.51000,7527.01000,2224.00000
2026-07-13 17:45:00+00:00,7527.51000,7529.51000,7518.76000,7519.01000,2278.00000
2026-07-13 18:00:00+00:00,7519.26000,7528.76000,7518.26000,7524.51000,2482.00000
2026-07-13 18:15:00+00:00,7524.26000,7525.01000,7517.26000,7519.01000,2200.00000
2026-07-13 18:30:00+00:00,7518.76000,7527.26000,7516.51000,7525.51000,2010.00000
2026-07-13 18:45:00+00:00,7525.63000,7527.51000,7521.51000,7522.51000,1912.00000
2026-07-13 19:00:00+00:00,7523.01000,7526.51000,7517.76000,7519.51000,1932.00000
2026-07-13 19:15:00+00:00,7519.63000,7521.01000,7509.26000,7510.26000,2060.00000
2026-07-13 19:30:00+00:00,7510.51000,7516.76000,7507.26000,7516.51000,2386.00000
2026-07-13 19:45:00+00:00,7516.76000,7523.48000,7513.01000,7518.48000,2606.00000
2026-07-13 20:00:00+00:00,7518.73000,7518.73000,7512.98000,7514.73000,1390.00000
2026-07-13 20:15:00+00:00,7514.98000,7514.98000,7502.98000,7510.98000,986.00000
2026-07-13 20:30:00+00:00,7510.73000,7510.73000,7508.23000,7509.48000,314.00000
2026-07-13 20:45:00+00:00,7509.23000,7510.73000,7507.48000,7510.23000,376.00000
2026-07-13 22:00:00+00:00,7512.89000,7519.14000,7512.89000,7513.76000,2056.00000
2026-07-13 22:15:00+00:00,7514.01000,7516.39000,7511.51000,7511.76000,896.00000
2026-07-13 22:30:00+00:00,7511.64000,7513.64000,7510.76000,7513.26000,680.00000
2026-07-13 22:45:00+00:00,7513.39000,7515.39000,7507.14000,7508.14000,1042.00000
2026-07-13 23:00:00+00:00,7508.01000,7508.39000,7502.51000,7503.89000,1162.00000
2026-07-13 23:15:00+00:00,7504.14000,7507.14000,7503.14000,7503.64000,756.00000
2026-07-13 23:30:00+00:00,7503.89000,7504.39000,7498.39000,7498.76000,1200.00000
2026-07-13 23:45:00+00:00,7498.89000,7509.89000,7497.89000,7509.64000,3572.00000
2026-07-14 00:00:00+00:00,7509.89000,7513.01000,7496.14000,7512.14000,6956.00000
2026-07-14 00:15:00+00:00,7512.26000,7513.51000,7496.39000,7501.89000,7160.00000
2026-07-14 00:30:00+00:00,7502.51000,7510.89000,7497.89000,7500.64000,5914.00000
2026-07-14 00:45:00+00:00,7500.76000,7516.89000,7500.39000,7514.89000,4858.00000
2026-07-14 01:00:00+00:00,7515.14000,7516.64000,7510.39000,7511.01000,4594.00000
2026-07-14 01:15:00+00:00,7511.14000,7516.14000,7510.01000,7512.39000,4022.00000
2026-07-14 01:30:00+00:00,7512.64000,7513.39000,7503.39000,7507.64000,4332.00000
2026-07-14 01:45:00+00:00,7507.76000,7512.01000,7502.39000,7504.64000,3672.00000
2026-07-14 02:00:00+00:00,7504.51000,7510.89000,7502.14000,7502.39000,3702.00000
2026-07-14 02:15:00+00:00,7502.51000,7504.14000,7495.89000,7499.39000,3408.00000
2026-07-14 02:30:00+00:00,7499.64000,7505.89000,7495.39000,7504.64000,3116.00000
2026-07-14 02:45:00+00:00,7504.39000,7505.64000,7496.01000,7496.76000,2250.00000
2026-07-14 03:00:00+00:00,7496.89000,7497.26000,7490.64000,7491.39000,1730.00000
2026-07-14 03:15:00+00:00,7491.51000,7496.64000,7488.39000,7496.64000,2284.00000
2026-07-14 03:30:00+00:00,7496.39000,7500.39000,7491.14000,7492.26000,3674.00000
2026-07-14 03:45:00+00:00,7492.14000,7501.01000,7491.51000,7500.39000,2968.00000
2026-07-14 04:00:00+00:00,7500.51000,7504.14000,7494.64000,7497.26000,2198.00000
2026-07-14 04:15:00+00:00,7497.14000,7506.14000,7495.64000,7504.89000,2422.00000
2026-07-14 04:30:00+00:00,7505.01000,7513.39000,7504.14000,7512.14000,2382.00000
2026-07-14 04:45:00+00:00,7512.39000,7517.64000,7511.89000,7516.64000,1612.00000
2026-07-14 05:00:00+00:00,7516.39000,7519.39000,7514.14000,7518.89000,1931.00000
2026-07-14 05:15:00+00:00,7519.14000,7526.14000,7517.89000,7526.14000,1858.00000
2026-07-14 05:30:00+00:00,7526.51000,7529.89000,7523.51000,7525.01000,2052.00000
2026-07-14 05:45:00+00:00,7525.14000,7526.51000,7523.89000,7524.51000,1760.00000
2026-07-14 06:00:00+00:00,7524.39000,7529.92000,7523.89000,7529.67000,1628.00000
2026-07-14 06:15:00+00:00,7529.92000,7531.42000,7522.29000,7523.67000,1268.00000
2026-07-14 06:30:00+00:00,7524.17000,7526.67000,7519.67000,7520.17000,1466.00000
2026-07-14 06:45:00+00:00,7520.04000,7520.17000,7515.17000,7515.42000,978.00000
2026-07-14 07:00:00+00:00,7515.67000,7522.17000,7511.92000,7519.42000,2755.00000
2026-07-14 07:15:00+00:00,7519.29000,7519.92000,7513.67000,7516.92000,2440.00000
2026-07-14 07:30:00+00:00,7516.42000,7517.92000,7511.42000,7512.04000,2858.00000
2026-07-14 07:45:00+00:00,7512.17000,7518.67000,7508.67000,7515.04000,2826.00000
2026-07-14 08:00:00+00:00,7515.29000,7517.17000,7508.67000,7513.67000,3516.00000
2026-07-14 08:15:00+00:00,7513.79000,7520.42000,7513.67000,7518.92000,2792.00000
2026-07-14 08:30:00+00:00,7518.67000,7520.42000,7514.92000,7516.17000,2000.00000
2026-07-14 08:45:00+00:00,7516.04000,7516.17000,7509.17000,7510.79000,1778.00000
2026-07-14 09:00:00+00:00,7510.67000,7520.04000,7507.67000,7519.17000,2490.00000
2026-07-14 09:15:00+00:00,7518.92000,7520.04000,7510.29000,7510.67000,2166.00000
2026-07-14 09:30:00+00:00,7510.54000,7515.42000,7510.54000,7513.67000,1502.00000
2026-07-14 09:45:00+00:00,7513.42000,7517.92000,7513.04000,7513.67000,1576.00000
2026-07-14 10:00:00+00:00,7513.92000,7517.17000,7512.67000,7513.92000,1308.00000
2026-07-14 10:15:00+00:00,7514.17000,7515.17000,7511.92000,7514.42000,1530.00000
2026-07-14 10:30:00+00:00,7514.54000,7522.17000,7510.17000,7513.17000,2700.00000
2026-07-14 10:45:00+00:00,7512.92000,7516.42000,7509.67000,7513.29000,1746.00000
2026-07-14 11:00:00+00:00,7513.42000,7514.17000,7500.17000,7509.17000,4156.00000
2026-07-14 11:15:00+00:00,7509.29000,7520.42000,7508.67000,7514.67000,3964.00000
2026-07-14 11:30:00+00:00,7514.92000,7518.92000,7509.17000,7510.17000,2464.00000
2026-07-14 11:45:00+00:00,7509.92000,7516.17000,7509.67000,7511.92000,1890.00000
2026-07-14 12:00:00+00:00,7512.17000,7512.17000,7501.17000,7503.92000,2178.00000
2026-07-14 12:15:00+00:00,7504.17000,7517.54000,7501.67000,7516.65000,2560.00000
2026-07-14 12:30:00+00:00,7517.40000,7569.54000,7516.04000,7544.42000,7607.00000
2026-07-14 12:45:00+00:00,7544.54000,7546.17000,7531.92000,7535.79000,4458.00000
2026-07-14 13:00:00+00:00,7536.17000,7540.17000,7533.54000,7535.42000,3152.00000
2026-07-14 13:15:00+00:00,7535.67000,7541.17000,7527.92000,7535.67000,3010.00000
2026-07-14 13:30:00+00:00,7535.92000,7541.67000,7520.92000,7539.67000,7224.00000
2026-07-14 13:45:00+00:00,7539.42000,7544.42000,7532.42000,7539.79000,5876.00000
2026-07-14 14:00:00+00:00,7539.92000,7541.42000,7524.17000,7530.92000,6880.00000
2026-07-14 14:15:00+00:00,7530.67000,7538.04000,7512.92000,7533.67000,6308.00000
2026-07-14 14:30:00+00:00,7534.67000,7559.67000,7531.42000,7537.67000,6464.00000
2026-07-14 14:45:00+00:00,7537.92000,7546.67000,7531.67000,7543.92000,4846.00000
2026-07-14 15:00:00+00:00,7544.17000,7557.67000,7539.67000,7552.42000,5600.00000
2026-07-14 15:15:00+00:00,7552.17000,7554.17000,7543.17000,7553.42000,3200.00000
2026-07-14 15:30:00+00:00,7553.67000,7555.42000,7534.17000,7542.42000,3976.00000
2026-07-14 15:45:00+00:00,7542.17000,7546.17000,7532.92000,7536.17000,4004.00000
2026-07-14 16:00:00+00:00,7536.67000,7536.92000,7526.42000,7531.67000,4170.00000
2026-07-14 16:15:00+00:00,7532.17000,7535.67000,7526.42000,7534.42000,3516.00000
2026-07-14 16:30:00+00:00,7534.17000,7543.92000,7532.67000,7541.42000,2548.00000
2026-07-14 16:45:00+00:00,7541.67000,7545.42000,7536.42000,7545.42000,2020.00000
2026-07-14 17:00:00+00:00,7545.67000,7548.92000,7542.17000,7544.92000,1376.00000
2026-07-14 17:15:00+00:00,7545.17000,7552.92000,7542.67000,7550.17000,1526.00000
2026-07-14 17:30:00+00:00,7550.67000,7551.67000,7544.92000,7546.92000,1042.00000
2026-07-14 17:45:00+00:00,7547.17000,7549.92000,7544.17000,7549.67000,928.00000
2026-07-14 18:00:00+00:00,7549.92000,7552.92000,7546.17000,7552.67000,1004.00000
2026-07-14 18:15:00+00:00,7552.92000,7554.67000,7549.67000,7551.67000,980.00000
2026-07-14 18:30:00+00:00,7551.92000,7552.42000,7544.54000,7546.67000,1726.00000
2026-07-14 18:45:00+00:00,7546.42000,7549.67000,7545.17000,7548.29000,1194.00000
2026-07-14 19:00:00+00:00,7548.42000,7548.92000,7543.92000,7546.42000,1272.00000
2026-07-14 19:15:00+00:00,7546.67000,7550.67000,7545.92000,7547.67000,1172.00000
2026-07-14 19:30:00+00:00,7547.92000,7550.17000,7543.42000,7549.42000,1900.00000
2026-07-14 19:45:00+00:00,7549.17000,7552.17000,7545.64000,7546.39000,2252.00000
2026-07-14 20:00:00+00:00,7546.14000,7548.64000,7544.14000,7545.64000,1176.00000
2026-07-14 20:15:00+00:00,7545.39000,7546.14000,7542.14000,7542.39000,422.00000
2026-07-14 20:30:00+00:00,7542.14000,7545.64000,7541.89000,7544.89000,312.00000
2026-07-14 20:45:00+00:00,7545.01000,7547.64000,7543.26000,7547.64000,252.00000
2026-07-14 22:00:00+00:00,7546.89000,7547.77000,7539.52000,7540.52000,1234.00000
2026-07-14 22:15:00+00:00,7540.64000,7548.52000,7540.64000,7547.02000,802.00000
2026-07-14 22:30:00+00:00,7547.14000,7548.77000,7547.02000,7547.27000,436.00000
2026-07-14 22:45:00+00:00,7547.39000,7547.64000,7544.77000,7545.64000,510.00000
2026-07-14 23:00:00+00:00,7545.52000,7549.02000,7544.27000,7548.77000,616.00000
2026-07-14 23:15:00+00:00,7548.64000,7556.64000,7547.64000,7556.27000,874.00000
2026-07-14 23:30:00+00:00,7556.02000,7559.77000,7556.02000,7557.77000,1080.00000
2026-07-14 23:45:00+00:00,7557.64000,7560.77000,7557.02000,7559.27000,1554.00000
2026-07-15 00:00:00+00:00,7560.02000,7561.02000,7554.52000,7559.77000,2984.00000
2026-07-15 00:15:00+00:00,7559.52000,7561.14000,7557.64000,7559.02000,1936.00000
2026-07-15 00:30:00+00:00,7559.14000,7559.52000,7549.27000,7550.64000,1672.00000
2026-07-15 00:45:00+00:00,7550.77000,7560.02000,7549.52000,7558.52000,1852.00000
2026-07-15 01:00:00+00:00,7558.77000,7559.77000,7552.52000,7555.27000,2362.00000
2026-07-15 01:15:00+00:00,7555.14000,7560.27000,7555.02000,7558.27000,2066.00000
2026-07-15 01:30:00+00:00,7558.39000,7559.89000,7554.02000,7554.27000,2108.00000
2026-07-15 01:45:00+00:00,7554.52000,7561.02000,7554.52000,7560.89000,1702.00000
2026-07-15 02:00:00+00:00,7561.02000,7562.02000,7559.27000,7560.27000,1174.00000
2026-07-15 02:15:00+00:00,7560.52000,7562.27000,7559.89000,7561.27000,934.00000
2026-07-15 02:30:00+00:00,7561.52000,7563.52000,7560.77000,7563.27000,636.00000
2026-07-15 02:45:00+00:00,7563.14000,7563.52000,7559.77000,7559.77000,582.00000
2026-07-15 03:00:00+00:00,7559.89000,7560.52000,7558.02000,7559.02000,790.00000
2026-07-15 03:15:00+00:00,7558.89000,7562.02000,7558.77000,7561.27000,822.00000
2026-07-15 03:30:00+00:00,7561.52000,7563.27000,7561.27000,7561.52000,704.00000
2026-07-15 03:45:00+00:00,7561.64000,7565.02000,7561.64000,7563.77000,432.00000
2026-07-15 04:00:00+00:00,7564.02000,7564.27000,7562.27000,7563.27000,578.00000
2026-07-15 04:15:00+00:00,7563.14000,7564.77000,7562.77000,7563.52000,294.00000
2026-07-15 04:30:00+00:00,7563.27000,7564.52000,7562.89000,7563.52000,504.00000
2026-07-15 04:45:00+00:00,7563.64000,7565.02000,7563.27000,7565.02000,418.00000
2026-07-15 05:00:00+00:00,7566.02000,7570.02000,7559.77000,7561.52000,2486.00000
2026-07-15 05:15:00+00:00,7561.39000,7564.52000,7559.52000,7560.27000,1264.00000
2026-07-15 05:30:00+00:00,7560.02000,7564.77000,7559.27000,7562.52000,1506.00000
2026-07-15 05:45:00+00:00,7562.39000,7565.77000,7561.77000,7565.77000,966.00000
2026-07-15 06:00:00+00:00,7565.52000,7566.30000,7563.80000,7564.80000,816.00000
2026-07-15 06:15:00+00:00,7564.55000,7566.80000,7563.05000,7566.80000,682.00000
2026-07-15 06:30:00+00:00,7567.05000,7567.30000,7563.05000,7564.05000,626.00000
2026-07-15 06:45:00+00:00,7563.92000,7565.30000,7563.30000,7564.55000,810.00000
2026-07-15 07:00:00+00:00,7564.17000,7565.80000,7561.30000,7563.80000,1280.00000
2026-07-15 07:15:00+00:00,7563.67000,7564.30000,7550.05000,7555.55000,1366.00000
2026-07-15 07:30:00+00:00,7555.30000,7559.05000,7553.55000,7558.67000,1594.00000
2026-07-15 07:45:00+00:00,7558.80000,7563.05000,7557.30000,7561.05000,888.00000
2026-07-15 08:00:00+00:00,7561.17000,7561.80000,7554.05000,7556.80000,1408.00000
2026-07-15 08:15:00+00:00,7556.92000,7559.05000,7552.55000,7557.80000,1700.00000
2026-07-15 08:30:00+00:00,7557.55000,7561.30000,7556.55000,7560.80000,1122.00000
2026-07-15 08:45:00+00:00,7560.67000,7564.05000,7560.30000,7563.30000,988.00000
2026-07-15 09:00:00+00:00,7563.55000,7567.30000,7563.30000,7566.30000,728.00000
2026-07-15 09:15:00+00:00,7566.55000,7567.05000,7564.30000,7565.05000,610.00000
2026-07-15 09:30:00+00:00,7564.92000,7567.05000,7563.55000,7566.30000,708.00000
2026-07-15 09:45:00+00:00,7566.55000,7566.55000,7560.55000,7561.30000,584.00000
2026-07-15 10:00:00+00:00,7561.55000,7562.92000,7560.30000,7562.55000,728.00000
2026-07-15 10:15:00+00:00,7562.30000,7563.30000,7553.80000,7554.92000,1354.00000
2026-07-15 10:30:00+00:00,7555.05000,7558.80000,7554.55000,7556.30000,1042.00000
2026-07-15 10:45:00+00:00,7556.05000,7558.80000,7556.05000,7557.92000,760.00000
2026-07-15 11:00:00+00:00,7557.80000,7560.42000,7556.05000,7556.92000,1392.00000
2026-07-15 11:15:00+00:00,7556.80000,7559.05000,7556.55000,7557.30000,920.00000
2026-07-15 11:30:00+00:00,7557.42000,7560.05000,7554.80000,7558.55000,944.00000
2026-07-15 11:45:00+00:00,7558.42000,7558.42000,7555.30000,7556.80000,1253.00000
2026-07-15 12:00:00+00:00,7556.55000,7557.30000,7551.30000,7552.55000,1354.00000
2026-07-15 12:15:00+00:00,7552.67000,7554.30000,7549.05000,7551.55000,1052.00000
2026-07-15 12:30:00+00:00,7551.42000,7570.05000,7550.80000,7567.30000,3217.00000
2026-07-15 12:45:00+00:00,7567.55000,7571.30000,7564.80000,7568.05000,1464.00000
2026-07-15 13:00:00+00:00,7568.30000,7571.80000,7563.30000,7563.80000,1046.00000
2026-07-15 13:15:00+00:00,7563.55000,7569.05000,7562.55000,7569.05000,868.00000
2026-07-15 13:30:00+00:00,7569.55000,7582.80000,7568.80000,7570.05000,4467.00000
2026-07-15 13:45:00+00:00,7570.30000,7572.55000,7558.05000,7571.30000,4898.00000
2026-07-15 14:00:00+00:00,7571.80000,7580.05000,7571.55000,7574.30000,4021.00000
2026-07-15 14:15:00+00:00,7574.55000,7582.55000,7559.80000,7573.05000,5228.00000
2026-07-15 14:30:00+00:00,7572.92000,7575.55000,7554.55000,7561.67000,5708.00000
2026-07-15 14:45:00+00:00,7561.80000,7564.80000,7554.05000,7561.30000,4638.00000
2026-07-15 15:00:00+00:00,7561.80000,7568.05000,7556.30000,7557.80000,4362.00000
2026-07-15 15:15:00+00:00,7557.55000,7562.80000,7548.80000,7562.55000,4210.00000
2026-07-15 15:30:00+00:00,7562.80000,7565.05000,7557.05000,7558.05000,3126.00000
2026-07-15 15:45:00+00:00,7558.30000,7559.05000,7549.30000,7552.80000,3040.00000
2026-07-15 16:00:00+00:00,7553.05000,7554.55000,7537.80000,7538.30000,3226.00000
2026-07-15 16:15:00+00:00,7538.05000,7539.80000,7530.55000,7534.55000,3108.00000
2026-07-15 16:30:00+00:00,7534.80000,7538.30000,7528.55000,7535.55000,2800.00000
2026-07-15 16:45:00+00:00,7535.80000,7550.05000,7533.55000,7543.55000,3218.00000
2026-07-15 17:00:00+00:00,7543.80000,7550.55000,7542.55000,7544.80000,1921.00000
2026-07-15 17:15:00+00:00,7545.05000,7555.30000,7544.30000,7555.05000,1484.00000
2026-07-15 17:30:00+00:00,7555.30000,7561.30000,7555.05000,7560.05000,1724.00000
2026-07-15 17:45:00+00:00,7560.17000,7572.55000,7559.55000,7569.05000,1574.00000
2026-07-15 18:00:00+00:00,7569.30000,7574.80000,7568.55000,7572.80000,1238.00000
2026-07-15 18:15:00+00:00,7572.55000,7575.55000,7569.55000,7573.30000,978.00000
2026-07-15 18:30:00+00:00,7573.55000,7576.30000,7567.05000,7567.30000,1064.00000
2026-07-15 18:45:00+00:00,7567.42000,7567.42000,7557.80000,7558.55000,2448.00000
2026-07-15 19:00:00+00:00,7558.80000,7565.55000,7557.30000,7564.55000,2054.00000
2026-07-15 19:15:00+00:00,7564.80000,7565.30000,7558.30000,7563.05000,1904.00000
2026-07-15 19:30:00+00:00,7563.30000,7569.30000,7558.05000,7568.05000,2496.00000
2026-07-15 19:45:00+00:00,7567.80000,7574.27000,7562.05000,7573.77000,2212.00000
2026-07-15 20:00:00+00:00,7574.02000,7575.77000,7565.77000,7571.27000,900.00000
2026-07-15 20:15:00+00:00,7571.52000,7574.52000,7570.02000,7573.52000,390.00000
2026-07-15 20:30:00+00:00,7573.77000,7573.77000,7571.52000,7573.27000,186.00000
2026-07-15 20:45:00+00:00,7573.52000,7574.27000,7572.02000,7572.77000,154.00000
2026-07-15 22:00:00+00:00,7573.43000,7579.68000,7573.43000,7576.43000,1008.00000
2026-07-15 22:15:00+00:00,7576.55000,7576.55000,7573.93000,7574.43000,484.00000
2026-07-15 22:30:00+00:00,7574.55000,7574.93000,7572.68000,7573.18000,502.00000
2026-07-15 22:45:00+00:00,7573.43000,7576.43000,7571.93000,7575.93000,836.00000
2026-07-15 23:00:00+00:00,7575.80000,7577.18000,7574.93000,7576.18000,608.00000
2026-07-15 23:15:00+00:00,7576.05000,7577.68000,7574.55000,7577.18000,532.00000
2026-07-15 23:30:00+00:00,7577.30000,7579.43000,7576.18000,7577.80000,506.00000
2026-07-15 23:45:00+00:00,7577.93000,7578.43000,7573.18000,7573.93000,1546.00000
2026-07-16 00:00:00+00:00,7573.68000,7584.30000,7573.30000,7584.18000,3272.00000
2026-07-16 00:15:00+00:00,7583.93000,7585.18000,7575.68000,7576.68000,2394.00000
2026-07-16 00:30:00+00:00,7576.93000,7579.43000,7572.93000,7572.93000,2166.00000
2026-07-16 00:45:00+00:00,7572.68000,7577.93000,7571.93000,7574.18000,2240.00000
2026-07-16 01:00:00+00:00,7574.43000,7575.68000,7570.93000,7572.43000,2846.00000
2026-07-16 01:15:00+00:00,7572.55000,7572.93000,7567.93000,7568.93000,2104.00000
2026-07-16 01:30:00+00:00,7568.68000,7573.18000,7568.55000,7569.93000,2430.00000
2026-07-16 01:45:00+00:00,7570.05000,7576.30000,7569.68000,7572.18000,2198.00000
2026-07-16 02:00:00+00:00,7572.30000,7572.43000,7568.68000,7570.68000,1506.00000
2026-07-16 02:15:00+00:00,7570.55000,7577.93000,7570.43000,7577.18000,1444.00000
2026-07-16 02:30:00+00:00,7577.05000,7578.43000,7575.55000,7576.18000,1242.00000
2026-07-16 02:45:00+00:00,7576.30000,7581.18000,7575.93000,7580.43000,1130.00000
2026-07-16 03:00:00+00:00,7580.18000,7582.43000,7579.43000,7581.43000,684.00000
2026-07-16 03:15:00+00:00,7581.18000,7581.43000,7578.43000,7579.30000,724.00000
2026-07-16 03:30:00+00:00,7579.18000,7582.68000,7578.93000,7580.43000,1530.00000
2026-07-16 03:45:00+00:00,7580.55000,7581.93000,7579.68000,7581.93000,978.00000
2026-07-16 04:00:00+00:00,7582.18000,7583.93000,7581.43000,7583.68000,828.00000
2026-07-16 04:15:00+00:00,7583.55000,7583.68000,7579.68000,7580.18000,608.00000
2026-07-16 04:30:00+00:00,7580.05000,7580.80000,7578.30000,7578.93000,582.00000
2026-07-16 04:45:00+00:00,7578.68000,7580.68000,7578.18000,7579.43000,810.00000
2026-07-16 05:00:00+00:00,7579.55000,7584.18000,7579.30000,7584.18000,1244.00000
2026-07-16 05:15:00+00:00,7584.43000,7587.18000,7583.68000,7585.18000,798.00000
2026-07-16 05:30:00+00:00,7585.30000,7589.30000,7574.18000,7577.68000,2426.00000
2026-07-16 05:45:00+00:00,7577.80000,7578.43000,7572.93000,7574.68000,1296.00000
2026-07-16 06:00:00+00:00,7574.93000,7582.33000,7570.96000,7579.46000,2992.00000
2026-07-16 06:15:00+00:00,7579.21000,7581.21000,7574.71000,7575.71000,1630.00000
2026-07-16 06:30:00+00:00,7575.21000,7575.96000,7568.71000,7572.96000,960.00000
2026-07-16 06:45:00+00:00,7573.21000,7576.71000,7571.46000,7575.96000,700.00000
2026-07-16 07:00:00+00:00,7576.21000,7576.21000,7567.71000,7567.71000,1848.00000
2026-07-16 07:15:00+00:00,7567.83000,7570.71000,7565.96000,7568.21000,1676.00000
2026-07-16 07:30:00+00:00,7568.33000,7569.21000,7563.46000,7563.83000,1340.00000
2026-07-16 07:45:00+00:00,7563.96000,7564.21000,7557.71000,7559.21000,1180.00000
2026-07-16 08:00:00+00:00,7559.46000,7560.46000,7551.21000,7551.71000,1994.00000
2026-07-16 08:15:00+00:00,7551.83000,7561.21000,7551.21000,7559.21000,1886.00000
2026-07-16 08:30:00+00:00,7558.96000,7563.71000,7557.96000,7561.46000,1512.00000
2026-07-16 08:45:00+00:00,7561.71000,7567.71000,7561.71000,7567.21000,1298.00000
2026-07-16 09:00:00+00:00,7567.46000,7571.21000,7567.33000,7570.71000,1126.00000
2026-07-16 09:15:00+00:00,7570.96000,7572.96000,7567.96000,7568.46000,686.00000
2026-07-16 09:30:00+00:00,7568.33000,7570.46000,7566.21000,7566.46000,966.00000
2026-07-16 09:45:00+00:00,7566.33000,7567.71000,7562.46000,7562.71000,1538.00000
2026-07-16 10:00:00+00:00,7562.96000,7565.46000,7559.96000,7563.83000,1398.00000
2026-07-16 10:15:00+00:00,7563.71000,7563.83000,7558.96000,7562.21000,1118.00000
2026-07-16 10:30:00+00:00,7561.96000,7564.71000,7559.71000,7561.21000,1356.00000
2026-07-16 10:45:00+00:00,7561.46000,7561.96000,7558.46000,7560.46000,984.00000
2026-07-16 11:00:00+00:00,7560.71000,7560.71000,7553.58000,7558.21000,1554.00000
2026-07-16 11:15:00+00:00,7558.46000,7560.96000,7553.46000,7557.46000,1604.00000
2026-07-16 11:30:00+00:00,7557.58000,7557.71000,7552.46000,7554.21000,1670.00000
2026-07-16 11:45:00+00:00,7554.33000,7555.71000,7538.96000,7554.71000,3014.00000
2026-07-16 12:00:00+00:00,7554.46000,7556.46000,7546.21000,7548.71000,1928.00000
2026-07-16 12:15:00+00:00,7548.96000,7551.96000,7541.46000,7544.58000,2324.00000
2026-07-16 12:30:00+00:00,7544.71000,7546.83000,7538.21000,7540.46000,3130.00000
2026-07-16 12:45:00+00:00,7540.21000,7546.96000,7539.33000,7544.21000,1622.00000
2026-07-16 13:00:00+00:00,7544.46000,7553.71000,7543.46000,7553.21000,1746.00000
2026-07-16 13:15:00+00:00,7553.46000,7555.46000,7551.96000,7553.96000,1400.00000
2026-07-16 13:30:00+00:00,7554.71000,7561.71000,7537.46000,7539.46000,5624.00000
2026-07-16 13:45:00+00:00,7539.96000,7548.96000,7532.96000,7545.46000,6076.00000
2026-07-16 14:00:00+00:00,7545.21000,7562.96000,7542.96000,7560.46000,4564.00000
2026-07-16 14:15:00+00:00,7560.21000,7570.71000,7557.71000,7570.21000,4066.00000
2026-07-16 14:30:00+00:00,7569.96000,7570.96000,7564.21000,7570.46000,3242.00000
2026-07-16 14:45:00+00:00,7570.21000,7572.21000,7560.46000,7568.71000,3366.00000
2026-07-16 15:00:00+00:00,7569.21000,7570.71000,7557.46000,7559.96000,3294.00000
2026-07-16 15:15:00+00:00,7559.71000,7571.21000,7556.46000,7564.71000,3218.00000
2026-07-16 15:30:00+00:00,7564.96000,7570.71000,7559.21000,7563.21000,2714.00000
2026-07-16 15:45:00+00:00,7562.96000,7567.71000,7556.83000,7562.46000,2812.00000
2026-07-16 16:00:00+00:00,7562.71000,7562.96000,7546.21000,7546.71000,3106.00000
2026-07-16 16:15:00+00:00,7546.46000,7551.71000,7540.71000,7545.96000,3396.00000
2026-07-16 16:30:00+00:00,7546.21000,7551.71000,7544.46000,7546.21000,2704.00000
2026-07-16 16:45:00+00:00,7546.46000,7556.71000,7543.46000,7555.71000,2784.00000
2026-07-16 17:00:00+00:00,7555.96000,7555.96000,7548.21000,7548.71000,2332.00000
2026-07-16 17:15:00+00:00,7548.96000,7554.96000,7546.96000,7553.71000,2406.00000
2026-07-16 17:30:00+00:00,7553.96000,7554.96000,7537.21000,7540.71000,2668.00000
2026-07-16 17:45:00+00:00,7540.83000,7545.46000,7537.21000,7539.96000,2352.00000
2026-07-16 18:00:00+00:00,7539.71000,7541.46000,7531.46000,7533.96000,3126.00000
2026-07-16 18:15:00+00:00,7533.71000,7543.96000,7531.46000,7536.21000,2786.00000
2026-07-16 18:30:00+00:00,7535.96000,7535.96000,7526.21000,7532.08000,2664.00000
2026-07-16 18:45:00+00:00,7531.96000,7536.21000,7528.21000,7528.96000,2108.00000
2026-07-16 19:00:00+00:00,7529.21000,7533.71000,7522.46000,7524.21000,2484.00000
2026-07-16 19:15:00+00:00,7523.96000,7526.96000,7515.71000,7517.96000,2582.00000
2026-07-16 19:30:00+00:00,7518.21000,7518.71000,7510.96000,7512.21000,2772.00000
2026-07-16 19:45:00+00:00,7511.96000,7536.93000,7505.96000,7534.68000,3458.00000
2026-07-16 20:00:00+00:00,7534.43000,7535.18000,7524.68000,7524.93000,2114.00000
2026-07-16 20:15:00+00:00,7525.43000,7530.80000,7523.93000,7526.68000,922.00000
2026-07-16 20:30:00+00:00,7526.55000,7527.93000,7524.18000,7526.18000,646.00000
2026-07-16 20:45:00+00:00,7526.30000,7527.68000,7524.80000,7526.18000,456.00000
2026-07-16 22:00:00+00:00,7531.39000,7533.02000,7528.02000,7528.77000,1372.00000
2026-07-16 22:15:00+00:00,7528.89000,7529.02000,7525.02000,7525.52000,730.00000
2026-07-16 22:30:00+00:00,7525.64000,7526.52000,7523.52000,7525.64000,688.00000
2026-07-16 22:45:00+00:00,7525.77000,7525.77000,7522.14000,7524.27000,788.00000
2026-07-16 23:00:00+00:00,7524.39000,7525.39000,7519.77000,7523.02000,888.00000
2026-07-16 23:15:00+00:00,7523.14000,7523.27000,7517.02000,7519.27000,886.00000
2026-07-16 23:30:00+00:00,7519.39000,7522.52000,7515.52000,7520.64000,1178.00000
2026-07-16 23:45:00+00:00,7520.77000,7521.52000,7517.14000,7518.89000,2182.00000
2026-07-17 00:00:00+00:00,7519.14000,7522.02000,7510.52000,7511.52000,3606.00000
2026-07-17 00:15:00+00:00,7511.64000,7515.77000,7507.77000,7508.64000,2918.00000
2026-07-17 00:30:00+00:00,7508.52000,7509.27000,7504.64000,7506.77000,2106.00000
2026-07-17 00:45:00+00:00,7506.52000,7513.77000,7506.27000,7510.52000,2472.00000
2026-07-17 01:00:00+00:00,7510.77000,7514.52000,7503.77000,7504.39000,3516.00000
2026-07-17 01:15:00+00:00,7504.52000,7506.77000,7502.02000,7506.52000,2504.00000
2026-07-17 01:30:00+00:00,7506.77000,7507.02000,7496.52000,7497.14000,2552.00000
2026-07-17 01:45:00+00:00,7497.02000,7498.77000,7493.77000,7496.39000,2328.00000
2026-07-17 02:00:00+00:00,7496.77000,7497.77000,7492.27000,7493.39000,2024.00000
2026-07-17 02:15:00+00:00,7493.27000,7493.52000,7488.52000,7489.77000,1224.00000
2026-07-17 02:30:00+00:00,7489.89000,7490.77000,7487.02000,7490.77000,1346.00000
2026-07-17 02:45:00+00:00,7490.89000,7491.39000,7484.02000,7488.52000,1290.00000
2026-07-17 03:00:00+00:00,7489.02000,7493.39000,7486.89000,7492.52000,1158.00000
2026-07-17 03:15:00+00:00,7492.77000,7499.52000,7492.52000,7498.02000,1138.00000
2026-07-17 03:30:00+00:00,7497.77000,7498.14000,7486.77000,7488.64000,1738.00000
2026-07-17 03:45:00+00:00,7488.77000,7489.02000,7482.77000,7482.77000,1560.00000
2026-07-17 04:00:00+00:00,7483.02000,7483.02000,7476.02000,7477.02000,1970.00000
2026-07-17 04:15:00+00:00,7477.14000,7477.77000,7471.02000,7472.64000,1714.00000
2026-07-17 04:30:00+00:00,7472.52000,7474.27000,7467.77000,7472.52000,2402.00000
2026-07-17 04:45:00+00:00,7472.64000,7477.52000,7472.02000,7472.27000,1940.00000
2026-07-17 05:00:00+00:00,7472.64000,7474.02000,7469.52000,7470.52000,2120.00000
2026-07-17 05:15:00+00:00,7470.77000,7473.14000,7468.27000,7470.02000,1904.00000
2026-07-17 05:30:00+00:00,7470.14000,7472.52000,7461.64000,7466.52000,2246.00000
2026-07-17 05:45:00+00:00,7466.27000,7470.02000,7463.64000,7469.52000,2358.00000
2026-07-17 06:00:00+00:00,7470.02000,7474.30000,7467.55000,7472.42000,2580.00000
2026-07-17 06:15:00+00:00,7472.05000,7481.55000,7471.55000,7480.55000,1452.00000
2026-07-17 06:30:00+00:00,7480.05000,7481.80000,7472.80000,7474.05000,1618.00000
2026-07-17 06:45:00+00:00,7473.92000,7473.92000,7467.30000,7470.42000,1762.00000
2026-07-17 07:00:00+00:00,7470.55000,7474.80000,7468.42000,7473.05000,2950.00000
2026-07-17 07:15:00+00:00,7473.30000,7475.30000,7468.80000,7475.05000,2480.00000
2026-07-17 07:30:00+00:00,7475.17000,7477.30000,7471.05000,7473.80000,2054.00000
2026-07-17 07:45:00+00:00,7473.67000,7474.55000,7469.05000,7470.05000,1966.00000
2026-07-17 08:00:00+00:00,7470.30000,7475.05000,7464.55000,7466.05000,3440.00000
2026-07-17 08:15:00+00:00,7466.30000,7466.55000,7453.80000,7458.55000,3986.00000
2026-07-17 08:30:00+00:00,7458.80000,7460.80000,7450.05000,7453.30000,2888.00000
2026-07-17 08:45:00+00:00,7453.05000,7462.55000,7452.30000,7457.80000,2296.00000
2026-07-17 09:00:00+00:00,7457.92000,7464.30000,7455.30000,7464.05000,2516.00000
2026-07-17 09:15:00+00:00,7463.80000,7468.80000,7460.42000,7468.80000,2068.00000
2026-07-17 09:30:00+00:00,7468.55000,7468.80000,7461.55000,7462.05000,1626.00000
2026-07-17 09:45:00+00:00,7462.17000,7468.92000,7462.05000,7468.55000,2046.00000
2026-07-17 10:00:00+00:00,7468.67000,7475.55000,7465.55000,7474.80000,2486.00000
2026-07-17 10:15:00+00:00,7475.05000,7476.30000,7469.55000,7474.05000,1822.00000
2026-07-17 10:30:00+00:00,7473.80000,7480.30000,7473.80000,7477.55000,1358.00000
2026-07-17 10:45:00+00:00,7477.67000,7478.80000,7474.80000,7476.55000,1158.00000
2026-07-17 11:00:00+00:00,7476.80000,7480.05000,7470.67000,7471.30000,1954.00000
2026-07-17 11:15:00+00:00,7471.42000,7475.30000,7468.05000,7475.30000,1632.00000
2026-07-17 11:30:00+00:00,7475.55000,7476.80000,7471.67000,7472.42000,1862.00000
2026-07-17 11:45:00+00:00,7472.30000,7478.80000,7470.80000,7477.30000,1836.00000
2026-07-17 12:00:00+00:00,7477.05000,7477.92000,7467.80000,7468.80000,2162.00000
2026-07-17 12:15:00+00:00,7469.17000,7470.80000,7466.05000,7467.80000,1854.00000
2026-07-17 12:30:00+00:00,7467.67000,7468.30000,7463.55000,7466.30000,2132.00000
2026-07-17 12:45:00+00:00,7466.05000,7468.30000,7461.30000,7462.80000,1898.00000
2026-07-17 13:00:00+00:00,7463.05000,7463.05000,7451.30000,7451.67000,1878.00000
2026-07-17 13:15:00+00:00,7451.55000,7454.80000,7441.80000,7443.55000,2890.00000
2026-07-17 13:30:00+00:00,7444.05000,7450.30000,7431.55000,7434.30000,6872.00000
2026-07-17 13:45:00+00:00,7434.05000,7472.30000,7433.30000,7471.92000,6172.00000
2026-07-17 14:00:00+00:00,7472.05000,7492.05000,7470.80000,7487.05000,5814.00000
2026-07-17 14:15:00+00:00,7487.55000,7497.30000,7486.05000,7487.80000,5110.00000
2026-07-17 14:30:00+00:00,7488.05000,7492.30000,7480.30000,7483.05000,5218.00000
2026-07-17 14:45:00+00:00,7482.80000,7489.80000,7472.80000,7474.55000,4800.00000
2026-07-17 15:00:00+00:00,7474.80000,7476.30000,7465.05000,7467.55000,4804.00000
2026-07-17 15:15:00+00:00,7467.30000,7479.80000,7463.55000,7478.55000,4806.00000
2026-07-17 15:30:00+00:00,7478.80000,7483.30000,7468.55000,7479.05000,4790.00000
2026-07-17 15:45:00+00:00,7478.92000,7494.80000,7472.92000,7492.80000,3936.00000
2026-07-17 16:00:00+00:00,7493.30000,7495.30000,7472.17000,7486.80000,4784.00000
2026-07-17 16:15:00+00:00,7487.05000,7489.30000,7475.05000,7483.17000,3970.00000
2026-07-17 16:30:00+00:00,7483.30000,7488.55000,7479.30000,7488.30000,3586.00000
2026-07-17 16:45:00+00:00,7488.05000,7496.80000,7485.55000,7487.55000,3094.00000
2026-07-17 17:00:00+00:00,7487.80000,7495.42000,7486.30000,7488.30000,2590.00000
2026-07-17 17:15:00+00:00,7488.55000,7494.30000,7483.80000,7492.80000,2360.00000
2026-07-17 17:30:00+00:00,7492.55000,7493.80000,7478.80000,7479.80000,2678.00000
2026-07-17 17:45:00+00:00,7479.55000,7482.80000,7467.17000,7469.30000,2442.00000
2026-07-17 18:00:00+00:00,7469.55000,7474.92000,7464.42000,7464.80000,3010.00000
2026-07-17 18:15:00+00:00,7464.55000,7465.55000,7456.05000,7460.55000,2980.00000
2026-07-17 18:30:00+00:00,7460.30000,7467.05000,7454.30000,7455.80000,3028.00000
2026-07-17 18:45:00+00:00,7455.55000,7470.30000,7454.05000,7467.05000,3134.00000
2026-07-17 19:00:00+00:00,7467.55000,7468.30000,7450.80000,7451.05000,2816.00000
2026-07-17 19:15:00+00:00,7450.30000,7456.30000,7444.80000,7455.05000,3358.00000
2026-07-17 19:30:00+00:00,7455.30000,7459.80000,7449.80000,7458.30000,3992.00000
2026-07-17 19:45:00+00:00,7458.55000,7467.55000,7452.77000,7454.64000,4272.00000
2026-07-17 20:00:00+00:00,7455.02000,7455.52000,7443.27000,7447.02000,2816.00000
2026-07-17 20:15:00+00:00,7447.52000,7452.02000,7445.77000,7451.27000,788.00000
2026-07-17 20:30:00+00:00,7451.52000,7454.77000,7451.02000,7454.52000,626.00000
2026-07-17 20:45:00+00:00,7454.77000,7456.27000,7451.89000,7454.02000,534.00000
2026-07-19 22:00:00+00:00,7450.16000,7457.91000,7443.04000,7444.79000,3684.00000
2026-07-19 22:15:00+00:00,7444.66000,7457.54000,7444.66000,7448.16000,2274.00000
2026-07-19 22:30:00+00:00,7448.04000,7463.29000,7447.04000,7461.41000,2196.00000
2026-07-19 22:45:00+00:00,7461.54000,7463.04000,7455.66000,7456.66000,1620.00000
2026-07-19 23:00:00+00:00,7456.79000,7459.29000,7453.04000,7456.41000,1772.00000
2026-07-19 23:15:00+00:00,7456.79000,7459.16000,7452.79000,7454.29000,1332.00000
2026-07-19 23:30:00+00:00,7454.41000,7462.91000,7452.04000,7462.79000,1744.00000
2026-07-19 23:45:00+00:00,7462.91000,7466.04000,7455.66000,7465.16000,3244.00000
2026-07-20 00:00:00+00:00,7465.79000,7478.29000,7457.79000,7475.66000,4324.00000
2026-07-20 00:15:00+00:00,7475.54000,7478.04000,7471.29000,7472.41000,3268.00000
2026-07-20 00:30:00+00:00,7472.29000,7472.91000,7464.41000,7465.29000,3384.00000
2026-07-20 00:45:00+00:00,7465.41000,7467.54000,7462.91000,7464.29000,3312.00000
2026-07-20 01:00:00+00:00,7464.54000,7472.54000,7464.04000,7464.54000,4556.00000
2026-07-20 01:15:00+00:00,7464.66000,7468.29000,7459.41000,7460.04000,3926.00000
2026-07-20 01:30:00+00:00,7459.79000,7461.79000,7453.91000,7456.16000,4136.00000
2026-07-20 01:45:00+00:00,7456.29000,7459.29000,7451.04000,7455.54000,3124.00000
2026-07-20 02:00:00+00:00,7456.04000,7467.54000,7455.41000,7460.54000,3574.00000
2026-07-20 02:15:00+00:00,7460.66000,7461.04000,7454.54000,7457.54000,3052.00000
2026-07-20 02:30:00+00:00,7457.41000,7470.04000,7457.04000,7467.54000,3362.00000
2026-07-20 02:45:00+00:00,7467.66000,7471.54000,7466.29000,7466.54000,2542.00000
2026-07-20 03:00:00+00:00,7466.41000,7468.79000,7462.04000,7464.54000,2374.00000
2026-07-20 03:15:00+00:00,7464.41000,7468.54000,7463.54000,7465.16000,3004.00000
2026-07-20 03:30:00+00:00,7465.04000,7469.04000,7463.29000,7468.54000,2896.00000
2026-07-20 03:45:00+00:00,7468.41000,7471.29000,7464.79000,7466.54000,2222.00000
2026-07-20 04:00:00+00:00,7466.79000,7468.54000,7462.29000,7462.79000,2226.00000
2026-07-20 04:15:00+00:00,7462.66000,7469.29000,7460.04000,7468.79000,2250.00000
2026-07-20 04:30:00+00:00,7468.66000,7474.29000,7467.29000,7473.29000,2516.00000
2026-07-20 04:45:00+00:00,7473.16000,7476.04000,7469.79000,7470.04000,1836.00000
2026-07-20 05:00:00+00:00,7470.29000,7471.29000,7458.79000,7464.16000,2370.00000
2026-07-20 05:15:00+00:00,7464.04000,7464.04000,7460.04000,7461.29000,2892.00000
2026-07-20 05:30:00+00:00,7461.04000,7461.54000,7458.29000,7458.29000,2662.00000
2026-07-20 05:45:00+00:00,7458.54000,7460.54000,7455.04000,7457.04000,1958.00000
2026-07-20 06:00:00+00:00,7457.54000,7460.57000,7455.57000,7456.07000,2244.00000
2026-07-20 06:15:00+00:00,7455.82000,7459.07000,7453.82000,7455.82000,1822.00000
2026-07-20 06:30:00+00:00,7455.57000,7459.32000,7452.07000,7457.32000,1862.00000
2026-07-20 06:45:00+00:00,7457.57000,7458.57000,7454.57000,7458.07000,1532.00000
2026-07-20 07:00:00+00:00,7458.57000,7463.57000,7458.32000,7460.57000,2522.00000
2026-07-20 07:15:00+00:00,7460.82000,7470.82000,7457.69000,7470.57000,2670.00000
2026-07-20 07:30:00+00:00,7470.44000,7480.32000,7470.32000,7478.07000,3110.00000
2026-07-20 07:45:00+00:00,7478.32000,7479.57000,7472.57000,7476.82000,2046.00000
2026-07-20 08:00:00+00:00,7477.07000,7481.69000,7475.07000,7480.82000,2388.00000
2026-07-20 08:15:00+00:00,7481.07000,7482.57000,7478.07000,7478.57000,1614.00000
2026-07-20 08:30:00+00:00,7478.32000,7479.32000,7473.07000,7473.82000,1630.00000
2026-07-20 08:45:00+00:00,7473.69000,7476.82000,7473.19000,7475.07000,1536.00000
2026-07-20 09:00:00+00:00,7475.32000,7476.69000,7471.82000,7473.82000,1620.00000
2026-07-20 09:15:00+00:00,7474.07000,7479.19000,7473.82000,7478.07000,1340.00000
2026-07-20 09:30:00+00:00,7477.82000,7481.94000,7476.94000,7481.57000,1474.00000
2026-07-20 09:45:00+00:00,7481.44000,7488.32000,7481.32000,7482.57000,1228.00000
2026-07-20 10:00:00+00:00,7482.69000,7483.32000,7478.82000,7479.32000,1160.00000
2026-07-20 10:15:00+00:00,7479.07000,7481.82000,7477.82000,7480.82000,1242.00000
2026-07-20 10:30:00+00:00,7480.69000,7483.57000,7478.32000,7480.57000,1519.00000
2026-07-20 10:45:00+00:00,7480.44000,7485.07000,7479.44000,7482.82000,1226.00000
2026-07-20 11:00:00+00:00,7482.94000,7490.32000,7481.57000,7488.32000,1833.00000
2026-07-20 11:15:00+00:00,7488.57000,7489.19000,7483.82000,7484.57000,1048.00000
2026-07-20 11:30:00+00:00,7484.69000,7506.32000,7484.07000,7500.07000,4740.00000
2026-07-20 11:45:00+00:00,7500.32000,7501.82000,7493.57000,7496.44000,2150.00000
2026-07-20 12:00:00+00:00,7496.57000,7497.07000,7482.07000,7487.07000,3898.00000
2026-07-20 12:15:00+00:00,7486.82000,7491.07000,7484.32000,7491.07000,1706.00000
2026-07-20 12:30:00+00:00,7492.07000,7492.32000,7485.32000,7486.07000,1706.00000
2026-07-20 12:45:00+00:00,7486.32000,7491.57000,7483.57000,7488.07000,1390.00000
2026-07-20 13:00:00+00:00,7488.57000,7492.32000,7487.57000,7488.32000,1418.00000
2026-07-20 13:15:00+00:00,7488.57000,7497.07000,7487.07000,7495.32000,1371.00000
2026-07-20 13:30:00+00:00,7496.32000,7512.32000,7493.82000,7511.07000,3918.00000
2026-07-20 13:45:00+00:00,7511.32000,7512.82000,7480.07000,7481.32000,4532.00000
2026-07-20 14:00:00+00:00,7481.57000,7488.32000,7472.32000,7474.82000,4978.00000
2026-07-20 14:15:00+00:00,7475.07000,7482.07000,7467.07000,7481.32000,4534.00000
2026-07-20 14:30:00+00:00,7481.57000,7483.82000,7472.32000,7473.57000,4754.00000
2026-07-20 14:45:00+00:00,7473.69000,7482.32000,7461.82000,7466.07000,4698.00000
2026-07-20 15:00:00+00:00,7466.57000,7479.82000,7463.07000,7472.82000,4912.00000
2026-07-20 15:15:00+00:00,7473.32000,7484.57000,7471.07000,7483.57000,3726.00000
2026-07-20 15:30:00+00:00,7483.82000,7485.07000,7477.57000,7484.57000,3146.00000
2026-07-20 15:45:00+00:00,7484.82000,7489.07000,7475.57000,7484.57000,2920.00000
2026-07-20 16:00:00+00:00,7484.82000,7494.82000,7480.57000,7492.82000,2194.00000
2026-07-20 16:15:00+00:00,7493.07000,7493.57000,7486.57000,7489.57000,1982.00000
2026-07-20 16:30:00+00:00,7489.82000,7492.44000,7469.57000,7478.82000,3140.00000
2026-07-20 16:45:00+00:00,7478.69000,7486.82000,7472.07000,7474.57000,3086.00000
2026-07-20 17:00:00+00:00,7475.07000,7476.82000,7463.07000,7463.57000,2310.00000
2026-07-20 17:15:00+00:00,7463.32000,7469.32000,7460.07000,7465.82000,2168.00000
2026-07-20 17:30:00+00:00,7466.07000,7470.07000,7460.32000,7462.07000,2366.00000
2026-07-20 17:45:00+00:00,7462.57000,7473.32000,7461.82000,7470.07000,2208.00000
2026-07-20 18:00:00+00:00,7470.32000,7476.82000,7469.82000,7475.07000,1832.00000
2026-07-20 18:15:00+00:00,7474.82000,7478.57000,7465.82000,7469.32000,2140.00000
2026-07-20 18:30:00+00:00,7469.57000,7469.57000,7449.82000,7449.82000,2906.00000
2026-07-20 18:45:00+00:00,7449.57000,7456.57000,7448.82000,7451.57000,2674.00000
2026-07-20 19:00:00+00:00,7451.82000,7456.07000,7441.32000,7441.32000,2702.00000
2026-07-20 19:15:00+00:00,7441.07000,7453.32000,7439.32000,7451.44000,2862.00000
2026-07-20 19:30:00+00:00,7451.32000,7458.07000,7447.82000,7454.82000,3042.00000
2026-07-20 19:45:00+00:00,7455.07000,7457.32000,7441.54000,7446.54000,3610.00000
2026-07-20 20:00:00+00:00,7446.79000,7454.04000,7441.79000,7442.79000,1398.00000
2026-07-20 20:15:00+00:00,7442.54000,7443.04000,7437.79000,7440.04000,620.00000
2026-07-20 20:30:00+00:00,7440.29000,7444.29000,7439.79000,7442.79000,382.00000
2026-07-20 20:45:00+00:00,7443.04000,7444.79000,7441.54000,7444.54000,314.00000
2026-07-20 22:00:00+00:00,7446.04000,7446.04000,7435.17000,7437.67000,1406.00000
2026-07-20 22:15:00+00:00,7437.79000,7439.17000,7436.54000,7437.67000,766.00000
2026-07-20 22:30:00+00:00,7437.79000,7438.79000,7434.92000,7437.92000,668.00000
2026-07-20 22:45:00+00:00,7438.17000,7438.67000,7435.67000,7437.17000,526.00000
2026-07-20 23:00:00+00:00,7437.54000,7444.92000,7436.54000,7444.67000,964.00000
2026-07-20 23:15:00+00:00,7444.92000,7451.67000,7444.42000,7451.42000,956.00000
2026-07-20 23:30:00+00:00,7451.29000,7452.67000,7449.67000,7450.67000,610.00000
2026-07-20 23:45:00+00:00,7450.54000,7452.67000,7442.42000,7446.92000,2710.00000
2026-07-21 00:00:00+00:00,7446.54000,7446.67000,7436.17000,7439.42000,5476.00000
2026-07-21 00:15:00+00:00,7439.54000,7450.17000,7435.67000,7447.92000,4680.00000
2026-07-21 00:30:00+00:00,7448.04000,7455.92000,7447.67000,7454.17000,3074.00000
2026-07-21 00:45:00+00:00,7454.29000,7457.67000,7452.42000,7453.92000,2378.00000
2026-07-21 01:00:00+00:00,7454.04000,7460.42000,7451.17000,7459.67000,2760.00000
2026-07-21 01:15:00+00:00,7459.79000,7461.17000,7456.42000,7457.42000,2892.00000
2026-07-21 01:30:00+00:00,7457.67000,7459.92000,7452.79000,7453.54000,2102.00000
2026-07-21 01:45:00+00:00,7453.67000,7457.67000,7452.67000,7454.67000,2406.00000
2026-07-21 02:00:00+00:00,7455.04000,7461.42000,7453.92000,7454.67000,2410.00000
2026-07-21 02:15:00+00:00,7454.54000,7459.17000,7450.42000,7455.67000,2068.00000
2026-07-21 02:30:00+00:00,7455.79000,7463.29000,7455.79000,7462.42000,1546.00000
2026-07-21 02:45:00+00:00,7462.29000,7463.67000,7459.92000,7463.42000,1080.00000
2026-07-21 03:00:00+00:00,7463.67000,7466.17000,7463.42000,7465.42000,616.00000
2026-07-21 03:15:00+00:00,7465.54000,7469.67000,7465.17000,7469.67000,546.00000
2026-07-21 03:30:00+00:00,7469.92000,7472.92000,7469.17000,7471.17000,802.00000
2026-07-21 03:45:00+00:00,7471.42000,7474.79000,7471.17000,7474.54000,680.00000
2026-07-21 04:00:00+00:00,7474.92000,7478.42000,7474.42000,7475.92000,874.00000
2026-07-21 04:15:00+00:00,7475.67000,7476.67000,7474.92000,7475.67000,788.00000
2026-07-21 04:30:00+00:00,7475.92000,7477.92000,7475.17000,7476.42000,856.00000
2026-07-21 04:45:00+00:00,7476.29000,7477.42000,7474.92000,7476.04000,798.00000
2026-07-21 05:00:00+00:00,7475.92000,7476.42000,7473.17000,7473.67000,1006.00000
2026-07-21 05:15:00+00:00,7473.54000,7478.67000,7471.92000,7478.42000,1050.00000
2026-07-21 05:30:00+00:00,7478.67000,7483.54000,7476.17000,7482.92000,988.00000
2026-07-21 05:45:00+00:00,7483.17000,7484.54000,7480.67000,7482.67000,1350.00000
2026-07-21 06:00:00+00:00,7482.42000,7484.45000,7481.20000,7482.95000,1186.00000
2026-07-21 06:15:00+00:00,7483.07000,7484.45000,7479.70000,7481.45000,998.00000
2026-07-21 06:30:00+00:00,7481.82000,7489.32000,7481.82000,7487.07000,1398.00000
2026-07-21 06:45:00+00:00,7487.20000,7487.45000,7484.07000,7485.70000,634.00000
2026-07-21 07:00:00+00:00,7485.20000,7489.70000,7482.57000,7484.70000,1602.00000
2026-07-21 07:15:00+00:00,7484.45000,7484.45000,7477.70000,7478.70000,1170.00000
2026-07-21 07:30:00+00:00,7478.95000,7482.20000,7475.70000,7479.20000,1206.00000
2026-07-21 07:45:00+00:00,7479.45000,7479.95000,7476.32000,7479.70000,1156.00000
2026-07-21 08:00:00+00:00,7479.45000,7484.95000,7477.70000,7484.70000,1902.00000
2026-07-21 08:15:00+00:00,7484.57000,7486.20000,7483.20000,7485.20000,1516.00000
2026-07-21 08:30:00+00:00,7485.45000,7487.45000,7484.20000,7486.45000,1340.00000
2026-07-21 08:45:00+00:00,7486.32000,7486.45000,7483.20000,7485.20000,1032.00000
2026-07-21 09:00:00+00:00,7484.95000,7488.20000,7484.70000,7487.20000,820.00000
2026-07-21 09:15:00+00:00,7487.45000,7489.95000,7484.70000,7484.95000,846.00000
2026-07-21 09:30:00+00:00,7484.82000,7487.20000,7483.20000,7484.70000,938.00000
2026-07-21 09:45:00+00:00,7484.45000,7488.95000,7483.70000,7484.32000,890.00000
2026-07-21 10:00:00+00:00,7484.45000,7489.70000,7482.70000,7485.20000,2058.00000
2026-07-21 10:15:00+00:00,7485.07000,7487.95000,7484.45000,7485.70000,1254.00000
2026-07-21 10:30:00+00:00,7485.57000,7490.57000,7483.20000,7484.95000,1302.00000
2026-07-21 10:45:00+00:00,7484.70000,7486.70000,7481.57000,7483.95000,1322.00000
2026-07-21 11:00:00+00:00,7484.07000,7485.45000,7477.70000,7480.95000,1372.00000
2026-07-21 11:15:00+00:00,7481.07000,7481.07000,7474.95000,7476.20000,1462.00000
2026-07-21 11:30:00+00:00,7476.07000,7482.70000,7476.07000,7478.70000,1320.00000
2026-07-21 11:45:00+00:00,7478.57000,7480.45000,7475.45000,7476.70000,1120.00000
2026-07-21 12:00:00+00:00,7477.20000,7482.82000,7475.32000,7479.95000,1598.00000
2026-07-21 12:15:00+00:00,7479.82000,7479.95000,7472.20000,7472.70000,2004.00000
2026-07-21 12:30:00+00:00,7472.82000,7474.45000,7467.45000,7471.57000,1674.00000
2026-07-21 12:45:00+00:00,7471.70000,7479.20000,7471.45000,7477.45000,1574.00000
2026-07-21 13:00:00+00:00,7477.95000,7478.20000,7473.70000,7475.95000,1140.00000
2026-07-21 13:15:00+00:00,7475.70000,7487.70000,7475.45000,7487.70000,1480.00000
2026-07-21 13:30:00+00:00,7488.70000,7491.95000,7467.45000,7469.70000,4996.00000
2026-07-21 13:45:00+00:00,7469.20000,7478.45000,7466.45000,7478.20000,5574.00000
2026-07-21 14:00:00+00:00,7478.70000,7483.45000,7474.20000,7482.20000,4914.00000
2026-07-21 14:15:00+00:00,7482.32000,7494.95000,7472.70000,7493.70000,4146.00000
2026-07-21 14:30:00+00:00,7493.95000,7497.45000,7482.95000,7491.20000,3172.00000
2026-07-21 14:45:00+00:00,7491.45000,7497.95000,7488.20000,7492.95000,2952.00000
2026-07-21 15:00:00+00:00,7492.70000,7500.45000,7483.45000,7497.20000,2538.00000
2026-07-21 15:15:00+00:00,7497.45000,7505.70000,7496.70000,7505.45000,2096.00000
2026-07-21 15:30:00+00:00,7505.57000,7505.57000,7499.45000,7501.20000,1818.00000
2026-07-21 15:45:00+00:00,7500.95000,7505.20000,7499.95000,7500.45000,1118.00000
2026-07-21 16:00:00+00:00,7500.20000,7508.20000,7500.20000,7507.45000,980.00000
2026-07-21 16:15:00+00:00,7507.70000,7512.45000,7507.20000,7511.45000,924.00000
2026-07-21 16:30:00+00:00,7511.70000,7512.95000,7509.95000,7511.45000,780.00000
2026-07-21 16:45:00+00:00,7511.70000,7515.70000,7509.45000,7512.20000,818.00000
2026-07-21 17:00:00+00:00,7511.95000,7513.70000,7510.45000,7510.95000,772.00000
2026-07-21 17:15:00+00:00,7511.07000,7511.45000,7507.45000,7508.70000,832.00000
2026-07-21 17:30:00+00:00,7509.20000,7512.20000,7507.20000,7511.70000,810.00000
2026-07-21 17:45:00+00:00,7511.95000,7514.20000,7509.95000,7510.95000,728.00000
2026-07-21 18:00:00+00:00,7510.70000,7512.70000,7506.45000,7506.45000,790.00000
2026-07-21 18:15:00+00:00,7506.70000,7508.70000,7505.45000,7506.95000,674.00000
2026-07-21 18:30:00+00:00,7507.20000,7510.95000,7504.20000,7510.20000,660.00000
2026-07-21 18:45:00+00:00,7510.32000,7511.20000,7507.20000,7508.70000,642.00000
2026-07-21 19:00:00+00:00,7508.95000,7509.45000,7506.20000,7507.70000,840.00000
2026-07-21 19:15:00+00:00,7507.45000,7509.70000,7506.95000,7507.45000,670.00000
2026-07-21 19:30:00+00:00,7507.70000,7510.45000,7505.95000,7509.95000,796.00000
2026-07-21 19:45:00+00:00,7509.70000,7511.20000,7505.42000,7507.92000,1840.00000
2026-07-21 20:00:00+00:00,7507.42000,7508.67000,7502.92000,7506.17000,790.00000
2026-07-21 20:15:00+00:00,7505.92000,7505.92000,7502.67000,7503.17000,246.00000
2026-07-21 20:30:00+00:00,7503.42000,7505.42000,7503.42000,7504.17000,130.00000
2026-07-21 20:45:00+00:00,7504.42000,7504.54000,7502.42000,7503.67000,162.00000
2026-07-21 22:00:00+00:00,7506.62000,7507.00000,7504.00000,7507.00000,1068.00000
2026-07-21 22:15:00+00:00,7506.75000,7508.00000,7503.50000,7504.25000,550.00000
2026-07-21 22:30:00+00:00,7504.00000,7505.00000,7502.75000,7503.50000,490.00000
2026-07-21 22:45:00+00:00,7503.00000,7503.25000,7501.00000,7503.25000,554.00000
2026-07-21 23:00:00+00:00,7503.00000,7504.62000,7502.25000,7504.25000,436.00000
2026-07-21 23:15:00+00:00,7504.50000,7506.50000,7502.75000,7505.50000,496.00000
2026-07-21 23:30:00+00:00,7505.25000,7506.50000,7502.25000,7503.00000,558.00000
2026-07-21 23:45:00+00:00,7503.12000,7506.50000,7502.50000,7505.75000,1674.00000
2026-07-22 00:00:00+00:00,7506.50000,7509.50000,7504.50000,7507.50000,3182.00000
2026-07-22 00:15:00+00:00,7507.62000,7508.25000,7503.25000,7504.50000,2362.00000
2026-07-22 00:30:00+00:00,7504.75000,7505.50000,7501.75000,7503.25000,2430.00000
2026-07-22 00:45:00+00:00,7503.37000,7505.00000,7500.50000,7504.50000,1980.00000
2026-07-22 01:00:00+00:00,7504.62000,7505.50000,7498.75000,7500.75000,1946.00000
2026-07-22 01:15:00+00:00,7501.00000,7501.75000,7497.50000,7498.75000,1524.00000
2026-07-22 01:30:00+00:00,7499.00000,7501.00000,7497.00000,7500.75000,1758.00000
2026-07-22 01:45:00+00:00,7501.00000,7507.00000,7500.12000,7503.50000,1256.00000
2026-07-22 02:00:00+00:00,7503.75000,7504.50000,7498.75000,7502.25000,1698.00000
2026-07-22 02:15:00+00:00,7502.12000,7505.25000,7501.00000,7504.00000,1464.00000
2026-07-22 02:30:00+00:00,7503.75000,7504.50000,7500.75000,7504.00000,1778.00000
2026-07-22 02:45:00+00:00,7504.25000,7505.75000,7502.25000,7503.87000,1344.00000
2026-07-22 03:00:00+00:00,7503.75000,7505.25000,7500.50000,7501.25000,1360.00000
2026-07-22 03:15:00+00:00,7501.12000,7507.25000,7501.00000,7506.75000,1260.00000
2026-07-22 03:30:00+00:00,7506.50000,7507.25000,7501.25000,7501.75000,1824.00000
2026-07-22 03:45:00+00:00,7502.00000,7503.25000,7497.00000,7498.00000,1532.00000
2026-07-22 04:00:00+00:00,7498.12000,7501.12000,7496.75000,7500.00000,1402.00000
2026-07-22 04:15:00+00:00,7500.12000,7502.00000,7500.00000,7501.25000,866.00000
2026-07-22 04:30:00+00:00,7501.12000,7501.25000,7498.50000,7500.37000,1060.00000
2026-07-22 04:45:00+00:00,7500.25000,7501.00000,7497.75000,7501.00000,1058.00000
2026-07-22 05:00:00+00:00,7501.25000,7501.50000,7497.25000,7498.00000,1636.00000
2026-07-22 05:15:00+00:00,7497.87000,7499.12000,7496.50000,7497.25000,1996.00000
2026-07-22 05:30:00+00:00,7497.12000,7499.00000,7495.25000,7495.75000,1920.00000
2026-07-22 05:45:00+00:00,7496.00000,7499.50000,7494.75000,7499.00000,1610.00000
2026-07-22 06:00:00+00:00,7498.75000,7499.25000,7495.28000,7496.78000,1634.00000
2026-07-22 06:15:00+00:00,7496.53000,7496.53000,7486.03000,7487.28000,1188.00000
2026-07-22 06:30:00+00:00,7487.53000,7492.03000,7487.03000,7488.15000,1052.00000
2026-07-22 06:45:00+00:00,7488.03000,7488.78000,7483.78000,7485.28000,1068.00000
2026-07-22 07:00:00+00:00,7485.53000,7486.03000,7478.78000,7485.78000,2000.00000
2026-07-22 07:15:00+00:00,7486.03000,7489.28000,7484.03000,7487.78000,1448.00000
2026-07-22 07:30:00+00:00,7487.65000,7489.03000,7474.78000,7479.53000,2288.00000
2026-07-22 07:45:00+00:00,7479.78000,7481.40000,7475.53000,7478.78000,1816.00000
2026-07-22 08:00:00+00:00,7479.53000,7485.28000,7477.53000,7479.03000,2634.00000
2026-07-22 08:15:00+00:00,7478.90000,7486.28000,7478.78000,7486.28000,2294.00000
2026-07-22 08:30:00+00:00,7486.03000,7489.03000,7483.78000,7484.90000,1795.00000
2026-07-22 08:45:00+00:00,7485.03000,7488.78000,7484.90000,7487.78000,1514.00000
2026-07-22 09:00:00+00:00,7488.03000,7494.28000,7487.28000,7490.78000,1324.00000
2026-07-22 09:15:00+00:00,7491.03000,7493.78000,7489.78000,7489.78000,884.00000
2026-07-22 09:30:00+00:00,7489.65000,7490.03000,7484.90000,7487.40000,1530.00000
2026-07-22 09:45:00+00:00,7487.28000,7489.03000,7483.15000,7489.03000,1212.00000
2026-07-22 10:00:00+00:00,7489.28000,7493.28000,7488.03000,7488.03000,1078.00000
2026-07-22 10:15:00+00:00,7488.28000,7495.53000,7487.03000,7494.28000,2018.00000
2026-07-22 10:30:00+00:00,7494.03000,7495.28000,7488.78000,7488.78000,1702.00000
2026-07-22 10:45:00+00:00,7488.53000,7494.53000,7488.53000,7492.78000,1362.00000
2026-07-22 11:00:00+00:00,7492.53000,7492.78000,7487.90000,7488.03000,1920.00000
2026-07-22 11:15:00+00:00,7487.90000,7489.78000,7485.28000,7485.78000,1046.00000
2026-07-22 11:30:00+00:00,7485.53000,7489.03000,7474.28000,7478.78000,1938.00000
2026-07-22 11:45:00+00:00,7478.65000,7485.78000,7478.15000,7479.90000,1740.00000
2026-07-22 12:00:00+00:00,7480.03000,7482.78000,7476.53000,7481.28000,1764.00000
2026-07-22 12:15:00+00:00,7481.40000,7481.78000,7474.78000,7479.03000,1406.00000
2026-07-22 12:30:00+00:00,7479.28000,7485.78000,7478.90000,7484.40000,2034.00000
2026-07-22 12:45:00+00:00,7484.53000,7484.53000,7467.78000,7477.28000,2046.00000
2026-07-22 13:00:00+00:00,7478.28000,7483.53000,7477.78000,7481.78000,1420.00000
2026-07-22 13:15:00+00:00,7481.53000,7491.28000,7481.53000,7490.28000,1432.00000
2026-07-22 13:30:00+00:00,7491.53000,7501.28000,7488.03000,7500.03000,3430.00000
2026-07-22 13:45:00+00:00,7500.28000,7512.53000,7498.28000,7512.53000,2926.00000
2026-07-22 14:00:00+00:00,7512.28000,7518.78000,7506.03000,7507.28000,2736.00000
2026-07-22 14:15:00+00:00,7507.03000,7508.78000,7495.53000,7497.28000,3100.00000
2026-07-22 14:30:00+00:00,7497.03000,7502.53000,7492.28000,7492.28000,3284.00000
2026-07-22 14:45:00+00:00,7492.53000,7504.78000,7491.53000,7504.53000,2690.00000
2026-07-22 15:00:00+00:00,7504.78000,7515.28000,7504.03000,7513.78000,1806.00000
2026-07-22 15:15:00+00:00,7513.53000,7522.28000,7510.28000,7519.53000,1632.00000
2026-07-22 15:30:00+00:00,7519.78000,7520.28000,7512.78000,7515.03000,1648.00000
2026-07-22 15:45:00+00:00,7515.28000,7522.78000,7515.28000,7522.78000,1128.00000
2026-07-22 16:00:00+00:00,7523.03000,7524.28000,7520.03000,7522.28000,902.00000
2026-07-22 16:15:00+00:00,7522.03000,7525.53000,7522.03000,7524.03000,856.00000
2026-07-22 16:30:00+00:00,7523.78000,7525.28000,7522.03000,7523.03000,810.00000
2026-07-22 16:45:00+00:00,7523.28000,7525.03000,7520.28000,7523.78000,844.00000
2026-07-22 17:00:00+00:00,7523.65000,7525.03000,7517.53000,7518.28000,918.00000
2026-07-22 17:15:00+00:00,7518.03000,7519.53000,7514.78000,7515.53000,970.00000
2026-07-22 17:30:00+00:00,7515.78000,7518.78000,7513.53000,7516.28000,872.00000
2026-07-22 17:45:00+00:00,7516.03000,7517.28000,7508.78000,7510.28000,1080.00000
2026-07-22 18:00:00+00:00,7510.03000,7512.28000,7505.03000,7505.53000,1266.00000
2026-07-22 18:15:00+00:00,7505.28000,7510.53000,7505.28000,7509.78000,1048.00000
2026-07-22 18:30:00+00:00,7509.53000,7509.78000,7505.53000,7508.03000,932.00000
2026-07-22 18:45:00+00:00,7507.90000,7511.03000,7506.28000,7509.53000,772.00000
2026-07-22 19:00:00+00:00,7509.78000,7510.03000,7503.78000,7504.28000,890.00000
2026-07-22 19:15:00+00:00,7503.78000,7507.28000,7501.78000,7505.28000,894.00000
2026-07-22 19:30:00+00:00,7504.90000,7505.28000,7498.78000,7503.28000,1312.00000
2026-07-22 19:45:00+00:00,7503.53000,7508.53000,7498.75000,7498.75000,1976.00000
2026-07-22 20:00:00+00:00,7499.25000,7515.25000,7494.62000,7515.00000,5360.00000
2026-07-22 20:15:00+00:00,7515.25000,7516.37000,7509.00000,7511.00000,2850.00000
2026-07-22 20:30:00+00:00,7511.12000,7511.75000,7505.75000,7507.25000,1512.00000
2026-07-22 20:45:00+00:00,7507.00000,7511.25000,7506.25000,7506.25000,880.00000
2026-07-22 22:00:00+00:00,7496.50000,7499.12000,7486.25000,7488.75000,2186.00000
2026-07-22 22:15:00+00:00,7489.25000,7490.50000,7485.25000,7485.75000,1162.00000
2026-07-22 22:30:00+00:00,7486.00000,7486.50000,7479.25000,7480.75000,766.00000
2026-07-22 22:45:00+00:00,7481.00000,7487.75000,7479.87000,7485.75000,904.00000
2026-07-22 23:00:00+00:00,7486.00000,7486.12000,7480.50000,7484.50000,1132.00000
2026-07-22 23:15:00+00:00,7484.37000,7484.50000,7480.75000,7482.87000,642.00000
2026-07-22 23:30:00+00:00,7483.00000,7486.75000,7482.87000,7486.50000,650.00000
2026-07-22 23:45:00+00:00,7486.25000,7493.75000,7485.75000,7493.75000,1518.00000
2026-07-23 00:00:00+00:00,7494.00000,7496.75000,7491.12000,7495.00000,2940.00000
2026-07-23 00:15:00+00:00,7495.12000,7508.25000,7493.50000,7504.00000,2222.00000
2026-07-23 00:30:00+00:00,7504.25000,7509.50000,7504.00000,7508.00000,1940.00000
2026-07-23 00:45:00+00:00,7507.75000,7512.75000,7506.75000,7510.00000,1760.00000
2026-07-23 01:00:00+00:00,7510.25000,7513.00000,7508.00000,7510.75000,2392.00000
2026-07-23 01:15:00+00:00,7510.62000,7511.37000,7506.75000,7507.25000,1772.00000
2026-07-23 01:30:00+00:00,7507.50000,7509.25000,7502.25000,7502.50000,2678.00000
2026-07-23 01:45:00+00:00,7502.25000,7505.75000,7501.75000,7502.00000,2354.00000
2026-07-23 02:00:00+00:00,7502.12000,7505.00000,7499.25000,7499.62000,2268.00000
2026-07-23 02:15:00+00:00,7499.75000,7500.50000,7493.00000,7494.25000,1864.00000
2026-07-23 02:30:00+00:00,7494.50000,7497.50000,7490.25000,7491.37000,1640.00000
2026-07-23 02:45:00+00:00,7491.25000,7495.00000,7490.75000,7494.25000,1610.00000
2026-07-23 03:00:00+00:00,7494.37000,7494.75000,7485.00000,7487.12000,1482.00000
2026-07-23 03:15:00+00:00,7487.25000,7489.00000,7484.25000,7488.50000,1702.00000
2026-07-23 03:30:00+00:00,7488.62000,7491.37000,7486.00000,7491.25000,2584.00000
2026-07-23 03:45:00+00:00,7491.00000,7492.37000,7489.25000,7490.25000,1430.00000
2026-07-23 04:00:00+00:00,7490.37000,7492.25000,7484.75000,7492.25000,1894.00000
2026-07-23 04:15:00+00:00,7492.37000,7497.00000,7490.50000,7495.50000,1832.00000
2026-07-23 04:30:00+00:00,7495.62000,7496.50000,7493.25000,7493.25000,1814.00000
2026-07-23 04:45:00+00:00,7493.37000,7495.00000,7489.12000,7490.75000,1698.00000
2026-07-23 05:00:00+00:00,7491.00000,7491.50000,7487.50000,7490.37000,2082.00000
2026-07-23 05:15:00+00:00,7490.25000,7497.00000,7487.75000,7497.00000,2140.00000
2026-07-23 05:30:00+00:00,7497.12000,7499.00000,7491.50000,7493.25000,2158.00000
2026-07-23 05:45:00+00:00,7493.00000,7493.37000,7484.75000,7486.00000,1790.00000
2026-07-23 06:00:00+00:00,7485.75000,7489.75000,7485.28000,7487.78000,2082.00000
2026-07-23 06:15:00+00:00,7487.90000,7490.03000,7485.90000,7489.03000,1646.00000
2026-07-23 06:30:00+00:00,7489.28000,7489.78000,7483.53000,7483.53000,1280.00000
2026-07-23 06:45:00+00:00,7483.78000,7488.78000,7482.78000,7483.03000,990.00000
2026-07-23 07:00:00+00:00,7483.15000,7484.03000,7462.03000,7468.40000,3206.00000
2026-07-23 07:15:00+00:00,7468.53000,7476.53000,7468.53000,7472.78000,2790.00000
2026-07-23 07:30:00+00:00,7473.28000,7473.65000,7461.03000,7461.90000,2694.00000
2026-07-23 07:45:00+00:00,7461.78000,7467.78000,7458.78000,7467.78000,3112.00000
2026-07-23 08:00:00+00:00,7468.40000,7476.15000,7462.15000,7474.53000,3140.00000
2026-07-23 08:15:00+00:00,7474.40000,7478.65000,7472.03000,7476.78000,2272.00000
2026-07-23 08:30:00+00:00,7476.65000,7477.78000,7471.28000,7471.53000,1882.00000
2026-07-23 08:45:00+00:00,7471.65000,7483.03000,7471.03000,7482.03000,1610.00000
2026-07-23 09:00:00+00:00,7481.90000,7489.28000,7478.65000,7478.65000,1968.00000
2026-07-23 09:15:00+00:00,7478.78000,7480.40000,7476.28000,7477.15000,1454.00000
2026-07-23 09:30:00+00:00,7477.03000,7477.28000,7473.53000,7476.78000,1504.00000
2026-07-23 09:45:00+00:00,7477.03000,7478.53000,7472.78000,7474.53000,1514.00000
2026-07-23 10:00:00+00:00,7475.03000,7477.78000,7471.78000,7472.53000,1706.00000
2026-07-23 10:15:00+00:00,7472.65000,7477.78000,7472.03000,7475.78000,2042.00000
2026-07-23 10:30:00+00:00,7475.90000,7487.28000,7475.03000,7484.03000,2192.00000
2026-07-23 10:45:00+00:00,7483.90000,7485.78000,7483.03000,7483.78000,1384.00000
2026-07-23 11:00:00+00:00,7484.03000,7485.15000,7473.78000,7477.28000,2270.00000
2026-07-23 11:15:00+00:00,7477.15000,7479.28000,7466.78000,7468.03000,1916.00000
2026-07-23 11:30:00+00:00,7466.78000,7469.03000,7453.53000,7456.28000,2938.00000
2026-07-23 11:45:00+00:00,7456.53000,7466.65000,7454.15000,7463.53000,2718.00000
2026-07-23 12:00:00+00:00,7463.28000,7464.78000,7455.78000,7455.90000,1998.00000
2026-07-23 12:15:00+00:00,7456.03000,7460.28000,7443.03000,7444.90000,3252.00000
2026-07-23 12:30:00+00:00,7443.40000,7445.78000,7430.28000,7434.03000,3686.00000
2026-07-23 12:45:00+00:00,7434.28000,7435.03000,7425.78000,7429.28000,3614.00000
2026-07-23 13:00:00+00:00,7429.53000,7431.28000,7417.78000,7421.78000,3588.00000
2026-07-23 13:15:00+00:00,7421.53000,7422.03000,7413.03000,7417.03000,2968.00000
2026-07-23 13:30:00+00:00,7416.65000,7449.78000,7408.40000,7442.53000,5466.00000
2026-07-23 13:45:00+00:00,7442.28000,7444.03000,7416.53000,7419.28000,5915.00000
2026-07-23 14:00:00+00:00,7420.03000,7433.03000,7412.28000,7420.28000,7260.00000
2026-07-23 14:15:00+00:00,7420.03000,7428.03000,7413.53000,7421.15000,6980.00000
2026-07-23 14:30:00+00:00,7420.78000,7430.03000,7409.53000,7412.28000,6242.00000
2026-07-23 14:45:00+00:00,7412.03000,7418.28000,7403.53000,7407.03000,4896.00000
2026-07-23 15:00:00+00:00,7407.15000,7408.53000,7387.78000,7389.78000,4142.00000
2026-07-23 15:15:00+00:00,7389.53000,7400.28000,7381.53000,7382.53000,4380.00000
2026-07-23 15:30:00+00:00,7382.03000,7400.28000,7375.28000,7390.03000,4498.00000
2026-07-23 15:45:00+00:00,7390.28000,7402.53000,7387.28000,7401.78000,3392.00000
2026-07-23 16:00:00+00:00,7402.53000,7411.78000,7398.78000,7409.53000,3236.00000
2026-07-23 16:15:00+00:00,7409.78000,7420.28000,7405.53000,7418.28000,2426.00000
2026-07-23 16:30:00+00:00,7417.78000,7420.78000,7413.28000,7413.28000,2622.00000
2026-07-23 16:45:00+00:00,7413.03000,7413.03000,7401.28000,7410.28000,2930.00000
2026-07-23 17:00:00+00:00,7410.53000,7413.28000,7401.53000,7409.53000,3314.00000
2026-07-23 17:15:00+00:00,7409.28000,7415.28000,7405.03000,7411.03000,2948.00000
2026-07-23 17:30:00+00:00,7410.78000,7411.53000,7396.28000,7400.78000,3176.00000
2026-07-23 17:45:00+00:00,7401.03000,7406.78000,7395.03000,7395.53000,2852.00000
2026-07-23 18:00:00+00:00,7395.28000,7397.53000,7391.78000,7393.53000,2740.00000
2026-07-23 18:15:00+00:00,7393.78000,7398.78000,7392.03000,7398.28000,2550.00000
2026-07-23 18:30:00+00:00,7398.03000,7401.03000,7390.28000,7392.40000,2200.00000
2026-07-23 18:45:00+00:00,7392.53000,7398.78000,7390.53000,7394.78000,2012.00000
2026-07-23 19:00:00+00:00,7395.28000,7398.28000,7389.28000,7390.53000,1688.00000
2026-07-23 19:15:00+00:00,7390.78000,7404.03000,7390.53000,7399.53000,2074.00000
2026-07-23 19:30:00+00:00,7399.78000,7402.03000,7387.53000,7387.53000,2106.00000
2026-07-23 19:45:00+00:00,7387.65000,7411.00000,7382.03000,7405.75000,3544.00000
2026-07-23 20:00:00+00:00,7407.00000,7419.50000,7407.00000,7416.50000,3870.00000
2026-07-23 20:15:00+00:00,7416.25000,7421.25000,7416.00000,7418.62000,1712.00000
2026-07-23 20:30:00+00:00,7418.75000,7421.50000,7416.00000,7416.75000,1128.00000
2026-07-23 20:45:00+00:00,7416.62000,7419.37000,7415.75000,7418.00000,666.00000
2026-07-23 22:00:00+00:00,7415.76000,7415.76000,7406.76000,7408.51000,1826.00000
2026-07-23 22:15:00+00:00,7408.38000,7413.51000,7407.01000,7410.38000,1228.00000
2026-07-23 22:30:00+00:00,7410.51000,7413.51000,7410.01000,7412.26000,958.00000
2026-07-23 22:45:00+00:00,7412.01000,7417.51000,7412.01000,7417.01000,998.00000
2026-07-23 23:00:00+00:00,7417.13000,7417.51000,7411.51000,7413.01000,1006.00000
2026-07-23 23:15:00+00:00,7412.88000,7414.63000,7411.88000,7413.88000,740.00000
2026-07-23 23:30:00+00:00,7413.76000,7414.26000,7408.26000,7412.51000,1088.00000
2026-07-23 23:45:00+00:00,7412.76000,7415.88000,7408.76000,7412.63000,2794.00000
2026-07-24 00:00:00+00:00,7413.51000,7418.88000,7407.26000,7411.01000,4696.00000
2026-07-24 00:15:00+00:00,7411.26000,7418.76000,7408.26000,7414.51000,4008.00000
2026-07-24 00:30:00+00:00,7414.63000,7419.51000,7410.63000,7418.01000,3126.00000
2026-07-24 00:45:00+00:00,7417.88000,7420.51000,7412.26000,7418.01000,3022.00000
2026-07-24 01:00:00+00:00,7418.51000,7420.88000,7416.26000,7416.76000,3224.00000
2026-07-24 01:15:00+00:00,7416.51000,7421.26000,7414.76000,7416.88000,3064.00000
2026-07-24 01:30:00+00:00,7417.01000,7422.76000,7416.01000,7420.63000,3142.00000
2026-07-24 01:45:00+00:00,7420.51000,7420.76000,7414.01000,7414.51000,2506.00000
2026-07-24 02:00:00+00:00,7415.01000,7417.01000,7412.01000,7415.26000,2610.00000
2026-07-24 02:15:00+00:00,7415.13000,7416.26000,7411.63000,7413.76000,2104.00000
2026-07-24 02:30:00+00:00,7413.63000,7413.76000,7406.26000,7406.26000,1868.00000
2026-07-24 02:45:00+00:00,7406.13000,7406.63000,7403.01000,7403.01000,2054.00000
2026-07-24 03:00:00+00:00,7403.26000,7406.51000,7403.01000,7405.26000,2048.00000
2026-07-24 03:15:00+00:00,7405.38000,7407.51000,7403.76000,7405.76000,2226.00000
2026-07-24 03:30:00+00:00,7406.01000,7407.01000,7402.01000,7402.51000,2602.00000
2026-07-24 03:45:00+00:00,7402.26000,7405.01000,7400.51000,7401.01000,1840.00000
2026-07-24 04:00:00+00:00,7401.26000,7404.76000,7399.01000,7400.76000,1800.00000
2026-07-24 04:15:00+00:00,7400.63000,7408.26000,7400.51000,7407.88000,1954.00000
2026-07-24 04:30:00+00:00,7408.01000,7408.26000,7401.26000,7403.51000,1900.00000
2026-07-24 04:45:00+00:00,7403.38000,7407.26000,7402.01000,7407.01000,2020.00000
2026-07-24 05:00:00+00:00,7407.38000,7411.76000,7405.01000,7409.51000,2296.00000
2026-07-24 05:15:00+00:00,7409.26000,7412.26000,7408.01000,7410.51000,2348.00000
2026-07-24 05:30:00+00:00,7410.76000,7411.76000,7408.26000,7411.51000,2290.00000
2026-07-24 05:45:00+00:00,7411.38000,7413.88000,7405.76000,7405.76000,1884.00000
2026-07-24 06:00:00+00:00,7406.01000,7406.26000,7400.29000,7401.16000,1938.00000
2026-07-24 06:15:00+00:00,7401.29000,7411.04000,7400.79000,7405.54000,2112.00000
2026-07-24 06:30:00+00:00,7405.04000,7408.54000,7401.04000,7401.29000,1760.00000
2026-07-24 06:45:00+00:00,7401.16000,7407.16000,7397.54000,7406.29000,1796.00000
2026-07-24 07:00:00+00:00,7406.16000,7419.79000,7405.66000,7419.54000,2689.00000
2026-07-24 07:15:00+00:00,7419.91000,7426.29000,7418.04000,7425.54000,2362.00000
2026-07-24 07:30:00+00:00,7425.79000,7426.79000,7418.16000,7420.54000,1996.00000
2026-07-24 07:45:00+00:00,7420.41000,7422.29000,7419.29000,7420.04000,1726.00000
2026-07-24 08:00:00+00:00,7420.29000,7420.29000,7413.04000,7415.04000,2616.00000
2026-07-24 08:15:00+00:00,7414.91000,7422.79000,7414.54000,7422.54000,2622.00000
2026-07-24 08:30:00+00:00,7421.79000,7425.54000,7420.91000,7422.91000,2196.00000
2026-07-24 08:45:00+00:00,7422.79000,7423.29000,7419.79000,7421.04000,1540.00000
2026-07-24 09:00:00+00:00,7421.29000,7428.79000,7419.79000,7423.29000,1838.00000
2026-07-24 09:15:00+00:00,7423.16000,7428.54000,7421.41000,7427.29000,1732.00000
2026-07-24 09:30:00+00:00,7427.54000,7430.79000,7425.79000,7429.79000,1254.00000
2026-07-24 09:45:00+00:00,7430.04000,7431.04000,7427.54000,7429.54000,1138.00000
2026-07-24 10:00:00+00:00,7429.29000,7430.79000,7423.54000,7425.04000,952.00000
2026-07-24 10:15:00+00:00,7424.79000,7426.54000,7422.91000,7425.29000,1008.00000
2026-07-24 10:30:00+00:00,7425.41000,7428.04000,7422.54000,7424.41000,1240.00000
2026-07-24 10:45:00+00:00,7424.29000,7425.29000,7421.79000,7422.04000,1188.00000
2026-07-24 11:00:00+00:00,7422.16000,7426.54000,7421.79000,7424.54000,1882.00000
2026-07-24 11:15:00+00:00,7424.79000,7426.04000,7422.29000,7423.29000,1372.00000
2026-07-24 11:30:00+00:00,7423.16000,7424.29000,7418.79000,7418.79000,1686.00000
2026-07-24 11:45:00+00:00,7418.91000,7432.29000,7416.91000,7428.91000,2068.00000
2026-07-24 12:00:00+00:00,7429.29000,7431.29000,7421.16000,7430.29000,2894.00000
2026-07-24 12:15:00+00:00,7430.04000,7431.29000,7424.29000,7429.54000,1892.00000
2026-07-24 12:30:00+00:00,7429.41000,7430.04000,7418.79000,7419.29000,1724.00000
2026-07-24 12:45:00+00:00,7419.54000,7420.04000,7412.91000,7413.79000,1266.00000
2026-07-24 13:00:00+00:00,7414.04000,7415.29000,7410.29000,7413.79000,1126.00000
2026-07-24 13:15:00+00:00,7414.04000,7416.79000,7407.29000,7407.29000,1631.00000
2026-07-24 13:30:00+00:00,7407.16000,7418.54000,7406.04000,7410.16000,5650.00000
2026-07-24 13:45:00+00:00,7409.54000,7420.79000,7396.29000,7397.16000,5908.00000
2026-07-24 14:00:00+00:00,7396.91000,7421.29000,7395.54000,7417.54000,5402.00000
2026-07-24 14:15:00+00:00,7417.79000,7422.04000,7402.04000,7413.79000,5174.00000
2026-07-24 14:30:00+00:00,7414.04000,7414.54000,7400.79000,7401.04000,4890.00000
2026-07-24 14:45:00+00:00,7401.29000,7429.29000,7396.41000,7428.54000,4274.00000
2026-07-24 15:00:00+00:00,7429.04000,7444.66000,7418.29000,7441.79000,5193.00000
2026-07-24 15:15:00+00:00,7441.54000,7454.41000,7436.41000,7449.04000,6246.00000
2026-07-24 15:30:00+00:00,7449.16000,7455.54000,7443.29000,7445.54000,4042.00000
2026-07-24 15:45:00+00:00,7445.79000,7453.79000,7443.29000,7453.29000,3032.00000
2026-07-24 16:00:00+00:00,7453.79000,7460.04000,7449.54000,7452.79000,2334.00000
2026-07-24 16:15:00+00:00,7452.54000,7458.79000,7451.29000,7454.79000,2068.00000
2026-07-24 16:30:00+00:00,7455.04000,7455.29000,7439.29000,7439.29000,2686.00000
2026-07-24 16:45:00+00:00,7439.04000,7441.04000,7429.79000,7437.29000,3180.00000
2026-07-24 17:00:00+00:00,7437.66000,7438.54000,7425.04000,7432.04000,3202.00000
2026-07-24 17:15:00+00:00,7431.79000,7441.04000,7429.29000,7440.04000,2534.00000
2026-07-24 17:30:00+00:00,7440.29000,7444.54000,7433.54000,7433.54000,2160.00000
2026-07-24 17:45:00+00:00,7433.29000,7438.29000,7432.04000,7432.54000,2216.00000
2026-07-24 18:00:00+00:00,7432.79000,7435.54000,7427.54000,7428.79000,2102.00000
2026-07-24 18:15:00+00:00,7428.54000,7429.29000,7412.54000,7413.04000,2634.00000
2026-07-24 18:30:00+00:00,7413.29000,7414.29000,7399.29000,7401.29000,3498.00000
2026-07-24 18:45:00+00:00,7401.04000,7410.04000,7400.54000,7406.79000,3074.00000
2026-07-24 19:00:00+00:00,7407.79000,7412.04000,7397.79000,7399.16000,2900.00000
2026-07-24 19:15:00+00:00,7399.04000,7403.04000,7396.04000,7399.29000,2790.00000
2026-07-24 19:30:00+00:00,7399.79000,7409.54000,7399.29000,7406.04000,3346.00000
2026-07-24 19:45:00+00:00,7405.79000,7413.76000,7399.29000,7411.76000,2880.00000
2026-07-24 20:00:00+00:00,7411.51000,7412.51000,7405.26000,7408.51000,1640.00000
2026-07-24 20:15:00+00:00,7408.76000,7413.76000,7407.26000,7407.26000,726.00000
2026-07-24 20:30:00+00:00,7407.13000,7408.01000,7403.01000,7408.01000,770.00000
2026-07-24 20:45:00+00:00,7408.26000,7410.76000,7406.01000,7408.76000,464.00000
2026-07-26 22:00:00+00:00,7460.22000,7475.72000,7456.59000,7460.47000,2167.00000
2026-07-26 22:15:00+00:00,7460.72000,7463.09000,7458.09000,7461.09000,1548.00000
2026-07-26 22:30:00+00:00,7461.22000,7464.84000,7460.47000,7461.72000,1268.00000
2026-07-26 22:45:00+00:00,7461.59000,7461.72000,7457.47000,7458.22000,970.00000
2026-07-26 23:00:00+00:00,7458.47000,7465.22000,7457.59000,7464.97000,1148.00000
2026-07-26 23:15:00+00:00,7465.34000,7466.34000,7463.72000,7464.97000,810.00000
2026-07-26 23:30:00+00:00,7465.22000,7471.72000,7464.97000,7470.72000,726.00000
2026-07-26 23:45:00+00:00,7470.47000,7478.34000,7468.22000,7477.47000,2120.00000
2026-07-27 00:00:00+00:00,7476.97000,7478.47000,7467.22000,7475.47000,4226.00000
2026-07-27 00:15:00+00:00,7475.59000,7475.59000,7462.72000,7466.22000,3414.00000
2026-07-27 00:30:00+00:00,7466.47000,7468.47000,7460.97000,7460.97000,2950.00000
2026-07-27 00:45:00+00:00,7461.09000,7465.72000,7458.72000,7458.97000,2658.00000
2026-07-27 01:00:00+00:00,7459.22000,7462.97000,7456.47000,7457.47000,2952.00000
2026-07-27 01:15:00+00:00,7457.34000,7458.97000,7453.47000,7455.97000,2392.00000
2026-07-27 01:30:00+00:00,7456.22000,7465.72000,7455.72000,7462.22000,3344.00000
2026-07-27 01:45:00+00:00,7462.09000,7464.47000,7459.84000,7464.47000,3258.00000
2026-07-27 02:00:00+00:00,7464.72000,7466.22000,7462.22000,7464.72000,2984.00000
2026-07-27 02:15:00+00:00,7464.84000,7468.22000,7463.97000,7466.59000,1900.00000
2026-07-27 02:30:00+00:00,7466.47000,7468.47000,7462.97000,7467.47000,1950.00000
2026-07-27 02:45:00+00:00,7467.22000,7468.72000,7464.47000,7465.72000,1370.00000
2026-07-27 03:00:00+00:00,7465.97000,7469.47000,7465.22000,7469.47000,1536.00000
2026-07-27 03:15:00+00:00,7469.72000,7469.72000,7466.84000,7467.09000,1186.00000
2026-07-27 03:30:00+00:00,7467.22000,7468.59000,7464.72000,7466.72000,1878.00000
2026-07-27 03:45:00+00:00,7466.47000,7467.47000,7464.22000,7465.97000,1632.00000
2026-07-27 04:00:00+00:00,7466.22000,7468.22000,7465.22000,7468.09000,2114.00000
2026-07-27 04:15:00+00:00,7467.97000,7470.09000,7465.97000,7467.72000,1558.00000
2026-07-27 04:30:00+00:00,7467.97000,7471.97000,7466.22000,7471.72000,1284.00000
2026-07-27 04:45:00+00:00,7471.59000,7473.22000,7470.47000,7470.97000,892.00000
2026-07-27 05:00:00+00:00,7471.22000,7475.97000,7470.47000,7475.22000,1106.00000
2026-07-27 05:15:00+00:00,7474.97000,7476.72000,7474.47000,7476.72000,838.00000
2026-07-27 05:30:00+00:00,7476.97000,7480.72000,7475.72000,7478.72000,1018.00000
2026-07-27 05:45:00+00:00,7478.97000,7481.47000,7478.47000,7480.72000,714.00000
2026-07-27 06:00:00+00:00,7480.97000,7486.25000,7480.72000,7483.75000,1084.00000
2026-07-27 06:15:00+00:00,7483.50000,7484.50000,7480.50000,7481.25000,732.00000
2026-07-27 06:30:00+00:00,7481.00000,7483.25000,7479.25000,7480.00000,910.00000
2026-07-27 06:45:00+00:00,7480.25000,7480.25000,7477.12000,7478.25000,840.00000
2026-07-27 07:00:00+00:00,7478.00000,7483.50000,7477.25000,7483.25000,1896.00000
2026-07-27 07:15:00+00:00,7483.00000,7483.62000,7479.12000,7479.25000,1366.00000
2026-07-27 07:30:00+00:00,7479.50000,7479.50000,7475.12000,7477.75000,1192.00000
2026-07-27 07:45:00+00:00,7477.87000,7478.50000,7472.00000,7472.00000,1706.00000
2026-07-27 08:00:00+00:00,7472.12000,7478.50000,7472.00000,7478.50000,2260.00000
2026-07-27 08:15:00+00:00,7478.37000,7482.00000,7476.25000,7481.25000,1412.00000
2026-07-27 08:30:00+00:00,7481.37000,7486.00000,7479.25000,7485.37000,1244.00000
2026-07-27 08:45:00+00:00,7485.50000,7486.25000,7483.50000,7485.50000,1048.00000
2026-07-27 09:00:00+00:00,7485.75000,7485.75000,7482.75000,7483.37000,842.00000
2026-07-27 09:15:00+00:00,7483.50000,7486.50000,7482.87000,7484.00000,774.00000
2026-07-27 09:30:00+00:00,7484.25000,7488.62000,7483.50000,7488.25000,840.00000
2026-07-27 09:45:00+00:00,7488.00000,7491.00000,7488.00000,7488.75000,698.00000
2026-07-27 10:00:00+00:00,7488.50000,7489.75000,7484.75000,7487.12000,1012.00000
2026-07-27 10:15:00+00:00,7487.00000,7488.25000,7486.25000,7487.25000,688.00000
2026-07-27 10:30:00+00:00,7487.87000,7489.00000,7486.00000,7488.75000,528.00000
2026-07-27 10:45:00+00:00,7488.50000,7490.75000,7488.00000,7488.25000,444.00000
2026-07-27 11:00:00+00:00,7488.12000,7488.50000,7483.25000,7484.00000,896.00000
2026-07-27 11:15:00+00:00,7484.12000,7485.50000,7475.00000,7475.25000,866.00000
2026-07-27 11:30:00+00:00,7475.00000,7481.50000,7474.25000,7478.62000,1562.00000
2026-07-27 11:45:00+00:00,7478.50000,7479.75000,7477.75000,7478.25000,1130.00000
2026-07-27 12:00:00+00:00,7478.50000,7481.50000,7471.00000,7471.75000,1724.00000
2026-07-27 12:15:00+00:00,7472.00000,7475.50000,7471.50000,7474.50000,1462.00000
2026-07-27 12:30:00+00:00,7474.62000,7478.00000,7472.75000,7478.00000,1494.00000
2026-07-27 12:45:00+00:00,7477.75000,7480.75000,7477.25000,7479.75000,1054.00000
2026-07-27 13:00:00+00:00,7479.87000,7481.50000,7476.50000,7478.75000,1262.00000
2026-07-27 13:15:00+00:00,7479.00000,7480.25000,7473.50000,7473.75000,1342.00000
2026-07-27 13:30:00+00:00,7474.00000,7480.25000,7459.25000,7459.50000,5674.00000
2026-07-27 13:45:00+00:00,7459.75000,7466.25000,7440.25000,7440.25000,5310.00000
2026-07-27 14:00:00+00:00,7440.87000,7445.50000,7429.00000,7433.75000,5534.00000
2026-07-27 14:15:00+00:00,7434.25000,7439.75000,7406.25000,7406.75000,5250.00000
2026-07-27 14:30:00+00:00,7407.25000,7409.75000,7389.75000,7392.25000,6654.00000
2026-07-27 14:45:00+00:00,7393.25000,7423.50000,7393.00000,7422.00000,5562.00000
2026-07-27 15:00:00+00:00,7422.25000,7428.00000,7415.75000,7418.75000,5637.00000
2026-07-27 15:15:00+00:00,7418.50000,7419.75000,7403.50000,7407.25000,5748.00000
2026-07-27 15:30:00+00:00,7407.75000,7407.75000,7387.75000,7399.00000,4926.00000
2026-07-27 15:45:00+00:00,7399.25000,7400.75000,7391.25000,7399.25000,4334.00000
2026-07-27 16:00:00+00:00,7399.87000,7411.50000,7398.25000,7399.00000,3882.00000
2026-07-27 16:15:00+00:00,7399.25000,7421.62000,7393.25000,7411.62000,5488.00000
2026-07-27 16:30:00+00:00,7411.75000,7418.00000,7405.00000,7407.75000,4274.00000
2026-07-27 16:45:00+00:00,7408.00000,7412.25000,7390.75000,7394.50000,3778.00000
2026-07-27 17:00:00+00:00,7394.87000,7395.25000,7385.00000,7390.75000,3436.00000
2026-07-27 17:15:00+00:00,7390.62000,7392.00000,7382.75000,7386.25000,3166.00000
2026-07-27 17:30:00+00:00,7386.50000,7397.00000,7386.12000,7392.37000,2996.00000
2026-07-27 17:45:00+00:00,7392.50000,7402.75000,7389.75000,7402.50000,2798.00000
2026-07-27 18:00:00+00:00,7403.25000,7404.00000,7399.50000,7402.00000,2662.00000
2026-07-27 18:15:00+00:00,7401.75000,7402.50000,7394.50000,7400.75000,2640.00000
2026-07-27 18:30:00+00:00,7400.50000,7400.75000,7390.50000,7399.00000,2658.00000
2026-07-27 18:45:00+00:00,7398.75000,7416.75000,7397.75000,7415.00000,3040.00000
2026-07-27 19:00:00+00:00,7415.25000,7420.25000,7409.00000,7415.25000,2520.00000
2026-07-27 19:15:00+00:00,7415.50000,7422.00000,7415.25000,7421.00000,1850.00000
2026-07-27 19:30:00+00:00,7420.87000,7423.00000,7413.00000,7414.50000,2380.00000
2026-07-27 19:45:00+00:00,7414.25000,7416.87000,7410.25000,7415.72000,2648.00000
2026-07-27 20:00:00+00:00,7415.97000,7420.47000,7411.47000,7414.47000,1104.00000
2026-07-27 20:15:00+00:00,7414.72000,7415.47000,7412.47000,7414.97000,450.00000
2026-07-27 20:30:00+00:00,7415.09000,7422.72000,7414.22000,7418.97000,518.00000
2026-07-27 20:45:00+00:00,7419.22000,7419.47000,7416.22000,7417.72000,362.00000
2026-07-27 22:00:00+00:00,7422.31000,7422.68000,7413.81000,7414.31000,1174.00000
2026-07-27 22:15:00+00:00,7414.56000,7415.81000,7411.31000,7411.81000,802.00000
2026-07-27 22:30:00+00:00,7412.06000,7415.56000,7411.81000,7412.56000,660.00000
2026-07-27 22:45:00+00:00,7412.81000,7414.18000,7411.31000,7411.68000,526.00000
2026-07-27 23:00:00+00:00,7411.81000,7414.31000,7407.31000,7410.81000,934.00000
2026-07-27 23:15:00+00:00,7410.56000,7415.93000,7409.06000,7415.81000,896.00000
2026-07-27 23:30:00+00:00,7415.68000,7415.81000,7412.06000,7412.56000,624.00000
2026-07-27 23:45:00+00:00,7412.93000,7417.18000,7409.06000,7415.06000,3102.00000
2026-07-28 00:00:00+00:00,7415.43000,7419.06000,7405.43000,7408.68000,5332.00000
2026-07-28 00:15:00+00:00,7408.81000,7411.18000,7403.56000,7407.56000,4454.00000
2026-07-28 00:30:00+00:00,7407.81000,7412.31000,7401.56000,7410.56000,4462.00000
2026-07-28 00:45:00+00:00,7410.31000,7410.56000,7402.81000,7404.31000,3304.00000
2026-07-28 01:00:00+00:00,7405.06000,7406.06000,7392.06000,7394.81000,4024.00000
2026-07-28 01:15:00+00:00,7395.06000,7408.31000,7393.56000,7405.06000,3202.00000
2026-07-28 01:30:00+00:00,7404.93000,7410.81000,7403.81000,7408.43000,3482.00000
2026-07-28 01:45:00+00:00,7408.31000,7410.81000,7399.31000,7401.56000,3248.00000
2026-07-28 02:00:00+00:00,7401.81000,7402.31000,7396.31000,7397.81000,2802.00000
2026-07-28 02:15:00+00:00,7397.56000,7402.81000,7395.31000,7397.43000,3084.00000
2026-07-28 02:30:00+00:00,7397.56000,7398.31000,7394.06000,7395.31000,2684.00000
2026-07-28 02:45:00+00:00,7395.43000,7400.56000,7394.06000,7397.56000,2648.00000
2026-07-28 03:00:00+00:00,7397.81000,7398.06000,7391.43000,7395.81000,2252.00000
2026-07-28 03:15:00+00:00,7395.56000,7405.06000,7394.81000,7397.06000,2752.00000
2026-07-28 03:30:00+00:00,7396.81000,7408.93000,7393.06000,7407.56000,3776.00000
2026-07-28 03:45:00+00:00,7407.68000,7409.06000,7404.81000,7407.43000,2884.00000
2026-07-28 04:00:00+00:00,7407.31000,7407.31000,7397.31000,7397.93000,2842.00000
2026-07-28 04:15:00+00:00,7398.06000,7402.81000,7396.93000,7397.43000,2460.00000
2026-07-28 04:30:00+00:00,7397.56000,7399.06000,7395.81000,7397.81000,2268.00000
2026-07-28 04:45:00+00:00,7397.68000,7401.81000,7393.56000,7394.56000,2210.00000
2026-07-28 05:00:00+00:00,7394.43000,7398.56000,7393.68000,7394.31000,3076.00000
2026-07-28 05:15:00+00:00,7394.06000,7396.31000,7391.06000,7391.81000,1806.00000
2026-07-28 05:30:00+00:00,7392.06000,7392.31000,7386.06000,7389.06000,2384.00000
2026-07-28 05:45:00+00:00,7389.31000,7392.56000,7386.81000,7388.06000,2012.00000
2026-07-28 06:00:00+00:00,7388.18000,7391.81000,7386.59000,7390.09000,2522.00000
2026-07-28 06:15:00+00:00,7390.21000,7393.71000,7387.34000,7392.59000,2572.00000
2026-07-28 06:30:00+00:00,7392.84000,7396.59000,7390.84000,7394.34000,2426.00000
2026-07-28 06:45:00+00:00,7394.46000,7398.09000,7391.84000,7396.84000,1908.00000
2026-07-28 07:00:00+00:00,7397.34000,7404.09000,7396.34000,7402.96000,3011.00000
2026-07-28 07:15:00+00:00,7403.09000,7405.84000,7401.34000,7402.34000,2334.00000
2026-07-28 07:30:00+00:00,7402.09000,7404.59000,7400.34000,7401.59000,2288.00000
2026-07-28 07:45:00+00:00,7401.46000,7403.84000,7396.59000,7400.46000,2452.00000
2026-07-28 08:00:00+00:00,7400.84000,7403.59000,7392.71000,7393.59000,3118.00000
2026-07-28 08:15:00+00:00,7393.34000,7411.59000,7392.84000,7410.09000,3904.00000
2026-07-28 08:30:00+00:00,7410.59000,7413.59000,7404.62000,7411.84000,2938.00000
2026-07-28 08:45:00+00:00,7411.71000,7416.09000,7407.59000,7409.09000,2196.00000
2026-07-28 09:00:00+00:00,7408.84000,7412.34000,7407.59000,7408.84000,2336.00000
2026-07-28 09:15:00+00:00,7408.96000,7413.09000,7408.84000,7412.59000,1930.00000
2026-07-28 09:30:00+00:00,7412.71000,7412.71000,7408.59000,7409.46000,1602.00000
2026-07-28 09:45:00+00:00,7409.59000,7411.84000,7405.34000,7406.84000,1408.00000
2026-07-28 10:00:00+00:00,7406.59000,7408.34000,7405.09000,7406.34000,1756.00000
2026-07-28 10:15:00+00:00,7406.46000,7409.59000,7404.09000,7409.59000,1720.00000
2026-07-28 10:30:00+00:00,7409.84000,7411.59000,7401.09000,7404.09000,2710.00000
2026-07-28 10:45:00+00:00,7404.21000,7409.59000,7403.59000,7409.34000,2094.00000
2026-07-28 11:00:00+00:00,7409.84000,7413.46000,7399.84000,7400.59000,3208.00000
2026-07-28 11:15:00+00:00,7400.84000,7416.21000,7400.46000,7405.34000,3914.00000
2026-07-28 11:30:00+00:00,7404.84000,7416.46000,7400.34000,7405.71000,2796.00000
2026-07-28 11:45:00+00:00,7404.71000,7419.59000,7404.34000,7418.34000,2706.00000
2026-07-28 12:00:00+00:00,7418.09000,7422.09000,7415.84000,7417.84000,2448.00000
2026-07-28 12:15:00+00:00,7418.09000,7425.34000,7415.71000,7424.34000,2606.00000
2026-07-28 12:30:00+00:00,7424.46000,7427.59000,7418.84000,7426.59000,3278.00000
2026-07-28 12:45:00+00:00,7427.09000,7430.84000,7422.59000,7423.59000,2622.00000
2026-07-28 13:00:00+00:00,7423.71000,7426.34000,7420.09000,7423.34000,1754.00000
2026-07-28 13:15:00+00:00,7423.59000,7429.46000,7416.34000,7417.09000,2224.00000
2026-07-28 13:30:00+00:00,7415.84000,7419.59000,7390.59000,7395.34000,6334.00000
2026-07-28 13:45:00+00:00,7395.59000,7406.46000,7384.59000,7389.21000,7196.00000
2026-07-28 14:00:00+00:00,7389.34000,7406.84000,7387.34000,7390.59000,7112.00000
2026-07-28 14:15:00+00:00,7390.84000,7403.34000,7388.34000,7401.84000,7216.00000
2026-07-28 14:30:00+00:00,7402.09000,7411.09000,7396.34000,7407.34000,6688.00000
2026-07-28 14:45:00+00:00,7407.09000,7422.59000,7403.34000,7411.09000,4832.00000
2026-07-28 15:00:00+00:00,7411.59000,7422.09000,7404.84000,7418.59000,5374.00000
2026-07-28 15:15:00+00:00,7418.46000,7443.84000,7416.59000,7436.34000,5206.00000
2026-07-28 15:30:00+00:00,7436.46000,7445.59000,7434.59000,7445.34000,3456.00000
2026-07-28 15:45:00+00:00,7445.59000,7449.34000,7442.34000,7446.84000,2894.00000
2026-07-28 16:00:00+00:00,7446.59000,7448.09000,7439.59000,7441.09000,2376.00000
2026-07-28 16:15:00+00:00,7440.84000,7445.71000,7436.84000,7437.09000,2028.00000
2026-07-28 16:30:00+00:00,7436.84000,7446.34000,7434.09000,7444.34000,2356.00000
2026-07-28 16:45:00+00:00,7444.09000,7452.84000,7438.84000,7451.09000,2172.00000
2026-07-28 17:00:00+00:00,7450.96000,7452.84000,7436.84000,7438.09000,2962.00000
2026-07-28 17:15:00+00:00,7438.34000,7446.59000,7435.59000,7437.84000,2508.00000
2026-07-28 17:30:00+00:00,7437.71000,7444.09000,7431.34000,7432.84000,2254.00000
2026-07-28 17:45:00+00:00,7432.59000,7438.59000,7429.96000,7436.84000,2364.00000
2026-07-28 18:00:00+00:00,7437.09000,7440.09000,7429.34000,7429.59000,2076.00000
2026-07-28 18:15:00+00:00,7429.84000,7434.59000,7429.34000,7431.09000,2136.00000
2026-07-28 18:30:00+00:00,7431.34000,7436.34000,7430.34000,7432.84000,2210.00000
2026-07-28 18:45:00+00:00,7432.96000,7441.09000,7432.09000,7439.59000,1990.00000
2026-07-28 19:00:00+00:00,7439.84000,7444.84000,7438.59000,7439.84000,1970.00000
2026-07-28 19:15:00+00:00,7439.59000,7443.84000,7438.09000,7442.34000,1464.00000
2026-07-28 19:30:00+00:00,7442.59000,7442.59000,7434.59000,7438.34000,1700.00000
2026-07-28 19:45:00+00:00,7438.09000,7441.84000,7429.81000,7433.31000,2362.00000
2026-07-28 20:00:00+00:00,7434.31000,7436.56000,7425.93000,7434.06000,2720.00000
2026-07-28 20:15:00+00:00,7434.43000,7441.31000,7431.31000,7439.56000,1124.00000
2026-07-28 20:30:00+00:00,7439.31000,7440.56000,7433.31000,7434.81000,916.00000
2026-07-28 20:45:00+00:00,7434.56000,7436.31000,7433.31000,7435.56000,470.00000
2026-07-28 22:00:00+00:00,7435.35000,7441.98000,7433.48000,7435.23000,1614.00000
2026-07-28 22:15:00+00:00,7435.48000,7436.48000,7425.73000,7429.98000,1806.00000
2026-07-28 22:30:00+00:00,7429.85000,7430.98000,7418.98000,7421.35000,2132.00000
2026-07-28 22:45:00+00:00,7421.48000,7425.10000,7418.73000,7419.98000,2546.00000
2026-07-28 23:00:00+00:00,7420.23000,7433.60000,7417.60000,7431.73000,2710.00000
2026-07-28 23:15:00+00:00,7431.48000,7438.73000,7427.73000,7436.85000,1998.00000
2026-07-28 23:30:00+00:00,7436.60000,7451.98000,7435.73000,7450.85000,2002.00000
2026-07-28 23:45:00+00:00,7451.10000,7463.23000,7447.73000,7462.73000,4402.00000
2026-07-29 00:00:00+00:00,7462.10000,7467.23000,7458.48000,7462.48000,4586.00000
2026-07-29 00:15:00+00:00,7462.23000,7468.48000,7458.98000,7461.10000,4042.00000
2026-07-29 00:30:00+00:00,7460.98000,7463.23000,7455.73000,7460.98000,3678.00000
2026-07-29 00:45:00+00:00,7460.85000,7462.73000,7453.48000,7454.73000,3750.00000
2026-07-29 01:00:00+00:00,7454.85000,7457.23000,7439.48000,7440.73000,4246.00000
2026-07-29 01:15:00+00:00,7440.48000,7448.98000,7436.98000,7446.23000,4516.00000
2026-07-29 01:30:00+00:00,7445.98000,7446.73000,7435.23000,7435.48000,4648.00000
2026-07-29 01:45:00+00:00,7435.23000,7436.73000,7423.23000,7423.23000,3772.00000
2026-07-29 02:00:00+00:00,7423.35000,7433.48000,7421.23000,7431.23000,4732.00000
2026-07-29 02:15:00+00:00,7430.98000,7434.48000,7426.23000,7434.48000,4202.00000
2026-07-29 02:30:00+00:00,7434.23000,7436.73000,7431.48000,7434.35000,4002.00000
2026-07-29 02:45:00+00:00,7434.23000,7434.73000,7428.98000,7431.48000,3122.00000
2026-07-29 03:00:00+00:00,7431.23000,7436.10000,7425.48000,7428.85000,3638.00000
2026-07-29 03:15:00+00:00,7428.98000,7430.23000,7423.73000,7423.73000,2686.00000
2026-07-29 03:30:00+00:00,7423.60000,7425.73000,7419.48000,7422.98000,2990.00000
2026-07-29 03:45:00+00:00,7422.60000,7424.73000,7413.23000,7415.73000,2380.00000
2026-07-29 04:00:00+00:00,7415.85000,7416.48000,7411.85000,7413.10000,3612.00000
2026-07-29 04:15:00+00:00,7412.98000,7415.98000,7410.35000,7412.98000,3934.00000
2026-07-29 04:30:00+00:00,7412.85000,7415.10000,7407.98000,7408.10000,4130.00000
2026-07-29 04:45:00+00:00,7408.23000,7418.73000,7406.73000,7418.73000,3916.00000
2026-07-29 05:00:00+00:00,7419.48000,7428.98000,7416.48000,7428.85000,3912.00000
2026-07-29 05:15:00+00:00,7428.98000,7429.48000,7423.10000,7427.73000,3634.00000
2026-07-29 05:30:00+00:00,7427.85000,7430.73000,7425.10000,7429.10000,3398.00000
2026-07-29 05:45:00+00:00,7429.23000,7430.23000,7424.73000,7425.48000,3168.00000
2026-07-29 06:00:00+00:00,7425.73000,7426.48000,7419.51000,7423.26000,3140.00000
2026-07-29 06:15:00+00:00,7423.01000,7429.26000,7422.26000,7429.26000,2960.00000
2026-07-29 06:30:00+00:00,7429.01000,7442.38000,7429.01000,7441.76000,2814.00000
2026-07-29 06:45:00+00:00,7441.63000,7447.88000,7439.76000,7446.88000,1870.00000
2026-07-29 07:00:00+00:00,7447.01000,7451.51000,7443.01000,7447.51000,3146.00000
2026-07-29 07:15:00+00:00,7447.63000,7450.51000,7444.76000,7450.26000,2230.00000
2026-07-29 07:30:00+00:00,7450.38000,7453.01000,7448.01000,7450.51000,2188.00000
2026-07-29 07:45:00+00:00,7450.63000,7451.26000,7446.51000,7449.51000,1920.00000
2026-07-29 08:00:00+00:00,7449.76000,7450.26000,7442.51000,7443.01000,2990.00000
2026-07-29 08:15:00+00:00,7443.26000,7445.76000,7437.26000,7439.38000,2676.00000
2026-07-29 08:30:00+00:00,7439.51000,7451.26000,7438.01000,7450.51000,2996.00000
2026-07-29 08:45:00+00:00,7450.26000,7453.76000,7447.51000,7448.88000,2066.00000
2026-07-29 09:00:00+00:00,7449.01000,7451.76000,7447.63000,7450.63000,2608.00000
2026-07-29 09:15:00+00:00,7450.76000,7450.76000,7447.01000,7448.13000,2412.00000
2026-07-29 09:30:00+00:00,7448.26000,7452.26000,7445.51000,7451.01000,2490.00000
2026-07-29 09:45:00+00:00,7450.88000,7460.01000,7450.88000,7454.01000,2434.00000
2026-07-29 10:00:00+00:00,7453.88000,7456.76000,7449.51000,7451.76000,2856.00000
2026-07-29 10:15:00+00:00,7451.88000,7453.76000,7449.26000,7452.76000,2022.00000
2026-07-29 10:30:00+00:00,7453.01000,7454.26000,7445.51000,7448.76000,2368.00000
2026-07-29 10:45:00+00:00,7448.88000,7449.76000,7444.26000,7445.88000,2362.00000
2026-07-29 11:00:00+00:00,7445.51000,7452.26000,7444.51000,7449.51000,2644.00000
2026-07-29 11:15:00+00:00,7449.26000,7452.76000,7448.26000,7450.01000,1988.00000
2026-07-29 11:30:00+00:00,7449.76000,7451.01000,7445.01000,7446.01000,1636.00000
2026-07-29 11:45:00+00:00,7446.26000,7451.01000,7445.01000,7449.01000,1756.00000
2026-07-29 12:00:00+00:00,7448.88000,7449.51000,7438.88000,7440.01000,2264.00000
2026-07-29 12:15:00+00:00,7439.88000,7441.01000,7424.76000,7427.01000,5298.00000
2026-07-29 12:30:00+00:00,7426.88000,7434.51000,7423.51000,7434.26000,3394.00000
2026-07-29 12:45:00+00:00,7434.51000,7435.01000,7430.51000,7431.51000,1676.00000
2026-07-29 13:00:00+00:00,7431.76000,7432.51000,7422.01000,7422.76000,1788.00000
2026-07-29 13:15:00+00:00,7422.51000,7432.76000,7420.26000,7424.51000,2212.00000
2026-07-29 13:30:00+00:00,7423.51000,7429.01000,7412.51000,7421.51000,7502.00000
2026-07-29 13:45:00+00:00,7421.26000,7427.01000,7390.26000,7398.01000,6474.00000
2026-07-29 14:00:00+00:00,7398.26000,7407.51000,7374.51000,7378.13000,6426.00000
2026-07-29 14:15:00+00:00,7378.26000,7388.51000,7366.51000,7373.01000,6368.00000
2026-07-29 14:30:00+00:00,7372.51000,7382.51000,7362.01000,7366.01000,5642.00000
2026-07-29 14:45:00+00:00,7365.76000,7376.76000,7362.76000,7372.01000,5326.00000
2026-07-29 15:00:00+00:00,7372.26000,7380.51000,7368.26000,7370.26000,4966.00000
2026-07-29 15:15:00+00:00,7370.51000,7378.76000,7367.26000,7368.01000,4912.00000
2026-07-29 15:30:00+00:00,7368.38000,7374.01000,7361.26000,7363.76000,4360.00000
2026-07-29 15:45:00+00:00,7364.01000,7369.26000,7353.88000,7361.01000,4022.00000
2026-07-29 16:00:00+00:00,7361.26000,7364.01000,7343.76000,7343.76000,3410.00000
2026-07-29 16:15:00+00:00,7343.51000,7362.76000,7341.26000,7362.26000,3434.00000
2026-07-29 16:30:00+00:00,7362.01000,7366.76000,7352.51000,7356.01000,3522.00000
2026-07-29 16:45:00+00:00,7355.76000,7372.51000,7354.01000,7372.26000,3490.00000
2026-07-29 17:00:00+00:00,7372.51000,7390.01000,7371.01000,7389.76000,3452.00000
2026-07-29 17:15:00+00:00,7389.88000,7396.51000,7381.26000,7381.26000,3306.00000
2026-07-29 17:30:00+00:00,7381.13000,7387.51000,7376.76000,7381.51000,3352.00000
2026-07-29 17:45:00+00:00,7382.01000,7388.01000,7377.51000,7387.13000,3444.00000
2026-07-29 18:00:00+00:00,7386.74000,7419.26000,7386.49000,7397.51000,9616.00000
2026-07-29 18:15:00+00:00,7397.76000,7406.26000,7386.51000,7396.51000,6928.00000
2026-07-29 18:30:00+00:00,7396.76000,7433.51000,7383.01000,7431.38000,9500.00000
2026-07-29 18:45:00+00:00,7431.26000,7450.51000,7428.51000,7443.51000,7640.00000
2026-07-29 19:00:00+00:00,7444.01000,7450.01000,7402.26000,7411.51000,8336.00000
2026-07-29 19:15:00+00:00,7411.76000,7420.01000,7364.63000,7373.76000,7816.00000
2026-07-29 19:30:00+00:00,7374.76000,7379.01000,7330.51000,7334.76000,8468.00000
2026-07-29 19:45:00+00:00,7335.51000,7343.01000,7314.48000,7318.73000,8038.00000
2026-07-29 20:00:00+00:00,7319.48000,7324.60000,7294.85000,7304.85000,7570.00000
2026-07-29 20:15:00+00:00,7305.10000,7311.35000,7292.23000,7299.10000,4626.00000
2026-07-29 20:30:00+00:00,7299.23000,7314.23000,7292.73000,7308.98000,3610.00000
2026-07-29 20:45:00+00:00,7309.10000,7311.73000,7302.98000,7306.60000,2524.00000
2026-07-29 22:00:00+00:00,7306.36000,7342.86000,7306.36000,7337.86000,3906.00000
2026-07-29 22:15:00+00:00,7337.98000,7344.86000,7335.61000,7340.23000,2822.00000
2026-07-29 22:30:00+00:00,7340.11000,7342.23000,7336.61000,7341.48000,1800.00000
2026-07-29 22:45:00+00:00,7341.61000,7344.61000,7336.48000,7338.73000,1530.00000
2026-07-29 23:00:00+00:00,7338.86000,7348.73000,7338.73000,7342.36000,2118.00000
2026-07-29 23:15:00+00:00,7342.86000,7348.36000,7341.36000,7346.86000,1660.00000
2026-07-29 23:30:00+00:00,7346.98000,7351.48000,7344.11000,7346.61000,1546.00000
2026-07-29 23:45:00+00:00,7346.48000,7351.11000,7343.73000,7347.23000,4688.00000
2026-07-30 00:00:00+00:00,7347.48000,7356.86000,7341.23000,7353.36000,6782.00000
2026-07-30 00:15:00+00:00,7353.48000,7354.61000,7343.73000,7347.48000,5598.00000
2026-07-30 00:30:00+00:00,7347.61000,7350.36000,7336.86000,7339.61000,4678.00000
2026-07-30 00:45:00+00:00,7339.86000,7346.61000,7338.36000,7344.86000,5282.00000
2026-07-30 01:00:00+00:00,7345.11000,7357.73000,7343.36000,7346.98000,4814.00000
2026-07-30 01:15:00+00:00,7347.11000,7356.11000,7346.11000,7355.11000,4586.00000
2026-07-30 01:30:00+00:00,7354.98000,7361.11000,7354.86000,7359.86000,2828.00000
2026-07-30 01:45:00+00:00,7359.98000,7361.36000,7357.11000,7357.73000,2838.00000
2026-07-30 02:00:00+00:00,7357.86000,7361.61000,7355.36000,7355.98000,3296.00000
2026-07-30 02:15:00+00:00,7355.86000,7359.23000,7353.86000,7355.11000,3102.00000
2026-07-30 02:30:00+00:00,7354.86000,7356.61000,7350.61000,7356.11000,3104.00000
2026-07-30 02:45:00+00:00,7356.36000,7357.61000,7346.61000,7347.11000,2974.00000
2026-07-30 03:00:00+00:00,7347.36000,7352.86000,7341.11000,7342.86000,3060.00000
2026-07-30 03:15:00+00:00,7342.73000,7344.11000,7339.61000,7342.23000,3126.00000
2026-07-30 03:30:00+00:00,7342.36000,7347.36000,7338.61000,7344.36000,4310.00000
2026-07-30 03:45:00+00:00,7344.11000,7347.61000,7341.73000,7343.86000,3694.00000
2026-07-30 04:00:00+00:00,7343.98000,7345.36000,7339.36000,7339.61000,3556.00000
2026-07-30 04:15:00+00:00,7339.73000,7348.11000,7337.86000,7347.48000,3506.00000
2026-07-30 04:30:00+00:00,7347.36000,7347.73000,7338.11000,7338.61000,3650.00000
2026-07-30 04:45:00+00:00,7338.48000,7344.11000,7335.36000,7336.61000,3514.00000
2026-07-30 05:00:00+00:00,7336.86000,7337.61000,7331.11000,7334.73000,3470.00000
2026-07-30 05:15:00+00:00,7334.61000,7339.61000,7334.11000,7337.36000,3652.00000
2026-07-30 05:30:00+00:00,7337.86000,7342.11000,7335.61000,7341.23000,4142.00000
2026-07-30 05:45:00+00:00,7341.36000,7345.98000,7334.11000,7337.61000,3276.00000
2026-07-30 06:00:00+00:00,7337.36000,7338.14000,7332.26000,7333.14000,3832.00000
2026-07-30 06:15:00+00:00,7333.01000,7336.39000,7328.39000,7333.39000,2670.00000
2026-07-30 06:30:00+00:00,7333.51000,7333.64000,7327.64000,7327.89000,2508.00000
2026-07-30 06:45:00+00:00,7327.76000,7333.64000,7327.39000,7332.89000,2340.00000
2026-07-30 07:00:00+00:00,7332.51000,7351.14000,7330.89000,7344.39000,5388.00000
2026-07-30 07:15:00+00:00,7344.64000,7345.39000,7331.51000,7334.26000,4190.00000
2026-07-30 07:30:00+00:00,7334.39000,7337.14000,7323.14000,7334.76000,3654.00000
2026-07-30 07:45:00+00:00,7334.64000,7336.76000,7328.01000,7328.64000,2900.00000
2026-07-30 08:00:00+00:00,7328.76000,7340.39000,7320.76000,7337.14000,4586.00000
2026-07-30 08:15:00+00:00,7337.26000,7347.64000,7335.39000,7345.39000,3682.00000
2026-07-30 08:30:00+00:00,7345.51000,7347.89000,7342.14000,7343.14000,3288.00000
2026-07-30 08:45:00+00:00,7343.01000,7345.39000,7337.64000,7341.64000,2274.00000
2026-07-30 09:00:00+00:00,7341.89000,7352.64000,7340.14000,7349.14000,3012.00000
2026-07-30 09:15:00+00:00,7349.01000,7354.14000,7347.14000,7352.14000,3128.00000
2026-07-30 09:30:00+00:00,7351.89000,7356.89000,7349.39000,7351.76000,2500.00000
2026-07-30 09:45:00+00:00,7351.64000,7353.51000,7343.14000,7343.51000,2109.00000
2026-07-30 10:00:00+00:00,7343.64000,7351.14000,7340.64000,7346.39000,2624.00000
2026-07-30 10:15:00+00:00,7346.51000,7357.39000,7346.14000,7355.14000,2682.00000
2026-07-30 10:30:00+00:00,7355.01000,7360.64000,7353.14000,7358.64000,2936.00000
2026-07-30 10:45:00+00:00,7358.26000,7361.14000,7352.64000,7354.01000,2366.00000
2026-07-30 11:00:00+00:00,7354.14000,7361.89000,7354.14000,7359.39000,2824.00000
2026-07-30 11:15:00+00:00,7359.51000,7366.51000,7358.64000,7366.51000,2108.00000
2026-07-30 11:30:00+00:00,7366.64000,7368.39000,7363.14000,7364.26000,1990.00000
2026-07-30 11:45:00+00:00,7364.14000,7370.89000,7364.14000,7368.64000,2024.00000
2026-07-30 12:00:00+00:00,7368.89000,7373.64000,7364.89000,7373.14000,2180.00000
2026-07-30 12:15:00+00:00,7373.39000,7373.64000,7364.89000,7368.51000,1928.00000
2026-07-30 12:30:00+00:00,7368.76000,7374.76000,7362.14000,7364.14000,4382.00000
2026-07-30 12:45:00+00:00,7364.39000,7369.64000,7361.89000,7367.64000,3278.00000
2026-07-30 13:00:00+00:00,7367.89000,7378.89000,7366.89000,7371.64000,2880.00000
2026-07-30 13:15:00+00:00,7371.39000,7383.64000,7370.39000,7383.39000,2880.00000
2026-07-30 13:30:00+00:00,7383.51000,7390.39000,7368.89000,7386.39000,7418.00000
2026-07-30 13:45:00+00:00,7386.64000,7408.89000,7386.64000,7408.64000,5476.00000
2026-07-30 14:00:00+00:00,7407.89000,7412.39000,7396.64000,7401.89000,5826.00000
2026-07-30 14:15:00+00:00,7402.39000,7415.39000,7395.89000,7408.64000,5248.00000
2026-07-30 14:30:00+00:00,7408.14000,7413.64000,7399.01000,7400.64000,4526.00000
2026-07-30 14:45:00+00:00,7400.39000,7403.51000,7377.89000,7384.14000,5192.00000
2026-07-30 15:00:00+00:00,7384.39000,7390.14000,7370.14000,7370.64000,5522.00000
2026-07-30 15:15:00+00:00,7370.51000,7383.39000,7368.14000,7369.64000,5478.00000
2026-07-30 15:30:00+00:00,7369.89000,7391.64000,7368.64000,7388.39000,5326.00000
2026-07-30 15:45:00+00:00,7388.64000,7398.64000,7385.39000,7393.64000,3976.00000
2026-07-30 16:00:00+00:00,7393.51000,7411.89000,7390.89000,7410.89000,3072.00000
2026-07-30 16:15:00+00:00,7411.14000,7414.64000,7407.89000,7410.14000,2510.00000
2026-07-30 16:30:00+00:00,7409.89000,7413.26000,7400.14000,7403.14000,2924.00000
2026-07-30 16:45:00+00:00,7402.64000,7414.64000,7402.64000,7412.89000,2448.00000
2026-07-30 17:00:00+00:00,7412.64000,7424.39000,7412.64000,7419.89000,2464.00000
2026-07-30 17:15:00+00:00,7420.14000,7425.39000,7419.39000,7420.64000,1932.00000
2026-07-30 17:30:00+00:00,7420.89000,7424.39000,7414.64000,7422.14000,2606.00000
2026-07-30 17:45:00+00:00,7422.01000,7426.64000,7419.39000,7420.64000,1756.00000
2026-07-30 18:00:00+00:00,7420.89000,7425.64000,7419.89000,7424.89000,1726.00000
2026-07-30 18:15:00+00:00,7425.14000,7427.14000,7423.39000,7426.39000,1400.00000
2026-07-30 18:30:00+00:00,7426.64000,7428.39000,7422.89000,7425.89000,1500.00000
2026-07-30 18:45:00+00:00,7426.14000,7431.26000,7425.64000,7430.39000,1226.00000
2026-07-30 19:00:00+00:00,7430.64000,7445.64000,7430.64000,7443.39000,1714.00000
2026-07-30 19:15:00+00:00,7443.64000,7447.39000,7440.14000,7440.64000,1612.00000
2026-07-30 19:30:00+00:00,7440.39000,7442.39000,7437.14000,7440.64000,1712.00000
2026-07-30 19:45:00+00:00,7440.39000,7445.36000,7433.39000,7441.61000,3054.00000
2026-07-30 20:00:00+00:00,7440.73000,7461.11000,7437.61000,7455.86000,4696.00000
2026-07-30 20:15:00+00:00,7455.61000,7461.11000,7454.73000,7459.23000,2616.00000
2026-07-30 20:30:00+00:00,7462.73000,7465.73000,7445.36000,7449.98000,3244.00000
2026-07-30 20:45:00+00:00,7450.11000,7450.86000,7441.11000,7445.11000,1606.00000
2026-07-30 22:00:00+00:00,7440.31000,7449.43000,7437.68000,7445.81000,2144.00000
2026-07-30 22:15:00+00:00,7445.68000,7449.93000,7442.56000,7444.43000,1536.00000
2026-07-30 22:30:00+00:00,7444.31000,7451.81000,7442.06000,7451.81000,1416.00000
2026-07-30 22:45:00+00:00,7452.06000,7454.81000,7451.31000,7454.06000,750.00000
2026-07-30 23:00:00+00:00,7454.18000,7458.81000,7451.81000,7452.31000,1078.00000
2026-07-30 23:15:00+00:00,7452.56000,7453.31000,7449.81000,7452.06000,942.00000
2026-07-30 23:30:00+00:00,7452.18000,7457.31000,7451.31000,7457.06000,1228.00000
2026-07-30 23:45:00+00:00,7456.81000,7461.06000,7454.56000,7457.31000,2198.00000
2026-07-31 00:00:00+00:00,7457.06000,7465.93000,7454.06000,7465.06000,3454.00000
2026-07-31 00:15:00+00:00,7464.81000,7467.31000,7462.31000,7463.56000,2584.00000
2026-07-31 00:30:00+00:00,7463.31000,7466.81000,7463.06000,7466.06000,2126.00000
2026-07-31 00:45:00+00:00,7466.31000,7466.31000,7460.68000,7464.56000,1948.00000
2026-07-31 01:00:00+00:00,7464.81000,7471.31000,7464.81000,7469.31000,1392.00000
2026-07-31 01:15:00+00:00,7469.43000,7473.81000,7469.18000,7471.68000,1254.00000
2026-07-31 01:30:00+00:00,7471.56000,7472.06000,7465.81000,7466.56000,2290.00000
2026-07-31 01:45:00+00:00,7466.43000,7467.31000,7463.81000,7467.31000,1964.00000
2026-07-31 02:00:00+00:00,7467.18000,7469.81000,7463.81000,7464.31000,1938.00000
2026-07-31 02:15:00+00:00,7464.18000,7464.31000,7460.93000,7461.93000,1550.00000
2026-07-31 02:30:00+00:00,7461.81000,7463.06000,7458.06000,7461.81000,1380.00000
2026-07-31 02:45:00+00:00,7462.06000,7463.06000,7458.81000,7462.56000,1292.00000
2026-07-31 03:00:00+00:00,7462.31000,7463.06000,7458.06000,7460.56000,1744.00000
2026-07-31 03:15:00+00:00,7460.68000,7466.81000,7460.56000,7465.81000,1728.00000
2026-07-31 03:30:00+00:00,7466.06000,7468.31000,7465.31000,7466.81000,2232.00000
2026-07-31 03:45:00+00:00,7466.31000,7467.31000,7462.56000,7466.31000,2300.00000
2026-07-31 04:00:00+00:00,7466.43000,7467.81000,7461.81000,7467.31000,1970.00000
2026-07-31 04:15:00+00:00,7467.43000,7472.56000,7466.06000,7472.31000,1250.00000
2026-07-31 04:30:00+00:00,7472.56000,7477.06000,7471.81000,7476.81000,1110.00000
2026-07-31 04:45:00+00:00,7476.93000,7478.81000,7475.81000,7478.31000,940.00000
2026-07-31 05:00:00+00:00,7478.56000,7479.06000,7476.56000,7477.56000,1170.00000
2026-07-31 05:15:00+00:00,7478.06000,7479.81000,7476.81000,7478.68000,746.00000
2026-07-31 05:30:00+00:00,7478.81000,7480.06000,7475.06000,7476.06000,1202.00000
2026-07-31 05:45:00+00:00,7475.81000,7479.06000,7475.31000,7477.81000,1102.00000
2026-07-31 06:00:00+00:00,7477.56000,7480.34000,7476.81000,7479.84000,1292.00000
2026-07-31 06:15:00+00:00,7480.09000,7480.59000,7476.09000,7477.34000,814.00000
2026-07-31 06:30:00+00:00,7477.59000,7477.59000,7462.96000,7465.84000,2288.00000
2026-07-31 06:45:00+00:00,7466.09000,7467.84000,7461.59000,7465.84000,1996.00000
2026-07-31 07:00:00+00:00,7465.71000,7476.84000,7462.59000,7475.34000,2878.00000
2026-07-31 07:15:00+00:00,7475.21000,7478.09000,7470.59000,7474.59000,2386.00000
2026-07-31 07:30:00+00:00,7474.71000,7476.84000,7472.21000,7476.09000,1820.00000
2026-07-31 07:45:00+00:00,7476.34000,7477.59000,7472.34000,7476.09000,1736.00000
2026-07-31 08:00:00+00:00,7475.84000,7479.84000,7472.34000,7479.84000,2948.00000
2026-07-31 08:15:00+00:00,7480.09000,7482.34000,7477.59000,7480.84000,2172.00000
2026-07-31 08:30:00+00:00,7480.59000,7481.59000,7476.59000,7477.84000,1992.00000
2026-07-31 08:45:00+00:00,7477.96000,7483.34000,7477.34000,7482.34000,1742.00000
2026-07-31 09:00:00+00:00,7482.59000,7487.09000,7480.59000,7485.59000,2024.00000
2026-07-31 09:15:00+00:00,7485.34000,7486.34000,7481.09000,7481.34000,1280.00000
2026-07-31 09:30:00+00:00,7480.84000,7481.84000,7473.34000,7475.84000,1782.00000
2026-07-31 09:45:00+00:00,7475.59000,7477.59000,7473.46000,7473.59000,1472.00000
2026-07-31 10:00:00+00:00,7473.46000,7477.84000,7471.84000,7476.84000,1972.00000
2026-07-31 10:15:00+00:00,7476.71000,7481.59000,7476.09000,7479.09000,1138.00000
2026-07-31 10:30:00+00:00,7478.96000,7480.09000,7473.84000,7477.59000,1660.00000
2026-07-31 10:45:00+00:00,7477.84000,7478.84000,7474.34000,7476.21000,1496.00000
2026-07-31 11:00:00+00:00,7476.09000,7480.84000,7475.46000,7476.34000,2108.00000
2026-07-31 11:15:00+00:00,7476.46000,7476.59000,7468.84000,7469.46000,2976.00000
2026-07-31 11:30:00+00:00,7469.34000,7469.59000,7463.96000,7465.71000,2296.00000
2026-07-31 11:45:00+00:00,7465.59000,7470.09000,7465.09000,7468.84000,1838.00000
2026-07-31 12:00:00+00:00,7469.09000,7469.09000,7459.34000,7459.96000,1724.00000
2026-07-31 12:15:00+00:00,7459.84000,7462.09000,7455.34000,7460.84000,1726.00000
2026-07-31 12:30:00+00:00,7460.71000,7461.34000,7449.21000,7452.59000,2604.00000
2026-07-31 12:45:00+00:00,7452.84000,7456.34000,7449.84000,7452.59000,1744.00000
2026-07-31 13:00:00+00:00,7453.34000,7460.59000,7450.84000,7459.59000,1424.00000
2026-07-31 13:15:00+00:00,7460.34000,7468.84000,7459.84000,7468.21000,2116.00000
2026-07-31 13:30:00+00:00,7468.34000,7484.59000,7449.84000,7452.34000,6376.00000
2026-07-31 13:45:00+00:00,7452.59000,7457.09000,7436.34000,7440.09000,8206.00000
2026-07-31 14:00:00+00:00,7439.09000,7444.59000,7400.09000,7405.09000,7748.00000
2026-07-31 14:15:00+00:00,7404.84000,7426.09000,7397.34000,7425.34000,7348.00000
2026-07-31 14:30:00+00:00,7425.59000,7437.59000,7421.84000,7437.09000,6356.00000
2026-07-31 14:45:00+00:00,7437.34000,7450.34000,7435.84000,7446.34000,5176.00000
2026-07-31 15:00:00+00:00,7446.46000,7449.09000,7432.34000,7442.59000,5692.00000
2026-07-31 15:15:00+00:00,7442.34000,7451.84000,7422.09000,7424.09000,6016.00000
2026-07-31 15:30:00+00:00,7423.84000,7444.59000,7418.84000,7439.34000,6034.00000
2026-07-31 15:45:00+00:00,7439.46000,7454.34000,7432.09000,7451.84000,5114.00000
2026-07-31 16:00:00+00:00,7452.09000,7457.34000,7445.59000,7456.09000,4286.00000
2026-07-31 16:15:00+00:00,7455.96000,7465.34000,7448.59000,7465.34000,3786.00000
2026-07-31 16:30:00+00:00,7465.21000,7470.34000,7462.09000,7462.84000,2980.00000
2026-07-31 16:45:00+00:00,7462.59000,7470.84000,7461.09000,7467.09000,2594.00000
2026-07-31 17:00:00+00:00,7466.84000,7474.34000,7466.09000,7473.34000,1968.00000
2026-07-31 17:15:00+00:00,7473.59000,7485.34000,7472.34000,7484.09000,1806.00000
2026-07-31 17:30:00+00:00,7484.34000,7486.09000,7477.21000,7479.34000,2076.00000
2026-07-31 17:45:00+00:00,7479.59000,7482.34000,7472.84000,7475.34000,2406.00000
2026-07-31 18:00:00+00:00,7475.59000,7481.34000,7473.84000,7478.09000,2468.00000
2026-07-31 18:15:00+00:00,7477.84000,7485.59000,7477.34000,7481.34000,1906.00000
2026-07-31 18:30:00+00:00,7481.59000,7483.84000,7477.84000,7481.59000,1554.00000
2026-07-31 18:45:00+00:00,7481.34000,7486.21000,7480.09000,7482.34000,1342.00000
2026-07-31 19:00:00+00:00,7482.09000,7486.59000,7478.84000,7484.09000,1646.00000
2026-07-31 19:15:00+00:00,7484.34000,7500.34000,7483.59000,7496.09000,2022.00000
2026-07-31 19:30:00+00:00,7495.84000,7502.46000,7489.59000,7502.34000,2074.00000
2026-07-31 19:45:00+00:00,7502.59000,7510.34000,7485.06000,7489.06000,3628.00000
2026-07-31 20:00:00+00:00,7489.56000,7496.31000,7486.56000,7491.06000,2762.00000
2026-07-31 20:15:00+00:00,7490.81000,7491.06000,7486.81000,7488.31000,776.00000
2026-07-31 20:30:00+00:00,7487.81000,7490.43000,7486.31000,7487.81000,716.00000
2026-07-31 20:45:00+00:00,7487.56000,7489.18000,7472.31000,7475.93000,2314.00000
2026-08-02 22:00:00+00:00,7521.63000,7529.25000,7518.50000,7527.13000,3265.00000
2026-08-02 22:15:00+00:00,7527.38000,7528.13000,7521.38000,7523.00000,2232.00000
2026-08-02 22:30:00+00:00,7523.13000,7524.38000,7520.88000,7520.88000,1036.00000
2026-08-02 22:45:00+00:00,7520.63000,7522.00000,7516.25000,7517.50000,984.00000
2026-08-02 23:00:00+00:00,7517.38000,7521.75000,7515.38000,7516.88000,1282.00000
2026-08-02 23:15:00+00:00,7517.13000,7521.63000,7517.13000,7520.50000,812.00000
2026-08-02 23:30:00+00:00,7520.63000,7523.13000,7519.88000,7522.00000,902.00000
2026-08-02 23:45:00+00:00,7522.13000,7526.75000,7518.63000,7523.13000,3034.00000
2026-08-03 00:00:00+00:00,7522.63000,7525.88000,7517.88000,7525.63000,4770.00000
2026-08-03 00:15:00+00:00,7525.50000,7528.38000,7517.13000,7518.75000,2410.00000
2026-08-03 00:30:00+00:00,7518.63000,7525.38000,7518.13000,7521.38000,2804.00000
2026-08-03 00:45:00+00:00,7521.25000,7526.13000,7520.38000,7526.00000,2476.00000
2026-08-03 01:00:00+00:00,7526.13000,7527.88000,7522.63000,7523.63000,2268.00000
2026-08-03 01:15:00+00:00,7523.38000,7527.38000,7521.38000,7526.88000,1968.00000
2026-08-03 01:30:00+00:00,7526.63000,7529.13000,7524.63000,7528.63000,1756.00000
2026-08-03 01:45:00+00:00,7528.88000,7530.38000,7527.88000,7529.88000,1246.00000
2026-08-03 02:00:00+00:00,7530.00000,7531.63000,7528.38000,7530.88000,682.00000
2026-08-03 02:15:00+00:00,7530.63000,7533.63000,7528.88000,7528.88000,604.00000
2026-08-03 02:30:00+00:00,7529.13000,7532.13000,7528.38000,7530.38000,922.00000
2026-08-03 02:45:00+00:00,7530.63000,7532.63000,7530.38000,7532.13000,516.00000
2026-08-03 03:00:00+00:00,7532.38000,7533.63000,7532.38000,7533.38000,464.00000
2026-08-03 03:15:00+00:00,7533.13000,7534.13000,7530.63000,7530.63000,478.00000
2026-08-03 03:30:00+00:00,7530.88000,7534.13000,7530.13000,7534.13000,986.00000
2026-08-03 03:45:00+00:00,7534.38000,7536.13000,7533.13000,7533.63000,470.00000
2026-08-03 04:00:00+00:00,7533.88000,7534.88000,7532.88000,7534.13000,670.00000
2026-08-03 04:15:00+00:00,7534.38000,7536.63000,7534.13000,7536.38000,218.00000
2026-08-03 04:30:00+00:00,7536.63000,7536.88000,7535.63000,7536.88000,236.00000
2026-08-03 04:45:00+00:00,7537.00000,7538.63000,7534.88000,7535.13000,304.00000
2026-08-03 05:00:00+00:00,7535.38000,7537.13000,7533.88000,7535.38000,376.00000
2026-08-03 05:15:00+00:00,7535.13000,7536.38000,7533.63000,7535.13000,430.00000
2026-08-03 05:30:00+00:00,7534.88000,7535.75000,7533.88000,7534.63000,600.00000
2026-08-03 05:45:00+00:00,7534.88000,7535.38000,7532.13000,7534.88000,424.00000
2026-08-03 06:00:00+00:00,7535.13000,7537.66000,7533.88000,7535.41000,1052.00000
2026-08-03 06:15:00+00:00,7535.66000,7535.66000,7530.66000,7531.41000,890.00000
2026-08-03 06:30:00+00:00,7531.66000,7533.66000,7529.91000,7529.91000,872.00000
2026-08-03 06:45:00+00:00,7529.78000,7530.91000,7527.66000,7528.66000,844.00000
2026-08-03 07:00:00+00:00,7529.03000,7532.91000,7524.91000,7531.91000,2228.00000
2026-08-03 07:15:00+00:00,7531.66000,7533.41000,7524.66000,7528.66000,2890.00000
2026-08-03 07:30:00+00:00,7528.41000,7531.66000,7525.16000,7525.66000,1680.00000
2026-08-03 07:45:00+00:00,7525.91000,7531.91000,7525.41000,7531.41000,1472.00000
2026-08-03 08:00:00+00:00,7531.16000,7531.66000,7522.41000,7526.91000,2248.00000
2026-08-03 08:15:00+00:00,7526.41000,7526.91000,7519.41000,7522.16000,2106.00000
2026-08-03 08:30:00+00:00,7522.28000,7528.91000,7519.41000,7526.41000,2142.00000
2026-08-03 08:45:00+00:00,7526.28000,7531.16000,7524.16000,7531.16000,1428.00000
2026-08-03 09:00:00+00:00,7531.41000,7532.16000,7525.66000,7527.66000,1446.00000
2026-08-03 09:15:00+00:00,7527.91000,7530.41000,7526.91000,7528.03000,1222.00000
2026-08-03 09:30:00+00:00,7527.91000,7531.41000,7527.41000,7528.16000,1632.00000
2026-08-03 09:45:00+00:00,7528.28000,7530.41000,7525.66000,7529.16000,1282.00000
2026-08-03 10:00:00+00:00,7529.41000,7531.66000,7527.41000,7530.16000,1230.00000
2026-08-03 10:15:00+00:00,7529.91000,7532.16000,7529.16000,7531.91000,1482.00000
2026-08-03 10:30:00+00:00,7531.66000,7534.28000,7530.28000,7534.16000,1048.00000
2026-08-03 10:45:00+00:00,7534.41000,7534.91000,7532.66000,7534.66000,758.00000
2026-08-03 11:00:00+00:00,7534.91000,7535.16000,7529.16000,7531.78000,1768.00000
2026-08-03 11:15:00+00:00,7531.66000,7535.91000,7531.16000,7533.41000,1378.00000
2026-08-03 11:30:00+00:00,7533.28000,7539.41000,7532.16000,7535.66000,1416.00000
2026-08-03 11:45:00+00:00,7535.91000,7536.16000,7527.66000,7529.16000,1586.00000
2026-08-03 12:00:00+00:00,7528.91000,7529.16000,7525.16000,7528.16000,1732.00000
2026-08-03 12:15:00+00:00,7528.28000,7530.66000,7525.66000,7529.91000,1580.00000
2026-08-03 12:30:00+00:00,7530.16000,7537.41000,7530.16000,7537.41000,1172.00000
2026-08-03 12:45:00+00:00,7537.28000,7537.91000,7534.16000,7535.16000,896.00000
2026-08-03 13:00:00+00:00,7535.41000,7536.91000,7533.66000,7534.41000,1042.00000
2026-08-03 13:15:00+00:00,7534.16000,7537.41000,7516.66000,7517.66000,1650.00000
2026-08-03 13:30:00+00:00,7517.91000,7542.66000,7514.91000,7539.16000,6618.00000
2026-08-03 13:45:00+00:00,7539.28000,7559.91000,7536.91000,7559.66000,5016.00000
2026-08-03 14:00:00+00:00,7558.66000,7564.16000,7554.41000,7562.66000,4088.00000
2026-08-03 14:15:00+00:00,7562.91000,7571.66000,7561.91000,7568.91000,2212.00000
2026-08-03 14:30:00+00:00,7569.16000,7575.41000,7566.91000,7572.91000,1692.00000
2026-08-03 14:45:00+00:00,7573.16000,7577.91000,7570.66000,7577.66000,1582.00000
2026-08-03 15:00:00+00:00,7577.41000,7577.91000,7571.66000,7574.16000,1422.00000
2026-08-03 15:15:00+00:00,7574.41000,7580.66000,7573.91000,7574.91000,1708.00000
2026-08-03 15:30:00+00:00,7575.16000,7582.16000,7574.66000,7580.16000,1572.00000
2026-08-03 15:45:00+00:00,7580.41000,7585.66000,7580.41000,7583.16000,1122.00000
2026-08-03 16:00:00+00:00,7583.41000,7585.16000,7581.16000,7583.16000,878.00000
2026-08-03 16:15:00+00:00,7583.41000,7589.41000,7582.91000,7588.91000,852.00000
2026-08-03 16:30:00+00:00,7588.66000,7589.66000,7585.66000,7587.91000,892.00000
2026-08-03 16:45:00+00:00,7588.16000,7588.41000,7583.41000,7585.66000,708.00000
2026-08-03 17:00:00+00:00,7585.41000,7589.41000,7583.16000,7588.41000,848.00000
2026-08-03 17:15:00+00:00,7588.16000,7594.91000,7588.16000,7594.16000,800.00000
2026-08-03 17:30:00+00:00,7593.91000,7597.91000,7593.66000,7596.91000,728.00000
2026-08-03 17:45:00+00:00,7596.66000,7601.41000,7596.66000,7599.91000,690.00000
2026-08-03 18:00:00+00:00,7600.16000,7606.66000,7599.91000,7603.41000,1102.00000
2026-08-03 18:15:00+00:00,7603.66000,7606.41000,7598.16000,7599.16000,1042.00000
2026-08-03 18:30:00+00:00,7599.41000,7604.41000,7596.91000,7604.16000,1168.00000
2026-08-03 18:45:00+00:00,7604.41000,7606.03000,7600.91000,7602.91000,970.00000
2026-08-03 19:00:00+00:00,7603.16000,7609.41000,7603.16000,7605.41000,1018.00000
2026-08-03 19:15:00+00:00,7605.66000,7609.16000,7605.66000,7607.16000,920.00000
2026-08-03 19:30:00+00:00,7607.41000,7608.66000,7602.41000,7604.16000,1162.00000
2026-08-03 19:45:00+00:00,7603.91000,7607.16000,7598.13000,7600.13000,2242.00000
2026-08-03 20:00:00+00:00,7599.88000,7604.63000,7597.13000,7603.88000,872.00000
2026-08-03 20:15:00+00:00,7604.13000,7608.38000,7604.13000,7604.88000,384.00000
2026-08-03 20:30:00+00:00,7605.13000,7608.38000,7604.63000,7607.13000,256.00000
2026-08-03 20:45:00+00:00,7607.38000,7607.38000,7602.63000,7603.13000,252.00000
2026-08-03 22:00:00+00:00,7602.37000,7608.00000,7602.37000,7605.00000,1298.00000
2026-08-03 22:15:00+00:00,7605.25000,7607.62000,7605.25000,7606.37000,604.00000
2026-08-03 22:30:00+00:00,7606.50000,7609.25000,7605.75000,7608.62000,732.00000
2026-08-03 22:45:00+00:00,7608.75000,7608.75000,7607.00000,7607.87000,526.00000
2026-08-03 23:00:00+00:00,7608.00000,7608.25000,7606.25000,7607.00000,400.00000
2026-08-03 23:15:00+00:00,7607.12000,7608.75000,7606.75000,7607.25000,412.00000
2026-08-03 23:30:00+00:00,7607.50000,7608.75000,7605.37000,7605.50000,536.00000
2026-08-03 23:45:00+00:00,7605.75000,7608.50000,7605.25000,7608.25000,1530.00000
2026-08-04 00:00:00+00:00,7607.75000,7610.00000,7604.75000,7606.62000,3074.00000
2026-08-04 00:15:00+00:00,7606.50000,7606.75000,7603.37000,7603.75000,1962.00000
2026-08-04 00:30:00+00:00,7603.87000,7607.75000,7602.25000,7607.25000,2044.00000
2026-08-04 00:45:00+00:00,7607.50000,7608.50000,7604.50000,7605.50000,2088.00000
2026-08-04 01:00:00+00:00,7605.25000,7607.75000,7602.25000,7606.75000,2120.00000
2026-08-04 01:15:00+00:00,7607.00000,7609.00000,7605.00000,7609.00000,1420.00000
2026-08-04 01:30:00+00:00,7608.75000,7612.50000,7608.50000,7612.50000,1244.00000
2026-08-04 01:45:00+00:00,7612.75000,7620.00000,7612.50000,7619.00000,804.00000
2026-08-04 02:00:00+00:00,7619.25000,7620.00000,7612.37000,7613.50000,1664.00000
2026-08-04 02:15:00+00:00,7613.75000,7615.00000,7611.75000,7612.75000,1888.00000
2026-08-04 02:30:00+00:00,7612.87000,7616.50000,7612.75000,7616.50000,1728.00000
2026-08-04 02:45:00+00:00,7616.25000,7617.00000,7614.25000,7615.00000,1166.00000
2026-08-04 03:00:00+00:00,7614.75000,7616.75000,7610.75000,7612.25000,1312.00000
2026-08-04 03:15:00+00:00,7612.12000,7616.75000,7611.75000,7616.00000,1638.00000
2026-08-04 03:30:00+00:00,7616.12000,7618.00000,7614.50000,7615.25000,1558.00000
2026-08-04 03:45:00+00:00,7615.37000,7617.75000,7614.25000,7617.25000,1158.00000
2026-08-04 04:00:00+00:00,7617.50000,7618.00000,7614.50000,7615.50000,1284.00000
2026-08-04 04:15:00+00:00,7615.37000,7618.50000,7615.25000,7618.00000,830.00000
2026-08-04 04:30:00+00:00,7618.25000,7618.50000,7617.25000,7617.75000,926.00000
2026-08-04 04:45:00+00:00,7617.62000,7619.00000,7616.75000,7618.00000,784.00000
2026-08-04 05:00:00+00:00,7618.12000,7618.25000,7615.25000,7615.87000,1338.00000
2026-08-04 05:15:00+00:00,7615.75000,7618.50000,7615.50000,7618.00000,1018.00000
2026-08-04 05:30:00+00:00,7617.87000,7621.50000,7617.75000,7619.75000,708.00000
2026-08-04 05:45:00+00:00,7619.87000,7620.50000,7618.75000,7620.25000,896.00000
2026-08-04 06:00:00+00:00,7620.37000,7622.53000,7619.25000,7622.53000,908.00000
2026-08-04 06:15:00+00:00,7622.28000,7622.28000,7619.78000,7619.78000,558.00000
2026-08-04 06:30:00+00:00,7619.53000,7620.90000,7615.53000,7616.53000,646.00000
2026-08-04 06:45:00+00:00,7616.40000,7617.28000,7615.53000,7617.03000,510.00000
2026-08-04 07:00:00+00:00,7617.28000,7620.03000,7614.15000,7615.53000,1654.00000
2026-08-04 07:15:00+00:00,7615.65000,7618.78000,7615.28000,7617.53000,1030.00000
2026-08-04 07:30:00+00:00,7617.78000,7620.78000,7614.78000,7615.28000,1096.00000
2026-08-04 07:45:00+00:00,7615.03000,7619.28000,7614.53000,7616.03000,800.00000
2026-08-04 08:00:00+00:00,7616.28000,7617.78000,7614.53000,7616.53000,1876.00000
2026-08-04 08:15:00+00:00,7616.40000,7618.53000,7614.78000,7616.03000,1228.00000
2026-08-04 08:30:00+00:00,7615.78000,7615.78000,7609.78000,7611.03000,1510.00000
2026-08-04 08:45:00+00:00,7610.78000,7611.03000,7607.90000,7609.78000,1086.00000
2026-08-04 09:00:00+00:00,7609.53000,7609.78000,7604.78000,7606.53000,1350.00000
2026-08-04 09:15:00+00:00,7606.65000,7607.03000,7604.53000,7607.03000,1216.00000
2026-08-04 09:30:00+00:00,7606.90000,7610.90000,7606.78000,7610.28000,752.00000
2026-08-04 09:45:00+00:00,7610.40000,7611.28000,7607.28000,7610.28000,1090.00000
2026-08-04 10:00:00+00:00,7610.53000,7612.28000,7609.03000,7611.15000,958.00000
2026-08-04 10:15:00+00:00,7611.28000,7611.28000,7608.78000,7609.03000,936.00000
2026-08-04 10:30:00+00:00,7609.28000,7617.53000,7608.78000,7616.28000,1864.00000
2026-08-04 10:45:00+00:00,7616.03000,7620.28000,7614.15000,7615.78000,2950.00000
2026-08-04 11:00:00+00:00,7615.53000,7617.78000,7614.28000,7616.28000,1928.00000
2026-08-04 11:15:00+00:00,7616.15000,7621.28000,7615.53000,7621.03000,1380.00000
2026-08-04 11:30:00+00:00,7621.28000,7629.40000,7617.78000,7627.28000,1628.00000
2026-08-04 11:45:00+00:00,7627.53000,7630.28000,7624.78000,7627.03000,3206.00000
2026-08-04 12:00:00+00:00,7626.90000,7628.03000,7624.03000,7624.53000,1558.00000
2026-08-04 12:15:00+00:00,7624.78000,7628.28000,7624.28000,7627.15000,1252.00000
2026-08-04 12:30:00+00:00,7627.28000,7628.53000,7625.28000,7627.78000,1302.00000
2026-08-04 12:45:00+00:00,7627.53000,7627.78000,7623.53000,7623.78000,674.00000
2026-08-04 13:00:00+00:00,7624.03000,7627.28000,7622.03000,7626.78000,894.00000
2026-08-04 13:15:00+00:00,7627.03000,7637.03000,7626.03000,7630.15000,2612.00000
2026-08-04 13:30:00+00:00,7630.53000,7646.03000,7629.15000,7642.53000,3760.00000
2026-08-04 13:45:00+00:00,7642.78000,7659.03000,7642.78000,7657.90000,3244.00000
2026-08-04 14:00:00+00:00,7658.15000,7673.03000,7655.28000,7673.03000,2768.00000
2026-08-04 14:15:00+00:00,7673.28000,7678.78000,7666.28000,7669.53000,3186.00000
2026-08-04 14:30:00+00:00,7669.28000,7682.28000,7665.78000,7682.28000,3448.00000
2026-08-04 14:45:00+00:00,7682.78000,7689.03000,7680.65000,7688.03000,2308.00000
2026-08-04 15:00:00+00:00,7688.28000,7696.53000,7686.78000,7694.03000,1768.00000
2026-08-04 15:15:00+00:00,7693.78000,7703.78000,7693.78000,7698.53000,1548.00000
2026-08-04 15:30:00+00:00,7698.28000,7708.28000,7696.78000,7707.78000,2162.00000
2026-08-04 15:45:00+00:00,7708.03000,7713.78000,7706.53000,7709.15000,1658.00000
2026-08-04 16:00:00+00:00,7709.03000,7714.28000,7706.03000,7707.28000,1426.00000
2026-08-04 16:15:00+00:00,7707.53000,7718.28000,7707.28000,7717.15000,1306.00000
2026-08-04 16:30:00+00:00,7717.28000,7725.28000,7715.03000,7725.03000,1116.00000
2026-08-04 16:45:00+00:00,7725.28000,7728.53000,7724.90000,7727.78000,1048.00000
2026-08-04 17:00:00+00:00,7728.03000,7738.28000,7726.78000,7737.53000,1354.00000
2026-08-04 17:15:00+00:00,7737.78000,7741.53000,7734.78000,7737.78000,1404.00000
2026-08-04 17:30:00+00:00,7738.03000,7748.53000,7734.78000,7748.28000,1306.00000
2026-08-04 17:45:00+00:00,7748.53000,7756.28000,7740.78000,7740.78000,2412.00000
2026-08-04 18:00:00+00:00,7740.65000,7747.28000,7736.03000,7746.78000,2724.00000
2026-08-04 18:15:00+00:00,7747.03000,7749.03000,7744.78000,7748.53000,1746.00000
2026-08-04 18:30:00+00:00,7748.78000,7749.53000,7738.78000,7742.03000,1716.00000
2026-08-04 18:45:00+00:00,7742.15000,7747.53000,7742.03000,7745.53000,1602.00000
2026-08-04 19:00:00+00:00,7745.78000,7755.03000,7745.28000,7753.53000,1488.00000
2026-08-04 19:15:00+00:00,7753.78000,7755.78000,7745.78000,7747.53000,1330.00000
2026-08-04 19:30:00+00:00,7747.78000,7757.78000,7745.78000,7756.78000,1704.00000
2026-08-04 19:45:00+00:00,7757.03000,7758.53000,7734.00000,7736.75000,3064.00000
2026-08-04 20:00:00+00:00,7737.00000,7753.62000,7737.00000,7746.12000,3386.00000
2026-08-04 20:15:00+00:00,7743.12000,7743.75000,7734.00000,7739.50000,4006.00000
2026-08-04 20:30:00+00:00,7739.25000,7745.50000,7738.12000,7743.75000,2440.00000
2026-08-04 20:45:00+00:00,7743.62000,7747.50000,7743.00000,7747.25000,1620.00000
2026-08-04 22:00:00+00:00,7747.65000,7751.90000,7744.65000,7751.77000,1428.00000
2026-08-04 22:15:00+00:00,7751.40000,7754.90000,7750.90000,7753.65000,894.00000
2026-08-04 22:30:00+00:00,7753.77000,7756.65000,7751.27000,7751.65000,866.00000
2026-08-04 22:45:00+00:00,7752.02000,7754.40000,7751.15000,7754.27000,820.00000
2026-08-04 23:00:00+00:00,7754.65000,7756.40000,7752.15000,7755.40000,774.00000
2026-08-04 23:15:00+00:00,7755.52000,7756.15000,7752.65000,7752.90000,320.00000
2026-08-04 23:30:00+00:00,7753.15000,7753.65000,7749.52000,7752.77000,974.00000
2026-08-04 23:45:00+00:00,7752.90000,7754.52000,7750.90000,7750.90000,1896.00000
2026-08-05 00:00:00+00:00,7751.27000,7753.90000,7749.65000,7753.77000,3164.00000
2026-08-05 00:15:00+00:00,7753.65000,7757.15000,7752.40000,7756.90000,1582.00000
2026-08-05 00:30:00+00:00,7757.02000,7758.90000,7754.02000,7754.02000,1406.00000
2026-08-05 00:45:00+00:00,7753.90000,7757.90000,7752.40000,7757.90000,1704.00000
2026-08-05 01:00:00+00:00,7757.65000,7757.65000,7752.65000,7755.65000,1704.00000
2026-08-05 01:15:00+00:00,7755.90000,7756.15000,7751.40000,7752.65000,1546.00000
2026-08-05 01:30:00+00:00,7752.52000,7757.15000,7752.02000,7755.65000,1262.00000
2026-08-05 01:45:00+00:00,7755.77000,7758.65000,7755.65000,7757.90000,984.00000
2026-08-05 02:00:00+00:00,7757.77000,7760.40000,7756.90000,7759.15000,1226.00000
2026-08-05 02:15:00+00:00,7759.27000,7760.40000,7757.65000,7758.65000,782.00000
2026-08-05 02:30:00+00:00,7758.40000,7760.02000,7757.40000,7759.90000,830.00000
2026-08-05 02:45:00+00:00,7760.02000,7762.15000,7759.65000,7760.40000,576.00000
2026-08-05 03:00:00+00:00,7760.27000,7765.40000,7759.90000,7764.40000,740.00000
2026-08-05 03:15:00+00:00,7764.15000,7765.65000,7760.90000,7760.90000,682.00000
2026-08-05 03:30:00+00:00,7760.65000,7765.15000,7759.90000,7764.65000,802.00000
2026-08-05 03:45:00+00:00,7764.77000,7765.65000,7762.90000,7765.40000,524.00000
2026-08-05 04:00:00+00:00,7765.65000,7766.27000,7764.40000,7764.40000,500.00000
2026-08-05 04:15:00+00:00,7764.27000,7764.40000,7761.65000,7762.90000,562.00000
2026-08-05 04:30:00+00:00,7762.65000,7765.40000,7762.40000,7764.90000,508.00000
2026-08-05 04:45:00+00:00,7764.65000,7765.90000,7762.90000,7764.90000,478.00000
2026-08-05 05:00:00+00:00,7764.77000,7768.40000,7764.15000,7768.15000,806.00000
2026-08-05 05:15:00+00:00,7768.40000,7769.65000,7767.65000,7767.65000,460.00000
2026-08-05 05:30:00+00:00,7767.90000,7769.65000,7766.90000,7769.65000,640.00000
2026-08-05 05:45:00+00:00,7769.40000,7773.15000,7769.15000,7772.15000,442.00000
2026-08-05 06:00:00+00:00,7772.40000,7773.05000,7770.68000,7772.43000,592.00000
2026-08-05 06:15:00+00:00,7772.18000,7772.30000,7765.18000,7766.43000,736.00000
2026-08-05 06:30:00+00:00,7766.18000,7769.68000,7765.93000,7767.93000,680.00000
2026-08-05 06:45:00+00:00,7768.18000,7771.68000,7767.43000,7771.68000,514.00000
2026-08-05 07:00:00+00:00,7771.30000,7772.93000,7765.93000,7767.18000,1930.00000
2026-08-05 07:15:00+00:00,7767.43000,7768.18000,7764.18000,7764.43000,1254.00000
2026-08-05 07:30:00+00:00,7764.55000,7765.68000,7761.68000,7764.55000,1048.00000
2026-08-05 07:45:00+00:00,7764.43000,7766.68000,7763.43000,7766.18000,670.00000
2026-08-05 08:00:00+00:00,7766.30000,7770.18000,7759.93000,7761.43000,1696.00000
2026-08-05 08:15:00+00:00,7761.18000,7762.68000,7755.93000,7758.68000,1840.00000
2026-08-05 08:30:00+00:00,7758.80000,7759.05000,7753.93000,7756.18000,1736.00000
2026-08-05 08:45:00+00:00,7756.30000,7758.68000,7753.93000,7757.68000,1442.00000
2026-08-05 09:00:00+00:00,7757.93000,7760.93000,7756.30000,7759.43000,1268.00000
2026-08-05 09:15:00+00:00,7759.30000,7762.43000,7757.55000,7762.43000,1045.00000
2026-08-05 09:30:00+00:00,7762.68000,7765.68000,7761.93000,7763.68000,746.00000
2026-08-05 09:45:00+00:00,7763.55000,7764.18000,7760.93000,7761.93000,866.00000
2026-08-05 10:00:00+00:00,7762.18000,7763.68000,7760.93000,7762.43000,758.00000
2026-08-05 10:15:00+00:00,7762.30000,7766.93000,7761.93000,7766.68000,982.00000
2026-08-05 10:30:00+00:00,7766.93000,7768.43000,7765.43000,7766.68000,872.00000
2026-08-05 10:45:00+00:00,7768.68000,7771.43000,7766.18000,7771.18000,1276.00000
2026-08-05 11:00:00+00:00,7770.93000,7772.55000,7768.68000,7771.18000,1476.00000
2026-08-05 11:15:00+00:00,7770.93000,7773.18000,7768.18000,7768.18000,708.00000
2026-08-05 11:30:00+00:00,7768.05000,7771.43000,7766.93000,7768.18000,1002.00000
2026-08-05 11:45:00+00:00,7767.93000,7771.93000,7766.43000,7771.43000,1262.00000
2026-08-05 12:00:00+00:00,7771.68000,7775.68000,7770.93000,7774.30000,1414.00000
2026-08-05 12:15:00+00:00,7774.43000,7778.93000,7772.93000,7776.68000,1412.00000
2026-08-05 12:30:00+00:00,7776.93000,7777.93000,7769.43000,7775.93000,1744.00000
2026-08-05 12:45:00+00:00,7775.68000,7776.93000,7771.93000,7773.18000,960.00000
2026-08-05 13:00:00+00:00,7773.05000,7781.93000,7773.05000,7779.93000,1018.00000
2026-08-05 13:15:00+00:00,7779.68000,7783.18000,7776.93000,7782.93000,1375.00000
2026-08-05 13:30:00+00:00,7783.68000,7793.68000,7777.68000,7790.30000,6463.00000
2026-08-05 13:45:00+00:00,7790.80000,7792.80000,7768.93000,7792.55000,5919.00000
2026-08-05 14:00:00+00:00,7788.05000,7790.93000,7774.93000,7787.43000,6766.00000
2026-08-05 14:15:00+00:00,7787.18000,7790.18000,7772.93000,7773.43000,5448.00000
2026-08-05 14:30:00+00:00,7772.68000,7775.93000,7761.68000,7765.68000,5338.00000
2026-08-05 14:45:00+00:00,7765.43000,7773.93000,7750.05000,7759.80000,4918.00000
2026-08-05 15:00:00+00:00,7759.93000,7764.68000,7755.43000,7755.93000,4942.00000
2026-08-05 15:15:00+00:00,7756.18000,7756.93000,7738.18000,7742.18000,4622.00000
2026-08-05 15:30:00+00:00,7742.43000,7750.43000,7741.93000,7745.18000,4172.00000
2026-08-05 15:45:00+00:00,7744.93000,7745.18000,7728.43000,7731.43000,3456.00000
2026-08-05 16:00:00+00:00,7731.30000,7735.18000,7724.18000,7729.68000,4562.00000
2026-08-05 16:15:00+00:00,7729.43000,7745.93000,7727.43000,7745.68000,3204.00000
2026-08-05 16:30:00+00:00,7745.93000,7747.05000,7736.93000,7740.68000,2920.00000
2026-08-05 16:45:00+00:00,7740.43000,7746.43000,7737.68000,7743.18000,2492.00000
2026-08-05 17:00:00+00:00,7743.43000,7746.43000,7735.68000,7739.93000,2992.00000
2026-08-05 17:15:00+00:00,7739.68000,7743.18000,7735.43000,7738.43000,2686.00000
2026-08-05 17:30:00+00:00,7738.30000,7745.18000,7735.93000,7742.43000,2320.00000
2026-08-05 17:45:00+00:00,7742.18000,7744.68000,7738.68000,7740.43000,1876.00000
2026-08-05 18:00:00+00:00,7740.68000,7747.93000,7740.43000,7742.93000,2014.00000
2026-08-05 18:15:00+00:00,7743.18000,7746.18000,7741.93000,7744.43000,1432.00000
2026-08-05 18:30:00+00:00,7744.18000,7744.43000,7737.18000,7741.18000,1966.00000
2026-08-05 18:45:00+00:00,7741.43000,7744.93000,7738.68000,7738.93000,1474.00000
2026-08-05 19:00:00+00:00,7739.18000,7743.43000,7737.43000,7742.43000,1634.00000
2026-08-05 19:15:00+00:00,7742.55000,7744.93000,7741.43000,7742.68000,1116.00000
2026-08-05 19:30:00+00:00,7742.43000,7743.68000,7737.18000,7739.68000,1408.00000
2026-08-05 19:45:00+00:00,7740.18000,7741.68000,7719.40000,7722.15000,2354.00000
2026-08-05 20:00:00+00:00,7721.27000,7733.90000,7720.65000,7733.15000,3264.00000
2026-08-05 20:15:00+00:00,7733.65000,7733.90000,7728.40000,7730.65000,1424.00000
2026-08-05 20:30:00+00:00,7730.77000,7734.65000,7730.15000,7734.65000,494.00000
2026-08-05 20:45:00+00:00,7734.52000,7735.15000,7731.65000,7732.90000,396.00000
2026-08-05 22:00:00+00:00,7733.05000,7735.17000,7731.42000,7732.42000,1250.00000
2026-08-05 22:15:00+00:00,7732.30000,7741.80000,7732.30000,7741.30000,1220.00000
2026-08-05 22:30:00+00:00,7741.05000,7745.05000,7740.42000,7743.17000,838.00000
2026-08-05 22:45:00+00:00,7743.30000,7745.05000,7738.55000,7738.67000,930.00000
2026-08-05 23:00:00+00:00,7738.80000,7740.80000,7737.42000,7740.55000,512.00000
2026-08-05 23:15:00+00:00,7740.42000,7742.05000,7739.30000,7740.05000,586.00000
2026-08-05 23:30:00+00:00,7740.30000,7741.30000,7736.30000,7737.55000,1272.00000
2026-08-05 23:45:00+00:00,7737.42000,7737.80000,7734.80000,7736.30000,1958.00000
2026-08-06 00:00:00+00:00,7736.17000,7737.80000,7732.05000,7734.67000,3386.00000
2026-08-06 00:15:00+00:00,7734.55000,7737.05000,7731.30000,7732.55000,2512.00000
2026-08-06 00:30:00+00:00,7732.80000,7736.30000,7732.30000,7734.55000,2274.00000
2026-08-06 00:45:00+00:00,7734.67000,7735.80000,7731.30000,7731.55000,1950.00000
2026-08-06 01:00:00+00:00,7731.30000,7732.05000,7727.30000,7729.55000,1754.00000
2026-08-06 01:15:00+00:00,7729.42000,7729.55000,7722.42000,7724.30000,1438.00000
2026-08-06 01:30:00+00:00,7724.05000,7728.80000,7723.80000,7725.05000,2032.00000
2026-08-06 01:45:00+00:00,7725.17000,7730.55000,7724.80000,7729.30000,1772.00000
2026-08-06 02:00:00+00:00,7729.42000,7738.05000,7729.17000,7735.30000,1614.00000
2026-08-06 02:15:00+00:00,7735.55000,7738.05000,7734.05000,7734.80000,1666.00000
2026-08-06 02:30:00+00:00,7734.55000,7741.55000,7733.05000,7741.55000,1214.00000
2026-08-06 02:45:00+00:00,7741.80000,7742.30000,7738.30000,7739.30000,1154.00000
2026-08-06 03:00:00+00:00,7739.42000,7741.55000,7738.55000,7739.55000,1128.00000
2026-08-06 03:15:00+00:00,7739.42000,7740.30000,7734.30000,7735.05000,856.00000
2026-08-06 03:30:00+00:00,7735.17000,7737.30000,7733.55000,7736.05000,1686.00000
2026-08-06 03:45:00+00:00,7735.92000,7738.17000,7733.80000,7737.80000,1552.00000
2026-08-06 04:00:00+00:00,7738.05000,7738.17000,7734.05000,7735.55000,1436.00000
2026-08-06 04:15:00+00:00,7735.80000,7739.55000,7735.42000,7738.30000,1236.00000
2026-08-06 04:30:00+00:00,7738.17000,7739.80000,7734.30000,7735.30000,1318.00000
2026-08-06 04:45:00+00:00,7735.17000,7737.55000,7734.30000,7737.30000,1306.00000
2026-08-06 05:00:00+00:00,7737.55000,7740.05000,7735.80000,7738.05000,1734.00000
2026-08-06 05:15:00+00:00,7737.92000,7739.55000,7735.80000,7738.05000,1660.00000
2026-08-06 05:30:00+00:00,7737.92000,7738.55000,7735.55000,7738.55000,1616.00000
2026-08-06 05:45:00+00:00,7738.67000,7739.55000,7735.05000,7739.30000,1472.00000
2026-08-06 06:00:00+00:00,7739.55000,7739.55000,7729.95000,7730.83000,1540.00000
2026-08-06 06:15:00+00:00,7730.70000,7735.83000,7728.58000,7735.83000,1636.00000
2026-08-06 06:30:00+00:00,7735.58000,7736.08000,7729.83000,7731.83000,1554.00000
2026-08-06 06:45:00+00:00,7732.08000,7734.83000,7729.83000,7734.20000,1354.00000
2026-08-06 07:00:00+00:00,7734.08000,7738.83000,7732.33000,7737.83000,2094.00000
2026-08-06 07:15:00+00:00,7737.95000,7738.70000,7734.08000,7734.58000,1400.00000
2026-08-06 07:30:00+00:00,7734.33000,7734.83000,7729.33000,7730.58000,1195.00000
2026-08-06 07:45:00+00:00,7730.33000,7733.58000,7729.58000,7732.83000,1178.00000
2026-08-06 08:00:00+00:00,7732.70000,7733.33000,7724.70000,7727.83000,2356.00000
2026-08-06 08:15:00+00:00,7727.70000,7735.08000,7726.08000,7734.83000,2292.00000
2026-08-06 08:30:00+00:00,7734.95000,7738.08000,7734.58000,7735.83000,1608.00000
2026-08-06 08:45:00+00:00,7736.08000,7739.83000,7734.33000,7739.33000,1142.00000
2026-08-06 09:00:00+00:00,7738.83000,7739.08000,7729.70000,7730.83000,1580.00000
2026-08-06 09:15:00+00:00,7730.95000,7736.08000,7730.70000,7734.83000,1198.00000
2026-08-06 09:30:00+00:00,7734.70000,7736.58000,7733.08000,7735.33000,1198.00000
2026-08-06 09:45:00+00:00,7735.45000,7741.83000,7735.33000,7741.58000,804.00000
2026-08-06 10:00:00+00:00,7741.33000,7741.58000,7737.33000,7737.83000,950.00000
2026-08-06 10:15:00+00:00,7737.70000,7740.58000,7736.58000,7739.83000,824.00000
2026-08-06 10:30:00+00:00,7739.58000,7739.83000,7733.83000,7734.33000,926.00000
2026-08-06 10:45:00+00:00,7734.08000,7736.33000,7733.33000,7736.33000,1304.00000
2026-08-06 11:00:00+00:00,7736.08000,7736.33000,7724.83000,7730.58000,2804.00000
2026-08-06 11:15:00+00:00,7730.45000,7737.08000,7730.33000,7736.58000,1384.00000
2026-08-06 11:30:00+00:00,7736.70000,7740.08000,7736.08000,7736.58000,1314.00000
2026-08-06 11:45:00+00:00,7736.33000,7738.58000,7729.08000,7734.33000,2188.00000
2026-08-06 12:00:00+00:00,7734.08000,7735.08000,7727.95000,7728.58000,2094.00000
2026-08-06 12:15:00+00:00,7728.70000,7734.58000,7726.33000,7731.45000,1672.00000
2026-08-06 12:30:00+00:00,7731.20000,7735.83000,7729.20000,7732.83000,2174.00000
2026-08-06 12:45:00+00:00,7732.70000,7734.08000,7726.83000,7728.58000,1334.00000
2026-08-06 13:00:00+00:00,7728.83000,7729.33000,7722.08000,7723.58000,1384.00000
2026-08-06 13:15:00+00:00,7723.83000,7728.58000,7722.58000,7726.08000,1768.00000
2026-08-06 13:30:00+00:00,7726.33000,7733.58000,7714.83000,7729.83000,6194.00000
2026-08-06 13:45:00+00:00,7729.58000,7739.95000,7729.58000,7733.58000,5138.00000
2026-08-06 14:00:00+00:00,7733.83000,7742.08000,7730.83000,7740.08000,4252.00000
2026-08-06 14:15:00+00:00,7740.33000,7742.83000,7725.33000,7729.08000,3740.00000
2026-08-06 14:30:00+00:00,7729.33000,7734.08000,7721.08000,7726.08000,4312.00000
2026-08-06 14:45:00+00:00,7725.83000,7735.08000,7719.83000,7734.33000,3726.00000
2026-08-06 15:00:00+00:00,7734.58000,7736.58000,7723.58000,7723.83000,3544.00000
2026-08-06 15:15:00+00:00,7724.08000,7725.58000,7710.58000,7716.70000,3966.00000
2026-08-06 15:30:00+00:00,7716.83000,7718.58000,7707.33000,7707.33000,3480.00000
2026-08-06 15:45:00+00:00,7707.58000,7721.83000,7703.58000,7705.33000,3818.00000
2026-08-06 16:00:00+00:00,7705.58000,7709.33000,7701.83000,7703.83000,3616.00000
2026-08-06 16:15:00+00:00,7704.08000,7709.08000,7698.83000,7706.58000,3280.00000
2026-08-06 16:30:00+00:00,7706.83000,7713.08000,7704.58000,7704.83000,2976.00000
2026-08-06 16:45:00+00:00,7704.58000,7714.33000,7703.33000,7713.83000,2478.00000
2026-08-06 17:00:00+00:00,7714.08000,7716.08000,7705.08000,7705.33000,2592.00000
2026-08-06 17:15:00+00:00,7705.58000,7708.58000,7702.08000,7702.33000,2274.00000
2026-08-06 17:30:00+00:00,7702.08000,7706.83000,7701.33000,7705.33000,2146.00000
2026-08-06 17:45:00+00:00,7705.58000,7710.58000,7703.83000,7710.58000,1650.00000
2026-08-06 18:00:00+00:00,7710.83000,7716.58000,7709.08000,7715.83000,1646.00000
2026-08-06 18:15:00+00:00,7716.08000,7721.58000,7710.33000,7718.33000,1764.00000
2026-08-06 18:30:00+00:00,7718.58000,7718.83000,7709.08000,7711.83000,1428.00000
2026-08-06 18:45:00+00:00,7711.58000,7715.58000,7711.33000,7714.08000,1188.00000
2026-08-06 19:00:00+00:00,7714.33000,7722.33000,7713.83000,7717.83000,1338.00000
2026-08-06 19:15:00+00:00,7717.70000,7719.08000,7709.83000,7711.08000,1606.00000
2026-08-06 19:30:00+00:00,7711.33000,7714.33000,7705.08000,7707.33000,1870.00000
2026-08-06 19:45:00+00:00,7707.58000,7713.55000,7701.58000,7709.80000,3110.00000
2026-08-06 20:00:00+00:00,7710.30000,7715.55000,7710.30000,7712.30000,1440.00000
2026-08-06 20:15:00+00:00,7712.55000,7713.55000,7703.30000,7704.55000,1094.00000
2026-08-06 20:30:00+00:00,7704.80000,7706.30000,7703.05000,7704.80000,460.00000
2026-08-06 20:45:00+00:00,7704.92000,7706.80000,7704.30000,7706.55000,470.00000
2026-08-06 22:00:00+00:00,7709.35000,7714.85000,7704.60000,7714.35000,794.00000
2026-08-06 22:15:00+00:00,7714.60000,7716.10000,7710.97000,7711.60000,624.00000
2026-08-06 22:30:00+00:00,7711.47000,7711.60000,7708.10000,7710.85000,662.00000
2026-08-06 22:45:00+00:00,7710.97000,7713.35000,7710.47000,7712.85000,504.00000
2026-08-06 23:00:00+00:00,7712.72000,7713.60000,7711.47000,7711.72000,554.00000
2026-08-06 23:15:00+00:00,7711.85000,7715.60000,7711.85000,7713.10000,754.00000
2026-08-06 23:30:00+00:00,7712.85000,7714.85000,7712.22000,7714.60000,762.00000
2026-08-06 23:45:00+00:00,7714.72000,7715.97000,7713.22000,7714.85000,1510.00000
2026-08-07 00:00:00+00:00,7714.72000,7717.35000,7711.35000,7713.10000,3216.00000
2026-08-07 00:15:00+00:00,7713.35000,7713.35000,7704.10000,7705.35000,2884.00000
2026-08-07 00:30:00+00:00,7705.22000,7714.35000,7704.72000,7709.47000,2982.00000
2026-08-07 00:45:00+00:00,7709.60000,7712.10000,7705.35000,7710.60000,2798.00000
2026-08-07 01:00:00+00:00,7710.72000,7712.85000,7705.85000,7706.85000,2716.00000
2026-08-07 01:15:00+00:00,7706.97000,7709.22000,7702.60000,7708.60000,2164.00000
2026-08-07 01:30:00+00:00,7708.35000,7714.10000,7704.47000,7707.60000,3340.00000
2026-08-07 01:45:00+00:00,7707.47000,7709.60000,7704.85000,7707.72000,3128.00000
2026-08-07 02:00:00+00:00,7707.60000,7709.97000,7704.10000,7707.60000,2560.00000
2026-08-07 02:15:00+00:00,7707.47000,7709.35000,7706.35000,7707.47000,1944.00000
2026-08-07 02:30:00+00:00,7707.60000,7707.85000,7701.85000,7704.60000,1858.00000
2026-08-07 02:45:00+00:00,7704.47000,7708.35000,7704.10000,7707.10000,1008.00000
2026-08-07 03:00:00+00:00,7706.85000,7709.10000,7706.85000,7706.97000,900.00000
2026-08-07 03:15:00+00:00,7707.10000,7707.60000,7703.35000,7705.60000,1232.00000
2026-08-07 03:30:00+00:00,7705.35000,7707.35000,7704.35000,7705.35000,1798.00000
2026-08-07 03:45:00+00:00,7705.10000,7705.97000,7703.60000,7704.10000,1346.00000
2026-08-07 04:00:00+00:00,7704.22000,7705.60000,7702.60000,7703.10000,1176.00000
2026-08-07 04:15:00+00:00,7703.22000,7707.35000,7700.35000,7705.60000,1564.00000
2026-08-07 04:30:00+00:00,7705.72000,7708.35000,7704.35000,7704.47000,1614.00000
2026-08-07 04:45:00+00:00,7704.35000,7707.22000,7703.85000,7706.60000,1246.00000
2026-08-07 05:00:00+00:00,7706.85000,7711.60000,7706.10000,7708.60000,1314.00000
2026-08-07 05:15:00+00:00,7708.72000,7710.60000,7708.60000,7709.60000,1158.00000
2026-08-07 05:30:00+00:00,7709.85000,7709.85000,7706.85000,7707.85000,906.00000
2026-08-07 05:45:00+00:00,7708.10000,7708.85000,7706.60000,7706.60000,852.00000
2026-08-07 06:00:00+00:00,7706.85000,7713.13000,7706.60000,7712.63000,932.00000
2026-08-07 06:15:00+00:00,7712.38000,7714.88000,7711.38000,7714.63000,704.00000
2026-08-07 06:30:00+00:00,7714.38000,7714.63000,7709.13000,7709.63000,708.00000
2026-08-07 06:45:00+00:00,7709.88000,7713.38000,7709.25000,7712.88000,598.00000
2026-08-07 07:00:00+00:00,7713.13000,7717.38000,7710.88000,7717.38000,1844.00000
2026-08-07 07:15:00+00:00,7717.13000,7717.38000,7714.63000,7716.50000,1222.00000
2026-08-07 07:30:00+00:00,7716.63000,7717.63000,7714.63000,7715.88000,992.00000
2026-08-07 07:45:00+00:00,7715.63000,7716.38000,7713.13000,7715.38000,780.00000
2026-08-07 08:00:00+00:00,7715.50000,7721.63000,7715.13000,7721.13000,1260.00000
2026-08-07 08:15:00+00:00,7721.00000,7721.50000,7716.88000,7719.00000,1046.00000
2026-08-07 08:30:00+00:00,7719.13000,7722.25000,7716.88000,7718.88000,1090.00000
2026-08-07 08:45:00+00:00,7718.75000,7720.88000,7718.13000,7720.38000,986.00000
2026-08-07 09:00:00+00:00,7720.13000,7722.88000,7719.63000,7722.13000,960.00000
2026-08-07 09:15:00+00:00,7722.25000,7723.63000,7720.13000,7721.88000,902.00000
2026-08-07 09:30:00+00:00,7721.63000,7723.63000,7721.13000,7722.13000,784.00000
2026-08-07 09:45:00+00:00,7722.38000,7723.38000,7720.38000,7720.88000,982.00000
2026-08-07 10:00:00+00:00,7721.13000,7722.25000,7720.13000,7720.13000,800.00000
2026-08-07 10:15:00+00:00,7720.38000,7722.13000,7719.13000,7721.88000,554.00000
2026-08-07 10:30:00+00:00,7722.00000,7723.88000,7721.13000,7723.88000,502.00000
2026-08-07 10:45:00+00:00,7724.13000,7724.25000,7719.88000,7721.38000,494.00000
2026-08-07 11:00:00+00:00,7721.63000,7726.63000,7721.38000,7724.88000,968.00000
2026-08-07 11:15:00+00:00,7725.00000,7729.88000,7724.88000,7728.38000,812.00000
2026-08-07 11:30:00+00:00,7728.50000,7731.63000,7728.13000,7730.88000,548.00000
2026-08-07 11:45:00+00:00,7730.63000,7730.88000,7723.38000,7723.63000,746.00000
2026-08-07 12:00:00+00:00,7723.38000,7730.88000,7722.25000,7727.88000,1172.00000
2026-08-07 12:15:00+00:00,7728.00000,7733.75000,7726.50000,7731.75000,1382.00000
2026-08-07 12:30:00+00:00,7732.00000,7751.13000,7730.11000,7747.38000,5338.00000
2026-08-07 12:45:00+00:00,7747.63000,7753.88000,7747.63000,7749.63000,2360.00000
2026-08-07 13:00:00+00:00,7749.75000,7750.88000,7735.13000,7736.38000,2134.00000
2026-08-07 13:15:00+00:00,7736.50000,7737.38000,7728.63000,7731.38000,2096.00000
2026-08-07 13:30:00+00:00,7731.88000,7743.38000,7728.38000,7742.13000,6316.00000
2026-08-07 13:45:00+00:00,7741.88000,7745.63000,7726.88000,7732.88000,5940.00000
2026-08-07 14:00:00+00:00,7733.00000,7738.38000,7718.63000,7720.88000,6440.00000
2026-08-07 14:15:00+00:00,7720.63000,7755.38000,7719.13000,7754.38000,5487.00000
2026-08-07 14:30:00+00:00,7754.13000,7756.13000,7739.63000,7742.13000,5104.00000
2026-08-07 14:45:00+00:00,7742.38000,7752.38000,7741.38000,7751.38000,4810.00000
2026-08-07 15:00:00+00:00,7751.50000,7756.63000,7746.63000,7753.63000,2876.00000
2026-08-07 15:15:00+00:00,7753.38000,7761.63000,7750.38000,7759.13000,2378.00000
2026-08-07 15:30:00+00:00,7759.38000,7761.63000,7751.63000,7754.38000,2340.00000
2026-08-07 15:45:00+00:00,7754.13000,7759.00000,7750.88000,7752.88000,1980.00000
2026-08-07 16:00:00+00:00,7752.63000,7756.38000,7749.88000,7752.63000,2036.00000
2026-08-07 16:15:00+00:00,7752.38000,7755.63000,7735.63000,7739.63000,2960.00000
2026-08-07 16:30:00+00:00,7739.88000,7748.63000,7732.88000,7748.38000,2944.00000
2026-08-07 16:45:00+00:00,7748.50000,7751.13000,7741.88000,7741.88000,2090.00000
2026-08-07 17:00:00+00:00,7742.13000,7746.13000,7740.13000,7742.88000,1832.00000
2026-08-07 17:15:00+00:00,7742.63000,7746.50000,7739.88000,7743.38000,1470.00000
2026-08-07 17:30:00+00:00,7743.63000,7746.38000,7739.63000,7743.88000,1374.00000
2026-08-07 17:45:00+00:00,7744.13000,7747.13000,7742.13000,7743.88000,1242.00000
2026-08-07 18:00:00+00:00,7744.13000,7745.13000,7736.88000,7738.13000,1296.00000
2026-08-07 18:15:00+00:00,7737.88000,7740.38000,7736.88000,7737.13000,1480.00000
2026-08-07 18:30:00+00:00,7737.00000,7738.88000,7731.13000,7732.13000,1150.00000
2026-08-07 18:45:00+00:00,7731.88000,7739.38000,7731.38000,7739.38000,1168.00000
2026-08-07 19:00:00+00:00,7739.50000,7753.13000,7739.13000,7751.63000,1746.00000
2026-08-07 19:15:00+00:00,7751.88000,7757.13000,7750.63000,7753.38000,1622.00000
2026-08-07 19:30:00+00:00,7753.13000,7753.88000,7747.88000,7748.38000,1550.00000
2026-08-07 19:45:00+00:00,7748.13000,7760.35000,7748.13000,7753.35000,2688.00000
2026-08-07 20:00:00+00:00,7753.60000,7755.85000,7749.10000,7750.35000,916.00000
2026-08-07 20:15:00+00:00,7750.60000,7751.85000,7748.10000,7748.35000,320.00000
2026-08-07 20:30:00+00:00,7748.10000,7752.10000,7748.10000,7751.10000,226.00000
2026-08-07 20:45:00+00:00,7750.85000,7752.35000,7750.10000,7752.10000,240.00000
2026-08-09 22:00:00+00:00,7752.48000,7754.73000,7744.11000,7745.23000,2252.00000
2026-08-09 22:15:00+00:00,7745.11000,7747.11000,7740.48000,7746.36000,1230.00000
2026-08-09 22:30:00+00:00,7746.23000,7747.36000,7743.61000,7745.61000,1028.00000
2026-08-09 22:45:00+00:00,7745.86000,7746.36000,7744.61000,7745.86000,498.00000
2026-08-09 23:00:00+00:00,7745.98000,7749.36000,7744.48000,7748.61000,700.00000
2026-08-09 23:15:00+00:00,7748.86000,7750.11000,7748.11000,7748.61000,582.00000
2026-08-09 23:30:00+00:00,7748.73000,7748.98000,7744.86000,7748.36000,706.00000
2026-08-09 23:45:00+00:00,7748.23000,7749.36000,7743.86000,7743.86000,1374.00000
2026-08-10 00:00:00+00:00,7743.61000,7754.86000,7742.61000,7753.36000,2594.00000
2026-08-10 00:15:00+00:00,7753.11000,7753.36000,7747.48000,7747.86000,1938.00000
2026-08-10 00:30:00+00:00,7748.11000,7750.11000,7745.86000,7746.86000,2010.00000
2026-08-10 00:45:00+00:00,7746.98000,7749.86000,7745.86000,7747.61000,1778.00000
2026-08-10 01:00:00+00:00,7747.73000,7754.11000,7746.61000,7753.86000,1992.00000
2026-08-10 01:15:00+00:00,7754.11000,7757.61000,7753.61000,7756.36000,1282.00000
2026-08-10 01:30:00+00:00,7756.23000,7757.11000,7753.11000,7756.86000,1804.00000
2026-08-10 01:45:00+00:00,7756.98000,7758.36000,7756.36000,7757.48000,946.00000
2026-08-10 02:00:00+00:00,7757.61000,7758.61000,7756.61000,7756.61000,964.00000
2026-08-10 02:15:00+00:00,7756.86000,7756.86000,7754.61000,7756.86000,870.00000
2026-08-10 02:30:00+00:00,7756.73000,7759.73000,7755.61000,7759.61000,754.00000
2026-08-10 02:45:00+00:00,7759.36000,7759.86000,7758.86000,7759.11000,434.00000
2026-08-10 03:00:00+00:00,7758.86000,7759.86000,7757.61000,7758.11000,590.00000
2026-08-10 03:15:00+00:00,7757.98000,7760.11000,7757.86000,7759.61000,590.00000
2026-08-10 03:30:00+00:00,7759.73000,7762.86000,7759.11000,7762.86000,904.00000
2026-08-10 03:45:00+00:00,7762.61000,7763.11000,7759.86000,7760.61000,386.00000
2026-08-10 04:00:00+00:00,7760.73000,7763.11000,7759.11000,7762.98000,842.00000
2026-08-10 04:15:00+00:00,7763.11000,7764.61000,7762.73000,7764.36000,498.00000
2026-08-10 04:30:00+00:00,7764.23000,7764.36000,7760.61000,7763.23000,780.00000
2026-08-10 04:45:00+00:00,7763.36000,7765.86000,7762.86000,7764.36000,726.00000
2026-08-10 05:00:00+00:00,7764.11000,7767.61000,7764.11000,7767.23000,656.00000
2026-08-10 05:15:00+00:00,7767.36000,7767.61000,7765.86000,7766.11000,472.00000
2026-08-10 05:30:00+00:00,7765.86000,7767.11000,7765.36000,7766.11000,546.00000
2026-08-10 05:45:00+00:00,7766.36000,7768.11000,7765.61000,7767.61000,494.00000
2026-08-10 06:00:00+00:00,7767.73000,7769.89000,7767.11000,7768.64000,472.00000
2026-08-10 06:15:00+00:00,7768.39000,7769.14000,7761.89000,7762.39000,508.00000
2026-08-10 06:30:00+00:00,7762.64000,7764.14000,7761.39000,7762.64000,784.00000
2026-08-10 06:45:00+00:00,7762.76000,7765.14000,7762.51000,7764.14000,460.00000
2026-08-10 07:00:00+00:00,7764.39000,7765.89000,7760.64000,7762.39000,1162.00000
2026-08-10 07:15:00+00:00,7762.64000,7769.39000,7762.14000,7769.39000,710.00000
2026-08-10 07:30:00+00:00,7769.14000,7771.14000,7768.14000,7770.89000,478.00000
2026-08-10 07:45:00+00:00,7771.14000,7773.39000,7766.64000,7769.14000,888.00000
2026-08-10 08:00:00+00:00,7769.39000,7770.76000,7766.64000,7768.14000,1120.00000
2026-08-10 08:15:00+00:00,7768.39000,7769.76000,7766.14000,7767.89000,1020.00000
2026-08-10 08:30:00+00:00,7768.01000,7770.14000,7767.14000,7768.39000,656.00000
2026-08-10 08:45:00+00:00,7768.26000,7769.14000,7766.51000,7768.89000,750.00000
2026-08-10 09:00:00+00:00,7768.76000,7769.39000,7767.64000,7768.89000,582.00000
2026-08-10 09:15:00+00:00,7768.76000,7770.14000,7767.39000,7769.39000,732.00000
2026-08-10 09:30:00+00:00,7769.26000,7770.39000,7765.64000,7766.64000,532.00000
2026-08-10 09:45:00+00:00,7766.76000,7766.89000,7765.89000,7766.14000,448.00000
2026-08-10 10:00:00+00:00,7765.89000,7767.89000,7763.64000,7763.89000,540.00000
2026-08-10 10:15:00+00:00,7763.76000,7767.89000,7763.76000,7767.14000,444.00000
2026-08-10 10:30:00+00:00,7767.01000,7767.39000,7761.64000,7762.89000,754.00000
2026-08-10 10:45:00+00:00,7763.01000,7764.89000,7760.89000,7762.39000,526.00000
2026-08-10 11:00:00+00:00,7762.89000,7763.39000,7755.39000,7757.39000,1168.00000
2026-08-10 11:15:00+00:00,7757.51000,7762.89000,7757.14000,7762.64000,928.00000
2026-08-10 11:30:00+00:00,7762.89000,7764.14000,7760.89000,7760.89000,986.00000
2026-08-10 11:45:00+00:00,7760.64000,7762.14000,7757.89000,7759.39000,1084.00000
2026-08-10 12:00:00+00:00,7759.64000,7762.64000,7758.14000,7758.39000,1158.00000
2026-08-10 12:15:00+00:00,7758.51000,7758.51000,7753.64000,7755.89000,969.00000
2026-08-10 12:30:00+00:00,7756.14000,7756.14000,7749.89000,7751.39000,1234.00000
2026-08-10 12:45:00+00:00,7751.64000,7752.64000,7748.64000,7750.64000,976.00000
2026-08-10 13:00:00+00:00,7750.39000,7754.14000,7749.76000,7753.39000,1014.00000
2026-08-10 13:15:00+00:00,7753.14000,7754.64000,7746.89000,7749.76000,1414.00000
2026-08-10 13:30:00+00:00,7750.39000,7760.14000,7748.64000,7749.89000,4728.00000
2026-08-10 13:45:00+00:00,7749.64000,7758.89000,7748.39000,7757.89000,3896.00000
2026-08-10 14:00:00+00:00,7758.39000,7766.39000,7757.39000,7765.89000,1964.00000
2026-08-10 14:15:00+00:00,7766.14000,7768.14000,7761.14000,7767.14000,1913.00000
2026-08-10 14:30:00+00:00,7766.89000,7770.39000,7765.39000,7769.39000,1835.00000
2026-08-10 14:45:00+00:00,7769.64000,7773.89000,7758.39000,7758.64000,2228.00000
2026-08-10 15:00:00+00:00,7758.89000,7763.89000,7756.64000,7761.64000,2204.00000
2026-08-10 15:15:00+00:00,7761.76000,7765.64000,7757.89000,7761.14000,1738.00000
2026-08-10 15:30:00+00:00,7760.89000,7762.14000,7755.14000,7761.39000,1906.00000
2026-08-10 15:45:00+00:00,7761.64000,7767.64000,7758.39000,7766.89000,1298.00000
2026-08-10 16:00:00+00:00,7767.14000,7768.14000,7761.39000,7761.39000,1178.00000
2026-08-10 16:15:00+00:00,7761.64000,7762.64000,7757.14000,7757.39000,1258.00000
2026-08-10 16:30:00+00:00,7757.14000,7758.14000,7742.26000,7744.89000,2572.00000
2026-08-10 16:45:00+00:00,7745.14000,7753.39000,7742.89000,7753.14000,1570.00000
2026-08-10 17:00:00+00:00,7753.39000,7756.01000,7748.64000,7754.64000,1122.00000
2026-08-10 17:15:00+00:00,7754.89000,7756.39000,7752.14000,7754.64000,820.00000
2026-08-10 17:30:00+00:00,7754.89000,7756.14000,7749.64000,7749.89000,984.00000
2026-08-10 17:45:00+00:00,7750.14000,7751.89000,7748.39000,7750.89000,798.00000
2026-08-10 18:00:00+00:00,7750.64000,7754.14000,7750.14000,7750.39000,866.00000
2026-08-10 18:15:00+00:00,7750.14000,7750.89000,7748.64000,7748.64000,642.00000
2026-08-10 18:30:00+00:00,7748.39000,7752.64000,7746.64000,7752.39000,780.00000
2026-08-10 18:45:00+00:00,7752.14000,7756.64000,7751.14000,7755.64000,556.00000
2026-08-10 19:00:00+00:00,7755.89000,7757.64000,7754.39000,7756.64000,724.00000
2026-08-10 19:15:00+00:00,7756.89000,7758.14000,7752.64000,7752.89000,570.00000
2026-08-10 19:30:00+00:00,7753.14000,7756.39000,7750.89000,7754.51000,948.00000
2026-08-10 19:45:00+00:00,7754.64000,7755.86000,7747.14000,7754.86000,1648.00000
2026-08-10 20:00:00+00:00,7755.11000,7755.11000,7752.11000,7752.36000,670.00000
2026-08-10 20:15:00+00:00,7752.11000,7753.61000,7750.11000,7753.11000,402.00000
2026-08-10 20:30:00+00:00,7752.86000,7753.36000,7751.86000,7753.36000,208.00000
2026-08-10 20:45:00+00:00,7753.61000,7755.36000,7753.36000,7754.36000,186.00000
2026-08-10 22:00:00+00:00,7757.06000,7758.68000,7754.56000,7755.31000,624.00000
2026-08-10 22:15:00+00:00,7755.56000,7755.56000,7751.06000,7752.06000,346.00000
2026-08-10 22:30:00+00:00,7751.81000,7751.81000,7749.06000,7750.06000,264.00000
2026-08-10 22:45:00+00:00,7749.81000,7751.31000,7749.56000,7751.06000,178.00000
2026-08-10 23:00:00+00:00,7751.31000,7751.56000,7749.81000,7750.31000,238.00000
2026-08-10 23:15:00+00:00,7750.06000,7750.06000,7747.06000,7747.56000,232.00000
2026-08-10 23:30:00+00:00,7747.81000,7749.56000,7746.56000,7749.31000,206.00000
2026-08-10 23:45:00+00:00,7748.93000,7750.56000,7744.31000,7748.43000,1018.00000
2026-08-11 00:00:00+00:00,7748.06000,7754.56000,7745.56000,7754.06000,2390.00000
2026-08-11 00:15:00+00:00,7753.81000,7755.81000,7751.06000,7755.56000,1770.00000
2026-08-11 00:30:00+00:00,7755.68000,7757.56000,7754.56000,7757.31000,1116.00000
2026-08-11 00:45:00+00:00,7757.56000,7758.81000,7756.81000,7757.43000,768.00000
2026-08-11 01:00:00+00:00,7757.31000,7762.81000,7755.81000,7762.56000,1448.00000
2026-08-11 01:15:00+00:00,7762.68000,7764.06000,7760.31000,7762.43000,1010.00000
2026-08-11 01:30:00+00:00,7762.56000,7763.31000,7761.06000,7761.81000,1134.00000
2026-08-11 01:45:00+00:00,7761.56000,7764.06000,7760.81000,7760.81000,808.00000
2026-08-11 02:00:00+00:00,7760.68000,7761.81000,7760.31000,7761.56000,648.00000
2026-08-11 02:15:00+00:00,7761.43000,7762.56000,7760.81000,7762.31000,616.00000
2026-08-11 02:30:00+00:00,7762.56000,7764.06000,7762.56000,7764.06000,428.00000
2026-08-11 02:45:00+00:00,7764.31000,7764.31000,7761.56000,7762.06000,357.00000
2026-08-11 03:00:00+00:00,7762.31000,7764.06000,7762.06000,7763.56000,364.00000
2026-08-11 03:15:00+00:00,7763.43000,7766.81000,7763.06000,7766.31000,334.00000
2026-08-11 03:30:00+00:00,7766.43000,7766.56000,7764.56000,7765.06000,254.00000
2026-08-11 03:45:00+00:00,7764.81000,7765.56000,7764.06000,7764.43000,312.00000
2026-08-11 04:00:00+00:00,7764.56000,7765.81000,7764.31000,7765.56000,426.00000
2026-08-11 04:15:00+00:00,7765.31000,7765.81000,7764.31000,7765.81000,202.00000
2026-08-11 04:30:00+00:00,7765.56000,7767.06000,7764.56000,7765.06000,490.00000
2026-08-11 04:45:00+00:00,7764.81000,7765.81000,7764.56000,7764.81000,280.00000
2026-08-11 05:00:00+00:00,7764.68000,7766.43000,7763.81000,7766.31000,382.00000
2026-08-11 05:15:00+00:00,7766.56000,7766.56000,7762.56000,7762.68000,446.00000
2026-08-11 05:30:00+00:00,7762.56000,7764.06000,7760.81000,7763.06000,672.00000
2026-08-11 05:45:00+00:00,7762.93000,7763.31000,7758.31000,7758.31000,820.00000
2026-08-11 06:00:00+00:00,7758.56000,7762.09000,7757.81000,7761.09000,754.00000
2026-08-11 06:15:00+00:00,7761.34000,7761.59000,7752.59000,7753.09000,738.00000
2026-08-11 06:30:00+00:00,7753.21000,7756.34000,7748.34000,7754.84000,1118.00000
2026-08-11 06:45:00+00:00,7755.09000,7755.34000,7750.59000,7752.59000,962.00000
2026-08-11 07:00:00+00:00,7753.09000,7754.84000,7749.34000,7751.84000,1522.00000
2026-08-11 07:15:00+00:00,7752.09000,7752.59000,7748.59000,7750.59000,1206.00000
2026-08-11 07:30:00+00:00,7750.84000,7755.34000,7750.84000,7753.59000,1008.00000
2026-08-11 07:45:00+00:00,7753.34000,7754.34000,7751.21000,7753.84000,992.00000
2026-08-11 08:00:00+00:00,7754.09000,7758.21000,7748.59000,7748.96000,1528.00000
2026-08-11 08:15:00+00:00,7748.84000,7752.34000,7747.59000,7750.59000,1290.00000
2026-08-11 08:30:00+00:00,7750.46000,7753.84000,7748.84000,7753.84000,1376.00000
2026-08-11 08:45:00+00:00,7753.59000,7754.59000,7751.84000,7752.84000,746.00000
2026-08-11 09:00:00+00:00,7752.59000,7753.84000,7749.09000,7751.84000,1246.00000
2026-08-11 09:15:00+00:00,7751.59000,7755.84000,7751.34000,7754.34000,1098.00000
2026-08-11 09:30:00+00:00,7754.21000,7758.09000,7754.21000,7755.84000,844.00000
2026-08-11 09:45:00+00:00,7755.96000,7757.34000,7755.09000,7755.59000,560.00000
2026-08-11 10:00:00+00:00,7755.84000,7756.34000,7753.59000,7753.59000,734.00000
2026-08-11 10:15:00+00:00,7753.71000,7765.34000,7753.09000,7763.59000,1460.00000
2026-08-11 10:30:00+00:00,7763.84000,7763.84000,7760.09000,7762.59000,862.00000
2026-08-11 10:45:00+00:00,7762.34000,7763.84000,7761.84000,7762.84000,522.00000
2026-08-11 11:00:00+00:00,7763.34000,7773.59000,7762.59000,7771.34000,3234.00000
2026-08-11 11:15:00+00:00,7771.09000,7772.09000,7764.84000,7765.96000,1050.00000
2026-08-11 11:30:00+00:00,7766.09000,7766.59000,7763.59000,7765.84000,862.00000
2026-08-11 11:45:00+00:00,7765.96000,7768.34000,7764.59000,7766.84000,648.00000
2026-08-11 12:00:00+00:00,7767.09000,7770.59000,7765.84000,7770.59000,996.00000
2026-08-11 12:15:00+00:00,7770.09000,7772.84000,7762.96000,7765.84000,1540.00000
2026-08-11 12:30:00+00:00,7765.59000,7768.84000,7764.21000,7767.34000,790.00000
2026-08-11 12:45:00+00:00,7767.09000,7767.84000,7764.59000,7765.34000,606.00000
2026-08-11 13:00:00+00:00,7765.59000,7769.59000,7764.59000,7765.59000,720.00000
2026-08-11 13:15:00+00:00,7765.34000,7771.34000,7764.09000,7769.34000,1062.00000
2026-08-11 13:30:00+00:00,7769.84000,7769.84000,7752.59000,7756.71000,3858.00000
2026-08-11 13:45:00+00:00,7756.59000,7760.09000,7749.56000,7759.84000,3581.00000
2026-08-11 14:00:00+00:00,7759.59000,7764.59000,7758.59000,7761.59000,2618.00000
2026-08-11 14:15:00+00:00,7761.84000,7763.09000,7757.09000,7762.34000,2554.00000
2026-08-11 14:30:00+00:00,7762.59000,7762.84000,7755.84000,7757.34000,2220.00000
2026-08-11 14:45:00+00:00,7757.59000,7764.09000,7757.34000,7759.84000,1742.00000
2026-08-11 15:00:00+00:00,7760.34000,7761.59000,7748.84000,7749.84000,1972.00000
2026-08-11 15:15:00+00:00,7749.59000,7751.59000,7745.34000,7747.34000,1804.00000
2026-08-11 15:30:00+00:00,7747.59000,7748.84000,7740.71000,7744.84000,1946.00000
2026-08-11 15:45:00+00:00,7744.59000,7745.59000,7740.84000,7743.09000,1366.00000
2026-08-11 16:00:00+00:00,7743.34000,7747.09000,7742.59000,7742.84000,1134.00000
2026-08-11 16:15:00+00:00,7742.96000,7747.59000,7736.84000,7741.09000,1224.00000
2026-08-11 16:30:00+00:00,7740.84000,7743.09000,7737.84000,7739.09000,976.00000
2026-08-11 16:45:00+00:00,7738.84000,7739.09000,7733.34000,7734.34000,1058.00000
2026-08-11 17:00:00+00:00,7734.59000,7735.59000,7726.09000,7726.34000,1198.00000
2026-08-11 17:15:00+00:00,7726.09000,7733.09000,7725.59000,7731.34000,1144.00000
2026-08-11 17:30:00+00:00,7731.59000,7736.09000,7730.09000,7735.59000,936.00000
2026-08-11 17:45:00+00:00,7735.34000,7736.59000,7734.09000,7735.34000,744.00000
2026-08-11 18:00:00+00:00,7735.09000,7735.34000,7729.84000,7731.59000,970.00000
2026-08-11 18:15:00+00:00,7731.34000,7732.59000,7717.09000,7718.09000,1274.00000
2026-08-11 18:30:00+00:00,7718.59000,7725.34000,7718.34000,7721.09000,1182.00000
2026-08-11 18:45:00+00:00,7720.84000,7727.84000,7720.84000,7723.84000,888.00000
2026-08-11 19:00:00+00:00,7724.09000,7726.84000,7721.59000,7725.59000,918.00000
2026-08-11 19:15:00+00:00,7725.34000,7730.09000,7724.84000,7729.34000,830.00000
2026-08-11 19:30:00+00:00,7729.59000,7734.34000,7728.84000,7730.34000,986.00000
2026-08-11 19:45:00+00:00,7730.59000,7730.59000,7721.06000,7727.56000,1918.00000
2026-08-11 20:00:00+00:00,7729.06000,7730.56000,7724.56000,7729.81000,806.00000
2026-08-11 20:15:00+00:00,7729.93000,7734.56000,7729.31000,7734.31000,282.00000
2026-08-11 20:30:00+00:00,7734.56000,7735.31000,7733.56000,7734.31000,140.00000
2026-08-11 20:45:00+00:00,7734.06000,7734.06000,7730.31000,7730.81000,242.00000
2026-08-11 22:00:00+00:00,7734.61000,7734.61000,7729.86000,7733.86000,626.00000
2026-08-11 22:15:00+00:00,7733.99000,7734.11000,7732.49000,7732.74000,184.00000
2026-08-11 22:30:00+00:00,7732.61000,7733.61000,7730.11000,7730.24000,440.00000
2026-08-11 22:45:00+00:00,7729.99000,7731.99000,7728.99000,7731.24000,362.00000
2026-08-11 23:00:00+00:00,7731.36000,7732.36000,7730.24000,7730.74000,422.00000
2026-08-11 23:15:00+00:00,7730.61000,7732.49000,7730.61000,7732.24000,238.00000
2026-08-11 23:30:00+00:00,7732.11000,7732.11000,7730.24000,7731.24000,332.00000
2026-08-11 23:45:00+00:00,7731.36000,7734.11000,7730.49000,7733.74000,1394.00000
2026-08-12 00:00:00+00:00,7733.49000,7733.49000,7727.24000,7730.49000,2592.00000
2026-08-12 00:15:00+00:00,7730.24000,7732.99000,7728.86000,7730.99000,1782.00000
2026-08-12 00:30:00+00:00,7731.24000,7732.24000,7729.74000,7730.74000,1172.00000
2026-08-12 00:45:00+00:00,7730.99000,7731.49000,7729.24000,7730.74000,1052.00000
2026-08-12 01:00:00+00:00,7730.61000,7732.11000,7729.74000,7730.61000,1472.00000
2026-08-12 01:15:00+00:00,7730.74000,7730.74000,7726.99000,7729.24000,1026.00000
2026-08-12 01:30:00+00:00,7728.99000,7730.74000,7727.74000,7730.74000,1106.00000
2026-08-12 01:45:00+00:00,7730.61000,7730.99000,7726.99000,7727.99000,782.00000
2026-08-12 02:00:00+00:00,7728.11000,7729.99000,7727.99000,7729.74000,956.00000
2026-08-12 02:15:00+00:00,7729.49000,7731.24000,7729.24000,7731.24000,776.00000
2026-08-12 02:30:00+00:00,7731.11000,7732.49000,7730.99000,7732.24000,570.00000
2026-08-12 02:45:00+00:00,7732.11000,7733.99000,7731.99000,7733.74000,304.00000
2026-08-12 03:00:00+00:00,7734.24000,7734.74000,7733.74000,7734.49000,214.00000
2026-08-12 03:15:00+00:00,7734.74000,7734.74000,7732.99000,7734.24000,226.00000
2026-08-12 03:30:00+00:00,7733.99000,7734.49000,7732.24000,7732.49000,592.00000
2026-08-12 03:45:00+00:00,7732.74000,7733.74000,7732.49000,7733.74000,806.00000
2026-08-12 04:00:00+00:00,7733.86000,7734.49000,7732.74000,7733.86000,530.00000
2026-08-12 04:15:00+00:00,7733.74000,7734.74000,7732.99000,7734.49000,296.00000
2026-08-12 04:30:00+00:00,7734.74000,7734.74000,7732.99000,7733.74000,428.00000
2026-08-12 04:45:00+00:00,7733.49000,7736.24000,7732.99000,7735.74000,288.00000
2026-08-12 05:00:00+00:00,7735.99000,7735.99000,7733.49000,7733.49000,536.00000
2026-08-12 05:15:00+00:00,7733.24000,7733.99000,7731.24000,7733.86000,518.00000
2026-08-12 05:30:00+00:00,7733.74000,7735.74000,7733.74000,7733.99000,712.00000
2026-08-12 05:45:00+00:00,7733.86000,7735.99000,7733.74000,7735.24000,678.00000
2026-08-12 06:00:00+00:00,7735.11000,7736.02000,7732.77000,7733.52000,532.00000
2026-08-12 06:15:00+00:00,7733.64000,7734.77000,7732.52000,7734.52000,606.00000
2026-08-12 06:30:00+00:00,7734.27000,7737.02000,7734.02000,7735.02000,464.00000
2026-08-12 06:45:00+00:00,7735.14000,7738.02000,7735.02000,7738.02000,300.00000
2026-08-12 07:00:00+00:00,7737.77000,7739.77000,7737.52000,7738.52000,616.00000
2026-08-12 07:15:00+00:00,7738.27000,7739.27000,7735.77000,7737.02000,414.00000
2026-08-12 07:30:00+00:00,7736.77000,7738.77000,7736.52000,7738.64000,496.00000
2026-08-12 07:45:00+00:00,7738.52000,7738.77000,7735.77000,7737.77000,340.00000
2026-08-12 08:00:00+00:00,7737.64000,7741.02000,7737.52000,7740.02000,920.00000
2026-08-12 08:15:00+00:00,7739.89000,7741.27000,7739.27000,7740.27000,536.00000
2026-08-12 08:30:00+00:00,7740.02000,7740.14000,7736.52000,7738.77000,480.00000
2026-08-12 08:45:00+00:00,7738.64000,7742.02000,7738.27000,7740.77000,258.00000
2026-08-12 09:00:00+00:00,7741.02000,7743.52000,7740.52000,7743.27000,374.00000
2026-08-12 09:15:00+00:00,7743.52000,7752.02000,7742.77000,7746.64000,1172.00000
2026-08-12 09:30:00+00:00,7746.77000,7749.02000,7746.64000,7747.52000,666.00000
2026-08-12 09:45:00+00:00,7747.27000,7749.52000,7743.27000,7745.02000,1024.00000
2026-08-12 10:00:00+00:00,7744.77000,7748.02000,7744.64000,7747.77000,402.00000
2026-08-12 10:15:00+00:00,7747.52000,7748.39000,7746.52000,7746.52000,502.00000
2026-08-12 10:30:00+00:00,7746.77000,7748.52000,7746.14000,7747.77000,416.00000
2026-08-12 10:45:00+00:00,7747.52000,7748.02000,7737.52000,7744.77000,1354.00000
2026-08-12 11:00:00+00:00,7745.02000,7747.77000,7744.39000,7745.02000,672.00000
2026-08-12 11:15:00+00:00,7744.77000,7745.27000,7743.02000,7744.27000,538.00000
2026-08-12 11:30:00+00:00,7744.02000,7747.52000,7743.77000,7747.02000,616.00000
2026-08-12 11:45:00+00:00,7747.27000,7749.77000,7746.02000,7749.02000,520.00000
2026-08-12 12:00:00+00:00,7748.77000,7750.27000,7746.52000,7748.02000,656.00000
2026-08-12 12:15:00+00:00,7748.27000,7759.39000,7747.27000,7758.50000,1369.00000
2026-08-12 12:30:00+00:00,7758.00000,7765.52000,7739.27000,7761.39000,4978.00000
2026-08-12 12:45:00+00:00,7761.52000,7763.27000,7757.89000,7763.02000,1956.00000
2026-08-12 13:00:00+00:00,7763.27000,7765.77000,7761.52000,7764.27000,1323.00000
2026-08-12 13:15:00+00:00,7764.02000,7770.89000,7763.77000,7770.02000,1054.00000
2026-08-12 13:30:00+00:00,7770.52000,7771.77000,7747.52000,7751.02000,4384.00000
2026-08-12 13:45:00+00:00,7751.27000,7759.52000,7744.02000,7749.02000,3604.00000
2026-08-12 14:00:00+00:00,7749.27000,7751.02000,7742.02000,7746.77000,2940.00000
2026-08-12 14:15:00+00:00,7746.52000,7756.02000,7744.77000,7750.77000,2580.00000
2026-08-12 14:30:00+00:00,7750.52000,7753.77000,7736.14000,7753.52000,3590.00000
2026-08-12 14:45:00+00:00,7753.27000,7755.02000,7741.27000,7745.02000,2584.00000
2026-08-12 15:00:00+00:00,7745.27000,7747.02000,7740.27000,7744.52000,2330.00000
2026-08-12 15:15:00+00:00,7744.27000,7746.52000,7740.27000,7746.52000,1784.00000
2026-08-12 15:30:00+00:00,7746.77000,7747.77000,7738.77000,7741.02000,1636.00000
2026-08-12 15:45:00+00:00,7740.77000,7744.77000,7740.52000,7743.02000,1326.00000
2026-08-12 16:00:00+00:00,7743.27000,7749.02000,7742.77000,7748.02000,990.00000
2026-08-12 16:15:00+00:00,7748.14000,7749.52000,7746.27000,7747.27000,764.00000
2026-08-12 16:30:00+00:00,7747.52000,7751.77000,7744.52000,7750.27000,860.00000
2026-08-12 16:45:00+00:00,7749.77000,7754.77000,7748.27000,7751.77000,748.00000
2026-08-12 17:00:00+00:00,7752.02000,7755.77000,7750.52000,7753.02000,624.00000
2026-08-12 17:15:00+00:00,7752.77000,7753.02000,7748.77000,7750.77000,740.00000
2026-08-12 17:30:00+00:00,7751.02000,7752.52000,7749.77000,7751.52000,628.00000
2026-08-12 17:45:00+00:00,7751.77000,7752.52000,7749.27000,7751.02000,626.00000
2026-08-12 18:00:00+00:00,7751.27000,7755.02000,7750.52000,7754.02000,512.00000
2026-08-12 18:15:00+00:00,7753.77000,7756.02000,7752.77000,7753.77000,520.00000
2026-08-12 18:30:00+00:00,7754.02000,7759.27000,7754.02000,7758.02000,562.00000
2026-08-12 18:45:00+00:00,7758.27000,7759.27000,7753.27000,7753.27000,530.00000
2026-08-12 19:00:00+00:00,7753.52000,7757.02000,7753.27000,7754.02000,538.00000
2026-08-12 19:15:00+00:00,7753.77000,7755.27000,7751.27000,7753.02000,540.00000
2026-08-12 19:30:00+00:00,7752.77000,7753.27000,7748.77000,7751.77000,772.00000
2026-08-12 19:45:00+00:00,7751.52000,7753.02000,7743.02000,7747.99000,1672.00000
2026-08-12 20:00:00+00:00,7748.24000,7756.24000,7746.99000,7750.74000,1162.00000
2026-08-12 20:15:00+00:00,7750.49000,7751.74000,7745.49000,7746.49000,444.00000
2026-08-12 20:30:00+00:00,7746.24000,7747.24000,7745.74000,7746.49000,318.00000
2026-08-12 20:45:00+00:00,7746.74000,7747.24000,7744.99000,7744.99000,318.00000
2026-08-12 22:00:00+00:00,7749.88000,7750.13000,7747.38000,7748.26000,786.00000
2026-08-12 22:15:00+00:00,7748.13000,7748.76000,7746.76000,7747.88000,396.00000
2026-08-12 22:30:00+00:00,7747.76000,7747.76000,7746.01000,7747.26000,474.00000
2026-08-12 22:45:00+00:00,7747.13000,7748.26000,7747.01000,7747.76000,258.00000
2026-08-12 23:00:00+00:00,7747.63000,7750.51000,7747.51000,7750.26000,336.00000
2026-08-12 23:15:00+00:00,7750.51000,7750.76000,7749.76000,7750.01000,112.00000
2026-08-12 23:30:00+00:00,7749.76000,7750.51000,7748.51000,7750.01000,402.00000
2026-08-12 23:45:00+00:00,7749.88000,7749.88000,7746.63000,7747.51000,1012.00000
2026-08-13 00:00:00+00:00,7747.76000,7752.51000,7746.51000,7749.51000,1682.00000
2026-08-13 00:15:00+00:00,7749.76000,7751.76000,7747.76000,7748.01000,1180.00000
2026-08-13 00:30:00+00:00,7748.26000,7749.76000,7746.76000,7748.76000,1268.00000
2026-08-13 00:45:00+00:00,7748.63000,7749.76000,7747.26000,7749.51000,1112.00000
2026-08-13 01:00:00+00:00,7749.38000,7749.76000,7745.01000,7745.26000,1226.00000
2026-08-13 01:15:00+00:00,7745.01000,7746.01000,7743.76000,7744.51000,780.00000
2026-08-13 01:30:00+00:00,7744.26000,7747.26000,7744.26000,7746.13000,862.00000
2026-08-13 01:45:00+00:00,7746.26000,7750.26000,7745.51000,7749.26000,790.00000
2026-08-13 02:00:00+00:00,7749.38000,7751.01000,7749.01000,7751.01000,638.00000
2026-08-13 02:15:00+00:00,7750.88000,7752.01000,7749.51000,7750.01000,540.00000
2026-08-13 02:30:00+00:00,7749.76000,7752.76000,7747.26000,7752.38000,952.00000
2026-08-13 02:45:00+00:00,7752.26000,7752.76000,7751.76000,7752.01000,326.00000
2026-08-13 03:00:00+00:00,7751.76000,7752.51000,7751.26000,7752.26000,324.00000
2026-08-13 03:15:00+00:00,7752.51000,7753.01000,7752.01000,7752.51000,200.00000
2026-08-13 03:30:00+00:00,7752.76000,7753.76000,7751.76000,7753.51000,444.00000
2026-08-13 03:45:00+00:00,7753.63000,7754.51000,7753.51000,7754.01000,164.00000
2026-08-13 04:00:00+00:00,7753.76000,7755.38000,7752.76000,7752.76000,270.00000
2026-08-13 04:15:00+00:00,7752.88000,7754.51000,7751.01000,7753.76000,596.00000
2026-08-13 04:30:00+00:00,7754.01000,7755.51000,7753.76000,7754.26000,508.00000
2026-08-13 04:45:00+00:00,7754.13000,7756.51000,7753.51000,7754.76000,538.00000
2026-08-13 05:00:00+00:00,7755.01000,7758.76000,7754.51000,7758.76000,356.00000
2026-08-13 05:15:00+00:00,7758.51000,7759.01000,7757.76000,7758.76000,192.00000
2026-08-13 05:30:00+00:00,7759.01000,7759.51000,7757.26000,7757.51000,524.00000
2026-08-13 05:45:00+00:00,7757.76000,7757.76000,7755.51000,7755.51000,334.00000
2026-08-13 06:00:00+00:00,7755.76000,7757.79000,7754.76000,7757.29000,566.00000
2026-08-13 06:15:00+00:00,7757.54000,7758.79000,7757.04000,7757.54000,410.00000
2026-08-13 06:30:00+00:00,7757.79000,7758.04000,7753.54000,7754.04000,742.00000
2026-08-13 06:45:00+00:00,7753.79000,7757.29000,7753.04000,7757.04000,462.00000
2026-08-13 07:00:00+00:00,7757.16000,7758.04000,7753.04000,7754.04000,1108.00000
2026-08-13 07:15:00+00:00,7754.29000,7756.79000,7753.29000,7756.79000,676.00000
2026-08-13 07:30:00+00:00,7756.54000,7758.54000,7756.04000,7758.54000,694.00000
2026-08-13 07:45:00+00:00,7758.66000,7759.04000,7756.79000,7756.91000,574.00000
2026-08-13 08:00:00+00:00,7757.04000,7759.29000,7754.29000,7758.79000,1150.00000
2026-08-13 08:15:00+00:00,7759.04000,7761.29000,7756.29000,7760.79000,980.00000
2026-08-13 08:30:00+00:00,7760.66000,7761.29000,7759.41000,7760.79000,1008.00000
2026-08-13 08:45:00+00:00,7760.66000,7762.04000,7760.04000,7760.66000,446.00000
2026-08-13 09:00:00+00:00,7760.79000,7761.54000,7758.54000,7758.79000,668.00000
2026-08-13 09:15:00+00:00,7758.54000,7761.04000,7757.04000,7759.54000,740.00000
2026-08-13 09:30:00+00:00,7759.66000,7762.54000,7759.54000,7762.54000,380.00000
2026-08-13 09:45:00+00:00,7762.41000,7763.79000,7761.79000,7763.54000,354.00000
2026-08-13 10:00:00+00:00,7763.79000,7763.79000,7762.04000,7762.54000,362.00000
2026-08-13 10:15:00+00:00,7762.66000,7763.79000,7762.04000,7762.79000,336.00000
2026-08-13 10:30:00+00:00,7763.04000,7763.79000,7762.54000,7763.79000,376.00000
2026-08-13 10:45:00+00:00,7763.66000,7764.54000,7763.29000,7764.04000,276.00000
2026-08-13 11:00:00+00:00,7764.29000,7765.04000,7763.29000,7764.04000,568.00000
2026-08-13 11:15:00+00:00,7763.79000,7763.79000,7761.91000,7763.04000,314.00000
2026-08-13 11:30:00+00:00,7762.91000,7767.54000,7762.54000,7767.54000,382.00000
2026-08-13 11:45:00+00:00,7767.79000,7768.04000,7763.04000,7763.04000,482.00000
2026-08-13 12:00:00+00:00,7763.54000,7763.54000,7760.04000,7761.54000,1180.00000
2026-08-13 12:15:00+00:00,7761.29000,7762.41000,7757.79000,7762.29000,864.00000
2026-08-13 12:30:00+00:00,7762.54000,7769.16000,7757.54000,7763.29000,2472.00000
2026-08-13 12:45:00+00:00,7763.04000,7767.54000,7762.79000,7767.54000,848.00000
2026-08-13 13:00:00+00:00,7767.29000,7770.79000,7767.29000,7770.04000,872.00000
2026-08-13 13:15:00+00:00,7769.91000,7772.54000,7769.04000,7772.29000,836.00000
2026-08-13 13:30:00+00:00,7771.29000,7788.29000,7764.54000,7780.54000,3102.00000
2026-08-13 13:45:00+00:00,7780.79000,7800.54000,7779.79000,7800.04000,2270.00000
2026-08-13 14:00:00+00:00,7799.79000,7809.29000,7799.04000,7808.79000,1870.00000
2026-08-13 14:15:00+00:00,7809.04000,7816.04000,7803.79000,7815.54000,1672.00000
2026-08-13 14:30:00+00:00,7815.79000,7817.54000,7809.29000,7809.29000,1410.00000
2026-08-13 14:45:00+00:00,7809.54000,7809.54000,7797.16000,7801.29000,2336.00000
2026-08-13 15:00:00+00:00,7801.04000,7805.79000,7793.04000,7794.79000,2336.00000
2026-08-13 15:15:00+00:00,7794.54000,7796.04000,7782.54000,7785.04000,2196.00000
2026-08-13 15:30:00+00:00,7784.79000,7787.04000,7779.29000,7782.79000,2460.00000
2026-08-13 15:45:00+00:00,7782.54000,7784.54000,7777.04000,7778.04000,1658.00000
2026-08-13 16:00:00+00:00,7778.29000,7786.04000,7777.79000,7780.29000,1326.00000
2026-08-13 16:15:00+00:00,7780.54000,7788.54000,7779.04000,7788.54000,1136.00000
2026-08-13 16:30:00+00:00,7788.29000,7790.54000,7785.29000,7787.54000,1024.00000
2026-08-13 16:45:00+00:00,7787.79000,7791.29000,7787.54000,7790.54000,838.00000
2026-08-13 17:00:00+00:00,7790.66000,7797.29000,7790.66000,7795.29000,802.00000
2026-08-13 17:15:00+00:00,7795.54000,7798.29000,7794.29000,7794.54000,706.00000
2026-08-13 17:30:00+00:00,7794.79000,7795.79000,7789.54000,7789.54000,818.00000
2026-08-13 17:45:00+00:00,7790.04000,7792.79000,7790.04000,7791.04000,724.00000
2026-08-13 18:00:00+00:00,7791.16000,7795.04000,7790.29000,7794.54000,688.00000
2026-08-13 18:15:00+00:00,7794.79000,7795.29000,7790.29000,7793.54000,734.00000
2026-08-13 18:30:00+00:00,7793.79000,7800.79000,7793.54000,7799.54000,714.00000
2026-08-13 18:45:00+00:00,7799.79000,7802.79000,7799.54000,7801.04000,594.00000
2026-08-13 19:00:00+00:00,7801.29000,7807.79000,7800.79000,7803.29000,824.00000
2026-08-13 19:15:00+00:00,7803.04000,7807.54000,7801.79000,7804.29000,820.00000
2026-08-13 19:30:00+00:00,7804.04000,7806.29000,7801.04000,7801.04000,826.00000
2026-08-13 19:45:00+00:00,7800.91000,7803.76000,7797.29000,7802.26000,1422.00000
2026-08-13 20:00:00+00:00,7802.51000,7804.26000,7797.76000,7801.51000,990.00000
2026-08-13 20:15:00+00:00,7801.26000,7802.26000,7799.26000,7799.51000,280.00000
2026-08-13 20:30:00+00:00,7799.76000,7802.76000,7799.51000,7802.76000,222.00000
2026-08-13 20:45:00+00:00,7803.01000,7804.51000,7802.76000,7804.26000,116.00000
2026-08-13 22:00:00+00:00,7803.84000,7805.97000,7802.72000,7803.22000,656.00000
2026-08-13 22:15:00+00:00,7803.09000,7805.22000,7801.97000,7803.34000,310.00000
2026-08-13 22:30:00+00:00,7803.47000,7803.97000,7803.09000,7803.72000,112.00000
2026-08-13 22:45:00+00:00,7803.59000,7803.72000,7802.72000,7803.09000,168.00000
2026-08-13 23:00:00+00:00,7803.22000,7806.47000,7802.72000,7806.47000,210.00000
2026-08-13 23:15:00+00:00,7806.59000,7806.59000,7803.97000,7804.84000,424.00000
2026-08-13 23:30:00+00:00,7804.72000,7805.72000,7804.22000,7804.97000,356.00000
2026-08-13 23:45:00+00:00,7805.09000,7805.97000,7804.22000,7804.72000,890.00000
2026-08-14 00:00:00+00:00,7805.22000,7807.72000,7804.22000,7804.59000,1474.00000
2026-08-14 00:15:00+00:00,7804.72000,7805.22000,7803.22000,7803.22000,866.00000
2026-08-14 00:30:00+00:00,7802.97000,7803.97000,7802.59000,7802.72000,412.00000
2026-08-14 00:45:00+00:00,7802.97000,7803.72000,7802.22000,7803.22000,368.00000
2026-08-14 01:00:00+00:00,7803.09000,7803.22000,7799.34000,7799.72000,658.00000
2026-08-14 01:15:00+00:00,7799.97000,7801.72000,7799.47000,7801.47000,776.00000
2026-08-14 01:30:00+00:00,7801.72000,7803.22000,7800.97000,7802.84000,454.00000
2026-08-14 01:45:00+00:00,7802.97000,7803.72000,7801.97000,7802.47000,366.00000
2026-08-14 02:00:00+00:00,7802.72000,7805.22000,7802.72000,7805.22000,296.00000
2026-08-14 02:15:00+00:00,7804.97000,7805.47000,7804.09000,7805.22000,350.00000
2026-08-14 02:30:00+00:00,7805.34000,7805.97000,7804.97000,7805.47000,218.00000
2026-08-14 02:45:00+00:00,7805.72000,7805.97000,7803.47000,7803.97000,250.00000
2026-08-14 03:00:00+00:00,7804.22000,7805.22000,7803.72000,7804.97000,180.00000
2026-08-14 03:15:00+00:00,7805.22000,7806.72000,7804.97000,7806.47000,136.00000
2026-08-14 03:30:00+00:00,7806.72000,7806.72000,7804.22000,7804.47000,352.00000
2026-08-14 03:45:00+00:00,7804.72000,7804.72000,7803.22000,7803.47000,208.00000
2026-08-14 04:00:00+00:00,7803.34000,7804.47000,7803.09000,7804.22000,338.00000
2026-08-14 04:15:00+00:00,7804.34000,7804.47000,7803.47000,7803.72000,388.00000
2026-08-14 04:30:00+00:00,7803.59000,7803.97000,7801.72000,7802.97000,262.00000
2026-08-14 04:45:00+00:00,7802.72000,7802.97000,7801.97000,7802.22000,262.00000
2026-08-14 05:00:00+00:00,7802.47000,7802.72000,7800.47000,7802.22000,482.00000
2026-08-14 05:15:00+00:00,7802.09000,7802.97000,7801.22000,7802.72000,234.00000
2026-08-14 05:30:00+00:00,7802.47000,7803.59000,7801.72000,7803.47000,402.00000
2026-08-14 05:45:00+00:00,7803.22000,7804.97000,7803.22000,7803.72000,134.00000
2026-08-14 06:00:00+00:00,7803.97000,7803.97000,7800.50000,7800.50000,360.00000
2026-08-14 06:15:00+00:00,7800.75000,7801.25000,7800.50000,7801.00000,246.00000
2026-08-14 06:30:00+00:00,7801.25000,7801.50000,7799.75000,7800.50000,186.00000
2026-08-14 06:45:00+00:00,7800.75000,7801.50000,7800.50000,7800.75000,124.00000
2026-08-14 07:00:00+00:00,7801.00000,7802.00000,7799.25000,7799.50000,632.00000
2026-08-14 07:15:00+00:00,7799.75000,7801.25000,7799.50000,7800.50000,460.00000
2026-08-14 07:30:00+00:00,7800.75000,7803.00000,7800.25000,7803.00000,328.00000
2026-08-14 07:45:00+00:00,7802.75000,7803.75000,7802.00000,7802.50000,296.00000
2026-08-14 08:00:00+00:00,7802.37000,7805.25000,7801.25000,7802.75000,1104.00000
2026-08-14 08:15:00+00:00,7803.00000,7805.00000,7801.87000,7805.00000,696.00000
2026-08-14 08:30:00+00:00,7804.87000,7807.50000,7804.75000,7805.87000,482.00000
2026-08-14 08:45:00+00:00,7806.00000,7807.75000,7805.50000,7805.50000,340.00000
2026-08-14 09:00:00+00:00,7805.37000,7805.50000,7803.75000,7805.00000,354.00000
2026-08-14 09:15:00+00:00,7804.75000,7806.75000,7804.25000,7805.25000,312.00000
2026-08-14 09:30:00+00:00,7805.12000,7805.25000,7803.00000,7804.00000,266.00000
2026-08-14 09:45:00+00:00,7804.25000,7806.75000,7804.00000,7806.75000,424.00000
2026-08-14 10:00:00+00:00,7806.50000,7808.50000,7806.25000,7807.50000,398.00000
2026-08-14 10:15:00+00:00,7807.25000,7807.50000,7805.50000,7806.00000,218.00000
2026-08-14 10:30:00+00:00,7806.12000,7807.25000,7804.75000,7806.25000,224.00000
2026-08-14 10:45:00+00:00,7806.50000,7807.75000,7805.50000,7807.75000,274.00000
2026-08-14 11:00:00+00:00,7808.00000,7808.50000,7806.00000,7806.25000,400.00000
2026-08-14 11:15:00+00:00,7806.00000,7806.75000,7805.50000,7806.00000,248.00000
2026-08-14 11:30:00+00:00,7806.25000,7808.75000,7806.00000,7808.00000,304.00000
2026-08-14 11:45:00+00:00,7807.87000,7809.50000,7807.25000,7808.50000,218.00000
2026-08-14 12:00:00+00:00,7808.25000,7809.00000,7800.25000,7805.75000,758.00000
2026-08-14 12:15:00+00:00,7805.50000,7807.50000,7804.00000,7807.12000,672.00000
2026-08-14 12:30:00+00:00,7807.25000,7810.62000,7807.00000,7808.00000,1132.00000
2026-08-14 12:45:00+00:00,7807.75000,7810.25000,7807.50000,7809.25000,502.00000
2026-08-14 13:00:00+00:00,7809.37000,7809.75000,7805.25000,7805.25000,528.00000
2026-08-14 13:15:00+00:00,7805.50000,7808.50000,7805.25000,7806.50000,842.00000
2026-08-14 13:30:00+00:00,7806.87000,7806.87000,7798.50000,7805.50000,2862.00000
2026-08-14 13:45:00+00:00,7805.25000,7807.50000,7799.50000,7804.75000,2352.00000
2026-08-14 14:00:00+00:00,7804.37000,7809.75000,7803.50000,7804.50000,1992.00000
2026-08-14 14:15:00+00:00,7804.75000,7805.00000,7793.25000,7795.75000,2378.00000
2026-08-14 14:30:00+00:00,7795.50000,7796.50000,7789.75000,7792.75000,1936.00000
2026-08-14 14:45:00+00:00,7793.00000,7795.75000,7788.75000,7788.75000,1330.00000
2026-08-14 15:00:00+00:00,7789.00000,7792.75000,7785.75000,7786.00000,1484.00000
2026-08-14 15:15:00+00:00,7785.87000,7788.50000,7780.25000,7784.25000,1522.00000
2026-08-14 15:30:00+00:00,7784.00000,7786.00000,7779.75000,7781.75000,1427.00000
2026-08-14 15:45:00+00:00,7782.00000,7784.75000,7779.25000,7783.50000,1018.00000
2026-08-14 16:00:00+00:00,7783.75000,7787.00000,7782.25000,7786.50000,894.00000
2026-08-14 16:15:00+00:00,7786.75000,7789.25000,7785.75000,7788.00000,644.00000
2026-08-14 16:30:00+00:00,7788.25000,7788.50000,7782.50000,7782.50000,880.00000
2026-08-14 16:45:00+00:00,7782.75000,7783.25000,7777.75000,7778.25000,760.00000
2026-08-14 17:00:00+00:00,7778.50000,7782.50000,7777.50000,7781.75000,920.00000
2026-08-14 17:15:00+00:00,7781.50000,7782.75000,7778.00000,7779.00000,722.00000
2026-08-14 17:30:00+00:00,7779.25000,7781.25000,7775.75000,7777.25000,776.00000
2026-08-14 17:45:00+00:00,7777.50000,7780.62000,7776.00000,7779.75000,618.00000
2026-08-14 18:00:00+00:00,7780.00000,7784.50000,7778.75000,7783.25000,668.00000
2026-08-14 18:15:00+00:00,7783.50000,7785.00000,7780.75000,7781.00000,524.00000
2026-08-14 18:30:00+00:00,7781.25000,7784.25000,7779.75000,7783.75000,558.00000
2026-08-14 18:45:00+00:00,7783.50000,7786.50000,7782.00000,7783.50000,518.00000
2026-08-14 19:00:00+00:00,7783.25000,7783.75000,7780.75000,7782.25000,546.00000
2026-08-14 19:15:00+00:00,7782.50000,7785.00000,7780.50000,7783.25000,580.00000
2026-08-14 19:30:00+00:00,7783.00000,7784.75000,7781.75000,7783.25000,588.00000
2026-08-14 19:45:00+00:00,7783.00000,7785.50000,7780.72000,7784.72000,1210.00000
2026-08-14 20:00:00+00:00,7784.47000,7784.72000,7779.22000,7779.97000,540.00000
2026-08-14 20:15:00+00:00,7780.22000,7780.72000,7778.97000,7779.72000,114.00000
2026-08-14 20:30:00+00:00,7779.47000,7782.22000,7779.22000,7781.72000,140.00000
2026-08-14 20:45:00+00:00,7781.47000,7781.97000,7780.84000,7781.72000,66.00000
2026-08-16 22:00:00+00:00,7787.26000,7791.76000,7785.01000,7791.51000,1092.00000
2026-08-16 22:15:00+00:00,7791.63000,7791.76000,7790.51000,7790.76000,230.00000
2026-08-16 22:30:00+00:00,7791.01000,7791.01000,7789.51000,7790.26000,164.00000
2026-08-16 22:45:00+00:00,7790.01000,7791.76000,7790.01000,7791.26000,184.00000
2026-08-16 23:00:00+00:00,7791.01000,7791.01000,7790.01000,7790.26000,104.00000
2026-08-16 23:15:00+00:00,7790.01000,7791.01000,7789.76000,7790.51000,106.00000
2026-08-16 23:30:00+00:00,7790.63000,7792.01000,7789.76000,7792.01000,140.00000
2026-08-16 23:45:00+00:00,7791.76000,7794.26000,7791.76000,7793.26000,256.00000
2026-08-17 00:00:00+00:00,7793.01000,7794.76000,7792.51000,7793.51000,826.00000
2026-08-17 00:15:00+00:00,7793.26000,7793.51000,7789.26000,7790.26000,408.00000
2026-08-17 00:30:00+00:00,7790.01000,7790.76000,7789.01000,7790.01000,300.00000
2026-08-17 00:45:00+00:00,7789.88000,7791.76000,7789.76000,7791.76000,304.00000
2026-08-17 01:00:00+00:00,7791.63000,7793.51000,7791.51000,7791.51000,682.00000
2026-08-17 01:15:00+00:00,7791.63000,7794.26000,7791.26000,7794.01000,412.00000
2026-08-17 01:30:00+00:00,7794.13000,7794.13000,7789.51000,7790.38000,606.00000
2026-08-17 01:45:00+00:00,7790.51000,7790.51000,7788.01000,7788.51000,390.00000
2026-08-17 02:00:00+00:00,7788.76000,7788.76000,7787.26000,7788.51000,250.00000
2026-08-17 02:15:00+00:00,7788.26000,7791.01000,7788.26000,7790.26000,244.00000
2026-08-17 02:30:00+00:00,7790.01000,7790.51000,7789.26000,7790.01000,292.00000
2026-08-17 02:45:00+00:00,7790.26000,7790.76000,7789.51000,7789.51000,210.00000
2026-08-17 03:00:00+00:00,7789.63000,7790.51000,7789.01000,7789.51000,200.00000
2026-08-17 03:15:00+00:00,7789.38000,7791.01000,7789.38000,7791.01000,134.00000
2026-08-17 03:30:00+00:00,7791.13000,7792.01000,7790.01000,7792.01000,264.00000
2026-08-17 03:45:00+00:00,7792.26000,7793.51000,7792.26000,7793.51000,214.00000
2026-08-17 04:00:00+00:00,7793.76000,7794.26000,7793.51000,7794.01000,194.00000
2026-08-17 04:15:00+00:00,7793.76000,7794.26000,7793.26000,7793.26000,156.00000
2026-08-17 04:30:00+00:00,7793.01000,7794.26000,7792.51000,7794.01000,110.00000
2026-08-17 04:45:00+00:00,7794.26000,7794.26000,7793.01000,7793.26000,226.00000
2026-08-17 05:00:00+00:00,7793.01000,7794.76000,7793.01000,7794.51000,278.00000
2026-08-17 05:15:00+00:00,7794.63000,7794.76000,7793.01000,7794.51000,160.00000
2026-08-17 05:30:00+00:00,7794.76000,7797.01000,7794.76000,7797.01000,346.00000
2026-08-17 05:45:00+00:00,7796.88000,7798.26000,7796.76000,7798.26000,160.00000
2026-08-17 06:00:00+00:00,7798.38000,7800.04000,7797.76000,7799.29000,380.00000
2026-08-17 06:15:00+00:00,7799.04000,7799.79000,7797.54000,7799.54000,158.00000
2026-08-17 06:30:00+00:00,7799.29000,7800.79000,7798.79000,7799.54000,232.00000
2026-08-17 06:45:00+00:00,7799.79000,7801.04000,7799.04000,7800.79000,216.00000
2026-08-17 07:00:00+00:00,7801.04000,7802.29000,7796.54000,7796.54000,652.00000
2026-08-17 07:15:00+00:00,7796.66000,7798.04000,7794.04000,7798.04000,590.00000
2026-08-17 07:30:00+00:00,7797.91000,7800.29000,7796.79000,7800.04000,536.00000
2026-08-17 07:45:00+00:00,7799.79000,7801.04000,7799.04000,7800.04000,412.00000
2026-08-17 08:00:00+00:00,7799.79000,7800.29000,7796.29000,7796.66000,718.00000
2026-08-17 08:15:00+00:00,7796.79000,7797.79000,7795.79000,7797.16000,530.00000
2026-08-17 08:30:00+00:00,7797.29000,7797.79000,7795.04000,7795.29000,392.00000
2026-08-17 08:45:00+00:00,7795.04000,7797.29000,7794.54000,7797.04000,412.00000
2026-08-17 09:00:00+00:00,7797.16000,7798.79000,7796.54000,7798.54000,476.00000
2026-08-17 09:15:00+00:00,7798.41000,7798.41000,7796.04000,7796.29000,290.00000
2026-08-17 09:30:00+00:00,7796.54000,7796.54000,7795.04000,7796.54000,356.00000
2026-08-17 09:45:00+00:00,7796.41000,7797.91000,7795.29000,7795.79000,432.00000
2026-08-17 10:00:00+00:00,7796.04000,7797.54000,7795.66000,7797.54000,382.00000
2026-08-17 10:15:00+00:00,7797.79000,7805.54000,7793.79000,7805.04000,762.00000
2026-08-17 10:30:00+00:00,7804.91000,7805.29000,7796.04000,7798.04000,1696.00000
2026-08-17 10:45:00+00:00,7798.16000,7798.41000,7796.79000,7797.29000,390.00000
2026-08-17 11:00:00+00:00,7797.04000,7799.29000,7796.04000,7796.91000,664.00000
2026-08-17 11:15:00+00:00,7796.79000,7797.04000,7794.29000,7796.29000,436.00000
2026-08-17 11:30:00+00:00,7796.41000,7798.04000,7795.79000,7796.54000,468.00000
2026-08-17 11:45:00+00:00,7796.66000,7796.79000,7794.04000,7794.29000,316.00000
2026-08-17 12:00:00+00:00,7794.54000,7795.04000,7790.54000,7794.54000,672.00000
2026-08-17 12:15:00+00:00,7794.79000,7795.66000,7786.79000,7788.91000,1358.00000
2026-08-17 12:30:00+00:00,7789.04000,7790.79000,7783.79000,7785.04000,1468.00000
2026-08-17 12:45:00+00:00,7784.79000,7785.79000,7782.29000,7784.54000,614.00000
2026-08-17 13:00:00+00:00,7784.41000,7787.29000,7784.29000,7786.79000,554.00000
2026-08-17 13:15:00+00:00,7786.54000,7788.79000,7783.79000,7783.79000,648.00000
2026-08-17 13:30:00+00:00,7784.79000,7790.29000,7775.79000,7778.04000,3424.00000
2026-08-17 13:45:00+00:00,7777.79000,7782.79000,7774.04000,7775.41000,2364.00000
2026-08-17 14:00:00+00:00,7775.54000,7779.79000,7772.54000,7778.79000,1912.00000
2026-08-17 14:15:00+00:00,7778.54000,7778.79000,7772.29000,7776.79000,1538.00000
2026-08-17 14:30:00+00:00,7776.66000,7778.04000,7771.54000,7773.54000,1236.00000
2026-08-17 14:45:00+00:00,7774.04000,7777.04000,7771.04000,7774.79000,908.00000
2026-08-17 15:00:00+00:00,7775.04000,7778.04000,7773.54000,7775.54000,922.00000
2026-08-17 15:15:00+00:00,7775.29000,7780.79000,7775.29000,7779.54000,876.00000
2026-08-17 15:30:00+00:00,7779.29000,7780.29000,7769.29000,7773.04000,1086.00000
2026-08-17 15:45:00+00:00,7772.79000,7776.41000,7772.29000,7775.04000,702.00000
2026-08-17 16:00:00+00:00,7775.16000,7776.79000,7772.79000,7776.04000,650.00000
2026-08-17 16:15:00+00:00,7776.29000,7778.29000,7774.29000,7775.04000,600.00000
2026-08-17 16:30:00+00:00,7775.29000,7776.29000,7771.54000,7771.79000,612.00000
2026-08-17 16:45:00+00:00,7771.54000,7772.79000,7768.29000,7768.79000,620.00000
2026-08-17 17:00:00+00:00,7768.54000,7769.79000,7765.04000,7765.04000,794.00000
2026-08-17 17:15:00+00:00,7764.79000,7766.54000,7756.79000,7757.79000,1420.00000
2026-08-17 17:30:00+00:00,7757.54000,7760.54000,7753.04000,7759.54000,1294.00000
2026-08-17 17:45:00+00:00,7759.29000,7760.54000,7755.04000,7756.04000,904.00000
2026-08-17 18:00:00+00:00,7755.79000,7759.29000,7754.54000,7758.79000,1124.00000
2026-08-17 18:15:00+00:00,7759.04000,7760.04000,7755.79000,7757.54000,848.00000
2026-08-17 18:30:00+00:00,7757.79000,7758.54000,7754.16000,7757.54000,734.00000
2026-08-17 18:45:00+00:00,7757.29000,7759.79000,7756.54000,7756.91000,520.00000
2026-08-17 19:00:00+00:00,7757.04000,7757.54000,7753.04000,7753.54000,674.00000
2026-08-17 19:15:00+00:00,7753.79000,7756.54000,7753.04000,7753.04000,524.00000
2026-08-17 19:30:00+00:00,7753.29000,7753.29000,7749.04000,7751.54000,882.00000
2026-08-17 19:45:00+00:00,7752.04000,7755.04000,7747.29000,7749.51000,1604.00000
2026-08-17 20:00:00+00:00,7749.26000,7750.26000,7746.26000,7748.01000,742.00000
2026-08-17 20:15:00+00:00,7747.76000,7748.26000,7745.76000,7746.51000,244.00000
2026-08-17 20:30:00+00:00,7746.76000,7746.76000,7745.13000,7745.26000,250.00000
2026-08-17 20:45:00+00:00,7745.01000,7747.26000,7744.38000,7746.01000,256.00000
2026-08-17 22:00:00+00:00,7749.15000,7750.15000,7747.40000,7747.53000,632.00000
2026-08-17 22:15:00+00:00,7747.65000,7748.03000,7744.28000,7746.78000,538.00000
2026-08-17 22:30:00+00:00,7746.53000,7747.03000,7745.78000,7746.40000,332.00000
2026-08-17 22:45:00+00:00,7746.53000,7747.78000,7746.28000,7747.03000,280.00000
2026-08-17 23:00:00+00:00,7746.78000,7747.53000,7745.03000,7746.78000,222.00000
2026-08-17 23:15:00+00:00,7746.53000,7747.03000,7745.28000,7747.03000,266.00000
2026-08-17 23:30:00+00:00,7746.78000,7749.65000,7746.78000,7749.03000,322.00000
2026-08-17 23:45:00+00:00,7748.90000,7750.03000,7746.28000,7749.78000,876.00000
2026-08-18 00:00:00+00:00,7749.53000,7751.28000,7748.53000,7751.15000,1342.00000
2026-08-18 00:15:00+00:00,7751.28000,7752.03000,7749.03000,7749.28000,542.00000
2026-08-18 00:30:00+00:00,7749.40000,7750.03000,7748.03000,7749.28000,454.00000
2026-08-18 00:45:00+00:00,7749.03000,7751.03000,7748.03000,7748.53000,382.00000
2026-08-18 01:00:00+00:00,7748.65000,7749.53000,7747.03000,7749.03000,476.00000
2026-08-18 01:15:00+00:00,7748.78000,7749.78000,7747.28000,7747.53000,542.00000
2026-08-18 01:30:00+00:00,7747.28000,7748.53000,7743.53000,7744.03000,714.00000
2026-08-18 01:45:00+00:00,7743.78000,7744.53000,7736.90000,7743.03000,1480.00000
2026-08-18 02:00:00+00:00,7743.28000,7743.53000,7736.28000,7736.53000,1032.00000
2026-08-18 02:15:00+00:00,7736.28000,7737.28000,7729.78000,7731.03000,1564.00000
2026-08-18 02:30:00+00:00,7730.78000,7734.90000,7728.78000,7729.03000,1180.00000
2026-08-18 02:45:00+00:00,7728.78000,7731.28000,7725.78000,7730.78000,1204.00000
2026-08-18 03:00:00+00:00,7731.03000,7731.28000,7728.53000,7729.03000,658.00000
2026-08-18 03:15:00+00:00,7728.90000,7729.15000,7724.03000,7726.03000,792.00000
2026-08-18 03:30:00+00:00,7725.78000,7727.78000,7722.78000,7726.78000,1228.00000
2026-08-18 03:45:00+00:00,7726.53000,7728.03000,7724.78000,7725.28000,850.00000
2026-08-18 04:00:00+00:00,7725.53000,7726.03000,7722.78000,7724.53000,1168.00000
2026-08-18 04:15:00+00:00,7725.03000,7725.78000,7721.53000,7725.53000,776.00000
2026-08-18 04:30:00+00:00,7725.65000,7726.53000,7722.78000,7723.28000,862.00000
2026-08-18 04:45:00+00:00,7723.53000,7726.03000,7723.03000,7725.03000,704.00000
2026-08-18 05:00:00+00:00,7725.28000,7725.28000,7718.78000,7720.03000,872.00000
2026-08-18 05:15:00+00:00,7720.28000,7722.03000,7719.78000,7719.78000,678.00000
2026-08-18 05:30:00+00:00,7720.03000,7720.28000,7717.78000,7718.28000,772.00000
2026-08-18 05:45:00+00:00,7718.15000,7720.03000,7716.03000,7716.78000,772.00000
2026-08-18 06:00:00+00:00,7716.65000,7717.93000,7708.81000,7717.06000,1664.00000
2026-08-18 06:15:00+00:00,7717.18000,7720.06000,7714.56000,7717.81000,1484.00000
2026-08-18 06:30:00+00:00,7717.56000,7719.56000,7716.06000,7718.68000,1040.00000
2026-08-18 06:45:00+00:00,7718.56000,7723.81000,7718.56000,7723.56000,620.00000
2026-08-18 07:00:00+00:00,7723.31000,7723.56000,7718.56000,7718.56000,1716.00000
2026-08-18 07:15:00+00:00,7718.81000,7720.56000,7717.06000,7717.31000,942.00000
2026-08-18 07:30:00+00:00,7717.43000,7718.06000,7712.31000,7712.31000,1064.00000
2026-08-18 07:45:00+00:00,7712.56000,7713.81000,7707.68000,7708.06000,1220.00000
2026-08-18 08:00:00+00:00,7708.31000,7709.06000,7699.56000,7707.56000,3018.00000
2026-08-18 08:15:00+00:00,7707.43000,7710.06000,7704.56000,7707.81000,2174.00000
2026-08-18 08:30:00+00:00,7708.06000,7713.56000,7706.93000,7712.56000,1672.00000
2026-08-18 08:45:00+00:00,7712.31000,7712.31000,7707.31000,7711.56000,1094.00000
2026-08-18 09:00:00+00:00,7711.31000,7713.06000,7708.81000,7709.06000,1574.00000
2026-08-18 09:15:00+00:00,7709.31000,7709.81000,7705.31000,7708.06000,1464.00000
2026-08-18 09:30:00+00:00,7707.93000,7710.56000,7704.18000,7707.06000,1522.00000
2026-08-18 09:45:00+00:00,7706.81000,7712.31000,7704.81000,7711.31000,1288.00000
2026-08-18 10:00:00+00:00,7712.18000,7713.81000,7710.31000,7711.81000,1312.00000
2026-08-18 10:15:00+00:00,7711.56000,7713.56000,7710.06000,7712.56000,932.00000
2026-08-18 10:30:00+00:00,7712.43000,7715.56000,7711.31000,7711.56000,688.00000
2026-08-18 10:45:00+00:00,7711.31000,7716.06000,7711.06000,7713.31000,692.00000
2026-08-18 11:00:00+00:00,7713.56000,7717.81000,7712.56000,7717.31000,1002.00000
2026-08-18 11:15:00+00:00,7717.06000,7718.31000,7716.31000,7717.06000,858.00000
2026-08-18 11:30:00+00:00,7716.81000,7718.31000,7713.81000,7717.81000,916.00000
2026-08-18 11:45:00+00:00,7718.06000,7720.06000,7715.56000,7716.56000,1118.00000
2026-08-18 12:00:00+00:00,7716.43000,7720.31000,7714.56000,7715.56000,1364.00000
2026-08-18 12:15:00+00:00,7715.68000,7720.68000,7714.06000,7714.56000,1166.00000
2026-08-18 12:30:00+00:00,7714.31000,7715.93000,7710.43000,7711.31000,1270.00000
2026-08-18 12:45:00+00:00,7711.56000,7717.56000,7710.81000,7717.31000,646.00000
2026-08-18 13:00:00+00:00,7717.06000,7718.06000,7711.81000,7712.31000,744.00000
2026-08-18 13:15:00+00:00,7712.06000,7713.81000,7706.06000,7708.06000,1312.00000
2026-08-18 13:30:00+00:00,7707.81000,7716.81000,7700.93000,7709.31000,5540.00000
2026-08-18 13:45:00+00:00,7709.06000,7712.81000,7703.06000,7706.56000,4360.00000
2026-08-18 14:00:00+00:00,7706.81000,7714.31000,7698.31000,7702.81000,3740.00000
2026-08-18 14:15:00+00:00,7703.06000,7712.56000,7702.06000,7708.06000,3366.00000
2026-08-18 14:30:00+00:00,7708.31000,7714.06000,7705.56000,7705.81000,2626.00000
2026-08-18 14:45:00+00:00,7705.56000,7709.81000,7699.06000,7701.18000,2782.00000
2026-08-18 15:00:00+00:00,7701.31000,7705.81000,7696.06000,7699.06000,2474.00000
2026-08-18 15:15:00+00:00,7699.56000,7701.81000,7695.06000,7700.06000,1938.00000
2026-08-18 15:30:00+00:00,7699.81000,7704.06000,7697.81000,7702.06000,1790.00000
2026-08-18 15:45:00+00:00,7702.31000,7708.06000,7702.06000,7704.81000,1504.00000
2026-08-18 16:00:00+00:00,7705.06000,7708.81000,7703.81000,7707.06000,1304.00000
2026-08-18 16:15:00+00:00,7707.31000,7710.31000,7703.06000,7703.56000,1154.00000
2026-08-18 16:30:00+00:00,7703.31000,7707.31000,7702.31000,7705.06000,1104.00000
2026-08-18 16:45:00+00:00,7705.31000,7710.06000,7703.31000,7707.56000,954.00000
2026-08-18 17:00:00+00:00,7707.31000,7709.56000,7705.06000,7707.56000,980.00000
2026-08-18 17:15:00+00:00,7707.68000,7707.81000,7702.31000,7704.56000,762.00000
2026-08-18 17:30:00+00:00,7704.31000,7705.56000,7701.81000,7702.31000,786.00000
2026-08-18 17:45:00+00:00,7702.06000,7703.56000,7697.56000,7697.56000,602.00000
2026-08-18 18:00:00+00:00,7697.81000,7702.81000,7696.06000,7702.31000,878.00000
2026-08-18 18:15:00+00:00,7702.43000,7707.31000,7702.06000,7705.31000,964.00000
2026-08-18 18:30:00+00:00,7705.43000,7706.06000,7702.81000,7702.81000,586.00000
2026-08-18 18:45:00+00:00,7702.56000,7703.81000,7698.31000,7698.81000,670.00000
2026-08-18 19:00:00+00:00,7698.56000,7701.06000,7697.31000,7698.06000,668.00000
2026-08-18 19:15:00+00:00,7697.81000,7703.81000,7697.81000,7702.31000,648.00000
2026-08-18 19:30:00+00:00,7702.56000,7704.31000,7699.56000,7701.06000,754.00000
2026-08-18 19:45:00+00:00,7700.93000,7701.81000,7692.03000,7696.78000,1544.00000
2026-08-18 20:00:00+00:00,7696.28000,7697.53000,7694.53000,7696.03000,648.00000
2026-08-18 20:15:00+00:00,7696.28000,7696.78000,7694.03000,7696.03000,188.00000
2026-08-18 20:30:00+00:00,7696.15000,7697.53000,7695.68000,7696.28000,185.00000
2026-08-18 20:45:00+00:00,7696.53000,7696.78000,7693.03000,7694.78000,404.00000
2026-08-18 22:00:00+00:00,7697.42000,7697.92000,7694.30000,7695.30000,812.00000
2026-08-18 22:15:00+00:00,7695.55000,7699.30000,7693.30000,7693.30000,448.00000
2026-08-18 22:30:00+00:00,7693.42000,7694.30000,7691.55000,7692.92000,562.00000
2026-08-18 22:45:00+00:00,7692.80000,7693.05000,7689.42000,7689.55000,488.00000
2026-08-18 23:00:00+00:00,7689.80000,7693.30000,7688.80000,7692.67000,544.00000
2026-08-18 23:15:00+00:00,7692.55000,7696.30000,7691.05000,7693.30000,508.00000
2026-08-18 23:30:00+00:00,7693.42000,7694.05000,7692.80000,7693.55000,470.00000
2026-08-18 23:45:00+00:00,7693.30000,7696.05000,7692.55000,7692.55000,1522.00000
2026-08-19 00:00:00+00:00,7692.42000,7692.55000,7684.17000,7685.42000,2566.00000
2026-08-19 00:15:00+00:00,7685.55000,7692.80000,7684.30000,7692.80000,1486.00000
2026-08-19 00:30:00+00:00,7693.05000,7697.55000,7692.80000,7696.55000,1000.00000
2026-08-19 00:45:00+00:00,7696.67000,7697.55000,7692.30000,7692.80000,1182.00000
2026-08-19 01:00:00+00:00,7692.30000,7697.05000,7691.30000,7695.80000,1318.00000
2026-08-19 01:15:00+00:00,7696.05000,7698.80000,7693.80000,7697.80000,1254.00000
2026-08-19 01:30:00+00:00,7697.30000,7697.80000,7692.05000,7693.05000,1166.00000
2026-08-19 01:45:00+00:00,7692.92000,7694.80000,7691.55000,7693.30000,1320.00000
2026-08-19 02:00:00+00:00,7693.55000,7694.05000,7688.05000,7688.55000,748.00000
2026-08-19 02:15:00+00:00,7688.67000,7693.30000,7688.30000,7691.30000,1598.00000
2026-08-19 02:30:00+00:00,7691.55000,7691.80000,7688.30000,7689.80000,1062.00000
2026-08-19 02:45:00+00:00,7689.92000,7692.55000,7689.55000,7691.30000,1064.00000
2026-08-19 03:00:00+00:00,7691.55000,7692.55000,7689.05000,7690.30000,682.00000
2026-08-19 03:15:00+00:00,7690.42000,7692.05000,7689.42000,7690.55000,834.00000
2026-08-19 03:30:00+00:00,7690.30000,7693.80000,7689.80000,7690.05000,960.00000
2026-08-19 03:45:00+00:00,7689.55000,7690.80000,7687.80000,7688.55000,672.00000
2026-08-19 04:00:00+00:00,7688.30000,7688.55000,7686.55000,7687.55000,484.00000
2026-08-19 04:15:00+00:00,7687.30000,7690.80000,7686.80000,7689.55000,908.00000
2026-08-19 04:30:00+00:00,7689.80000,7690.55000,7685.67000,7686.05000,838.00000
2026-08-19 04:45:00+00:00,7686.17000,7686.55000,7681.30000,7686.05000,806.00000
2026-08-19 05:00:00+00:00,7685.80000,7690.05000,7684.05000,7684.80000,1600.00000
2026-08-19 05:15:00+00:00,7685.05000,7686.55000,7681.30000,7686.17000,1492.00000
2026-08-19 05:30:00+00:00,7686.30000,7686.55000,7680.92000,7682.30000,1298.00000
2026-08-19 05:45:00+00:00,7682.17000,7683.05000,7680.30000,7681.55000,1000.00000
2026-08-19 06:00:00+00:00,7681.80000,7683.05000,7680.33000,7680.83000,1000.00000
2026-08-19 06:15:00+00:00,7681.08000,7690.33000,7681.08000,7687.58000,1500.00000
2026-08-19 06:30:00+00:00,7687.33000,7689.58000,7685.83000,7689.33000,1484.00000
2026-08-19 06:45:00+00:00,7689.58000,7696.83000,7689.33000,7696.58000,1052.00000
2026-08-19 07:00:00+00:00,7696.45000,7696.83000,7691.33000,7696.33000,1520.00000
2026-08-19 07:15:00+00:00,7696.58000,7697.58000,7693.58000,7697.58000,964.00000
2026-08-19 07:30:00+00:00,7697.83000,7700.83000,7695.58000,7697.33000,892.00000
2026-08-19 07:45:00+00:00,7697.20000,7700.58000,7696.58000,7700.33000,812.00000
2026-08-19 08:00:00+00:00,7700.58000,7702.58000,7698.83000,7700.83000,1422.00000
2026-08-19 08:15:00+00:00,7700.58000,7703.83000,7699.83000,7703.58000,962.00000
2026-08-19 08:30:00+00:00,7703.33000,7703.33000,7700.83000,7702.33000,630.00000
2026-08-19 08:45:00+00:00,7702.58000,7702.83000,7699.58000,7700.08000,642.00000
2026-08-19 09:00:00+00:00,7699.95000,7702.83000,7698.33000,7698.33000,754.00000
2026-08-19 09:15:00+00:00,7698.58000,7698.58000,7696.08000,7696.33000,606.00000
2026-08-19 09:30:00+00:00,7696.58000,7698.58000,7695.58000,7695.83000,832.00000
2026-08-19 09:45:00+00:00,7695.58000,7697.08000,7693.58000,7695.33000,688.00000
2026-08-19 10:00:00+00:00,7695.58000,7696.33000,7692.33000,7695.33000,916.00000
2026-08-19 10:15:00+00:00,7695.08000,7695.33000,7691.58000,7695.08000,895.00000
2026-08-19 10:30:00+00:00,7695.33000,7698.08000,7694.08000,7697.83000,686.00000
2026-08-19 10:45:00+00:00,7698.08000,7698.33000,7695.08000,7695.33000,514.00000
2026-08-19 11:00:00+00:00,7695.83000,7701.33000,7695.08000,7699.58000,1160.00000
2026-08-19 11:15:00+00:00,7699.83000,7700.83000,7698.33000,7699.33000,778.00000
2026-08-19 11:30:00+00:00,7699.58000,7699.83000,7695.33000,7697.58000,1106.00000
2026-08-19 11:45:00+00:00,7697.33000,7699.83000,7697.08000,7699.83000,822.00000
2026-08-19 12:00:00+00:00,7699.58000,7700.58000,7696.83000,7699.58000,978.00000
2026-08-19 12:15:00+00:00,7699.33000,7702.33000,7697.95000,7698.83000,1104.00000
2026-08-19 12:30:00+00:00,7699.08000,7722.58000,7696.83000,7722.58000,3790.00000
2026-08-19 12:45:00+00:00,7722.83000,7740.08000,7722.83000,7730.20000,3132.00000
2026-08-19 13:00:00+00:00,7729.83000,7731.33000,7722.33000,7730.33000,2010.00000
2026-08-19 13:15:00+00:00,7730.08000,7732.58000,7725.33000,7725.58000,1632.00000
2026-08-19 13:30:00+00:00,7725.83000,7728.08000,7714.08000,7722.58000,5312.00000
2026-08-19 13:45:00+00:00,7723.08000,7727.58000,7702.83000,7721.58000,5326.00000
2026-08-19 14:00:00+00:00,7721.83000,7724.08000,7709.08000,7709.33000,4920.00000
2026-08-19 14:15:00+00:00,7709.58000,7723.33000,7709.08000,7721.58000,3962.00000
2026-08-19 14:30:00+00:00,7721.33000,7735.08000,7719.58000,7732.33000,2804.00000
2026-08-19 14:45:00+00:00,7732.58000,7744.08000,7728.58000,7743.83000,2242.00000
2026-08-19 15:00:00+00:00,7744.08000,7746.83000,7736.58000,7739.83000,1834.00000
2026-08-19 15:15:00+00:00,7740.08000,7740.08000,7730.33000,7732.58000,1906.00000
2026-08-19 15:30:00+00:00,7732.83000,7733.08000,7722.08000,7726.08000,2046.00000
2026-08-19 15:45:00+00:00,7725.83000,7730.08000,7721.83000,7727.58000,1956.00000
2026-08-19 16:00:00+00:00,7727.33000,7738.08000,7725.33000,7737.08000,1632.00000
2026-08-19 16:15:00+00:00,7736.83000,7741.33000,7728.08000,7728.08000,1448.00000
2026-08-19 16:30:00+00:00,7727.83000,7728.83000,7723.83000,7725.08000,1350.00000
2026-08-19 16:45:00+00:00,7724.83000,7725.83000,7716.33000,7718.08000,1430.00000
2026-08-19 17:00:00+00:00,7718.33000,7723.33000,7715.83000,7719.58000,1736.00000
2026-08-19 17:15:00+00:00,7719.83000,7721.08000,7711.58000,7716.83000,1556.00000
2026-08-19 17:30:00+00:00,7717.08000,7718.83000,7712.83000,7717.08000,1354.00000
2026-08-19 17:45:00+00:00,7717.33000,7720.08000,7715.33000,7716.58000,1106.00000
2026-08-19 18:00:00+00:00,7716.45000,7726.83000,7711.08000,7715.83000,2614.00000
2026-08-19 18:15:00+00:00,7716.08000,7717.33000,7712.08000,7717.08000,1584.00000
2026-08-19 18:30:00+00:00,7716.83000,7722.33000,7716.83000,7719.33000,1408.00000
2026-08-19 18:45:00+00:00,7719.08000,7719.83000,7716.33000,7716.58000,1042.00000
2026-08-19 19:00:00+00:00,7716.83000,7721.08000,7715.83000,7718.58000,1142.00000
2026-08-19 19:15:00+00:00,7718.83000,7721.70000,7717.33000,7717.83000,1010.00000
2026-08-19 19:30:00+00:00,7718.08000,7725.33000,7711.33000,7711.33000,1522.00000
2026-08-19 19:45:00+00:00,7710.95000,7713.30000,7703.83000,7713.05000,2474.00000
2026-08-19 20:00:00+00:00,7713.30000,7714.67000,7708.30000,7710.55000,790.00000
2026-08-19 20:15:00+00:00,7710.05000,7711.30000,7708.30000,7711.30000,382.00000
2026-08-19 20:30:00+00:00,7711.05000,7711.80000,7709.55000,7710.80000,180.00000
2026-08-19 20:45:00+00:00,7711.05000,7713.30000,7711.05000,7712.80000,188.00000
2026-08-19 22:00:00+00:00,7714.94000,7725.07000,7713.32000,7722.94000,1550.00000
2026-08-19 22:15:00+00:00,7722.82000,7722.82000,7720.19000,7720.82000,494.00000
2026-08-19 22:30:00+00:00,7720.69000,7723.69000,7719.82000,7722.57000,480.00000
2026-08-19 22:45:00+00:00,7722.82000,7724.32000,7721.94000,7724.07000,392.00000
2026-08-19 23:00:00+00:00,7724.19000,7727.82000,7722.07000,7724.07000,1166.00000
2026-08-19 23:15:00+00:00,7724.19000,7725.07000,7722.57000,7723.57000,334.00000
2026-08-19 23:30:00+00:00,7723.44000,7725.57000,7722.32000,7724.82000,412.00000
2026-08-19 23:45:00+00:00,7724.69000,7725.57000,7721.57000,7722.07000,866.00000
2026-08-20 00:00:00+00:00,7721.57000,7721.57000,7716.07000,7721.32000,2636.00000
2026-08-20 00:15:00+00:00,7721.19000,7724.57000,7720.57000,7720.94000,1744.00000
2026-08-20 00:30:00+00:00,7720.82000,7723.94000,7719.32000,7722.57000,1476.00000
2026-08-20 00:45:00+00:00,7722.44000,7724.57000,7721.57000,7724.32000,972.00000
2026-08-20 01:00:00+00:00,7724.07000,7726.07000,7721.07000,7722.44000,1340.00000
2026-08-20 01:15:00+00:00,7722.32000,7725.19000,7720.07000,7721.57000,1810.00000
2026-08-20 01:30:00+00:00,7721.32000,7724.07000,7719.57000,7723.82000,1952.00000
2026-08-20 01:45:00+00:00,7723.94000,7724.32000,7718.82000,7720.57000,1412.00000
2026-08-20 02:00:00+00:00,7720.69000,7725.07000,7720.32000,7723.57000,1440.00000
2026-08-20 02:15:00+00:00,7723.44000,7723.57000,7717.57000,7718.69000,1358.00000
2026-08-20 02:30:00+00:00,7718.82000,7722.57000,7716.82000,7721.07000,1442.00000
2026-08-20 02:45:00+00:00,7720.94000,7721.69000,7717.57000,7719.57000,1082.00000
2026-08-20 03:00:00+00:00,7720.07000,7723.32000,7718.07000,7720.57000,932.00000
2026-08-20 03:15:00+00:00,7720.69000,7723.82000,7720.32000,7721.57000,834.00000
2026-08-20 03:30:00+00:00,7721.32000,7722.07000,7718.32000,7721.32000,1110.00000
2026-08-20 03:45:00+00:00,7720.69000,7722.57000,7720.19000,7721.32000,938.00000
2026-08-20 04:00:00+00:00,7721.07000,7724.57000,7720.57000,7724.57000,488.00000
2026-08-20 04:15:00+00:00,7724.32000,7724.57000,7722.82000,7723.07000,498.00000
2026-08-20 04:30:00+00:00,7722.82000,7723.07000,7719.82000,7722.44000,724.00000
2026-08-20 04:45:00+00:00,7722.57000,7723.82000,7720.82000,7721.32000,736.00000
2026-08-20 05:00:00+00:00,7721.07000,7721.07000,7716.82000,7717.32000,578.00000
2026-08-20 05:15:00+00:00,7717.44000,7722.57000,7717.19000,7719.57000,996.00000
2026-08-20 05:30:00+00:00,7719.32000,7721.57000,7717.57000,7718.57000,1052.00000
2026-08-20 05:45:00+00:00,7718.69000,7718.82000,7716.07000,7716.82000,758.00000
2026-08-20 06:00:00+00:00,7716.94000,7725.35000,7716.82000,7723.10000,1032.00000
2026-08-20 06:15:00+00:00,7723.35000,7723.35000,7720.10000,7722.85000,662.00000
2026-08-20 06:30:00+00:00,7722.60000,7726.35000,7721.85000,7725.35000,614.00000
2026-08-20 06:45:00+00:00,7725.60000,7727.10000,7724.10000,7724.35000,608.00000
2026-08-20 07:00:00+00:00,7724.10000,7724.10000,7717.60000,7718.35000,1776.00000
2026-08-20 07:15:00+00:00,7718.22000,7719.10000,7713.10000,7714.85000,1360.00000
2026-08-20 07:30:00+00:00,7715.10000,7717.85000,7711.85000,7714.35000,1750.00000
2026-08-20 07:45:00+00:00,7714.10000,7717.35000,7711.85000,7712.10000,1070.00000
2026-08-20 08:00:00+00:00,7711.85000,7715.60000,7706.60000,7708.60000,2372.00000
2026-08-20 08:15:00+00:00,7708.72000,7711.35000,7703.85000,7704.85000,2022.00000
2026-08-20 08:30:00+00:00,7704.97000,7706.60000,7698.60000,7702.60000,1808.00000
2026-08-20 08:45:00+00:00,7702.35000,7703.35000,7697.35000,7700.60000,2130.00000
2026-08-20 09:00:00+00:00,7700.72000,7708.97000,7699.47000,7706.60000,2074.00000
2026-08-20 09:15:00+00:00,7706.72000,7708.60000,7704.85000,7706.35000,1390.00000
2026-08-20 09:30:00+00:00,7706.60000,7707.60000,7703.85000,7707.35000,1478.00000
2026-08-20 09:45:00+00:00,7707.22000,7708.85000,7704.10000,7705.85000,1554.00000
2026-08-20 10:00:00+00:00,7705.72000,7710.60000,7703.85000,7710.35000,1592.00000
2026-08-20 10:15:00+00:00,7710.22000,7710.60000,7706.85000,7709.35000,1188.00000
2026-08-20 10:30:00+00:00,7709.10000,7711.10000,7706.10000,7707.60000,1308.00000
2026-08-20 10:45:00+00:00,7707.72000,7712.60000,7707.35000,7712.60000,884.00000
2026-08-20 11:00:00+00:00,7712.85000,7715.35000,7702.60000,7706.35000,2450.00000
2026-08-20 11:15:00+00:00,7706.22000,7708.10000,7696.35000,7696.85000,1728.00000
2026-08-20 11:30:00+00:00,7696.60000,7701.22000,7695.10000,7695.85000,2062.00000
2026-08-20 11:45:00+00:00,7695.97000,7696.60000,7685.22000,7686.35000,2762.00000
2026-08-20 12:00:00+00:00,7686.22000,7686.60000,7666.85000,7669.35000,3960.00000
2026-08-20 12:15:00+00:00,7669.10000,7674.60000,7667.60000,7668.97000,3334.00000
2026-08-20 12:30:00+00:00,7669.22000,7670.60000,7662.35000,7670.60000,2940.00000
2026-08-20 12:45:00+00:00,7670.47000,7679.35000,7669.85000,7678.85000,1484.00000
2026-08-20 13:00:00+00:00,7679.10000,7683.60000,7676.60000,7677.10000,1402.00000
2026-08-20 13:15:00+00:00,7676.60000,7680.60000,7674.60000,7680.10000,1690.00000
2026-08-20 13:30:00+00:00,7680.85000,7698.10000,7679.10000,7694.10000,5290.00000
2026-08-20 13:45:00+00:00,7693.85000,7695.60000,7681.85000,7685.85000,4858.00000
2026-08-20 14:00:00+00:00,7685.60000,7689.85000,7679.10000,7679.97000,4890.00000
2026-08-20 14:15:00+00:00,7680.10000,7689.60000,7673.85000,7682.35000,4530.00000
2026-08-20 14:30:00+00:00,7682.10000,7692.85000,7679.60000,7691.85000,3806.00000
2026-08-20 14:45:00+00:00,7692.10000,7695.10000,7685.10000,7691.85000,3180.00000
2026-08-20 15:00:00+00:00,7692.35000,7701.85000,7680.60000,7687.85000,4576.00000
2026-08-20 15:15:00+00:00,7687.60000,7690.85000,7679.85000,7687.60000,3126.00000
2026-08-20 15:30:00+00:00,7687.35000,7688.85000,7673.35000,7673.60000,2878.00000
2026-08-20 15:45:00+00:00,7673.35000,7680.35000,7672.35000,7678.35000,2318.00000
2026-08-20 16:00:00+00:00,7678.60000,7680.85000,7674.85000,7675.10000,2030.00000
2026-08-20 16:15:00+00:00,7674.85000,7680.85000,7674.60000,7677.60000,1644.00000
2026-08-20 16:30:00+00:00,7677.35000,7686.60000,7673.85000,7686.60000,1502.00000
2026-08-20 16:45:00+00:00,7686.35000,7686.35000,7680.35000,7684.10000,1414.00000
2026-08-20 17:00:00+00:00,7684.35000,7684.35000,7674.85000,7675.10000,1490.00000
2026-08-20 17:15:00+00:00,7674.97000,7675.35000,7667.35000,7667.60000,1448.00000
2026-08-20 17:30:00+00:00,7667.85000,7668.85000,7662.35000,7664.60000,1194.00000
2026-08-20 17:45:00+00:00,7664.35000,7670.10000,7664.10000,7665.60000,1122.00000
2026-08-20 18:00:00+00:00,7665.35000,7665.35000,7653.35000,7655.85000,1612.00000
2026-08-20 18:15:00+00:00,7655.60000,7659.60000,7651.35000,7655.60000,1394.00000
2026-08-20 18:30:00+00:00,7655.35000,7656.35000,7652.35000,7655.85000,1122.00000
2026-08-20 18:45:00+00:00,7655.60000,7658.60000,7652.35000,7652.35000,976.00000
2026-08-20 19:00:00+00:00,7652.60000,7657.35000,7652.10000,7655.60000,1146.00000
2026-08-20 19:15:00+00:00,7655.85000,7658.35000,7652.60000,7655.35000,962.00000
2026-08-20 19:30:00+00:00,7655.60000,7656.85000,7650.10000,7651.35000,1112.00000
2026-08-20 19:45:00+00:00,7651.60000,7654.60000,7640.82000,7647.07000,2432.00000
2026-08-20 20:00:00+00:00,7647.57000,7649.32000,7642.82000,7643.57000,814.00000
2026-08-20 20:15:00+00:00,7643.32000,7646.32000,7639.82000,7644.82000,394.00000
2026-08-20 20:30:00+00:00,7644.57000,7649.32000,7644.07000,7648.07000,330.00000
2026-08-20 20:45:00+00:00,7648.32000,7649.82000,7647.57000,7649.07000,202.00000
2026-08-20 22:00:00+00:00,7653.58000,7653.83000,7645.83000,7646.58000,1180.00000
2026-08-20 22:15:00+00:00,7646.33000,7648.83000,7646.33000,7648.08000,506.00000
2026-08-20 22:30:00+00:00,7648.33000,7649.83000,7646.58000,7649.58000,424.00000
2026-08-20 22:45:00+00:00,7649.33000,7652.08000,7649.08000,7651.83000,352.00000
2026-08-20 23:00:00+00:00,7651.70000,7651.83000,7650.33000,7650.70000,322.00000
2026-08-20 23:15:00+00:00,7650.83000,7651.58000,7649.83000,7650.33000,190.00000
2026-08-20 23:30:00+00:00,7650.08000,7651.08000,7648.33000,7650.33000,412.00000
2026-08-20 23:45:00+00:00,7650.20000,7650.33000,7646.58000,7648.70000,1642.00000
2026-08-21 00:00:00+00:00,7648.58000,7655.33000,7647.95000,7655.08000,2464.00000
2026-08-21 00:15:00+00:00,7654.95000,7654.95000,7648.08000,7649.33000,1570.00000
2026-08-21 00:30:00+00:00,7649.58000,7652.20000,7648.08000,7650.83000,1488.00000
2026-08-21 00:45:00+00:00,7650.70000,7651.83000,7646.83000,7647.08000,1824.00000
2026-08-21 01:00:00+00:00,7646.95000,7649.08000,7643.83000,7647.58000,2334.00000
2026-08-21 01:15:00+00:00,7647.70000,7650.33000,7645.83000,7648.08000,2296.00000
2026-08-21 01:30:00+00:00,7648.20000,7650.08000,7645.83000,7648.83000,1884.00000
2026-08-21 01:45:00+00:00,7648.95000,7651.58000,7646.83000,7649.58000,1100.00000
2026-08-21 02:00:00+00:00,7649.70000,7652.08000,7649.08000,7652.08000,872.00000
2026-08-21 02:15:00+00:00,7652.33000,7655.33000,7651.33000,7654.20000,702.00000
2026-08-21 02:30:00+00:00,7654.33000,7655.08000,7652.58000,7653.08000,648.00000
2026-08-21 02:45:00+00:00,7652.95000,7655.08000,7652.33000,7653.33000,712.00000
2026-08-21 03:00:00+00:00,7653.58000,7654.08000,7650.08000,7650.33000,670.00000
2026-08-21 03:15:00+00:00,7650.20000,7651.58000,7649.20000,7650.83000,668.00000
2026-08-21 03:30:00+00:00,7650.95000,7653.33000,7650.45000,7650.83000,946.00000
2026-08-21 03:45:00+00:00,7650.58000,7651.83000,7649.08000,7650.58000,860.00000
2026-08-21 04:00:00+00:00,7650.45000,7652.33000,7650.33000,7652.08000,822.00000
2026-08-21 04:15:00+00:00,7651.95000,7652.33000,7648.33000,7648.33000,814.00000
2026-08-21 04:30:00+00:00,7648.08000,7649.08000,7646.83000,7647.83000,638.00000
2026-08-21 04:45:00+00:00,7647.95000,7652.08000,7647.83000,7651.33000,626.00000
2026-08-21 05:00:00+00:00,7651.58000,7652.83000,7650.58000,7652.33000,540.00000
2026-08-21 05:15:00+00:00,7652.08000,7653.58000,7649.58000,7649.58000,510.00000
2026-08-21 05:30:00+00:00,7649.83000,7652.83000,7649.08000,7650.83000,826.00000
2026-08-21 05:45:00+00:00,7650.58000,7651.08000,7648.33000,7650.83000,778.00000
2026-08-21 06:00:00+00:00,7650.58000,7652.36000,7649.58000,7652.11000,866.00000
2026-08-21 06:15:00+00:00,7652.23000,7652.98000,7651.11000,7652.61000,486.00000
2026-08-21 06:30:00+00:00,7652.73000,7657.61000,7652.36000,7652.61000,580.00000
2026-08-21 06:45:00+00:00,7652.86000,7656.36000,7651.61000,7656.11000,788.00000
2026-08-21 07:00:00+00:00,7655.86000,7660.36000,7653.61000,7660.36000,1242.00000
2026-08-21 07:15:00+00:00,7660.11000,7661.61000,7658.61000,7659.11000,874.00000
2026-08-21 07:30:00+00:00,7658.98000,7664.61000,7658.61000,7661.86000,894.00000
2026-08-21 07:45:00+00:00,7661.73000,7664.61000,7661.11000,7664.36000,766.00000
2026-08-21 08:00:00+00:00,7664.61000,7665.98000,7660.36000,7662.11000,1560.00000
2026-08-21 08:15:00+00:00,7662.36000,7666.61000,7661.11000,7666.11000,1246.00000
2026-08-21 08:30:00+00:00,7665.86000,7669.11000,7665.61000,7668.86000,994.00000
2026-08-21 08:45:00+00:00,7668.98000,7671.36000,7668.11000,7669.98000,718.00000
2026-08-21 09:00:00+00:00,7670.11000,7670.36000,7664.61000,7668.61000,1112.00000
2026-08-21 09:15:00+00:00,7668.36000,7669.36000,7667.36000,7667.61000,502.00000
2026-08-21 09:30:00+00:00,7667.86000,7670.86000,7666.86000,7669.86000,550.00000
2026-08-21 09:45:00+00:00,7670.11000,7671.36000,7668.61000,7670.36000,554.00000
2026-08-21 10:00:00+00:00,7670.61000,7674.61000,7668.11000,7669.36000,884.00000
2026-08-21 10:15:00+00:00,7669.11000,7671.36000,7668.11000,7671.23000,726.00000
2026-08-21 10:30:00+00:00,7671.36000,7671.48000,7669.11000,7669.36000,588.00000
2026-08-21 10:45:00+00:00,7669.61000,7671.36000,7669.36000,7670.86000,494.00000
2026-08-21 11:00:00+00:00,7670.61000,7671.86000,7667.36000,7669.98000,902.00000
2026-08-21 11:15:00+00:00,7670.11000,7680.61000,7670.11000,7679.11000,1792.00000
2026-08-21 11:30:00+00:00,7679.23000,7681.86000,7676.61000,7681.11000,1918.00000
2026-08-21 11:45:00+00:00,7680.86000,7681.11000,7676.11000,7677.36000,708.00000
2026-08-21 12:00:00+00:00,7677.48000,7679.11000,7675.36000,7676.61000,818.00000
2026-08-21 12:15:00+00:00,7676.36000,7683.36000,7675.86000,7683.36000,714.00000
2026-08-21 12:30:00+00:00,7683.11000,7686.86000,7680.61000,7686.61000,908.00000
2026-08-21 12:45:00+00:00,7686.86000,7686.86000,7682.61000,7683.36000,530.00000
2026-08-21 13:00:00+00:00,7683.48000,7684.86000,7673.36000,7674.36000,822.00000
2026-08-21 13:15:00+00:00,7674.23000,7678.73000,7667.86000,7678.61000,1806.00000
2026-08-21 13:30:00+00:00,7676.84000,7677.86000,7663.86000,7669.11000,4660.00000
2026-08-21 13:45:00+00:00,7668.61000,7671.86000,7659.36000,7663.11000,3538.00000
2026-08-21 14:00:00+00:00,7663.36000,7673.11000,7662.86000,7664.86000,3168.00000
2026-08-21 14:15:00+00:00,7665.11000,7669.86000,7662.36000,7664.11000,2906.00000
2026-08-21 14:30:00+00:00,7664.36000,7666.61000,7659.86000,7663.86000,2710.00000
2026-08-21 14:45:00+00:00,7663.61000,7676.36000,7663.11000,7676.11000,2520.00000
2026-08-21 15:00:00+00:00,7675.86000,7681.86000,7674.86000,7674.86000,2195.00000
2026-08-21 15:15:00+00:00,7675.11000,7677.86000,7672.11000,7677.36000,1550.00000
2026-08-21 15:30:00+00:00,7677.11000,7692.36000,7676.11000,7690.86000,1662.00000
2026-08-21 15:45:00+00:00,7691.11000,7696.36000,7687.36000,7689.86000,1394.00000
2026-08-21 16:00:00+00:00,7689.61000,7690.98000,7680.11000,7680.11000,1520.00000
2026-08-21 16:15:00+00:00,7679.86000,7687.86000,7676.36000,7682.86000,2104.00000
2026-08-21 16:30:00+00:00,7682.73000,7683.36000,7677.86000,7681.36000,1082.00000
2026-08-21 16:45:00+00:00,7680.86000,7681.86000,7675.61000,7681.61000,996.00000
2026-08-21 17:00:00+00:00,7681.86000,7683.11000,7678.61000,7679.86000,1088.00000
2026-08-21 17:15:00+00:00,7679.61000,7680.61000,7674.86000,7676.11000,1134.00000
2026-08-21 17:30:00+00:00,7676.36000,7676.86000,7672.61000,7674.61000,976.00000
2026-08-21 17:45:00+00:00,7674.86000,7676.61000,7672.11000,7672.11000,864.00000
2026-08-21 18:00:00+00:00,7672.36000,7675.11000,7670.61000,7671.11000,886.00000
2026-08-21 18:15:00+00:00,7671.36000,7673.86000,7670.36000,7670.61000,648.00000
2026-08-21 18:30:00+00:00,7670.36000,7672.86000,7668.36000,7671.86000,766.00000
2026-08-21 18:45:00+00:00,7671.61000,7680.11000,7671.11000,7679.61000,720.00000
2026-08-21 19:00:00+00:00,7679.73000,7681.36000,7676.36000,7678.11000,974.00000
2026-08-21 19:15:00+00:00,7677.86000,7679.86000,7676.11000,7678.11000,528.00000
2026-08-21 19:30:00+00:00,7678.36000,7682.11000,7677.36000,7682.11000,706.00000
2026-08-21 19:45:00+00:00,7681.61000,7685.36000,7671.58000,7674.08000,1646.00000
2026-08-21 20:00:00+00:00,7674.45000,7674.58000,7671.33000,7673.33000,570.00000
2026-08-21 20:15:00+00:00,7673.58000,7674.33000,7670.08000,7670.08000,250.00000
2026-08-21 20:30:00+00:00,7670.33000,7672.33000,7670.20000,7672.08000,146.00000
2026-08-21 20:45:00+00:00,7672.33000,7672.33000,7669.58000,7670.08000,134.00000
2026-08-23 22:00:00+00:00,7678.84000,7678.97000,7666.84000,7669.22000,2098.00000
2026-08-23 22:15:00+00:00,7668.97000,7670.47000,7666.84000,7668.97000,586.00000
2026-08-23 22:30:00+00:00,7668.84000,7674.22000,7668.47000,7674.22000,732.00000
2026-08-23 22:45:00+00:00,7674.34000,7675.47000,7674.22000,7674.72000,526.00000
2026-08-23 23:00:00+00:00,7674.34000,7675.72000,7674.22000,7674.97000,280.00000
2026-08-23 23:15:00+00:00,7674.72000,7679.97000,7674.47000,7679.97000,382.00000
2026-08-23 23:30:00+00:00,7679.72000,7681.97000,7679.72000,7679.72000,578.00000
2026-08-23 23:45:00+00:00,7679.97000,7687.47000,7679.72000,7687.22000,1480.00000
2026-08-24 00:00:00+00:00,7687.09000,7688.47000,7682.34000,7683.22000,3204.00000
2026-08-24 00:15:00+00:00,7682.97000,7683.47000,7670.22000,7674.22000,2890.00000
2026-08-24 00:30:00+00:00,7674.34000,7675.34000,7671.97000,7672.97000,2394.00000
2026-08-24 00:45:00+00:00,7673.09000,7682.97000,7672.22000,7682.47000,2194.00000
2026-08-24 01:00:00+00:00,7682.72000,7687.47000,7681.22000,7686.22000,2504.00000
2026-08-24 01:15:00+00:00,7686.09000,7687.47000,7682.09000,7682.47000,2012.00000
2026-08-24 01:30:00+00:00,7682.72000,7683.72000,7679.47000,7681.97000,2116.00000
2026-08-24 01:45:00+00:00,7681.84000,7684.47000,7675.47000,7675.47000,2176.00000
2026-08-24 02:00:00+00:00,7675.22000,7680.59000,7672.22000,7679.97000,2750.00000
2026-08-24 02:15:00+00:00,7680.22000,7681.47000,7678.34000,7679.97000,1936.00000
2026-08-24 02:30:00+00:00,7680.22000,7681.47000,7678.97000,7681.22000,1670.00000
2026-08-24 02:45:00+00:00,7681.47000,7682.47000,7677.97000,7681.72000,1886.00000
2026-08-24 03:00:00+00:00,7681.22000,7681.47000,7673.22000,7673.97000,1378.00000
2026-08-24 03:15:00+00:00,7673.84000,7675.72000,7673.47000,7673.97000,902.00000
2026-08-24 03:30:00+00:00,7673.72000,7673.97000,7670.22000,7670.22000,1500.00000
2026-08-24 03:45:00+00:00,7669.97000,7672.22000,7667.47000,7667.97000,1350.00000
2026-08-24 04:00:00+00:00,7668.09000,7669.72000,7666.97000,7669.72000,980.00000
2026-08-24 04:15:00+00:00,7669.97000,7669.97000,7665.72000,7668.47000,1428.00000
2026-08-24 04:30:00+00:00,7668.34000,7669.47000,7665.72000,7668.84000,1920.00000
2026-08-24 04:45:00+00:00,7668.97000,7668.97000,7664.72000,7664.84000,1350.00000
2026-08-24 05:00:00+00:00,7664.97000,7670.47000,7664.72000,7670.34000,1552.00000
2026-08-24 05:15:00+00:00,7670.22000,7670.22000,7665.47000,7665.47000,1406.00000
2026-08-24 05:30:00+00:00,7665.59000,7666.97000,7660.47000,7663.47000,1662.00000
2026-08-24 05:45:00+00:00,7663.34000,7664.22000,7660.22000,7661.59000,1612.00000
2026-08-24 06:00:00+00:00,7661.47000,7663.72000,7657.00000,7658.25000,1808.00000
2026-08-24 06:15:00+00:00,7658.50000,7661.25000,7654.00000,7658.37000,1692.00000
2026-08-24 06:30:00+00:00,7658.25000,7660.50000,7656.25000,7656.75000,1288.00000
2026-08-24 06:45:00+00:00,7656.62000,7660.75000,7656.00000,7658.50000,938.00000
2026-08-24 07:00:00+00:00,7658.25000,7663.50000,7657.00000,7663.00000,2224.00000
2026-08-24 07:15:00+00:00,7663.12000,7664.50000,7660.00000,7660.25000,1424.00000
2026-08-24 07:30:00+00:00,7660.12000,7664.50000,7657.50000,7657.50000,1694.00000
2026-08-24 07:45:00+00:00,7657.75000,7659.87000,7655.75000,7656.00000,1440.00000
2026-08-24 08:00:00+00:00,7656.50000,7666.25000,7653.75000,7660.87000,2966.00000
2026-08-24 08:15:00+00:00,7660.75000,7664.75000,7659.37000,7662.25000,1990.00000
2026-08-24 08:30:00+00:00,7662.37000,7668.12000,7661.50000,7667.50000,1546.00000
2026-08-24 08:45:00+00:00,7667.37000,7669.25000,7665.75000,7665.75000,1114.00000
2026-08-24 09:00:00+00:00,7665.62000,7669.50000,7663.75000,7667.25000,966.00000
2026-08-24 09:15:00+00:00,7667.50000,7667.75000,7663.00000,7663.62000,678.00000
2026-08-24 09:30:00+00:00,7663.75000,7667.00000,7663.50000,7666.00000,820.00000
2026-08-24 09:45:00+00:00,7666.12000,7667.75000,7664.75000,7665.50000,708.00000
2026-08-24 10:00:00+00:00,7665.75000,7667.00000,7661.75000,7662.00000,828.00000
2026-08-24 10:15:00+00:00,7662.25000,7665.00000,7660.62000,7661.25000,736.00000
2026-08-24 10:30:00+00:00,7661.00000,7665.25000,7658.50000,7659.75000,984.00000
2026-08-24 10:45:00+00:00,7659.62000,7660.00000,7655.00000,7655.50000,792.00000
2026-08-24 11:00:00+00:00,7655.37000,7656.75000,7649.50000,7652.87000,1546.00000
2026-08-24 11:15:00+00:00,7653.00000,7657.00000,7652.50000,7655.25000,1082.00000
2026-08-24 11:30:00+00:00,7655.50000,7671.50000,7655.37000,7666.50000,3662.00000
2026-08-24 11:45:00+00:00,7666.25000,7666.37000,7661.50000,7665.00000,1706.00000
2026-08-24 12:00:00+00:00,7664.25000,7665.00000,7661.00000,7662.25000,1304.00000
2026-08-24 12:15:00+00:00,7662.00000,7666.25000,7661.00000,7666.00000,1264.00000
2026-08-24 12:30:00+00:00,7665.87000,7667.12000,7654.50000,7661.25000,2456.00000
2026-08-24 12:45:00+00:00,7661.50000,7664.75000,7660.75000,7663.00000,1380.00000
2026-08-24 13:00:00+00:00,7662.87000,7665.00000,7662.00000,7662.25000,1222.00000
2026-08-24 13:15:00+00:00,7662.50000,7667.00000,7661.12000,7666.75000,1454.00000
2026-08-24 13:30:00+00:00,7667.00000,7667.25000,7641.25000,7641.25000,5372.00000
2026-08-24 13:45:00+00:00,7641.00000,7656.12000,7640.25000,7653.75000,4432.00000
2026-08-24 14:00:00+00:00,7654.00000,7659.00000,7644.75000,7649.25000,3602.00000
2026-08-24 14:15:00+00:00,7649.50000,7654.25000,7645.75000,7648.50000,2616.00000
2026-08-24 14:30:00+00:00,7648.25000,7660.50000,7647.00000,7656.25000,2492.00000
2026-08-24 14:45:00+00:00,7656.50000,7658.75000,7653.50000,7656.00000,2094.00000
2026-08-24 15:00:00+00:00,7655.75000,7657.50000,7646.00000,7646.50000,1972.00000
2026-08-24 15:15:00+00:00,7646.25000,7659.25000,7643.00000,7656.50000,2158.00000
2026-08-24 15:30:00+00:00,7656.75000,7663.62000,7653.25000,7661.75000,2244.00000
2026-08-24 15:45:00+00:00,7661.87000,7666.50000,7661.25000,7664.50000,1426.00000
2026-08-24 16:00:00+00:00,7664.75000,7670.50000,7663.50000,7665.75000,1616.00000
2026-08-24 16:15:00+00:00,7665.62000,7671.50000,7665.50000,7668.25000,1118.00000
2026-08-24 16:30:00+00:00,7668.50000,7669.25000,7661.25000,7662.25000,930.00000
2026-08-24 16:45:00+00:00,7662.50000,7663.75000,7660.50000,7661.25000,928.00000
2026-08-24 17:00:00+00:00,7661.50000,7667.00000,7658.00000,7664.25000,1414.00000
2026-08-24 17:15:00+00:00,7664.00000,7665.00000,7652.50000,7653.25000,1666.00000
2026-08-24 17:30:00+00:00,7653.00000,7654.75000,7650.25000,7650.25000,1210.00000
2026-08-24 17:45:00+00:00,7650.37000,7654.25000,7649.75000,7652.00000,900.00000
2026-08-24 18:00:00+00:00,7652.25000,7662.00000,7652.00000,7661.75000,1070.00000
2026-08-24 18:15:00+00:00,7662.00000,7667.75000,7660.50000,7667.25000,1128.00000
2026-08-24 18:30:00+00:00,7667.50000,7670.25000,7660.50000,7662.50000,1096.00000
2026-08-24 18:45:00+00:00,7662.75000,7663.75000,7659.25000,7659.25000,762.00000
2026-08-24 19:00:00+00:00,7659.00000,7661.50000,7657.75000,7660.50000,910.00000
2026-08-24 19:15:00+00:00,7660.25000,7661.75000,7658.75000,7659.25000,670.00000
2026-08-24 19:30:00+00:00,7659.50000,7662.00000,7655.25000,7656.50000,732.00000
2026-08-24 19:45:00+00:00,7656.25000,7659.25000,7653.25000,7654.72000,1620.00000
2026-08-24 20:00:00+00:00,7655.09000,7658.47000,7653.22000,7655.97000,582.00000
2026-08-24 20:15:00+00:00,7656.22000,7656.22000,7651.72000,7651.97000,290.00000
2026-08-24 20:30:00+00:00,7651.72000,7656.47000,7651.72000,7656.22000,136.00000
2026-08-24 20:45:00+00:00,7656.47000,7659.97000,7655.22000,7659.22000,200.00000
2026-08-24 22:00:00+00:00,7661.31000,7662.44000,7659.06000,7659.69000,886.00000
2026-08-24 22:15:00+00:00,7659.81000,7660.69000,7659.44000,7659.81000,338.00000
2026-08-24 22:30:00+00:00,7659.94000,7660.31000,7658.81000,7659.19000,290.00000
2026-08-24 22:45:00+00:00,7659.31000,7660.19000,7658.94000,7659.94000,160.00000
2026-08-24 23:00:00+00:00,7660.06000,7660.94000,7659.44000,7660.94000,146.00000
2026-08-24 23:15:00+00:00,7660.69000,7661.19000,7657.94000,7658.19000,254.00000
2026-08-24 23:30:00+00:00,7658.06000,7658.19000,7653.44000,7654.69000,492.00000
2026-08-24 23:45:00+00:00,7654.81000,7656.69000,7653.94000,7656.19000,1358.00000
2026-08-25 00:00:00+00:00,7655.94000,7656.69000,7649.19000,7649.94000,2448.00000
2026-08-25 00:15:00+00:00,7649.81000,7653.94000,7645.94000,7653.69000,1948.00000
2026-08-25 00:30:00+00:00,7653.56000,7659.69000,7652.94000,7658.94000,2058.00000
2026-08-25 00:45:00+00:00,7658.81000,7661.19000,7656.94000,7659.19000,1834.00000
2026-08-25 01:00:00+00:00,7659.31000,7660.94000,7657.94000,7659.69000,1884.00000
2026-08-25 01:15:00+00:00,7659.81000,7660.69000,7656.19000,7657.94000,1668.00000
2026-08-25 01:30:00+00:00,7657.69000,7662.44000,7657.44000,7660.19000,2136.00000
2026-08-25 01:45:00+00:00,7660.44000,7661.81000,7658.69000,7658.94000,1532.00000
2026-08-25 02:00:00+00:00,7658.69000,7660.69000,7653.69000,7655.19000,1352.00000
2026-08-25 02:15:00+00:00,7655.06000,7657.94000,7653.69000,7657.44000,1318.00000
2026-08-25 02:30:00+00:00,7657.19000,7660.94000,7656.44000,7657.69000,1818.00000
2026-08-25 02:45:00+00:00,7657.81000,7657.94000,7652.19000,7653.56000,1282.00000
2026-08-25 03:00:00+00:00,7653.44000,7662.69000,7653.44000,7660.44000,1640.00000
2026-08-25 03:15:00+00:00,7660.31000,7663.19000,7660.31000,7662.94000,1184.00000
2026-08-25 03:30:00+00:00,7662.81000,7664.19000,7661.44000,7661.69000,950.00000
2026-08-25 03:45:00+00:00,7661.81000,7661.81000,7659.06000,7660.69000,788.00000
2026-08-25 04:00:00+00:00,7660.44000,7663.94000,7660.19000,7663.81000,970.00000
2026-08-25 04:15:00+00:00,7663.94000,7663.94000,7662.69000,7663.44000,554.00000
2026-08-25 04:30:00+00:00,7663.31000,7664.94000,7662.69000,7664.06000,836.00000
2026-08-25 04:45:00+00:00,7663.94000,7664.69000,7660.94000,7662.44000,1024.00000
2026-08-25 05:00:00+00:00,7662.19000,7665.44000,7661.56000,7663.44000,1222.00000
2026-08-25 05:15:00+00:00,7663.31000,7665.44000,7663.31000,7664.44000,924.00000
2026-08-25 05:30:00+00:00,7664.69000,7665.94000,7663.19000,7663.19000,992.00000
2026-08-25 05:45:00+00:00,7662.94000,7666.69000,7662.69000,7665.69000,1004.00000
2026-08-25 06:00:00+00:00,7665.44000,7668.72000,7665.44000,7666.97000,938.00000
2026-08-25 06:15:00+00:00,7667.22000,7672.47000,7665.97000,7670.84000,766.00000
2026-08-25 06:30:00+00:00,7670.72000,7673.47000,7669.22000,7673.22000,754.00000
2026-08-25 06:45:00+00:00,7673.47000,7675.22000,7670.97000,7675.22000,626.00000
2026-08-25 07:00:00+00:00,7675.47000,7678.09000,7672.97000,7673.47000,1116.00000
2026-08-25 07:15:00+00:00,7673.59000,7675.22000,7667.97000,7670.47000,990.00000
2026-08-25 07:30:00+00:00,7670.34000,7672.09000,7668.97000,7671.47000,1034.00000
2026-08-25 07:45:00+00:00,7671.72000,7671.72000,7667.22000,7668.22000,788.00000
2026-08-25 08:00:00+00:00,7668.34000,7670.72000,7666.22000,7666.97000,1286.00000
2026-08-25 08:15:00+00:00,7667.22000,7685.34000,7667.09000,7677.09000,3132.00000
2026-08-25 08:30:00+00:00,7676.97000,7680.72000,7674.72000,7678.22000,1838.00000
2026-08-25 08:45:00+00:00,7678.47000,7682.97000,7678.22000,7682.47000,1308.00000
2026-08-25 09:00:00+00:00,7682.72000,7686.47000,7680.22000,7684.72000,1568.00000
2026-08-25 09:15:00+00:00,7684.59000,7686.22000,7683.09000,7684.72000,934.00000
2026-08-25 09:30:00+00:00,7684.97000,7694.97000,7684.47000,7690.72000,2432.00000
2026-08-25 09:45:00+00:00,7690.47000,7699.34000,7689.97000,7695.09000,1666.00000
2026-08-25 10:00:00+00:00,7694.97000,7695.72000,7690.59000,7693.22000,1098.00000
2026-08-25 10:15:00+00:00,7693.34000,7693.47000,7688.84000,7689.22000,570.00000
2026-08-25 10:30:00+00:00,7689.34000,7689.97000,7685.72000,7685.72000,678.00000
2026-08-25 10:45:00+00:00,7685.59000,7688.47000,7685.59000,7687.72000,650.00000
2026-08-25 11:00:00+00:00,7687.47000,7687.97000,7678.72000,7684.22000,1114.00000
2026-08-25 11:15:00+00:00,7684.47000,7685.47000,7682.22000,7684.47000,866.00000
2026-08-25 11:30:00+00:00,7684.59000,7688.22000,7684.22000,7687.22000,746.00000
2026-08-25 11:45:00+00:00,7687.09000,7692.22000,7686.97000,7690.47000,1024.00000
2026-08-25 12:00:00+00:00,7690.22000,7691.22000,7686.97000,7689.72000,1148.00000
2026-08-25 12:15:00+00:00,7689.47000,7694.47000,7689.09000,7690.97000,896.00000
2026-08-25 12:30:00+00:00,7690.72000,7690.97000,7680.47000,7682.97000,960.00000
2026-08-25 12:45:00+00:00,7682.84000,7685.47000,7681.97000,7683.47000,598.00000
2026-08-25 13:00:00+00:00,7683.72000,7685.97000,7680.97000,7683.72000,1110.00000
2026-08-25 13:15:00+00:00,7683.97000,7686.22000,7680.72000,7680.72000,1288.00000
2026-08-25 13:30:00+00:00,7680.47000,7686.72000,7677.72000,7680.22000,4228.00000
2026-08-25 13:45:00+00:00,7680.47000,7685.97000,7673.72000,7675.47000,3020.00000
2026-08-25 14:00:00+00:00,7675.22000,7676.72000,7669.72000,7670.47000,2804.00000
2026-08-25 14:15:00+00:00,7670.22000,7674.97000,7665.47000,7665.72000,2128.00000
2026-08-25 14:30:00+00:00,7665.47000,7669.22000,7649.09000,7662.22000,3039.00000
2026-08-25 14:45:00+00:00,7661.72000,7667.22000,7658.97000,7665.72000,1970.00000
2026-08-25 15:00:00+00:00,7665.97000,7666.72000,7661.72000,7664.47000,2126.00000
2026-08-25 15:15:00+00:00,7664.72000,7672.47000,7663.47000,7671.72000,1430.00000
2026-08-25 15:30:00+00:00,7671.97000,7676.59000,7667.72000,7670.72000,1932.00000
2026-08-25 15:45:00+00:00,7670.47000,7674.72000,7664.47000,7673.22000,1536.00000
2026-08-25 16:00:00+00:00,7672.97000,7676.97000,7671.97000,7673.97000,1096.00000
2026-08-25 16:15:00+00:00,7673.72000,7676.72000,7672.47000,7676.22000,696.00000
2026-08-25 16:30:00+00:00,7675.97000,7678.22000,7673.72000,7674.47000,678.00000
2026-08-25 16:45:00+00:00,7674.72000,7677.59000,7671.97000,7676.47000,874.00000
2026-08-25 17:00:00+00:00,7676.34000,7677.22000,7667.97000,7671.47000,1208.00000
2026-08-25 17:15:00+00:00,7671.22000,7672.97000,7664.97000,7666.72000,908.00000
2026-08-25 17:30:00+00:00,7666.97000,7668.97000,7665.97000,7667.22000,844.00000
2026-08-25 17:45:00+00:00,7667.47000,7670.22000,7666.97000,7668.97000,544.00000
2026-08-25 18:00:00+00:00,7668.72000,7669.22000,7666.47000,7666.47000,650.00000
2026-08-25 18:15:00+00:00,7666.72000,7668.47000,7665.72000,7668.22000,444.00000
2026-08-25 18:30:00+00:00,7668.47000,7674.47000,7668.47000,7674.22000,636.00000
2026-08-25 18:45:00+00:00,7674.47000,7677.47000,7673.97000,7674.97000,714.00000
2026-08-25 19:00:00+00:00,7675.22000,7676.97000,7669.47000,7669.72000,616.00000
2026-08-25 19:15:00+00:00,7669.47000,7670.47000,7667.47000,7669.97000,644.00000
2026-08-25 19:30:00+00:00,7670.22000,7674.72000,7668.72000,7672.22000,718.00000
2026-08-25 19:45:00+00:00,7672.47000,7680.47000,7670.72000,7676.69000,1592.00000
2026-08-25 20:00:00+00:00,7677.44000,7678.94000,7674.69000,7677.69000,544.00000
2026-08-25 20:15:00+00:00,7677.94000,7681.44000,7676.94000,7679.94000,310.00000
2026-08-25 20:30:00+00:00,7680.19000,7680.94000,7677.19000,7677.19000,190.00000
2026-08-25 20:45:00+00:00,7676.94000,7677.44000,7675.44000,7676.69000,244.00000
2026-08-25 22:00:00+00:00,7679.07000,7680.07000,7677.07000,7678.32000,666.00000
2026-08-25 22:15:00+00:00,7678.07000,7679.57000,7677.07000,7679.32000,200.00000
2026-08-25 22:30:00+00:00,7679.57000,7679.82000,7678.32000,7679.07000,112.00000
2026-08-25 22:45:00+00:00,7678.82000,7679.32000,7678.32000,7678.57000,122.00000
2026-08-25 23:00:00+00:00,7678.82000,7679.07000,7677.82000,7677.82000,160.00000
2026-08-25 23:15:00+00:00,7677.94000,7678.07000,7674.07000,7674.07000,188.00000
2026-08-25 23:30:00+00:00,7674.32000,7674.57000,7670.57000,7671.32000,228.00000
2026-08-25 23:45:00+00:00,7671.07000,7671.07000,7667.07000,7668.32000,748.00000
2026-08-26 00:00:00+00:00,7668.07000,7670.69000,7665.82000,7667.82000,2760.00000
2026-08-26 00:15:00+00:00,7667.69000,7672.32000,7665.82000,7667.19000,1356.00000
2026-08-26 00:30:00+00:00,7667.32000,7667.57000,7662.82000,7664.32000,1170.00000
2026-08-26 00:45:00+00:00,7664.19000,7665.57000,7660.07000,7660.57000,1232.00000
2026-08-26 01:00:00+00:00,7660.32000,7664.44000,7660.07000,7663.07000,1358.00000
2026-08-26 01:15:00+00:00,7662.94000,7663.69000,7659.32000,7659.82000,938.00000
2026-08-26 01:30:00+00:00,7660.07000,7661.07000,7657.32000,7659.57000,1346.00000
2026-08-26 01:45:00+00:00,7659.69000,7660.82000,7658.32000,7660.82000,884.00000
2026-08-26 02:00:00+00:00,7661.07000,7662.32000,7658.57000,7661.32000,688.00000
2026-08-26 02:15:00+00:00,7661.44000,7665.32000,7661.32000,7665.07000,528.00000
2026-08-26 02:30:00+00:00,7664.94000,7671.32000,7664.94000,7671.32000,614.00000
2026-08-26 02:45:00+00:00,7671.07000,7673.57000,7670.57000,7672.19000,552.00000
2026-08-26 03:00:00+00:00,7672.32000,7674.57000,7671.32000,7674.32000,568.00000
2026-08-26 03:15:00+00:00,7674.44000,7674.44000,7671.69000,7671.82000,412.00000
2026-08-26 03:30:00+00:00,7671.57000,7674.82000,7670.82000,7674.07000,824.00000
2026-08-26 03:45:00+00:00,7673.82000,7678.32000,7673.82000,7676.07000,798.00000
2026-08-26 04:00:00+00:00,7676.19000,7678.07000,7675.44000,7676.82000,588.00000
2026-08-26 04:15:00+00:00,7677.07000,7677.57000,7675.82000,7676.32000,322.00000
2026-08-26 04:30:00+00:00,7676.19000,7676.82000,7673.57000,7673.57000,424.00000
2026-08-26 04:45:00+00:00,7673.82000,7673.82000,7668.57000,7669.69000,686.00000
2026-08-26 05:00:00+00:00,7669.57000,7674.07000,7669.57000,7672.32000,1070.00000
2026-08-26 05:15:00+00:00,7672.44000,7672.82000,7670.32000,7672.44000,1092.00000
2026-08-26 05:30:00+00:00,7672.57000,7674.07000,7671.57000,7672.44000,1046.00000
2026-08-26 05:45:00+00:00,7672.32000,7672.32000,7670.32000,7671.57000,894.00000
2026-08-26 06:00:00+00:00,7671.69000,7672.57000,7667.10000,7669.10000,1030.00000
2026-08-26 06:15:00+00:00,7668.85000,7670.35000,7666.97000,7669.10000,916.00000
2026-08-26 06:30:00+00:00,7668.85000,7675.10000,7667.72000,7675.10000,834.00000
2026-08-26 06:45:00+00:00,7674.85000,7677.35000,7672.10000,7674.85000,832.00000
2026-08-26 07:00:00+00:00,7674.60000,7675.35000,7668.85000,7674.10000,1538.00000
2026-08-26 07:15:00+00:00,7674.35000,7675.10000,7668.85000,7669.35000,1188.00000
2026-08-26 07:30:00+00:00,7669.60000,7670.85000,7667.10000,7669.85000,1292.00000
2026-08-26 07:45:00+00:00,7669.60000,7672.85000,7669.10000,7672.35000,1056.00000
2026-08-26 08:00:00+00:00,7672.22000,7676.60000,7670.10000,7671.60000,1446.00000
2026-08-26 08:15:00+00:00,7671.47000,7675.35000,7669.35000,7675.35000,1250.00000
2026-08-26 08:30:00+00:00,7675.60000,7677.60000,7672.35000,7676.60000,1112.00000
2026-08-26 08:45:00+00:00,7676.35000,7676.60000,7672.10000,7675.10000,676.00000
2026-08-26 09:00:00+00:00,7675.35000,7676.22000,7672.47000,7672.85000,958.00000
2026-08-26 09:15:00+00:00,7672.97000,7673.60000,7669.60000,7671.35000,800.00000
2026-08-26 09:30:00+00:00,7671.47000,7674.10000,7671.35000,7673.10000,602.00000
2026-08-26 09:45:00+00:00,7672.85000,7675.85000,7672.85000,7675.35000,524.00000
2026-08-26 10:00:00+00:00,7675.10000,7675.60000,7670.60000,7670.85000,604.00000
2026-08-26 10:15:00+00:00,7671.10000,7672.85000,7670.10000,7670.10000,690.00000
2026-08-26 10:30:00+00:00,7670.22000,7676.35000,7668.35000,7673.85000,706.00000
2026-08-26 10:45:00+00:00,7673.60000,7675.35000,7672.60000,7673.47000,438.00000
2026-08-26 11:00:00+00:00,7673.35000,7677.35000,7673.35000,7676.60000,936.00000
2026-08-26 11:15:00+00:00,7676.35000,7680.60000,7674.35000,7676.35000,714.00000
2026-08-26 11:30:00+00:00,7676.47000,7678.35000,7670.35000,7672.60000,838.00000
2026-08-26 11:45:00+00:00,7672.72000,7674.60000,7669.35000,7674.10000,982.00000
2026-08-26 12:00:00+00:00,7674.35000,7674.60000,7671.85000,7674.35000,984.00000
2026-08-26 12:15:00+00:00,7674.22000,7682.72000,7671.60000,7682.60000,998.00000
2026-08-26 12:30:00+00:00,7682.72000,7682.85000,7666.35000,7667.35000,3536.00000
2026-08-26 12:45:00+00:00,7667.47000,7670.60000,7663.10000,7665.85000,2034.00000
2026-08-26 13:00:00+00:00,7665.72000,7668.60000,7663.35000,7668.35000,1356.00000
2026-08-26 13:15:00+00:00,7668.10000,7668.85000,7664.60000,7665.10000,1188.00000
2026-08-26 13:30:00+00:00,7665.85000,7684.10000,7665.85000,7681.97000,4826.00000
2026-08-26 13:45:00+00:00,7681.85000,7687.85000,7675.10000,7687.85000,2887.00000
2026-08-26 14:00:00+00:00,7687.60000,7688.35000,7679.60000,7680.60000,2144.00000
2026-08-26 14:15:00+00:00,7680.35000,7682.10000,7666.85000,7669.35000,2472.00000
2026-08-26 14:30:00+00:00,7669.10000,7674.60000,7667.60000,7672.35000,2116.00000
2026-08-26 14:45:00+00:00,7672.60000,7677.85000,7669.35000,7677.10000,1550.00000
2026-08-26 15:00:00+00:00,7677.35000,7683.35000,7676.85000,7681.35000,1388.00000
2026-08-26 15:15:00+00:00,7681.10000,7681.35000,7674.10000,7677.10000,1474.00000
2026-08-26 15:30:00+00:00,7676.85000,7680.10000,7669.85000,7679.35000,1488.00000
2026-08-26 15:45:00+00:00,7679.10000,7681.60000,7671.85000,7671.85000,1930.00000
2026-08-26 16:00:00+00:00,7671.72000,7672.85000,7667.35000,7668.85000,1776.00000
2026-08-26 16:15:00+00:00,7669.10000,7669.85000,7665.85000,7666.35000,832.00000
2026-08-26 16:30:00+00:00,7666.10000,7668.35000,7657.60000,7658.60000,1110.00000
2026-08-26 16:45:00+00:00,7658.35000,7666.10000,7657.85000,7665.85000,1102.00000
2026-08-26 17:00:00+00:00,7665.60000,7670.10000,7664.35000,7670.10000,868.00000
2026-08-26 17:15:00+00:00,7670.35000,7675.85000,7670.35000,7675.10000,788.00000
2026-08-26 17:30:00+00:00,7675.35000,7677.10000,7673.35000,7675.35000,696.00000
2026-08-26 17:45:00+00:00,7675.60000,7677.35000,7673.10000,7675.35000,586.00000
2026-08-26 18:00:00+00:00,7675.10000,7677.10000,7672.35000,7672.85000,590.00000
2026-08-26 18:15:00+00:00,7672.60000,7678.35000,7672.10000,7674.60000,612.00000
2026-08-26 18:30:00+00:00,7674.35000,7677.35000,7673.85000,7677.10000,484.00000
2026-08-26 18:45:00+00:00,7677.35000,7684.85000,7677.35000,7683.85000,824.00000
2026-08-26 19:00:00+00:00,7684.10000,7691.85000,7683.35000,7688.35000,1060.00000
2026-08-26 19:15:00+00:00,7688.60000,7691.35000,7686.85000,7687.85000,640.00000
2026-08-26 19:30:00+00:00,7687.60000,7688.10000,7684.85000,7685.85000,748.00000
2026-08-26 19:45:00+00:00,7685.60000,7690.60000,7673.57000,7678.57000,1780.00000
2026-08-26 20:00:00+00:00,7679.32000,7690.32000,7677.07000,7689.19000,2164.00000
2026-08-26 20:15:00+00:00,7689.69000,7692.94000,7676.82000,7684.07000,4160.00000
2026-08-26 20:30:00+00:00,7683.82000,7685.32000,7679.32000,7683.07000,1778.00000
2026-08-26 20:45:00+00:00,7683.32000,7695.57000,7682.69000,7695.57000,1008.00000
2026-08-26 22:00:00+00:00,7710.34000,7722.22000,7709.34000,7720.59000,2504.00000
2026-08-26 22:15:00+00:00,7720.47000,7725.84000,7718.72000,7725.47000,1220.00000
2026-08-26 22:30:00+00:00,7725.22000,7728.47000,7724.72000,7728.47000,634.00000
2026-08-26 22:45:00+00:00,7728.22000,7728.47000,7722.97000,7723.47000,619.00000
2026-08-26 23:00:00+00:00,7723.34000,7724.22000,7721.47000,7722.34000,512.00000
2026-08-26 23:15:00+00:00,7722.47000,7723.22000,7720.72000,7721.59000,444.00000
2026-08-26 23:30:00+00:00,7721.72000,7722.72000,7720.84000,7721.47000,330.00000
2026-08-26 23:45:00+00:00,7721.22000,7726.59000,7721.22000,7725.97000,986.00000
2026-08-27 00:00:00+00:00,7726.09000,7726.72000,7718.47000,7719.47000,1808.00000
2026-08-27 00:15:00+00:00,7719.22000,7719.97000,7716.47000,7719.47000,1340.00000
2026-08-27 00:30:00+00:00,7719.59000,7719.59000,7707.97000,7708.22000,1142.00000
2026-08-27 00:45:00+00:00,7707.97000,7708.72000,7701.97000,7703.72000,2198.00000
2026-08-27 01:00:00+00:00,7703.47000,7708.34000,7701.97000,7704.97000,2590.00000
2026-08-27 01:15:00+00:00,7704.84000,7710.72000,7704.72000,7710.47000,1608.00000
2026-08-27 01:30:00+00:00,7710.22000,7713.72000,7707.22000,7707.22000,1096.00000
2026-08-27 01:45:00+00:00,7707.47000,7713.97000,7707.22000,7711.72000,1070.00000
2026-08-27 02:00:00+00:00,7711.47000,7714.97000,7711.34000,7714.22000,974.00000
2026-08-27 02:15:00+00:00,7714.47000,7714.72000,7712.47000,7713.97000,910.00000
2026-08-27 02:30:00+00:00,7713.72000,7715.97000,7713.47000,7714.97000,654.00000
2026-08-27 02:45:00+00:00,7714.84000,7716.97000,7714.72000,7715.47000,552.00000
2026-08-27 03:00:00+00:00,7715.22000,7716.47000,7713.22000,7714.47000,550.00000
2026-08-27 03:15:00+00:00,7714.72000,7717.97000,7714.22000,7717.22000,648.00000
2026-08-27 03:30:00+00:00,7717.47000,7717.97000,7714.97000,7714.97000,680.00000
2026-08-27 03:45:00+00:00,7715.22000,7716.22000,7712.72000,7713.47000,914.00000
2026-08-27 04:00:00+00:00,7713.22000,7714.47000,7712.47000,7713.47000,708.00000
2026-08-27 04:15:00+00:00,7713.72000,7714.97000,7711.59000,7711.59000,678.00000
2026-08-27 04:30:00+00:00,7711.47000,7711.59000,7706.97000,7707.97000,814.00000
2026-08-27 04:45:00+00:00,7708.09000,7709.72000,7706.47000,7707.22000,744.00000
2026-08-27 05:00:00+00:00,7707.34000,7708.09000,7702.72000,7704.22000,910.00000
2026-08-27 05:15:00+00:00,7703.97000,7703.97000,7699.72000,7701.47000,998.00000
2026-08-27 05:30:00+00:00,7701.34000,7701.97000,7697.47000,7697.72000,1124.00000
2026-08-27 05:45:00+00:00,7697.97000,7700.47000,7697.47000,7699.47000,962.00000
2026-08-27 06:00:00+00:00,7699.72000,7699.72000,7694.25000,7698.00000,1074.00000
2026-08-27 06:15:00+00:00,7698.25000,7700.50000,7698.00000,7700.00000,748.00000
2026-08-27 06:30:00+00:00,7700.12000,7703.75000,7699.75000,7703.62000,636.00000
2026-08-27 06:45:00+00:00,7703.50000,7705.50000,7702.25000,7705.25000,590.00000
2026-08-27 07:00:00+00:00,7705.00000,7708.00000,7701.00000,7708.00000,1294.00000
2026-08-27 07:15:00+00:00,7708.25000,7708.75000,7705.50000,7708.75000,902.00000
2026-08-27 07:30:00+00:00,7708.62000,7709.25000,7703.25000,7704.25000,1328.00000
2026-08-27 07:45:00+00:00,7704.37000,7709.25000,7704.00000,7707.87000,930.00000
2026-08-27 08:00:00+00:00,7708.00000,7720.00000,7708.00000,7719.25000,1446.00000
2026-08-27 08:15:00+00:00,7719.12000,7722.00000,7714.25000,7721.75000,1086.00000
2026-08-27 08:30:00+00:00,7721.50000,7721.75000,7716.00000,7717.50000,1346.00000
2026-08-27 08:45:00+00:00,7717.75000,7721.25000,7715.00000,7715.37000,1126.00000
2026-08-27 09:00:00+00:00,7715.50000,7716.25000,7708.37000,7708.37000,2052.00000
2026-08-27 09:15:00+00:00,7708.50000,7713.50000,7706.25000,7712.25000,1266.00000
2026-08-27 09:30:00+00:00,7712.00000,7715.87000,7712.00000,7714.00000,884.00000
2026-08-27 09:45:00+00:00,7714.25000,7716.00000,7711.00000,7711.75000,766.00000
2026-08-27 10:00:00+00:00,7711.25000,7711.50000,7708.00000,7710.25000,1280.00000
2026-08-27 10:15:00+00:00,7710.50000,7711.25000,7707.00000,7707.50000,796.00000
2026-08-27 10:30:00+00:00,7707.75000,7710.50000,7705.50000,7710.00000,928.00000
2026-08-27 10:45:00+00:00,7710.25000,7711.75000,7707.00000,7711.50000,888.00000
2026-08-27 11:00:00+00:00,7711.37000,7717.00000,7709.25000,7715.50000,1606.00000
2026-08-27 11:15:00+00:00,7715.62000,7716.50000,7709.75000,7709.75000,1090.00000
2026-08-27 11:30:00+00:00,7709.50000,7712.25000,7705.25000,7708.25000,2018.00000
2026-08-27 11:45:00+00:00,7708.00000,7709.75000,7702.37000,7709.50000,1460.00000
2026-08-27 12:00:00+00:00,7709.25000,7713.75000,7708.50000,7713.00000,1344.00000
2026-08-27 12:15:00+00:00,7712.87000,7713.00000,7709.25000,7710.62000,1324.00000
2026-08-27 12:30:00+00:00,7710.50000,7710.62000,7699.25000,7699.62000,1894.00000
2026-08-27 12:45:00+00:00,7699.50000,7701.25000,7698.25000,7698.75000,1204.00000
2026-08-27 13:00:00+00:00,7698.50000,7702.75000,7697.75000,7700.50000,1192.00000
2026-08-27 13:15:00+00:00,7700.25000,7704.75000,7699.50000,7703.50000,1244.00000
2026-08-27 13:30:00+00:00,7704.25000,7710.75000,7690.25000,7710.75000,5688.00000
2026-08-27 13:45:00+00:00,7711.00000,7715.75000,7694.75000,7702.50000,5504.00000
2026-08-27 14:00:00+00:00,7702.75000,7709.62000,7699.25000,7705.25000,4618.00000
2026-08-27 14:15:00+00:00,7705.50000,7717.50000,7705.50000,7716.00000,2938.00000
2026-08-27 14:30:00+00:00,7715.75000,7719.25000,7709.50000,7715.00000,2782.00000
2026-08-27 14:45:00+00:00,7714.75000,7723.25000,7712.25000,7722.75000,2464.00000
2026-08-27 15:00:00+00:00,7723.00000,7727.50000,7721.25000,7727.25000,1612.00000
2026-08-27 15:15:00+00:00,7727.50000,7730.00000,7721.25000,7722.00000,1522.00000
2026-08-27 15:30:00+00:00,7722.25000,7725.00000,7714.75000,7715.25000,1936.00000
2026-08-27 15:45:00+00:00,7715.00000,7727.75000,7712.50000,7725.25000,1860.00000
2026-08-27 16:00:00+00:00,7725.37000,7728.75000,7723.25000,7725.00000,1318.00000
2026-08-27 16:15:00+00:00,7725.12000,7728.00000,7722.50000,7728.00000,1126.00000
2026-08-27 16:30:00+00:00,7727.75000,7736.75000,7727.25000,7735.75000,1020.00000
2026-08-27 16:45:00+00:00,7736.00000,7739.50000,7735.25000,7739.25000,980.00000
2026-08-27 17:00:00+00:00,7739.50000,7742.87000,7736.75000,7741.00000,968.00000
2026-08-27 17:15:00+00:00,7741.25000,7742.25000,7736.00000,7736.50000,744.00000
2026-08-27 17:30:00+00:00,7736.75000,7739.50000,7735.00000,7735.25000,868.00000
2026-08-27 17:45:00+00:00,7735.50000,7735.50000,7730.00000,7731.00000,1128.00000
2026-08-27 18:00:00+00:00,7731.25000,7732.75000,7718.50000,7721.50000,1854.00000
2026-08-27 18:15:00+00:00,7721.25000,7723.75000,7711.25000,7713.25000,1600.00000
2026-08-27 18:30:00+00:00,7713.75000,7719.75000,7712.75000,7717.50000,1362.00000
2026-08-27 18:45:00+00:00,7717.25000,7719.50000,7710.50000,7715.00000,1428.00000
2026-08-27 19:00:00+00:00,7715.12000,7720.75000,7714.00000,7717.50000,1346.00000
2026-08-27 19:15:00+00:00,7717.75000,7721.25000,7716.50000,7718.00000,1172.00000
2026-08-27 19:30:00+00:00,7718.25000,7725.50000,7717.25000,7725.25000,1048.00000
2026-08-27 19:45:00+00:00,7724.75000,7731.97000,7722.75000,7728.47000,2014.00000
2026-08-27 20:00:00+00:00,7728.72000,7730.72000,7722.72000,7722.72000,1288.00000
2026-08-27 20:15:00+00:00,7722.97000,7723.72000,7719.22000,7720.72000,348.00000
2026-08-27 20:30:00+00:00,7720.47000,7721.47000,7719.72000,7720.97000,236.00000
2026-08-27 20:45:00+00:00,7720.84000,7721.47000,7719.22000,7719.97000,214.00000
2026-08-27 22:00:00+00:00,7721.39000,7722.64000,7716.14000,7719.64000,922.00000
2026-08-27 22:15:00+00:00,7719.76000,7721.89000,7719.01000,7721.39000,516.00000
2026-08-27 22:30:00+00:00,7721.51000,7721.89000,7720.64000,7721.14000,272.00000
2026-08-27 22:45:00+00:00,7720.89000,7721.14000,7719.64000,7720.39000,238.00000
2026-08-27 23:00:00+00:00,7720.64000,7720.64000,7717.76000,7718.64000,446.00000
2026-08-27 23:15:00+00:00,7718.76000,7718.76000,7717.64000,7717.89000,262.00000
2026-08-27 23:30:00+00:00,7718.01000,7718.26000,7716.89000,7717.39000,332.00000
2026-08-27 23:45:00+00:00,7717.14000,7717.14000,7715.39000,7716.89000,356.00000
2026-08-28 00:00:00+00:00,7717.14000,7723.64000,7716.14000,7723.39000,1492.00000
2026-08-28 00:15:00+00:00,7723.26000,7723.89000,7720.01000,7723.89000,1370.00000
2026-08-28 00:30:00+00:00,7723.76000,7724.89000,7721.89000,7724.39000,798.00000
2026-08-28 00:45:00+00:00,7724.14000,7725.39000,7723.39000,7723.89000,706.00000
2026-08-28 01:00:00+00:00,7723.64000,7728.14000,7723.64000,7727.39000,716.00000
2026-08-28 01:15:00+00:00,7727.14000,7727.89000,7725.64000,7726.14000,514.00000
2026-08-28 01:30:00+00:00,7726.39000,7728.14000,7725.39000,7726.64000,758.00000
2026-08-28 01:45:00+00:00,7726.51000,7730.89000,7725.89000,7730.89000,534.00000
2026-08-28 02:00:00+00:00,7731.39000,7734.64000,7731.39000,7733.89000,544.00000
2026-08-28 02:15:00+00:00,7734.14000,7735.39000,7733.39000,7733.39000,344.00000
2026-08-28 02:30:00+00:00,7733.51000,7733.51000,7727.89000,7727.89000,392.00000
2026-08-28 02:45:00+00:00,7728.14000,7729.14000,7726.64000,7728.89000,356.00000
2026-08-28 03:00:00+00:00,7729.14000,7734.14000,7728.89000,7733.14000,300.00000
2026-08-28 03:15:00+00:00,7733.26000,7735.39000,7732.89000,7734.64000,146.00000
2026-08-28 03:30:00+00:00,7734.89000,7734.89000,7727.14000,7727.39000,370.00000
2026-08-28 03:45:00+00:00,7727.14000,7730.14000,7726.14000,7729.39000,490.00000
2026-08-28 04:00:00+00:00,7729.51000,7729.64000,7726.14000,7728.39000,564.00000
2026-08-28 04:15:00+00:00,7728.64000,7729.14000,7727.39000,7727.89000,372.00000
2026-08-28 04:30:00+00:00,7727.76000,7727.89000,7725.64000,7726.14000,290.00000
2026-08-28 04:45:00+00:00,7726.26000,7726.64000,7724.89000,7725.64000,324.00000
2026-08-28 05:00:00+00:00,7725.39000,7725.89000,7723.64000,7723.89000,626.00000
2026-08-28 05:15:00+00:00,7724.14000,7724.39000,7722.14000,7723.14000,476.00000
2026-08-28 05:30:00+00:00,7722.89000,7723.39000,7720.14000,7722.14000,676.00000
2026-08-28 05:45:00+00:00,7721.89000,7721.89000,7719.64000,7719.64000,320.00000
2026-08-28 06:00:00+00:00,7719.89000,7723.17000,7718.89000,7721.67000,584.00000
2026-08-28 06:15:00+00:00,7721.92000,7725.17000,7721.17000,7721.42000,626.00000
2026-08-28 06:30:00+00:00,7721.92000,7727.42000,7721.67000,7726.92000,690.00000
2026-08-28 06:45:00+00:00,7726.67000,7731.67000,7726.42000,7731.42000,518.00000
2026-08-28 07:00:00+00:00,7731.67000,7732.54000,7726.92000,7728.42000,1162.00000
2026-08-28 07:15:00+00:00,7728.67000,7731.17000,7727.92000,7729.92000,680.00000
2026-08-28 07:30:00+00:00,7730.17000,7731.17000,7726.67000,7727.42000,622.00000
2026-08-28 07:45:00+00:00,7727.17000,7731.42000,7727.17000,7728.42000,735.00000
2026-08-28 08:00:00+00:00,7728.29000,7729.17000,7724.42000,7726.17000,1398.00000
2026-08-28 08:15:00+00:00,7726.29000,7728.17000,7724.92000,7727.17000,736.00000
2026-08-28 08:30:00+00:00,7727.42000,7733.17000,7726.67000,7730.67000,746.00000
2026-08-28 08:45:00+00:00,7730.79000,7730.92000,7726.17000,7728.17000,870.00000
2026-08-28 09:00:00+00:00,7727.92000,7728.42000,7725.92000,7726.42000,684.00000
2026-08-28 09:15:00+00:00,7726.67000,7728.42000,7724.42000,7727.42000,486.00000
2026-08-28 09:30:00+00:00,7727.17000,7727.42000,7725.42000,7726.17000,446.00000
2026-08-28 09:45:00+00:00,7726.04000,7728.67000,7725.67000,7726.92000,426.00000
2026-08-28 10:00:00+00:00,7726.67000,7727.42000,7725.17000,7726.42000,632.00000
2026-08-28 10:15:00+00:00,7726.29000,7727.92000,7725.42000,7727.17000,506.00000
2026-08-28 10:30:00+00:00,7727.29000,7728.42000,7724.92000,7725.17000,582.00000
2026-08-28 10:45:00+00:00,7724.92000,7727.67000,7724.42000,7727.67000,528.00000
2026-08-28 11:00:00+00:00,7727.92000,7728.92000,7725.17000,7727.67000,922.00000
2026-08-28 11:15:00+00:00,7727.92000,7730.92000,7727.67000,7730.04000,578.00000
2026-08-28 11:30:00+00:00,7730.17000,7731.42000,7726.67000,7727.17000,490.00000
2026-08-28 11:45:00+00:00,7726.92000,7729.42000,7726.67000,7727.92000,692.00000
2026-08-28 12:00:00+00:00,7728.17000,7734.92000,7727.42000,7734.67000,860.00000
2026-08-28 12:15:00+00:00,7734.42000,7738.92000,7734.17000,7738.42000,728.00000
2026-08-28 12:30:00+00:00,7738.17000,7738.42000,7731.67000,7737.92000,784.00000
2026-08-28 12:45:00+00:00,7738.17000,7739.17000,7737.17000,7737.67000,528.00000
2026-08-28 13:00:00+00:00,7737.92000,7742.79000,7736.67000,7737.92000,944.00000
2026-08-28 13:15:00+00:00,7738.04000,7738.42000,7730.92000,7734.42000,748.00000
2026-08-28 13:30:00+00:00,7734.17000,7745.42000,7731.92000,7742.92000,3764.00000
2026-08-28 13:45:00+00:00,7743.17000,7745.67000,7733.67000,7734.29000,3072.00000
2026-08-28 14:00:00+00:00,7734.17000,7748.17000,7714.67000,7719.67000,6590.00000
2026-08-28 14:15:00+00:00,7719.17000,7739.42000,7718.42000,7729.92000,5524.00000
2026-08-28 14:30:00+00:00,7730.17000,7752.67000,7726.17000,7751.17000,4596.00000
2026-08-28 14:45:00+00:00,7751.42000,7767.92000,7749.17000,7767.17000,3290.00000
2026-08-28 15:00:00+00:00,7766.92000,7770.42000,7755.42000,7759.17000,2954.00000
2026-08-28 15:15:00+00:00,7759.42000,7769.42000,7759.42000,7767.17000,2734.00000
2026-08-28 15:30:00+00:00,7767.42000,7767.42000,7743.92000,7745.42000,3298.00000
2026-08-28 15:45:00+00:00,7745.17000,7747.42000,7725.42000,7727.67000,4348.00000
2026-08-28 16:00:00+00:00,7727.92000,7733.42000,7721.67000,7726.79000,3970.00000
2026-08-28 16:15:00+00:00,7726.42000,7729.42000,7708.67000,7712.92000,4618.00000
2026-08-28 16:30:00+00:00,7713.17000,7723.17000,7712.42000,7713.42000,3638.00000
2026-08-28 16:45:00+00:00,7713.67000,7723.92000,7713.42000,7713.92000,3234.00000
2026-08-28 17:00:00+00:00,7713.67000,7713.92000,7699.92000,7710.42000,3824.00000
2026-08-28 17:15:00+00:00,7710.17000,7711.17000,7702.67000,7705.17000,2966.00000
2026-08-28 17:30:00+00:00,7704.92000,7711.92000,7702.92000,7707.67000,2418.00000
2026-08-28 17:45:00+00:00,7707.42000,7714.42000,7705.67000,7712.42000,1788.00000
2026-08-28 18:00:00+00:00,7712.67000,7715.17000,7708.92000,7709.17000,2098.00000
2026-08-28 18:15:00+00:00,7708.92000,7712.67000,7705.92000,7707.67000,1864.00000
2026-08-28 18:30:00+00:00,7707.42000,7712.92000,7706.92000,7709.92000,1620.00000
2026-08-28 18:45:00+00:00,7709.67000,7710.17000,7700.42000,7703.92000,1840.00000
2026-08-28 19:00:00+00:00,7704.17000,7711.17000,7701.92000,7709.67000,1860.00000
2026-08-28 19:15:00+00:00,7709.92000,7713.17000,7707.42000,7712.42000,1310.00000
2026-08-28 19:30:00+00:00,7712.17000,7715.17000,7708.67000,7713.42000,1462.00000
2026-08-28 19:45:00+00:00,7713.17000,7716.17000,7707.64000,7710.39000,2650.00000
2026-08-28 20:00:00+00:00,7710.64000,7712.14000,7707.14000,7708.39000,816.00000
2026-08-28 20:15:00+00:00,7708.64000,7709.14000,7707.64000,7708.39000,148.00000
2026-08-28 20:30:00+00:00,7708.14000,7711.89000,7707.14000,7711.64000,194.00000
2026-08-28 20:45:00+00:00,7711.89000,7713.64000,7710.89000,7712.14000,244.00000
2026-08-30 22:00:00+00:00,7708.42000,7713.30000,7694.55000,7700.80000,2634.00000
2026-08-30 22:15:00+00:00,7700.92000,7704.80000,7700.55000,7701.55000,892.00000
2026-08-30 22:30:00+00:00,7701.67000,7702.42000,7695.55000,7696.80000,1040.00000
2026-08-30 22:45:00+00:00,7696.67000,7699.55000,7696.30000,7699.42000,682.00000
2026-08-30 23:00:00+00:00,7699.30000,7699.80000,7695.30000,7695.30000,918.00000
2026-08-30 23:15:00+00:00,7695.17000,7696.80000,7691.80000,7692.05000,1044.00000
2026-08-30 23:30:00+00:00,7691.92000,7692.05000,7684.80000,7689.30000,1718.00000
2026-08-30 23:45:00+00:00,7689.55000,7689.55000,7678.80000,7679.05000,2894.00000
2026-08-31 00:00:00+00:00,7679.30000,7685.30000,7674.80000,7683.80000,3154.00000
2026-08-31 00:15:00+00:00,7684.05000,7689.80000,7683.80000,7689.30000,1606.00000
2026-08-31 00:30:00+00:00,7689.05000,7694.05000,7688.55000,7692.17000,1352.00000
2026-08-31 00:45:00+00:00,7692.30000,7692.42000,7686.30000,7687.80000,1172.00000
2026-08-31 01:00:00+00:00,7687.55000,7687.67000,7676.92000,7681.55000,2756.00000
2026-08-31 01:15:00+00:00,7681.80000,7683.05000,7677.17000,7680.30000,3248.00000
2026-08-31 01:30:00+00:00,7680.17000,7682.05000,7677.30000,7678.92000,3192.00000
2026-08-31 01:45:00+00:00,7679.05000,7681.05000,7677.55000,7680.30000,2598.00000
2026-08-31 02:00:00+00:00,7680.55000,7687.05000,7678.17000,7686.30000,2238.00000
2026-08-31 02:15:00+00:00,7686.42000,7686.55000,7677.05000,7680.55000,2434.00000
2026-08-31 02:30:00+00:00,7680.30000,7681.30000,7674.55000,7676.30000,2056.00000
2026-08-31 02:45:00+00:00,7676.55000,7682.55000,7675.30000,7682.30000,1458.00000
2026-08-31 03:00:00+00:00,7682.55000,7686.30000,7681.55000,7684.30000,826.00000
2026-08-31 03:15:00+00:00,7684.05000,7685.30000,7683.05000,7683.55000,756.00000
2026-08-31 03:30:00+00:00,7683.67000,7684.05000,7681.30000,7682.55000,1170.00000
2026-08-31 03:45:00+00:00,7682.42000,7683.30000,7681.55000,7683.30000,752.00000
2026-08-31 04:00:00+00:00,7683.55000,7683.55000,7681.55000,7683.30000,654.00000
2026-08-31 04:15:00+00:00,7683.17000,7683.55000,7681.55000,7682.92000,638.00000
2026-08-31 04:30:00+00:00,7683.05000,7686.80000,7681.05000,7686.80000,870.00000
2026-08-31 04:45:00+00:00,7686.55000,7692.55000,7684.30000,7691.05000,558.00000
2026-08-31 05:00:00+00:00,7690.80000,7696.30000,7689.55000,7696.05000,1132.00000
2026-08-31 05:15:00+00:00,7695.80000,7700.92000,7695.55000,7698.80000,900.00000
2026-08-31 05:30:00+00:00,7699.05000,7699.05000,7690.80000,7693.30000,1386.00000
2026-08-31 05:45:00+00:00,7693.42000,7695.30000,7692.55000,7695.05000,970.00000
2026-08-31 06:00:00+00:00,7695.30000,7697.83000,7693.05000,7697.58000,1124.00000
2026-08-31 06:15:00+00:00,7697.83000,7700.08000,7697.83000,7700.08000,864.00000
2026-08-31 06:30:00+00:00,7699.83000,7701.08000,7697.83000,7699.58000,594.00000
2026-08-31 06:45:00+00:00,7699.33000,7702.33000,7699.20000,7701.58000,578.00000
2026-08-31 07:00:00+00:00,7701.33000,7701.33000,7698.58000,7700.83000,996.00000
2026-08-31 07:15:00+00:00,7700.58000,7701.08000,7698.33000,7699.58000,726.00000
2026-08-31 07:30:00+00:00,7699.45000,7701.33000,7698.58000,7699.58000,846.00000
2026-08-31 07:45:00+00:00,7699.45000,7700.33000,7697.83000,7700.08000,556.00000
2026-08-31 08:00:00+00:00,7700.33000,7705.83000,7698.08000,7701.20000,2028.00000
2026-08-31 08:15:00+00:00,7701.08000,7703.33000,7699.58000,7702.83000,1364.00000
2026-08-31 08:30:00+00:00,7703.08000,7703.33000,7700.83000,7702.08000,1110.00000
2026-08-31 08:45:00+00:00,7702.33000,7704.83000,7701.83000,7703.08000,666.00000
2026-08-31 09:00:00+00:00,7702.83000,7705.08000,7701.08000,7704.08000,860.00000
2026-08-31 09:15:00+00:00,7704.20000,7706.33000,7703.58000,7703.83000,676.00000
2026-08-31 09:30:00+00:00,7703.58000,7704.08000,7700.08000,7700.58000,390.00000
2026-08-31 09:45:00+00:00,7700.83000,7700.83000,7697.33000,7697.83000,442.00000
2026-08-31 10:00:00+00:00,7697.95000,7700.08000,7695.83000,7699.33000,740.00000
2026-08-31 10:15:00+00:00,7699.08000,7700.08000,7696.58000,7698.83000,794.00000
2026-08-31 10:30:00+00:00,7698.58000,7699.33000,7697.33000,7698.83000,692.00000
2026-08-31 10:45:00+00:00,7698.70000,7701.45000,7698.08000,7700.08000,630.00000
2026-08-31 11:00:00+00:00,7700.33000,7701.33000,7697.58000,7697.83000,996.00000
2026-08-31 11:15:00+00:00,7697.58000,7701.58000,7697.33000,7700.83000,838.00000
2026-08-31 11:30:00+00:00,7701.08000,7701.08000,7693.33000,7693.33000,824.00000
2026-08-31 11:45:00+00:00,7693.58000,7695.08000,7691.08000,7692.83000,546.00000
2026-08-31 12:00:00+00:00,7692.95000,7698.58000,7685.08000,7695.58000,1422.00000
2026-08-31 12:15:00+00:00,7695.33000,7699.58000,7686.20000,7688.33000,1702.00000
2026-08-31 12:30:00+00:00,7688.20000,7692.08000,7682.08000,7683.58000,1790.00000
2026-08-31 12:45:00+00:00,7683.33000,7685.70000,7682.08000,7684.33000,956.00000
2026-08-31 13:00:00+00:00,7684.08000,7688.83000,7683.08000,7688.58000,1000.00000
2026-08-31 13:15:00+00:00,7688.83000,7692.83000,7688.08000,7691.83000,1268.00000
2026-08-31 13:30:00+00:00,7690.83000,7694.58000,7675.83000,7676.58000,5289.00000
2026-08-31 13:45:00+00:00,7676.33000,7685.45000,7673.08000,7680.20000,4544.00000
2026-08-31 14:00:00+00:00,7680.08000,7681.45000,7671.83000,7676.58000,3572.00000
2026-08-31 14:15:00+00:00,7676.33000,7678.58000,7665.33000,7667.33000,2918.00000
2026-08-31 14:30:00+00:00,7667.08000,7679.08000,7666.08000,7676.58000,2650.00000
2026-08-31 14:45:00+00:00,7676.83000,7682.33000,7671.83000,7678.08000,2238.00000
2026-08-31 15:00:00+00:00,7677.83000,7682.95000,7673.83000,7675.83000,2562.00000
2026-08-31 15:15:00+00:00,7675.58000,7680.08000,7672.08000,7678.08000,1930.00000
2026-08-31 15:30:00+00:00,7677.58000,7678.58000,7672.33000,7676.58000,2128.00000
2026-08-31 15:45:00+00:00,7676.83000,7681.58000,7671.33000,7672.33000,1662.00000
2026-08-31 16:00:00+00:00,7672.20000,7676.08000,7667.83000,7675.33000,1876.00000
2026-08-31 16:15:00+00:00,7675.58000,7677.58000,7670.83000,7677.33000,1366.00000
2026-08-31 16:30:00+00:00,7677.08000,7677.58000,7670.08000,7672.33000,1514.00000
2026-08-31 16:45:00+00:00,7672.58000,7678.08000,7672.58000,7676.83000,1122.00000
2026-08-31 17:00:00+00:00,7677.08000,7677.58000,7673.58000,7677.58000,1054.00000
2026-08-31 17:15:00+00:00,7677.33000,7678.83000,7672.08000,7672.33000,1018.00000
2026-08-31 17:30:00+00:00,7672.58000,7680.83000,7669.83000,7680.83000,916.00000
2026-08-31 17:45:00+00:00,7681.08000,7686.58000,7679.83000,7683.58000,1104.00000
2026-08-31 18:00:00+00:00,7683.33000,7685.33000,7680.08000,7685.33000,1222.00000
2026-08-31 18:15:00+00:00,7685.58000,7686.33000,7681.20000,7681.33000,916.00000
2026-08-31 18:30:00+00:00,7681.08000,7682.58000,7668.58000,7671.83000,1450.00000
2026-08-31 18:45:00+00:00,7672.08000,7676.83000,7670.08000,7674.83000,1086.00000
2026-08-31 19:00:00+00:00,7675.08000,7680.58000,7675.08000,7680.20000,992.00000
2026-08-31 19:15:00+00:00,7680.08000,7685.83000,7678.08000,7684.58000,854.00000
2026-08-31 19:30:00+00:00,7684.83000,7690.58000,7680.33000,7688.58000,1052.00000
2026-08-31 19:45:00+00:00,7688.33000,7698.80000,7684.33000,7686.80000,2488.00000
2026-08-31 20:00:00+00:00,7688.30000,7695.05000,7688.05000,7692.05000,1140.00000
2026-08-31 20:15:00+00:00,7692.30000,7693.05000,7691.17000,7693.05000,276.00000
2026-08-31 20:30:00+00:00,7692.80000,7693.30000,7691.55000,7692.80000,148.00000
2026-08-31 20:45:00+00:00,7693.05000,7693.05000,7690.80000,7691.55000,176.00000
2026-08-31 22:00:00+00:00,7692.27000,7693.52000,7690.89000,7693.02000,716.00000
2026-08-31 22:15:00+00:00,7693.27000,7693.27000,7691.52000,7692.02000,136.00000
2026-08-31 22:30:00+00:00,7692.27000,7693.27000,7692.27000,7692.27000,104.00000
2026-08-31 22:45:00+00:00,7692.77000,7692.77000,7691.02000,7691.77000,138.00000
2026-08-31 23:00:00+00:00,7691.52000,7693.64000,7691.27000,7693.02000,372.00000
2026-08-31 23:15:00+00:00,7692.77000,7693.52000,7691.27000,7693.27000,198.00000
2026-08-31 23:30:00+00:00,7692.77000,7696.02000,7692.77000,7694.52000,238.00000
2026-08-31 23:45:00+00:00,7694.77000,7695.52000,7692.52000,7694.14000,450.00000
2026-09-01 00:00:00+00:00,7694.52000,7698.27000,7691.02000,7694.27000,2086.00000
2026-09-01 00:15:00+00:00,7694.14000,7698.77000,7693.02000,7696.64000,1178.00000
2026-09-01 00:30:00+00:00,7696.52000,7698.02000,7694.02000,7696.27000,700.00000
2026-09-01 00:45:00+00:00,7696.52000,7696.52000,7694.52000,7695.52000,618.00000
2026-09-01 01:00:00+00:00,7695.27000,7696.52000,7692.77000,7695.27000,918.00000
2026-09-01 01:15:00+00:00,7695.02000,7695.39000,7689.77000,7690.02000,724.00000
2026-09-01 01:30:00+00:00,7689.77000,7695.52000,7688.52000,7695.27000,808.00000
2026-09-01 01:45:00+00:00,7695.52000,7695.89000,7693.02000,7693.77000,640.00000
2026-09-01 02:00:00+00:00,7693.52000,7694.27000,7689.02000,7689.52000,576.00000
2026-09-01 02:15:00+00:00,7689.27000,7690.02000,7686.02000,7687.27000,376.00000
2026-09-01 02:30:00+00:00,7687.52000,7689.27000,7684.52000,7685.02000,770.00000
2026-09-01 02:45:00+00:00,7684.77000,7691.02000,7684.52000,7691.02000,378.00000
2026-09-01 03:00:00+00:00,7690.77000,7690.77000,7687.02000,7687.02000,422.00000
2026-09-01 03:15:00+00:00,7687.27000,7688.02000,7686.27000,7686.52000,466.00000
2026-09-01 03:30:00+00:00,7686.77000,7688.27000,7686.02000,7687.27000,362.00000
2026-09-01 03:45:00+00:00,7686.77000,7688.52000,7686.52000,7687.52000,402.00000
2026-09-01 04:00:00+00:00,7687.27000,7689.02000,7686.52000,7687.02000,414.00000
2026-09-01 04:15:00+00:00,7687.27000,7688.77000,7685.77000,7686.77000,320.00000
2026-09-01 04:30:00+00:00,7686.52000,7687.77000,7684.27000,7684.27000,416.00000
2026-09-01 04:45:00+00:00,7684.52000,7687.27000,7682.77000,7683.27000,630.00000
2026-09-01 05:00:00+00:00,7683.39000,7684.02000,7681.52000,7682.27000,342.00000
2026-09-01 05:15:00+00:00,7682.52000,7685.52000,7680.52000,7685.27000,510.00000
2026-09-01 05:30:00+00:00,7685.02000,7694.02000,7684.52000,7693.52000,1020.00000
2026-09-01 05:45:00+00:00,7693.27000,7696.77000,7691.77000,7695.27000,534.00000
2026-09-01 06:00:00+00:00,7695.02000,7696.27000,7690.55000,7691.05000,710.00000
2026-09-01 06:15:00+00:00,7690.80000,7690.80000,7687.30000,7687.55000,798.00000
2026-09-01 06:30:00+00:00,7687.30000,7690.80000,7686.80000,7690.05000,962.00000
2026-09-01 06:45:00+00:00,7690.30000,7690.30000,7687.80000,7688.30000,750.00000
2026-09-01 07:00:00+00:00,7688.05000,7696.05000,7687.05000,7695.55000,1788.00000
2026-09-01 07:15:00+00:00,7695.67000,7695.80000,7691.80000,7693.80000,1422.00000
2026-09-01 07:30:00+00:00,7693.55000,7693.80000,7681.80000,7681.80000,1572.00000
2026-09-01 07:45:00+00:00,7682.05000,7684.80000,7678.05000,7681.05000,1450.00000
2026-09-01 08:00:00+00:00,7680.80000,7683.80000,7664.42000,7667.55000,4108.00000
2026-09-01 08:15:00+00:00,7667.67000,7670.05000,7655.17000,7656.42000,2914.00000
2026-09-01 08:30:00+00:00,7656.30000,7659.55000,7649.80000,7651.80000,2490.00000
2026-09-01 08:45:00+00:00,7651.55000,7656.67000,7649.30000,7649.30000,2138.00000
2026-09-01 09:00:00+00:00,7649.42000,7650.55000,7642.55000,7642.80000,2104.00000
2026-09-01 09:15:00+00:00,7642.30000,7645.05000,7639.55000,7641.80000,2020.00000
2026-09-01 09:30:00+00:00,7642.05000,7644.30000,7640.05000,7643.30000,1612.00000
2026-09-01 09:45:00+00:00,7643.55000,7646.80000,7643.05000,7644.05000,1040.00000
2026-09-01 10:00:00+00:00,7644.17000,7647.05000,7641.55000,7646.17000,1188.00000
2026-09-01 10:15:00+00:00,7646.05000,7652.55000,7643.92000,7651.30000,1066.00000
2026-09-01 10:30:00+00:00,7651.55000,7655.05000,7649.80000,7649.80000,846.00000
2026-09-01 10:45:00+00:00,7650.05000,7652.67000,7644.92000,7647.05000,1446.00000
2026-09-01 11:00:00+00:00,7647.30000,7647.80000,7643.05000,7646.42000,1483.00000
2026-09-01 11:15:00+00:00,7646.30000,7648.80000,7645.30000,7647.80000,1154.00000
2026-09-01 11:30:00+00:00,7647.55000,7653.80000,7647.55000,7651.55000,800.00000
2026-09-01 11:45:00+00:00,7651.67000,7652.30000,7641.80000,7643.05000,1266.00000
2026-09-01 12:00:00+00:00,7642.80000,7643.80000,7639.30000,7642.80000,1788.00000
2026-09-01 12:15:00+00:00,7642.55000,7645.55000,7639.55000,7643.80000,1444.00000
2026-09-01 12:30:00+00:00,7643.30000,7643.55000,7635.80000,7638.30000,1438.00000
2026-09-01 12:45:00+00:00,7638.05000,7642.17000,7637.30000,7638.05000,942.00000
2026-09-01 13:00:00+00:00,7637.80000,7638.05000,7632.55000,7634.55000,1264.00000
2026-09-01 13:15:00+00:00,7634.80000,7639.30000,7633.55000,7637.55000,1066.00000
2026-09-01 13:30:00+00:00,7636.55000,7641.55000,7629.55000,7637.05000,4894.00000
2026-09-01 13:45:00+00:00,7636.92000,7642.55000,7632.30000,7637.80000,3648.00000
2026-09-01 14:00:00+00:00,7638.67000,7648.55000,7635.30000,7647.80000,3130.00000
2026-09-01 14:15:00+00:00,7647.55000,7657.80000,7647.55000,7655.55000,2324.00000
2026-09-01 14:30:00+00:00,7655.30000,7663.55000,7655.30000,7659.30000,1900.00000
2026-09-01 14:45:00+00:00,7659.05000,7661.30000,7651.05000,7653.05000,1782.00000
2026-09-01 15:00:00+00:00,7653.30000,7654.05000,7644.30000,7647.05000,1832.00000
2026-09-01 15:15:00+00:00,7646.80000,7653.55000,7646.30000,7653.55000,1594.00000
2026-09-01 15:30:00+00:00,7653.30000,7660.05000,7652.05000,7659.80000,1436.00000
2026-09-01 15:45:00+00:00,7659.55000,7664.30000,7658.80000,7660.55000,1240.00000
2026-09-01 16:00:00+00:00,7660.80000,7661.30000,7652.55000,7652.80000,1300.00000
2026-09-01 16:15:00+00:00,7653.05000,7653.55000,7640.30000,7642.80000,2848.00000
2026-09-01 16:30:00+00:00,7642.92000,7643.80000,7633.30000,7634.55000,2450.00000
2026-09-01 16:45:00+00:00,7634.42000,7641.30000,7633.80000,7640.05000,1380.00000
2026-09-01 17:00:00+00:00,7639.80000,7640.05000,7632.30000,7637.05000,1528.00000
2026-09-01 17:15:00+00:00,7636.80000,7638.80000,7625.92000,7634.30000,1730.00000
2026-09-01 17:30:00+00:00,7634.05000,7639.80000,7633.55000,7638.05000,1536.00000
2026-09-01 17:45:00+00:00,7637.80000,7638.55000,7632.05000,7635.55000,1090.00000
2026-09-01 18:00:00+00:00,7635.80000,7637.55000,7630.55000,7631.05000,1258.00000
2026-09-01 18:15:00+00:00,7631.30000,7635.80000,7628.30000,7629.55000,1206.00000
2026-09-01 18:30:00+00:00,7629.30000,7630.05000,7614.30000,7614.80000,1530.00000
2026-09-01 18:45:00+00:00,7614.55000,7626.42000,7612.30000,7624.55000,1846.00000
2026-09-01 19:00:00+00:00,7624.80000,7632.30000,7623.55000,7632.05000,1550.00000
2026-09-01 19:15:00+00:00,7632.30000,7633.55000,7628.30000,7631.55000,1182.00000
2026-09-01 19:30:00+00:00,7631.30000,7631.55000,7625.05000,7628.30000,1490.00000
2026-09-01 19:45:00+00:00,7628.55000,7635.77000,7623.80000,7634.52000,2554.00000
2026-09-01 20:00:00+00:00,7635.02000,7637.77000,7631.52000,7635.02000,978.00000
2026-09-01 20:15:00+00:00,7635.27000,7639.27000,7635.02000,7637.52000,324.00000
2026-09-01 20:30:00+00:00,7637.27000,7639.52000,7635.77000,7638.02000,384.00000
2026-09-01 20:45:00+00:00,7638.14000,7638.64000,7636.77000,7637.52000,288.00000
2026-09-01 22:00:00+00:00,7639.34000,7639.34000,7633.09000,7633.84000,888.00000
2026-09-01 22:15:00+00:00,7633.96000,7635.34000,7633.09000,7634.59000,414.00000
2026-09-01 22:30:00+00:00,7634.46000,7635.59000,7634.21000,7635.09000,328.00000
2026-09-01 22:45:00+00:00,7634.96000,7638.34000,7634.84000,7636.84000,294.00000
2026-09-01 23:00:00+00:00,7636.71000,7637.59000,7636.34000,7637.09000,214.00000
2026-09-01 23:15:00+00:00,7637.34000,7637.34000,7635.71000,7637.34000,244.00000
2026-09-01 23:30:00+00:00,7637.09000,7638.09000,7636.71000,7637.84000,258.00000
2026-09-01 23:45:00+00:00,7638.09000,7638.59000,7636.84000,7637.71000,758.00000
2026-09-02 00:00:00+00:00,7638.09000,7638.34000,7633.34000,7635.96000,2366.00000
2026-09-02 00:15:00+00:00,7635.84000,7642.84000,7635.59000,7635.84000,2368.00000
2026-09-02 00:30:00+00:00,7635.71000,7638.34000,7633.84000,7636.84000,1690.00000
2026-09-02 00:45:00+00:00,7636.59000,7637.84000,7631.59000,7631.59000,1366.00000
2026-09-02 01:00:00+00:00,7631.34000,7634.09000,7628.46000,7629.84000,1794.00000
2026-09-02 01:15:00+00:00,7629.59000,7634.34000,7629.59000,7632.34000,1362.00000
2026-09-02 01:30:00+00:00,7632.59000,7633.46000,7627.59000,7628.34000,1360.00000
2026-09-02 01:45:00+00:00,7628.21000,7628.84000,7624.09000,7628.34000,1248.00000
2026-09-02 02:00:00+00:00,7628.59000,7628.59000,7625.21000,7628.09000,1426.00000
2026-09-02 02:15:00+00:00,7628.34000,7633.34000,7628.09000,7631.84000,686.00000
2026-09-02 02:30:00+00:00,7632.09000,7632.09000,7629.59000,7631.84000,596.00000
2026-09-02 02:45:00+00:00,7631.59000,7633.09000,7631.09000,7632.59000,512.00000
2026-09-02 03:00:00+00:00,7632.84000,7633.34000,7629.59000,7632.34000,630.00000
2026-09-02 03:15:00+00:00,7632.21000,7632.59000,7629.34000,7629.46000,654.00000
2026-09-02 03:30:00+00:00,7629.59000,7629.59000,7627.34000,7627.34000,688.00000
2026-09-02 03:45:00+00:00,7627.59000,7628.34000,7625.84000,7626.34000,562.00000
2026-09-02 04:00:00+00:00,7626.59000,7626.84000,7624.34000,7626.09000,454.00000
2026-09-02 04:15:00+00:00,7625.84000,7627.59000,7625.46000,7625.84000,810.00000
2026-09-02 04:30:00+00:00,7625.59000,7627.84000,7625.59000,7626.09000,872.00000
2026-09-02 04:45:00+00:00,7626.34000,7627.34000,7625.84000,7626.84000,648.00000
2026-09-02 05:00:00+00:00,7627.09000,7629.09000,7624.34000,7628.34000,948.00000
2026-09-02 05:15:00+00:00,7628.21000,7632.09000,7628.21000,7632.09000,932.00000
2026-09-02 05:30:00+00:00,7632.34000,7634.34000,7628.34000,7632.84000,1354.00000
2026-09-02 05:45:00+00:00,7633.09000,7633.09000,7627.34000,7628.84000,1014.00000
2026-09-02 06:00:00+00:00,7628.96000,7630.59000,7625.37000,7627.37000,1390.00000
2026-09-02 06:15:00+00:00,7627.12000,7627.87000,7623.24000,7623.87000,938.00000
2026-09-02 06:30:00+00:00,7624.12000,7634.62000,7623.12000,7631.37000,1804.00000
2026-09-02 06:45:00+00:00,7631.24000,7632.87000,7628.62000,7632.62000,1334.00000
2026-09-02 07:00:00+00:00,7632.74000,7638.87000,7630.87000,7635.12000,1668.00000
2026-09-02 07:15:00+00:00,7634.87000,7637.87000,7631.37000,7634.37000,1348.00000
2026-09-02 07:30:00+00:00,7634.12000,7635.12000,7630.24000,7630.62000,1356.00000
2026-09-02 07:45:00+00:00,7630.37000,7631.62000,7626.87000,7628.87000,1292.00000
2026-09-02 08:00:00+00:00,7628.99000,7634.37000,7627.62000,7631.62000,2572.00000
2026-09-02 08:15:00+00:00,7631.49000,7633.37000,7626.87000,7628.12000,2102.00000
2026-09-02 08:30:00+00:00,7627.99000,7630.74000,7625.12000,7625.74000,1938.00000
2026-09-02 08:45:00+00:00,7625.87000,7625.87000,7614.74000,7618.12000,1766.00000
2026-09-02 09:00:00+00:00,7617.87000,7624.37000,7615.62000,7616.12000,2354.00000
2026-09-02 09:15:00+00:00,7615.87000,7620.12000,7614.87000,7617.37000,1393.00000
2026-09-02 09:30:00+00:00,7617.12000,7617.87000,7612.87000,7614.62000,988.00000
2026-09-02 09:45:00+00:00,7614.87000,7617.37000,7614.12000,7617.24000,1028.00000
2026-09-02 10:00:00+00:00,7617.37000,7617.87000,7612.87000,7617.37000,994.00000
2026-09-02 10:15:00+00:00,7617.49000,7619.62000,7615.87000,7618.37000,1048.00000
2026-09-02 10:30:00+00:00,7618.62000,7618.87000,7614.37000,7614.87000,670.00000
2026-09-02 10:45:00+00:00,7614.74000,7618.37000,7613.37000,7618.12000,760.00000
2026-09-02 11:00:00+00:00,7618.37000,7627.12000,7610.37000,7626.12000,2238.00000
2026-09-02 11:15:00+00:00,7625.87000,7629.37000,7621.12000,7627.24000,2322.00000
2026-09-02 11:30:00+00:00,7627.37000,7633.12000,7626.37000,7629.37000,1374.00000
2026-09-02 11:45:00+00:00,7629.12000,7637.87000,7628.62000,7637.62000,920.00000
2026-09-02 12:00:00+00:00,7637.37000,7644.49000,7636.37000,7644.24000,1760.00000
2026-09-02 12:15:00+00:00,7644.37000,7650.37000,7640.37000,7641.62000,2632.00000
2026-09-02 12:30:00+00:00,7641.37000,7642.12000,7635.87000,7636.62000,1008.00000
2026-09-02 12:45:00+00:00,7636.87000,7636.87000,7630.87000,7631.62000,632.00000
2026-09-02 13:00:00+00:00,7631.37000,7637.12000,7631.37000,7635.12000,874.00000
2026-09-02 13:15:00+00:00,7635.37000,7646.12000,7634.37000,7641.87000,1190.00000
2026-09-02 13:30:00+00:00,7642.12000,7645.87000,7634.62000,7645.62000,4588.00000
2026-09-02 13:45:00+00:00,7645.74000,7648.24000,7637.37000,7648.12000,3354.00000
2026-09-02 14:00:00+00:00,7647.87000,7660.62000,7646.24000,7660.12000,3244.00000
2026-09-02 14:15:00+00:00,7660.37000,7673.87000,7658.62000,7670.87000,2218.00000
2026-09-02 14:30:00+00:00,7670.62000,7681.37000,7667.12000,7681.12000,2042.00000
2026-09-02 14:45:00+00:00,7681.37000,7681.37000,7669.62000,7671.12000,1872.00000
2026-09-02 15:00:00+00:00,7670.87000,7675.62000,7669.12000,7673.12000,2332.00000
2026-09-02 15:15:00+00:00,7673.37000,7681.87000,7671.87000,7681.12000,1690.00000
2026-09-02 15:30:00+00:00,7681.37000,7682.37000,7674.37000,7674.37000,1598.00000
2026-09-02 15:45:00+00:00,7674.12000,7677.49000,7667.62000,7677.12000,1592.00000
2026-09-02 16:00:00+00:00,7676.87000,7677.12000,7673.37000,7674.87000,1378.00000
2026-09-02 16:15:00+00:00,7674.62000,7674.62000,7664.62000,7666.37000,1104.00000
2026-09-02 16:30:00+00:00,7666.12000,7670.87000,7664.87000,7664.87000,1108.00000
2026-09-02 16:45:00+00:00,7665.12000,7670.12000,7664.87000,7666.87000,984.00000
2026-09-02 17:00:00+00:00,7667.12000,7672.62000,7663.87000,7667.12000,1176.00000
2026-09-02 17:15:00+00:00,7666.99000,7667.37000,7662.37000,7665.12000,966.00000
2026-09-02 17:30:00+00:00,7664.99000,7667.37000,7661.62000,7667.12000,1118.00000
2026-09-02 17:45:00+00:00,7667.37000,7670.87000,7665.37000,7669.62000,1128.00000
2026-09-02 18:00:00+00:00,7669.87000,7672.12000,7665.37000,7669.87000,1110.00000
2026-09-02 18:15:00+00:00,7669.62000,7678.49000,7669.37000,7671.37000,1478.00000
2026-09-02 18:30:00+00:00,7671.62000,7673.24000,7664.37000,7665.37000,770.00000
2026-09-02 18:45:00+00:00,7665.62000,7667.87000,7663.87000,7665.87000,788.00000
2026-09-02 19:00:00+00:00,7666.12000,7672.87000,7664.87000,7671.87000,844.00000
2026-09-02 19:15:00+00:00,7672.12000,7673.12000,7668.62000,7672.62000,712.00000
2026-09-02 19:30:00+00:00,7672.37000,7672.87000,7668.12000,7671.37000,828.00000
2026-09-02 19:45:00+00:00,7671.12000,7672.62000,7665.59000,7669.34000,1492.00000
2026-09-02 20:00:00+00:00,7669.71000,7673.84000,7669.09000,7671.59000,808.00000
2026-09-02 20:15:00+00:00,7671.71000,7671.71000,7658.84000,7662.84000,1402.00000
2026-09-02 20:30:00+00:00,7662.59000,7663.59000,7661.09000,7661.09000,418.00000
2026-09-02 20:45:00+00:00,7660.84000,7663.84000,7660.34000,7660.84000,270.00000
2026-09-02 22:00:00+00:00,7665.58000,7669.21000,7663.33000,7668.96000,750.00000
2026-09-02 22:15:00+00:00,7668.71000,7671.71000,7667.71000,7670.08000,440.00000
2026-09-02 22:30:00+00:00,7669.96000,7670.71000,7669.33000,7669.96000,262.00000
2026-09-02 22:45:00+00:00,7669.71000,7669.71000,7667.71000,7667.96000,172.00000
2026-09-02 23:00:00+00:00,7668.21000,7669.46000,7666.96000,7667.21000,366.00000
2026-09-02 23:15:00+00:00,7667.08000,7668.71000,7666.71000,7668.58000,298.00000
2026-09-02 23:30:00+00:00,7668.71000,7669.71000,7667.96000,7669.71000,298.00000
2026-09-02 23:45:00+00:00,7669.96000,7673.21000,7669.96000,7671.71000,738.00000
2026-09-03 00:00:00+00:00,7671.46000,7671.46000,7666.96000,7667.71000,1902.00000
2026-09-03 00:15:00+00:00,7667.58000,7667.58000,7663.46000,7665.21000,816.00000
2026-09-03 00:30:00+00:00,7664.96000,7665.71000,7663.96000,7664.71000,726.00000
2026-09-03 00:45:00+00:00,7664.58000,7665.71000,7663.96000,7664.46000,752.00000
2026-09-03 01:00:00+00:00,7664.21000,7668.96000,7663.71000,7668.46000,888.00000
2026-09-03 01:15:00+00:00,7668.33000,7670.96000,7665.21000,7668.21000,848.00000
2026-09-03 01:30:00+00:00,7667.58000,7671.21000,7667.21000,7667.46000,1360.00000
2026-09-03 01:45:00+00:00,7667.71000,7668.96000,7663.46000,7663.46000,1278.00000
2026-09-03 02:00:00+00:00,7663.58000,7670.96000,7663.21000,7670.46000,1126.00000
2026-09-03 02:15:00+00:00,7670.33000,7671.21000,7668.71000,7670.46000,730.00000
2026-09-03 02:30:00+00:00,7670.21000,7672.21000,7668.46000,7668.71000,462.00000
2026-09-03 02:45:00+00:00,7668.96000,7671.71000,7668.21000,7670.46000,496.00000
2026-09-03 03:00:00+00:00,7670.21000,7672.21000,7669.71000,7672.21000,428.00000
2026-09-03 03:15:00+00:00,7671.96000,7675.46000,7671.96000,7672.96000,520.00000
2026-09-03 03:30:00+00:00,7673.21000,7674.71000,7672.96000,7673.96000,584.00000
2026-09-03 03:45:00+00:00,7673.71000,7675.21000,7672.96000,7674.71000,414.00000
2026-09-03 04:00:00+00:00,7674.83000,7676.21000,7673.96000,7675.21000,476.00000
2026-09-03 04:15:00+00:00,7674.71000,7675.71000,7673.46000,7673.46000,266.00000
2026-09-03 04:30:00+00:00,7673.71000,7675.21000,7672.46000,7672.96000,332.00000
2026-09-03 04:45:00+00:00,7673.08000,7673.71000,7671.21000,7671.46000,326.00000
2026-09-03 05:00:00+00:00,7671.21000,7671.71000,7662.71000,7663.71000,1036.00000
2026-09-03 05:15:00+00:00,7663.58000,7663.83000,7652.96000,7656.71000,2712.00000
2026-09-03 05:30:00+00:00,7656.58000,7663.71000,7656.46000,7662.71000,2336.00000
2026-09-03 05:45:00+00:00,7662.96000,7670.96000,7660.96000,7670.71000,1454.00000
2026-09-03 06:00:00+00:00,7670.46000,7672.49000,7667.49000,7668.86000,1652.00000
2026-09-03 06:15:00+00:00,7668.99000,7670.49000,7666.99000,7668.49000,1206.00000
2026-09-03 06:30:00+00:00,7668.36000,7669.49000,7666.24000,7667.99000,1226.00000
2026-09-03 06:45:00+00:00,7668.11000,7668.11000,7663.99000,7665.99000,838.00000
2026-09-03 07:00:00+00:00,7665.74000,7675.49000,7663.99000,7671.36000,2840.00000
2026-09-03 07:15:00+00:00,7671.24000,7671.99000,7666.74000,7670.49000,2044.00000
2026-09-03 07:30:00+00:00,7670.24000,7677.74000,7669.74000,7676.74000,1990.00000
2026-09-03 07:45:00+00:00,7676.49000,7676.99000,7668.24000,7674.74000,1696.00000
2026-09-03 08:00:00+00:00,7674.99000,7686.24000,7673.49000,7679.24000,4176.00000
2026-09-03 08:15:00+00:00,7679.11000,7681.99000,7676.99000,7680.99000,2420.00000
2026-09-03 08:30:00+00:00,7680.86000,7680.86000,7677.49000,7677.74000,1920.00000
2026-09-03 08:45:00+00:00,7677.86000,7678.74000,7674.99000,7675.36000,1120.00000
2026-09-03 09:00:00+00:00,7675.49000,7678.49000,7675.24000,7678.24000,1314.00000
2026-09-03 09:15:00+00:00,7678.49000,7678.49000,7674.24000,7674.24000,1158.00000
2026-09-03 09:30:00+00:00,7674.36000,7675.24000,7670.99000,7671.99000,1016.00000
2026-09-03 09:45:00+00:00,7671.74000,7671.99000,7663.99000,7665.49000,1498.00000
2026-09-03 10:00:00+00:00,7665.74000,7668.99000,7663.24000,7664.24000,1426.00000
2026-09-03 10:15:00+00:00,7664.11000,7665.74000,7661.74000,7663.24000,1124.00000
2026-09-03 10:30:00+00:00,7663.49000,7665.24000,7660.99000,7664.74000,860.00000
2026-09-03 10:45:00+00:00,7664.49000,7664.99000,7660.86000,7664.99000,759.00000
2026-09-03 11:00:00+00:00,7665.24000,7673.49000,7662.24000,7672.99000,1878.00000
2026-09-03 11:15:00+00:00,7672.74000,7676.86000,7672.49000,7674.24000,1376.00000
2026-09-03 11:30:00+00:00,7674.49000,7675.74000,7664.24000,7670.61000,1765.00000
2026-09-03 11:45:00+00:00,7670.49000,7670.74000,7664.61000,7665.49000,1686.00000
2026-09-03 12:00:00+00:00,7666.24000,7672.74000,7665.74000,7668.99000,1534.00000
2026-09-03 12:15:00+00:00,7669.24000,7674.74000,7666.24000,7672.86000,1522.00000
2026-09-03 12:30:00+00:00,7672.99000,7691.36000,7672.61000,7682.49000,3622.00000
2026-09-03 12:45:00+00:00,7682.61000,7695.49000,7681.99000,7693.24000,1840.00000
2026-09-03 13:00:00+00:00,7692.99000,7695.49000,7685.99000,7693.99000,1548.00000
2026-09-03 13:15:00+00:00,7693.74000,7697.74000,7688.99000,7695.99000,1180.00000
2026-09-03 13:30:00+00:00,7696.49000,7716.24000,7696.24000,7715.49000,4540.00000
2026-09-03 13:45:00+00:00,7715.24000,7718.24000,7708.99000,7713.74000,3216.00000
2026-09-03 14:00:00+00:00,7710.99000,7711.36000,7692.49000,7700.99000,4180.00000
2026-09-03 14:15:00+00:00,7700.74000,7707.99000,7699.74000,7703.99000,2896.00000
2026-09-03 14:30:00+00:00,7704.24000,7707.24000,7695.74000,7699.24000,3364.00000
2026-09-03 14:45:00+00:00,7698.99000,7710.74000,7692.11000,7709.99000,3578.00000
2026-09-03 15:00:00+00:00,7710.24000,7732.99000,7709.99000,7732.99000,2814.00000
2026-09-03 15:15:00+00:00,7733.24000,7747.74000,7732.74000,7747.49000,2078.00000
2026-09-03 15:30:00+00:00,7747.74000,7750.24000,7740.99000,7743.99000,1938.00000
2026-09-03 15:45:00+00:00,7744.24000,7751.36000,7743.99000,7751.24000,1136.00000
2026-09-03 16:00:00+00:00,7750.99000,7750.99000,7741.49000,7744.74000,1292.00000
2026-09-03 16:15:00+00:00,7744.49000,7746.49000,7739.99000,7741.99000,1044.00000
2026-09-03 16:30:00+00:00,7742.24000,7749.99000,7740.74000,7749.24000,1178.00000
2026-09-03 16:45:00+00:00,7749.49000,7750.24000,7745.24000,7746.74000,844.00000
2026-09-03 17:00:00+00:00,7746.99000,7747.74000,7740.99000,7741.99000,816.00000
2026-09-03 17:15:00+00:00,7742.24000,7744.49000,7738.99000,7744.49000,766.00000
2026-09-03 17:30:00+00:00,7744.24000,7749.49000,7744.24000,7748.24000,858.00000
2026-09-03 17:45:00+00:00,7748.49000,7752.74000,7746.49000,7750.49000,886.00000
2026-09-03 18:00:00+00:00,7750.99000,7757.24000,7750.99000,7755.99000,1038.00000
2026-09-03 18:15:00+00:00,7756.24000,7757.99000,7753.24000,7754.99000,770.00000
2026-09-03 18:30:00+00:00,7755.24000,7756.74000,7752.99000,7753.74000,574.00000
2026-09-03 18:45:00+00:00,7753.86000,7755.99000,7751.74000,7754.49000,530.00000
2026-09-03 19:00:00+00:00,7754.24000,7754.74000,7750.74000,7751.24000,592.00000
2026-09-03 19:15:00+00:00,7751.49000,7753.49000,7748.74000,7751.49000,706.00000
2026-09-03 19:30:00+00:00,7751.74000,7752.74000,7749.24000,7749.49000,760.00000
2026-09-03 19:45:00+00:00,7749.24000,7751.24000,7743.96000,7748.21000,1666.00000
2026-09-03 20:00:00+00:00,7747.96000,7748.71000,7742.96000,7745.21000,600.00000
2026-09-03 20:15:00+00:00,7744.96000,7745.21000,7741.96000,7742.21000,200.00000
2026-09-03 20:30:00+00:00,7741.96000,7743.71000,7741.96000,7742.46000,118.00000
2026-09-03 20:45:00+00:00,7742.71000,7742.71000,7739.96000,7741.21000,218.00000
2026-09-03 22:00:00+00:00,7742.55000,7743.30000,7739.93000,7740.93000,408.00000
2026-09-03 22:15:00+00:00,7741.18000,7743.18000,7741.18000,7742.43000,130.00000
2026-09-03 22:30:00+00:00,7742.18000,7743.93000,7742.18000,7743.18000,160.00000
2026-09-03 22:45:00+00:00,7743.43000,7744.93000,7743.05000,7744.68000,156.00000
2026-09-03 23:00:00+00:00,7744.43000,7745.18000,7743.93000,7743.93000,216.00000
2026-09-03 23:15:00+00:00,7743.80000,7744.68000,7742.93000,7744.43000,124.00000
2026-09-03 23:30:00+00:00,7744.18000,7745.18000,7743.43000,7744.43000,150.00000
2026-09-03 23:45:00+00:00,7744.30000,7745.43000,7743.68000,7744.18000,254.00000
2026-09-04 00:00:00+00:00,7743.68000,7744.93000,7742.43000,7743.68000,1124.00000
2026-09-04 00:15:00+00:00,7743.55000,7746.43000,7743.18000,7745.68000,634.00000
2026-09-04 00:30:00+00:00,7745.93000,7746.55000,7745.18000,7746.43000,330.00000
2026-09-04 00:45:00+00:00,7746.18000,7748.68000,7746.18000,7747.68000,260.00000
2026-09-04 01:00:00+00:00,7747.18000,7747.43000,7745.18000,7745.43000,604.00000
2026-09-04 01:15:00+00:00,7745.68000,7747.93000,7744.68000,7747.68000,384.00000
2026-09-04 01:30:00+00:00,7747.18000,7748.93000,7746.93000,7748.43000,430.00000
2026-09-04 01:45:00+00:00,7748.18000,7748.18000,7745.43000,7748.18000,392.00000
2026-09-04 02:00:00+00:00,7747.93000,7748.93000,7746.68000,7748.43000,364.00000
2026-09-04 02:15:00+00:00,7748.68000,7749.18000,7747.93000,7748.93000,224.00000
2026-09-04 02:30:00+00:00,7749.18000,7750.18000,7747.43000,7747.93000,324.00000
2026-09-04 02:45:00+00:00,7748.18000,7749.93000,7747.68000,7749.68000,158.00000
2026-09-04 03:00:00+00:00,7749.43000,7749.93000,7748.43000,7748.93000,60.00000
2026-09-04 03:15:00+00:00,7749.18000,7750.68000,7749.18000,7749.43000,222.00000
2026-09-04 03:30:00+00:00,7749.68000,7750.68000,7749.43000,7749.43000,224.00000
2026-09-04 03:45:00+00:00,7749.18000,7749.68000,7748.68000,7749.18000,88.00000
2026-09-04 04:00:00+00:00,7749.43000,7750.43000,7747.68000,7750.18000,258.00000
2026-09-04 04:15:00+00:00,7750.30000,7752.68000,7749.18000,7752.43000,206.00000
2026-09-04 04:30:00+00:00,7752.55000,7753.18000,7751.18000,7751.68000,230.00000
2026-09-04 04:45:00+00:00,7751.80000,7752.93000,7751.18000,7752.68000,210.00000
2026-09-04 05:00:00+00:00,7752.43000,7754.68000,7752.18000,7754.43000,294.00000
2026-09-04 05:15:00+00:00,7754.18000,7755.93000,7753.93000,7754.18000,342.00000
2026-09-04 05:30:00+00:00,7753.93000,7755.18000,7753.43000,7753.93000,220.00000
2026-09-04 05:45:00+00:00,7754.18000,7754.43000,7751.18000,7752.93000,326.00000
2026-09-04 06:00:00+00:00,7752.68000,7755.46000,7752.43000,7755.21000,470.00000
2026-09-04 06:15:00+00:00,7754.96000,7755.46000,7752.46000,7754.21000,390.00000
2026-09-04 06:30:00+00:00,7753.96000,7754.21000,7750.71000,7751.21000,548.00000
2026-09-04 06:45:00+00:00,7750.96000,7750.96000,7746.96000,7747.21000,416.00000
2026-09-04 07:00:00+00:00,7747.46000,7750.71000,7746.46000,7749.96000,846.00000
2026-09-04 07:15:00+00:00,7749.71000,7751.21000,7747.96000,7751.21000,628.00000
2026-09-04 07:30:00+00:00,7751.46000,7754.21000,7750.83000,7753.46000,450.00000
2026-09-04 07:45:00+00:00,7753.21000,7754.71000,7750.46000,7751.46000,500.00000
2026-09-04 08:00:00+00:00,7751.71000,7752.71000,7749.96000,7750.96000,1182.00000
2026-09-04 08:15:00+00:00,7751.21000,7753.46000,7750.46000,7752.96000,726.00000
2026-09-04 08:30:00+00:00,7753.21000,7753.71000,7750.71000,7752.46000,494.00000
2026-09-04 08:45:00+00:00,7752.71000,7754.46000,7751.46000,7753.58000,446.00000
2026-09-04 09:00:00+00:00,7753.46000,7753.96000,7749.46000,7749.71000,502.00000
2026-09-04 09:15:00+00:00,7749.58000,7750.46000,7747.08000,7747.96000,550.00000
2026-09-04 09:30:00+00:00,7748.21000,7750.46000,7747.21000,7749.46000,322.00000
2026-09-04 09:45:00+00:00,7749.58000,7751.21000,7749.21000,7749.96000,468.00000
2026-09-04 10:00:00+00:00,7749.83000,7751.96000,7749.83000,7751.46000,510.00000
2026-09-04 10:15:00+00:00,7751.71000,7754.96000,7750.71000,7752.71000,540.00000
2026-09-04 10:30:00+00:00,7752.58000,7753.46000,7750.71000,7752.71000,602.00000
2026-09-04 10:45:00+00:00,7752.83000,7755.46000,7752.83000,7753.46000,384.00000
2026-09-04 11:00:00+00:00,7753.71000,7753.96000,7748.71000,7749.71000,396.00000
2026-09-04 11:15:00+00:00,7749.83000,7751.96000,7749.83000,7750.21000,332.00000
2026-09-04 11:30:00+00:00,7750.46000,7752.46000,7750.46000,7752.08000,444.00000
2026-09-04 11:45:00+00:00,7751.96000,7755.46000,7751.96000,7753.71000,426.00000
2026-09-04 12:00:00+00:00,7753.58000,7754.46000,7741.21000,7741.71000,1110.00000
2026-09-04 12:15:00+00:00,7741.96000,7752.83000,7739.96000,7751.58000,1564.00000
2026-09-04 12:30:00+00:00,7750.94000,7751.58000,7723.94000,7731.08000,6576.00000
2026-09-04 12:45:00+00:00,7731.21000,7731.96000,7723.21000,7729.96000,3248.00000
2026-09-04 13:00:00+00:00,7729.83000,7730.96000,7725.96000,7729.96000,1708.00000
2026-09-04 13:15:00+00:00,7730.46000,7734.71000,7729.46000,7733.71000,1588.00000
2026-09-04 13:30:00+00:00,7733.46000,7742.46000,7732.21000,7734.96000,4200.00000
2026-09-04 13:45:00+00:00,7735.08000,7739.71000,7731.96000,7736.46000,2584.00000
2026-09-04 14:00:00+00:00,7736.21000,7736.96000,7721.96000,7729.96000,2760.00000
2026-09-04 14:15:00+00:00,7730.21000,7730.46000,7721.21000,7725.71000,2578.00000
2026-09-04 14:30:00+00:00,7725.96000,7726.71000,7716.21000,7716.71000,2190.00000
2026-09-04 14:45:00+00:00,7716.46000,7718.46000,7706.46000,7707.96000,2542.00000
2026-09-04 15:00:00+00:00,7707.71000,7712.96000,7703.96000,7712.96000,2262.00000
2026-09-04 15:15:00+00:00,7712.71000,7713.46000,7704.71000,7707.96000,1898.00000
2026-09-04 15:30:00+00:00,7708.21000,7713.96000,7703.46000,7713.46000,1612.00000
2026-09-04 15:45:00+00:00,7713.21000,7714.21000,7709.71000,7712.96000,1368.00000
2026-09-04 16:00:00+00:00,7713.21000,7720.96000,7711.96000,7720.96000,1156.00000
2026-09-04 16:15:00+00:00,7720.83000,7725.21000,7719.21000,7719.96000,920.00000
2026-09-04 16:30:00+00:00,7719.71000,7723.21000,7718.96000,7722.71000,876.00000
2026-09-04 16:45:00+00:00,7722.96000,7726.71000,7722.21000,7722.21000,688.00000
2026-09-04 17:00:00+00:00,7722.46000,7723.21000,7716.46000,7716.96000,1122.00000
2026-09-04 17:15:00+00:00,7716.71000,7718.21000,7711.46000,7711.96000,954.00000
2026-09-04 17:30:00+00:00,7711.71000,7711.96000,7706.21000,7706.46000,1324.00000
2026-09-04 17:45:00+00:00,7706.71000,7708.58000,7704.46000,7707.71000,992.00000
2026-09-04 18:00:00+00:00,7707.96000,7710.46000,7705.21000,7709.96000,898.00000
2026-09-04 18:15:00+00:00,7709.71000,7712.96000,7709.21000,7712.21000,704.00000
2026-09-04 18:30:00+00:00,7712.46000,7715.21000,7711.21000,7714.96000,668.00000
2026-09-04 18:45:00+00:00,7715.21000,7717.21000,7714.21000,7715.96000,598.00000
2026-09-04 19:00:00+00:00,7716.21000,7717.21000,7709.21000,7709.46000,838.00000
2026-09-04 19:15:00+00:00,7709.21000,7713.96000,7709.21000,7713.46000,496.00000
2026-09-04 19:30:00+00:00,7713.21000,7713.96000,7709.71000,7712.46000,724.00000
2026-09-04 19:45:00+00:00,7712.71000,7717.96000,7710.93000,7715.18000,1584.00000
2026-09-04 20:00:00+00:00,7715.43000,7715.43000,7707.93000,7710.18000,632.00000
2026-09-04 20:15:00+00:00,7710.68000,7710.68000,7707.68000,7707.93000,192.00000
2026-09-04 20:30:00+00:00,7707.68000,7707.93000,7705.18000,7707.43000,400.00000
2026-09-04 20:45:00+00:00,7707.18000,7708.43000,7706.18000,7706.68000,164.00000
2026-09-06 22:00:00+00:00,7711.86000,7717.99000,7711.74000,7715.99000,850.00000
2026-09-06 22:15:00+00:00,7716.11000,7716.49000,7715.74000,7715.74000,140.00000
2026-09-06 22:30:00+00:00,7715.86000,7716.99000,7715.49000,7716.24000,180.00000
2026-09-06 22:45:00+00:00,7716.36000,7717.11000,7716.24000,7716.24000,86.00000
2026-09-06 23:00:00+00:00,7716.36000,7717.24000,7715.74000,7715.74000,170.00000
2026-09-06 23:15:00+00:00,7715.49000,7716.24000,7713.86000,7714.24000,378.00000
2026-09-06 23:30:00+00:00,7713.99000,7716.74000,7713.49000,7716.24000,404.00000
2026-09-06 23:45:00+00:00,7716.49000,7716.74000,7713.49000,7714.49000,672.00000
2026-09-07 00:00:00+00:00,7714.24000,7717.49000,7712.74000,7716.24000,1522.00000
2026-09-07 00:15:00+00:00,7715.99000,7716.74000,7712.49000,7712.49000,492.00000
2026-09-07 00:30:00+00:00,7712.74000,7713.74000,7710.74000,7712.99000,456.00000
2026-09-07 00:45:00+00:00,7713.11000,7714.24000,7710.74000,7711.11000,532.00000
2026-09-07 01:00:00+00:00,7711.24000,7714.74000,7709.99000,7710.99000,860.00000
2026-09-07 01:15:00+00:00,7710.86000,7714.11000,7709.49000,7713.99000,666.00000
2026-09-07 01:30:00+00:00,7714.11000,7715.49000,7712.99000,7714.49000,928.00000
2026-09-07 01:45:00+00:00,7714.24000,7714.99000,7713.49000,7714.74000,284.00000
2026-09-07 02:00:00+00:00,7714.99000,7714.99000,7712.99000,7713.74000,380.00000
2026-09-07 02:15:00+00:00,7713.61000,7713.99000,7711.49000,7713.24000,342.00000
2026-09-07 02:30:00+00:00,7713.49000,7715.99000,7713.24000,7714.74000,374.00000
2026-09-07 02:45:00+00:00,7714.61000,7714.99000,7710.24000,7710.74000,292.00000
2026-09-07 03:00:00+00:00,7710.49000,7710.49000,7707.49000,7708.49000,416.00000
2026-09-07 03:15:00+00:00,7708.74000,7711.99000,7708.24000,7711.49000,272.00000
2026-09-07 03:30:00+00:00,7711.24000,7715.24000,7709.99000,7709.99000,586.00000
2026-09-07 03:45:00+00:00,7710.24000,7711.24000,7708.49000,7709.24000,432.00000
2026-09-07 04:00:00+00:00,7708.99000,7709.11000,7706.99000,7707.99000,320.00000
2026-09-07 04:15:00+00:00,7707.74000,7707.86000,7705.74000,7706.49000,306.00000
2026-09-07 04:30:00+00:00,7706.61000,7706.99000,7704.24000,7705.99000,270.00000
2026-09-07 04:45:00+00:00,7706.11000,7708.74000,7705.74000,7708.49000,236.00000
2026-09-07 05:00:00+00:00,7707.99000,7708.24000,7705.74000,7706.49000,502.00000
2026-09-07 05:15:00+00:00,7706.36000,7710.49000,7705.49000,7709.99000,398.00000
2026-09-07 05:30:00+00:00,7709.74000,7714.24000,7709.74000,7714.24000,322.00000
2026-09-07 05:45:00+00:00,7713.99000,7714.74000,7709.49000,7709.99000,516.00000
2026-09-07 06:00:00+00:00,7709.86000,7713.52000,7708.27000,7713.27000,718.00000
2026-09-07 06:15:00+00:00,7713.52000,7715.02000,7712.52000,7714.02000,396.00000
2026-09-07 06:30:00+00:00,7714.27000,7719.27000,7713.52000,7716.77000,460.00000
2026-09-07 06:45:00+00:00,7716.89000,7718.52000,7714.52000,7718.39000,610.00000
2026-09-07 07:00:00+00:00,7718.27000,7722.77000,7716.77000,7719.64000,1086.00000
2026-09-07 07:15:00+00:00,7719.52000,7719.77000,7715.02000,7715.02000,842.00000
2026-09-07 07:30:00+00:00,7715.27000,7717.27000,7711.02000,7712.77000,930.00000
2026-09-07 07:45:00+00:00,7712.52000,7719.14000,7712.02000,7718.27000,1694.00000
2026-09-07 08:00:00+00:00,7718.52000,7719.02000,7714.02000,7715.77000,1548.00000
2026-09-07 08:15:00+00:00,7715.89000,7718.27000,7715.52000,7716.52000,848.00000
2026-09-07 08:30:00+00:00,7716.27000,7717.52000,7715.02000,7715.27000,650.00000
2026-09-07 08:45:00+00:00,7715.52000,7716.52000,7713.52000,7715.27000,550.00000
2026-09-07 09:00:00+00:00,7715.14000,7716.02000,7713.52000,7714.02000,546.00000
2026-09-07 09:15:00+00:00,7714.27000,7714.27000,7710.77000,7711.77000,348.00000
2026-09-07 09:30:00+00:00,7712.02000,7713.52000,7709.52000,7713.02000,320.00000
2026-09-07 09:45:00+00:00,7712.77000,7713.52000,7710.77000,7711.27000,328.00000
2026-09-07 10:00:00+00:00,7711.52000,7713.52000,7710.77000,7713.02000,574.00000
2026-09-07 10:15:00+00:00,7712.77000,7714.52000,7712.27000,7712.27000,352.00000
2026-09-07 10:30:00+00:00,7712.52000,7713.52000,7710.77000,7712.27000,284.00000
2026-09-07 10:45:00+00:00,7712.02000,7712.52000,7705.02000,7706.52000,1098.00000
2026-09-07 11:00:00+00:00,7706.39000,7707.02000,7701.27000,7705.77000,1168.00000
2026-09-07 11:15:00+00:00,7706.02000,7706.02000,7699.52000,7701.77000,756.00000
2026-09-07 11:30:00+00:00,7701.52000,7703.52000,7699.52000,7702.02000,700.00000
2026-09-07 11:45:00+00:00,7702.14000,7703.52000,7699.02000,7699.27000,336.00000
2026-09-07 12:00:00+00:00,7699.52000,7703.27000,7698.64000,7699.02000,560.00000
2026-09-07 12:15:00+00:00,7698.77000,7700.02000,7698.02000,7699.52000,430.00000
2026-09-07 12:30:00+00:00,7699.77000,7701.77000,7699.27000,7700.77000,396.00000
2026-09-07 12:45:00+00:00,7701.02000,7707.52000,7701.02000,7705.52000,312.00000
2026-09-07 13:00:00+00:00,7705.27000,7708.27000,7703.27000,7708.02000,438.00000
2026-09-07 13:15:00+00:00,7707.77000,7710.77000,7705.27000,7709.02000,410.00000
2026-09-07 13:30:00+00:00,7709.52000,7711.52000,7706.27000,7707.77000,704.00000
2026-09-07 13:45:00+00:00,7708.02000,7709.02000,7707.27000,7707.77000,502.00000
2026-09-07 14:00:00+00:00,7708.02000,7709.77000,7704.27000,7704.77000,632.00000
2026-09-07 14:15:00+00:00,7705.02000,7705.77000,7703.27000,7704.52000,340.00000
2026-09-07 14:30:00+00:00,7704.27000,7706.27000,7700.77000,7705.77000,432.00000
2026-09-07 14:45:00+00:00,7705.52000,7705.52000,7699.02000,7699.02000,358.00000
2026-09-07 15:00:00+00:00,7699.27000,7702.02000,7699.02000,7699.77000,514.00000
2026-09-07 15:15:00+00:00,7699.52000,7701.27000,7698.02000,7700.02000,382.00000
2026-09-07 15:30:00+00:00,7700.27000,7703.02000,7699.77000,7702.02000,444.00000
2026-09-07 15:45:00+00:00,7702.27000,7702.27000,7699.77000,7701.77000,214.00000
2026-09-07 16:00:00+00:00,7702.02000,7703.27000,7701.02000,7703.14000,192.00000
2026-09-07 16:15:00+00:00,7703.27000,7703.77000,7701.52000,7702.27000,118.00000
2026-09-07 16:30:00+00:00,7702.02000,7704.52000,7701.77000,7704.27000,200.00000
2026-09-07 16:45:00+00:00,7704.14000,7704.52000,7702.77000,7703.27000,340.00000
2026-09-07 22:00:00+00:00,7704.61000,7705.36000,7702.36000,7703.61000,912.00000
2026-09-07 22:15:00+00:00,7703.86000,7703.86000,7700.61000,7701.11000,402.00000
2026-09-07 22:30:00+00:00,7700.86000,7700.86000,7697.61000,7699.86000,294.00000
2026-09-07 22:45:00+00:00,7700.11000,7700.61000,7698.61000,7699.86000,272.00000
2026-09-07 23:00:00+00:00,7699.36000,7700.36000,7698.11000,7698.61000,240.00000
2026-09-07 23:15:00+00:00,7698.36000,7698.86000,7694.61000,7698.36000,678.00000
2026-09-07 23:30:00+00:00,7698.11000,7704.86000,7697.11000,7704.61000,536.00000
2026-09-07 23:45:00+00:00,7704.86000,7707.86000,7704.11000,7707.23000,864.00000
2026-09-08 00:00:00+00:00,7707.36000,7709.61000,7704.48000,7705.11000,1768.00000
2026-09-08 00:15:00+00:00,7704.98000,7705.86000,7699.36000,7705.61000,1246.00000
2026-09-08 00:30:00+00:00,7705.48000,7708.11000,7704.61000,7706.61000,734.00000
2026-09-08 00:45:00+00:00,7706.86000,7707.61000,7705.86000,7705.86000,486.00000
2026-09-08 01:00:00+00:00,7706.11000,7706.73000,7698.86000,7706.36000,1464.00000
2026-09-08 01:15:00+00:00,7706.23000,7708.36000,7704.61000,7707.61000,842.00000
2026-09-08 01:30:00+00:00,7707.86000,7712.86000,7706.86000,7711.11000,786.00000
2026-09-08 01:45:00+00:00,7710.86000,7715.61000,7710.36000,7715.36000,562.00000
2026-09-08 02:00:00+00:00,7715.86000,7716.11000,7712.86000,7713.61000,746.00000
2026-09-08 02:15:00+00:00,7713.86000,7715.61000,7713.36000,7714.11000,566.00000
2026-09-08 02:30:00+00:00,7713.86000,7714.61000,7712.61000,7712.61000,358.00000
2026-09-08 02:45:00+00:00,7712.86000,7713.36000,7707.86000,7708.11000,388.00000
2026-09-08 03:00:00+00:00,7708.36000,7713.11000,7708.11000,7712.61000,478.00000
2026-09-08 03:15:00+00:00,7712.36000,7717.86000,7712.23000,7717.61000,390.00000
2026-09-08 03:30:00+00:00,7717.86000,7718.11000,7715.11000,7716.36000,606.00000
2026-09-08 03:45:00+00:00,7716.11000,7717.86000,7714.98000,7717.36000,428.00000
2026-09-08 04:00:00+00:00,7717.61000,7718.61000,7716.36000,7717.98000,442.00000
2026-09-08 04:15:00+00:00,7718.11000,7719.86000,7717.36000,7718.86000,264.00000
2026-09-08 04:30:00+00:00,7718.73000,7720.61000,7716.36000,7720.11000,442.00000
2026-09-08 04:45:00+00:00,7719.86000,7720.61000,7717.36000,7718.11000,436.00000
2026-09-08 05:00:00+00:00,7718.23000,7718.36000,7710.61000,7711.36000,1018.00000
2026-09-08 05:15:00+00:00,7711.11000,7717.36000,7710.23000,7711.36000,1478.00000
2026-09-08 05:30:00+00:00,7711.23000,7711.36000,7704.23000,7704.36000,1996.00000
2026-09-08 05:45:00+00:00,7704.61000,7706.11000,7700.11000,7700.61000,1484.00000
2026-09-08 06:00:00+00:00,7701.11000,7701.86000,7695.64000,7696.64000,2182.00000
2026-09-08 06:15:00+00:00,7696.39000,7697.39000,7689.89000,7692.89000,1998.00000
2026-09-08 06:30:00+00:00,7692.64000,7698.89000,7690.14000,7697.89000,1218.00000
2026-09-08 06:45:00+00:00,7697.76000,7699.89000,7695.89000,7698.39000,1056.00000
2026-09-08 07:00:00+00:00,7698.64000,7705.39000,7696.39000,7700.39000,2108.00000
2026-09-08 07:15:00+00:00,7700.64000,7701.14000,7697.14000,7699.64000,1514.00000
2026-09-08 07:30:00+00:00,7699.39000,7699.89000,7688.76000,7690.89000,1720.00000
2026-09-08 07:45:00+00:00,7691.01000,7691.64000,7684.89000,7687.26000,1598.00000
2026-09-08 08:00:00+00:00,7687.14000,7691.39000,7682.64000,7687.89000,3812.00000
2026-09-08 08:15:00+00:00,7688.14000,7690.39000,7685.39000,7685.64000,2580.00000
2026-09-08 08:30:00+00:00,7685.51000,7689.39000,7683.39000,7685.01000,2442.00000
2026-09-08 08:45:00+00:00,7684.89000,7690.14000,7683.14000,7687.39000,2652.00000
2026-09-08 09:00:00+00:00,7687.14000,7693.89000,7684.01000,7692.76000,2162.00000
2026-09-08 09:15:00+00:00,7692.64000,7695.39000,7691.14000,7695.14000,1234.00000
2026-09-08 09:30:00+00:00,7695.26000,7701.64000,7694.39000,7698.14000,1332.00000
2026-09-08 09:45:00+00:00,7697.89000,7703.89000,7697.64000,7703.89000,808.00000
2026-09-08 10:00:00+00:00,7703.64000,7704.14000,7698.89000,7700.89000,768.00000
2026-09-08 10:15:00+00:00,7700.64000,7713.01000,7700.39000,7701.89000,1578.00000
2026-09-08 10:30:00+00:00,7702.14000,7702.14000,7696.39000,7698.14000,750.00000
2026-09-08 10:45:00+00:00,7697.89000,7698.14000,7690.64000,7693.64000,1016.00000
2026-09-08 11:00:00+00:00,7693.14000,7697.14000,7688.14000,7690.39000,1556.00000
2026-09-08 11:15:00+00:00,7690.64000,7695.64000,7690.64000,7693.14000,756.00000
2026-09-08 11:30:00+00:00,7693.01000,7696.14000,7691.89000,7692.89000,868.00000
2026-09-08 11:45:00+00:00,7693.14000,7701.14000,7690.89000,7700.89000,1046.00000
2026-09-08 12:00:00+00:00,7700.64000,7700.64000,7692.64000,7693.14000,1360.00000
2026-09-08 12:15:00+00:00,7693.39000,7700.39000,7691.39000,7700.39000,1326.00000
2026-09-08 12:30:00+00:00,7700.64000,7705.39000,7699.89000,7705.39000,1188.00000
2026-09-08 12:45:00+00:00,7705.51000,7709.39000,7703.64000,7709.14000,988.00000
2026-09-08 13:00:00+00:00,7708.89000,7710.14000,7705.89000,7708.64000,1078.00000
2026-09-08 13:15:00+00:00,7708.39000,7710.64000,7705.89000,7706.14000,1006.00000
2026-09-08 13:30:00+00:00,7706.39000,7712.64000,7686.39000,7688.14000,4022.00000
2026-09-08 13:45:00+00:00,7688.39000,7696.14000,7683.39000,7689.89000,3828.00000
2026-09-08 14:00:00+00:00,7689.64000,7691.64000,7675.14000,7679.89000,3876.00000
2026-09-08 14:15:00+00:00,7679.64000,7686.76000,7676.51000,7682.39000,2776.00000
2026-09-08 14:30:00+00:00,7682.51000,7687.39000,7679.64000,7686.39000,2506.00000
2026-09-08 14:45:00+00:00,7686.64000,7694.64000,7681.89000,7691.89000,2050.00000
2026-09-08 15:00:00+00:00,7692.39000,7698.64000,7690.14000,7695.89000,1606.00000
2026-09-08 15:15:00+00:00,7695.64000,7699.14000,7688.89000,7693.64000,1648.00000
2026-09-08 15:30:00+00:00,7693.89000,7696.39000,7688.89000,7695.39000,1464.00000
2026-09-08 15:45:00+00:00,7695.64000,7695.89000,7688.89000,7689.39000,1310.00000
2026-09-08 16:00:00+00:00,7689.14000,7693.39000,7685.64000,7687.64000,1468.00000
2026-09-08 16:15:00+00:00,7687.39000,7691.89000,7683.39000,7686.64000,1220.00000
2026-09-08 16:30:00+00:00,7686.39000,7688.64000,7683.64000,7685.64000,1104.00000
2026-09-08 16:45:00+00:00,7686.14000,7691.64000,7681.14000,7684.89000,1764.00000
2026-09-08 17:00:00+00:00,7684.64000,7696.89000,7684.64000,7691.89000,1432.00000
2026-09-08 17:15:00+00:00,7692.14000,7692.89000,7687.39000,7690.39000,950.00000
2026-09-08 17:30:00+00:00,7690.64000,7694.39000,7688.64000,7689.14000,890.00000
2026-09-08 17:45:00+00:00,7689.39000,7693.89000,7688.89000,7690.14000,782.00000
2026-09-08 18:00:00+00:00,7690.39000,7694.14000,7690.14000,7693.14000,822.00000
2026-09-08 18:15:00+00:00,7693.39000,7694.39000,7690.89000,7693.14000,654.00000
2026-09-08 18:30:00+00:00,7693.39000,7693.39000,7686.14000,7690.64000,840.00000
2026-09-08 18:45:00+00:00,7690.89000,7691.64000,7672.14000,7683.14000,3080.00000
2026-09-08 19:00:00+00:00,7683.39000,7686.39000,7680.39000,7684.64000,1428.00000
2026-09-08 19:15:00+00:00,7684.89000,7686.14000,7680.64000,7685.64000,1032.00000
2026-09-08 19:30:00+00:00,7685.39000,7687.14000,7682.64000,7683.89000,892.00000
2026-09-08 19:45:00+00:00,7684.14000,7684.64000,7667.36000,7676.11000,2898.00000
2026-09-08 20:00:00+00:00,7675.86000,7677.86000,7669.11000,7673.86000,828.00000
2026-09-08 20:15:00+00:00,7674.11000,7674.61000,7670.36000,7670.61000,456.00000
2026-09-08 20:30:00+00:00,7670.36000,7672.61000,7669.11000,7672.61000,300.00000
2026-09-08 20:45:00+00:00,7672.36000,7674.11000,7671.61000,7674.11000,182.00000
2026-09-08 22:00:00+00:00,7674.30000,7675.93000,7672.18000,7674.05000,898.00000
2026-09-08 22:15:00+00:00,7673.93000,7675.68000,7673.18000,7674.93000,294.00000
2026-09-08 22:30:00+00:00,7675.18000,7675.68000,7673.93000,7674.93000,178.00000
2026-09-08 22:45:00+00:00,7675.18000,7678.18000,7675.05000,7678.18000,150.00000
2026-09-08 23:00:00+00:00,7678.05000,7678.18000,7675.68000,7675.93000,202.00000
2026-09-08 23:15:00+00:00,7675.80000,7675.80000,7673.18000,7673.43000,216.00000
2026-09-08 23:30:00+00:00,7673.68000,7673.93000,7671.18000,7671.68000,182.00000
2026-09-08 23:45:00+00:00,7671.43000,7672.43000,7668.43000,7670.18000,676.00000
2026-09-09 00:00:00+00:00,7669.93000,7679.68000,7669.93000,7676.68000,1582.00000
2026-09-09 00:15:00+00:00,7676.43000,7676.68000,7671.93000,7673.68000,1382.00000
2026-09-09 00:30:00+00:00,7673.80000,7675.68000,7670.68000,7675.43000,1486.00000
2026-09-09 00:45:00+00:00,7675.30000,7678.18000,7674.18000,7677.93000,880.00000
2026-09-09 01:00:00+00:00,7677.68000,7679.68000,7676.93000,7678.93000,868.00000
2026-09-09 01:15:00+00:00,7678.80000,7682.68000,7678.43000,7681.43000,540.00000
2026-09-09 01:30:00+00:00,7680.93000,7683.43000,7680.18000,7680.43000,652.00000
2026-09-09 01:45:00+00:00,7680.55000,7682.43000,7679.18000,7680.68000,570.00000
2026-09-09 02:00:00+00:00,7680.93000,7682.43000,7679.68000,7679.93000,492.00000
2026-09-09 02:15:00+00:00,7680.05000,7681.68000,7678.43000,7680.93000,636.00000
2026-09-09 02:30:00+00:00,7680.68000,7682.68000,7680.18000,7682.18000,440.00000
2026-09-09 02:45:00+00:00,7681.93000,7682.93000,7681.43000,7681.43000,230.00000
2026-09-09 03:00:00+00:00,7681.68000,7681.93000,7678.43000,7679.43000,406.00000
2026-09-09 03:15:00+00:00,7679.68000,7681.43000,7679.43000,7680.43000,408.00000
2026-09-09 03:30:00+00:00,7680.68000,7681.43000,7679.43000,7680.43000,644.00000
2026-09-09 03:45:00+00:00,7680.55000,7680.68000,7677.68000,7677.93000,682.00000
2026-09-09 04:00:00+00:00,7678.05000,7680.43000,7676.18000,7677.18000,774.00000
2026-09-09 04:15:00+00:00,7677.05000,7682.18000,7676.68000,7680.93000,832.00000
2026-09-09 04:30:00+00:00,7681.05000,7683.68000,7679.68000,7683.43000,586.00000
2026-09-09 04:45:00+00:00,7683.68000,7684.93000,7683.43000,7684.43000,310.00000
2026-09-09 05:00:00+00:00,7684.55000,7684.68000,7682.43000,7683.93000,392.00000
2026-09-09 05:15:00+00:00,7683.80000,7683.80000,7679.18000,7681.68000,708.00000
2026-09-09 05:30:00+00:00,7681.93000,7682.93000,7679.43000,7681.68000,1142.00000
2026-09-09 05:45:00+00:00,7681.80000,7686.43000,7681.43000,7686.43000,496.00000
2026-09-09 06:00:00+00:00,7686.68000,7686.93000,7683.21000,7685.96000,512.00000
2026-09-09 06:15:00+00:00,7686.21000,7686.21000,7679.96000,7680.96000,660.00000
2026-09-09 06:30:00+00:00,7681.21000,7684.21000,7679.96000,7683.96000,882.00000
2026-09-09 06:45:00+00:00,7683.71000,7683.96000,7680.21000,7680.71000,930.00000
2026-09-09 07:00:00+00:00,7680.96000,7686.71000,7678.46000,7680.46000,1580.00000
2026-09-09 07:15:00+00:00,7680.33000,7686.71000,7679.21000,7686.46000,1624.00000
2026-09-09 07:30:00+00:00,7686.33000,7686.46000,7681.71000,7682.58000,888.00000
2026-09-09 07:45:00+00:00,7682.46000,7682.71000,7676.96000,7680.71000,1080.00000
2026-09-09 08:00:00+00:00,7680.46000,7683.21000,7678.96000,7679.46000,1780.00000
2026-09-09 08:15:00+00:00,7679.58000,7681.21000,7676.71000,7680.46000,1116.00000
2026-09-09 08:30:00+00:00,7680.21000,7681.46000,7673.96000,7673.96000,1580.00000
2026-09-09 08:45:00+00:00,7674.21000,7678.96000,7673.71000,7677.71000,1146.00000
2026-09-09 09:00:00+00:00,7677.96000,7679.46000,7673.46000,7676.21000,1184.00000
2026-09-09 09:15:00+00:00,7676.46000,7677.21000,7670.71000,7672.96000,904.00000
2026-09-09 09:30:00+00:00,7672.71000,7674.96000,7665.21000,7666.08000,1344.00000
2026-09-09 09:45:00+00:00,7665.96000,7667.21000,7652.71000,7654.71000,2390.00000
2026-09-09 10:00:00+00:00,7654.96000,7659.96000,7651.46000,7655.33000,2728.00000
2026-09-09 10:15:00+00:00,7655.21000,7660.71000,7652.96000,7656.71000,2080.00000
2026-09-09 10:30:00+00:00,7656.58000,7656.71000,7650.21000,7650.46000,1834.00000
2026-09-09 10:45:00+00:00,7650.33000,7650.71000,7643.21000,7645.46000,2182.00000
2026-09-09 11:00:00+00:00,7646.21000,7653.21000,7644.46000,7649.96000,2164.00000
2026-09-09 11:15:00+00:00,7650.21000,7654.21000,7645.46000,7651.71000,1514.00000
2026-09-09 11:30:00+00:00,7651.46000,7651.46000,7646.21000,7646.71000,1594.00000
2026-09-09 11:45:00+00:00,7646.46000,7658.96000,7646.46000,7648.21000,2702.00000
2026-09-09 12:00:00+00:00,7648.46000,7648.96000,7640.21000,7640.33000,1572.00000
2026-09-09 12:15:00+00:00,7640.46000,7645.21000,7640.46000,7642.46000,1456.00000
2026-09-09 12:30:00+00:00,7642.21000,7649.46000,7641.21000,7648.21000,1442.00000
2026-09-09 12:45:00+00:00,7648.33000,7652.46000,7648.33000,7650.96000,836.00000
2026-09-09 13:00:00+00:00,7650.71000,7654.96000,7649.71000,7651.96000,996.00000
2026-09-09 13:15:00+00:00,7651.71000,7657.96000,7650.46000,7655.96000,994.00000
2026-09-09 13:30:00+00:00,7656.21000,7659.21000,7647.46000,7652.33000,4686.00000
2026-09-09 13:45:00+00:00,7652.21000,7657.46000,7649.46000,7656.46000,3458.00000
2026-09-09 14:00:00+00:00,7656.71000,7657.46000,7649.21000,7654.46000,2442.00000
2026-09-09 14:15:00+00:00,7654.21000,7656.21000,7640.21000,7655.21000,3000.00000
2026-09-09 14:30:00+00:00,7654.96000,7655.46000,7647.96000,7653.21000,2490.00000
2026-09-09 14:45:00+00:00,7652.96000,7654.96000,7649.71000,7653.46000,2106.00000
2026-09-09 15:00:00+00:00,7653.71000,7659.96000,7629.21000,7631.46000,4318.00000
2026-09-09 15:15:00+00:00,7631.21000,7636.83000,7624.46000,7630.71000,3220.00000
2026-09-09 15:30:00+00:00,7630.96000,7646.21000,7629.96000,7637.83000,2848.00000
2026-09-09 15:45:00+00:00,7637.71000,7641.71000,7633.96000,7636.96000,1660.00000
2026-09-09 16:00:00+00:00,7636.46000,7639.46000,7629.46000,7631.71000,1540.00000
2026-09-09 16:15:00+00:00,7631.46000,7633.46000,7628.46000,7631.46000,1152.00000
2026-09-09 16:30:00+00:00,7631.21000,7639.96000,7631.21000,7639.96000,1258.00000
2026-09-09 16:45:00+00:00,7640.21000,7644.21000,7637.21000,7641.21000,1086.00000
2026-09-09 17:00:00+00:00,7640.96000,7647.71000,7639.21000,7646.96000,1616.00000
2026-09-09 17:15:00+00:00,7647.21000,7648.46000,7643.21000,7644.71000,1106.00000
2026-09-09 17:30:00+00:00,7644.96000,7645.96000,7639.21000,7644.46000,1198.00000
2026-09-09 17:45:00+00:00,7644.71000,7648.71000,7644.21000,7645.71000,858.00000
2026-09-09 18:00:00+00:00,7645.83000,7647.46000,7639.71000,7639.71000,780.00000
2026-09-09 18:15:00+00:00,7639.46000,7645.96000,7638.46000,7643.96000,848.00000
2026-09-09 18:30:00+00:00,7643.71000,7648.46000,7641.21000,7647.21000,746.00000
2026-09-09 18:45:00+00:00,7647.46000,7649.21000,7644.21000,7644.46000,736.00000
2026-09-09 19:00:00+00:00,7644.71000,7646.96000,7641.96000,7645.21000,774.00000
2026-09-09 19:15:00+00:00,7645.33000,7649.71000,7645.21000,7646.71000,626.00000
2026-09-09 19:30:00+00:00,7646.96000,7647.96000,7641.71000,7643.71000,656.00000
2026-09-09 19:45:00+00:00,7643.83000,7645.21000,7636.96000,7640.18000,1456.00000
2026-09-09 20:00:00+00:00,7640.68000,7642.93000,7637.93000,7641.68000,550.00000
2026-09-09 20:15:00+00:00,7641.93000,7642.18000,7640.43000,7640.93000,204.00000
2026-09-09 20:30:00+00:00,7640.68000,7643.18000,7640.43000,7642.43000,262.00000
2026-09-09 20:45:00+00:00,7642.18000,7643.43000,7641.43000,7643.43000,124.00000
2026-09-09 22:00:00+00:00,7643.45000,7646.45000,7641.95000,7642.45000,640.00000
2026-09-09 22:15:00+00:00,7642.70000,7642.95000,7641.45000,7641.70000,328.00000
2026-09-09 22:30:00+00:00,7642.20000,7643.45000,7641.70000,7643.07000,248.00000
2026-09-09 22:45:00+00:00,7642.95000,7643.45000,7641.95000,7642.70000,192.00000
2026-09-09 23:00:00+00:00,7642.45000,7642.70000,7641.70000,7641.95000,156.00000
2026-09-09 23:15:00+00:00,7641.82000,7643.70000,7641.20000,7642.95000,356.00000
2026-09-09 23:30:00+00:00,7643.20000,7643.70000,7642.95000,7643.45000,116.00000
2026-09-09 23:45:00+00:00,7643.70000,7648.57000,7642.95000,7647.70000,734.00000
2026-09-10 00:00:00+00:00,7647.95000,7650.20000,7646.20000,7647.20000,1362.00000
2026-09-10 00:15:00+00:00,7647.45000,7651.70000,7647.20000,7651.70000,1004.00000
2026-09-10 00:30:00+00:00,7651.45000,7651.70000,7647.70000,7649.70000,846.00000
2026-09-10 00:45:00+00:00,7649.45000,7649.45000,7642.70000,7643.20000,1056.00000
2026-09-10 01:00:00+00:00,7642.95000,7645.95000,7641.95000,7643.45000,1798.00000
2026-09-10 01:15:00+00:00,7643.20000,7645.95000,7640.70000,7641.20000,1628.00000
2026-09-10 01:30:00+00:00,7640.95000,7645.32000,7639.70000,7644.70000,1316.00000
2026-09-10 01:45:00+00:00,7644.45000,7647.70000,7643.70000,7646.95000,1174.00000
2026-09-10 02:00:00+00:00,7646.70000,7647.70000,7643.95000,7646.70000,1040.00000
2026-09-10 02:15:00+00:00,7646.45000,7646.70000,7643.95000,7644.70000,982.00000
2026-09-10 02:30:00+00:00,7644.57000,7650.95000,7644.45000,7649.70000,770.00000
2026-09-10 02:45:00+00:00,7649.95000,7650.70000,7648.70000,7650.20000,618.00000
2026-09-10 03:00:00+00:00,7649.95000,7652.20000,7649.95000,7649.95000,430.00000
2026-09-10 03:15:00+00:00,7650.20000,7651.45000,7647.57000,7649.70000,602.00000
2026-09-10 03:30:00+00:00,7649.57000,7650.45000,7648.70000,7650.20000,784.00000
2026-09-10 03:45:00+00:00,7650.45000,7652.20000,7649.95000,7651.95000,498.00000
2026-09-10 04:00:00+00:00,7651.82000,7652.95000,7650.95000,7652.20000,542.00000
2026-09-10 04:15:00+00:00,7652.45000,7652.70000,7650.70000,7651.95000,334.00000
2026-09-10 04:30:00+00:00,7651.70000,7653.20000,7651.45000,7651.70000,356.00000
2026-09-10 04:45:00+00:00,7651.95000,7655.45000,7651.70000,7654.45000,344.00000
2026-09-10 05:00:00+00:00,7654.70000,7655.95000,7653.45000,7655.45000,596.00000
2026-09-10 05:15:00+00:00,7655.32000,7658.45000,7654.95000,7658.45000,598.00000
2026-09-10 05:30:00+00:00,7658.57000,7660.45000,7656.95000,7658.45000,596.00000
2026-09-10 05:45:00+00:00,7658.70000,7661.07000,7656.45000,7658.95000,674.00000
2026-09-10 06:00:00+00:00,7658.82000,7660.20000,7656.73000,7657.23000,1048.00000
2026-09-10 06:15:00+00:00,7656.98000,7659.23000,7654.98000,7659.23000,624.00000
2026-09-10 06:30:00+00:00,7658.98000,7661.73000,7658.23000,7660.23000,690.00000
2026-09-10 06:45:00+00:00,7660.48000,7661.98000,7658.73000,7659.48000,438.00000
2026-09-10 07:00:00+00:00,7659.23000,7659.48000,7655.73000,7658.48000,1070.00000
2026-09-10 07:15:00+00:00,7658.23000,7659.48000,7653.23000,7653.23000,878.00000
2026-09-10 07:30:00+00:00,7653.48000,7656.23000,7651.98000,7656.23000,1304.00000
2026-09-10 07:45:00+00:00,7655.98000,7656.98000,7654.23000,7654.98000,832.00000
2026-09-10 08:00:00+00:00,7655.23000,7657.98000,7653.23000,7653.48000,1674.00000
2026-09-10 08:15:00+00:00,7653.73000,7656.48000,7651.98000,7655.60000,1316.00000
2026-09-10 08:30:00+00:00,7655.98000,7656.73000,7648.48000,7649.23000,1348.00000
2026-09-10 08:45:00+00:00,7649.48000,7650.98000,7646.98000,7647.98000,898.00000
2026-09-10 09:00:00+00:00,7648.23000,7650.98000,7646.98000,7648.48000,1106.00000
2026-09-10 09:15:00+00:00,7648.73000,7649.73000,7645.23000,7645.98000,1108.00000
2026-09-10 09:30:00+00:00,7645.73000,7646.23000,7641.48000,7646.10000,1094.00000
2026-09-10 09:45:00+00:00,7645.98000,7650.48000,7645.73000,7647.48000,1002.00000
2026-09-10 10:00:00+00:00,7647.73000,7649.48000,7645.23000,7646.23000,1136.00000
2026-09-10 10:15:00+00:00,7645.98000,7648.98000,7645.98000,7646.73000,954.00000
2026-09-10 10:30:00+00:00,7646.98000,7648.98000,7642.73000,7646.98000,1178.00000
2026-09-10 10:45:00+00:00,7646.73000,7651.98000,7641.73000,7643.98000,1704.00000
2026-09-10 11:00:00+00:00,7643.73000,7644.23000,7638.23000,7640.73000,1998.00000
2026-09-10 11:15:00+00:00,7640.48000,7641.23000,7638.23000,7638.73000,972.00000
2026-09-10 11:30:00+00:00,7638.98000,7643.98000,7638.73000,7640.23000,1112.00000
2026-09-10 11:45:00+00:00,7639.98000,7641.48000,7627.48000,7627.48000,1968.00000
2026-09-10 12:00:00+00:00,7627.73000,7630.48000,7624.48000,7628.60000,2592.00000
2026-09-10 12:15:00+00:00,7628.73000,7629.23000,7619.35000,7621.46000,2882.00000
2026-09-10 12:30:00+00:00,7620.96000,7625.10000,7594.48000,7598.23000,5797.00000
2026-09-10 12:45:00+00:00,7598.10000,7602.48000,7593.23000,7597.23000,3908.00000
2026-09-10 13:00:00+00:00,7597.48000,7604.48000,7596.23000,7596.48000,2916.00000
2026-09-10 13:15:00+00:00,7596.23000,7598.98000,7591.48000,7594.23000,2928.00000
2026-09-10 13:30:00+00:00,7595.23000,7601.98000,7589.98000,7595.98000,6234.00000
2026-09-10 13:45:00+00:00,7596.23000,7604.48000,7581.73000,7582.48000,4936.00000
2026-09-10 14:00:00+00:00,7581.98000,7592.48000,7581.23000,7588.73000,4068.00000
2026-09-10 14:15:00+00:00,7588.48000,7615.48000,7586.23000,7601.98000,4720.00000
2026-09-10 14:30:00+00:00,7602.23000,7610.98000,7601.48000,7603.48000,3310.00000
2026-09-10 14:45:00+00:00,7602.98000,7609.98000,7599.48000,7608.98000,3416.00000
2026-09-10 15:00:00+00:00,7609.23000,7609.73000,7600.48000,7605.48000,2906.00000
2026-09-10 15:15:00+00:00,7605.23000,7610.73000,7601.48000,7606.73000,2416.00000
2026-09-10 15:30:00+00:00,7606.98000,7614.73000,7605.23000,7608.98000,2334.00000
2026-09-10 15:45:00+00:00,7609.23000,7609.98000,7596.98000,7600.48000,2270.00000
2026-09-10 16:00:00+00:00,7600.35000,7605.73000,7593.23000,7595.98000,2266.00000
2026-09-10 16:15:00+00:00,7595.73000,7599.23000,7592.73000,7595.73000,1686.00000
2026-09-10 16:30:00+00:00,7595.23000,7603.73000,7587.23000,7602.98000,2656.00000
2026-09-10 16:45:00+00:00,7602.73000,7608.48000,7601.98000,7606.98000,2022.00000
2026-09-10 17:00:00+00:00,7606.73000,7613.10000,7602.73000,7604.98000,1950.00000
2026-09-10 17:15:00+00:00,7604.73000,7606.73000,7599.98000,7600.98000,1336.00000
2026-09-10 17:30:00+00:00,7600.73000,7602.73000,7595.23000,7599.23000,1356.00000
2026-09-10 17:45:00+00:00,7599.48000,7600.48000,7596.98000,7597.98000,1196.00000
2026-09-10 18:00:00+00:00,7597.73000,7600.73000,7589.73000,7591.98000,1540.00000
2026-09-10 18:15:00+00:00,7591.73000,7595.48000,7589.73000,7592.23000,1268.00000
2026-09-10 18:30:00+00:00,7591.98000,7594.23000,7587.48000,7593.23000,1190.00000
2026-09-10 18:45:00+00:00,7592.98000,7598.98000,7589.23000,7592.48000,2118.00000
2026-09-10 19:00:00+00:00,7592.35000,7594.98000,7588.23000,7593.23000,1778.00000
2026-09-10 19:15:00+00:00,7593.48000,7594.73000,7588.73000,7591.48000,1326.00000
2026-09-10 19:30:00+00:00,7591.23000,7598.23000,7589.73000,7595.73000,1294.00000
2026-09-10 19:45:00+00:00,7595.48000,7597.73000,7591.48000,7594.20000,2084.00000
2026-09-10 20:00:00+00:00,7594.70000,7601.70000,7591.45000,7601.45000,1528.00000
2026-09-10 20:15:00+00:00,7601.70000,7601.95000,7598.95000,7599.20000,564.00000
2026-09-10 20:30:00+00:00,7599.45000,7600.45000,7598.70000,7599.70000,306.00000
2026-09-10 20:45:00+00:00,7599.82000,7600.95000,7594.95000,7595.95000,210.00000
2026-09-10 22:00:00+00:00,7597.93000,7599.68000,7596.43000,7598.68000,730.00000
2026-09-10 22:15:00+00:00,7598.80000,7603.18000,7597.05000,7597.05000,590.00000
2026-09-10 22:30:00+00:00,7596.93000,7598.18000,7594.93000,7595.18000,616.00000
2026-09-10 22:45:00+00:00,7594.93000,7597.93000,7594.43000,7595.68000,422.00000
2026-09-10 23:00:00+00:00,7596.18000,7597.43000,7595.18000,7597.30000,424.00000
2026-09-10 23:15:00+00:00,7597.43000,7597.68000,7595.68000,7596.18000,306.00000
2026-09-10 23:30:00+00:00,7596.93000,7597.68000,7595.93000,7597.18000,486.00000
2026-09-10 23:45:00+00:00,7596.93000,7597.18000,7590.43000,7590.93000,1156.00000
2026-09-11 00:00:00+00:00,7591.18000,7602.18000,7590.43000,7600.43000,2120.00000
2026-09-11 00:15:00+00:00,7600.68000,7604.93000,7598.93000,7604.43000,1308.00000
2026-09-11 00:30:00+00:00,7604.55000,7608.30000,7601.43000,7602.93000,1144.00000
2026-09-11 00:45:00+00:00,7603.18000,7609.68000,7602.93000,7609.30000,964.00000
2026-09-11 01:00:00+00:00,7609.43000,7612.18000,7608.68000,7609.43000,1236.00000
2026-09-11 01:15:00+00:00,7609.68000,7609.68000,7605.18000,7605.18000,1050.00000
2026-09-11 01:30:00+00:00,7605.43000,7607.43000,7603.18000,7604.68000,1220.00000
2026-09-11 01:45:00+00:00,7604.43000,7606.05000,7602.93000,7605.93000,980.00000
2026-09-11 02:00:00+00:00,7606.05000,7607.18000,7604.43000,7606.18000,962.00000
2026-09-11 02:15:00+00:00,7606.30000,7606.30000,7600.93000,7602.18000,794.00000
2026-09-11 02:30:00+00:00,7602.43000,7602.68000,7598.43000,7599.18000,978.00000
2026-09-11 02:45:00+00:00,7599.43000,7603.93000,7598.68000,7599.68000,1122.00000
2026-09-11 03:00:00+00:00,7599.43000,7600.18000,7595.68000,7598.18000,878.00000
2026-09-11 03:15:00+00:00,7597.93000,7599.43000,7596.05000,7597.18000,1004.00000
2026-09-11 03:30:00+00:00,7597.30000,7600.43000,7593.93000,7599.68000,1118.00000
2026-09-11 03:45:00+00:00,7599.93000,7600.18000,7595.18000,7596.93000,1102.00000
2026-09-11 04:00:00+00:00,7597.05000,7603.18000,7594.68000,7602.68000,2080.00000
2026-09-11 04:15:00+00:00,7602.55000,7606.93000,7600.68000,7606.93000,1216.00000
2026-09-11 04:30:00+00:00,7606.80000,7608.55000,7606.18000,7608.43000,894.00000
2026-09-11 04:45:00+00:00,7608.68000,7610.43000,7607.18000,7607.18000,900.00000
2026-09-11 05:00:00+00:00,7606.93000,7612.68000,7606.68000,7612.43000,1222.00000
2026-09-11 05:15:00+00:00,7612.30000,7612.93000,7607.68000,7607.93000,948.00000
2026-09-11 05:30:00+00:00,7608.43000,7616.68000,7608.18000,7616.18000,1294.00000
2026-09-11 05:45:00+00:00,7615.93000,7623.43000,7613.68000,7622.18000,1266.00000
2026-09-11 06:00:00+00:00,7621.93000,7625.46000,7618.46000,7623.71000,1672.00000
2026-09-11 06:15:00+00:00,7623.96000,7624.96000,7621.96000,7622.96000,1104.00000
2026-09-11 06:30:00+00:00,7623.21000,7624.96000,7619.71000,7622.21000,1178.00000
2026-09-11 06:45:00+00:00,7622.46000,7628.21000,7622.46000,7627.08000,1090.00000
2026-09-11 07:00:00+00:00,7626.96000,7628.96000,7625.21000,7626.46000,1640.00000
2026-09-11 07:15:00+00:00,7626.71000,7627.71000,7623.21000,7623.21000,1282.00000
2026-09-11 07:30:00+00:00,7623.46000,7624.96000,7621.46000,7622.21000,1156.00000
2026-09-11 07:45:00+00:00,7622.46000,7623.46000,7620.71000,7622.71000,920.00000
2026-09-11 08:00:00+00:00,7623.08000,7626.46000,7619.21000,7623.21000,1968.00000
2026-09-11 08:15:00+00:00,7622.96000,7637.83000,7622.21000,7627.33000,2212.00000
2026-09-11 08:30:00+00:00,7627.21000,7634.21000,7627.21000,7630.46000,1544.00000
2026-09-11 08:45:00+00:00,7630.58000,7639.96000,7629.71000,7639.96000,1296.00000
2026-09-11 09:00:00+00:00,7640.21000,7643.21000,7633.46000,7633.46000,1346.00000
2026-09-11 09:15:00+00:00,7633.21000,7636.21000,7632.46000,7634.71000,932.00000
2026-09-11 09:30:00+00:00,7634.96000,7636.96000,7634.83000,7635.46000,882.00000
2026-09-11 09:45:00+00:00,7635.21000,7638.21000,7634.96000,7636.96000,758.00000
2026-09-11 10:00:00+00:00,7636.71000,7641.21000,7631.83000,7638.46000,1324.00000
2026-09-11 10:15:00+00:00,7638.21000,7639.46000,7635.96000,7636.96000,882.00000
2026-09-11 10:30:00+00:00,7636.71000,7639.46000,7635.96000,7635.96000,714.00000
2026-09-11 10:45:00+00:00,7636.21000,7636.21000,7634.21000,7634.71000,666.00000
2026-09-11 11:00:00+00:00,7634.46000,7635.71000,7631.71000,7632.21000,970.00000
2026-09-11 11:15:00+00:00,7632.46000,7637.33000,7631.71000,7635.46000,824.00000
2026-09-11 11:30:00+00:00,7635.58000,7636.71000,7631.71000,7636.71000,1026.00000
2026-09-11 11:45:00+00:00,7636.46000,7638.46000,7633.71000,7636.96000,738.00000
2026-09-11 12:00:00+00:00,7637.21000,7640.21000,7633.71000,7637.96000,1360.00000
2026-09-11 12:15:00+00:00,7637.71000,7651.21000,7636.96000,7649.71000,2162.00000
2026-09-11 12:30:00+00:00,7649.96000,7651.33000,7617.69000,7642.71000,6601.00000
2026-09-11 12:45:00+00:00,7642.96000,7673.46000,7640.96000,7672.21000,3306.00000
2026-09-11 13:00:00+00:00,7672.46000,7679.46000,7661.46000,7663.33000,2630.00000
2026-09-11 13:15:00+00:00,7663.21000,7668.71000,7660.71000,7661.21000,2457.00000
2026-09-11 13:30:00+00:00,7659.71000,7673.71000,7655.96000,7668.21000,6652.00000
2026-09-11 13:45:00+00:00,7668.71000,7677.58000,7660.96000,7676.96000,4756.00000
2026-09-11 14:00:00+00:00,7676.71000,7677.21000,7661.46000,7662.71000,5148.00000
2026-09-11 14:15:00+00:00,7662.46000,7674.71000,7660.21000,7670.96000,3438.00000
2026-09-11 14:30:00+00:00,7671.21000,7671.71000,7652.21000,7653.96000,3510.00000
2026-09-11 14:45:00+00:00,7653.71000,7661.71000,7649.46000,7653.21000,4180.00000
2026-09-11 15:00:00+00:00,7652.96000,7666.21000,7651.46000,7659.46000,3030.00000
2026-09-11 15:15:00+00:00,7659.71000,7676.21000,7659.71000,7673.71000,2222.00000
2026-09-11 15:30:00+00:00,7673.58000,7676.46000,7669.96000,7675.21000,1650.00000
2026-09-11 15:45:00+00:00,7674.96000,7675.21000,7667.71000,7670.96000,1478.00000
2026-09-11 16:00:00+00:00,7671.21000,7675.96000,7669.21000,7669.71000,1168.00000
2026-09-11 16:15:00+00:00,7669.46000,7670.21000,7662.46000,7663.21000,1490.00000
2026-09-11 16:30:00+00:00,7663.46000,7671.46000,7661.96000,7668.21000,2122.00000
2026-09-11 16:45:00+00:00,7667.96000,7670.46000,7666.71000,7670.21000,1142.00000
2026-09-11 17:00:00+00:00,7670.46000,7674.46000,7669.21000,7669.46000,1232.00000
2026-09-11 17:15:00+00:00,7669.71000,7677.21000,7669.46000,7673.71000,1004.00000
2026-09-11 17:30:00+00:00,7673.96000,7676.46000,7671.71000,7672.46000,804.00000
2026-09-11 17:45:00+00:00,7672.71000,7673.46000,7670.21000,7670.96000,642.00000
2026-09-11 18:00:00+00:00,7671.21000,7673.71000,7668.96000,7669.46000,718.00000
2026-09-11 18:15:00+00:00,7669.71000,7670.96000,7665.33000,7667.96000,1380.00000
2026-09-11 18:30:00+00:00,7668.21000,7669.71000,7664.71000,7665.21000,706.00000
2026-09-11 18:45:00+00:00,7664.96000,7666.96000,7663.21000,7663.96000,714.00000
2026-09-11 19:00:00+00:00,7664.08000,7665.46000,7659.21000,7662.71000,750.00000
2026-09-11 19:15:00+00:00,7662.46000,7666.46000,7662.46000,7663.96000,674.00000
2026-09-11 19:30:00+00:00,7664.21000,7664.71000,7662.21000,7663.71000,558.00000
2026-09-11 19:45:00+00:00,7663.21000,7663.96000,7653.68000,7654.93000,1500.00000
2026-09-11 20:00:00+00:00,7655.43000,7657.93000,7654.68000,7656.68000,710.00000
2026-09-11 20:15:00+00:00,7656.93000,7657.93000,7655.93000,7657.05000,209.00000
2026-09-11 20:30:00+00:00,7657.18000,7659.43000,7656.18000,7656.93000,202.00000
2026-09-11 20:45:00+00:00,7657.05000,7657.68000,7655.93000,7657.18000,254.00000
2026-09-13 22:00:00+00:00,7607.94000,7624.07000,7606.19000,7610.69000,3092.00000
2026-09-13 22:15:00+00:00,7610.82000,7617.44000,7607.82000,7617.32000,1844.00000
2026-09-13 22:30:00+00:00,7617.19000,7621.07000,7615.82000,7615.82000,1292.00000
2026-09-13 22:45:00+00:00,7615.94000,7618.82000,7615.32000,7617.07000,962.00000
2026-09-13 23:00:00+00:00,7616.94000,7618.57000,7616.07000,7618.32000,558.00000
2026-09-13 23:15:00+00:00,7618.19000,7623.07000,7617.32000,7623.07000,700.00000
2026-09-13 23:30:00+00:00,7622.94000,7623.82000,7616.32000,7617.32000,1100.00000
2026-09-13 23:45:00+00:00,7617.07000,7617.82000,7613.32000,7613.82000,1702.00000
2026-09-14 00:00:00+00:00,7614.07000,7621.57000,7612.82000,7619.57000,2402.00000
2026-09-14 00:15:00+00:00,7619.44000,7621.57000,7616.07000,7618.32000,1700.00000
2026-09-14 00:30:00+00:00,7618.57000,7621.32000,7617.69000,7621.19000,1170.00000
2026-09-14 00:45:00+00:00,7621.32000,7622.69000,7619.69000,7620.07000,1532.00000
2026-09-14 01:00:00+00:00,7619.82000,7624.19000,7618.82000,7620.57000,2034.00000
2026-09-14 01:15:00+00:00,7620.44000,7622.32000,7618.82000,7622.07000,1384.00000
2026-09-14 01:30:00+00:00,7622.19000,7626.07000,7620.07000,7625.07000,1414.00000
2026-09-14 01:45:00+00:00,7625.32000,7632.82000,7625.32000,7631.32000,634.00000
2026-09-14 02:00:00+00:00,7631.57000,7632.32000,7630.07000,7631.07000,1034.00000
2026-09-14 02:15:00+00:00,7630.82000,7631.82000,7630.07000,7630.57000,508.00000
2026-09-14 02:30:00+00:00,7630.32000,7631.57000,7627.57000,7627.82000,706.00000
2026-09-14 02:45:00+00:00,7627.69000,7630.57000,7627.57000,7628.07000,770.00000
2026-09-14 03:00:00+00:00,7627.82000,7628.07000,7623.82000,7624.07000,382.00000
2026-09-14 03:15:00+00:00,7624.32000,7624.82000,7622.32000,7624.82000,500.00000
2026-09-14 03:30:00+00:00,7624.57000,7624.82000,7620.82000,7621.07000,764.00000
2026-09-14 03:45:00+00:00,7621.19000,7622.44000,7620.07000,7620.82000,702.00000
2026-09-14 04:00:00+00:00,7621.07000,7622.57000,7619.32000,7619.82000,534.00000
2026-09-14 04:15:00+00:00,7619.57000,7621.32000,7619.32000,7620.57000,300.00000
2026-09-14 04:30:00+00:00,7620.44000,7621.07000,7617.57000,7618.57000,684.00000
2026-09-14 04:45:00+00:00,7618.82000,7621.57000,7618.07000,7618.57000,638.00000
2026-09-14 05:00:00+00:00,7618.69000,7619.57000,7617.07000,7618.82000,802.00000
2026-09-14 05:15:00+00:00,7618.69000,7619.07000,7614.57000,7617.32000,486.00000
2026-09-14 05:30:00+00:00,7617.07000,7618.82000,7613.82000,7615.07000,1164.00000
2026-09-14 05:45:00+00:00,7615.32000,7618.57000,7614.07000,7618.44000,862.00000
2026-09-14 06:00:00+00:00,7618.57000,7623.10000,7618.07000,7621.97000,1482.00000
2026-09-14 06:15:00+00:00,7621.85000,7622.60000,7619.35000,7619.60000,1206.00000
2026-09-14 06:30:00+00:00,7619.10000,7619.60000,7610.60000,7612.60000,1194.00000
2026-09-14 06:45:00+00:00,7612.85000,7613.85000,7606.35000,7608.10000,846.00000
2026-09-14 07:00:00+00:00,7608.35000,7613.85000,7605.60000,7613.10000,2192.00000
2026-09-14 07:15:00+00:00,7612.85000,7613.85000,7609.10000,7609.85000,1988.00000
2026-09-14 07:30:00+00:00,7609.72000,7611.60000,7604.10000,7604.72000,1890.00000
2026-09-14 07:45:00+00:00,7604.60000,7607.60000,7602.60000,7607.10000,2076.00000
2026-09-14 08:00:00+00:00,7607.35000,7611.85000,7605.85000,7608.60000,2584.00000
2026-09-14 08:15:00+00:00,7608.85000,7609.10000,7602.35000,7602.35000,2118.00000
2026-09-14 08:30:00+00:00,7602.10000,7608.60000,7602.10000,7606.10000,2210.00000
2026-09-14 08:45:00+00:00,7606.22000,7607.35000,7600.35000,7606.60000,1978.00000
2026-09-14 09:00:00+00:00,7606.47000,7607.97000,7598.10000,7599.60000,2094.00000
2026-09-14 09:15:00+00:00,7599.35000,7599.60000,7592.35000,7597.60000,1832.00000
2026-09-14 09:30:00+00:00,7597.85000,7599.60000,7592.85000,7593.35000,1698.00000
2026-09-14 09:45:00+00:00,7593.60000,7597.10000,7592.60000,7595.10000,1076.00000
2026-09-14 10:00:00+00:00,7594.85000,7599.22000,7594.60000,7597.85000,1576.00000
2026-09-14 10:15:00+00:00,7597.72000,7602.85000,7594.72000,7602.60000,1432.00000
2026-09-14 10:30:00+00:00,7602.72000,7607.35000,7601.85000,7606.10000,1390.00000
2026-09-14 10:45:00+00:00,7606.22000,7609.10000,7604.85000,7607.60000,1334.00000
2026-09-14 11:00:00+00:00,7607.72000,7612.35000,7605.35000,7610.35000,2476.00000
2026-09-14 11:15:00+00:00,7610.47000,7616.10000,7610.35000,7615.35000,1546.00000
2026-09-14 11:30:00+00:00,7615.22000,7616.35000,7609.10000,7613.60000,2342.00000
2026-09-14 11:45:00+00:00,7613.47000,7615.10000,7609.72000,7609.85000,1960.00000
2026-09-14 12:00:00+00:00,7609.97000,7610.60000,7605.10000,7608.35000,2038.00000
2026-09-14 12:15:00+00:00,7608.47000,7613.35000,7606.22000,7608.35000,2902.00000
2026-09-14 12:30:00+00:00,7608.60000,7610.85000,7595.10000,7606.10000,3778.00000
2026-09-14 12:45:00+00:00,7605.97000,7607.72000,7599.85000,7605.10000,3214.00000
2026-09-14 13:00:00+00:00,7604.85000,7605.10000,7594.97000,7604.60000,2268.00000
2026-09-14 13:15:00+00:00,7604.85000,7607.60000,7603.35000,7604.60000,1890.00000
2026-09-14 13:30:00+00:00,7605.85000,7610.10000,7599.60000,7609.10000,4490.00000
2026-09-14 13:45:00+00:00,7609.35000,7620.60000,7609.35000,7614.35000,3216.00000
2026-09-14 14:00:00+00:00,7614.10000,7625.60000,7613.60000,7618.85000,2754.00000
2026-09-14 14:15:00+00:00,7619.10000,7621.10000,7596.60000,7602.60000,3109.00000
2026-09-14 14:30:00+00:00,7602.35000,7605.60000,7595.35000,7601.10000,2802.00000
2026-09-14 14:45:00+00:00,7600.85000,7604.85000,7593.85000,7600.10000,2654.00000
2026-09-14 15:00:00+00:00,7599.85000,7612.72000,7595.85000,7600.60000,4292.00000
2026-09-14 15:15:00+00:00,7600.35000,7613.35000,7599.60000,7610.60000,2804.00000
2026-09-14 15:30:00+00:00,7610.10000,7637.10000,7609.10000,7635.85000,4210.00000
2026-09-14 15:45:00+00:00,7635.97000,7636.35000,7627.85000,7632.85000,2408.00000
2026-09-14 16:00:00+00:00,7632.60000,7634.10000,7627.10000,7629.60000,2244.00000
2026-09-14 16:15:00+00:00,7629.85000,7641.10000,7629.85000,7635.10000,2438.00000
2026-09-14 16:30:00+00:00,7634.85000,7638.97000,7633.10000,7637.85000,2285.00000
2026-09-14 16:45:00+00:00,7637.72000,7650.10000,7635.35000,7643.60000,3162.00000
2026-09-14 17:00:00+00:00,7643.35000,7645.10000,7636.35000,7636.60000,2022.00000
2026-09-14 17:15:00+00:00,7636.35000,7641.85000,7633.85000,7641.85000,2168.00000
2026-09-14 17:30:00+00:00,7641.72000,7643.35000,7639.85000,7640.85000,1874.00000
2026-09-14 17:45:00+00:00,7641.10000,7643.35000,7638.10000,7638.35000,1726.00000
2026-09-14 18:00:00+00:00,7638.60000,7642.60000,7635.85000,7638.35000,1570.00000
2026-09-14 18:15:00+00:00,7638.10000,7639.60000,7634.10000,7635.10000,1284.00000
2026-09-14 18:30:00+00:00,7635.35000,7640.10000,7634.60000,7638.60000,1346.00000
2026-09-14 18:45:00+00:00,7638.85000,7640.35000,7636.10000,7636.35000,1102.00000
2026-09-14 19:00:00+00:00,7636.60000,7637.10000,7631.10000,7635.35000,1430.00000
2026-09-14 19:15:00+00:00,7635.10000,7635.10000,7631.60000,7632.60000,1204.00000
2026-09-14 19:30:00+00:00,7632.35000,7634.60000,7630.85000,7631.35000,1172.00000
2026-09-14 19:45:00+00:00,7631.22000,7633.60000,7622.07000,7623.07000,2100.00000
2026-09-14 20:00:00+00:00,7623.57000,7625.07000,7621.32000,7623.07000,1024.00000
2026-09-14 20:15:00+00:00,7623.32000,7626.32000,7620.57000,7626.07000,462.00000
2026-09-14 20:30:00+00:00,7625.82000,7626.32000,7624.57000,7625.57000,346.00000
2026-09-14 20:45:00+00:00,7625.69000,7630.57000,7625.69000,7630.32000,446.00000
2026-09-14 22:00:00+00:00,7627.73000,7628.23000,7625.86000,7626.86000,1146.00000
2026-09-14 22:15:00+00:00,7626.98000,7627.61000,7625.11000,7626.48000,540.00000
2026-09-14 22:30:00+00:00,7626.36000,7627.36000,7625.61000,7625.86000,466.00000
2026-09-14 22:45:00+00:00,7626.11000,7628.73000,7625.98000,7626.73000,402.00000
2026-09-14 23:00:00+00:00,7626.61000,7627.48000,7625.11000,7626.98000,584.00000
2026-09-14 23:15:00+00:00,7627.11000,7627.23000,7624.61000,7625.11000,398.00000
2026-09-14 23:30:00+00:00,7625.36000,7627.11000,7625.11000,7626.11000,394.00000
2026-09-14 23:45:00+00:00,7625.98000,7626.73000,7624.11000,7626.11000,1172.00000
2026-09-15 00:00:00+00:00,7626.36000,7627.61000,7622.36000,7626.11000,2192.00000
2026-09-15 00:15:00+00:00,7626.23000,7626.86000,7622.86000,7625.11000,1104.00000
2026-09-15 00:30:00+00:00,7624.86000,7630.11000,7624.11000,7629.36000,828.00000
2026-09-15 00:45:00+00:00,7629.61000,7630.61000,7627.36000,7628.11000,792.00000
2026-09-15 01:00:00+00:00,7627.98000,7630.98000,7626.36000,7630.48000,1702.00000
2026-09-15 01:15:00+00:00,7630.36000,7631.11000,7627.73000,7628.36000,1022.00000
2026-09-15 01:30:00+00:00,7628.48000,7628.61000,7620.48000,7622.11000,1998.00000
2026-09-15 01:45:00+00:00,7622.23000,7624.86000,7620.86000,7623.36000,1704.00000
2026-09-15 02:00:00+00:00,7623.48000,7625.36000,7622.61000,7623.61000,1490.00000
2026-09-15 02:15:00+00:00,7623.73000,7623.86000,7621.36000,7622.61000,1214.00000
2026-09-15 02:30:00+00:00,7622.48000,7623.36000,7620.11000,7620.73000,1246.00000
2026-09-15 02:45:00+00:00,7620.86000,7621.86000,7620.11000,7620.61000,912.00000
2026-09-15 03:00:00+00:00,7620.36000,7621.86000,7618.11000,7618.86000,802.00000
2026-09-15 03:15:00+00:00,7618.73000,7619.61000,7617.61000,7618.11000,626.00000
2026-09-15 03:30:00+00:00,7618.36000,7618.73000,7617.36000,7618.11000,1046.00000
2026-09-15 03:45:00+00:00,7617.86000,7618.61000,7611.98000,7612.36000,490.00000
2026-09-15 04:00:00+00:00,7612.11000,7614.36000,7610.48000,7610.61000,746.00000
2026-09-15 04:15:00+00:00,7610.73000,7610.86000,7604.48000,7605.86000,838.00000
2026-09-15 04:30:00+00:00,7606.11000,7607.36000,7602.11000,7605.86000,1194.00000
2026-09-15 04:45:00+00:00,7606.11000,7607.23000,7599.61000,7599.61000,1212.00000
2026-09-15 05:00:00+00:00,7599.36000,7601.86000,7595.11000,7596.23000,1512.00000
2026-09-15 05:15:00+00:00,7596.11000,7599.36000,7593.86000,7598.73000,1828.00000
2026-09-15 05:30:00+00:00,7598.61000,7605.36000,7596.61000,7605.11000,2134.00000
2026-09-15 05:45:00+00:00,7605.23000,7609.61000,7603.73000,7605.23000,1940.00000
2026-09-15 06:00:00+00:00,7605.36000,7608.23000,7603.39000,7605.01000,2608.00000
2026-09-15 06:15:00+00:00,7605.14000,7605.89000,7601.89000,7602.26000,2174.00000
2026-09-15 06:30:00+00:00,7602.14000,7602.39000,7598.14000,7598.39000,1876.00000
2026-09-15 06:45:00+00:00,7598.26000,7600.39000,7595.39000,7597.76000,1476.00000
2026-09-15 07:00:00+00:00,7597.89000,7600.14000,7590.64000,7590.89000,3334.00000
2026-09-15 07:15:00+00:00,7591.14000,7599.14000,7591.14000,7595.51000,2722.00000
2026-09-15 07:30:00+00:00,7595.64000,7597.14000,7586.64000,7586.76000,2888.00000
2026-09-15 07:45:00+00:00,7586.64000,7590.01000,7583.89000,7589.14000,3104.00000
2026-09-15 08:00:00+00:00,7589.01000,7589.01000,7574.89000,7583.14000,3319.00000
2026-09-15 08:15:00+00:00,7583.26000,7589.89000,7581.14000,7583.89000,3252.00000
2026-09-15 08:30:00+00:00,7584.14000,7584.89000,7579.64000,7580.26000,3170.00000
2026-09-15 08:45:00+00:00,7580.14000,7583.89000,7579.39000,7581.14000,1992.00000
2026-09-15 09:00:00+00:00,7581.26000,7583.64000,7578.89000,7580.64000,2254.00000
2026-09-15 09:15:00+00:00,7580.39000,7582.89000,7576.14000,7582.39000,2502.00000
2026-09-15 09:30:00+00:00,7582.64000,7589.64000,7581.39000,7588.14000,1908.00000
2026-09-15 09:45:00+00:00,7588.01000,7596.89000,7588.01000,7596.39000,1822.00000
2026-09-15 10:00:00+00:00,7596.64000,7601.89000,7595.14000,7598.14000,1748.00000
2026-09-15 10:15:00+00:00,7598.01000,7599.64000,7595.39000,7598.76000,1750.00000
2026-09-15 10:30:00+00:00,7598.89000,7603.89000,7597.39000,7602.64000,1260.00000
2026-09-15 10:45:00+00:00,7602.76000,7608.64000,7601.14000,7606.64000,1310.00000
2026-09-15 11:00:00+00:00,7606.39000,7610.89000,7606.14000,7609.39000,1848.00000
2026-09-15 11:15:00+00:00,7609.64000,7612.14000,7607.89000,7608.76000,1546.00000
2026-09-15 11:30:00+00:00,7608.89000,7610.64000,7606.14000,7608.64000,1634.00000
2026-09-15 11:45:00+00:00,7608.39000,7612.64000,7608.14000,7612.14000,1906.00000
2026-09-15 12:00:00+00:00,7611.89000,7614.64000,7609.64000,7614.14000,2046.00000
2026-09-15 12:15:00+00:00,7614.01000,7615.01000,7608.89000,7613.26000,1650.00000
2026-09-15 12:30:00+00:00,7613.39000,7616.64000,7610.14000,7614.51000,2586.00000
2026-09-15 12:45:00+00:00,7614.39000,7627.89000,7613.89000,7619.39000,4430.00000
2026-09-15 13:00:00+00:00,7619.26000,7622.76000,7618.39000,7618.89000,2850.00000
2026-09-15 13:15:00+00:00,7618.76000,7623.39000,7614.64000,7614.76000,2934.00000
2026-09-15 13:30:00+00:00,7614.89000,7617.14000,7600.76000,7612.64000,5910.00000
2026-09-15 13:45:00+00:00,7612.39000,7614.89000,7604.89000,7608.64000,4646.00000
2026-09-15 14:00:00+00:00,7608.14000,7608.14000,7592.14000,7592.89000,4022.00000
2026-09-15 14:15:00+00:00,7592.64000,7597.64000,7585.01000,7588.01000,4446.00000
2026-09-15 14:30:00+00:00,7588.14000,7589.64000,7581.64000,7585.14000,4176.00000
2026-09-15 14:45:00+00:00,7585.39000,7586.89000,7574.89000,7577.64000,4422.00000
2026-09-15 15:00:00+00:00,7577.89000,7585.89000,7577.64000,7582.89000,4468.00000
2026-09-15 15:15:00+00:00,7582.76000,7588.39000,7581.39000,7588.14000,3218.00000
2026-09-15 15:30:00+00:00,7588.39000,7591.14000,7582.64000,7588.64000,3668.00000
2026-09-15 15:45:00+00:00,7588.89000,7589.14000,7582.51000,7584.39000,3230.00000
2026-09-15 16:00:00+00:00,7584.64000,7586.89000,7579.26000,7581.14000,2516.00000
2026-09-15 16:15:00+00:00,7580.89000,7592.39000,7580.39000,7589.39000,2972.00000
2026-09-15 16:30:00+00:00,7589.14000,7591.64000,7586.64000,7589.89000,2524.00000
2026-09-15 16:45:00+00:00,7589.64000,7594.39000,7586.89000,7590.89000,2376.00000
2026-09-15 17:00:00+00:00,7590.64000,7591.89000,7583.89000,7584.39000,2780.00000
2026-09-15 17:15:00+00:00,7584.51000,7584.64000,7579.39000,7582.14000,2016.00000
2026-09-15 17:30:00+00:00,7582.39000,7585.89000,7581.64000,7584.89000,2684.00000
