time,open,high,low,close,volume
2026-05-18 17:45:00+00:00,4548.25000,4549.68000,4545.59000,4547.03000,5323.00000
2026-05-18 18:00:00+00:00,4547.07000,4547.82000,4543.85000,4545.30000,6183.00000
2026-05-18 18:15:00+00:00,4545.34000,4545.49000,4536.62000,4541.99000,7347.00000
2026-05-18 18:30:00+00:00,4541.95000,4543.98000,4539.01000,4541.53000,6031.00000
2026-05-18 18:45:00+00:00,4541.51000,4543.34000,4534.45000,4535.84000,6200.00000
2026-05-18 19:00:00+00:00,4536.03000,4565.01000,4535.34000,4554.46000,10970.00000
2026-05-18 19:15:00+00:00,4554.54000,4555.71000,4546.73000,4551.74000,8005.00000
2026-05-18 19:30:00+00:00,4551.83000,4561.29000,4550.33000,4558.26000,7977.00000
2026-05-18 19:45:00+00:00,4558.22000,4563.01000,4557.71000,4558.56000,7687.00000
2026-05-18 20:00:00+00:00,4558.64000,4562.96000,4557.94000,4562.33000,3637.00000
2026-05-18 20:15:00+00:00,4562.34000,4566.72000,4562.26000,4563.37000,3552.00000
2026-05-18 20:30:00+00:00,4563.38000,4565.02000,4561.79000,4564.54000,2761.00000
2026-05-18 20:45:00+00:00,4564.58000,4566.69000,4562.33000,4566.22000,2300.00000
2026-05-18 22:00:00+00:00,4563.70000,4573.68000,4563.70000,4573.43000,2865.00000
2026-05-18 22:15:00+00:00,4573.42000,4574.61000,4571.35000,4573.01000,2743.00000
2026-05-18 22:30:00+00:00,4573.08000,4578.49000,4571.75000,4576.71000,2559.00000
2026-05-18 22:45:00+00:00,4576.70000,4577.01000,4572.59000,4574.02000,1691.00000
2026-05-18 23:00:00+00:00,4574.02000,4586.88000,4573.89000,4585.64000,3494.00000
2026-05-18 23:15:00+00:00,4585.72000,4588.84000,4583.57000,4585.83000,2773.00000
2026-05-18 23:30:00+00:00,4585.81000,4587.83000,4582.85000,4585.58000,2662.00000
2026-05-18 23:45:00+00:00,4585.56000,4586.72000,4579.19000,4581.82000,2883.00000
2026-05-19 00:00:00+00:00,4582.17000,4589.38000,4576.79000,4578.90000,7269.00000
2026-05-19 00:15:00+00:00,4579.06000,4585.90000,4568.74000,4573.60000,6844.00000
2026-05-19 00:30:00+00:00,4573.61000,4576.13000,4568.26000,4570.83000,5430.00000
2026-05-19 00:45:00+00:00,4570.66000,4572.55000,4561.35000,4563.35000,5050.00000
2026-05-19 01:00:00+00:00,4562.99000,4569.34000,4557.81000,4565.85000,7854.00000
2026-05-19 01:15:00+00:00,4565.87000,4568.44000,4554.22000,4559.22000,7417.00000
2026-05-19 01:30:00+00:00,4559.18000,4572.33000,4555.36000,4570.80000,6833.00000
2026-05-19 01:45:00+00:00,4570.86000,4571.78000,4561.45000,4563.94000,6513.00000
2026-05-19 02:00:00+00:00,4563.80000,4563.80000,4553.12000,4554.69000,8056.00000
2026-05-19 02:15:00+00:00,4554.67000,4562.28000,4551.65000,4559.48000,6182.00000
2026-05-19 02:30:00+00:00,4559.63000,4559.81000,4551.14000,4556.24000,6652.00000
2026-05-19 02:45:00+00:00,4556.21000,4558.20000,4546.10000,4547.16000,5560.00000
2026-05-19 03:00:00+00:00,4547.32000,4552.77000,4543.72000,4551.90000,5654.00000
2026-05-19 03:15:00+00:00,4551.91000,4553.06000,4546.85000,4549.20000,4297.00000
2026-05-19 03:30:00+00:00,4549.25000,4555.19000,4547.07000,4547.83000,4429.00000
2026-05-19 03:45:00+00:00,4547.84000,4549.42000,4544.30000,4545.05000,4149.00000
2026-05-19 04:00:00+00:00,4545.02000,4545.77000,4538.61000,4540.21000,4512.00000
2026-05-19 04:15:00+00:00,4540.27000,4543.17000,4538.26000,4540.34000,4109.00000
2026-05-19 04:30:00+00:00,4540.38000,4542.34000,4538.02000,4539.80000,3460.00000
2026-05-19 04:45:00+00:00,4539.77000,4543.81000,4539.77000,4542.51000,3736.00000
2026-05-19 05:00:00+00:00,4542.91000,4546.64000,4540.24000,4544.87000,4438.00000
2026-05-19 05:15:00+00:00,4544.93000,4545.37000,4531.07000,4538.66000,6184.00000
2026-05-19 05:30:00+00:00,4538.64000,4544.32000,4533.22000,4538.60000,8330.00000
2026-05-19 05:45:00+00:00,4538.62000,4543.50000,4532.94000,4540.87000,8061.00000
2026-05-19 06:00:00+00:00,4540.92000,4545.91000,4533.54000,4542.08000,8467.00000
2026-05-19 06:15:00+00:00,4542.09000,4553.93000,4541.04000,4547.68000,8606.00000
2026-05-19 06:30:00+00:00,4547.77000,4552.86000,4544.85000,4552.21000,7478.00000
2026-05-19 06:45:00+00:00,4552.24000,4552.53000,4543.17000,4548.06000,6318.00000
2026-05-19 07:00:00+00:00,4547.32000,4555.29000,4544.21000,4548.65000,6931.00000
2026-05-19 07:15:00+00:00,4548.69000,4550.12000,4542.99000,4548.32000,6178.00000
2026-05-19 07:30:00+00:00,4548.25000,4549.15000,4541.48000,4542.21000,6055.00000
2026-05-19 07:45:00+00:00,4542.25000,4559.37000,4542.06000,4557.27000,7316.00000
2026-05-19 08:00:00+00:00,4557.55000,4559.10000,4542.68000,4546.44000,6987.00000
2026-05-19 08:15:00+00:00,4546.43000,4548.17000,4536.35000,4538.43000,6807.00000
2026-05-19 08:30:00+00:00,4538.44000,4545.10000,4536.94000,4543.26000,5520.00000
2026-05-19 08:45:00+00:00,4543.27000,4548.63000,4538.46000,4542.80000,5138.00000
2026-05-19 09:00:00+00:00,4542.72000,4542.72000,4537.06000,4539.68000,5383.00000
2026-05-19 09:15:00+00:00,4539.43000,4546.78000,4536.09000,4540.69000,6538.00000
2026-05-19 09:30:00+00:00,4540.74000,4543.15000,4536.69000,4539.56000,6729.00000
2026-05-19 09:45:00+00:00,4539.56000,4544.74000,4538.42000,4541.86000,5353.00000
2026-05-19 10:00:00+00:00,4541.38000,4542.36000,4536.16000,4541.51000,5523.00000
2026-05-19 10:15:00+00:00,4541.53000,4541.89000,4538.41000,4539.93000,4294.00000
2026-05-19 10:30:00+00:00,4539.99000,4542.99000,4525.42000,4529.19000,7259.00000
2026-05-19 10:45:00+00:00,4529.14000,4544.69000,4527.77000,4544.69000,7986.00000
2026-05-19 11:00:00+00:00,4544.69000,4547.90000,4536.01000,4536.81000,6930.00000
2026-05-19 11:15:00+00:00,4536.78000,4542.20000,4535.63000,4539.36000,5693.00000
2026-05-19 11:30:00+00:00,4539.34000,4543.23000,4536.97000,4541.98000,5839.00000
2026-05-19 11:45:00+00:00,4541.97000,4542.33000,4529.94000,4530.80000,6399.00000
2026-05-19 12:00:00+00:00,4530.82000,4546.65000,4527.51000,4542.32000,7404.00000
2026-05-19 12:15:00+00:00,4542.33000,4544.29000,4536.84000,4543.24000,6582.00000
2026-05-19 12:30:00+00:00,4543.17000,4547.11000,4536.76000,4537.46000,7565.00000
2026-05-19 12:45:00+00:00,4537.45000,4541.57000,4535.69000,4537.20000,6488.00000
2026-05-19 13:00:00+00:00,4537.08000,4537.32000,4514.82000,4524.41000,10233.00000
2026-05-19 13:15:00+00:00,4524.44000,4526.18000,4491.14000,4492.19000,11042.00000
2026-05-19 13:30:00+00:00,4492.46000,4495.58000,4464.25000,4476.17000,13086.00000
2026-05-19 13:45:00+00:00,4476.65000,4511.21000,4474.07000,4504.08000,12630.00000
2026-05-19 14:00:00+00:00,4503.38000,4514.11000,4492.23000,4492.69000,12177.00000
2026-05-19 14:15:00+00:00,4492.71000,4500.66000,4484.54000,4490.19000,11752.00000
2026-05-19 14:30:00+00:00,4490.19000,4498.74000,4487.60000,4494.67000,11487.00000
2026-05-19 14:45:00+00:00,4494.68000,4496.76000,4486.27000,4494.20000,10462.00000
2026-05-19 15:00:00+00:00,4494.24000,4500.00000,4489.88000,4499.04000,9994.00000
2026-05-19 15:15:00+00:00,4499.11000,4505.07000,4494.01000,4499.03000,9203.00000
2026-05-19 15:30:00+00:00,4498.83000,4507.58000,4498.00000,4502.18000,9482.00000
2026-05-19 15:45:00+00:00,4502.24000,4509.32000,4500.30000,4508.33000,8008.00000
2026-05-19 16:00:00+00:00,4508.28000,4510.35000,4496.31000,4500.98000,8033.00000
2026-05-19 16:15:00+00:00,4501.06000,4511.93000,4498.83000,4508.84000,7140.00000
2026-05-19 16:30:00+00:00,4508.52000,4512.48000,4505.72000,4506.05000,7476.00000
2026-05-19 16:45:00+00:00,4506.08000,4509.32000,4504.67000,4507.73000,6216.00000
2026-05-19 17:00:00+00:00,4507.58000,4510.89000,4505.89000,4510.41000,6434.00000
2026-05-19 17:15:00+00:00,4510.46000,4511.08000,4503.42000,4507.05000,6615.00000
2026-05-19 17:30:00+00:00,4507.12000,4508.41000,4502.85000,4504.54000,6725.00000
2026-05-19 17:45:00+00:00,4504.56000,4504.94000,4499.13000,4500.95000,6205.00000
2026-05-19 18:00:00+00:00,4501.35000,4503.77000,4499.81000,4501.12000,5765.00000
2026-05-19 18:15:00+00:00,4501.08000,4502.20000,4495.64000,4496.10000,6764.00000
2026-05-19 18:30:00+00:00,4496.09000,4500.87000,4493.14000,4499.17000,6704.00000
2026-05-19 18:45:00+00:00,4499.16000,4500.04000,4490.44000,4493.64000,6761.00000
2026-05-19 19:00:00+00:00,4493.50000,4497.63000,4493.16000,4497.03000,6393.00000
2026-05-19 19:15:00+00:00,4497.05000,4497.42000,4485.59000,4487.07000,6753.00000
2026-05-19 19:30:00+00:00,4487.09000,4489.95000,4485.92000,4488.40000,6273.00000
2026-05-19 19:45:00+00:00,4488.42000,4488.88000,4481.29000,4483.47000,7115.00000
2026-05-19 20:00:00+00:00,4483.48000,4487.15000,4481.03000,4485.69000,4048.00000
2026-05-19 20:15:00+00:00,4485.66000,4488.34000,4483.52000,4486.36000,2857.00000
2026-05-19 20:30:00+00:00,4486.35000,4486.38000,4481.97000,4483.40000,2450.00000
2026-05-19 20:45:00+00:00,4483.55000,4484.21000,4481.65000,4482.01000,2251.00000
2026-05-19 22:00:00+00:00,4483.27000,4485.90000,4480.46000,4482.91000,2634.00000
2026-05-19 22:15:00+00:00,4482.96000,4482.96000,4478.05000,4479.55000,2627.00000
2026-05-19 22:30:00+00:00,4479.56000,4485.89000,4477.63000,4482.21000,3563.00000
2026-05-19 22:45:00+00:00,4482.20000,4484.80000,4479.50000,4484.51000,3149.00000
2026-05-19 23:00:00+00:00,4484.21000,4486.79000,4479.96000,4486.41000,2693.00000
2026-05-19 23:15:00+00:00,4486.14000,4488.77000,4483.44000,4486.35000,2975.00000
2026-05-19 23:30:00+00:00,4486.39000,4496.54000,4485.77000,4492.46000,4018.00000
2026-05-19 23:45:00+00:00,4492.16000,4494.72000,4488.33000,4489.42000,3525.00000
2026-05-20 00:00:00+00:00,4489.41000,4490.69000,4479.79000,4488.68000,7618.00000
2026-05-20 00:15:00+00:00,4488.66000,4502.09000,4481.38000,4502.09000,8817.00000
2026-05-20 00:30:00+00:00,4501.98000,4507.32000,4499.93000,4505.32000,8501.00000
2026-05-20 00:45:00+00:00,4505.11000,4508.91000,4498.18000,4500.98000,6727.00000
2026-05-20 01:00:00+00:00,4501.03000,4506.12000,4488.06000,4492.51000,9258.00000
2026-05-20 01:15:00+00:00,4492.73000,4496.66000,4472.89000,4473.69000,8457.00000
2026-05-20 01:30:00+00:00,4473.81000,4477.09000,4455.41000,4466.84000,10813.00000
2026-05-20 01:45:00+00:00,4466.88000,4488.35000,4463.27000,4481.37000,9604.00000
2026-05-20 02:00:00+00:00,4481.58000,4487.00000,4476.11000,4481.40000,7201.00000
2026-05-20 02:15:00+00:00,4481.45000,4486.93000,4476.52000,4481.62000,6684.00000
2026-05-20 02:30:00+00:00,4481.67000,4483.54000,4460.75000,4460.76000,9684.00000
2026-05-20 02:45:00+00:00,4460.75000,4466.13000,4458.63000,4465.32000,8157.00000
2026-05-20 03:00:00+00:00,4465.32000,4467.28000,4453.71000,4458.05000,8315.00000
2026-05-20 03:15:00+00:00,4458.02000,4464.39000,4457.34000,4461.07000,6238.00000
2026-05-20 03:30:00+00:00,4460.62000,4466.21000,4457.61000,4460.73000,6303.00000
2026-05-20 03:45:00+00:00,4460.65000,4465.30000,4458.35000,4463.74000,4549.00000
2026-05-20 04:00:00+00:00,4463.73000,4470.15000,4463.36000,4469.23000,5176.00000
2026-05-20 04:15:00+00:00,4469.24000,4470.70000,4462.39000,4465.35000,4664.00000
2026-05-20 04:30:00+00:00,4465.39000,4465.98000,4460.47000,4463.13000,4483.00000
2026-05-20 04:45:00+00:00,4463.18000,4463.26000,4456.82000,4462.12000,4531.00000
2026-05-20 05:00:00+00:00,4462.03000,4472.68000,4461.82000,4469.48000,5417.00000
2026-05-20 05:15:00+00:00,4469.43000,4475.41000,4467.08000,4468.39000,5427.00000
2026-05-20 05:30:00+00:00,4468.47000,4478.91000,4468.21000,4472.37000,7657.00000
2026-05-20 05:45:00+00:00,4472.48000,4475.34000,4463.26000,4472.87000,6970.00000
2026-05-20 06:00:00+00:00,4472.92000,4477.54000,4467.44000,4472.07000,7925.00000
2026-05-20 06:15:00+00:00,4472.23000,4478.29000,4468.01000,4471.98000,8609.00000
2026-05-20 06:30:00+00:00,4472.17000,4472.51000,4461.46000,4467.11000,7828.00000
2026-05-20 06:45:00+00:00,4467.10000,4478.47000,4465.34000,4474.35000,7768.00000
2026-05-20 07:00:00+00:00,4474.23000,4485.25000,4472.00000,4481.26000,7684.00000
2026-05-20 07:15:00+00:00,4481.28000,4484.15000,4476.42000,4482.72000,6374.00000
2026-05-20 07:30:00+00:00,4482.73000,4485.95000,4476.13000,4481.47000,6200.00000
2026-05-20 07:45:00+00:00,4481.48000,4482.05000,4475.14000,4478.64000,5732.00000
2026-05-20 08:00:00+00:00,4478.55000,4484.17000,4476.86000,4482.49000,6965.00000
2026-05-20 08:15:00+00:00,4482.48000,4486.48000,4478.41000,4486.27000,6781.00000
2026-05-20 08:30:00+00:00,4486.64000,4489.40000,4476.81000,4479.31000,6942.00000
2026-05-20 08:45:00+00:00,4479.36000,4490.18000,4479.23000,4484.10000,6723.00000
2026-05-20 09:00:00+00:00,4484.09000,4486.21000,4479.84000,4480.31000,5773.00000
2026-05-20 09:15:00+00:00,4480.08000,4483.68000,4472.91000,4474.27000,5560.00000
2026-05-20 09:30:00+00:00,4474.17000,4484.83000,4472.86000,4483.27000,5754.00000
2026-05-20 09:45:00+00:00,4483.30000,4491.09000,4481.93000,4485.00000,4976.00000
2026-05-20 10:00:00+00:00,4484.98000,4492.31000,4484.76000,4488.11000,4726.00000
2026-05-20 10:15:00+00:00,4488.06000,4492.63000,4487.29000,4489.04000,4318.00000
2026-05-20 10:30:00+00:00,4489.16000,4497.04000,4488.67000,4494.35000,5547.00000
2026-05-20 10:45:00+00:00,4494.37000,4495.88000,4490.39000,4494.67000,5066.00000
2026-05-20 11:00:00+00:00,4494.59000,4496.72000,4492.81000,4493.13000,4939.00000
2026-05-20 11:15:00+00:00,4493.13000,4501.09000,4491.21000,4500.07000,4846.00000
2026-05-20 11:30:00+00:00,4500.04000,4500.50000,4493.51000,4495.26000,5352.00000
2026-05-20 11:45:00+00:00,4495.26000,4499.58000,4490.91000,4499.21000,6148.00000
2026-05-20 12:00:00+00:00,4499.21000,4501.10000,4495.86000,4496.62000,5799.00000
2026-05-20 12:15:00+00:00,4496.64000,4499.70000,4493.03000,4499.70000,6651.00000
2026-05-20 12:30:00+00:00,4499.70000,4504.64000,4499.40000,4502.95000,7020.00000
2026-05-20 12:45:00+00:00,4503.08000,4505.46000,4493.96000,4496.17000,5945.00000
2026-05-20 13:00:00+00:00,4496.14000,4506.20000,4493.87000,4505.25000,9208.00000
2026-05-20 13:15:00+00:00,4505.26000,4505.39000,4489.36000,4489.36000,8104.00000
2026-05-20 13:30:00+00:00,4489.31000,4493.09000,4483.20000,4489.99000,10631.00000
2026-05-20 13:45:00+00:00,4489.63000,4492.12000,4482.15000,4483.18000,9932.00000
2026-05-20 14:00:00+00:00,4483.76000,4485.26000,4467.11000,4477.08000,10421.00000
2026-05-20 14:15:00+00:00,4477.27000,4510.85000,4476.53000,4506.93000,13009.00000
2026-05-20 14:30:00+00:00,4506.97000,4528.57000,4506.97000,4520.61000,12020.00000
2026-05-20 14:45:00+00:00,4521.41000,4537.39000,4516.66000,4531.50000,10817.00000
2026-05-20 15:00:00+00:00,4531.34000,4535.75000,4523.26000,4524.61000,10102.00000
2026-05-20 15:15:00+00:00,4524.62000,4552.57000,4524.59000,4529.56000,12095.00000
2026-05-20 15:30:00+00:00,4529.59000,4539.45000,4527.80000,4537.01000,10015.00000
2026-05-20 15:45:00+00:00,4537.00000,4537.91000,4527.43000,4529.24000,9205.00000
2026-05-20 16:00:00+00:00,4529.27000,4535.32000,4528.54000,4533.92000,7545.00000
2026-05-20 16:15:00+00:00,4533.94000,4533.94000,4524.25000,4526.10000,8403.00000
2026-05-20 16:30:00+00:00,4526.34000,4533.82000,4524.25000,4533.82000,7479.00000
2026-05-20 16:45:00+00:00,4533.81000,4535.51000,4530.25000,4534.52000,7241.00000
2026-05-20 17:00:00+00:00,4534.66000,4538.10000,4531.22000,4534.39000,6834.00000
2026-05-20 17:15:00+00:00,4534.36000,4536.91000,4531.02000,4532.48000,7204.00000
2026-05-20 17:30:00+00:00,4533.06000,4536.55000,4530.00000,4533.19000,6818.00000
2026-05-20 17:45:00+00:00,4533.18000,4535.33000,4530.37000,4531.48000,5084.00000
2026-05-20 18:00:00+00:00,4531.49000,4534.03000,4529.40000,4533.00000,5549.00000
2026-05-20 18:15:00+00:00,4532.92000,4536.73000,4532.03000,4535.08000,6395.00000
2026-05-20 18:30:00+00:00,4535.05000,4543.54000,4535.05000,4537.15000,5653.00000
2026-05-20 18:45:00+00:00,4537.30000,4545.15000,4536.93000,4542.49000,5565.00000
2026-05-20 19:00:00+00:00,4542.43000,4545.29000,4541.94000,4543.93000,4822.00000
2026-05-20 19:15:00+00:00,4543.92000,4546.11000,4543.43000,4545.19000,4723.00000
2026-05-20 19:30:00+00:00,4545.29000,4550.07000,4545.24000,4546.47000,5256.00000
2026-05-20 19:45:00+00:00,4546.49000,4548.58000,4545.37000,4545.81000,6021.00000
2026-05-20 20:00:00+00:00,4545.73000,4550.38000,4545.42000,4546.76000,3562.00000
2026-05-20 20:15:00+00:00,4546.78000,4548.33000,4543.21000,4545.74000,5088.00000
2026-05-20 20:30:00+00:00,4545.79000,4546.39000,4542.68000,4543.47000,3530.00000
2026-05-20 20:45:00+00:00,4543.26000,4544.63000,4542.02000,4543.72000,2684.00000
2026-05-20 22:00:00+00:00,4540.03000,4548.64000,4537.99000,4539.82000,4515.00000
2026-05-20 22:15:00+00:00,4540.14000,4540.56000,4535.22000,4538.98000,3723.00000
2026-05-20 22:30:00+00:00,4538.97000,4543.43000,4538.76000,4542.27000,2562.00000
2026-05-20 22:45:00+00:00,4542.16000,4544.65000,4537.14000,4539.94000,3520.00000
2026-05-20 23:00:00+00:00,4540.01000,4543.19000,4538.00000,4540.00000,2686.00000
2026-05-20 23:15:00+00:00,4540.01000,4540.81000,4534.67000,4538.46000,2744.00000
2026-05-20 23:30:00+00:00,4538.49000,4545.41000,4537.97000,4543.06000,2480.00000
2026-05-20 23:45:00+00:00,4543.02000,4547.38000,4541.90000,4546.63000,2774.00000
2026-05-21 00:00:00+00:00,4547.07000,4548.92000,4540.12000,4544.99000,6770.00000
2026-05-21 00:15:00+00:00,4544.96000,4553.28000,4537.38000,4543.74000,7111.00000
2026-05-21 00:30:00+00:00,4543.73000,4545.18000,4539.75000,4543.78000,4536.00000
2026-05-21 00:45:00+00:00,4543.68000,4548.75000,4542.07000,4545.32000,4454.00000
2026-05-21 01:00:00+00:00,4545.32000,4560.10000,4540.00000,4559.96000,8913.00000
2026-05-21 01:15:00+00:00,4559.95000,4567.81000,4557.31000,4567.16000,7434.00000
2026-05-21 01:30:00+00:00,4567.26000,4570.73000,4561.78000,4567.87000,7720.00000
2026-05-21 01:45:00+00:00,4567.90000,4568.40000,4559.09000,4561.15000,6686.00000
2026-05-21 02:00:00+00:00,4561.42000,4564.99000,4550.74000,4551.83000,6516.00000
2026-05-21 02:15:00+00:00,4551.77000,4553.22000,4539.74000,4540.41000,5684.00000
2026-05-21 02:30:00+00:00,4540.32000,4542.40000,4533.94000,4536.43000,6808.00000
2026-05-21 02:45:00+00:00,4536.22000,4537.35000,4531.61000,4533.33000,5943.00000
2026-05-21 03:00:00+00:00,4533.27000,4539.05000,4531.65000,4538.06000,5253.00000
2026-05-21 03:15:00+00:00,4538.05000,4540.36000,4533.15000,4535.91000,5103.00000
2026-05-21 03:30:00+00:00,4536.00000,4537.35000,4531.93000,4534.02000,3937.00000
2026-05-21 03:45:00+00:00,4534.06000,4534.49000,4527.26000,4528.38000,4105.00000
2026-05-21 04:00:00+00:00,4528.22000,4536.54000,4527.48000,4536.13000,3419.00000
2026-05-21 04:15:00+00:00,4536.12000,4540.20000,4534.50000,4539.89000,3262.00000
2026-05-21 04:30:00+00:00,4539.93000,4540.58000,4533.89000,4537.28000,3157.00000
2026-05-21 04:45:00+00:00,4537.30000,4539.30000,4535.62000,4538.50000,2621.00000
2026-05-21 05:00:00+00:00,4538.53000,4540.52000,4529.88000,4530.84000,4729.00000
2026-05-21 05:15:00+00:00,4530.93000,4531.14000,4521.69000,4523.04000,5287.00000
2026-05-21 05:30:00+00:00,4523.21000,4527.29000,4518.48000,4526.04000,7120.00000
2026-05-21 05:45:00+00:00,4525.99000,4530.05000,4518.64000,4528.00000,6861.00000
2026-05-21 06:00:00+00:00,4527.94000,4535.40000,4526.78000,4531.59000,6826.00000
2026-05-21 06:15:00+00:00,4531.60000,4539.93000,4528.61000,4533.12000,7224.00000
2026-05-21 06:30:00+00:00,4533.08000,4535.06000,4522.96000,4524.94000,7494.00000
2026-05-21 06:45:00+00:00,4524.94000,4526.36000,4519.00000,4521.54000,8020.00000
2026-05-21 07:00:00+00:00,4521.52000,4524.40000,4517.89000,4520.61000,7148.00000
2026-05-21 07:15:00+00:00,4520.41000,4523.54000,4512.12000,4512.95000,7354.00000
2026-05-21 07:30:00+00:00,4513.30000,4517.47000,4512.19000,4516.46000,5660.00000
2026-05-21 07:45:00+00:00,4516.78000,4523.37000,4514.40000,4519.72000,5292.00000
2026-05-21 08:00:00+00:00,4519.79000,4535.70000,4518.41000,4534.33000,7621.00000
2026-05-21 08:15:00+00:00,4534.34000,4536.79000,4529.39000,4535.78000,7810.00000
2026-05-21 08:30:00+00:00,4535.82000,4535.82000,4526.43000,4529.18000,6535.00000
2026-05-21 08:45:00+00:00,4529.21000,4534.65000,4528.37000,4532.56000,6531.00000
2026-05-21 09:00:00+00:00,4532.34000,4540.43000,4531.96000,4537.91000,6711.00000
2026-05-21 09:15:00+00:00,4537.82000,4542.51000,4535.53000,4536.99000,6325.00000
2026-05-21 09:30:00+00:00,4536.97000,4543.00000,4529.76000,4529.91000,6182.00000
2026-05-21 09:45:00+00:00,4529.97000,4533.18000,4527.81000,4530.69000,4847.00000
2026-05-21 10:00:00+00:00,4530.68000,4535.31000,4530.10000,4532.73000,5774.00000
2026-05-21 10:15:00+00:00,4532.76000,4534.78000,4510.77000,4518.15000,7714.00000
2026-05-21 10:30:00+00:00,4518.18000,4518.43000,4504.99000,4517.02000,10586.00000
2026-05-21 10:45:00+00:00,4516.99000,4517.89000,4510.85000,4511.57000,8743.00000
2026-05-21 11:00:00+00:00,4511.70000,4520.06000,4510.83000,4516.37000,8078.00000
2026-05-21 11:15:00+00:00,4516.26000,4521.24000,4512.67000,4514.14000,6680.00000
2026-05-21 11:30:00+00:00,4514.23000,4515.94000,4508.17000,4512.25000,6172.00000
2026-05-21 11:45:00+00:00,4512.15000,4517.40000,4510.99000,4514.19000,5881.00000
2026-05-21 12:00:00+00:00,4514.48000,4519.34000,4513.71000,4514.75000,6847.00000
2026-05-21 12:15:00+00:00,4514.76000,4514.76000,4503.74000,4507.35000,7361.00000
2026-05-21 12:30:00+00:00,4507.52000,4517.86000,4505.80000,4515.06000,9317.00000
2026-05-21 12:45:00+00:00,4515.09000,4518.24000,4501.82000,4504.19000,8151.00000
2026-05-21 13:00:00+00:00,4503.75000,4512.81000,4499.56000,4502.36000,10405.00000
2026-05-21 13:15:00+00:00,4502.09000,4505.55000,4495.62000,4500.71000,9494.00000
2026-05-21 13:30:00+00:00,4501.21000,4502.63000,4488.68000,4498.04000,11481.00000
2026-05-21 13:45:00+00:00,4497.71000,4520.90000,4495.01000,4513.16000,11951.00000
2026-05-21 14:00:00+00:00,4513.23000,4515.40000,4502.08000,4508.22000,10581.00000
2026-05-21 14:15:00+00:00,4508.33000,4509.32000,4498.24000,4507.52000,10757.00000
2026-05-21 14:30:00+00:00,4507.50000,4511.29000,4502.64000,4504.81000,9863.00000
2026-05-21 14:45:00+00:00,4504.80000,4510.48000,4501.70000,4508.89000,9933.00000
2026-05-21 15:00:00+00:00,4508.93000,4515.40000,4496.64000,4510.09000,10772.00000
2026-05-21 15:15:00+00:00,4510.17000,4511.66000,4502.31000,4503.47000,9525.00000
2026-05-21 15:30:00+00:00,4503.45000,4509.90000,4502.66000,4507.01000,8097.00000
2026-05-21 15:45:00+00:00,4506.98000,4512.68000,4506.72000,4511.97000,7242.00000
2026-05-21 16:00:00+00:00,4511.95000,4520.72000,4511.89000,4517.22000,8828.00000
2026-05-21 16:15:00+00:00,4517.17000,4518.93000,4514.69000,4516.61000,7010.00000
2026-05-21 16:30:00+00:00,4516.58000,4519.38000,4515.63000,4518.15000,6069.00000
2026-05-21 16:45:00+00:00,4518.19000,4520.30000,4516.35000,4519.51000,6069.00000
2026-05-21 17:00:00+00:00,4519.75000,4531.66000,4514.18000,4526.46000,8896.00000
2026-05-21 17:15:00+00:00,4526.19000,4546.33000,4526.19000,4541.75000,11984.00000
2026-05-21 17:30:00+00:00,4541.73000,4549.01000,4538.75000,4548.32000,9997.00000
2026-05-21 17:45:00+00:00,4548.30000,4559.31000,4544.96000,4551.53000,10322.00000
2026-05-21 18:00:00+00:00,4551.45000,4556.14000,4543.08000,4546.07000,9694.00000
2026-05-21 18:15:00+00:00,4546.11000,4550.76000,4544.42000,4548.48000,8195.00000
2026-05-21 18:30:00+00:00,4548.47000,4549.54000,4542.87000,4545.37000,6844.00000
2026-05-21 18:45:00+00:00,4545.36000,4546.09000,4527.42000,4531.98000,10121.00000
2026-05-21 19:00:00+00:00,4532.02000,4537.93000,4529.95000,4537.93000,8247.00000
2026-05-21 19:15:00+00:00,4537.92000,4542.02000,4537.79000,4538.95000,6001.00000
2026-05-21 19:30:00+00:00,4538.84000,4543.35000,4538.76000,4539.43000,5426.00000
2026-05-21 19:45:00+00:00,4539.44000,4543.75000,4534.69000,4543.09000,7303.00000
2026-05-21 20:00:00+00:00,4543.20000,4544.84000,4541.24000,4542.61000,4244.00000
2026-05-21 20:15:00+00:00,4542.43000,4542.75000,4540.34000,4541.41000,2455.00000
2026-05-21 20:30:00+00:00,4541.43000,4542.27000,4540.41000,4540.73000,1773.00000
2026-05-21 20:45:00+00:00,4540.65000,4543.21000,4539.82000,4543.15000,2033.00000
2026-05-21 22:00:00+00:00,4541.38000,4546.76000,4539.89000,4541.95000,2997.00000
2026-05-21 22:15:00+00:00,4541.83000,4543.26000,4540.04000,4541.10000,1953.00000
2026-05-21 22:30:00+00:00,4541.52000,4543.65000,4539.69000,4542.67000,1622.00000
2026-05-21 22:45:00+00:00,4542.52000,4543.31000,4540.82000,4543.30000,1527.00000
2026-05-21 23:00:00+00:00,4543.25000,4544.93000,4542.68000,4543.80000,1702.00000
2026-05-21 23:15:00+00:00,4543.90000,4544.47000,4538.55000,4540.57000,1914.00000
2026-05-21 23:30:00+00:00,4540.55000,4540.55000,4532.63000,4532.63000,2598.00000
2026-05-21 23:45:00+00:00,4532.63000,4536.63000,4532.52000,4535.55000,2999.00000
2026-05-22 00:00:00+00:00,4535.93000,4536.96000,4530.97000,4531.43000,6214.00000
2026-05-22 00:15:00+00:00,4531.40000,4537.34000,4530.39000,4536.35000,5570.00000
2026-05-22 00:30:00+00:00,4536.37000,4541.10000,4535.88000,4538.12000,5092.00000
2026-05-22 00:45:00+00:00,4538.24000,4538.96000,4525.60000,4526.70000,5410.00000
2026-05-22 01:00:00+00:00,4526.54000,4536.13000,4523.45000,4529.77000,8411.00000
2026-05-22 01:15:00+00:00,4529.63000,4533.55000,4526.44000,4529.10000,6161.00000
2026-05-22 01:30:00+00:00,4529.04000,4529.89000,4521.21000,4525.23000,6737.00000
2026-05-22 01:45:00+00:00,4525.01000,4531.94000,4524.90000,4526.43000,6280.00000
2026-05-22 02:00:00+00:00,4526.38000,4529.45000,4521.50000,4527.65000,5733.00000
2026-05-22 02:15:00+00:00,4527.84000,4529.05000,4522.82000,4524.71000,4174.00000
2026-05-22 02:30:00+00:00,4524.67000,4524.67000,4518.70000,4522.87000,5924.00000
2026-05-22 02:45:00+00:00,4522.98000,4527.17000,4519.65000,4523.25000,5008.00000
2026-05-22 03:00:00+00:00,4523.26000,4525.32000,4520.64000,4521.18000,4729.00000
2026-05-22 03:15:00+00:00,4521.35000,4523.00000,4519.28000,4521.86000,4478.00000
2026-05-22 03:30:00+00:00,4521.84000,4527.81000,4521.84000,4527.04000,3761.00000
2026-05-22 03:45:00+00:00,4526.95000,4530.04000,4526.48000,4529.50000,2679.00000
2026-05-22 04:00:00+00:00,4529.61000,4530.06000,4527.66000,4529.24000,2801.00000
2026-05-22 04:15:00+00:00,4529.34000,4532.99000,4527.75000,4532.31000,3049.00000
2026-05-22 04:30:00+00:00,4532.30000,4532.81000,4525.57000,4529.05000,3429.00000
2026-05-22 04:45:00+00:00,4529.11000,4530.28000,4527.12000,4527.26000,2293.00000
2026-05-22 05:00:00+00:00,4527.21000,4529.64000,4523.62000,4525.43000,3331.00000
2026-05-22 05:15:00+00:00,4525.50000,4529.16000,4523.51000,4526.20000,3401.00000
2026-05-22 05:30:00+00:00,4526.26000,4534.25000,4525.08000,4534.13000,6165.00000
2026-05-22 05:45:00+00:00,4534.19000,4534.26000,4507.37000,4511.27000,7112.00000
2026-05-22 06:00:00+00:00,4511.54000,4524.38000,4510.21000,4521.69000,8648.00000
2026-05-22 06:15:00+00:00,4521.63000,4526.12000,4516.50000,4525.32000,7296.00000
2026-05-22 06:30:00+00:00,4525.34000,4527.42000,4521.69000,4526.61000,6545.00000
2026-05-22 06:45:00+00:00,4526.64000,4528.97000,4523.72000,4526.95000,5915.00000
2026-05-22 07:00:00+00:00,4526.93000,4527.16000,4521.52000,4522.49000,6070.00000
2026-05-22 07:15:00+00:00,4522.54000,4527.44000,4522.38000,4525.87000,4676.00000
2026-05-22 07:30:00+00:00,4525.87000,4525.89000,4516.23000,4519.94000,6047.00000
2026-05-22 07:45:00+00:00,4519.93000,4523.30000,4517.69000,4521.94000,4959.00000
2026-05-22 08:00:00+00:00,4522.16000,4529.95000,4521.63000,4524.83000,5666.00000
2026-05-22 08:15:00+00:00,4524.80000,4531.24000,4523.80000,4526.80000,6852.00000
2026-05-22 08:30:00+00:00,4526.93000,4527.34000,4517.08000,4522.55000,6797.00000
2026-05-22 08:45:00+00:00,4522.55000,4525.04000,4521.66000,4521.87000,5010.00000
2026-05-22 09:00:00+00:00,4521.88000,4525.57000,4517.27000,4517.35000,5508.00000
2026-05-22 09:15:00+00:00,4517.36000,4520.61000,4515.29000,4517.87000,5872.00000
2026-05-22 09:30:00+00:00,4517.84000,4526.07000,4514.84000,4525.15000,5343.00000
2026-05-22 09:45:00+00:00,4525.29000,4535.93000,4524.75000,4532.26000,4787.00000
2026-05-22 10:00:00+00:00,4532.34000,4536.86000,4529.50000,4533.91000,5294.00000
2026-05-22 10:15:00+00:00,4534.15000,4534.23000,4524.59000,4524.84000,5031.00000
2026-05-22 10:30:00+00:00,4524.82000,4525.60000,4512.35000,4512.52000,6817.00000
2026-05-22 10:45:00+00:00,4512.46000,4515.19000,4510.18000,4514.72000,5132.00000
2026-05-22 11:00:00+00:00,4514.70000,4517.35000,4513.93000,4515.99000,4824.00000
2026-05-22 11:15:00+00:00,4515.95000,4515.95000,4511.98000,4512.15000,4527.00000
2026-05-22 11:30:00+00:00,4512.10000,4523.08000,4511.64000,4521.76000,5011.00000
2026-05-22 11:45:00+00:00,4521.84000,4525.07000,4520.16000,4520.74000,5658.00000
2026-05-22 12:00:00+00:00,4520.66000,4529.94000,4519.14000,4529.34000,7042.00000
2026-05-22 12:15:00+00:00,4529.18000,4535.84000,4521.15000,4521.78000,8433.00000
2026-05-22 12:30:00+00:00,4521.71000,4523.70000,4515.18000,4518.80000,6938.00000
2026-05-22 12:45:00+00:00,4518.74000,4528.41000,4517.51000,4528.29000,6302.00000
2026-05-22 13:00:00+00:00,4528.36000,4534.34000,4520.90000,4528.26000,9144.00000
2026-05-22 13:15:00+00:00,4528.24000,4529.83000,4521.41000,4522.19000,7001.00000
2026-05-22 13:30:00+00:00,4521.87000,4527.23000,4511.36000,4517.77000,10023.00000
2026-05-22 13:45:00+00:00,4517.69000,4519.03000,4510.40000,4513.95000,9347.00000
2026-05-22 14:00:00+00:00,4514.24000,4514.24000,4489.20000,4497.37000,11017.00000
2026-05-22 14:15:00+00:00,4497.58000,4500.77000,4491.91000,4499.10000,11281.00000
2026-05-22 14:30:00+00:00,4499.18000,4505.95000,4497.29000,4504.57000,9274.00000
2026-05-22 14:45:00+00:00,4504.52000,4507.37000,4500.45000,4500.66000,8015.00000
2026-05-22 15:00:00+00:00,4500.70000,4511.98000,4500.35000,4511.24000,8268.00000
2026-05-22 15:15:00+00:00,4511.31000,4519.26000,4511.12000,4519.26000,7329.00000
2026-05-22 15:30:00+00:00,4519.33000,4522.33000,4517.40000,4518.27000,7137.00000
2026-05-22 15:45:00+00:00,4518.32000,4521.81000,4514.68000,4520.16000,6804.00000
2026-05-22 16:00:00+00:00,4520.10000,4520.48000,4516.91000,4519.46000,6394.00000
2026-05-22 16:15:00+00:00,4519.36000,4524.18000,4516.91000,4523.80000,5465.00000
2026-05-22 16:30:00+00:00,4523.79000,4526.85000,4512.79000,4514.99000,6476.00000
2026-05-22 16:45:00+00:00,4515.03000,4518.01000,4512.45000,4514.98000,6291.00000
2026-05-22 17:00:00+00:00,4514.99000,4520.93000,4514.86000,4519.39000,4987.00000
2026-05-22 17:15:00+00:00,4519.38000,4525.91000,4513.19000,4525.39000,7402.00000
2026-05-22 17:30:00+00:00,4525.75000,4527.82000,4519.52000,4522.27000,8307.00000
2026-05-22 17:45:00+00:00,4522.38000,4522.87000,4518.72000,4519.28000,5696.00000
2026-05-22 18:00:00+00:00,4519.31000,4519.48000,4512.02000,4513.87000,6434.00000
2026-05-22 18:15:00+00:00,4513.85000,4517.78000,4512.59000,4515.43000,4967.00000
2026-05-22 18:30:00+00:00,4515.42000,4520.02000,4513.95000,4515.18000,4841.00000
2026-05-22 18:45:00+00:00,4515.20000,4516.03000,4513.01000,4515.18000,4960.00000
2026-05-22 19:00:00+00:00,4515.23000,4515.90000,4507.03000,4507.34000,6878.00000
2026-05-22 19:15:00+00:00,4507.36000,4509.12000,4506.46000,4507.19000,4529.00000
2026-05-22 19:30:00+00:00,4507.25000,4510.89000,4504.32000,4509.70000,4951.00000
2026-05-22 19:45:00+00:00,4509.72000,4510.06000,4506.75000,4508.39000,4915.00000
2026-05-22 20:00:00+00:00,4508.37000,4509.37000,4505.02000,4508.09000,2811.00000
2026-05-22 20:15:00+00:00,4508.21000,4510.60000,4506.96000,4510.34000,2061.00000
2026-05-22 20:30:00+00:00,4510.31000,4510.54000,4504.79000,4504.98000,2997.00000
2026-05-22 20:45:00+00:00,4504.97000,4509.70000,4504.04000,4509.27000,2048.00000
2026-05-24 22:00:00+00:00,4542.74000,4557.41000,4541.66000,4554.71000,7311.00000
2026-05-24 22:15:00+00:00,4555.04000,4556.03000,4548.14000,4552.32000,5625.00000
2026-05-24 22:30:00+00:00,4551.88000,4561.27000,4551.83000,4558.23000,4500.00000
2026-05-24 22:45:00+00:00,4558.22000,4565.68000,4557.87000,4565.07000,4037.00000
2026-05-24 23:00:00+00:00,4565.10000,4576.43000,4565.10000,4574.53000,4063.00000
2026-05-24 23:15:00+00:00,4574.58000,4578.34000,4573.46000,4575.05000,3365.00000
2026-05-24 23:30:00+00:00,4575.09000,4580.02000,4575.03000,4577.40000,4130.00000
2026-05-24 23:45:00+00:00,4577.41000,4578.38000,4565.60000,4567.06000,4536.00000
2026-05-25 00:00:00+00:00,4566.94000,4575.78000,4566.22000,4572.64000,5991.00000
2026-05-25 00:15:00+00:00,4572.68000,4575.45000,4569.93000,4572.37000,5200.00000
2026-05-25 00:30:00+00:00,4573.09000,4575.58000,4571.00000,4571.66000,4418.00000
2026-05-25 00:45:00+00:00,4571.74000,4579.60000,4566.15000,4569.59000,6370.00000
2026-05-25 01:00:00+00:00,4569.57000,4576.23000,4560.64000,4565.83000,9929.00000
2026-05-25 01:15:00+00:00,4565.74000,4575.42000,4562.42000,4573.43000,7329.00000
2026-05-25 01:30:00+00:00,4573.47000,4574.90000,4563.28000,4563.48000,6671.00000
2026-05-25 01:45:00+00:00,4563.43000,4567.35000,4560.39000,4562.95000,5745.00000
2026-05-25 02:00:00+00:00,4562.99000,4568.40000,4561.31000,4562.10000,5639.00000
2026-05-25 02:15:00+00:00,4562.18000,4563.43000,4558.84000,4562.95000,4254.00000
2026-05-25 02:30:00+00:00,4563.40000,4569.60000,4561.69000,4569.60000,5599.00000
2026-05-25 02:45:00+00:00,4569.70000,4570.28000,4559.54000,4561.41000,5112.00000
2026-05-25 03:00:00+00:00,4561.43000,4564.37000,4560.43000,4563.26000,5018.00000
2026-05-25 03:15:00+00:00,4563.25000,4564.56000,4560.24000,4560.74000,4534.00000
2026-05-25 03:30:00+00:00,4560.96000,4564.10000,4558.17000,4558.53000,4057.00000
2026-05-25 03:45:00+00:00,4558.52000,4561.34000,4556.59000,4559.87000,3811.00000
2026-05-25 04:00:00+00:00,4559.80000,4562.68000,4559.53000,4560.97000,3390.00000
2026-05-25 04:15:00+00:00,4560.89000,4565.87000,4560.04000,4565.27000,3112.00000
2026-05-25 04:30:00+00:00,4565.29000,4565.48000,4559.69000,4562.48000,3256.00000
2026-05-25 04:45:00+00:00,4562.51000,4565.64000,4562.38000,4564.88000,2433.00000
2026-05-25 05:00:00+00:00,4564.89000,4565.80000,4562.89000,4563.58000,2759.00000
2026-05-25 05:15:00+00:00,4563.56000,4563.70000,4554.12000,4554.24000,3377.00000
2026-05-25 05:30:00+00:00,4554.23000,4561.02000,4552.81000,4557.08000,5037.00000
2026-05-25 05:45:00+00:00,4557.07000,4558.02000,4551.95000,4553.42000,4988.00000
2026-05-25 06:00:00+00:00,4552.93000,4555.95000,4550.53000,4553.89000,5940.00000
2026-05-25 06:15:00+00:00,4553.85000,4557.38000,4552.28000,4554.24000,5260.00000
2026-05-25 06:30:00+00:00,4554.43000,4557.45000,4553.63000,4556.51000,4791.00000
2026-05-25 06:45:00+00:00,4556.42000,4563.28000,4556.27000,4562.50000,5357.00000
2026-05-25 07:00:00+00:00,4562.60000,4564.83000,4560.53000,4560.84000,5455.00000
2026-05-25 07:15:00+00:00,4560.78000,4561.19000,4552.64000,4554.44000,6492.00000
2026-05-25 07:30:00+00:00,4554.50000,4561.65000,4554.20000,4559.89000,5142.00000
2026-05-25 07:45:00+00:00,4559.89000,4565.20000,4558.65000,4564.86000,3999.00000
2026-05-25 08:00:00+00:00,4564.86000,4565.04000,4559.65000,4561.14000,4250.00000
2026-05-25 08:15:00+00:00,4561.16000,4561.41000,4553.85000,4555.16000,4800.00000
2026-05-25 08:30:00+00:00,4555.17000,4558.20000,4553.51000,4554.69000,3845.00000
2026-05-25 08:45:00+00:00,4554.74000,4556.66000,4553.37000,4556.20000,3628.00000
2026-05-25 09:00:00+00:00,4556.21000,4558.77000,4554.94000,4555.59000,3057.00000
2026-05-25 09:15:00+00:00,4555.63000,4559.03000,4555.61000,4558.96000,2691.00000
2026-05-25 09:30:00+00:00,4558.98000,4566.13000,4558.49000,4565.90000,4696.00000
2026-05-25 09:45:00+00:00,4565.88000,4569.07000,4564.78000,4567.66000,3708.00000
2026-05-25 10:00:00+00:00,4567.63000,4572.51000,4567.59000,4571.98000,3917.00000
2026-05-25 10:15:00+00:00,4571.99000,4573.73000,4569.91000,4570.73000,3645.00000
2026-05-25 10:30:00+00:00,4570.92000,4573.25000,4568.38000,4570.32000,3841.00000
2026-05-25 10:45:00+00:00,4570.30000,4572.48000,4568.62000,4568.71000,2749.00000
2026-05-25 11:00:00+00:00,4568.76000,4572.42000,4567.70000,4572.14000,2347.00000
2026-05-25 11:15:00+00:00,4572.18000,4575.21000,4569.36000,4571.75000,3726.00000
2026-05-25 11:30:00+00:00,4571.69000,4576.29000,4571.66000,4574.58000,3720.00000
2026-05-25 11:45:00+00:00,4574.58000,4577.00000,4569.10000,4569.38000,3960.00000
2026-05-25 12:00:00+00:00,4569.28000,4569.51000,4556.17000,4556.40000,6140.00000
2026-05-25 12:15:00+00:00,4556.39000,4560.91000,4552.99000,4560.57000,5295.00000
2026-05-25 12:30:00+00:00,4560.60000,4570.26000,4559.98000,4566.56000,5141.00000
2026-05-25 12:45:00+00:00,4566.56000,4568.76000,4563.95000,4567.70000,3853.00000
2026-05-25 13:00:00+00:00,4567.64000,4571.47000,4561.72000,4564.54000,6666.00000
2026-05-25 13:15:00+00:00,4564.55000,4564.63000,4560.65000,4561.93000,5075.00000
2026-05-25 13:30:00+00:00,4561.82000,4565.66000,4561.66000,4565.19000,5252.00000
2026-05-25 13:45:00+00:00,4565.17000,4565.43000,4560.15000,4563.18000,4433.00000
2026-05-25 14:00:00+00:00,4563.07000,4570.12000,4562.37000,4567.84000,4863.00000
2026-05-25 14:15:00+00:00,4567.80000,4570.70000,4567.48000,4568.00000,3687.00000
2026-05-25 14:30:00+00:00,4568.01000,4568.57000,4565.03000,4567.09000,3432.00000
2026-05-25 14:45:00+00:00,4567.07000,4569.03000,4565.40000,4566.86000,3751.00000
2026-05-25 15:00:00+00:00,4566.82000,4573.61000,4565.76000,4570.21000,5101.00000
2026-05-25 15:15:00+00:00,4570.23000,4574.66000,4568.09000,4573.43000,4819.00000
2026-05-25 15:30:00+00:00,4573.42000,4573.54000,4566.62000,4569.07000,3462.00000
2026-05-25 15:45:00+00:00,4569.04000,4572.81000,4568.85000,4570.97000,2401.00000
2026-05-25 16:00:00+00:00,4571.01000,4571.28000,4568.55000,4570.68000,2631.00000
2026-05-25 16:15:00+00:00,4570.69000,4570.71000,4568.05000,4568.26000,1782.00000
2026-05-25 16:30:00+00:00,4568.26000,4572.41000,4568.04000,4572.18000,2407.00000
2026-05-25 16:45:00+00:00,4572.18000,4574.63000,4570.82000,4573.56000,2442.00000
2026-05-25 17:00:00+00:00,4573.53000,4577.83000,4573.51000,4574.18000,2448.00000
2026-05-25 17:15:00+00:00,4574.18000,4574.69000,4570.30000,4571.46000,1467.00000
2026-05-25 17:30:00+00:00,4571.39000,4571.51000,4566.36000,4566.82000,1492.00000
2026-05-25 17:45:00+00:00,4566.70000,4566.70000,4563.42000,4565.17000,1855.00000
2026-05-25 18:00:00+00:00,4565.24000,4571.58000,4564.45000,4569.28000,1856.00000
2026-05-25 18:15:00+00:00,4569.29000,4571.01000,4567.45000,4570.97000,1051.00000
2026-05-25 22:00:00+00:00,4569.84000,4574.16000,4567.27000,4573.54000,2964.00000
2026-05-25 22:15:00+00:00,4573.55000,4575.59000,4572.71000,4573.25000,2023.00000
2026-05-25 22:30:00+00:00,4573.26000,4575.23000,4569.71000,4574.12000,2846.00000
2026-05-25 22:45:00+00:00,4574.06000,4576.61000,4573.70000,4575.02000,2172.00000
2026-05-25 23:00:00+00:00,4575.04000,4579.24000,4573.94000,4579.07000,2883.00000
2026-05-25 23:15:00+00:00,4579.08000,4580.31000,4567.06000,4568.47000,3635.00000
2026-05-25 23:30:00+00:00,4568.44000,4568.70000,4555.34000,4556.82000,5977.00000
2026-05-25 23:45:00+00:00,4556.88000,4563.03000,4556.88000,4559.80000,4271.00000
2026-05-26 00:00:00+00:00,4559.79000,4560.10000,4548.71000,4552.38000,7964.00000
2026-05-26 00:15:00+00:00,4552.43000,4553.55000,4540.40000,4549.41000,6266.00000
2026-05-26 00:30:00+00:00,4549.42000,4553.09000,4543.55000,4548.20000,5301.00000
2026-05-26 00:45:00+00:00,4548.19000,4551.61000,4539.66000,4549.69000,6102.00000
2026-05-26 01:00:00+00:00,4549.68000,4550.30000,4542.44000,4548.77000,8082.00000
2026-05-26 01:15:00+00:00,4548.67000,4549.12000,4542.04000,4543.88000,6395.00000
2026-05-26 01:30:00+00:00,4543.87000,4544.37000,4527.93000,4532.26000,8515.00000
2026-05-26 01:45:00+00:00,4532.29000,4537.41000,4531.38000,4537.14000,6175.00000
2026-05-26 02:00:00+00:00,4537.13000,4539.64000,4535.46000,4538.56000,4566.00000
2026-05-26 02:15:00+00:00,4538.76000,4539.02000,4536.46000,4536.96000,3243.00000
2026-05-26 02:30:00+00:00,4536.97000,4538.60000,4533.76000,4534.12000,4713.00000
2026-05-26 02:45:00+00:00,4534.17000,4534.80000,4530.21000,4532.34000,4477.00000
2026-05-26 03:00:00+00:00,4532.37000,4538.47000,4532.13000,4537.11000,4021.00000
2026-05-26 03:15:00+00:00,4537.10000,4543.63000,4537.01000,4542.25000,4138.00000
2026-05-26 03:30:00+00:00,4542.26000,4545.43000,4541.08000,4541.48000,3368.00000
2026-05-26 03:45:00+00:00,4541.36000,4543.77000,4540.90000,4542.41000,2289.00000
2026-05-26 04:00:00+00:00,4542.42000,4543.27000,4536.27000,4537.37000,3142.00000
2026-05-26 04:15:00+00:00,4537.50000,4539.56000,4532.64000,4532.68000,2715.00000
2026-05-26 04:30:00+00:00,4532.64000,4533.27000,4525.35000,4526.28000,4015.00000
2026-05-26 04:45:00+00:00,4526.26000,4529.10000,4523.54000,4525.52000,3812.00000
2026-05-26 05:00:00+00:00,4525.47000,4531.45000,4522.90000,4529.44000,4649.00000
2026-05-26 05:15:00+00:00,4529.32000,4531.40000,4528.79000,4531.30000,3013.00000
2026-05-26 05:30:00+00:00,4531.16000,4535.14000,4527.98000,4529.87000,6621.00000
2026-05-26 05:45:00+00:00,4529.88000,4529.89000,4523.60000,4527.28000,6367.00000
2026-05-26 06:00:00+00:00,4527.25000,4532.84000,4527.11000,4531.56000,5892.00000
2026-05-26 06:15:00+00:00,4531.55000,4536.22000,4528.24000,4530.14000,5518.00000
2026-05-26 06:30:00+00:00,4530.47000,4534.03000,4528.77000,4533.90000,5573.00000
2026-05-26 06:45:00+00:00,4533.91000,4534.05000,4528.58000,4531.08000,5171.00000
2026-05-26 07:00:00+00:00,4531.08000,4533.95000,4525.88000,4528.54000,6963.00000
2026-05-26 07:15:00+00:00,4528.55000,4531.18000,4522.04000,4529.74000,5657.00000
2026-05-26 07:30:00+00:00,4529.78000,4529.88000,4521.63000,4526.71000,6554.00000
2026-05-26 07:45:00+00:00,4526.69000,4539.02000,4525.28000,4538.32000,6233.00000
2026-05-26 08:00:00+00:00,4538.96000,4538.96000,4527.14000,4527.60000,6002.00000
2026-05-26 08:15:00+00:00,4527.75000,4529.98000,4520.52000,4522.37000,5081.00000
2026-05-26 08:30:00+00:00,4522.33000,4526.36000,4520.25000,4525.47000,5293.00000
2026-05-26 08:45:00+00:00,4525.42000,4527.49000,4520.33000,4523.82000,4659.00000
2026-05-26 09:00:00+00:00,4523.90000,4524.92000,4519.37000,4520.62000,4463.00000
2026-05-26 09:15:00+00:00,4520.59000,4526.45000,4518.27000,4524.90000,6003.00000
2026-05-26 09:30:00+00:00,4524.91000,4525.37000,4512.21000,4513.28000,6501.00000
2026-05-26 09:45:00+00:00,4513.29000,4523.53000,4513.13000,4522.77000,5665.00000
2026-05-26 10:00:00+00:00,4522.83000,4532.15000,4519.35000,4529.43000,6199.00000
2026-05-26 10:15:00+00:00,4529.46000,4535.39000,4527.54000,4533.47000,5675.00000
2026-05-26 10:30:00+00:00,4533.50000,4539.00000,4531.52000,4533.23000,6539.00000
2026-05-26 10:45:00+00:00,4533.30000,4540.63000,4533.25000,4534.48000,5636.00000
2026-05-26 11:00:00+00:00,4534.48000,4536.31000,4531.72000,4531.81000,4207.00000
2026-05-26 11:15:00+00:00,4531.87000,4532.70000,4522.85000,4523.85000,5576.00000
2026-05-26 11:30:00+00:00,4523.74000,4523.87000,4504.77000,4510.20000,9317.00000
2026-05-26 11:45:00+00:00,4510.18000,4515.77000,4503.65000,4507.23000,7014.00000
2026-05-26 12:00:00+00:00,4506.84000,4512.26000,4504.49000,4510.42000,7349.00000
2026-05-26 12:15:00+00:00,4510.43000,4516.05000,4503.46000,4506.25000,6489.00000
2026-05-26 12:30:00+00:00,4506.25000,4512.08000,4500.65000,4512.06000,7297.00000
2026-05-26 12:45:00+00:00,4512.07000,4523.74000,4510.67000,4520.46000,7826.00000
2026-05-26 13:00:00+00:00,4519.90000,4526.33000,4516.13000,4518.43000,7351.00000
2026-05-26 13:15:00+00:00,4518.55000,4527.57000,4518.28000,4522.34000,6659.00000
2026-05-26 13:30:00+00:00,4522.53000,4531.24000,4521.25000,4527.35000,9462.00000
2026-05-26 13:45:00+00:00,4527.61000,4529.33000,4512.07000,4514.11000,9763.00000
2026-05-26 14:00:00+00:00,4514.07000,4520.51000,4507.98000,4511.03000,9218.00000
2026-05-26 14:15:00+00:00,4510.76000,4517.90000,4508.65000,4517.76000,7521.00000
2026-05-26 14:30:00+00:00,4517.75000,4524.99000,4516.80000,4521.52000,7571.00000
2026-05-26 14:45:00+00:00,4521.48000,4522.14000,4512.78000,4515.33000,7217.00000
2026-05-26 15:00:00+00:00,4515.61000,4515.61000,4508.21000,4509.59000,8050.00000
2026-05-26 15:15:00+00:00,4509.51000,4510.49000,4505.04000,4506.07000,7245.00000
2026-05-26 15:30:00+00:00,4506.16000,4509.00000,4502.35000,4508.39000,8011.00000
2026-05-26 15:45:00+00:00,4508.38000,4510.80000,4506.06000,4506.49000,7197.00000
2026-05-26 16:00:00+00:00,4506.58000,4508.55000,4501.16000,4501.49000,6322.00000
2026-05-26 16:15:00+00:00,4501.42000,4508.82000,4499.90000,4508.09000,6094.00000
2026-05-26 16:30:00+00:00,4508.08000,4511.28000,4506.27000,4506.67000,5797.00000
2026-05-26 16:45:00+00:00,4506.66000,4507.83000,4503.17000,4504.97000,4903.00000
2026-05-26 17:00:00+00:00,4504.98000,4507.46000,4503.29000,4503.80000,4846.00000
2026-05-26 17:15:00+00:00,4503.79000,4507.51000,4500.50000,4501.50000,5520.00000
2026-05-26 17:30:00+00:00,4501.47000,4501.75000,4496.65000,4498.65000,6473.00000
2026-05-26 17:45:00+00:00,4498.66000,4501.32000,4489.82000,4491.05000,5606.00000
2026-05-26 18:00:00+00:00,4490.97000,4493.31000,4482.40000,4487.39000,6836.00000
2026-05-26 18:15:00+00:00,4487.37000,4496.30000,4486.29000,4495.14000,5359.00000
2026-05-26 18:30:00+00:00,4495.24000,4498.36000,4494.21000,4496.15000,4869.00000
2026-05-26 18:45:00+00:00,4496.14000,4499.56000,4496.12000,4499.36000,4365.00000
2026-05-26 19:00:00+00:00,4499.41000,4501.21000,4497.58000,4499.50000,4220.00000
2026-05-26 19:15:00+00:00,4499.52000,4504.60000,4499.40000,4502.11000,4279.00000
2026-05-26 19:30:00+00:00,4502.09000,4505.93000,4500.87000,4504.96000,3901.00000
2026-05-26 19:45:00+00:00,4504.93000,4509.95000,4504.23000,4508.98000,5271.00000
2026-05-26 20:00:00+00:00,4508.99000,4510.76000,4506.39000,4507.96000,2974.00000
2026-05-26 20:15:00+00:00,4507.98000,4509.86000,4506.36000,4506.65000,2066.00000
2026-05-26 20:30:00+00:00,4506.66000,4509.76000,4506.17000,4508.83000,1485.00000
2026-05-26 20:45:00+00:00,4508.90000,4510.15000,4504.11000,4507.57000,2238.00000
2026-05-26 22:00:00+00:00,4498.99000,4538.31000,4498.85000,4504.85000,3907.00000
2026-05-26 22:15:00+00:00,4504.87000,4510.17000,4502.89000,4504.58000,3657.00000
2026-05-26 22:30:00+00:00,4504.56000,4505.79000,4498.15000,4500.72000,2794.00000
2026-05-26 22:45:00+00:00,4500.80000,4512.56000,4499.66000,4511.08000,2787.00000
2026-05-26 23:00:00+00:00,4511.09000,4513.81000,4507.67000,4508.95000,2606.00000
2026-05-26 23:15:00+00:00,4508.93000,4512.35000,4504.53000,4512.35000,2708.00000
2026-05-26 23:30:00+00:00,4512.31000,4526.98000,4511.23000,4526.98000,4297.00000
2026-05-26 23:45:00+00:00,4526.95000,4527.94000,4518.61000,4519.73000,3523.00000
2026-05-27 00:00:00+00:00,4519.47000,4525.88000,4517.33000,4522.07000,4441.00000
2026-05-27 00:15:00+00:00,4522.02000,4522.54000,4514.12000,4518.00000,4366.00000
2026-05-27 00:30:00+00:00,4518.41000,4520.99000,4516.84000,4518.77000,3308.00000
2026-05-27 00:45:00+00:00,4518.85000,4522.20000,4514.69000,4515.16000,3807.00000
2026-05-27 01:00:00+00:00,4515.15000,4521.00000,4512.77000,4519.48000,6241.00000
2026-05-27 01:15:00+00:00,4519.47000,4521.13000,4514.49000,4516.28000,4353.00000
2026-05-27 01:30:00+00:00,4516.20000,4517.19000,4509.37000,4510.04000,4374.00000
2026-05-27 01:45:00+00:00,4510.09000,4510.50000,4506.89000,4508.07000,3958.00000
2026-05-27 02:00:00+00:00,4508.11000,4509.57000,4502.15000,4504.23000,4425.00000
2026-05-27 02:15:00+00:00,4504.11000,4505.82000,4499.09000,4505.60000,3653.00000
2026-05-27 02:30:00+00:00,4505.62000,4506.14000,4498.84000,4500.03000,3790.00000
2026-05-27 02:45:00+00:00,4499.96000,4507.04000,4498.27000,4505.86000,2842.00000
2026-05-27 03:00:00+00:00,4505.84000,4510.51000,4505.23000,4509.29000,3205.00000
2026-05-27 03:15:00+00:00,4509.32000,4512.08000,4505.67000,4507.18000,3063.00000
2026-05-27 03:30:00+00:00,4507.22000,4507.42000,4501.68000,4504.51000,2594.00000
2026-05-27 03:45:00+00:00,4504.50000,4505.62000,4496.73000,4497.22000,2933.00000
2026-05-27 04:00:00+00:00,4497.16000,4503.34000,4495.93000,4503.12000,3343.00000
2026-05-27 04:15:00+00:00,4503.20000,4503.44000,4499.67000,4499.74000,3149.00000
2026-05-27 04:30:00+00:00,4499.68000,4508.62000,4498.05000,4508.59000,3712.00000
2026-05-27 04:45:00+00:00,4508.59000,4517.29000,4508.59000,4510.24000,3875.00000
2026-05-27 05:00:00+00:00,4510.16000,4513.86000,4508.33000,4509.04000,3431.00000
2026-05-27 05:15:00+00:00,4509.05000,4509.08000,4504.16000,4507.39000,3947.00000
2026-05-27 05:30:00+00:00,4507.24000,4508.82000,4491.84000,4493.43000,8784.00000
2026-05-27 05:45:00+00:00,4493.49000,4502.29000,4491.96000,4497.62000,7811.00000
2026-05-27 06:00:00+00:00,4497.61000,4499.27000,4493.75000,4494.04000,7578.00000
2026-05-27 06:15:00+00:00,4494.03000,4495.90000,4483.67000,4486.31000,8434.00000
2026-05-27 06:30:00+00:00,4486.34000,4488.00000,4479.40000,4487.71000,7555.00000
2026-05-27 06:45:00+00:00,4487.71000,4490.20000,4483.66000,4485.26000,5806.00000
2026-05-27 07:00:00+00:00,4485.95000,4488.62000,4480.14000,4480.40000,6170.00000
2026-05-27 07:15:00+00:00,4480.45000,4489.23000,4480.34000,4486.21000,5150.00000
2026-05-27 07:30:00+00:00,4486.22000,4488.74000,4481.27000,4482.85000,4459.00000
2026-05-27 07:45:00+00:00,4482.86000,4484.13000,4475.19000,4482.21000,5481.00000
2026-05-27 08:00:00+00:00,4481.99000,4489.37000,4481.89000,4486.41000,6110.00000
2026-05-27 08:15:00+00:00,4486.42000,4493.01000,4486.21000,4489.21000,5335.00000
2026-05-27 08:30:00+00:00,4489.16000,4496.66000,4486.12000,4496.29000,5017.00000
2026-05-27 08:45:00+00:00,4496.28000,4498.74000,4492.67000,4497.90000,5039.00000
2026-05-27 09:00:00+00:00,4497.82000,4497.82000,4488.73000,4491.83000,4922.00000
2026-05-27 09:15:00+00:00,4491.79000,4495.45000,4489.39000,4490.19000,4109.00000
2026-05-27 09:30:00+00:00,4490.20000,4492.36000,4486.95000,4488.69000,4026.00000
2026-05-27 09:45:00+00:00,4488.64000,4493.25000,4488.33000,4490.23000,2995.00000
2026-05-27 10:00:00+00:00,4490.17000,4490.60000,4484.20000,4485.59000,3937.00000
2026-05-27 10:15:00+00:00,4485.52000,4486.43000,4476.63000,4477.10000,5175.00000
2026-05-27 10:30:00+00:00,4477.07000,4477.37000,4462.19000,4465.73000,7759.00000
2026-05-27 10:45:00+00:00,4465.52000,4466.95000,4442.75000,4445.80000,9775.00000
2026-05-27 11:00:00+00:00,4445.90000,4453.15000,4443.48000,4451.26000,7231.00000
2026-05-27 11:15:00+00:00,4451.14000,4452.34000,4439.88000,4440.96000,7354.00000
2026-05-27 11:30:00+00:00,4440.89000,4444.38000,4432.49000,4443.27000,7497.00000
2026-05-27 11:45:00+00:00,4443.18000,4444.84000,4425.19000,4428.78000,7203.00000
2026-05-27 12:00:00+00:00,4428.30000,4437.60000,4428.30000,4430.41000,7549.00000
2026-05-27 12:15:00+00:00,4430.23000,4466.40000,4427.59000,4454.84000,11090.00000
2026-05-27 12:30:00+00:00,4454.70000,4460.25000,4444.54000,4447.08000,9640.00000
2026-05-27 12:45:00+00:00,4447.17000,4448.26000,4437.88000,4438.92000,7840.00000
2026-05-27 13:00:00+00:00,4438.72000,4438.94000,4410.99000,4416.72000,11275.00000
2026-05-27 13:15:00+00:00,4416.55000,4421.41000,4401.51000,4404.83000,10710.00000
2026-05-27 13:30:00+00:00,4404.74000,4425.69000,4404.74000,4419.38000,11720.00000
2026-05-27 13:45:00+00:00,4419.32000,4434.01000,4418.42000,4427.39000,10440.00000
2026-05-27 14:00:00+00:00,4427.33000,4455.56000,4426.11000,4448.06000,10930.00000
2026-05-27 14:15:00+00:00,4448.21000,4455.32000,4440.28000,4445.57000,10191.00000
2026-05-27 14:30:00+00:00,4445.16000,4449.34000,4435.68000,4443.26000,9446.00000
2026-05-27 14:45:00+00:00,4443.28000,4446.20000,4433.34000,4434.05000,8527.00000
2026-05-27 15:00:00+00:00,4433.92000,4438.52000,4428.25000,4432.19000,8310.00000
2026-05-27 15:15:00+00:00,4432.12000,4435.98000,4429.74000,4435.90000,7341.00000
2026-05-27 15:30:00+00:00,4436.02000,4441.50000,4433.11000,4434.20000,7564.00000
2026-05-27 15:45:00+00:00,4434.33000,4438.76000,4431.05000,4436.59000,6638.00000
2026-05-27 16:00:00+00:00,4436.67000,4441.97000,4434.29000,4440.31000,6583.00000
2026-05-27 16:15:00+00:00,4440.38000,4447.65000,4439.97000,4446.88000,5409.00000
2026-05-27 16:30:00+00:00,4446.57000,4453.25000,4445.28000,4450.85000,5549.00000
2026-05-27 16:45:00+00:00,4450.96000,4453.31000,4449.45000,4450.86000,5548.00000
2026-05-27 17:00:00+00:00,4451.02000,4451.71000,4441.49000,4444.21000,7080.00000
2026-05-27 17:15:00+00:00,4444.19000,4451.27000,4443.38000,4449.88000,6067.00000
2026-05-27 17:30:00+00:00,4450.26000,4454.38000,4450.09000,4450.69000,5084.00000
2026-05-27 17:45:00+00:00,4450.67000,4454.13000,4450.13000,4450.39000,4073.00000
2026-05-27 18:00:00+00:00,4450.26000,4452.28000,4447.77000,4450.19000,4403.00000
2026-05-27 18:15:00+00:00,4450.19000,4458.32000,4449.96000,4455.61000,4992.00000
2026-05-27 18:30:00+00:00,4455.64000,4456.47000,4451.43000,4453.40000,3456.00000
2026-05-27 18:45:00+00:00,4453.28000,4455.07000,4452.33000,4454.43000,2920.00000
2026-05-27 19:00:00+00:00,4454.45000,4454.79000,4450.62000,4451.83000,3307.00000
2026-05-27 19:15:00+00:00,4451.80000,4454.05000,4449.78000,4451.08000,3467.00000
2026-05-27 19:30:00+00:00,4451.09000,4454.86000,4449.76000,4453.73000,3477.00000
2026-05-27 19:45:00+00:00,4453.76000,4453.79000,4448.79000,4450.88000,4145.00000
2026-05-27 20:00:00+00:00,4450.96000,4455.30000,4450.22000,4455.30000,2415.00000
2026-05-27 20:15:00+00:00,4455.30000,4458.94000,4454.81000,4455.11000,2473.00000
2026-05-27 20:30:00+00:00,4455.05000,4455.82000,4451.66000,4453.69000,1566.00000
2026-05-27 20:45:00+00:00,4453.70000,4456.35000,4452.69000,4456.27000,1395.00000
2026-05-27 22:00:00+00:00,4455.14000,4467.44000,4455.14000,4458.01000,2274.00000
2026-05-27 22:15:00+00:00,4457.99000,4462.12000,4456.73000,4460.02000,1981.00000
2026-05-27 22:30:00+00:00,4459.68000,4462.43000,4455.26000,4458.66000,2414.00000
2026-05-27 22:45:00+00:00,4458.62000,4458.92000,4455.46000,4457.51000,1536.00000
2026-05-27 23:00:00+00:00,4457.53000,4457.82000,4451.78000,4453.62000,2346.00000
2026-05-27 23:15:00+00:00,4453.68000,4455.00000,4449.44000,4450.75000,3518.00000
2026-05-27 23:30:00+00:00,4450.82000,4453.98000,4449.44000,4450.74000,2842.00000
2026-05-27 23:45:00+00:00,4450.75000,4450.75000,4443.71000,4447.18000,4080.00000
2026-05-28 00:00:00+00:00,4447.17000,4452.53000,4444.55000,4444.67000,5187.00000
2026-05-28 00:15:00+00:00,4444.69000,4453.89000,4444.09000,4446.38000,5164.00000
2026-05-28 00:30:00+00:00,4446.37000,4453.25000,4443.85000,4452.15000,5047.00000
2026-05-28 00:45:00+00:00,4452.11000,4457.88000,4450.76000,4457.10000,4720.00000
2026-05-28 01:00:00+00:00,4457.39000,4458.69000,4437.94000,4438.29000,8262.00000
2026-05-28 01:15:00+00:00,4438.22000,4440.46000,4417.33000,4419.47000,8400.00000
2026-05-28 01:30:00+00:00,4419.22000,4426.60000,4416.03000,4417.72000,8318.00000
2026-05-28 01:45:00+00:00,4417.74000,4420.53000,4407.10000,4410.08000,7819.00000
2026-05-28 02:00:00+00:00,4410.17000,4412.87000,4396.60000,4402.73000,8165.00000
2026-05-28 02:15:00+00:00,4402.77000,4408.35000,4400.00000,4406.25000,5793.00000
2026-05-28 02:30:00+00:00,4406.20000,4410.42000,4400.77000,4402.08000,6149.00000
2026-05-28 02:45:00+00:00,4402.22000,4402.32000,4392.73000,4394.45000,6402.00000
2026-05-28 03:00:00+00:00,4394.46000,4397.88000,4390.35000,4394.28000,6145.00000
2026-05-28 03:15:00+00:00,4394.27000,4394.55000,4382.41000,4387.76000,7025.00000
2026-05-28 03:30:00+00:00,4387.68000,4388.01000,4371.06000,4376.87000,8026.00000
2026-05-28 03:45:00+00:00,4376.80000,4379.46000,4368.60000,4374.85000,6654.00000
2026-05-28 04:00:00+00:00,4374.85000,4382.07000,4369.55000,4376.47000,6587.00000
2026-05-28 04:15:00+00:00,4376.53000,4377.07000,4366.72000,4368.55000,6388.00000
2026-05-28 04:30:00+00:00,4368.53000,4375.22000,4368.50000,4374.15000,5470.00000
2026-05-28 04:45:00+00:00,4373.86000,4375.31000,4368.24000,4373.07000,5781.00000
2026-05-28 05:00:00+00:00,4373.20000,4377.36000,4367.36000,4375.16000,5749.00000
2026-05-28 05:15:00+00:00,4375.13000,4379.99000,4371.86000,4378.75000,5131.00000
2026-05-28 05:30:00+00:00,4379.06000,4393.63000,4375.33000,4389.59000,8281.00000
2026-05-28 05:45:00+00:00,4389.66000,4395.87000,4387.70000,4388.05000,6874.00000
2026-05-28 06:00:00+00:00,4388.07000,4390.58000,4374.82000,4376.02000,7651.00000
2026-05-28 06:15:00+00:00,4376.00000,4384.79000,4374.30000,4380.43000,6305.00000
2026-05-28 06:30:00+00:00,4380.28000,4385.42000,4377.02000,4380.47000,5974.00000
2026-05-28 06:45:00+00:00,4380.51000,4384.69000,4379.27000,4383.56000,5022.00000
2026-05-28 07:00:00+00:00,4384.17000,4392.27000,4384.17000,4388.89000,6287.00000
2026-05-28 07:15:00+00:00,4388.98000,4396.20000,4386.46000,4392.74000,5514.00000
2026-05-28 07:30:00+00:00,4392.72000,4393.82000,4385.38000,4389.44000,5159.00000
2026-05-28 07:45:00+00:00,4389.45000,4391.04000,4382.97000,4387.59000,5267.00000
2026-05-28 08:00:00+00:00,4387.60000,4394.97000,4386.61000,4393.33000,5860.00000
2026-05-28 08:15:00+00:00,4393.31000,4394.56000,4387.65000,4389.84000,4811.00000
2026-05-28 08:30:00+00:00,4389.88000,4394.98000,4386.36000,4390.01000,4885.00000
2026-05-28 08:45:00+00:00,4390.10000,4391.87000,4385.99000,4387.01000,4377.00000
2026-05-28 09:00:00+00:00,4386.98000,4391.04000,4386.50000,4389.38000,5329.00000
2026-05-28 09:15:00+00:00,4389.33000,4399.09000,4388.66000,4396.51000,5439.00000
2026-05-28 09:30:00+00:00,4396.29000,4396.96000,4390.28000,4391.23000,5574.00000
2026-05-28 09:45:00+00:00,4391.29000,4396.37000,4389.77000,4393.72000,4960.00000
2026-05-28 10:00:00+00:00,4393.87000,4404.11000,4391.69000,4399.46000,5056.00000
2026-05-28 10:15:00+00:00,4399.47000,4402.34000,4393.89000,4401.32000,4659.00000
2026-05-28 10:30:00+00:00,4401.29000,4402.54000,4388.12000,4389.12000,5255.00000
2026-05-28 10:45:00+00:00,4388.98000,4389.04000,4375.42000,4383.13000,7956.00000
2026-05-28 11:00:00+00:00,4383.65000,4389.35000,4381.61000,4387.11000,5976.00000
2026-05-28 11:15:00+00:00,4386.86000,4390.60000,4384.55000,4385.03000,4782.00000
2026-05-28 11:30:00+00:00,4385.08000,4390.42000,4381.17000,4385.92000,5722.00000
2026-05-28 11:45:00+00:00,4385.90000,4388.54000,4381.15000,4388.01000,6141.00000
2026-05-28 12:00:00+00:00,4388.31000,4392.85000,4388.15000,4392.74000,5865.00000
2026-05-28 12:15:00+00:00,4392.73000,4392.95000,4379.75000,4385.62000,6242.00000
2026-05-28 12:30:00+00:00,4386.08000,4403.16000,4384.30000,4402.16000,9209.00000
2026-05-28 12:45:00+00:00,4402.46000,4433.73000,4401.74000,4432.20000,9381.00000
2026-05-28 13:00:00+00:00,4432.22000,4439.06000,4425.22000,4426.81000,10274.00000
2026-05-28 13:15:00+00:00,4427.07000,4434.36000,4425.92000,4428.60000,7529.00000
2026-05-28 13:30:00+00:00,4428.81000,4430.92000,4418.34000,4422.17000,10196.00000
2026-05-28 13:45:00+00:00,4422.09000,4434.29000,4421.73000,4430.50000,9427.00000
2026-05-28 14:00:00+00:00,4430.14000,4467.43000,4420.98000,4464.33000,10569.00000
2026-05-28 14:15:00+00:00,4464.29000,4473.44000,4451.70000,4461.18000,12426.00000
2026-05-28 14:30:00+00:00,4461.23000,4471.55000,4453.05000,4469.08000,11288.00000
2026-05-28 14:45:00+00:00,4468.98000,4480.45000,4462.05000,4469.44000,11062.00000
2026-05-28 15:00:00+00:00,4470.10000,4480.70000,4468.85000,4471.48000,9393.00000
2026-05-28 15:15:00+00:00,4471.52000,4482.21000,4469.34000,4476.86000,8269.00000
2026-05-28 15:30:00+00:00,4476.92000,4484.79000,4476.92000,4479.44000,8234.00000
2026-05-28 15:45:00+00:00,4479.43000,4482.43000,4478.87000,4482.33000,6451.00000
2026-05-28 16:00:00+00:00,4482.34000,4485.83000,4478.02000,4484.44000,6908.00000
2026-05-28 16:15:00+00:00,4484.52000,4502.86000,4484.15000,4500.57000,9048.00000
2026-05-28 16:30:00+00:00,4500.71000,4506.35000,4497.77000,4504.44000,7077.00000
2026-05-28 16:45:00+00:00,4504.48000,4511.17000,4504.48000,4511.08000,7062.00000
2026-05-28 17:00:00+00:00,4511.27000,4514.50000,4503.66000,4503.95000,7050.00000
2026-05-28 17:15:00+00:00,4503.98000,4506.92000,4501.18000,4502.13000,7122.00000
2026-05-28 17:30:00+00:00,4502.58000,4507.17000,4502.58000,4505.11000,5060.00000
2026-05-28 17:45:00+00:00,4505.11000,4509.98000,4504.80000,4508.99000,5274.00000
2026-05-28 18:00:00+00:00,4509.01000,4516.54000,4506.33000,4507.76000,6569.00000
2026-05-28 18:15:00+00:00,4507.79000,4512.75000,4505.49000,4506.33000,5871.00000
2026-05-28 18:30:00+00:00,4506.32000,4506.54000,4500.98000,4501.84000,5472.00000
2026-05-28 18:45:00+00:00,4501.81000,4503.66000,4498.64000,4501.11000,4805.00000
2026-05-28 19:00:00+00:00,4501.49000,4503.78000,4498.68000,4499.62000,4346.00000
2026-05-28 19:15:00+00:00,4499.65000,4503.00000,4499.62000,4499.83000,3429.00000
2026-05-28 19:30:00+00:00,4499.88000,4501.86000,4499.01000,4499.33000,3588.00000
2026-05-28 19:45:00+00:00,4499.42000,4500.49000,4497.27000,4498.00000,4664.00000
2026-05-28 20:00:00+00:00,4497.79000,4498.69000,4494.99000,4497.20000,3355.00000
2026-05-28 20:15:00+00:00,4497.06000,4500.67000,4496.42000,4499.39000,2380.00000
2026-05-28 20:30:00+00:00,4499.39000,4500.74000,4494.90000,4495.53000,2075.00000
2026-05-28 20:45:00+00:00,4495.59000,4496.62000,4494.86000,4495.66000,1880.00000
2026-05-28 22:00:00+00:00,4498.02000,4499.68000,4491.77000,4493.83000,2959.00000
2026-05-28 22:15:00+00:00,4493.82000,4496.59000,4492.88000,4495.87000,1822.00000
2026-05-28 22:30:00+00:00,4495.90000,4496.57000,4493.15000,4495.70000,2047.00000
2026-05-28 22:45:00+00:00,4495.57000,4496.26000,4491.04000,4491.31000,1688.00000
2026-05-28 23:00:00+00:00,4491.37000,4495.82000,4491.21000,4494.82000,2516.00000
2026-05-28 23:15:00+00:00,4494.85000,4497.07000,4491.90000,4492.40000,1911.00000
2026-05-28 23:30:00+00:00,4492.23000,4494.64000,4489.16000,4490.02000,2815.00000
2026-05-28 23:45:00+00:00,4490.09000,4496.31000,4489.15000,4495.23000,3183.00000
2026-05-29 00:00:00+00:00,4495.34000,4498.26000,4492.22000,4497.47000,6169.00000
2026-05-29 00:15:00+00:00,4497.22000,4500.47000,4495.65000,4500.09000,4816.00000
2026-05-29 00:30:00+00:00,4499.98000,4500.51000,4493.37000,4498.35000,4150.00000
2026-05-29 00:45:00+00:00,4498.00000,4498.28000,4493.27000,4496.12000,3846.00000
2026-05-29 01:00:00+00:00,4496.21000,4515.40000,4492.55000,4515.02000,8356.00000
2026-05-29 01:15:00+00:00,4514.97000,4520.75000,4505.35000,4505.51000,6663.00000
2026-05-29 01:30:00+00:00,4505.45000,4508.59000,4502.51000,4506.57000,6124.00000
2026-05-29 01:45:00+00:00,4506.51000,4507.72000,4501.11000,4506.55000,4972.00000
2026-05-29 02:00:00+00:00,4506.28000,4511.20000,4504.15000,4506.89000,4875.00000
2026-05-29 02:15:00+00:00,4506.92000,4508.91000,4501.99000,4503.18000,3474.00000
2026-05-29 02:30:00+00:00,4503.16000,4507.99000,4498.47000,4505.21000,4503.00000
2026-05-29 02:45:00+00:00,4505.25000,4508.20000,4501.39000,4501.86000,4675.00000
2026-05-29 03:00:00+00:00,4501.72000,4502.03000,4495.08000,4496.47000,5857.00000
2026-05-29 03:15:00+00:00,4496.50000,4499.30000,4495.29000,4496.92000,4965.00000
2026-05-29 03:30:00+00:00,4497.04000,4499.22000,4494.83000,4498.24000,3772.00000
2026-05-29 03:45:00+00:00,4498.20000,4501.68000,4496.51000,4501.38000,3693.00000
2026-05-29 04:00:00+00:00,4501.16000,4505.38000,4501.15000,4502.42000,3260.00000
2026-05-29 04:15:00+00:00,4502.27000,4511.80000,4501.80000,4509.31000,4220.00000
2026-05-29 04:30:00+00:00,4509.23000,4510.94000,4508.60000,4510.68000,3237.00000
2026-05-29 04:45:00+00:00,4510.72000,4514.71000,4508.35000,4514.18000,3432.00000
2026-05-29 05:00:00+00:00,4514.15000,4515.41000,4509.01000,4512.03000,3064.00000
2026-05-29 05:15:00+00:00,4511.88000,4512.30000,4509.51000,4509.99000,2889.00000
2026-05-29 05:30:00+00:00,4509.92000,4512.83000,4502.72000,4506.76000,5894.00000
2026-05-29 05:45:00+00:00,4506.75000,4515.77000,4504.07000,4514.96000,5192.00000
2026-05-29 06:00:00+00:00,4515.02000,4522.36000,4511.16000,4515.78000,6886.00000
2026-05-29 06:15:00+00:00,4515.70000,4521.56000,4510.06000,4516.67000,5959.00000
2026-05-29 06:30:00+00:00,4516.71000,4520.76000,4511.43000,4516.73000,5765.00000
2026-05-29 06:45:00+00:00,4516.69000,4524.07000,4515.38000,4523.68000,5166.00000
2026-05-29 07:00:00+00:00,4523.14000,4523.90000,4516.06000,4516.40000,5264.00000
2026-05-29 07:15:00+00:00,4516.33000,4517.20000,4510.72000,4514.20000,5012.00000
2026-05-29 07:30:00+00:00,4514.19000,4526.09000,4512.92000,4525.50000,6250.00000
2026-05-29 07:45:00+00:00,4525.49000,4526.17000,4522.17000,4524.81000,3990.00000
2026-05-29 08:00:00+00:00,4524.22000,4524.86000,4514.22000,4515.32000,5371.00000
2026-05-29 08:15:00+00:00,4515.31000,4518.04000,4512.73000,4517.15000,4967.00000
2026-05-29 08:30:00+00:00,4517.11000,4518.10000,4513.98000,4515.11000,3805.00000
2026-05-29 08:45:00+00:00,4514.88000,4515.96000,4509.68000,4514.93000,4431.00000
2026-05-29 09:00:00+00:00,4514.98000,4530.39000,4513.26000,4529.14000,5739.00000
2026-05-29 09:15:00+00:00,4529.29000,4532.17000,4522.26000,4528.92000,5387.00000
2026-05-29 09:30:00+00:00,4528.94000,4532.74000,4524.89000,4532.53000,4759.00000
2026-05-29 09:45:00+00:00,4532.58000,4539.81000,4529.80000,4531.18000,5325.00000
2026-05-29 10:00:00+00:00,4530.91000,4531.06000,4525.61000,4528.53000,4342.00000
2026-05-29 10:15:00+00:00,4528.45000,4531.03000,4525.84000,4530.55000,3861.00000
2026-05-29 10:30:00+00:00,4530.55000,4543.30000,4530.46000,4538.04000,5332.00000
2026-05-29 10:45:00+00:00,4538.06000,4541.07000,4535.50000,4538.57000,4525.00000
2026-05-29 11:00:00+00:00,4538.56000,4540.47000,4530.95000,4532.42000,4614.00000
2026-05-29 11:15:00+00:00,4532.48000,4534.40000,4526.94000,4528.12000,4833.00000
2026-05-29 11:30:00+00:00,4528.13000,4531.50000,4525.94000,4531.13000,4265.00000
2026-05-29 11:45:00+00:00,4531.14000,4538.87000,4527.39000,4538.44000,5233.00000
2026-05-29 12:00:00+00:00,4538.60000,4538.60000,4527.01000,4528.45000,5956.00000
2026-05-29 12:15:00+00:00,4528.44000,4531.92000,4519.97000,4522.41000,6056.00000
2026-05-29 12:30:00+00:00,4522.51000,4523.52000,4512.92000,4514.41000,7319.00000
2026-05-29 12:45:00+00:00,4514.31000,4524.12000,4512.83000,4523.05000,6341.00000
2026-05-29 13:00:00+00:00,4523.18000,4526.92000,4517.18000,4522.79000,7826.00000
2026-05-29 13:15:00+00:00,4522.83000,4529.25000,4521.36000,4528.08000,6657.00000
2026-05-29 13:30:00+00:00,4528.05000,4535.49000,4522.37000,4533.07000,9353.00000
2026-05-29 13:45:00+00:00,4532.94000,4540.76000,4529.69000,4536.92000,8655.00000
2026-05-29 14:00:00+00:00,4536.90000,4552.71000,4535.21000,4543.98000,10210.00000
2026-05-29 14:15:00+00:00,4544.00000,4545.11000,4526.34000,4529.94000,10288.00000
2026-05-29 14:30:00+00:00,4529.24000,4541.91000,4525.53000,4540.40000,10174.00000
2026-05-29 14:45:00+00:00,4540.37000,4570.43000,4536.96000,4564.31000,11007.00000
2026-05-29 15:00:00+00:00,4564.22000,4595.33000,4564.22000,4590.10000,11828.00000
2026-05-29 15:15:00+00:00,4590.37000,4591.39000,4578.30000,4578.56000,9904.00000
2026-05-29 15:30:00+00:00,4578.58000,4583.32000,4561.57000,4566.61000,9696.00000
2026-05-29 15:45:00+00:00,4566.59000,4571.58000,4557.86000,4571.20000,8734.00000
2026-05-29 16:00:00+00:00,4571.22000,4572.24000,4560.12000,4563.66000,6936.00000
2026-05-29 16:15:00+00:00,4563.63000,4567.66000,4560.48000,4563.11000,6290.00000
2026-05-29 16:30:00+00:00,4563.09000,4573.35000,4562.02000,4569.59000,6892.00000
2026-05-29 16:45:00+00:00,4569.38000,4569.40000,4560.95000,4566.99000,6056.00000
2026-05-29 17:00:00+00:00,4567.19000,4568.58000,4563.47000,4564.19000,5177.00000
2026-05-29 17:15:00+00:00,4564.20000,4566.88000,4560.52000,4561.93000,6354.00000
2026-05-29 17:30:00+00:00,4561.99000,4562.17000,4553.32000,4554.20000,6154.00000
2026-05-29 17:45:00+00:00,4554.21000,4557.69000,4551.73000,4553.52000,5602.00000
2026-05-29 18:00:00+00:00,4553.52000,4558.80000,4552.64000,4558.17000,5470.00000
2026-05-29 18:15:00+00:00,4558.21000,4560.47000,4555.74000,4559.45000,4527.00000
2026-05-29 18:30:00+00:00,4559.46000,4561.72000,4557.64000,4558.05000,3523.00000
2026-05-29 18:45:00+00:00,4558.04000,4558.04000,4551.15000,4553.38000,6079.00000
2026-05-29 19:00:00+00:00,4553.35000,4560.28000,4552.41000,4558.56000,4201.00000
2026-05-29 19:15:00+00:00,4558.43000,4559.17000,4554.70000,4555.33000,3632.00000
2026-05-29 19:30:00+00:00,4555.22000,4556.44000,4551.38000,4551.58000,4017.00000
2026-05-29 19:45:00+00:00,4551.50000,4551.66000,4543.00000,4545.59000,6206.00000
2026-05-29 20:00:00+00:00,4545.62000,4549.15000,4542.93000,4548.85000,4069.00000
2026-05-29 20:15:00+00:00,4548.77000,4548.92000,4542.40000,4542.76000,2466.00000
2026-05-29 20:30:00+00:00,4542.58000,4544.07000,4541.30000,4543.73000,2248.00000
2026-05-29 20:45:00+00:00,4543.63000,4543.63000,4539.50000,4540.38000,1706.00000
2026-05-31 22:00:00+00:00,4522.51000,4535.32000,4518.02000,4534.78000,5667.00000
2026-05-31 22:15:00+00:00,4534.75000,4536.63000,4531.45000,4533.26000,4477.00000
2026-05-31 22:30:00+00:00,4532.72000,4536.60000,4530.99000,4535.68000,3192.00000
2026-05-31 22:45:00+00:00,4535.65000,4540.47000,4534.88000,4535.34000,3043.00000
2026-05-31 23:00:00+00:00,4535.39000,4543.20000,4535.10000,4542.60000,2686.00000
2026-05-31 23:15:00+00:00,4542.57000,4545.13000,4540.13000,4544.94000,2714.00000
2026-05-31 23:30:00+00:00,4545.00000,4545.79000,4538.65000,4541.99000,3326.00000
2026-05-31 23:45:00+00:00,4541.92000,4544.69000,4538.60000,4539.60000,3682.00000
2026-06-01 00:00:00+00:00,4539.61000,4546.18000,4537.48000,4540.84000,4793.00000
2026-06-01 00:15:00+00:00,4540.73000,4544.46000,4537.90000,4543.23000,3898.00000
2026-06-01 00:30:00+00:00,4543.24000,4545.02000,4535.38000,4536.08000,4226.00000
2026-06-01 00:45:00+00:00,4536.08000,4542.83000,4536.08000,4540.91000,4373.00000
2026-06-01 01:00:00+00:00,4541.10000,4541.47000,4526.37000,4534.00000,7198.00000
2026-06-01 01:15:00+00:00,4534.03000,4536.64000,4527.96000,4528.87000,5996.00000
2026-06-01 01:30:00+00:00,4528.83000,4533.92000,4527.11000,4533.22000,5909.00000
2026-06-01 01:45:00+00:00,4533.18000,4533.74000,4523.80000,4525.58000,5549.00000
2026-06-01 02:00:00+00:00,4525.55000,4534.02000,4524.34000,4532.15000,5302.00000
2026-06-01 02:15:00+00:00,4532.09000,4534.66000,4529.36000,4530.48000,3432.00000
2026-06-01 02:30:00+00:00,4530.43000,4531.08000,4522.52000,4522.89000,5416.00000
2026-06-01 02:45:00+00:00,4522.98000,4525.10000,4521.20000,4521.49000,4603.00000
2026-06-01 03:00:00+00:00,4521.49000,4525.58000,4515.71000,4518.95000,4980.00000
2026-06-01 03:15:00+00:00,4518.96000,4521.45000,4513.92000,4520.57000,4040.00000
2026-06-01 03:30:00+00:00,4520.49000,4524.11000,4509.94000,4510.74000,3510.00000
2026-06-01 03:45:00+00:00,4510.75000,4516.39000,4509.95000,4516.38000,3024.00000
2026-06-01 04:00:00+00:00,4516.41000,4519.68000,4512.58000,4514.73000,2875.00000
2026-06-01 04:15:00+00:00,4514.72000,4518.52000,4514.71000,4515.91000,2470.00000
2026-06-01 04:30:00+00:00,4515.92000,4517.31000,4513.63000,4514.65000,2965.00000
2026-06-01 04:45:00+00:00,4514.66000,4515.13000,4508.72000,4514.41000,3331.00000
2026-06-01 05:00:00+00:00,4514.44000,4519.35000,4513.64000,4518.22000,3452.00000
2026-06-01 05:15:00+00:00,4518.31000,4523.55000,4517.59000,4520.49000,3354.00000
2026-06-01 05:30:00+00:00,4520.50000,4522.05000,4512.79000,4519.86000,6170.00000
2026-06-01 05:45:00+00:00,4519.82000,4525.15000,4517.20000,4518.28000,5121.00000
2026-06-01 06:00:00+00:00,4518.25000,4518.78000,4512.63000,4514.16000,5651.00000
2026-06-01 06:15:00+00:00,4514.14000,4515.93000,4505.03000,4514.38000,5757.00000
2026-06-01 06:30:00+00:00,4514.43000,4514.83000,4501.77000,4504.60000,5720.00000
2026-06-01 06:45:00+00:00,4504.59000,4504.91000,4500.31000,4501.70000,5518.00000
2026-06-01 07:00:00+00:00,4501.60000,4509.98000,4500.75000,4507.28000,5655.00000
2026-06-01 07:15:00+00:00,4507.29000,4508.28000,4503.32000,4503.94000,4080.00000
2026-06-01 07:30:00+00:00,4503.94000,4507.79000,4497.95000,4498.16000,4841.00000
2026-06-01 07:45:00+00:00,4498.19000,4503.17000,4492.56000,4503.15000,5507.00000
2026-06-01 08:00:00+00:00,4504.18000,4504.58000,4493.68000,4495.73000,4611.00000
2026-06-01 08:15:00+00:00,4495.69000,4496.86000,4490.52000,4496.04000,3890.00000
2026-06-01 08:30:00+00:00,4496.03000,4500.52000,4492.70000,4500.22000,3308.00000
2026-06-01 08:45:00+00:00,4499.88000,4502.62000,4495.74000,4498.11000,4298.00000
2026-06-01 09:00:00+00:00,4497.99000,4500.84000,4497.81000,4499.73000,4121.00000
2026-06-01 09:15:00+00:00,4499.74000,4506.42000,4496.50000,4496.50000,4878.00000
2026-06-01 09:30:00+00:00,4496.49000,4499.31000,4489.36000,4498.43000,5754.00000
2026-06-01 09:45:00+00:00,4498.40000,4498.58000,4493.87000,4496.08000,4075.00000
2026-06-01 10:00:00+00:00,4496.27000,4502.20000,4496.27000,4501.58000,3324.00000
2026-06-01 10:15:00+00:00,4501.65000,4503.58000,4496.28000,4500.93000,3230.00000
2026-06-01 10:30:00+00:00,4500.93000,4507.49000,4500.55000,4506.01000,3835.00000
2026-06-01 10:45:00+00:00,4505.93000,4510.94000,4502.65000,4503.99000,4404.00000
2026-06-01 11:00:00+00:00,4503.97000,4506.72000,4499.93000,4505.01000,4434.00000
2026-06-01 11:15:00+00:00,4505.06000,4512.98000,4504.26000,4510.70000,4050.00000
2026-06-01 11:30:00+00:00,4510.64000,4512.34000,4506.28000,4507.22000,3829.00000
2026-06-01 11:45:00+00:00,4507.15000,4509.76000,4505.50000,4505.96000,3781.00000
2026-06-01 12:00:00+00:00,4505.72000,4509.58000,4503.05000,4503.29000,4721.00000
2026-06-01 12:15:00+00:00,4503.14000,4507.69000,4497.49000,4505.57000,5692.00000
2026-06-01 12:30:00+00:00,4505.55000,4508.28000,4497.71000,4507.47000,5577.00000
2026-06-01 12:45:00+00:00,4507.41000,4510.48000,4498.66000,4502.27000,5893.00000
2026-06-01 13:00:00+00:00,4503.22000,4503.86000,4472.40000,4484.23000,9396.00000
2026-06-01 13:15:00+00:00,4484.34000,4489.70000,4462.50000,4465.12000,11895.00000
2026-06-01 13:30:00+00:00,4464.99000,4478.72000,4459.09000,4467.26000,11929.00000
2026-06-01 13:45:00+00:00,4467.05000,4469.58000,4448.95000,4450.37000,11083.00000
2026-06-01 14:00:00+00:00,4446.78000,4462.17000,4446.46000,4461.28000,10809.00000
2026-06-01 14:15:00+00:00,4460.72000,4464.69000,4449.81000,4456.32000,9465.00000
2026-06-01 14:30:00+00:00,4456.21000,4461.56000,4453.86000,4459.94000,8631.00000
2026-06-01 14:45:00+00:00,4459.89000,4461.30000,4452.23000,4458.71000,8013.00000
2026-06-01 15:00:00+00:00,4459.06000,4465.39000,4455.53000,4464.32000,8043.00000
2026-06-01 15:15:00+00:00,4464.45000,4470.36000,4463.31000,4468.44000,6573.00000
2026-06-01 15:30:00+00:00,4468.25000,4479.70000,4468.25000,4472.36000,8728.00000
2026-06-01 15:45:00+00:00,4472.49000,4475.31000,4468.76000,4474.20000,6177.00000
2026-06-01 16:00:00+00:00,4474.19000,4478.29000,4465.27000,4467.27000,5957.00000
2026-06-01 16:15:00+00:00,4467.25000,4469.47000,4463.25000,4468.04000,4675.00000
2026-06-01 16:30:00+00:00,4467.96000,4471.93000,4467.87000,4468.14000,4863.00000
2026-06-01 16:45:00+00:00,4468.08000,4482.19000,4467.50000,4480.16000,6361.00000
2026-06-01 17:00:00+00:00,4480.12000,4481.02000,4471.55000,4475.08000,5594.00000
2026-06-01 17:15:00+00:00,4475.06000,4482.84000,4472.41000,4482.81000,4136.00000
2026-06-01 17:30:00+00:00,4483.02000,4491.60000,4480.54000,4491.60000,8329.00000
2026-06-01 17:45:00+00:00,4491.59000,4495.44000,4487.53000,4487.57000,6812.00000
2026-06-01 18:00:00+00:00,4487.60000,4490.23000,4486.29000,4488.67000,3633.00000
2026-06-01 18:15:00+00:00,4488.61000,4490.12000,4486.54000,4486.69000,3123.00000
2026-06-01 18:30:00+00:00,4486.85000,4488.16000,4484.93000,4487.92000,2941.00000
2026-06-01 18:45:00+00:00,4487.93000,4488.60000,4486.54000,4486.74000,2761.00000
2026-06-01 19:00:00+00:00,4486.59000,4488.25000,4484.85000,4485.43000,3415.00000
2026-06-01 19:15:00+00:00,4485.51000,4486.53000,4484.40000,4484.71000,2976.00000
2026-06-01 19:30:00+00:00,4484.73000,4485.69000,4483.17000,4483.46000,3336.00000
2026-06-01 19:45:00+00:00,4483.36000,4484.30000,4479.14000,4481.21000,5111.00000
2026-06-01 20:00:00+00:00,4481.20000,4484.22000,4480.20000,4483.54000,2731.00000
2026-06-01 20:15:00+00:00,4483.53000,4484.35000,4482.15000,4483.22000,1604.00000
2026-06-01 20:30:00+00:00,4483.25000,4484.76000,4482.19000,4482.56000,1635.00000
2026-06-01 20:45:00+00:00,4482.48000,4485.74000,4481.24000,4484.80000,1768.00000
2026-06-01 22:00:00+00:00,4487.57000,4488.51000,4479.92000,4484.64000,2692.00000
2026-06-01 22:15:00+00:00,4484.64000,4485.30000,4481.52000,4481.58000,2114.00000
2026-06-01 22:30:00+00:00,4481.57000,4483.79000,4479.51000,4481.67000,1944.00000
2026-06-01 22:45:00+00:00,4481.66000,4486.64000,4481.58000,4485.67000,2132.00000
2026-06-01 23:00:00+00:00,4485.55000,4487.83000,4481.70000,4486.26000,2025.00000
2026-06-01 23:15:00+00:00,4486.25000,4488.24000,4485.53000,4487.31000,1476.00000
2026-06-01 23:30:00+00:00,4487.35000,4487.51000,4480.68000,4483.57000,2249.00000
2026-06-01 23:45:00+00:00,4483.48000,4485.91000,4479.46000,4484.49000,2675.00000
2026-06-02 00:00:00+00:00,4484.79000,4485.26000,4476.76000,4481.28000,5286.00000
2026-06-02 00:15:00+00:00,4481.27000,4493.85000,4481.11000,4493.85000,4926.00000
2026-06-02 00:30:00+00:00,4493.78000,4497.21000,4485.63000,4487.22000,4651.00000
2026-06-02 00:45:00+00:00,4487.17000,4487.80000,4480.82000,4481.49000,4203.00000
2026-06-02 01:00:00+00:00,4480.92000,4492.02000,4473.87000,4490.06000,8066.00000
2026-06-02 01:15:00+00:00,4490.01000,4492.41000,4480.99000,4486.28000,6984.00000
2026-06-02 01:30:00+00:00,4486.53000,4489.50000,4479.57000,4479.97000,6142.00000
2026-06-02 01:45:00+00:00,4479.79000,4482.31000,4463.04000,4474.17000,7220.00000
2026-06-02 02:00:00+00:00,4474.05000,4481.07000,4472.32000,4480.61000,6526.00000
2026-06-02 02:15:00+00:00,4480.65000,4484.88000,4478.76000,4481.98000,4428.00000
2026-06-02 02:30:00+00:00,4482.26000,4485.62000,4474.55000,4476.58000,5816.00000
2026-06-02 02:45:00+00:00,4476.90000,4486.60000,4473.67000,4485.96000,4207.00000
2026-06-02 03:00:00+00:00,4485.98000,4492.64000,4485.76000,4488.24000,4413.00000
2026-06-02 03:15:00+00:00,4488.20000,4497.15000,4485.72000,4495.22000,4402.00000
2026-06-02 03:30:00+00:00,4495.13000,4499.35000,4493.05000,4497.28000,4713.00000
2026-06-02 03:45:00+00:00,4496.95000,4499.42000,4495.45000,4499.38000,2916.00000
2026-06-02 04:00:00+00:00,4499.33000,4505.42000,4497.81000,4504.71000,3563.00000
2026-06-02 04:15:00+00:00,4504.68000,4510.18000,4504.26000,4504.63000,4032.00000
2026-06-02 04:30:00+00:00,4504.60000,4511.02000,4503.58000,4510.33000,3507.00000
2026-06-02 04:45:00+00:00,4510.33000,4518.21000,4509.87000,4517.37000,3178.00000
2026-06-02 05:00:00+00:00,4517.42000,4518.77000,4515.22000,4518.72000,3269.00000
2026-06-02 05:15:00+00:00,4518.71000,4521.83000,4516.77000,4519.71000,4280.00000
2026-06-02 05:30:00+00:00,4519.84000,4528.23000,4519.73000,4524.53000,7230.00000
2026-06-02 05:45:00+00:00,4524.97000,4526.26000,4516.18000,4517.11000,4744.00000
2026-06-02 06:00:00+00:00,4517.12000,4524.92000,4517.01000,4519.05000,5381.00000
2026-06-02 06:15:00+00:00,4519.06000,4533.98000,4518.10000,4533.23000,6351.00000
2026-06-02 06:30:00+00:00,4533.22000,4538.05000,4531.85000,4532.83000,5502.00000
2026-06-02 06:45:00+00:00,4532.81000,4536.88000,4532.01000,4535.81000,3900.00000
2026-06-02 07:00:00+00:00,4535.78000,4541.48000,4533.30000,4540.03000,4882.00000
2026-06-02 07:15:00+00:00,4539.88000,4540.56000,4533.41000,4534.07000,4291.00000
2026-06-02 07:30:00+00:00,4534.06000,4535.38000,4531.25000,4531.89000,3830.00000
2026-06-02 07:45:00+00:00,4531.89000,4535.53000,4528.03000,4535.12000,4759.00000
2026-06-02 08:00:00+00:00,4535.13000,4539.20000,4533.20000,4534.89000,5627.00000
2026-06-02 08:15:00+00:00,4535.02000,4535.52000,4529.86000,4531.20000,5051.00000
2026-06-02 08:30:00+00:00,4531.05000,4533.41000,4528.25000,4528.83000,4232.00000
2026-06-02 08:45:00+00:00,4528.61000,4530.11000,4526.03000,4526.77000,3583.00000
2026-06-02 09:00:00+00:00,4526.89000,4534.34000,4525.36000,4534.02000,4349.00000
2026-06-02 09:15:00+00:00,4534.03000,4535.77000,4525.26000,4526.84000,4721.00000
2026-06-02 09:30:00+00:00,4527.16000,4527.42000,4521.60000,4525.67000,5157.00000
2026-06-02 09:45:00+00:00,4525.62000,4531.56000,4525.17000,4529.93000,3680.00000
2026-06-02 10:00:00+00:00,4529.92000,4531.78000,4527.85000,4529.08000,3667.00000
2026-06-02 10:15:00+00:00,4528.95000,4529.70000,4524.70000,4528.44000,3372.00000
2026-06-02 10:30:00+00:00,4528.58000,4528.80000,4525.49000,4528.80000,2258.00000
2026-06-02 10:45:00+00:00,4528.81000,4534.01000,4528.81000,4533.21000,3165.00000
2026-06-02 11:00:00+00:00,4533.22000,4534.66000,4528.77000,4528.88000,3660.00000
2026-06-02 11:15:00+00:00,4528.89000,4529.65000,4526.62000,4529.60000,3496.00000
2026-06-02 11:30:00+00:00,4530.18000,4530.77000,4526.22000,4526.92000,3520.00000
2026-06-02 11:45:00+00:00,4526.93000,4530.54000,4525.62000,4527.46000,3526.00000
2026-06-02 12:00:00+00:00,4527.68000,4528.71000,4524.85000,4526.30000,3983.00000
2026-06-02 12:15:00+00:00,4526.30000,4534.15000,4524.02000,4529.35000,5480.00000
2026-06-02 12:30:00+00:00,4529.34000,4533.63000,4521.82000,4525.05000,6083.00000
2026-06-02 12:45:00+00:00,4525.11000,4525.98000,4513.56000,4514.82000,5881.00000
2026-06-02 13:00:00+00:00,4514.63000,4524.85000,4512.03000,4514.05000,8277.00000
2026-06-02 13:15:00+00:00,4514.08000,4517.15000,4510.03000,4510.88000,7204.00000
2026-06-02 13:30:00+00:00,4510.77000,4514.48000,4506.29000,4508.47000,10059.00000
2026-06-02 13:45:00+00:00,4508.45000,4513.88000,4502.85000,4502.85000,8416.00000
2026-06-02 14:00:00+00:00,4502.70000,4507.07000,4494.24000,4504.34000,8829.00000
2026-06-02 14:15:00+00:00,4504.31000,4505.17000,4490.38000,4495.64000,9763.00000
2026-06-02 14:30:00+00:00,4495.92000,4505.41000,4495.67000,4504.49000,7294.00000
2026-06-02 14:45:00+00:00,4504.44000,4506.38000,4501.00000,4504.13000,5920.00000
2026-06-02 15:00:00+00:00,4504.20000,4508.14000,4501.67000,4503.45000,5696.00000
2026-06-02 15:15:00+00:00,4503.48000,4506.22000,4501.46000,4505.44000,5179.00000
2026-06-02 15:30:00+00:00,4505.50000,4508.57000,4500.20000,4502.46000,5800.00000
2026-06-02 15:45:00+00:00,4502.44000,4507.08000,4501.29000,4502.15000,4831.00000
2026-06-02 16:00:00+00:00,4502.39000,4502.91000,4498.18000,4498.28000,5338.00000
2026-06-02 16:15:00+00:00,4498.22000,4498.46000,4490.19000,4490.43000,5792.00000
2026-06-02 16:30:00+00:00,4490.42000,4491.45000,4486.42000,4489.86000,5629.00000
2026-06-02 16:45:00+00:00,4489.85000,4492.01000,4489.23000,4491.95000,4291.00000
2026-06-02 17:00:00+00:00,4491.93000,4493.12000,4486.79000,4489.65000,5401.00000
2026-06-02 17:15:00+00:00,4489.66000,4491.71000,4486.54000,4491.15000,5425.00000
2026-06-02 17:30:00+00:00,4490.97000,4491.72000,4482.15000,4484.60000,5375.00000
2026-06-02 17:45:00+00:00,4484.59000,4486.57000,4482.81000,4484.67000,3817.00000
2026-06-02 18:00:00+00:00,4484.79000,4488.63000,4484.40000,4485.17000,3930.00000
2026-06-02 18:15:00+00:00,4485.16000,4490.91000,4484.05000,4488.49000,4123.00000
2026-06-02 18:30:00+00:00,4488.48000,4489.38000,4478.80000,4480.58000,4170.00000
2026-06-02 18:45:00+00:00,4480.77000,4490.49000,4480.33000,4487.45000,3670.00000
2026-06-02 19:00:00+00:00,4487.53000,4489.24000,4487.30000,4487.40000,3109.00000
2026-06-02 19:15:00+00:00,4487.41000,4489.64000,4485.77000,4489.60000,3097.00000
2026-06-02 19:30:00+00:00,4489.51000,4490.33000,4483.49000,4487.43000,3685.00000
2026-06-02 19:45:00+00:00,4487.47000,4488.63000,4485.64000,4488.20000,3762.00000
2026-06-02 20:00:00+00:00,4488.08000,4490.00000,4486.33000,4489.96000,2058.00000
2026-06-02 20:15:00+00:00,4489.92000,4491.05000,4488.64000,4489.85000,1547.00000
2026-06-02 20:30:00+00:00,4489.91000,4491.01000,4488.88000,4489.01000,1439.00000
2026-06-02 20:45:00+00:00,4489.00000,4490.05000,4486.75000,4487.93000,1665.00000
2026-06-02 22:00:00+00:00,4492.85000,4493.29000,4485.89000,4489.67000,3187.00000
2026-06-02 22:15:00+00:00,4489.63000,4491.55000,4487.76000,4490.15000,2645.00000
2026-06-02 22:30:00+00:00,4490.05000,4491.33000,4487.31000,4489.03000,2046.00000
2026-06-02 22:45:00+00:00,4489.04000,4492.25000,4484.24000,4484.96000,3432.00000
2026-06-02 23:00:00+00:00,4485.05000,4488.84000,4474.57000,4477.56000,4434.00000
2026-06-02 23:15:00+00:00,4477.46000,4477.46000,4462.13000,4467.59000,6161.00000
2026-06-02 23:30:00+00:00,4467.61000,4474.94000,4462.65000,4474.90000,6063.00000
2026-06-02 23:45:00+00:00,4474.96000,4475.22000,4469.15000,4474.56000,4118.00000
2026-06-03 00:00:00+00:00,4474.40000,4479.89000,4473.90000,4476.09000,4924.00000
2026-06-03 00:15:00+00:00,4476.08000,4483.35000,4474.51000,4483.27000,3610.00000
2026-06-03 00:30:00+00:00,4483.27000,4496.80000,4481.39000,4495.92000,4599.00000
2026-06-03 00:45:00+00:00,4495.97000,4496.07000,4486.07000,4486.27000,3860.00000
2026-06-03 01:00:00+00:00,4486.06000,4487.66000,4467.38000,4471.41000,9309.00000
2026-06-03 01:15:00+00:00,4471.44000,4472.83000,4463.76000,4467.30000,7290.00000
2026-06-03 01:30:00+00:00,4467.46000,4473.08000,4464.89000,4470.56000,5910.00000
2026-06-03 01:45:00+00:00,4470.54000,4477.24000,4470.26000,4475.82000,4665.00000
2026-06-03 02:00:00+00:00,4476.11000,4481.50000,4472.93000,4480.70000,4337.00000
2026-06-03 02:15:00+00:00,4480.69000,4481.01000,4474.23000,4478.97000,3466.00000
2026-06-03 02:30:00+00:00,4479.09000,4485.21000,4474.95000,4479.19000,4516.00000
2026-06-03 02:45:00+00:00,4479.02000,4482.11000,4473.06000,4481.99000,4188.00000
2026-06-03 03:00:00+00:00,4482.01000,4487.76000,4482.01000,4485.64000,3593.00000
2026-06-03 03:15:00+00:00,4485.63000,4487.32000,4483.17000,4483.51000,2922.00000
2026-06-03 03:30:00+00:00,4483.66000,4485.86000,4483.19000,4484.56000,1891.00000
2026-06-03 03:45:00+00:00,4484.57000,4486.32000,4482.55000,4484.49000,2180.00000
2026-06-03 04:00:00+00:00,4484.63000,4487.01000,4484.09000,4486.91000,2129.00000
2026-06-03 04:15:00+00:00,4486.94000,4488.20000,4477.19000,4477.19000,2118.00000
2026-06-03 04:30:00+00:00,4476.82000,4477.41000,4470.92000,4473.49000,2451.00000
2026-06-03 04:45:00+00:00,4473.48000,4474.07000,4468.40000,4469.48000,2499.00000
2026-06-03 05:00:00+00:00,4469.49000,4473.68000,4467.37000,4473.37000,3677.00000
2026-06-03 05:15:00+00:00,4473.35000,4474.26000,4466.24000,4468.66000,3372.00000
2026-06-03 05:30:00+00:00,4468.96000,4468.99000,4459.11000,4462.06000,6048.00000
2026-06-03 05:45:00+00:00,4461.99000,4468.31000,4456.68000,4457.13000,5508.00000
2026-06-03 06:00:00+00:00,4457.16000,4467.74000,4457.00000,4466.21000,7059.00000
2026-06-03 06:15:00+00:00,4465.98000,4470.96000,4459.05000,4462.56000,6491.00000
2026-06-03 06:30:00+00:00,4462.55000,4465.05000,4457.30000,4460.61000,6822.00000
2026-06-03 06:45:00+00:00,4460.53000,4463.16000,4455.36000,4463.07000,5244.00000
2026-06-03 07:00:00+00:00,4462.92000,4472.21000,4460.00000,4469.61000,6136.00000
2026-06-03 07:15:00+00:00,4469.63000,4469.96000,4456.27000,4456.27000,4809.00000
2026-06-03 07:30:00+00:00,4456.28000,4463.33000,4454.34000,4458.73000,5516.00000
2026-06-03 07:45:00+00:00,4459.06000,4463.95000,4452.81000,4453.33000,4904.00000
2026-06-03 08:00:00+00:00,4453.36000,4459.35000,4450.85000,4455.46000,4956.00000
2026-06-03 08:15:00+00:00,4455.64000,4457.60000,4450.73000,4457.47000,5162.00000
2026-06-03 08:30:00+00:00,4457.46000,4458.92000,4454.47000,4456.50000,4880.00000
2026-06-03 08:45:00+00:00,4456.56000,4457.78000,4440.23000,4444.04000,6092.00000
2026-06-03 09:00:00+00:00,4443.82000,4459.04000,4441.86000,4451.43000,5709.00000
2026-06-03 09:15:00+00:00,4451.12000,4451.94000,4439.09000,4439.99000,5860.00000
2026-06-03 09:30:00+00:00,4439.91000,4448.57000,4439.04000,4446.89000,4957.00000
2026-06-03 09:45:00+00:00,4446.71000,4448.02000,4441.06000,4443.16000,4147.00000
2026-06-03 10:00:00+00:00,4443.11000,4467.11000,4440.97000,4463.07000,8649.00000
2026-06-03 10:15:00+00:00,4463.08000,4464.40000,4453.81000,4460.05000,6707.00000
2026-06-03 10:30:00+00:00,4460.00000,4463.23000,4453.32000,4454.22000,4499.00000
2026-06-03 10:45:00+00:00,4454.19000,4461.19000,4453.87000,4459.07000,4010.00000
2026-06-03 11:00:00+00:00,4459.54000,4468.09000,4459.22000,4462.08000,5735.00000
2026-06-03 11:15:00+00:00,4462.07000,4465.86000,4459.25000,4464.62000,4696.00000
2026-06-03 11:30:00+00:00,4464.61000,4467.13000,4459.55000,4460.36000,4320.00000
2026-06-03 11:45:00+00:00,4460.45000,4464.94000,4458.59000,4462.47000,4587.00000
2026-06-03 12:00:00+00:00,4462.26000,4464.53000,4457.24000,4459.02000,5363.00000
2026-06-03 12:15:00+00:00,4459.03000,4462.37000,4452.02000,4452.81000,6173.00000
2026-06-03 12:30:00+00:00,4453.16000,4460.58000,4448.15000,4459.06000,7099.00000
2026-06-03 12:45:00+00:00,4458.91000,4467.20000,4455.50000,4460.41000,7056.00000
2026-06-03 13:00:00+00:00,4460.36000,4466.04000,4458.08000,4462.38000,7690.00000
2026-06-03 13:15:00+00:00,4462.63000,4463.31000,4445.96000,4448.65000,7552.00000
2026-06-03 13:30:00+00:00,4449.25000,4453.22000,4427.30000,4427.30000,10356.00000
2026-06-03 13:45:00+00:00,4426.88000,4450.15000,4426.41000,4444.93000,10774.00000
2026-06-03 14:00:00+00:00,4444.11000,4456.72000,4442.49000,4454.56000,10222.00000
2026-06-03 14:15:00+00:00,4454.90000,4458.43000,4445.97000,4452.06000,9367.00000
2026-06-03 14:30:00+00:00,4451.80000,4453.34000,4447.20000,4448.27000,8977.00000
2026-06-03 14:45:00+00:00,4448.22000,4459.57000,4448.06000,4457.19000,8074.00000
2026-06-03 15:00:00+00:00,4457.37000,4458.42000,4444.95000,4445.92000,7789.00000
2026-06-03 15:15:00+00:00,4445.93000,4450.84000,4439.48000,4445.55000,8551.00000
2026-06-03 15:30:00+00:00,4444.97000,4445.45000,4436.98000,4440.16000,7581.00000
2026-06-03 15:45:00+00:00,4440.11000,4443.85000,4438.00000,4442.27000,6266.00000
2026-06-03 16:00:00+00:00,4442.26000,4443.98000,4437.24000,4439.25000,6759.00000
2026-06-03 16:15:00+00:00,4439.39000,4441.39000,4433.74000,4437.69000,7258.00000
2026-06-03 16:30:00+00:00,4437.67000,4440.80000,4435.46000,4439.08000,6455.00000
2026-06-03 16:45:00+00:00,4438.92000,4442.82000,4437.00000,4441.93000,6189.00000
2026-06-03 17:00:00+00:00,4442.45000,4448.33000,4441.65000,4441.95000,6468.00000
2026-06-03 17:15:00+00:00,4442.10000,4443.54000,4437.92000,4439.03000,5890.00000
2026-06-03 17:30:00+00:00,4438.80000,4442.29000,4435.64000,4440.62000,4842.00000
2026-06-03 17:45:00+00:00,4440.65000,4440.91000,4436.97000,4439.07000,4219.00000
2026-06-03 18:00:00+00:00,4439.08000,4440.63000,4435.55000,4436.95000,4680.00000
2026-06-03 18:15:00+00:00,4436.95000,4440.69000,4435.30000,4440.27000,4401.00000
2026-06-03 18:30:00+00:00,4440.20000,4442.57000,4436.97000,4440.06000,4498.00000
2026-06-03 18:45:00+00:00,4440.08000,4442.92000,4439.71000,4442.11000,3809.00000
2026-06-03 19:00:00+00:00,4442.10000,4450.02000,4441.47000,4449.83000,5258.00000
2026-06-03 19:15:00+00:00,4449.88000,4452.30000,4446.55000,4448.10000,4782.00000
2026-06-03 19:30:00+00:00,4448.18000,4449.72000,4446.75000,4446.94000,3826.00000
2026-06-03 19:45:00+00:00,4446.93000,4447.38000,4443.18000,4443.98000,4696.00000
2026-06-03 20:00:00+00:00,4444.03000,4445.40000,4438.62000,4440.01000,3715.00000
2026-06-03 20:15:00+00:00,4440.20000,4440.34000,4437.44000,4439.13000,3964.00000
2026-06-03 20:30:00+00:00,4439.08000,4439.70000,4432.43000,4433.48000,3309.00000
2026-06-03 20:45:00+00:00,4433.43000,4435.03000,4430.58000,4434.45000,2827.00000
2026-06-03 22:00:00+00:00,4436.60000,4442.25000,4429.58000,4431.94000,4240.00000
2026-06-03 22:15:00+00:00,4432.03000,4435.70000,4423.82000,4434.15000,4230.00000
2026-06-03 22:30:00+00:00,4434.31000,4440.46000,4434.22000,4436.89000,3484.00000
2026-06-03 22:45:00+00:00,4436.83000,4453.00000,4436.80000,4449.19000,4205.00000
2026-06-03 23:00:00+00:00,4449.15000,4450.40000,4445.46000,4447.92000,3300.00000
2026-06-03 23:15:00+00:00,4447.96000,4451.61000,4447.34000,4450.92000,2379.00000
2026-06-03 23:30:00+00:00,4450.95000,4453.88000,4446.36000,4453.60000,3340.00000
2026-06-03 23:45:00+00:00,4453.57000,4464.74000,4453.57000,4457.37000,4750.00000
2026-06-04 00:00:00+00:00,4457.55000,4465.41000,4453.18000,4453.56000,6548.00000
2026-06-04 00:15:00+00:00,4453.56000,4456.68000,4447.67000,4450.85000,5224.00000
2026-06-04 00:30:00+00:00,4450.84000,4452.87000,4444.24000,4448.50000,5170.00000
2026-06-04 00:45:00+00:00,4448.38000,4452.97000,4445.12000,4448.47000,5025.00000
2026-06-04 01:00:00+00:00,4448.16000,4467.32000,4443.35000,4464.50000,7031.00000
2026-06-04 01:15:00+00:00,4464.17000,4473.66000,4459.81000,4466.09000,6185.00000
2026-06-04 01:30:00+00:00,4466.08000,4470.17000,4458.84000,4459.23000,6281.00000
2026-06-04 01:45:00+00:00,4459.31000,4467.40000,4456.98000,4465.92000,6499.00000
2026-06-04 02:00:00+00:00,4466.00000,4467.36000,4455.67000,4463.10000,5871.00000
2026-06-04 02:15:00+00:00,4463.25000,4463.69000,4458.82000,4460.68000,4170.00000
2026-06-04 02:30:00+00:00,4460.70000,4464.91000,4457.92000,4462.53000,4912.00000
2026-06-04 02:45:00+00:00,4462.75000,4476.61000,4462.66000,4475.09000,5477.00000
2026-06-04 03:00:00+00:00,4474.91000,4477.32000,4470.26000,4471.88000,4632.00000
2026-06-04 03:15:00+00:00,4471.89000,4472.39000,4465.96000,4469.37000,4095.00000
2026-06-04 03:30:00+00:00,4469.28000,4470.84000,4461.00000,4461.01000,4322.00000
2026-06-04 03:45:00+00:00,4460.76000,4464.89000,4458.38000,4463.72000,3376.00000
2026-06-04 04:00:00+00:00,4463.78000,4471.27000,4462.33000,4471.25000,3431.00000
2026-06-04 04:15:00+00:00,4471.36000,4476.29000,4470.10000,4474.69000,3057.00000
2026-06-04 04:30:00+00:00,4474.64000,4484.04000,4474.58000,4482.84000,4253.00000
2026-06-04 04:45:00+00:00,4482.89000,4483.52000,4478.67000,4481.07000,2863.00000
2026-06-04 05:00:00+00:00,4481.13000,4482.39000,4471.24000,4477.18000,3624.00000
2026-06-04 05:15:00+00:00,4477.18000,4477.78000,4471.00000,4473.31000,2979.00000
2026-06-04 05:30:00+00:00,4473.38000,4475.86000,4470.89000,4474.64000,4826.00000
2026-06-04 05:45:00+00:00,4474.61000,4474.88000,4467.08000,4469.31000,5315.00000
2026-06-04 06:00:00+00:00,4469.27000,4477.24000,4468.20000,4474.02000,5064.00000
2026-06-04 06:15:00+00:00,4474.02000,4474.29000,4466.79000,4472.20000,4852.00000
2026-06-04 06:30:00+00:00,4472.10000,4476.80000,4469.06000,4469.35000,6021.00000
2026-06-04 06:45:00+00:00,4469.38000,4470.13000,4462.92000,4467.82000,4746.00000
2026-06-04 07:00:00+00:00,4467.91000,4470.77000,4462.36000,4464.11000,5840.00000
2026-06-04 07:15:00+00:00,4464.19000,4470.45000,4462.01000,4465.16000,5115.00000
2026-06-04 07:30:00+00:00,4465.19000,4467.92000,4459.98000,4461.48000,4764.00000
2026-06-04 07:45:00+00:00,4461.28000,4462.38000,4459.48000,4461.63000,4302.00000
2026-06-04 08:00:00+00:00,4461.60000,4467.93000,4459.82000,4460.63000,5578.00000
2026-06-04 08:15:00+00:00,4460.48000,4465.48000,4458.56000,4463.43000,5650.00000
2026-06-04 08:30:00+00:00,4464.15000,4469.43000,4460.05000,4463.34000,6323.00000
2026-06-04 08:45:00+00:00,4463.40000,4466.08000,4459.67000,4463.35000,5099.00000
2026-06-04 09:00:00+00:00,4463.36000,4469.33000,4461.02000,4463.54000,5935.00000
2026-06-04 09:15:00+00:00,4463.62000,4467.56000,4462.97000,4464.67000,5742.00000
2026-06-04 09:30:00+00:00,4464.68000,4469.25000,4461.86000,4468.04000,5975.00000
2026-06-04 09:45:00+00:00,4468.11000,4475.59000,4467.57000,4470.36000,5827.00000
2026-06-04 10:00:00+00:00,4470.13000,4472.05000,4468.04000,4471.25000,4531.00000
2026-06-04 10:15:00+00:00,4471.38000,4471.65000,4464.37000,4467.57000,4261.00000
2026-06-04 10:30:00+00:00,4467.54000,4472.84000,4466.49000,4471.34000,3691.00000
2026-06-04 10:45:00+00:00,4471.35000,4473.85000,4468.54000,4473.69000,4012.00000
2026-06-04 11:00:00+00:00,4473.72000,4478.82000,4468.88000,4473.64000,4843.00000
2026-06-04 11:15:00+00:00,4473.65000,4491.32000,4473.58000,4489.59000,6584.00000
2026-06-04 11:30:00+00:00,4489.92000,4492.60000,4482.29000,4491.53000,7498.00000
2026-06-04 11:45:00+00:00,4491.56000,4514.65000,4491.56000,4511.58000,8707.00000
2026-06-04 12:00:00+00:00,4511.78000,4513.82000,4491.60000,4493.84000,8791.00000
2026-06-04 12:15:00+00:00,4494.39000,4499.94000,4491.17000,4498.50000,6423.00000
2026-06-04 12:30:00+00:00,4497.80000,4502.13000,4496.86000,4502.13000,6239.00000
2026-06-04 12:45:00+00:00,4502.28000,4511.01000,4499.00000,4504.23000,6803.00000
2026-06-04 13:00:00+00:00,4504.09000,4510.06000,4500.17000,4503.31000,7121.00000
2026-06-04 13:15:00+00:00,4503.03000,4509.45000,4501.86000,4504.70000,5755.00000
2026-06-04 13:30:00+00:00,4504.75000,4514.97000,4502.56000,4514.51000,9794.00000
2026-06-04 13:45:00+00:00,4514.72000,4515.44000,4495.46000,4495.80000,9464.00000
2026-06-04 14:00:00+00:00,4495.87000,4499.85000,4486.11000,4487.80000,9648.00000
2026-06-04 14:15:00+00:00,4487.71000,4493.85000,4484.05000,4486.18000,8021.00000
2026-06-04 14:30:00+00:00,4486.55000,4486.86000,4472.35000,4474.87000,8637.00000
2026-06-04 14:45:00+00:00,4474.91000,4475.48000,4456.92000,4465.80000,10089.00000
2026-06-04 15:00:00+00:00,4465.90000,4474.73000,4463.69000,4471.99000,8368.00000
2026-06-04 15:15:00+00:00,4471.95000,4474.13000,4469.29000,4470.99000,6754.00000
2026-06-04 15:30:00+00:00,4470.95000,4477.42000,4469.79000,4472.69000,6429.00000
2026-06-04 15:45:00+00:00,4472.70000,4479.17000,4470.12000,4477.49000,5710.00000
2026-06-04 16:00:00+00:00,4477.49000,4484.16000,4475.42000,4479.21000,5334.00000
2026-06-04 16:15:00+00:00,4479.25000,4485.17000,4479.25000,4483.60000,4381.00000
2026-06-04 16:30:00+00:00,4483.75000,4484.09000,4479.75000,4481.57000,5517.00000
2026-06-04 16:45:00+00:00,4481.60000,4483.94000,4480.39000,4482.82000,4402.00000
2026-06-04 17:00:00+00:00,4482.76000,4482.77000,4476.17000,4476.19000,4683.00000
2026-06-04 17:15:00+00:00,4476.18000,4479.37000,4474.12000,4476.85000,5074.00000
2026-06-04 17:30:00+00:00,4476.94000,4481.55000,4476.15000,4476.79000,5352.00000
2026-06-04 17:45:00+00:00,4476.78000,4480.42000,4476.78000,4478.22000,4059.00000
2026-06-04 18:00:00+00:00,4478.21000,4480.31000,4476.39000,4479.03000,3751.00000
2026-06-04 18:15:00+00:00,4479.05000,4481.08000,4477.46000,4478.19000,3812.00000
2026-06-04 18:30:00+00:00,4477.63000,4477.87000,4472.79000,4474.42000,3909.00000
2026-06-04 18:45:00+00:00,4474.39000,4479.44000,4473.79000,4478.20000,3017.00000
2026-06-04 19:00:00+00:00,4478.19000,4483.43000,4476.21000,4478.23000,3801.00000
2026-06-04 19:15:00+00:00,4478.23000,4480.28000,4477.73000,4480.17000,2710.00000
2026-06-04 19:30:00+00:00,4480.20000,4480.41000,4477.49000,4477.98000,3322.00000
2026-06-04 19:45:00+00:00,4478.07000,4482.30000,4476.91000,4480.61000,4850.00000
2026-06-04 20:00:00+00:00,4480.54000,4481.54000,4477.75000,4477.76000,2758.00000
2026-06-04 20:15:00+00:00,4477.71000,4479.13000,4476.64000,4477.77000,1985.00000
2026-06-04 20:30:00+00:00,4477.72000,4477.72000,4475.12000,4475.12000,1814.00000
2026-06-04 20:45:00+00:00,4475.17000,4475.89000,4474.33000,4475.26000,1764.00000
2026-06-04 22:00:00+00:00,4483.57000,4483.57000,4471.95000,4475.43000,2531.00000
2026-06-04 22:15:00+00:00,4475.69000,4480.94000,4474.66000,4478.98000,2552.00000
2026-06-04 22:30:00+00:00,4478.99000,4481.52000,4475.31000,4475.31000,2861.00000
2026-06-04 22:45:00+00:00,4475.30000,4476.30000,4468.95000,4469.72000,2779.00000
2026-06-04 23:00:00+00:00,4469.95000,4474.12000,4464.24000,4471.05000,3822.00000
2026-06-04 23:15:00+00:00,4471.07000,4473.43000,4466.57000,4469.28000,2681.00000
2026-06-04 23:30:00+00:00,4469.32000,4469.70000,4462.06000,4463.31000,2555.00000
2026-06-04 23:45:00+00:00,4463.34000,4466.10000,4460.59000,4461.70000,3168.00000
2026-06-05 00:00:00+00:00,4461.69000,4465.04000,4454.46000,4455.39000,6871.00000
2026-06-05 00:15:00+00:00,4455.37000,4457.78000,4450.80000,4457.60000,6550.00000
2026-06-05 00:30:00+00:00,4457.72000,4466.92000,4456.32000,4463.29000,4875.00000
2026-06-05 00:45:00+00:00,4463.47000,4466.39000,4458.57000,4459.38000,4574.00000
2026-06-05 01:00:00+00:00,4459.45000,4469.96000,4453.03000,4460.03000,8689.00000
2026-06-05 01:15:00+00:00,4460.01000,4465.03000,4449.37000,4458.93000,7772.00000
2026-06-05 01:30:00+00:00,4458.94000,4459.78000,4445.36000,4446.11000,6464.00000
2026-06-05 01:45:00+00:00,4446.30000,4450.94000,4444.25000,4446.89000,5807.00000
2026-06-05 02:00:00+00:00,4446.84000,4450.83000,4442.55000,4449.52000,7078.00000
2026-06-05 02:15:00+00:00,4449.49000,4455.08000,4446.02000,4451.34000,4466.00000
2026-06-05 02:30:00+00:00,4451.29000,4451.87000,4438.57000,4443.01000,8119.00000
2026-06-05 02:45:00+00:00,4442.97000,4450.00000,4440.16000,4440.63000,6764.00000
2026-06-05 03:00:00+00:00,4440.64000,4441.29000,4436.54000,4441.04000,6961.00000
2026-06-05 03:15:00+00:00,4441.03000,4443.93000,4435.34000,4436.83000,5963.00000
2026-06-05 03:30:00+00:00,4437.32000,4442.53000,4436.40000,4441.00000,4677.00000
2026-06-05 03:45:00+00:00,4440.99000,4443.43000,4439.31000,4442.43000,3630.00000
2026-06-05 04:00:00+00:00,4442.46000,4444.68000,4438.44000,4441.65000,4297.00000
2026-06-05 04:15:00+00:00,4441.67000,4443.91000,4439.01000,4439.73000,4373.00000
2026-06-05 04:30:00+00:00,4439.82000,4444.17000,4437.69000,4440.97000,3745.00000
2026-06-05 04:45:00+00:00,4440.96000,4446.64000,4439.68000,4445.06000,4139.00000
2026-06-05 05:00:00+00:00,4445.08000,4450.04000,4443.30000,4449.06000,5180.00000
2026-06-05 05:15:00+00:00,4449.30000,4449.32000,4442.27000,4444.80000,4090.00000
2026-06-05 05:30:00+00:00,4444.63000,4447.97000,4439.44000,4443.71000,6518.00000
2026-06-05 05:45:00+00:00,4443.72000,4448.29000,4438.70000,4440.04000,5176.00000
2026-06-05 06:00:00+00:00,4440.04000,4442.65000,4435.38000,4436.53000,6725.00000
2026-06-05 06:15:00+00:00,4436.44000,4446.49000,4428.47000,4442.52000,7525.00000
2026-06-05 06:30:00+00:00,4442.66000,4450.10000,4442.39000,4448.48000,5456.00000
2026-06-05 06:45:00+00:00,4448.64000,4456.25000,4447.01000,4452.86000,6321.00000
2026-06-05 07:00:00+00:00,4452.77000,4463.25000,4451.90000,4458.48000,6466.00000
2026-06-05 07:15:00+00:00,4458.39000,4467.40000,4458.39000,4467.25000,5810.00000
2026-06-05 07:30:00+00:00,4467.18000,4467.26000,4459.57000,4462.14000,5498.00000
2026-06-05 07:45:00+00:00,4462.43000,4465.18000,4460.80000,4460.97000,3670.00000
2026-06-05 08:00:00+00:00,4460.71000,4463.39000,4458.68000,4461.20000,4590.00000
2026-06-05 08:15:00+00:00,4461.14000,4467.07000,4459.95000,4467.07000,4235.00000
2026-06-05 08:30:00+00:00,4467.13000,4468.20000,4461.00000,4461.94000,4038.00000
2026-06-05 08:45:00+00:00,4461.97000,4464.54000,4461.46000,4462.81000,2594.00000
2026-06-05 09:00:00+00:00,4462.63000,4469.26000,4458.91000,4465.96000,4361.00000
2026-06-05 09:15:00+00:00,4466.27000,4469.34000,4462.11000,4462.95000,5735.00000
2026-06-05 09:30:00+00:00,4462.93000,4466.87000,4459.32000,4465.91000,4598.00000
2026-06-05 09:45:00+00:00,4465.96000,4469.28000,4462.66000,4464.98000,2935.00000
2026-06-05 10:00:00+00:00,4464.96000,4465.34000,4463.19000,4465.34000,2309.00000
2026-06-05 10:15:00+00:00,4465.31000,4468.17000,4464.63000,4466.12000,2471.00000
2026-06-05 10:30:00+00:00,4466.14000,4466.99000,4461.97000,4464.66000,2644.00000
2026-06-05 10:45:00+00:00,4464.65000,4467.96000,4464.49000,4466.97000,2712.00000
2026-06-05 11:00:00+00:00,4466.60000,4467.09000,4461.22000,4461.44000,3291.00000
2026-06-05 11:15:00+00:00,4461.43000,4466.26000,4459.02000,4466.18000,4217.00000
2026-06-05 11:30:00+00:00,4465.72000,4467.25000,4463.28000,4465.04000,3404.00000
2026-06-05 11:45:00+00:00,4464.92000,4475.42000,4464.13000,4470.27000,4130.00000
2026-06-05 12:00:00+00:00,4470.52000,4471.32000,4464.27000,4469.34000,4689.00000
2026-06-05 12:15:00+00:00,4469.24000,4475.76000,4461.64000,4465.14000,5750.00000
2026-06-05 12:30:00+00:00,4465.40000,4465.79000,4439.79000,4446.24000,10908.00000
2026-06-05 12:45:00+00:00,4446.11000,4449.11000,4404.88000,4406.43000,11165.00000
2026-06-05 13:00:00+00:00,4406.28000,4420.62000,4399.97000,4418.48000,11545.00000
2026-06-05 13:15:00+00:00,4418.41000,4421.01000,4403.97000,4404.57000,10317.00000
2026-06-05 13:30:00+00:00,4405.43000,4409.51000,4386.03000,4389.45000,12730.00000
2026-06-05 13:45:00+00:00,4389.66000,4391.05000,4365.68000,4365.75000,12465.00000
2026-06-05 14:00:00+00:00,4365.89000,4379.29000,4363.46000,4366.32000,12936.00000
2026-06-05 14:15:00+00:00,4366.11000,4370.26000,4353.03000,4361.14000,12072.00000
2026-06-05 14:30:00+00:00,4360.96000,4363.99000,4344.59000,4349.22000,12011.00000
2026-06-05 14:45:00+00:00,4349.10000,4370.02000,4348.51000,4369.69000,11255.00000
2026-06-05 15:00:00+00:00,4370.02000,4372.55000,4352.97000,4352.97000,10618.00000
2026-06-05 15:15:00+00:00,4353.05000,4357.78000,4348.30000,4351.88000,11052.00000
2026-06-05 15:30:00+00:00,4351.76000,4354.93000,4335.56000,4338.86000,9920.00000
2026-06-05 15:45:00+00:00,4338.38000,4341.96000,4334.12000,4335.55000,8681.00000
2026-06-05 16:00:00+00:00,4335.52000,4339.04000,4329.00000,4333.67000,10354.00000
2026-06-05 16:15:00+00:00,4333.30000,4333.86000,4325.48000,4329.76000,10087.00000
2026-06-05 16:30:00+00:00,4329.65000,4332.28000,4323.57000,4327.85000,9489.00000
2026-06-05 16:45:00+00:00,4327.81000,4344.96000,4325.20000,4344.58000,10081.00000
2026-06-05 17:00:00+00:00,4344.60000,4346.98000,4336.62000,4339.67000,9509.00000
2026-06-05 17:15:00+00:00,4339.71000,4343.02000,4335.75000,4342.52000,9732.00000
2026-06-05 17:30:00+00:00,4342.74000,4347.46000,4339.73000,4341.27000,8800.00000
2026-06-05 17:45:00+00:00,4341.20000,4343.74000,4337.97000,4341.83000,7745.00000
2026-06-05 18:00:00+00:00,4342.04000,4342.19000,4322.95000,4322.95000,8702.00000
2026-06-05 18:15:00+00:00,4322.92000,4330.59000,4322.05000,4325.93000,9936.00000
2026-06-05 18:30:00+00:00,4325.91000,4327.09000,4315.39000,4318.17000,8881.00000
2026-06-05 18:45:00+00:00,4318.15000,4326.59000,4316.15000,4322.41000,9505.00000
2026-06-05 19:00:00+00:00,4322.77000,4323.91000,4315.31000,4315.41000,9251.00000
2026-06-05 19:15:00+00:00,4315.38000,4324.33000,4314.00000,4323.90000,10012.00000
2026-06-05 19:30:00+00:00,4323.88000,4325.11000,4314.00000,4318.77000,9954.00000
2026-06-05 19:45:00+00:00,4318.57000,4323.77000,4316.74000,4318.77000,10322.00000
2026-06-05 20:00:00+00:00,4318.58000,4318.93000,4311.86000,4315.72000,7416.00000
2026-06-05 20:15:00+00:00,4315.78000,4326.45000,4314.11000,4323.03000,5412.00000
2026-06-05 20:30:00+00:00,4323.05000,4325.36000,4321.28000,4323.78000,4573.00000
2026-06-05 20:45:00+00:00,4324.08000,4331.06000,4323.78000,4327.92000,3931.00000
2026-06-07 22:00:00+00:00,4328.95000,4330.22000,4310.07000,4330.09000,8254.00000
2026-06-07 22:15:00+00:00,4330.20000,4330.57000,4316.40000,4316.77000,7183.00000
2026-06-07 22:30:00+00:00,4316.75000,4329.11000,4315.34000,4326.12000,5807.00000
2026-06-07 22:45:00+00:00,4326.04000,4326.76000,4315.84000,4317.36000,6263.00000
2026-06-07 23:00:00+00:00,4317.32000,4334.32000,4317.32000,4330.87000,6245.00000
2026-06-07 23:15:00+00:00,4330.87000,4334.48000,4328.95000,4334.03000,4867.00000
2026-06-07 23:30:00+00:00,4334.01000,4340.67000,4333.08000,4339.11000,5083.00000
2026-06-07 23:45:00+00:00,4339.10000,4347.01000,4335.30000,4344.09000,6015.00000
2026-06-08 00:00:00+00:00,4344.16000,4346.87000,4340.84000,4343.82000,6453.00000
2026-06-08 00:15:00+00:00,4343.74000,4353.42000,4341.67000,4351.58000,5578.00000
2026-06-08 00:30:00+00:00,4351.54000,4352.50000,4342.12000,4345.42000,6748.00000
2026-06-08 00:45:00+00:00,4345.41000,4345.98000,4339.91000,4342.22000,6594.00000
2026-06-08 01:00:00+00:00,4342.29000,4345.75000,4326.70000,4326.98000,9541.00000
2026-06-08 01:15:00+00:00,4327.23000,4327.45000,4311.27000,4314.67000,11243.00000
2026-06-08 01:30:00+00:00,4314.91000,4327.42000,4300.37000,4326.35000,11833.00000
2026-06-08 01:45:00+00:00,4326.29000,4329.79000,4319.44000,4325.83000,9843.00000
2026-06-08 02:00:00+00:00,4326.13000,4330.73000,4314.75000,4316.85000,9288.00000
2026-06-08 02:15:00+00:00,4316.81000,4319.71000,4311.54000,4314.88000,7088.00000
2026-06-08 02:30:00+00:00,4314.92000,4317.71000,4307.35000,4315.95000,9426.00000
2026-06-08 02:45:00+00:00,4315.89000,4320.81000,4308.95000,4310.55000,8609.00000
2026-06-08 03:00:00+00:00,4310.55000,4314.13000,4304.36000,4304.84000,7963.00000
2026-06-08 03:15:00+00:00,4304.80000,4311.97000,4303.58000,4307.25000,6097.00000
2026-06-08 03:30:00+00:00,4307.28000,4310.02000,4305.03000,4309.91000,5860.00000
2026-06-08 03:45:00+00:00,4309.92000,4317.23000,4309.44000,4316.95000,4915.00000
2026-06-08 04:00:00+00:00,4317.12000,4320.38000,4313.53000,4318.88000,5740.00000
2026-06-08 04:15:00+00:00,4318.93000,4321.85000,4316.10000,4320.03000,4516.00000
2026-06-08 04:30:00+00:00,4320.00000,4320.43000,4307.73000,4307.79000,5237.00000
2026-06-08 04:45:00+00:00,4307.78000,4313.94000,4307.78000,4312.75000,4415.00000
2026-06-08 05:00:00+00:00,4312.69000,4316.16000,4304.52000,4304.52000,5430.00000
2026-06-08 05:15:00+00:00,4304.74000,4314.31000,4304.55000,4311.86000,5793.00000
2026-06-08 05:30:00+00:00,4311.96000,4313.12000,4268.39000,4288.04000,10946.00000
2026-06-08 05:45:00+00:00,4288.03000,4295.97000,4285.10000,4292.12000,9460.00000
2026-06-08 06:00:00+00:00,4292.06000,4308.11000,4292.06000,4303.62000,9880.00000
2026-06-08 06:15:00+00:00,4303.65000,4311.26000,4299.61000,4305.89000,8491.00000
2026-06-08 06:30:00+00:00,4305.92000,4306.58000,4294.05000,4298.40000,8264.00000
2026-06-08 06:45:00+00:00,4298.20000,4300.88000,4293.27000,4300.05000,7464.00000
2026-06-08 07:00:00+00:00,4299.80000,4308.51000,4294.91000,4305.24000,8581.00000
2026-06-08 07:15:00+00:00,4305.23000,4316.88000,4300.91000,4306.24000,7937.00000
2026-06-08 07:30:00+00:00,4306.30000,4311.71000,4301.45000,4301.75000,7291.00000
2026-06-08 07:45:00+00:00,4301.60000,4302.66000,4294.52000,4294.53000,6605.00000
2026-06-08 08:00:00+00:00,4294.97000,4297.12000,4289.53000,4291.85000,7257.00000
2026-06-08 08:15:00+00:00,4291.87000,4293.65000,4285.40000,4288.21000,7077.00000
2026-06-08 08:30:00+00:00,4288.29000,4292.07000,4286.59000,4290.80000,5862.00000
2026-06-08 08:45:00+00:00,4290.79000,4293.74000,4285.57000,4288.93000,6852.00000
2026-06-08 09:00:00+00:00,4288.85000,4292.16000,4284.38000,4289.03000,4820.00000
2026-06-08 09:15:00+00:00,4288.65000,4290.87000,4279.47000,4279.81000,4748.00000
2026-06-08 09:30:00+00:00,4279.79000,4296.59000,4273.07000,4293.89000,8864.00000
2026-06-08 09:45:00+00:00,4293.96000,4302.03000,4291.25000,4294.44000,6821.00000
2026-06-08 10:00:00+00:00,4295.11000,4297.71000,4286.25000,4294.68000,5873.00000
2026-06-08 10:15:00+00:00,4294.62000,4295.92000,4289.83000,4293.88000,4540.00000
2026-06-08 10:30:00+00:00,4293.73000,4305.64000,4292.37000,4304.91000,6436.00000
2026-06-08 10:45:00+00:00,4304.95000,4305.14000,4296.92000,4302.08000,5450.00000
2026-06-08 11:00:00+00:00,4302.07000,4318.89000,4297.23000,4318.89000,6421.00000
2026-06-08 11:15:00+00:00,4318.34000,4330.96000,4312.64000,4325.33000,8829.00000
2026-06-08 11:30:00+00:00,4325.32000,4333.29000,4322.36000,4324.06000,7939.00000
2026-06-08 11:45:00+00:00,4324.12000,4332.81000,4321.43000,4331.39000,6002.00000
2026-06-08 12:00:00+00:00,4330.90000,4334.85000,4322.61000,4323.01000,7645.00000
2026-06-08 12:15:00+00:00,4322.46000,4331.98000,4320.35000,4329.92000,6663.00000
2026-06-08 12:30:00+00:00,4330.23000,4339.43000,4327.64000,4335.75000,7008.00000
2026-06-08 12:45:00+00:00,4335.86000,4338.00000,4327.18000,4333.18000,6822.00000
2026-06-08 13:00:00+00:00,4333.17000,4334.89000,4323.31000,4323.96000,8289.00000
2026-06-08 13:15:00+00:00,4324.18000,4336.26000,4321.35000,4331.33000,7173.00000
2026-06-08 13:30:00+00:00,4331.39000,4346.65000,4331.09000,4336.37000,11294.00000
2026-06-08 13:45:00+00:00,4336.42000,4339.21000,4326.31000,4327.10000,9692.00000
2026-06-08 14:00:00+00:00,4327.10000,4330.85000,4316.68000,4319.54000,10164.00000
2026-06-08 14:15:00+00:00,4319.44000,4324.43000,4316.00000,4320.16000,9156.00000
2026-06-08 14:30:00+00:00,4319.86000,4324.25000,4314.88000,4322.71000,8583.00000
2026-06-08 14:45:00+00:00,4322.73000,4331.52000,4317.06000,4331.05000,7991.00000
2026-06-08 15:00:00+00:00,4331.22000,4336.45000,4325.29000,4325.46000,6680.00000
2026-06-08 15:15:00+00:00,4325.48000,4336.14000,4322.63000,4330.81000,8645.00000
2026-06-08 15:30:00+00:00,4330.73000,4339.69000,4328.76000,4339.27000,9005.00000
2026-06-08 15:45:00+00:00,4339.26000,4345.77000,4334.80000,4341.85000,6964.00000
2026-06-08 16:00:00+00:00,4341.88000,4343.96000,4338.20000,4341.07000,7229.00000
2026-06-08 16:15:00+00:00,4341.09000,4343.96000,4339.85000,4341.00000,6506.00000
2026-06-08 16:30:00+00:00,4341.08000,4346.41000,4340.70000,4344.07000,7727.00000
2026-06-08 16:45:00+00:00,4344.01000,4346.19000,4337.93000,4340.69000,6859.00000
2026-06-08 17:00:00+00:00,4340.74000,4342.41000,4336.15000,4338.85000,7957.00000
2026-06-08 17:15:00+00:00,4338.85000,4340.56000,4334.05000,4339.17000,7564.00000
2026-06-08 17:30:00+00:00,4339.26000,4339.63000,4332.08000,4334.18000,7595.00000
2026-06-08 17:45:00+00:00,4334.16000,4339.37000,4334.13000,4339.15000,6582.00000
2026-06-08 18:00:00+00:00,4339.15000,4345.37000,4338.70000,4341.45000,5073.00000
2026-06-08 18:15:00+00:00,4341.60000,4345.95000,4341.52000,4342.60000,4801.00000
2026-06-08 18:30:00+00:00,4342.51000,4344.70000,4336.40000,4336.77000,4665.00000
2026-06-08 18:45:00+00:00,4336.82000,4337.10000,4333.08000,4334.69000,4747.00000
2026-06-08 19:00:00+00:00,4334.60000,4338.22000,4329.58000,4329.92000,5771.00000
2026-06-08 19:15:00+00:00,4329.89000,4331.64000,4326.14000,4327.82000,6259.00000
2026-06-08 19:30:00+00:00,4327.80000,4330.48000,4324.29000,4325.18000,6121.00000
2026-06-08 19:45:00+00:00,4325.16000,4330.18000,4323.35000,4326.59000,6167.00000
2026-06-08 20:00:00+00:00,4326.55000,4330.00000,4326.48000,4328.30000,3103.00000
2026-06-08 20:15:00+00:00,4328.33000,4328.33000,4324.59000,4326.58000,2479.00000
2026-06-08 20:30:00+00:00,4326.54000,4328.57000,4325.46000,4326.33000,1858.00000
2026-06-08 20:45:00+00:00,4326.34000,4330.44000,4325.63000,4329.81000,1520.00000
2026-06-08 22:00:00+00:00,4330.81000,4333.46000,4324.59000,4325.37000,2933.00000
2026-06-08 22:15:00+00:00,4325.33000,4327.29000,4322.81000,4325.15000,2517.00000
2026-06-08 22:30:00+00:00,4325.04000,4327.58000,4325.04000,4327.48000,1697.00000
2026-06-08 22:45:00+00:00,4327.44000,4328.90000,4326.14000,4328.00000,1597.00000
2026-06-08 23:00:00+00:00,4328.00000,4328.95000,4325.27000,4327.76000,1800.00000
2026-06-08 23:15:00+00:00,4327.71000,4328.49000,4320.64000,4320.68000,1931.00000
2026-06-08 23:30:00+00:00,4320.73000,4322.39000,4315.33000,4319.72000,2976.00000
2026-06-08 23:45:00+00:00,4319.75000,4320.08000,4313.03000,4317.77000,3941.00000
2026-06-09 00:00:00+00:00,4317.78000,4323.75000,4315.44000,4322.59000,8044.00000
2026-06-09 00:15:00+00:00,4322.54000,4323.50000,4316.67000,4316.84000,6411.00000
2026-06-09 00:30:00+00:00,4316.85000,4323.06000,4315.14000,4318.26000,5844.00000
2026-06-09 00:45:00+00:00,4318.25000,4321.26000,4315.12000,4319.95000,5499.00000
2026-06-09 01:00:00+00:00,4319.81000,4327.90000,4318.76000,4324.05000,8674.00000
2026-06-09 01:15:00+00:00,4324.06000,4338.05000,4322.75000,4335.50000,8274.00000
2026-06-09 01:30:00+00:00,4335.58000,4338.90000,4333.00000,4335.72000,5969.00000
2026-06-09 01:45:00+00:00,4335.75000,4338.50000,4333.17000,4336.64000,6226.00000
2026-06-09 02:00:00+00:00,4336.70000,4336.96000,4328.40000,4333.05000,6456.00000
2026-06-09 02:15:00+00:00,4333.06000,4336.29000,4330.25000,4335.55000,5482.00000
2026-06-09 02:30:00+00:00,4335.65000,4339.90000,4331.21000,4339.01000,6542.00000
2026-06-09 02:45:00+00:00,4339.04000,4341.06000,4335.08000,4336.13000,5292.00000
2026-06-09 03:00:00+00:00,4336.01000,4341.55000,4331.51000,4338.88000,6395.00000
2026-06-09 03:15:00+00:00,4338.90000,4342.18000,4333.54000,4336.78000,4934.00000
2026-06-09 03:30:00+00:00,4336.70000,4338.11000,4333.65000,4337.73000,3534.00000
2026-06-09 03:45:00+00:00,4337.73000,4341.93000,4334.50000,4336.66000,3116.00000
2026-06-09 04:00:00+00:00,4336.63000,4339.41000,4332.37000,4332.38000,3044.00000
2026-06-09 04:15:00+00:00,4332.38000,4332.91000,4328.82000,4330.55000,2984.00000
2026-06-09 04:30:00+00:00,4330.57000,4330.71000,4324.34000,4328.29000,3581.00000
2026-06-09 04:45:00+00:00,4328.07000,4333.01000,4326.26000,4332.44000,2738.00000
2026-06-09 05:00:00+00:00,4332.63000,4337.18000,4331.03000,4331.46000,3574.00000
2026-06-09 05:15:00+00:00,4331.41000,4335.62000,4331.00000,4332.62000,3937.00000
2026-06-09 05:30:00+00:00,4332.58000,4351.51000,4331.60000,4348.20000,6825.00000
2026-06-09 05:45:00+00:00,4348.65000,4349.12000,4341.70000,4343.54000,4885.00000
2026-06-09 06:00:00+00:00,4343.55000,4348.86000,4340.10000,4341.42000,5506.00000
2026-06-09 06:15:00+00:00,4340.99000,4345.88000,4338.24000,4339.11000,4346.00000
2026-06-09 06:30:00+00:00,4339.12000,4339.49000,4331.99000,4336.73000,4924.00000
2026-06-09 06:45:00+00:00,4336.79000,4340.25000,4330.30000,4330.67000,4283.00000
2026-06-09 07:00:00+00:00,4330.92000,4334.85000,4326.97000,4326.97000,5846.00000
2026-06-09 07:15:00+00:00,4326.84000,4331.71000,4323.02000,4331.14000,5600.00000
2026-06-09 07:30:00+00:00,4331.18000,4331.52000,4322.36000,4328.47000,4764.00000
2026-06-09 07:45:00+00:00,4328.38000,4330.31000,4325.20000,4326.66000,3708.00000
2026-06-09 08:00:00+00:00,4326.72000,4336.50000,4321.27000,4331.67000,6314.00000
2026-06-09 08:15:00+00:00,4331.66000,4335.39000,4331.48000,4334.44000,5514.00000
2026-06-09 08:30:00+00:00,4334.65000,4336.83000,4330.53000,4335.07000,4426.00000
2026-06-09 08:45:00+00:00,4335.13000,4335.45000,4325.86000,4326.66000,3706.00000
2026-06-09 09:00:00+00:00,4326.64000,4330.96000,4325.17000,4328.43000,4076.00000
2026-06-09 09:15:00+00:00,4328.31000,4336.11000,4325.65000,4326.88000,4360.00000
2026-06-09 09:30:00+00:00,4326.37000,4331.11000,4325.13000,4327.21000,4474.00000
2026-06-09 09:45:00+00:00,4327.16000,4333.60000,4326.76000,4332.24000,3228.00000
2026-06-09 10:00:00+00:00,4331.89000,4335.78000,4325.42000,4335.44000,5172.00000
2026-06-09 10:15:00+00:00,4335.58000,4336.74000,4331.43000,4333.89000,3998.00000
2026-06-09 10:30:00+00:00,4333.96000,4335.05000,4329.72000,4332.54000,3295.00000
2026-06-09 10:45:00+00:00,4332.86000,4340.82000,4330.22000,4339.23000,3634.00000
2026-06-09 11:00:00+00:00,4339.24000,4340.45000,4335.74000,4337.91000,4166.00000
2026-06-09 11:15:00+00:00,4337.93000,4340.75000,4336.20000,4338.78000,3427.00000
2026-06-09 11:30:00+00:00,4338.79000,4340.11000,4336.77000,4338.98000,3018.00000
2026-06-09 11:45:00+00:00,4339.05000,4343.80000,4337.40000,4339.94000,3857.00000
2026-06-09 12:00:00+00:00,4339.93000,4344.06000,4339.78000,4341.15000,4083.00000
2026-06-09 12:15:00+00:00,4341.10000,4342.93000,4335.34000,4335.90000,4909.00000
2026-06-09 12:30:00+00:00,4335.88000,4342.00000,4334.92000,4340.89000,5720.00000
2026-06-09 12:45:00+00:00,4340.81000,4344.24000,4336.68000,4341.44000,4891.00000
2026-06-09 13:00:00+00:00,4341.48000,4345.44000,4338.24000,4341.08000,7747.00000
2026-06-09 13:15:00+00:00,4341.32000,4342.11000,4330.30000,4330.98000,5642.00000
2026-06-09 13:30:00+00:00,4331.46000,4334.48000,4325.20000,4330.34000,7993.00000
2026-06-09 13:45:00+00:00,4330.17000,4363.53000,4326.59000,4328.95000,10421.00000
2026-06-09 14:00:00+00:00,4328.83000,4336.28000,4319.84000,4321.33000,11137.00000
2026-06-09 14:15:00+00:00,4321.23000,4323.77000,4305.93000,4318.47000,11801.00000
2026-06-09 14:30:00+00:00,4318.38000,4321.22000,4284.95000,4284.95000,12141.00000
2026-06-09 14:45:00+00:00,4285.10000,4300.87000,4278.63000,4300.65000,12113.00000
2026-06-09 15:00:00+00:00,4300.67000,4302.05000,4289.47000,4294.90000,10790.00000
2026-06-09 15:15:00+00:00,4294.68000,4296.92000,4276.98000,4278.79000,10701.00000
2026-06-09 15:30:00+00:00,4278.84000,4281.95000,4262.98000,4279.80000,12429.00000
2026-06-09 15:45:00+00:00,4280.07000,4285.84000,4272.32000,4272.32000,11248.00000
2026-06-09 16:00:00+00:00,4272.40000,4281.08000,4258.61000,4259.83000,12050.00000
2026-06-09 16:15:00+00:00,4259.79000,4266.41000,4253.43000,4263.53000,12046.00000
2026-06-09 16:30:00+00:00,4263.45000,4267.67000,4236.87000,4244.89000,12364.00000
2026-06-09 16:45:00+00:00,4244.67000,4254.11000,4238.83000,4252.04000,12107.00000
2026-06-09 17:00:00+00:00,4252.34000,4264.42000,4251.43000,4261.40000,11663.00000
2026-06-09 17:15:00+00:00,4261.20000,4267.89000,4258.54000,4263.13000,10659.00000
2026-06-09 17:30:00+00:00,4263.14000,4268.11000,4261.01000,4264.77000,9822.00000
2026-06-09 17:45:00+00:00,4264.89000,4266.74000,4256.07000,4263.14000,8155.00000
2026-06-09 18:00:00+00:00,4263.34000,4266.80000,4259.64000,4265.41000,8897.00000
2026-06-09 18:15:00+00:00,4265.36000,4274.38000,4262.97000,4270.91000,8618.00000
2026-06-09 18:30:00+00:00,4270.90000,4274.01000,4263.77000,4264.36000,8415.00000
2026-06-09 18:45:00+00:00,4264.48000,4271.52000,4262.37000,4270.05000,6958.00000
2026-06-09 19:00:00+00:00,4270.13000,4271.75000,4258.09000,4258.78000,7812.00000
2026-06-09 19:15:00+00:00,4258.80000,4258.99000,4252.84000,4257.35000,9145.00000
2026-06-09 19:30:00+00:00,4257.27000,4260.24000,4250.24000,4251.07000,9179.00000
2026-06-09 19:45:00+00:00,4251.20000,4259.79000,4250.02000,4258.73000,9301.00000
2026-06-09 20:00:00+00:00,4258.77000,4261.09000,4255.72000,4258.53000,5562.00000
2026-06-09 20:15:00+00:00,4258.48000,4260.45000,4257.96000,4259.17000,2913.00000
2026-06-09 20:30:00+00:00,4259.10000,4261.96000,4257.76000,4261.38000,2369.00000
2026-06-09 20:45:00+00:00,4261.43000,4262.08000,4259.39000,4259.51000,1566.00000
2026-06-09 22:00:00+00:00,4250.52000,4257.94000,4247.05000,4255.51000,3568.00000
2026-06-09 22:15:00+00:00,4255.61000,4256.79000,4253.19000,4256.67000,3122.00000
2026-06-09 22:30:00+00:00,4256.65000,4257.48000,4247.64000,4249.30000,4807.00000
2026-06-09 22:45:00+00:00,4249.30000,4250.13000,4232.51000,4237.33000,5597.00000
2026-06-09 23:00:00+00:00,4237.23000,4247.26000,4235.69000,4236.13000,4265.00000
2026-06-09 23:15:00+00:00,4236.11000,4236.52000,4222.71000,4224.28000,4741.00000
2026-06-09 23:30:00+00:00,4224.36000,4229.95000,4216.69000,4218.58000,4491.00000
2026-06-09 23:45:00+00:00,4218.59000,4224.49000,4210.44000,4222.03000,7367.00000
2026-06-10 00:00:00+00:00,4222.61000,4226.60000,4216.56000,4225.17000,8174.00000
2026-06-10 00:15:00+00:00,4224.97000,4228.41000,4218.10000,4218.13000,6371.00000
2026-06-10 00:30:00+00:00,4218.53000,4219.07000,4199.10000,4204.37000,8319.00000
2026-06-10 00:45:00+00:00,4204.86000,4220.72000,4199.91000,4218.33000,7755.00000
2026-06-10 01:00:00+00:00,4218.23000,4218.84000,4187.26000,4203.46000,10138.00000
2026-06-10 01:15:00+00:00,4203.32000,4216.25000,4197.42000,4201.88000,9138.00000
2026-06-10 01:30:00+00:00,4201.89000,4207.06000,4184.62000,4187.15000,9752.00000
2026-06-10 01:45:00+00:00,4187.12000,4195.67000,4183.99000,4188.83000,8215.00000
2026-06-10 02:00:00+00:00,4188.85000,4191.83000,4179.83000,4182.98000,7062.00000
2026-06-10 02:15:00+00:00,4182.98000,4188.40000,4178.25000,4188.05000,6320.00000
2026-06-10 02:30:00+00:00,4188.51000,4192.59000,4174.21000,4184.39000,8221.00000
2026-06-10 02:45:00+00:00,4184.37000,4190.70000,4173.58000,4174.05000,7421.00000
2026-06-10 03:00:00+00:00,4174.01000,4180.74000,4173.40000,4178.22000,6988.00000
2026-06-10 03:15:00+00:00,4178.35000,4181.33000,4173.91000,4177.27000,5979.00000
2026-06-10 03:30:00+00:00,4177.52000,4183.06000,4176.34000,4179.87000,5835.00000
2026-06-10 03:45:00+00:00,4179.88000,4186.58000,4179.67000,4184.90000,5887.00000
2026-06-10 04:00:00+00:00,4184.89000,4187.33000,4180.74000,4181.29000,4955.00000
2026-06-10 04:15:00+00:00,4181.31000,4183.12000,4173.80000,4174.55000,5382.00000
2026-06-10 04:30:00+00:00,4174.52000,4175.42000,4173.35000,4173.68000,5082.00000
2026-06-10 04:45:00+00:00,4173.81000,4175.87000,4172.45000,4174.85000,4637.00000
2026-06-10 05:00:00+00:00,4174.84000,4180.54000,4173.71000,4179.83000,5903.00000
2026-06-10 05:15:00+00:00,4179.91000,4187.32000,4175.59000,4187.11000,6008.00000
2026-06-10 05:30:00+00:00,4187.35000,4199.09000,4181.76000,4198.15000,9025.00000
2026-06-10 05:45:00+00:00,4198.17000,4209.06000,4197.50000,4205.24000,7879.00000
2026-06-10 06:00:00+00:00,4205.23000,4221.85000,4205.23000,4213.00000,8603.00000
2026-06-10 06:15:00+00:00,4213.04000,4216.79000,4208.36000,4211.75000,6845.00000
2026-06-10 06:30:00+00:00,4211.45000,4213.54000,4205.09000,4207.47000,6740.00000
2026-06-10 06:45:00+00:00,4207.59000,4209.82000,4201.78000,4203.91000,6397.00000
2026-06-10 07:00:00+00:00,4203.82000,4207.89000,4197.40000,4200.29000,6716.00000
2026-06-10 07:15:00+00:00,4200.37000,4203.79000,4193.61000,4194.94000,5777.00000
2026-06-10 07:30:00+00:00,4194.93000,4197.17000,4187.99000,4189.74000,6642.00000
2026-06-10 07:45:00+00:00,4189.67000,4193.01000,4181.62000,4186.22000,6759.00000
2026-06-10 08:00:00+00:00,4186.17000,4187.42000,4161.46000,4166.40000,9522.00000
2026-06-10 08:15:00+00:00,4166.65000,4178.87000,4166.12000,4172.32000,8116.00000
2026-06-10 08:30:00+00:00,4172.18000,4179.32000,4166.46000,4170.59000,7410.00000
2026-06-10 08:45:00+00:00,4170.41000,4176.45000,4166.52000,4169.05000,7608.00000
2026-06-10 09:00:00+00:00,4169.06000,4174.15000,4164.87000,4165.12000,7048.00000
2026-06-10 09:15:00+00:00,4165.08000,4175.01000,4164.29000,4166.18000,7166.00000
2026-06-10 09:30:00+00:00,4166.13000,4179.52000,4165.93000,4171.46000,7609.00000
2026-06-10 09:45:00+00:00,4171.48000,4174.91000,4163.09000,4168.74000,6595.00000
2026-06-10 10:00:00+00:00,4168.85000,4171.12000,4155.36000,4161.00000,6308.00000
2026-06-10 10:15:00+00:00,4160.94000,4169.82000,4159.58000,4165.11000,6056.00000
2026-06-10 10:30:00+00:00,4164.92000,4171.39000,4164.01000,4171.39000,6480.00000
2026-06-10 10:45:00+00:00,4171.41000,4178.56000,4169.83000,4174.57000,6338.00000
2026-06-10 11:00:00+00:00,4174.63000,4176.14000,4153.60000,4168.67000,9848.00000
2026-06-10 11:15:00+00:00,4168.69000,4171.84000,4156.87000,4166.60000,8828.00000
2026-06-10 11:30:00+00:00,4166.63000,4168.01000,4154.42000,4154.43000,8976.00000
2026-06-10 11:45:00+00:00,4154.37000,4163.43000,4146.13000,4147.64000,8216.00000
2026-06-10 12:00:00+00:00,4147.53000,4152.54000,4134.70000,4136.29000,8924.00000
2026-06-10 12:15:00+00:00,4136.30000,4142.84000,4130.55000,4140.95000,8454.00000
2026-06-10 12:30:00+00:00,4141.04000,4173.73000,4136.34000,4160.31000,12341.00000
2026-06-10 12:45:00+00:00,4160.53000,4169.44000,4142.34000,4147.05000,10524.00000
2026-06-10 13:00:00+00:00,4147.13000,4158.06000,4145.15000,4151.44000,10654.00000
2026-06-10 13:15:00+00:00,4151.18000,4151.18000,4133.07000,4149.38000,9972.00000
2026-06-10 13:30:00+00:00,4147.81000,4179.11000,4142.12000,4179.11000,12389.00000
2026-06-10 13:45:00+00:00,4179.06000,4186.32000,4173.84000,4179.57000,11632.00000
2026-06-10 14:00:00+00:00,4179.65000,4180.85000,4170.22000,4174.31000,11337.00000
2026-06-10 14:15:00+00:00,4174.65000,4175.44000,4159.62000,4161.26000,10518.00000
2026-06-10 14:30:00+00:00,4161.19000,4163.38000,4149.92000,4150.03000,10433.00000
2026-06-10 14:45:00+00:00,4149.86000,4151.73000,4118.01000,4124.91000,11680.00000
2026-06-10 15:00:00+00:00,4125.05000,4136.33000,4119.25000,4123.48000,11889.00000
2026-06-10 15:15:00+00:00,4123.38000,4137.03000,4113.44000,4127.90000,11472.00000
2026-06-10 15:30:00+00:00,4127.98000,4131.25000,4122.12000,4128.65000,10861.00000
2026-06-10 15:45:00+00:00,4128.76000,4131.13000,4106.84000,4128.85000,12123.00000
2026-06-10 16:00:00+00:00,4129.04000,4132.87000,4123.04000,4129.28000,11036.00000
2026-06-10 16:15:00+00:00,4129.29000,4135.30000,4126.85000,4127.59000,9603.00000
2026-06-10 16:30:00+00:00,4127.85000,4132.12000,4120.60000,4122.24000,10135.00000
2026-06-10 16:45:00+00:00,4122.33000,4123.10000,4116.02000,4122.07000,8985.00000
2026-06-10 17:00:00+00:00,4121.88000,4135.00000,4114.88000,4118.07000,9307.00000
2026-06-10 17:15:00+00:00,4118.06000,4120.23000,4109.43000,4111.13000,9448.00000
2026-06-10 17:30:00+00:00,4110.55000,4112.53000,4101.98000,4102.35000,9099.00000
2026-06-10 17:45:00+00:00,4102.41000,4113.52000,4101.10000,4111.71000,10033.00000
2026-06-10 18:00:00+00:00,4111.80000,4120.52000,4111.80000,4116.02000,7911.00000
2026-06-10 18:15:00+00:00,4115.94000,4118.13000,4109.71000,4112.49000,7994.00000
2026-06-10 18:30:00+00:00,4112.44000,4112.72000,4104.68000,4105.08000,8390.00000
2026-06-10 18:45:00+00:00,4105.07000,4107.80000,4097.10000,4101.60000,7856.00000
2026-06-10 19:00:00+00:00,4101.61000,4102.13000,4087.37000,4089.00000,8184.00000
2026-06-10 19:15:00+00:00,4089.08000,4092.04000,4081.76000,4084.73000,8585.00000
2026-06-10 19:30:00+00:00,4084.95000,4092.02000,4082.29000,4091.68000,9922.00000
2026-06-10 19:45:00+00:00,4091.64000,4092.63000,4081.75000,4082.83000,9245.00000
2026-06-10 20:00:00+00:00,4082.57000,4083.14000,4069.31000,4072.25000,7546.00000
2026-06-10 20:15:00+00:00,4072.17000,4080.06000,4071.32000,4078.51000,4353.00000
2026-06-10 20:30:00+00:00,4078.45000,4078.45000,4071.37000,4072.77000,3201.00000
2026-06-10 20:45:00+00:00,4072.67000,4072.71000,4067.14000,4071.42000,3304.00000
2026-06-10 22:00:00+00:00,4072.78000,4073.02000,4050.39000,4056.31000,5961.00000
2026-06-10 22:15:00+00:00,4056.38000,4057.28000,4036.15000,4044.81000,6274.00000
2026-06-10 22:30:00+00:00,4044.83000,4069.11000,4044.70000,4062.88000,6791.00000
2026-06-10 22:45:00+00:00,4062.87000,4066.60000,4045.81000,4046.57000,6282.00000
2026-06-10 23:00:00+00:00,4046.70000,4053.69000,4023.89000,4030.00000,6892.00000
2026-06-10 23:15:00+00:00,4030.02000,4064.64000,4025.25000,4061.57000,9581.00000
2026-06-10 23:30:00+00:00,4061.58000,4064.30000,4054.85000,4056.29000,6782.00000
2026-06-10 23:45:00+00:00,4056.30000,4057.45000,4044.65000,4047.27000,7685.00000
2026-06-11 00:00:00+00:00,4047.49000,4059.59000,4036.18000,4052.36000,11334.00000
2026-06-11 00:15:00+00:00,4052.35000,4072.77000,4050.02000,4067.73000,10809.00000
2026-06-11 00:30:00+00:00,4067.41000,4076.68000,4059.28000,4063.52000,8780.00000
2026-06-11 00:45:00+00:00,4063.53000,4078.07000,4063.36000,4076.03000,8395.00000
2026-06-11 01:00:00+00:00,4076.02000,4089.94000,4066.18000,4086.85000,11674.00000
2026-06-11 01:15:00+00:00,4086.84000,4108.66000,4085.66000,4104.46000,10254.00000
2026-06-11 01:30:00+00:00,4104.47000,4118.25000,4104.13000,4113.57000,9198.00000
2026-06-11 01:45:00+00:00,4113.79000,4117.04000,4098.01000,4101.94000,8058.00000
2026-06-11 02:00:00+00:00,4102.13000,4102.64000,4089.32000,4089.67000,8983.00000
2026-06-11 02:15:00+00:00,4089.71000,4095.79000,4081.60000,4082.41000,7139.00000
2026-06-11 02:30:00+00:00,4082.42000,4084.96000,4055.17000,4059.35000,10622.00000
2026-06-11 02:45:00+00:00,4059.23000,4073.47000,4052.37000,4068.02000,8549.00000
2026-06-11 03:00:00+00:00,4068.01000,4078.10000,4064.49000,4065.52000,8036.00000
2026-06-11 03:15:00+00:00,4065.75000,4071.42000,4056.98000,4063.19000,7307.00000
2026-06-11 03:30:00+00:00,4063.15000,4071.86000,4062.58000,4067.53000,5580.00000
2026-06-11 03:45:00+00:00,4067.81000,4075.48000,4064.87000,4072.80000,4592.00000
2026-06-11 04:00:00+00:00,4072.82000,4083.18000,4070.12000,4082.78000,5557.00000
2026-06-11 04:15:00+00:00,4082.82000,4085.43000,4076.38000,4077.83000,5139.00000
2026-06-11 04:30:00+00:00,4078.03000,4084.06000,4074.88000,4082.26000,5245.00000
2026-06-11 04:45:00+00:00,4082.31000,4085.92000,4079.57000,4082.79000,4463.00000
2026-06-11 05:00:00+00:00,4082.90000,4083.35000,4075.57000,4077.41000,6048.00000
2026-06-11 05:15:00+00:00,4076.76000,4081.27000,4072.77000,4075.14000,6306.00000
2026-06-11 05:30:00+00:00,4075.38000,4099.64000,4074.62000,4099.58000,8461.00000
2026-06-11 05:45:00+00:00,4099.43000,4106.29000,4093.59000,4094.31000,6962.00000
2026-06-11 06:00:00+00:00,4094.30000,4094.81000,4076.45000,4084.41000,8279.00000
2026-06-11 06:15:00+00:00,4084.37000,4092.94000,4081.82000,4086.77000,6556.00000
2026-06-11 06:30:00+00:00,4086.82000,4092.86000,4083.13000,4092.78000,5849.00000
2026-06-11 06:45:00+00:00,4092.78000,4097.60000,4091.13000,4094.44000,5543.00000
2026-06-11 07:00:00+00:00,4094.89000,4098.36000,4091.77000,4096.67000,6987.00000
2026-06-11 07:15:00+00:00,4096.68000,4110.30000,4096.30000,4107.70000,7005.00000
2026-06-11 07:30:00+00:00,4107.66000,4110.55000,4101.59000,4107.62000,5632.00000
2026-06-11 07:45:00+00:00,4107.60000,4108.06000,4099.07000,4105.01000,5077.00000
2026-06-11 08:00:00+00:00,4104.96000,4112.56000,4104.23000,4106.16000,7301.00000
2026-06-11 08:15:00+00:00,4106.41000,4108.46000,4097.17000,4097.17000,6076.00000
2026-06-11 08:30:00+00:00,4097.33000,4099.52000,4090.33000,4090.63000,6292.00000
2026-06-11 08:45:00+00:00,4090.53000,4092.10000,4084.51000,4084.51000,6273.00000
2026-06-11 09:00:00+00:00,4084.49000,4087.38000,4080.76000,4086.07000,6149.00000
2026-06-11 09:15:00+00:00,4086.00000,4088.92000,4078.98000,4079.48000,6123.00000
2026-06-11 09:30:00+00:00,4079.49000,4091.96000,4077.53000,4091.76000,5519.00000
2026-06-11 09:45:00+00:00,4091.77000,4096.44000,4090.08000,4091.64000,4714.00000
2026-06-11 10:00:00+00:00,4091.62000,4094.20000,4087.82000,4092.12000,5036.00000
2026-06-11 10:15:00+00:00,4092.13000,4094.50000,4086.81000,4087.71000,4836.00000
2026-06-11 10:30:00+00:00,4087.69000,4093.02000,4086.41000,4090.50000,4609.00000
2026-06-11 10:45:00+00:00,4090.53000,4092.92000,4087.70000,4089.97000,3919.00000
2026-06-11 11:00:00+00:00,4089.96000,4093.23000,4086.27000,4086.27000,6145.00000
2026-06-11 11:15:00+00:00,4086.22000,4091.25000,4083.42000,4090.40000,6597.00000
2026-06-11 11:30:00+00:00,4090.41000,4095.89000,4081.73000,4084.90000,7095.00000
2026-06-11 11:45:00+00:00,4084.84000,4087.69000,4080.07000,4080.41000,5007.00000
2026-06-11 12:00:00+00:00,4080.60000,4087.18000,4072.99000,4076.37000,6143.00000
2026-06-11 12:15:00+00:00,4076.27000,4081.99000,4061.50000,4069.05000,9779.00000
2026-06-11 12:30:00+00:00,4068.99000,4077.13000,4057.62000,4073.20000,10346.00000
2026-06-11 12:45:00+00:00,4073.10000,4085.12000,4069.85000,4081.92000,8974.00000
2026-06-11 13:00:00+00:00,4081.84000,4086.14000,4072.10000,4073.11000,9674.00000
2026-06-11 13:15:00+00:00,4073.18000,4081.83000,4072.26000,4075.42000,8014.00000
2026-06-11 13:30:00+00:00,4075.40000,4082.52000,4067.14000,4076.37000,11901.00000
2026-06-11 13:45:00+00:00,4076.45000,4092.62000,4073.55000,4083.27000,11885.00000
2026-06-11 14:00:00+00:00,4083.24000,4085.49000,4053.02000,4060.99000,11445.00000
2026-06-11 14:15:00+00:00,4061.16000,4084.86000,4056.14000,4074.83000,11407.00000
2026-06-11 14:30:00+00:00,4074.87000,4083.54000,4070.59000,4076.33000,11222.00000
2026-06-11 14:45:00+00:00,4076.31000,4080.99000,4072.21000,4073.48000,10877.00000
2026-06-11 15:00:00+00:00,4073.41000,4087.66000,4070.44000,4080.61000,11616.00000
2026-06-11 15:15:00+00:00,4080.62000,4089.30000,4074.92000,4081.70000,10272.00000
2026-06-11 15:30:00+00:00,4081.55000,4090.47000,4077.57000,4088.20000,10454.00000
2026-06-11 15:45:00+00:00,4088.33000,4095.46000,4085.86000,4088.86000,9212.00000
2026-06-11 16:00:00+00:00,4088.88000,4103.28000,4086.73000,4102.71000,9873.00000
2026-06-11 16:15:00+00:00,4102.76000,4107.60000,4079.46000,4079.65000,9763.00000
2026-06-11 16:30:00+00:00,4079.66000,4087.52000,4078.53000,4082.00000,9464.00000
2026-06-11 16:45:00+00:00,4081.85000,4084.25000,4077.78000,4080.28000,8246.00000
2026-06-11 17:00:00+00:00,4080.30000,4080.83000,4071.97000,4076.04000,9607.00000
2026-06-11 17:15:00+00:00,4076.05000,4102.10000,4074.45000,4101.83000,8959.00000
2026-06-11 17:30:00+00:00,4101.59000,4169.95000,4101.59000,4166.59000,13437.00000
2026-06-11 17:45:00+00:00,4166.69000,4166.69000,4146.72000,4151.74000,12072.00000
2026-06-11 18:00:00+00:00,4151.79000,4155.55000,4131.38000,4146.87000,12334.00000
2026-06-11 18:15:00+00:00,4146.76000,4162.98000,4145.28000,4153.00000,11053.00000
2026-06-11 18:30:00+00:00,4152.84000,4165.19000,4149.13000,4164.87000,10090.00000
2026-06-11 18:45:00+00:00,4164.57000,4171.61000,4160.47000,4161.94000,8584.00000
2026-06-11 19:00:00+00:00,4162.14000,4189.27000,4162.14000,4188.38000,10312.00000
2026-06-11 19:15:00+00:00,4188.41000,4198.42000,4186.24000,4195.73000,10181.00000
2026-06-11 19:30:00+00:00,4195.91000,4220.07000,4195.91000,4210.25000,11359.00000
2026-06-11 19:45:00+00:00,4210.26000,4215.54000,4207.41000,4208.86000,9238.00000
2026-06-11 20:00:00+00:00,4209.37000,4218.50000,4208.23000,4213.90000,6529.00000
2026-06-11 20:15:00+00:00,4213.91000,4216.36000,4212.34000,4214.17000,4589.00000
2026-06-11 20:30:00+00:00,4214.22000,4216.44000,4209.60000,4209.71000,4051.00000
2026-06-11 20:45:00+00:00,4209.72000,4212.99000,4209.19000,4210.87000,2766.00000
2026-06-11 22:00:00+00:00,4207.65000,4220.28000,4205.43000,4209.79000,3842.00000
2026-06-11 22:15:00+00:00,4209.77000,4215.84000,4205.70000,4214.90000,3768.00000
2026-06-11 22:30:00+00:00,4214.93000,4228.08000,4211.12000,4225.95000,5175.00000
2026-06-11 22:45:00+00:00,4225.91000,4246.65000,4225.13000,4243.40000,6608.00000
2026-06-11 23:00:00+00:00,4243.49000,4245.97000,4221.20000,4223.63000,7124.00000
2026-06-11 23:15:00+00:00,4223.81000,4226.51000,4214.33000,4216.64000,5587.00000
2026-06-11 23:30:00+00:00,4216.29000,4223.57000,4214.68000,4219.54000,5701.00000
2026-06-11 23:45:00+00:00,4219.52000,4224.81000,4215.39000,4220.07000,5819.00000
2026-06-12 00:00:00+00:00,4219.86000,4225.78000,4212.66000,4216.94000,7912.00000
2026-06-12 00:15:00+00:00,4216.88000,4230.45000,4207.36000,4220.39000,7866.00000
2026-06-12 00:30:00+00:00,4220.39000,4228.67000,4202.79000,4204.07000,7858.00000
2026-06-12 00:45:00+00:00,4204.06000,4208.32000,4200.88000,4208.32000,7449.00000
2026-06-12 01:00:00+00:00,4208.24000,4210.92000,4182.96000,4187.14000,10530.00000
2026-06-12 01:15:00+00:00,4187.12000,4193.82000,4179.21000,4180.99000,8684.00000
2026-06-12 01:30:00+00:00,4181.12000,4186.66000,4171.51000,4179.55000,9729.00000
2026-06-12 01:45:00+00:00,4179.41000,4191.51000,4179.41000,4186.87000,8333.00000
2026-06-12 02:00:00+00:00,4186.26000,4200.04000,4183.53000,4194.01000,8174.00000
2026-06-12 02:15:00+00:00,4194.09000,4194.51000,4186.66000,4188.37000,5982.00000
2026-06-12 02:30:00+00:00,4188.57000,4193.24000,4182.72000,4186.30000,7838.00000
2026-06-12 02:45:00+00:00,4186.29000,4192.55000,4183.66000,4191.65000,6833.00000
2026-06-12 03:00:00+00:00,4191.57000,4196.14000,4189.56000,4193.89000,6766.00000
2026-06-12 03:15:00+00:00,4193.79000,4203.57000,4192.94000,4203.50000,6796.00000
2026-06-12 03:30:00+00:00,4203.53000,4204.93000,4198.90000,4199.35000,4928.00000
2026-06-12 03:45:00+00:00,4199.02000,4201.47000,4195.91000,4197.12000,4243.00000
2026-06-12 04:00:00+00:00,4197.20000,4201.03000,4192.08000,4194.35000,4058.00000
2026-06-12 04:15:00+00:00,4194.27000,4195.65000,4190.42000,4192.74000,3656.00000
2026-06-12 04:30:00+00:00,4192.66000,4198.47000,4191.99000,4193.42000,3933.00000
2026-06-12 04:45:00+00:00,4193.50000,4194.28000,4189.60000,4190.02000,3461.00000
2026-06-12 05:00:00+00:00,4189.86000,4193.02000,4182.03000,4189.12000,4851.00000
2026-06-12 05:15:00+00:00,4189.02000,4189.62000,4185.04000,4187.15000,4635.00000
2026-06-12 05:30:00+00:00,4187.22000,4187.75000,4173.86000,4180.51000,8633.00000
2026-06-12 05:45:00+00:00,4180.57000,4181.06000,4170.82000,4173.44000,7558.00000
2026-06-12 06:00:00+00:00,4173.42000,4185.69000,4173.28000,4182.89000,6828.00000
2026-06-12 06:15:00+00:00,4183.00000,4183.35000,4179.00000,4182.14000,5218.00000
2026-06-12 06:30:00+00:00,4182.48000,4182.62000,4172.40000,4176.57000,5918.00000
2026-06-12 06:45:00+00:00,4176.56000,4184.81000,4174.60000,4184.25000,5716.00000
2026-06-12 07:00:00+00:00,4184.24000,4184.95000,4176.15000,4178.38000,6124.00000
2026-06-12 07:15:00+00:00,4178.38000,4180.15000,4173.88000,4174.23000,5843.00000
2026-06-12 07:30:00+00:00,4174.16000,4184.54000,4170.31000,4183.04000,5705.00000
2026-06-12 07:45:00+00:00,4183.01000,4194.28000,4173.89000,4194.25000,5738.00000
2026-06-12 08:00:00+00:00,4194.48000,4204.99000,4191.89000,4203.90000,8496.00000
2026-06-12 08:15:00+00:00,4203.92000,4220.57000,4199.48000,4213.37000,9762.00000
2026-06-12 08:30:00+00:00,4213.41000,4222.39000,4211.86000,4218.44000,7757.00000
2026-06-12 08:45:00+00:00,4218.82000,4226.02000,4214.77000,4219.68000,6270.00000
2026-06-12 09:00:00+00:00,4219.69000,4225.30000,4217.45000,4224.18000,5520.00000
2026-06-12 09:15:00+00:00,4224.29000,4226.81000,4219.10000,4221.00000,6380.00000
2026-06-12 09:30:00+00:00,4220.65000,4227.92000,4219.24000,4225.40000,6286.00000
2026-06-12 09:45:00+00:00,4225.50000,4228.04000,4221.44000,4221.87000,5140.00000
2026-06-12 10:00:00+00:00,4221.94000,4225.63000,4219.01000,4221.48000,5553.00000
2026-06-12 10:15:00+00:00,4221.46000,4222.29000,4202.87000,4206.95000,6872.00000
2026-06-12 10:30:00+00:00,4207.17000,4218.75000,4206.70000,4215.45000,5709.00000
2026-06-12 10:45:00+00:00,4215.33000,4218.70000,4209.32000,4210.97000,4614.00000
2026-06-12 11:00:00+00:00,4211.03000,4212.04000,4205.17000,4207.52000,5024.00000
2026-06-12 11:15:00+00:00,4207.41000,4210.37000,4202.25000,4202.61000,4523.00000
2026-06-12 11:30:00+00:00,4202.71000,4210.51000,4197.58000,4209.88000,5122.00000
2026-06-12 11:45:00+00:00,4210.01000,4215.46000,4206.64000,4206.94000,5307.00000
2026-06-12 12:00:00+00:00,4206.96000,4214.33000,4202.90000,4214.33000,6314.00000
2026-06-12 12:15:00+00:00,4214.14000,4215.32000,4200.33000,4201.06000,6786.00000
2026-06-12 12:30:00+00:00,4201.04000,4201.76000,4191.26000,4196.79000,6691.00000
2026-06-12 12:45:00+00:00,4196.74000,4200.75000,4188.55000,4191.75000,6845.00000
2026-06-12 13:00:00+00:00,4191.86000,4201.29000,4186.57000,4198.43000,8334.00000
2026-06-12 13:15:00+00:00,4198.44000,4206.79000,4197.40000,4203.00000,6740.00000
2026-06-12 13:30:00+00:00,4202.86000,4210.24000,4182.94000,4191.01000,11976.00000
2026-06-12 13:45:00+00:00,4190.81000,4193.70000,4183.52000,4186.13000,11347.00000
2026-06-12 14:00:00+00:00,4186.80000,4198.28000,4184.81000,4193.21000,11020.00000
2026-06-12 14:15:00+00:00,4193.05000,4199.42000,4182.71000,4188.55000,10022.00000
2026-06-12 14:30:00+00:00,4188.28000,4193.21000,4181.23000,4184.59000,10215.00000
2026-06-12 14:45:00+00:00,4184.46000,4208.50000,4177.01000,4204.04000,11309.00000
2026-06-12 15:00:00+00:00,4204.31000,4215.17000,4200.33000,4214.06000,10226.00000
2026-06-12 15:15:00+00:00,4214.07000,4235.61000,4212.83000,4225.88000,9810.00000
2026-06-12 15:30:00+00:00,4225.86000,4228.51000,4210.54000,4211.08000,10580.00000
2026-06-12 15:45:00+00:00,4211.07000,4218.93000,4207.14000,4212.05000,9614.00000
2026-06-12 16:00:00+00:00,4212.08000,4224.44000,4208.14000,4221.76000,9908.00000
2026-06-12 16:15:00+00:00,4221.88000,4232.75000,4215.84000,4217.02000,9518.00000
2026-06-12 16:30:00+00:00,4216.99000,4220.38000,4211.65000,4213.28000,8791.00000
2026-06-12 16:45:00+00:00,4213.27000,4218.08000,4211.31000,4215.99000,8340.00000
2026-06-12 17:00:00+00:00,4216.03000,4226.04000,4215.06000,4218.39000,8645.00000
2026-06-12 17:15:00+00:00,4218.37000,4223.69000,4213.56000,4218.82000,7159.00000
2026-06-12 17:30:00+00:00,4219.13000,4223.49000,4214.03000,4222.43000,7190.00000
2026-06-12 17:45:00+00:00,4222.40000,4225.00000,4219.73000,4221.38000,6226.00000
2026-06-12 18:00:00+00:00,4221.40000,4228.56000,4218.21000,4227.02000,6875.00000
2026-06-12 18:15:00+00:00,4227.03000,4235.38000,4224.54000,4226.38000,6759.00000
2026-06-12 18:30:00+00:00,4226.65000,4230.08000,4224.36000,4229.33000,5068.00000
2026-06-12 18:45:00+00:00,4229.31000,4229.31000,4214.79000,4215.58000,6280.00000
2026-06-12 19:00:00+00:00,4215.23000,4218.89000,4214.35000,4217.48000,4881.00000
2026-06-12 19:15:00+00:00,4217.22000,4217.22000,4207.82000,4208.62000,5726.00000
2026-06-12 19:30:00+00:00,4208.61000,4210.26000,4201.90000,4205.22000,7267.00000
2026-06-12 19:45:00+00:00,4205.12000,4211.17000,4203.69000,4210.67000,6502.00000
2026-06-12 20:00:00+00:00,4210.69000,4213.67000,4209.43000,4212.64000,3680.00000
2026-06-12 20:15:00+00:00,4212.61000,4217.09000,4212.31000,4214.53000,1603.00000
2026-06-12 20:30:00+00:00,4214.53000,4214.67000,4212.66000,4213.78000,1460.00000
2026-06-12 20:45:00+00:00,4213.88000,4219.02000,4212.59000,4218.80000,1756.00000
2026-06-14 22:00:00+00:00,4269.57000,4309.02000,4264.64000,4299.88000,7988.00000
2026-06-14 22:15:00+00:00,4299.85000,4306.50000,4283.95000,4286.92000,7409.00000
2026-06-14 22:30:00+00:00,4286.93000,4288.76000,4280.63000,4285.34000,5871.00000
2026-06-14 22:45:00+00:00,4285.35000,4291.70000,4284.89000,4285.62000,4084.00000
2026-06-14 23:00:00+00:00,4285.63000,4288.23000,4282.17000,4283.04000,4703.00000
2026-06-14 23:15:00+00:00,4283.03000,4284.63000,4281.13000,4283.38000,3586.00000
2026-06-14 23:30:00+00:00,4283.42000,4286.14000,4281.63000,4285.18000,2931.00000
2026-06-14 23:45:00+00:00,4285.19000,4295.05000,4284.27000,4294.08000,4428.00000
2026-06-15 00:00:00+00:00,4293.78000,4301.12000,4293.43000,4300.06000,5904.00000
2026-06-15 00:15:00+00:00,4300.11000,4308.13000,4299.83000,4300.96000,6272.00000
2026-06-15 00:30:00+00:00,4300.99000,4305.67000,4295.89000,4297.69000,6432.00000
2026-06-15 00:45:00+00:00,4297.83000,4300.06000,4291.75000,4292.64000,5834.00000
2026-06-15 01:00:00+00:00,4292.78000,4300.36000,4285.56000,4296.31000,10513.00000
2026-06-15 01:15:00+00:00,4296.30000,4306.55000,4289.48000,4303.59000,8288.00000
2026-06-15 01:30:00+00:00,4303.80000,4319.66000,4301.37000,4317.82000,7731.00000
2026-06-15 01:45:00+00:00,4317.86000,4319.16000,4313.25000,4316.89000,6257.00000
2026-06-15 02:00:00+00:00,4316.87000,4326.73000,4316.15000,4326.59000,6120.00000
2026-06-15 02:15:00+00:00,4326.63000,4331.05000,4324.35000,4328.17000,4503.00000
2026-06-15 02:30:00+00:00,4328.19000,4334.24000,4327.86000,4330.18000,6067.00000
2026-06-15 02:45:00+00:00,4330.17000,4335.44000,4327.86000,4329.61000,5257.00000
2026-06-15 03:00:00+00:00,4329.57000,4331.09000,4321.97000,4325.35000,5331.00000
2026-06-15 03:15:00+00:00,4325.34000,4329.05000,4321.47000,4324.17000,4761.00000
2026-06-15 03:30:00+00:00,4324.17000,4327.39000,4321.28000,4323.42000,3646.00000
2026-06-15 03:45:00+00:00,4323.16000,4327.39000,4323.16000,4325.08000,2467.00000
2026-06-15 04:00:00+00:00,4325.09000,4327.66000,4322.86000,4326.40000,2835.00000
2026-06-15 04:15:00+00:00,4326.45000,4327.69000,4320.93000,4327.06000,3293.00000
2026-06-15 04:30:00+00:00,4327.05000,4330.18000,4325.31000,4327.91000,2367.00000
2026-06-15 04:45:00+00:00,4327.92000,4329.29000,4326.48000,4328.36000,2127.00000
2026-06-15 05:00:00+00:00,4328.31000,4330.87000,4324.03000,4328.85000,3643.00000
2026-06-15 05:15:00+00:00,4328.88000,4333.01000,4325.99000,4330.30000,3873.00000
2026-06-15 05:30:00+00:00,4330.33000,4332.68000,4312.72000,4312.75000,6183.00000
2026-06-15 05:45:00+00:00,4312.81000,4316.22000,4307.48000,4310.13000,5633.00000
2026-06-15 06:00:00+00:00,4310.21000,4313.44000,4303.00000,4308.93000,7012.00000
2026-06-15 06:15:00+00:00,4308.94000,4309.57000,4303.16000,4305.19000,5859.00000
2026-06-15 06:30:00+00:00,4304.50000,4307.14000,4300.98000,4306.54000,6306.00000
2026-06-15 06:45:00+00:00,4306.55000,4309.85000,4304.26000,4308.21000,4161.00000
2026-06-15 07:00:00+00:00,4308.37000,4314.42000,4305.16000,4313.72000,4919.00000
2026-06-15 07:15:00+00:00,4313.80000,4318.85000,4313.29000,4316.68000,4645.00000
2026-06-15 07:30:00+00:00,4316.82000,4317.50000,4312.03000,4316.66000,5166.00000
2026-06-15 07:45:00+00:00,4316.65000,4325.30000,4312.67000,4323.19000,5127.00000
2026-06-15 08:00:00+00:00,4323.15000,4329.71000,4321.72000,4328.98000,5818.00000
2026-06-15 08:15:00+00:00,4328.96000,4332.58000,4327.44000,4328.67000,5391.00000
2026-06-15 08:30:00+00:00,4328.67000,4345.47000,4328.00000,4341.06000,6300.00000
2026-06-15 08:45:00+00:00,4341.13000,4343.04000,4334.22000,4334.29000,4715.00000
2026-06-15 09:00:00+00:00,4334.30000,4343.20000,4334.30000,4340.18000,5293.00000
2026-06-15 09:15:00+00:00,4340.19000,4343.38000,4336.55000,4339.02000,5401.00000
2026-06-15 09:30:00+00:00,4339.00000,4340.93000,4334.94000,4335.71000,4684.00000
2026-06-15 09:45:00+00:00,4335.64000,4340.85000,4335.17000,4336.69000,4227.00000
2026-06-15 10:00:00+00:00,4336.76000,4340.40000,4335.90000,4337.92000,4107.00000
2026-06-15 10:15:00+00:00,4337.92000,4339.52000,4336.19000,4338.60000,3729.00000
2026-06-15 10:30:00+00:00,4338.61000,4340.38000,4335.35000,4337.85000,3723.00000
2026-06-15 10:45:00+00:00,4337.86000,4341.51000,4336.52000,4338.16000,4090.00000
2026-06-15 11:00:00+00:00,4338.18000,4340.00000,4336.29000,4338.03000,4363.00000
2026-06-15 11:15:00+00:00,4337.98000,4341.47000,4336.15000,4341.04000,4071.00000
2026-06-15 11:30:00+00:00,4341.42000,4347.57000,4338.23000,4338.53000,5358.00000
2026-06-15 11:45:00+00:00,4338.38000,4338.64000,4331.76000,4335.31000,5685.00000
2026-06-15 12:00:00+00:00,4335.32000,4338.69000,4330.58000,4331.18000,5662.00000
2026-06-15 12:15:00+00:00,4331.11000,4338.22000,4324.58000,4337.41000,7013.00000
2026-06-15 12:30:00+00:00,4337.54000,4346.70000,4335.11000,4345.25000,6389.00000
2026-06-15 12:45:00+00:00,4345.26000,4349.42000,4343.45000,4349.10000,5836.00000
2026-06-15 13:00:00+00:00,4349.11000,4350.41000,4341.34000,4349.50000,7190.00000
2026-06-15 13:15:00+00:00,4349.68000,4355.91000,4349.36000,4353.35000,6936.00000
2026-06-15 13:30:00+00:00,4353.41000,4368.75000,4352.19000,4363.27000,10903.00000
2026-06-15 13:45:00+00:00,4363.30000,4364.81000,4354.48000,4355.38000,9180.00000
2026-06-15 14:00:00+00:00,4354.97000,4369.27000,4354.11000,4357.47000,10117.00000
2026-06-15 14:15:00+00:00,4357.52000,4364.27000,4354.17000,4363.78000,8944.00000
2026-06-15 14:30:00+00:00,4363.89000,4365.16000,4354.05000,4357.11000,8417.00000
2026-06-15 14:45:00+00:00,4357.12000,4363.73000,4355.66000,4356.87000,7774.00000
2026-06-15 15:00:00+00:00,4356.68000,4359.32000,4349.56000,4351.22000,7803.00000
2026-06-15 15:15:00+00:00,4351.21000,4358.30000,4350.23000,4354.16000,6922.00000
2026-06-15 15:30:00+00:00,4354.13000,4359.81000,4349.79000,4357.65000,7362.00000
2026-06-15 15:45:00+00:00,4357.66000,4360.85000,4355.00000,4356.33000,6332.00000
2026-06-15 16:00:00+00:00,4356.27000,4358.80000,4349.22000,4351.72000,5859.00000
2026-06-15 16:15:00+00:00,4351.77000,4352.58000,4339.37000,4343.03000,6731.00000
2026-06-15 16:30:00+00:00,4342.94000,4343.08000,4336.16000,4336.31000,5780.00000
2026-06-15 16:45:00+00:00,4336.23000,4339.87000,4334.61000,4339.27000,5689.00000
2026-06-15 17:00:00+00:00,4339.29000,4339.29000,4330.87000,4334.01000,7056.00000
2026-06-15 17:15:00+00:00,4334.06000,4334.91000,4328.98000,4329.92000,6209.00000
2026-06-15 17:30:00+00:00,4329.91000,4329.96000,4321.20000,4322.14000,6629.00000
2026-06-15 17:45:00+00:00,4322.14000,4325.37000,4320.64000,4324.86000,5640.00000
2026-06-15 18:00:00+00:00,4324.82000,4325.07000,4318.01000,4324.25000,6456.00000
2026-06-15 18:15:00+00:00,4324.32000,4328.08000,4322.85000,4324.83000,5033.00000
2026-06-15 18:30:00+00:00,4324.82000,4326.32000,4321.90000,4324.97000,4972.00000
2026-06-15 18:45:00+00:00,4324.97000,4327.24000,4324.10000,4325.72000,4177.00000
2026-06-15 19:00:00+00:00,4325.68000,4326.75000,4320.95000,4322.58000,4805.00000
2026-06-15 19:15:00+00:00,4322.60000,4324.64000,4320.91000,4321.47000,4149.00000
2026-06-15 19:30:00+00:00,4321.46000,4323.79000,4318.28000,4319.19000,5071.00000
2026-06-15 19:45:00+00:00,4319.20000,4320.96000,4316.66000,4320.82000,5607.00000
2026-06-15 20:00:00+00:00,4320.72000,4322.16000,4315.76000,4315.98000,2798.00000
2026-06-15 20:15:00+00:00,4315.98000,4318.18000,4310.66000,4312.80000,2549.00000
2026-06-15 20:30:00+00:00,4312.83000,4313.15000,4308.29000,4309.72000,1954.00000
2026-06-15 20:45:00+00:00,4309.77000,4310.54000,4306.31000,4309.13000,1625.00000
2026-06-15 22:00:00+00:00,4316.57000,4316.57000,4308.15000,4309.97000,2797.00000
2026-06-15 22:15:00+00:00,4309.98000,4313.28000,4305.95000,4308.49000,3119.00000
2026-06-15 22:30:00+00:00,4308.48000,4314.38000,4306.81000,4312.41000,2815.00000
2026-06-15 22:45:00+00:00,4312.39000,4314.37000,4310.66000,4312.05000,2407.00000
2026-06-15 23:00:00+00:00,4312.05000,4316.52000,4312.04000,4313.51000,3182.00000
2026-06-15 23:15:00+00:00,4313.46000,4315.69000,4311.52000,4315.63000,2708.00000
2026-06-15 23:30:00+00:00,4315.28000,4319.27000,4313.54000,4318.43000,3061.00000
2026-06-15 23:45:00+00:00,4318.44000,4319.14000,4313.25000,4315.63000,3383.00000
2026-06-16 00:00:00+00:00,4315.41000,4318.35000,4313.32000,4313.54000,4362.00000
2026-06-16 00:15:00+00:00,4313.55000,4315.81000,4306.98000,4308.32000,4772.00000
2026-06-16 00:30:00+00:00,4308.43000,4313.68000,4307.97000,4311.06000,5296.00000
2026-06-16 00:45:00+00:00,4311.07000,4320.81000,4310.70000,4319.33000,5197.00000
2026-06-16 01:00:00+00:00,4319.36000,4325.89000,4315.64000,4319.86000,8668.00000
2026-06-16 01:15:00+00:00,4319.77000,4324.00000,4316.44000,4319.43000,7093.00000
2026-06-16 01:30:00+00:00,4319.45000,4320.40000,4313.36000,4315.00000,7158.00000
2026-06-16 01:45:00+00:00,4315.00000,4319.42000,4312.21000,4313.59000,5638.00000
2026-06-16 02:00:00+00:00,4313.60000,4314.06000,4307.64000,4309.58000,5972.00000
2026-06-16 02:15:00+00:00,4309.57000,4312.85000,4308.35000,4312.73000,3148.00000
2026-06-16 02:30:00+00:00,4312.96000,4318.35000,4309.69000,4312.09000,5198.00000
2026-06-16 02:45:00+00:00,4312.28000,4320.69000,4311.25000,4318.80000,4821.00000
2026-06-16 03:00:00+00:00,4318.63000,4320.99000,4317.27000,4318.70000,4584.00000
2026-06-16 03:15:00+00:00,4318.66000,4322.47000,4316.14000,4321.28000,4594.00000
2026-06-16 03:30:00+00:00,4321.29000,4332.90000,4320.00000,4331.92000,4830.00000
2026-06-16 03:45:00+00:00,4331.85000,4333.16000,4329.06000,4330.55000,3937.00000
2026-06-16 04:00:00+00:00,4330.49000,4332.21000,4325.74000,4327.09000,3816.00000
2026-06-16 04:15:00+00:00,4327.08000,4327.78000,4322.26000,4322.98000,3378.00000
2026-06-16 04:30:00+00:00,4322.99000,4325.35000,4321.88000,4323.21000,4098.00000
2026-06-16 04:45:00+00:00,4323.20000,4323.90000,4321.26000,4322.58000,3595.00000
2026-06-16 05:00:00+00:00,4322.70000,4329.16000,4322.27000,4326.39000,3915.00000
2026-06-16 05:15:00+00:00,4326.39000,4327.94000,4324.62000,4327.33000,3382.00000
2026-06-16 05:30:00+00:00,4327.22000,4330.86000,4316.07000,4317.72000,7155.00000
2026-06-16 05:45:00+00:00,4317.73000,4321.15000,4314.31000,4315.98000,5789.00000
2026-06-16 06:00:00+00:00,4315.93000,4319.70000,4313.56000,4318.68000,5435.00000
2026-06-16 06:15:00+00:00,4318.67000,4318.74000,4314.41000,4316.67000,4731.00000
2026-06-16 06:30:00+00:00,4316.50000,4320.25000,4314.18000,4316.38000,5266.00000
2026-06-16 06:45:00+00:00,4316.37000,4324.37000,4316.18000,4323.97000,5179.00000
2026-06-16 07:00:00+00:00,4323.95000,4328.54000,4322.67000,4326.15000,4809.00000
2026-06-16 07:15:00+00:00,4326.14000,4329.56000,4324.31000,4328.85000,4341.00000
2026-06-16 07:30:00+00:00,4328.84000,4332.63000,4326.13000,4327.73000,5461.00000
2026-06-16 07:45:00+00:00,4327.78000,4335.68000,4326.69000,4335.23000,5172.00000
2026-06-16 08:00:00+00:00,4335.15000,4340.14000,4332.86000,4338.01000,5327.00000
2026-06-16 08:15:00+00:00,4338.04000,4343.63000,4337.78000,4341.33000,5227.00000
2026-06-16 08:30:00+00:00,4341.28000,4345.16000,4339.31000,4343.56000,4867.00000
2026-06-16 08:45:00+00:00,4343.49000,4347.28000,4340.94000,4347.01000,4541.00000
2026-06-16 09:00:00+00:00,4347.03000,4348.35000,4344.08000,4346.25000,4752.00000
2026-06-16 09:15:00+00:00,4346.29000,4346.42000,4338.47000,4339.92000,4215.00000
2026-06-16 09:30:00+00:00,4339.90000,4346.32000,4339.44000,4342.11000,4411.00000
2026-06-16 09:45:00+00:00,4342.20000,4348.31000,4340.40000,4345.30000,3872.00000
2026-06-16 10:00:00+00:00,4345.38000,4346.57000,4343.21000,4346.03000,3547.00000
2026-06-16 10:15:00+00:00,4346.02000,4346.68000,4343.75000,4344.36000,3242.00000
2026-06-16 10:30:00+00:00,4344.38000,4346.78000,4342.21000,4346.76000,3448.00000
2026-06-16 10:45:00+00:00,4346.75000,4348.92000,4346.59000,4348.91000,3592.00000
2026-06-16 11:00:00+00:00,4348.72000,4349.47000,4339.58000,4341.67000,4873.00000
2026-06-16 11:15:00+00:00,4341.47000,4343.49000,4338.64000,4342.08000,3971.00000
2026-06-16 11:30:00+00:00,4342.06000,4342.27000,4335.11000,4338.98000,5293.00000
2026-06-16 11:45:00+00:00,4338.89000,4341.59000,4336.91000,4341.01000,4377.00000
2026-06-16 12:00:00+00:00,4340.93000,4345.59000,4338.24000,4344.66000,5313.00000
2026-06-16 12:15:00+00:00,4344.66000,4345.11000,4337.40000,4343.75000,5616.00000
2026-06-16 12:30:00+00:00,4343.77000,4349.67000,4341.67000,4349.41000,6304.00000
2026-06-16 12:45:00+00:00,4349.46000,4354.93000,4348.57000,4354.74000,5935.00000
2026-06-16 13:00:00+00:00,4354.50000,4354.84000,4342.22000,4343.76000,8018.00000
2026-06-16 13:15:00+00:00,4344.10000,4345.06000,4333.22000,4335.14000,7907.00000
2026-06-16 13:30:00+00:00,4335.20000,4340.64000,4333.71000,4338.97000,9532.00000
2026-06-16 13:45:00+00:00,4338.95000,4340.54000,4331.74000,4331.86000,8554.00000
2026-06-16 14:00:00+00:00,4331.83000,4338.78000,4331.60000,4335.56000,8035.00000
2026-06-16 14:15:00+00:00,4335.41000,4335.41000,4317.62000,4319.64000,9766.00000
2026-06-16 14:30:00+00:00,4319.65000,4328.40000,4313.32000,4324.51000,9721.00000
2026-06-16 14:45:00+00:00,4324.42000,4327.36000,4321.60000,4324.03000,8477.00000
2026-06-16 15:00:00+00:00,4324.53000,4327.16000,4322.41000,4324.63000,7758.00000
2026-06-16 15:15:00+00:00,4324.65000,4328.63000,4321.17000,4325.88000,7070.00000
2026-06-16 15:30:00+00:00,4325.98000,4328.74000,4323.02000,4326.68000,7348.00000
2026-06-16 15:45:00+00:00,4326.62000,4343.45000,4322.15000,4335.33000,8960.00000
2026-06-16 16:00:00+00:00,4335.26000,4346.96000,4334.93000,4345.96000,7962.00000
2026-06-16 16:15:00+00:00,4346.07000,4346.81000,4341.75000,4344.65000,6367.00000
2026-06-16 16:30:00+00:00,4344.63000,4345.25000,4340.18000,4344.14000,6067.00000
2026-06-16 16:45:00+00:00,4344.00000,4346.50000,4340.39000,4340.67000,5747.00000
2026-06-16 17:00:00+00:00,4340.55000,4341.23000,4334.29000,4335.69000,5811.00000
2026-06-16 17:15:00+00:00,4335.66000,4336.04000,4325.40000,4334.77000,7278.00000
2026-06-16 17:30:00+00:00,4334.75000,4340.15000,4334.26000,4338.53000,6180.00000
2026-06-16 17:45:00+00:00,4338.48000,4340.53000,4336.06000,4340.38000,4863.00000
2026-06-16 18:00:00+00:00,4340.40000,4342.76000,4339.20000,4341.84000,5217.00000
2026-06-16 18:15:00+00:00,4341.85000,4342.39000,4339.07000,4341.40000,4771.00000
2026-06-16 18:30:00+00:00,4341.38000,4342.81000,4338.38000,4338.88000,4502.00000
2026-06-16 18:45:00+00:00,4338.94000,4340.09000,4336.26000,4338.56000,3891.00000
2026-06-16 19:00:00+00:00,4338.59000,4342.92000,4337.87000,4339.24000,5085.00000
2026-06-16 19:15:00+00:00,4339.26000,4341.16000,4336.45000,4339.58000,4918.00000
2026-06-16 19:30:00+00:00,4339.59000,4340.05000,4336.99000,4338.65000,4781.00000
2026-06-16 19:45:00+00:00,4338.66000,4339.73000,4330.66000,4334.08000,5941.00000
2026-06-16 20:00:00+00:00,4333.64000,4334.12000,4331.16000,4331.18000,3215.00000
2026-06-16 20:15:00+00:00,4331.19000,4334.14000,4330.93000,4332.90000,1745.00000
2026-06-16 20:30:00+00:00,4332.89000,4334.89000,4331.57000,4333.53000,1821.00000
2026-06-16 20:45:00+00:00,4333.38000,4333.41000,4329.62000,4331.24000,1491.00000
2026-06-16 22:00:00+00:00,4332.84000,4335.95000,4330.70000,4332.40000,1783.00000
2026-06-16 22:15:00+00:00,4332.35000,4333.09000,4329.05000,4330.17000,2222.00000
2026-06-16 22:30:00+00:00,4330.24000,4333.22000,4330.21000,4332.71000,2031.00000
2026-06-16 22:45:00+00:00,4332.74000,4336.02000,4332.31000,4335.46000,1794.00000
2026-06-16 23:00:00+00:00,4335.40000,4338.35000,4333.73000,4336.64000,1948.00000
2026-06-16 23:15:00+00:00,4336.62000,4337.01000,4335.71000,4336.16000,1206.00000
2026-06-16 23:30:00+00:00,4336.14000,4336.54000,4333.10000,4334.64000,1956.00000
2026-06-16 23:45:00+00:00,4334.65000,4335.08000,4329.70000,4330.98000,2830.00000
2026-06-17 00:00:00+00:00,4331.32000,4340.08000,4328.47000,4337.77000,5534.00000
2026-06-17 00:15:00+00:00,4337.84000,4341.54000,4336.70000,4337.38000,4432.00000
2026-06-17 00:30:00+00:00,4337.40000,4338.93000,4334.83000,4335.36000,3360.00000
2026-06-17 00:45:00+00:00,4335.36000,4337.88000,4332.27000,4337.17000,4253.00000
2026-06-17 01:00:00+00:00,4336.87000,4349.68000,4334.42000,4347.71000,7764.00000
2026-06-17 01:15:00+00:00,4347.84000,4347.91000,4339.26000,4343.45000,5801.00000
2026-06-17 01:30:00+00:00,4343.34000,4344.15000,4337.98000,4339.61000,5448.00000
2026-06-17 01:45:00+00:00,4339.59000,4343.67000,4336.99000,4340.99000,5096.00000
2026-06-17 02:00:00+00:00,4340.98000,4344.26000,4339.93000,4342.22000,4914.00000
2026-06-17 02:15:00+00:00,4342.22000,4344.48000,4339.71000,4340.64000,3430.00000
2026-06-17 02:30:00+00:00,4340.63000,4343.80000,4337.74000,4338.84000,5363.00000
2026-06-17 02:45:00+00:00,4338.72000,4338.92000,4329.83000,4331.54000,5682.00000
2026-06-17 03:00:00+00:00,4331.45000,4334.13000,4329.43000,4330.56000,4487.00000
2026-06-17 03:15:00+00:00,4330.54000,4332.36000,4328.68000,4331.69000,4581.00000
2026-06-17 03:30:00+00:00,4331.68000,4333.52000,4330.43000,4333.28000,3203.00000
2026-06-17 03:45:00+00:00,4333.26000,4333.79000,4330.66000,4332.32000,2847.00000
2026-06-17 04:00:00+00:00,4332.27000,4332.37000,4328.47000,4330.84000,2777.00000
2026-06-17 04:15:00+00:00,4330.79000,4334.15000,4324.21000,4324.62000,3227.00000
2026-06-17 04:30:00+00:00,4324.59000,4325.67000,4317.64000,4323.15000,3723.00000
2026-06-17 04:45:00+00:00,4323.14000,4326.77000,4322.40000,4326.77000,2850.00000
2026-06-17 05:00:00+00:00,4326.82000,4327.87000,4321.41000,4322.58000,3376.00000
2026-06-17 05:15:00+00:00,4322.58000,4327.75000,4321.25000,4327.33000,3930.00000
2026-06-17 05:30:00+00:00,4327.38000,4333.20000,4326.97000,4329.80000,5652.00000
2026-06-17 05:45:00+00:00,4329.79000,4334.13000,4324.46000,4326.52000,5328.00000
2026-06-17 06:00:00+00:00,4326.71000,4330.07000,4324.49000,4329.52000,5306.00000
2026-06-17 06:15:00+00:00,4328.96000,4329.44000,4320.58000,4324.44000,5302.00000
2026-06-17 06:30:00+00:00,4324.40000,4329.15000,4322.58000,4327.75000,5306.00000
2026-06-17 06:45:00+00:00,4327.73000,4331.82000,4326.75000,4331.76000,4029.00000
2026-06-17 07:00:00+00:00,4331.64000,4332.93000,4327.06000,4327.31000,5350.00000
2026-06-17 07:15:00+00:00,4327.30000,4332.79000,4326.72000,4329.12000,4747.00000
2026-06-17 07:30:00+00:00,4329.05000,4331.78000,4325.48000,4328.96000,4370.00000
2026-06-17 07:45:00+00:00,4329.00000,4329.51000,4324.71000,4325.23000,3958.00000
2026-06-17 08:00:00+00:00,4325.10000,4327.87000,4322.18000,4322.91000,5616.00000
2026-06-17 08:15:00+00:00,4322.90000,4324.91000,4319.39000,4323.68000,5727.00000
2026-06-17 08:30:00+00:00,4323.65000,4324.40000,4319.30000,4320.10000,4939.00000
2026-06-17 08:45:00+00:00,4320.09000,4325.55000,4316.96000,4324.84000,4621.00000
2026-06-17 09:00:00+00:00,4324.79000,4325.86000,4321.39000,4325.32000,4325.00000
2026-06-17 09:15:00+00:00,4325.35000,4333.24000,4325.31000,4331.98000,4978.00000
2026-06-17 09:30:00+00:00,4332.11000,4335.58000,4328.28000,4328.60000,4420.00000
2026-06-17 09:45:00+00:00,4328.59000,4329.77000,4325.73000,4329.61000,3561.00000
2026-06-17 10:00:00+00:00,4329.63000,4331.09000,4327.73000,4330.90000,4197.00000
2026-06-17 10:15:00+00:00,4330.92000,4331.02000,4326.80000,4329.11000,3847.00000
2026-06-17 10:30:00+00:00,4329.12000,4331.30000,4327.19000,4331.01000,3738.00000
2026-06-17 10:45:00+00:00,4330.99000,4335.21000,4330.87000,4331.53000,4521.00000
2026-06-17 11:00:00+00:00,4331.53000,4331.99000,4327.89000,4329.16000,5678.00000
2026-06-17 11:15:00+00:00,4329.17000,4331.81000,4328.31000,4328.88000,4295.00000
2026-06-17 11:30:00+00:00,4329.00000,4329.01000,4324.40000,4326.01000,4920.00000
2026-06-17 11:45:00+00:00,4325.98000,4327.25000,4320.95000,4323.21000,4952.00000
2026-06-17 12:00:00+00:00,4323.43000,4324.87000,4319.91000,4323.58000,5612.00000
2026-06-17 12:15:00+00:00,4323.56000,4327.80000,4321.85000,4324.58000,4526.00000
2026-06-17 12:30:00+00:00,4324.85000,4332.25000,4323.40000,4331.76000,5112.00000
2026-06-17 12:45:00+00:00,4331.95000,4335.33000,4330.95000,4333.72000,4729.00000
2026-06-17 13:00:00+00:00,4333.71000,4334.38000,4324.09000,4331.95000,7154.00000
2026-06-17 13:15:00+00:00,4331.97000,4338.35000,4331.05000,4335.51000,6072.00000
2026-06-17 13:30:00+00:00,4335.54000,4341.99000,4332.63000,4341.85000,9172.00000
2026-06-17 13:45:00+00:00,4341.84000,4345.28000,4339.43000,4339.95000,8355.00000
2026-06-17 14:00:00+00:00,4339.83000,4346.02000,4335.78000,4342.44000,8906.00000
2026-06-17 14:15:00+00:00,4342.44000,4362.25000,4341.16000,4360.42000,8933.00000
2026-06-17 14:30:00+00:00,4360.18000,4363.97000,4347.48000,4352.07000,9119.00000
2026-06-17 14:45:00+00:00,4352.08000,4355.35000,4331.06000,4344.55000,9642.00000
2026-06-17 15:00:00+00:00,4344.52000,4348.46000,4343.98000,4348.19000,8366.00000
2026-06-17 15:15:00+00:00,4348.00000,4360.08000,4347.07000,4355.57000,8366.00000
2026-06-17 15:30:00+00:00,4355.41000,4361.22000,4354.72000,4358.33000,6359.00000
2026-06-17 15:45:00+00:00,4358.32000,4364.74000,4357.51000,4363.58000,5743.00000
2026-06-17 16:00:00+00:00,4363.61000,4365.75000,4360.71000,4362.29000,5532.00000
2026-06-17 16:15:00+00:00,4362.35000,4366.53000,4360.75000,4365.36000,4736.00000
2026-06-17 16:30:00+00:00,4365.30000,4365.30000,4355.22000,4357.71000,5136.00000
2026-06-17 16:45:00+00:00,4357.75000,4359.75000,4356.24000,4359.59000,4085.00000
2026-06-17 17:00:00+00:00,4359.58000,4361.20000,4355.46000,4359.08000,5596.00000
2026-06-17 17:15:00+00:00,4359.06000,4364.08000,4358.03000,4361.40000,5945.00000
2026-06-17 17:30:00+00:00,4361.59000,4382.18000,4360.89000,4376.54000,7710.00000
2026-06-17 17:45:00+00:00,4376.71000,4382.56000,4374.25000,4378.16000,6239.00000
2026-06-17 18:00:00+00:00,4377.13000,4379.58000,4277.36000,4284.21000,13347.00000
2026-06-17 18:15:00+00:00,4284.28000,4308.43000,4283.22000,4292.61000,12385.00000
2026-06-17 18:30:00+00:00,4292.69000,4327.09000,4270.30000,4323.73000,13380.00000
2026-06-17 18:45:00+00:00,4324.20000,4332.13000,4278.74000,4286.06000,12636.00000
2026-06-17 19:00:00+00:00,4286.08000,4295.09000,4260.76000,4264.73000,13255.00000
2026-06-17 19:15:00+00:00,4264.71000,4265.35000,4226.68000,4227.10000,12441.00000
2026-06-17 19:30:00+00:00,4226.91000,4235.61000,4219.01000,4230.60000,12964.00000
2026-06-17 19:45:00+00:00,4230.67000,4246.83000,4229.82000,4235.78000,12009.00000
2026-06-17 20:00:00+00:00,4235.21000,4260.15000,4235.17000,4257.71000,9176.00000
2026-06-17 20:15:00+00:00,4257.70000,4269.75000,4254.15000,4258.22000,7540.00000
2026-06-17 20:30:00+00:00,4258.25000,4265.47000,4258.25000,4260.03000,5441.00000
2026-06-17 20:45:00+00:00,4260.22000,4262.35000,4256.14000,4257.78000,3050.00000
2026-06-17 22:00:00+00:00,4250.65000,4268.19000,4250.65000,4265.81000,4699.00000
2026-06-17 22:15:00+00:00,4266.12000,4271.46000,4264.81000,4267.10000,4100.00000
2026-06-17 22:30:00+00:00,4267.08000,4268.75000,4263.64000,4264.03000,3363.00000
2026-06-17 22:45:00+00:00,4264.05000,4270.85000,4260.65000,4266.88000,3507.00000
2026-06-17 23:00:00+00:00,4266.76000,4282.43000,4264.30000,4281.94000,4008.00000
2026-06-17 23:15:00+00:00,4281.96000,4283.87000,4275.65000,4280.12000,4498.00000
2026-06-17 23:30:00+00:00,4280.14000,4282.80000,4268.07000,4276.17000,4775.00000
2026-06-17 23:45:00+00:00,4276.17000,4279.56000,4272.43000,4278.05000,4715.00000
2026-06-18 00:00:00+00:00,4278.16000,4299.22000,4276.56000,4297.47000,8434.00000
2026-06-18 00:15:00+00:00,4297.55000,4301.22000,4294.73000,4300.67000,6980.00000
2026-06-18 00:30:00+00:00,4300.53000,4311.63000,4299.87000,4310.99000,6760.00000
2026-06-18 00:45:00+00:00,4310.89000,4315.29000,4308.33000,4308.49000,6794.00000
2026-06-18 01:00:00+00:00,4308.52000,4328.63000,4307.08000,4323.17000,9446.00000
2026-06-18 01:15:00+00:00,4323.13000,4323.66000,4315.37000,4319.24000,7269.00000
2026-06-18 01:30:00+00:00,4319.25000,4325.17000,4317.02000,4322.64000,7563.00000
2026-06-18 01:45:00+00:00,4322.57000,4326.00000,4317.27000,4317.91000,6664.00000
2026-06-18 02:00:00+00:00,4318.06000,4329.84000,4316.45000,4327.10000,6317.00000
2026-06-18 02:15:00+00:00,4327.10000,4329.66000,4323.53000,4324.51000,4601.00000
2026-06-18 02:30:00+00:00,4324.47000,4325.43000,4316.31000,4316.60000,6896.00000
2026-06-18 02:45:00+00:00,4316.61000,4318.90000,4310.59000,4311.02000,6495.00000
2026-06-18 03:00:00+00:00,4311.03000,4316.42000,4309.23000,4311.77000,5718.00000
2026-06-18 03:15:00+00:00,4311.78000,4316.87000,4310.88000,4314.71000,5558.00000
2026-06-18 03:30:00+00:00,4314.72000,4322.73000,4313.82000,4319.03000,4639.00000
2026-06-18 03:45:00+00:00,4319.04000,4320.83000,4316.88000,4319.83000,3362.00000
2026-06-18 04:00:00+00:00,4319.79000,4324.01000,4314.78000,4317.48000,3810.00000
2026-06-18 04:15:00+00:00,4317.49000,4319.11000,4311.76000,4313.77000,3783.00000
2026-06-18 04:30:00+00:00,4313.78000,4318.35000,4310.04000,4310.08000,4407.00000
2026-06-18 04:45:00+00:00,4310.10000,4317.27000,4309.89000,4315.81000,4452.00000
2026-06-18 05:00:00+00:00,4315.88000,4318.36000,4312.27000,4316.07000,4775.00000
2026-06-18 05:15:00+00:00,4316.08000,4323.31000,4315.74000,4323.24000,4650.00000
2026-06-18 05:30:00+00:00,4322.48000,4324.66000,4309.69000,4310.57000,7071.00000
2026-06-18 05:45:00+00:00,4310.62000,4311.68000,4301.40000,4308.15000,7924.00000
2026-06-18 06:00:00+00:00,4308.16000,4309.92000,4296.29000,4299.02000,8319.00000
2026-06-18 06:15:00+00:00,4298.99000,4305.41000,4296.43000,4305.07000,7155.00000
2026-06-18 06:30:00+00:00,4304.97000,4305.43000,4299.18000,4301.56000,6229.00000
2026-06-18 06:45:00+00:00,4301.31000,4307.42000,4301.27000,4306.55000,6183.00000
2026-06-18 07:00:00+00:00,4306.85000,4309.19000,4300.37000,4307.21000,6355.00000
2026-06-18 07:15:00+00:00,4307.18000,4309.48000,4304.03000,4307.79000,5133.00000
2026-06-18 07:30:00+00:00,4307.72000,4307.72000,4293.32000,4297.74000,6013.00000
2026-06-18 07:45:00+00:00,4297.84000,4298.79000,4287.53000,4288.73000,5801.00000
2026-06-18 08:00:00+00:00,4288.72000,4292.83000,4284.14000,4287.06000,6641.00000
2026-06-18 08:15:00+00:00,4287.04000,4290.02000,4284.02000,4284.93000,5094.00000
2026-06-18 08:30:00+00:00,4284.91000,4289.65000,4281.18000,4281.55000,5721.00000
2026-06-18 08:45:00+00:00,4281.75000,4281.75000,4265.40000,4266.72000,6939.00000
2026-06-18 09:00:00+00:00,4266.73000,4269.32000,4259.70000,4267.78000,7029.00000
2026-06-18 09:15:00+00:00,4267.64000,4273.19000,4265.30000,4266.33000,5838.00000
2026-06-18 09:30:00+00:00,4266.29000,4269.05000,4263.52000,4268.59000,5896.00000
2026-06-18 09:45:00+00:00,4268.58000,4273.36000,4267.35000,4268.64000,5176.00000
2026-06-18 10:00:00+00:00,4268.44000,4269.98000,4261.84000,4268.07000,6358.00000
2026-06-18 10:15:00+00:00,4268.16000,4272.77000,4263.62000,4269.45000,5553.00000
2026-06-18 10:30:00+00:00,4269.54000,4270.90000,4263.61000,4264.27000,5080.00000
2026-06-18 10:45:00+00:00,4264.26000,4266.52000,4254.94000,4255.54000,5751.00000
2026-06-18 11:00:00+00:00,4255.61000,4255.73000,4240.75000,4247.46000,8196.00000
2026-06-18 11:15:00+00:00,4247.36000,4249.64000,4243.73000,4249.19000,6519.00000
2026-06-18 11:30:00+00:00,4249.08000,4250.24000,4242.00000,4243.51000,7037.00000
2026-06-18 11:45:00+00:00,4243.54000,4245.96000,4239.94000,4242.10000,6655.00000
2026-06-18 12:00:00+00:00,4242.13000,4258.08000,4240.57000,4256.39000,8074.00000
2026-06-18 12:15:00+00:00,4256.38000,4269.24000,4254.22000,4255.30000,8145.00000
2026-06-18 12:30:00+00:00,4255.07000,4258.48000,4241.28000,4243.18000,8824.00000
2026-06-18 12:45:00+00:00,4243.17000,4248.10000,4241.18000,4246.67000,7756.00000
2026-06-18 13:00:00+00:00,4246.66000,4259.39000,4245.07000,4259.31000,8043.00000
2026-06-18 13:15:00+00:00,4259.34000,4263.38000,4252.82000,4263.20000,7574.00000
2026-06-18 13:30:00+00:00,4263.04000,4276.68000,4263.04000,4264.40000,11199.00000
2026-06-18 13:45:00+00:00,4264.50000,4265.41000,4250.67000,4256.65000,10574.00000
2026-06-18 14:00:00+00:00,4256.69000,4257.82000,4238.63000,4241.76000,10533.00000
2026-06-18 14:15:00+00:00,4241.48000,4255.92000,4237.02000,4244.47000,9760.00000
2026-06-18 14:30:00+00:00,4244.39000,4252.31000,4241.27000,4244.65000,9911.00000
2026-06-18 14:45:00+00:00,4244.52000,4254.57000,4240.41000,4252.42000,8754.00000
2026-06-18 15:00:00+00:00,4252.74000,4254.70000,4246.46000,4246.74000,9071.00000
2026-06-18 15:15:00+00:00,4246.73000,4249.38000,4234.45000,4235.77000,9232.00000
2026-06-18 15:30:00+00:00,4235.71000,4236.64000,4224.05000,4231.79000,10126.00000
2026-06-18 15:45:00+00:00,4231.57000,4231.79000,4223.15000,4226.61000,8313.00000
2026-06-18 16:00:00+00:00,4226.67000,4233.28000,4225.89000,4227.46000,8274.00000
2026-06-18 16:15:00+00:00,4227.69000,4228.61000,4221.95000,4225.01000,7694.00000
2026-06-18 16:30:00+00:00,4225.17000,4229.38000,4215.06000,4221.94000,8585.00000
2026-06-18 16:45:00+00:00,4221.93000,4222.22000,4213.87000,4219.46000,7305.00000
2026-06-18 17:00:00+00:00,4219.65000,4228.61000,4218.62000,4227.99000,6948.00000
2026-06-18 17:15:00+00:00,4227.96000,4231.60000,4225.77000,4226.17000,7720.00000
2026-06-18 17:30:00+00:00,4226.19000,4230.29000,4222.47000,4229.87000,6703.00000
2026-06-18 17:45:00+00:00,4229.88000,4233.11000,4227.38000,4230.35000,5365.00000
2026-06-18 18:00:00+00:00,4230.44000,4233.21000,4227.48000,4228.45000,6141.00000
2026-06-18 18:15:00+00:00,4228.44000,4229.87000,4225.60000,4226.40000,5670.00000
2026-06-18 18:30:00+00:00,4226.38000,4226.38000,4220.56000,4224.85000,5843.00000
2026-06-18 18:45:00+00:00,4224.86000,4225.29000,4218.27000,4218.41000,5572.00000
2026-06-18 19:00:00+00:00,4218.48000,4218.99000,4204.04000,4207.53000,7177.00000
2026-06-18 19:15:00+00:00,4207.54000,4208.71000,4202.01000,4205.23000,6046.00000
2026-06-18 19:30:00+00:00,4205.04000,4214.50000,4201.58000,4214.16000,6560.00000
2026-06-18 19:45:00+00:00,4213.92000,4218.57000,4213.38000,4216.94000,6087.00000
2026-06-18 20:00:00+00:00,4217.13000,4218.10000,4214.98000,4217.25000,3475.00000
2026-06-18 20:15:00+00:00,4217.20000,4219.62000,4215.12000,4219.09000,2453.00000
2026-06-18 20:30:00+00:00,4219.08000,4219.09000,4212.95000,4212.96000,2719.00000
2026-06-18 20:45:00+00:00,4212.96000,4213.47000,4207.84000,4209.14000,2352.00000
2026-06-18 22:00:00+00:00,4211.35000,4213.57000,4203.29000,4208.16000,2359.00000
2026-06-18 22:15:00+00:00,4208.76000,4210.19000,4202.91000,4204.23000,2452.00000
2026-06-18 22:30:00+00:00,4203.87000,4205.73000,4203.18000,4205.10000,2214.00000
2026-06-18 22:45:00+00:00,4205.10000,4210.57000,4204.34000,4207.44000,2547.00000
2026-06-18 23:00:00+00:00,4207.45000,4208.35000,4194.10000,4195.86000,4290.00000
2026-06-18 23:15:00+00:00,4196.18000,4199.49000,4193.88000,4197.38000,3560.00000
2026-06-18 23:30:00+00:00,4196.71000,4199.21000,4194.03000,4194.30000,3556.00000
2026-06-18 23:45:00+00:00,4194.32000,4194.48000,4186.89000,4188.46000,4832.00000
2026-06-19 00:00:00+00:00,4188.48000,4197.99000,4184.56000,4185.62000,7737.00000
2026-06-19 00:15:00+00:00,4185.70000,4188.82000,4184.44000,4185.18000,5408.00000
2026-06-19 00:30:00+00:00,4185.19000,4191.36000,4184.50000,4188.63000,4643.00000
2026-06-19 00:45:00+00:00,4188.56000,4192.32000,4187.70000,4190.37000,4475.00000
2026-06-19 01:00:00+00:00,4190.38000,4194.57000,4184.49000,4186.51000,5669.00000
2026-06-19 01:15:00+00:00,4186.52000,4191.23000,4184.10000,4190.88000,4324.00000
2026-06-19 01:30:00+00:00,4190.91000,4190.92000,4184.52000,4185.70000,4709.00000
2026-06-19 01:45:00+00:00,4185.62000,4187.36000,4183.72000,4184.92000,3713.00000
2026-06-19 02:00:00+00:00,4184.90000,4186.12000,4178.58000,4179.86000,5380.00000
2026-06-19 02:15:00+00:00,4180.21000,4180.21000,4175.13000,4179.49000,4883.00000
2026-06-19 02:30:00+00:00,4179.51000,4183.63000,4177.14000,4179.97000,3631.00000
2026-06-19 02:45:00+00:00,4180.04000,4180.80000,4171.93000,4176.31000,4041.00000
2026-06-19 03:00:00+00:00,4176.58000,4177.24000,4166.11000,4166.13000,5066.00000
2026-06-19 03:15:00+00:00,4166.14000,4170.76000,4165.21000,4167.46000,4981.00000
2026-06-19 03:30:00+00:00,4167.44000,4167.78000,4158.03000,4162.31000,5776.00000
2026-06-19 03:45:00+00:00,4162.36000,4162.39000,4144.74000,4153.38000,5503.00000
2026-06-19 04:00:00+00:00,4153.43000,4155.11000,4143.26000,4145.48000,7011.00000
2026-06-19 04:15:00+00:00,4145.53000,4149.85000,4141.65000,4146.61000,5841.00000
2026-06-19 04:30:00+00:00,4146.64000,4147.44000,4133.59000,4135.41000,6206.00000
2026-06-19 04:45:00+00:00,4135.41000,4136.81000,4125.11000,4125.78000,6053.00000
2026-06-19 05:00:00+00:00,4126.35000,4131.52000,4121.93000,4130.45000,7139.00000
2026-06-19 05:15:00+00:00,4130.46000,4134.54000,4125.83000,4133.69000,6199.00000
2026-06-19 05:30:00+00:00,4133.86000,4139.43000,4130.59000,4134.83000,6380.00000
2026-06-19 05:45:00+00:00,4134.86000,4141.58000,4132.98000,4139.70000,5930.00000
2026-06-19 06:00:00+00:00,4139.70000,4147.99000,4133.71000,4147.20000,7045.00000
2026-06-19 06:15:00+00:00,4147.18000,4147.32000,4139.31000,4141.79000,6215.00000
2026-06-19 06:30:00+00:00,4141.99000,4145.36000,4132.89000,4136.08000,6141.00000
2026-06-19 06:45:00+00:00,4136.07000,4150.52000,4134.58000,4147.65000,5521.00000
2026-06-19 07:00:00+00:00,4147.67000,4159.53000,4147.67000,4157.11000,6671.00000
2026-06-19 07:15:00+00:00,4157.10000,4160.01000,4152.19000,4152.53000,5697.00000
2026-06-19 07:30:00+00:00,4152.67000,4157.46000,4151.18000,4154.10000,5358.00000
2026-06-19 07:45:00+00:00,4154.50000,4163.16000,4151.65000,4158.05000,5101.00000
2026-06-19 08:00:00+00:00,4158.05000,4167.30000,4155.36000,4165.82000,6413.00000
2026-06-19 08:15:00+00:00,4165.75000,4177.81000,4165.39000,4175.98000,6082.00000
2026-06-19 08:30:00+00:00,4176.41000,4178.56000,4166.83000,4169.01000,5095.00000
2026-06-19 08:45:00+00:00,4169.02000,4169.55000,4164.64000,4169.12000,4493.00000
2026-06-19 09:00:00+00:00,4169.13000,4170.94000,4163.41000,4164.13000,5342.00000
2026-06-19 09:15:00+00:00,4164.09000,4168.26000,4162.15000,4162.71000,4959.00000
2026-06-19 09:30:00+00:00,4162.82000,4166.12000,4162.61000,4162.67000,3896.00000
2026-06-19 09:45:00+00:00,4162.66000,4167.36000,4161.00000,4162.92000,4002.00000
2026-06-19 10:00:00+00:00,4162.91000,4163.11000,4152.98000,4155.42000,5108.00000
2026-06-19 10:15:00+00:00,4155.22000,4158.30000,4152.82000,4153.90000,4447.00000
2026-06-19 10:30:00+00:00,4153.89000,4155.28000,4150.11000,4151.33000,5169.00000
2026-06-19 10:45:00+00:00,4151.29000,4154.67000,4148.09000,4149.79000,4958.00000
2026-06-19 11:00:00+00:00,4149.79000,4150.23000,4142.63000,4146.81000,5976.00000
2026-06-19 11:15:00+00:00,4146.80000,4148.92000,4143.30000,4144.26000,4677.00000
2026-06-19 11:30:00+00:00,4144.15000,4150.56000,4141.94000,4150.03000,4706.00000
2026-06-19 11:45:00+00:00,4150.00000,4154.96000,4148.62000,4152.62000,4805.00000
2026-06-19 12:00:00+00:00,4152.63000,4160.37000,4152.37000,4155.74000,5621.00000
2026-06-19 12:15:00+00:00,4155.73000,4156.17000,4151.25000,4151.83000,4723.00000
2026-06-19 12:30:00+00:00,4151.81000,4154.77000,4148.15000,4152.36000,5316.00000
2026-06-19 12:45:00+00:00,4152.39000,4180.01000,4147.32000,4179.08000,8354.00000
2026-06-19 13:00:00+00:00,4179.34000,4182.94000,4164.64000,4169.95000,9027.00000
2026-06-19 13:15:00+00:00,4170.18000,4172.15000,4161.99000,4164.00000,6463.00000
2026-06-19 13:30:00+00:00,4164.01000,4168.05000,4157.90000,4158.66000,6865.00000
2026-06-19 13:45:00+00:00,4158.61000,4161.00000,4151.10000,4151.44000,6249.00000
2026-06-19 14:00:00+00:00,4151.20000,4154.57000,4147.88000,4149.31000,6413.00000
2026-06-19 14:15:00+00:00,4149.32000,4150.10000,4143.65000,4149.28000,5821.00000
2026-06-19 14:30:00+00:00,4149.29000,4150.52000,4143.30000,4144.43000,5801.00000
2026-06-19 14:45:00+00:00,4144.43000,4151.26000,4142.61000,4149.30000,4776.00000
2026-06-19 15:00:00+00:00,4149.45000,4153.45000,4148.17000,4151.35000,4573.00000
2026-06-19 15:15:00+00:00,4151.34000,4153.96000,4149.76000,4151.33000,3496.00000
2026-06-19 15:30:00+00:00,4151.38000,4152.98000,4147.47000,4148.11000,3444.00000
2026-06-19 15:45:00+00:00,4148.18000,4153.54000,4148.18000,4151.02000,2676.00000
2026-06-19 16:00:00+00:00,4151.06000,4151.10000,4144.63000,4145.28000,2700.00000
2026-06-19 16:15:00+00:00,4145.28000,4148.87000,4144.34000,4147.10000,1987.00000
2026-06-19 16:30:00+00:00,4147.10000,4153.57000,4147.10000,4151.80000,2638.00000
2026-06-19 16:45:00+00:00,4151.85000,4157.92000,4151.36000,4155.59000,3272.00000
2026-06-21 22:00:00+00:00,4148.01000,4159.81000,4147.31000,4151.62000,5623.00000
2026-06-21 22:15:00+00:00,4151.57000,4154.84000,4147.96000,4152.26000,5069.00000
2026-06-21 22:30:00+00:00,4152.01000,4155.01000,4150.17000,4153.86000,4134.00000
2026-06-21 22:45:00+00:00,4153.85000,4156.85000,4152.59000,4156.37000,3257.00000
2026-06-21 23:00:00+00:00,4156.23000,4164.62000,4155.33000,4158.61000,5362.00000
2026-06-21 23:15:00+00:00,4158.55000,4159.12000,4153.93000,4156.91000,4666.00000
2026-06-21 23:30:00+00:00,4156.91000,4156.93000,4142.00000,4145.66000,5375.00000
2026-06-21 23:45:00+00:00,4145.65000,4146.99000,4136.55000,4140.36000,6487.00000
2026-06-22 00:00:00+00:00,4140.61000,4162.52000,4140.07000,4161.08000,9001.00000
2026-06-22 00:15:00+00:00,4161.12000,4170.56000,4161.03000,4167.48000,7495.00000
2026-06-22 00:30:00+00:00,4167.64000,4176.35000,4165.81000,4175.73000,6276.00000
2026-06-22 00:45:00+00:00,4175.96000,4200.90000,4175.63000,4200.86000,7461.00000
2026-06-22 01:00:00+00:00,4201.14000,4221.00000,4201.14000,4211.74000,11441.00000
2026-06-22 01:15:00+00:00,4211.73000,4214.93000,4205.20000,4207.43000,9374.00000
2026-06-22 01:30:00+00:00,4207.31000,4207.34000,4195.00000,4200.96000,9150.00000
2026-06-22 01:45:00+00:00,4200.92000,4202.01000,4189.76000,4190.92000,7888.00000
2026-06-22 02:00:00+00:00,4190.95000,4195.00000,4183.71000,4184.31000,8105.00000
2026-06-22 02:15:00+00:00,4184.28000,4190.23000,4183.66000,4188.97000,5265.00000
2026-06-22 02:30:00+00:00,4188.90000,4200.33000,4187.13000,4191.89000,7791.00000
2026-06-22 02:45:00+00:00,4191.88000,4192.38000,4187.69000,4188.66000,6486.00000
2026-06-22 03:00:00+00:00,4188.83000,4190.10000,4178.46000,4178.46000,7287.00000
2026-06-22 03:15:00+00:00,4178.51000,4181.09000,4173.75000,4180.13000,6274.00000
2026-06-22 03:30:00+00:00,4180.15000,4180.75000,4175.16000,4175.69000,3912.00000
2026-06-22 03:45:00+00:00,4175.70000,4178.84000,4170.81000,4171.60000,4218.00000
2026-06-22 04:00:00+00:00,4171.61000,4178.39000,4170.76000,4176.37000,4575.00000
2026-06-22 04:15:00+00:00,4176.42000,4178.88000,4174.44000,4176.47000,4251.00000
2026-06-22 04:30:00+00:00,4176.48000,4178.90000,4174.74000,4176.78000,4086.00000
2026-06-22 04:45:00+00:00,4176.80000,4182.23000,4176.20000,4181.86000,4113.00000
2026-06-22 05:00:00+00:00,4181.66000,4186.45000,4179.43000,4185.47000,5350.00000
2026-06-22 05:15:00+00:00,4185.45000,4194.14000,4184.56000,4194.01000,4965.00000
2026-06-22 05:30:00+00:00,4193.99000,4198.59000,4189.48000,4193.20000,8180.00000
2026-06-22 05:45:00+00:00,4193.18000,4197.03000,4190.39000,4193.88000,6390.00000
2026-06-22 06:00:00+00:00,4193.84000,4198.45000,4191.33000,4194.61000,7025.00000
2026-06-22 06:15:00+00:00,4194.53000,4200.86000,4193.96000,4196.73000,6372.00000
2026-06-22 06:30:00+00:00,4196.59000,4202.62000,4194.97000,4202.27000,5914.00000
2026-06-22 06:45:00+00:00,4202.28000,4207.36000,4197.28000,4197.71000,6144.00000
2026-06-22 07:00:00+00:00,4198.12000,4201.35000,4197.38000,4199.55000,5900.00000
2026-06-22 07:15:00+00:00,4199.44000,4201.86000,4197.07000,4197.75000,5094.00000
2026-06-22 07:30:00+00:00,4197.87000,4199.81000,4192.54000,4194.56000,5123.00000
2026-06-22 07:45:00+00:00,4194.57000,4196.10000,4188.92000,4190.48000,4863.00000
2026-06-22 08:00:00+00:00,4190.46000,4194.74000,4188.70000,4190.07000,5653.00000
2026-06-22 08:15:00+00:00,4190.02000,4195.34000,4189.32000,4191.75000,5762.00000
2026-06-22 08:30:00+00:00,4191.86000,4194.33000,4189.25000,4193.68000,5035.00000
2026-06-22 08:45:00+00:00,4193.65000,4197.70000,4192.33000,4197.54000,4490.00000
2026-06-22 09:00:00+00:00,4197.41000,4209.49000,4196.06000,4205.34000,5966.00000
2026-06-22 09:15:00+00:00,4205.35000,4209.26000,4203.13000,4204.11000,4783.00000
2026-06-22 09:30:00+00:00,4204.21000,4209.98000,4201.51000,4206.88000,5304.00000
2026-06-22 09:45:00+00:00,4206.99000,4210.10000,4204.32000,4208.25000,3957.00000
2026-06-22 10:00:00+00:00,4208.26000,4214.17000,4207.95000,4212.96000,4996.00000
2026-06-22 10:15:00+00:00,4212.69000,4214.16000,4208.30000,4210.10000,4392.00000
2026-06-22 10:30:00+00:00,4210.09000,4211.68000,4208.34000,4208.63000,3859.00000
2026-06-22 10:45:00+00:00,4208.64000,4209.41000,4203.74000,4204.75000,3736.00000
2026-06-22 11:00:00+00:00,4204.85000,4215.11000,4204.64000,4208.09000,7275.00000
2026-06-22 11:15:00+00:00,4208.08000,4209.67000,4203.45000,4204.08000,4652.00000
2026-06-22 11:30:00+00:00,4203.96000,4208.17000,4202.19000,4206.67000,4829.00000
2026-06-22 11:45:00+00:00,4206.66000,4207.64000,4201.52000,4207.48000,4769.00000
2026-06-22 12:00:00+00:00,4207.53000,4211.14000,4205.45000,4207.45000,5644.00000
2026-06-22 12:15:00+00:00,4207.26000,4211.78000,4206.22000,4208.56000,5687.00000
2026-06-22 12:30:00+00:00,4208.37000,4208.85000,4200.91000,4203.92000,6193.00000
2026-06-22 12:45:00+00:00,4203.94000,4204.93000,4192.73000,4193.44000,6038.00000
2026-06-22 13:00:00+00:00,4193.53000,4196.90000,4188.81000,4194.29000,9461.00000
2026-06-22 13:15:00+00:00,4194.33000,4196.90000,4185.46000,4186.98000,7835.00000
2026-06-22 13:30:00+00:00,4186.59000,4194.58000,4183.04000,4191.10000,10498.00000
2026-06-22 13:45:00+00:00,4191.08000,4205.72000,4187.63000,4199.85000,9837.00000
2026-06-22 14:00:00+00:00,4200.08000,4210.74000,4193.94000,4205.39000,9937.00000
2026-06-22 14:15:00+00:00,4205.30000,4206.24000,4191.18000,4192.02000,9757.00000
2026-06-22 14:30:00+00:00,4191.87000,4197.64000,4186.63000,4193.03000,9996.00000
2026-06-22 14:45:00+00:00,4193.04000,4205.95000,4193.00000,4198.34000,10097.00000
2026-06-22 15:00:00+00:00,4198.51000,4201.34000,4194.80000,4197.82000,9307.00000
2026-06-22 15:15:00+00:00,4197.81000,4197.90000,4188.28000,4189.08000,8842.00000
2026-06-22 15:30:00+00:00,4189.09000,4190.40000,4180.49000,4181.00000,8132.00000
2026-06-22 15:45:00+00:00,4181.03000,4185.09000,4169.86000,4182.97000,8479.00000
2026-06-22 16:00:00+00:00,4182.83000,4184.89000,4174.51000,4177.64000,8517.00000
2026-06-22 16:15:00+00:00,4177.62000,4182.91000,4176.31000,4182.80000,6807.00000
2026-06-22 16:30:00+00:00,4182.78000,4186.26000,4181.28000,4181.94000,6345.00000
2026-06-22 16:45:00+00:00,4181.92000,4192.70000,4180.85000,4190.01000,5525.00000
2026-06-22 17:00:00+00:00,4190.29000,4191.24000,4186.09000,4186.78000,5913.00000
2026-06-22 17:15:00+00:00,4186.73000,4191.66000,4183.48000,4184.22000,5790.00000
2026-06-22 17:30:00+00:00,4184.28000,4184.81000,4177.16000,4181.65000,6661.00000
2026-06-22 17:45:00+00:00,4181.67000,4183.71000,4180.07000,4183.14000,5025.00000
2026-06-22 18:00:00+00:00,4183.16000,4186.26000,4182.55000,4184.00000,5400.00000
2026-06-22 18:15:00+00:00,4184.03000,4189.79000,4184.02000,4188.11000,5319.00000
2026-06-22 18:30:00+00:00,4188.17000,4189.98000,4186.21000,4189.85000,4570.00000
2026-06-22 18:45:00+00:00,4189.87000,4192.85000,4189.70000,4191.29000,4788.00000
2026-06-22 19:00:00+00:00,4191.47000,4193.39000,4191.02000,4191.40000,4800.00000
2026-06-22 19:15:00+00:00,4191.41000,4192.03000,4187.34000,4187.37000,5017.00000
2026-06-22 19:30:00+00:00,4187.54000,4190.31000,4184.33000,4184.51000,5291.00000
2026-06-22 19:45:00+00:00,4184.56000,4191.55000,4184.20000,4190.75000,5912.00000
2026-06-22 20:00:00+00:00,4190.66000,4193.82000,4190.14000,4190.93000,2967.00000
2026-06-22 20:15:00+00:00,4190.92000,4191.60000,4188.65000,4190.41000,1565.00000
2026-06-22 20:30:00+00:00,4190.34000,4193.77000,4189.61000,4192.89000,1607.00000
2026-06-22 20:45:00+00:00,4192.94000,4193.33000,4190.74000,4191.36000,1378.00000
2026-06-22 22:00:00+00:00,4194.03000,4194.54000,4191.49000,4192.64000,1988.00000
2026-06-22 22:15:00+00:00,4192.65000,4193.47000,4191.38000,4193.02000,1214.00000
2026-06-22 22:30:00+00:00,4192.94000,4194.62000,4189.50000,4189.99000,2360.00000
2026-06-22 22:45:00+00:00,4189.99000,4190.77000,4188.54000,4189.94000,1808.00000
2026-06-22 23:00:00+00:00,4189.98000,4193.00000,4189.57000,4191.05000,1891.00000
2026-06-22 23:15:00+00:00,4191.02000,4191.89000,4190.35000,4191.08000,1169.00000
2026-06-22 23:30:00+00:00,4190.81000,4195.39000,4190.81000,4194.99000,2183.00000
2026-06-22 23:45:00+00:00,4195.00000,4195.00000,4186.83000,4187.64000,3338.00000
2026-06-23 00:00:00+00:00,4187.60000,4192.27000,4178.41000,4178.90000,6215.00000
2026-06-23 00:15:00+00:00,4178.89000,4185.76000,4178.84000,4183.86000,5406.00000
2026-06-23 00:30:00+00:00,4183.85000,4193.44000,4182.35000,4192.66000,6050.00000
2026-06-23 00:45:00+00:00,4192.78000,4194.66000,4190.13000,4193.36000,6580.00000
2026-06-23 01:00:00+00:00,4193.31000,4198.21000,4185.05000,4185.38000,8416.00000
2026-06-23 01:15:00+00:00,4185.35000,4185.87000,4170.91000,4178.28000,8390.00000
2026-06-23 01:30:00+00:00,4178.29000,4178.66000,4153.59000,4154.44000,9465.00000
2026-06-23 01:45:00+00:00,4154.20000,4162.89000,4150.21000,4161.32000,8938.00000
2026-06-23 02:00:00+00:00,4161.31000,4163.14000,4149.07000,4153.73000,7939.00000
2026-06-23 02:15:00+00:00,4153.77000,4162.90000,4153.52000,4161.98000,5372.00000
2026-06-23 02:30:00+00:00,4162.00000,4162.31000,4152.42000,4155.03000,7370.00000
2026-06-23 02:45:00+00:00,4155.03000,4156.83000,4146.69000,4146.97000,6756.00000
2026-06-23 03:00:00+00:00,4147.00000,4149.66000,4138.94000,4142.15000,7959.00000
2026-06-23 03:15:00+00:00,4142.10000,4144.10000,4130.87000,4140.78000,7495.00000
2026-06-23 03:30:00+00:00,4140.71000,4141.11000,4133.68000,4138.94000,6066.00000
2026-06-23 03:45:00+00:00,4138.75000,4145.00000,4136.64000,4144.00000,5085.00000
2026-06-23 04:00:00+00:00,4144.07000,4146.98000,4141.94000,4143.30000,4517.00000
2026-06-23 04:15:00+00:00,4143.28000,4143.28000,4137.25000,4139.96000,4372.00000
2026-06-23 04:30:00+00:00,4139.94000,4140.27000,4135.34000,4138.70000,5073.00000
2026-06-23 04:45:00+00:00,4138.72000,4140.19000,4114.54000,4118.24000,5249.00000
2026-06-23 05:00:00+00:00,4118.21000,4137.38000,4115.49000,4129.81000,7339.00000
2026-06-23 05:15:00+00:00,4129.56000,4130.85000,4124.42000,4125.22000,5662.00000
2026-06-23 05:30:00+00:00,4125.25000,4133.79000,4117.35000,4127.79000,9566.00000
2026-06-23 05:45:00+00:00,4127.79000,4127.87000,4116.90000,4121.20000,8206.00000
2026-06-23 06:00:00+00:00,4121.20000,4126.89000,4111.37000,4122.74000,9404.00000
2026-06-23 06:15:00+00:00,4122.73000,4126.81000,4114.65000,4116.60000,7980.00000
2026-06-23 06:30:00+00:00,4116.62000,4121.13000,4110.92000,4113.47000,8600.00000
2026-06-23 06:45:00+00:00,4113.48000,4120.35000,4110.41000,4114.47000,7864.00000
2026-06-23 07:00:00+00:00,4114.37000,4124.79000,4110.28000,4115.70000,8318.00000
2026-06-23 07:15:00+00:00,4115.62000,4122.87000,4114.19000,4118.21000,6435.00000
2026-06-23 07:30:00+00:00,4117.80000,4119.40000,4103.82000,4104.98000,7951.00000
2026-06-23 07:45:00+00:00,4104.94000,4108.14000,4096.77000,4098.81000,7365.00000
2026-06-23 08:00:00+00:00,4098.80000,4100.01000,4090.98000,4094.07000,8753.00000
2026-06-23 08:15:00+00:00,4094.03000,4099.99000,4092.56000,4098.32000,7546.00000
2026-06-23 08:30:00+00:00,4098.10000,4110.92000,4096.85000,4109.56000,7738.00000
2026-06-23 08:45:00+00:00,4109.62000,4109.70000,4101.97000,4105.33000,6603.00000
2026-06-23 09:00:00+00:00,4105.32000,4113.71000,4104.12000,4111.19000,6526.00000
2026-06-23 09:15:00+00:00,4111.25000,4117.01000,4109.03000,4112.79000,6114.00000
2026-06-23 09:30:00+00:00,4112.76000,4120.09000,4112.40000,4117.27000,5947.00000
2026-06-23 09:45:00+00:00,4117.41000,4122.34000,4115.46000,4122.34000,4932.00000
2026-06-23 10:00:00+00:00,4122.49000,4133.43000,4122.49000,4129.96000,6343.00000
2026-06-23 10:15:00+00:00,4129.98000,4133.08000,4126.84000,4130.42000,5467.00000
2026-06-23 10:30:00+00:00,4130.43000,4132.19000,4124.49000,4126.64000,6431.00000
2026-06-23 10:45:00+00:00,4126.59000,4126.87000,4119.74000,4119.91000,6419.00000
2026-06-23 11:00:00+00:00,4119.87000,4129.80000,4117.54000,4129.17000,7200.00000
2026-06-23 11:15:00+00:00,4129.22000,4131.95000,4124.49000,4127.30000,6602.00000
2026-06-23 11:30:00+00:00,4127.31000,4128.87000,4118.71000,4121.22000,6946.00000
2026-06-23 11:45:00+00:00,4121.13000,4126.26000,4118.38000,4123.38000,6604.00000
2026-06-23 12:00:00+00:00,4123.32000,4127.43000,4112.86000,4114.12000,7176.00000
2026-06-23 12:15:00+00:00,4114.08000,4120.05000,4111.83000,4115.11000,7426.00000
2026-06-23 12:30:00+00:00,4115.19000,4122.65000,4114.28000,4117.90000,7186.00000
2026-06-23 12:45:00+00:00,4117.90000,4121.79000,4112.56000,4113.35000,6752.00000
2026-06-23 13:00:00+00:00,4113.33000,4119.50000,4108.09000,4113.56000,9441.00000
2026-06-23 13:15:00+00:00,4113.45000,4119.39000,4105.50000,4116.03000,8679.00000
2026-06-23 13:30:00+00:00,4116.06000,4128.84000,4110.08000,4126.45000,11746.00000
2026-06-23 13:45:00+00:00,4126.56000,4140.49000,4124.74000,4135.66000,10947.00000
2026-06-23 14:00:00+00:00,4135.45000,4145.13000,4133.28000,4137.63000,10865.00000
2026-06-23 14:15:00+00:00,4137.99000,4142.93000,4128.86000,4132.73000,10345.00000
2026-06-23 14:30:00+00:00,4132.68000,4133.12000,4122.97000,4126.33000,10870.00000
2026-06-23 14:45:00+00:00,4126.31000,4130.38000,4123.81000,4130.24000,10023.00000
2026-06-23 15:00:00+00:00,4130.30000,4135.53000,4123.57000,4128.30000,9915.00000
2026-06-23 15:15:00+00:00,4128.28000,4130.71000,4123.94000,4127.31000,7994.00000
2026-06-23 15:30:00+00:00,4126.84000,4141.64000,4126.74000,4138.66000,9192.00000
2026-06-23 15:45:00+00:00,4138.86000,4139.77000,4134.17000,4138.69000,7463.00000
2026-06-23 16:00:00+00:00,4138.71000,4139.87000,4133.86000,4135.40000,6277.00000
2026-06-23 16:15:00+00:00,4135.41000,4138.34000,4133.03000,4136.48000,6152.00000
2026-06-23 16:30:00+00:00,4136.47000,4143.75000,4135.09000,4143.42000,6375.00000
2026-06-23 16:45:00+00:00,4143.41000,4143.91000,4131.67000,4134.34000,6408.00000
2026-06-23 17:00:00+00:00,4134.22000,4139.79000,4129.97000,4138.58000,6848.00000
2026-06-23 17:15:00+00:00,4138.59000,4138.66000,4130.06000,4131.15000,6341.00000
2026-06-23 17:30:00+00:00,4131.18000,4132.39000,4127.89000,4132.11000,5616.00000
2026-06-23 17:45:00+00:00,4132.17000,4133.16000,4127.92000,4128.06000,5665.00000
2026-06-23 18:00:00+00:00,4128.04000,4131.12000,4124.06000,4124.39000,5814.00000
2026-06-23 18:15:00+00:00,4124.37000,4125.65000,4120.58000,4121.09000,5265.00000
2026-06-23 18:30:00+00:00,4120.73000,4122.79000,4115.96000,4116.12000,5447.00000
2026-06-23 18:45:00+00:00,4116.14000,4118.20000,4112.65000,4117.79000,6848.00000
2026-06-23 19:00:00+00:00,4118.06000,4126.10000,4116.87000,4121.36000,7350.00000
2026-06-23 19:15:00+00:00,4121.34000,4122.37000,4117.50000,4121.84000,6591.00000
2026-06-23 19:30:00+00:00,4121.97000,4124.34000,4120.65000,4121.00000,6772.00000
2026-06-23 19:45:00+00:00,4120.99000,4121.25000,4111.68000,4111.68000,7757.00000
2026-06-23 20:00:00+00:00,4111.81000,4112.96000,4108.78000,4110.17000,3618.00000
2026-06-23 20:15:00+00:00,4110.26000,4111.35000,4107.54000,4110.90000,2677.00000
2026-06-23 20:30:00+00:00,4110.90000,4111.77000,4108.95000,4110.66000,1926.00000
2026-06-23 20:45:00+00:00,4110.53000,4111.36000,4108.73000,4110.25000,1712.00000
2026-06-23 22:00:00+00:00,4115.15000,4115.15000,4111.16000,4114.06000,2730.00000
2026-06-23 22:15:00+00:00,4114.06000,4115.17000,4105.04000,4106.10000,4619.00000
2026-06-23 22:30:00+00:00,4106.59000,4108.45000,4097.07000,4104.26000,5382.00000
2026-06-23 22:45:00+00:00,4104.21000,4109.15000,4103.80000,4104.43000,4479.00000
2026-06-23 23:00:00+00:00,4104.51000,4104.52000,4095.15000,4099.81000,5071.00000
2026-06-23 23:15:00+00:00,4099.82000,4100.89000,4097.26000,4097.60000,3160.00000
2026-06-23 23:30:00+00:00,4097.61000,4098.26000,4080.96000,4086.38000,6768.00000
2026-06-23 23:45:00+00:00,4086.42000,4100.46000,4086.00000,4099.32000,6888.00000
2026-06-24 00:00:00+00:00,4099.26000,4112.04000,4094.71000,4107.38000,8957.00000
2026-06-24 00:15:00+00:00,4107.22000,4109.50000,4093.91000,4099.83000,8010.00000
2026-06-24 00:30:00+00:00,4099.78000,4100.42000,4093.89000,4095.28000,7171.00000
2026-06-24 00:45:00+00:00,4095.26000,4099.99000,4094.38000,4097.39000,7818.00000
2026-06-24 01:00:00+00:00,4097.73000,4097.80000,4068.64000,4089.85000,11341.00000
2026-06-24 01:15:00+00:00,4089.95000,4100.85000,4083.68000,4098.50000,9562.00000
2026-06-24 01:30:00+00:00,4098.02000,4102.29000,4091.98000,4092.84000,10004.00000
2026-06-24 01:45:00+00:00,4092.85000,4093.07000,4082.41000,4089.10000,8610.00000
2026-06-24 02:00:00+00:00,4088.99000,4095.90000,4079.82000,4080.15000,8304.00000
2026-06-24 02:15:00+00:00,4080.14000,4081.08000,4071.41000,4073.64000,6613.00000
2026-06-24 02:30:00+00:00,4073.59000,4076.64000,4052.21000,4057.37000,8752.00000
2026-06-24 02:45:00+00:00,4057.51000,4069.50000,4055.00000,4061.15000,7982.00000
2026-06-24 03:00:00+00:00,4061.32000,4065.50000,4052.81000,4057.72000,8658.00000
2026-06-24 03:15:00+00:00,4057.75000,4059.00000,4050.46000,4056.69000,7837.00000
2026-06-24 03:30:00+00:00,4056.68000,4069.77000,4055.76000,4068.56000,7405.00000
2026-06-24 03:45:00+00:00,4068.97000,4070.71000,4062.11000,4062.82000,6267.00000
2026-06-24 04:00:00+00:00,4062.95000,4063.84000,4055.86000,4058.86000,6385.00000
2026-06-24 04:15:00+00:00,4058.77000,4067.17000,4055.09000,4063.25000,6191.00000
2026-06-24 04:30:00+00:00,4063.33000,4066.71000,4062.69000,4063.74000,5825.00000
2026-06-24 04:45:00+00:00,4063.66000,4066.91000,4061.98000,4064.54000,4835.00000
2026-06-24 05:00:00+00:00,4064.65000,4070.06000,4060.80000,4067.75000,6154.00000
2026-06-24 05:15:00+00:00,4067.66000,4074.50000,4065.62000,4073.50000,6074.00000
2026-06-24 05:30:00+00:00,4073.54000,4086.25000,4072.46000,4077.31000,8224.00000
2026-06-24 05:45:00+00:00,4077.22000,4080.13000,4071.45000,4075.90000,6911.00000
2026-06-24 06:00:00+00:00,4075.85000,4097.13000,4075.85000,4096.03000,9246.00000
2026-06-24 06:15:00+00:00,4096.32000,4097.60000,4083.53000,4087.67000,7791.00000
2026-06-24 06:30:00+00:00,4087.57000,4093.96000,4084.64000,4091.92000,7090.00000
2026-06-24 06:45:00+00:00,4091.98000,4094.63000,4084.55000,4087.14000,6633.00000
2026-06-24 07:00:00+00:00,4086.60000,4090.83000,4085.48000,4086.22000,6472.00000
2026-06-24 07:15:00+00:00,4086.21000,4087.79000,4083.31000,4084.48000,5172.00000
2026-06-24 07:30:00+00:00,4084.47000,4085.36000,4076.11000,4082.50000,6689.00000
2026-06-24 07:45:00+00:00,4082.50000,4086.10000,4073.55000,4074.87000,5888.00000
2026-06-24 08:00:00+00:00,4074.84000,4078.23000,4073.11000,4074.03000,6765.00000
2026-06-24 08:15:00+00:00,4074.02000,4080.70000,4073.23000,4080.61000,6016.00000
2026-06-24 08:30:00+00:00,4080.46000,4087.58000,4079.41000,4083.15000,6281.00000
2026-06-24 08:45:00+00:00,4083.20000,4083.47000,4075.77000,4076.34000,5211.00000
2026-06-24 09:00:00+00:00,4076.36000,4078.38000,4069.86000,4076.32000,6116.00000
2026-06-24 09:15:00+00:00,4076.35000,4079.00000,4068.42000,4069.38000,4917.00000
2026-06-24 09:30:00+00:00,4069.41000,4072.16000,4065.58000,4068.38000,5571.00000
2026-06-24 09:45:00+00:00,4068.41000,4071.07000,4064.22000,4064.64000,4893.00000
2026-06-24 10:00:00+00:00,4064.90000,4066.34000,4059.07000,4061.15000,6035.00000
2026-06-24 10:15:00+00:00,4060.93000,4061.04000,4055.09000,4060.85000,5947.00000
2026-06-24 10:30:00+00:00,4061.02000,4066.90000,4056.77000,4064.92000,5867.00000
2026-06-24 10:45:00+00:00,4064.93000,4065.78000,4054.77000,4055.67000,5184.00000
2026-06-24 11:00:00+00:00,4055.72000,4058.54000,4044.83000,4045.90000,7007.00000
2026-06-24 11:15:00+00:00,4045.93000,4046.96000,4037.63000,4044.33000,7715.00000
2026-06-24 11:30:00+00:00,4044.31000,4051.41000,4043.52000,4046.07000,7513.00000
2026-06-24 11:45:00+00:00,4045.95000,4056.20000,4039.21000,4046.67000,8835.00000
2026-06-24 12:00:00+00:00,4046.55000,4048.83000,4035.07000,4038.22000,8833.00000
2026-06-24 12:15:00+00:00,4038.53000,4042.01000,4006.45000,4015.30000,9292.00000
2026-06-24 12:30:00+00:00,4015.61000,4020.83000,4007.42000,4013.50000,9510.00000
2026-06-24 12:45:00+00:00,4013.62000,4017.67000,3987.74000,3987.85000,9996.00000
2026-06-24 13:00:00+00:00,3987.76000,3995.56000,3966.92000,3971.75000,12390.00000
2026-06-24 13:15:00+00:00,3971.54000,3977.25000,3964.49000,3975.47000,10884.00000
2026-06-24 13:30:00+00:00,3974.36000,4018.10000,3974.16000,4015.45000,12164.00000
2026-06-24 13:45:00+00:00,4015.33000,4042.03000,4009.24000,4038.46000,11791.00000
2026-06-24 14:00:00+00:00,4038.26000,4041.07000,4019.09000,4019.93000,11659.00000
2026-06-24 14:15:00+00:00,4020.05000,4028.01000,4014.43000,4023.78000,10591.00000
2026-06-24 14:30:00+00:00,4023.80000,4034.57000,4011.25000,4015.84000,10500.00000
2026-06-24 14:45:00+00:00,4015.83000,4015.83000,4002.95000,4008.07000,9659.00000
2026-06-24 15:00:00+00:00,4008.40000,4009.99000,3997.49000,4001.97000,10230.00000
2026-06-24 15:15:00+00:00,4001.89000,4014.87000,3999.57000,4014.87000,9216.00000
2026-06-24 15:30:00+00:00,4014.84000,4015.35000,4001.31000,4006.01000,8769.00000
2026-06-24 15:45:00+00:00,4006.07000,4016.77000,4000.02000,4002.51000,8829.00000
2026-06-24 16:00:00+00:00,4002.54000,4006.52000,3995.63000,4002.76000,9153.00000
2026-06-24 16:15:00+00:00,4002.79000,4016.99000,4001.68000,4016.14000,8144.00000
2026-06-24 16:30:00+00:00,4016.18000,4022.38000,4009.52000,4011.59000,8991.00000
2026-06-24 16:45:00+00:00,4011.62000,4012.21000,4006.24000,4006.71000,7172.00000
2026-06-24 17:00:00+00:00,4006.77000,4011.30000,4004.54000,4005.86000,7578.00000
2026-06-24 17:15:00+00:00,4005.87000,4007.20000,3990.04000,3990.60000,9737.00000
2026-06-24 17:30:00+00:00,3990.64000,3990.97000,3983.13000,3984.45000,10172.00000
2026-06-24 17:45:00+00:00,3984.42000,3986.88000,3972.78000,3972.81000,9859.00000
2026-06-24 18:00:00+00:00,3972.83000,3992.48000,3959.35000,3988.96000,11491.00000
2026-06-24 18:15:00+00:00,3988.95000,3992.37000,3979.49000,3990.22000,9372.00000
2026-06-24 18:30:00+00:00,3990.26000,3994.29000,3981.53000,3983.57000,8331.00000
2026-06-24 18:45:00+00:00,3983.55000,3984.35000,3976.94000,3981.42000,7805.00000
2026-06-24 19:00:00+00:00,3981.63000,3985.03000,3973.63000,3976.39000,8447.00000
2026-06-24 19:15:00+00:00,3976.41000,3984.40000,3974.00000,3984.07000,7108.00000
2026-06-24 19:30:00+00:00,3984.04000,3988.56000,3979.57000,3982.77000,7924.00000
2026-06-24 19:45:00+00:00,3982.82000,3990.80000,3980.96000,3988.10000,8429.00000
2026-06-24 20:00:00+00:00,3988.16000,4002.81000,3984.78000,3995.35000,7730.00000
2026-06-24 20:15:00+00:00,3995.37000,4000.57000,3992.28000,4000.15000,5273.00000
2026-06-24 20:30:00+00:00,4000.13000,4001.37000,3995.89000,3998.92000,4301.00000
2026-06-24 20:45:00+00:00,3998.97000,4001.22000,3996.64000,3999.11000,2766.00000
2026-06-24 22:00:00+00:00,4001.22000,4008.86000,4000.98000,4001.81000,3633.00000
2026-06-24 22:15:00+00:00,4001.73000,4003.04000,4000.61000,4002.18000,2245.00000
2026-06-24 22:30:00+00:00,4002.63000,4006.73000,3999.66000,4002.50000,4358.00000
2026-06-24 22:45:00+00:00,4002.62000,4002.73000,3993.06000,3996.49000,3896.00000
2026-06-24 23:00:00+00:00,3996.50000,3998.65000,3990.99000,3995.15000,5428.00000
2026-06-24 23:15:00+00:00,3995.16000,4000.64000,3995.08000,3998.19000,3382.00000
2026-06-24 23:30:00+00:00,3998.23000,4018.65000,3998.07000,4014.44000,5319.00000
2026-06-24 23:45:00+00:00,4014.29000,4017.67000,4009.56000,4012.45000,5032.00000
2026-06-25 00:00:00+00:00,4013.24000,4016.40000,4003.99000,4005.53000,8339.00000
2026-06-25 00:15:00+00:00,4005.67000,4006.20000,3995.46000,3996.51000,8162.00000
2026-06-25 00:30:00+00:00,3996.43000,3996.43000,3981.55000,3985.58000,7464.00000
2026-06-25 00:45:00+00:00,3985.54000,4001.29000,3978.66000,3991.56000,8404.00000
2026-06-25 01:00:00+00:00,3991.92000,4005.86000,3982.54000,3986.90000,11339.00000
2026-06-25 01:15:00+00:00,3986.96000,4000.10000,3984.01000,3990.76000,10194.00000
2026-06-25 01:30:00+00:00,3990.72000,3995.80000,3977.17000,3981.91000,9982.00000
2026-06-25 01:45:00+00:00,3981.89000,3988.63000,3972.66000,3976.79000,9363.00000
2026-06-25 02:00:00+00:00,3976.85000,3981.80000,3962.82000,3967.90000,10317.00000
2026-06-25 02:15:00+00:00,3968.20000,3991.13000,3967.49000,3986.55000,8194.00000
2026-06-25 02:30:00+00:00,3986.65000,3988.24000,3974.83000,3978.58000,9028.00000
2026-06-25 02:45:00+00:00,3978.55000,3984.46000,3975.81000,3982.99000,8163.00000
2026-06-25 03:00:00+00:00,3983.06000,3989.27000,3966.40000,3970.70000,8945.00000
2026-06-25 03:15:00+00:00,3970.72000,3983.04000,3967.80000,3976.38000,8268.00000
2026-06-25 03:30:00+00:00,3976.36000,3977.19000,3968.98000,3975.18000,6783.00000
2026-06-25 03:45:00+00:00,3975.19000,4001.19000,3974.54000,3995.62000,7353.00000
2026-06-25 04:00:00+00:00,3995.59000,3997.63000,3989.56000,3989.56000,6489.00000
2026-06-25 04:15:00+00:00,3989.56000,3997.61000,3987.74000,3994.62000,5796.00000
2026-06-25 04:30:00+00:00,3994.68000,3996.01000,3983.72000,3992.03000,5625.00000
2026-06-25 04:45:00+00:00,3992.05000,3997.23000,3991.43000,3996.09000,4943.00000
2026-06-25 05:00:00+00:00,3996.07000,4000.11000,3992.28000,3998.37000,6281.00000
2026-06-25 05:15:00+00:00,3998.37000,3999.00000,3989.25000,3994.57000,6560.00000
2026-06-25 05:30:00+00:00,3994.45000,3997.44000,3981.91000,3983.26000,8846.00000
2026-06-25 05:45:00+00:00,3983.27000,3991.78000,3980.62000,3986.51000,7927.00000
2026-06-25 06:00:00+00:00,3986.45000,3989.23000,3980.04000,3980.23000,7276.00000
2026-06-25 06:15:00+00:00,3980.22000,3986.93000,3974.08000,3984.38000,7758.00000
2026-06-25 06:30:00+00:00,3984.36000,3985.12000,3976.76000,3982.23000,7690.00000
2026-06-25 06:45:00+00:00,3982.24000,3984.27000,3976.07000,3977.31000,6824.00000
2026-06-25 07:00:00+00:00,3977.48000,3986.12000,3973.46000,3980.05000,7078.00000
2026-06-25 07:15:00+00:00,3980.04000,3989.88000,3977.66000,3985.23000,6254.00000
2026-06-25 07:30:00+00:00,3985.41000,3989.45000,3973.68000,3974.61000,6665.00000
2026-06-25 07:45:00+00:00,3974.61000,3988.98000,3971.52000,3987.91000,6154.00000
2026-06-25 08:00:00+00:00,3988.06000,3995.32000,3984.42000,3986.97000,7288.00000
2026-06-25 08:15:00+00:00,3986.92000,4001.28000,3986.33000,3993.77000,6824.00000
2026-06-25 08:30:00+00:00,3994.28000,4002.05000,3993.93000,3999.65000,6345.00000
2026-06-25 08:45:00+00:00,3999.85000,3999.85000,3988.65000,3989.25000,5830.00000
2026-06-25 09:00:00+00:00,3989.26000,3996.57000,3989.25000,3991.10000,6199.00000
2026-06-25 09:15:00+00:00,3991.07000,3995.45000,3989.36000,3994.04000,5513.00000
2026-06-25 09:30:00+00:00,3993.99000,3997.67000,3986.17000,3988.40000,6214.00000
2026-06-25 09:45:00+00:00,3988.30000,3993.47000,3987.66000,3988.30000,4189.00000
2026-06-25 10:00:00+00:00,3988.29000,3989.34000,3983.60000,3984.44000,4615.00000
2026-06-25 10:15:00+00:00,3984.29000,3989.33000,3983.27000,3989.23000,4463.00000
2026-06-25 10:30:00+00:00,3989.24000,3989.43000,3984.73000,3985.63000,4399.00000
2026-06-25 10:45:00+00:00,3985.52000,3985.74000,3981.41000,3984.37000,4143.00000
2026-06-25 11:00:00+00:00,3984.40000,3986.18000,3982.10000,3983.30000,5182.00000
2026-06-25 11:15:00+00:00,3983.14000,3983.14000,3976.16000,3977.28000,5506.00000
2026-06-25 11:30:00+00:00,3977.26000,3986.27000,3973.74000,3984.90000,5976.00000
2026-06-25 11:45:00+00:00,3984.89000,3987.85000,3979.53000,3980.10000,5678.00000
2026-06-25 12:00:00+00:00,3980.58000,3984.67000,3979.80000,3982.76000,6397.00000
2026-06-25 12:15:00+00:00,3982.53000,3986.11000,3979.02000,3983.77000,6440.00000
2026-06-25 12:30:00+00:00,3983.95000,4012.00000,3981.77000,4005.58000,11486.00000
2026-06-25 12:45:00+00:00,4005.53000,4019.19000,4003.66000,4012.57000,9855.00000
2026-06-25 13:00:00+00:00,4013.02000,4034.06000,4012.20000,4031.05000,11238.00000
2026-06-25 13:15:00+00:00,4031.06000,4031.49000,4018.72000,4022.13000,9695.00000
2026-06-25 13:30:00+00:00,4022.17000,4028.60000,4010.96000,4011.85000,11810.00000
2026-06-25 13:45:00+00:00,4011.97000,4019.21000,4001.17000,4002.34000,11966.00000
2026-06-25 14:00:00+00:00,4003.04000,4021.73000,3999.18000,4016.49000,12325.00000
2026-06-25 14:15:00+00:00,4016.44000,4028.39000,4013.00000,4026.69000,11698.00000
2026-06-25 14:30:00+00:00,4026.57000,4028.58000,4016.03000,4019.88000,10989.00000
2026-06-25 14:45:00+00:00,4019.84000,4020.88000,4011.40000,4012.08000,9879.00000
2026-06-25 15:00:00+00:00,4012.16000,4020.48000,4005.10000,4008.04000,10198.00000
2026-06-25 15:15:00+00:00,4007.92000,4040.62000,4005.97000,4027.07000,10983.00000
2026-06-25 15:30:00+00:00,4026.96000,4030.94000,4021.97000,4027.86000,9803.00000
2026-06-25 15:45:00+00:00,4027.84000,4042.75000,4026.99000,4041.38000,9550.00000
2026-06-25 16:00:00+00:00,4041.49000,4042.92000,4033.88000,4037.11000,9518.00000
2026-06-25 16:15:00+00:00,4037.13000,4044.10000,4037.13000,4040.43000,8191.00000
2026-06-25 16:30:00+00:00,4040.50000,4040.77000,4031.11000,4031.47000,8307.00000
2026-06-25 16:45:00+00:00,4031.43000,4033.44000,4023.86000,4028.76000,7940.00000
2026-06-25 17:00:00+00:00,4028.77000,4032.36000,4026.93000,4029.54000,7488.00000
2026-06-25 17:15:00+00:00,4029.47000,4035.97000,4027.92000,4032.68000,8245.00000
2026-06-25 17:30:00+00:00,4032.70000,4035.99000,4031.06000,4034.17000,6757.00000
2026-06-25 17:45:00+00:00,4034.18000,4036.78000,4029.82000,4034.79000,6515.00000
2026-06-25 18:00:00+00:00,4034.85000,4035.38000,4025.97000,4032.67000,8991.00000
2026-06-25 18:15:00+00:00,4032.68000,4044.23000,4032.25000,4044.17000,7439.00000
2026-06-25 18:30:00+00:00,4044.15000,4044.17000,4031.68000,4032.87000,7639.00000
2026-06-25 18:45:00+00:00,4032.84000,4036.33000,4029.96000,4034.81000,5816.00000
2026-06-25 19:00:00+00:00,4034.98000,4040.60000,4032.68000,4040.30000,6019.00000
2026-06-25 19:15:00+00:00,4040.29000,4043.84000,4035.49000,4036.08000,6479.00000
2026-06-25 19:30:00+00:00,4036.09000,4037.86000,4032.03000,4034.53000,6229.00000
2026-06-25 19:45:00+00:00,4034.55000,4034.56000,4021.97000,4026.77000,7937.00000
2026-06-25 20:00:00+00:00,4027.05000,4035.04000,4025.82000,4028.25000,3750.00000
2026-06-25 20:15:00+00:00,4028.24000,4030.87000,4026.68000,4030.86000,3129.00000
2026-06-25 20:30:00+00:00,4030.85000,4030.89000,4024.79000,4026.43000,2472.00000
2026-06-25 20:45:00+00:00,4026.32000,4026.98000,4024.31000,4026.69000,1537.00000
2026-06-25 22:00:00+00:00,4039.88000,4039.88000,4022.04000,4022.99000,3374.00000
2026-06-25 22:15:00+00:00,4022.99000,4026.29000,4019.98000,4024.91000,3302.00000
2026-06-25 22:30:00+00:00,4024.83000,4036.62000,4024.39000,4028.64000,5117.00000
2026-06-25 22:45:00+00:00,4028.65000,4030.35000,4022.09000,4026.42000,4801.00000
2026-06-25 23:00:00+00:00,4026.43000,4027.18000,4021.59000,4023.50000,3421.00000
2026-06-25 23:15:00+00:00,4023.51000,4030.31000,4022.60000,4029.82000,4391.00000
2026-06-25 23:30:00+00:00,4029.81000,4030.41000,4021.17000,4024.31000,4138.00000
2026-06-25 23:45:00+00:00,4024.32000,4024.32000,4012.62000,4014.56000,5501.00000
2026-06-26 00:00:00+00:00,4014.54000,4019.79000,4011.47000,4019.60000,8110.00000
2026-06-26 00:15:00+00:00,4019.53000,4023.36000,4012.49000,4015.48000,7037.00000
2026-06-26 00:30:00+00:00,4015.56000,4019.77000,4012.47000,4019.17000,7254.00000
2026-06-26 00:45:00+00:00,4019.34000,4024.46000,4015.63000,4020.31000,6531.00000
2026-06-26 01:00:00+00:00,4020.59000,4029.59000,4014.36000,4019.91000,9378.00000
2026-06-26 01:15:00+00:00,4019.90000,4026.50000,4017.82000,4022.79000,7230.00000
2026-06-26 01:30:00+00:00,4022.88000,4025.50000,4016.27000,4020.65000,8403.00000
2026-06-26 01:45:00+00:00,4020.60000,4022.91000,4014.55000,4021.04000,8317.00000
2026-06-26 02:00:00+00:00,4021.04000,4023.32000,4013.55000,4015.20000,7693.00000
2026-06-26 02:15:00+00:00,4015.13000,4016.73000,4004.12000,4007.38000,6249.00000
2026-06-26 02:30:00+00:00,4007.39000,4009.33000,3991.35000,3992.40000,8525.00000
2026-06-26 02:45:00+00:00,3992.38000,3995.44000,3983.11000,3990.78000,8336.00000
2026-06-26 03:00:00+00:00,3990.58000,3999.78000,3986.68000,3997.79000,7802.00000
2026-06-26 03:15:00+00:00,3997.82000,3999.99000,3992.78000,3995.43000,6947.00000
2026-06-26 03:30:00+00:00,3995.40000,4001.26000,3993.16000,4000.34000,6088.00000
2026-06-26 03:45:00+00:00,4000.35000,4006.54000,3997.46000,4004.34000,6555.00000
2026-06-26 04:00:00+00:00,4004.41000,4009.44000,3998.86000,4008.53000,6133.00000
2026-06-26 04:15:00+00:00,4008.51000,4012.05000,4006.05000,4007.46000,5877.00000
2026-06-26 04:30:00+00:00,4007.48000,4008.44000,4001.74000,4008.21000,5788.00000
2026-06-26 04:45:00+00:00,4008.20000,4015.37000,4007.26000,4011.38000,5565.00000
2026-06-26 05:00:00+00:00,4011.68000,4015.36000,4006.45000,4015.36000,5928.00000
2026-06-26 05:15:00+00:00,4015.41000,4019.23000,4011.86000,4016.73000,5716.00000
2026-06-26 05:30:00+00:00,4016.72000,4021.51000,4011.06000,4011.38000,8390.00000
2026-06-26 05:45:00+00:00,4011.42000,4015.41000,4005.84000,4008.05000,7351.00000
2026-06-26 06:00:00+00:00,4008.04000,4011.74000,4006.91000,4009.55000,7639.00000
2026-06-26 06:15:00+00:00,4009.57000,4024.81000,4008.45000,4024.37000,8692.00000
2026-06-26 06:30:00+00:00,4024.33000,4027.87000,4021.04000,4025.36000,8396.00000
2026-06-26 06:45:00+00:00,4025.28000,4033.21000,4022.16000,4032.19000,7688.00000
2026-06-26 07:00:00+00:00,4032.15000,4033.94000,4026.76000,4027.48000,6724.00000
2026-06-26 07:15:00+00:00,4027.50000,4039.74000,4027.06000,4037.93000,5707.00000
2026-06-26 07:30:00+00:00,4038.00000,4038.89000,4031.11000,4031.52000,5270.00000
2026-06-26 07:45:00+00:00,4031.53000,4032.25000,4027.86000,4030.71000,4466.00000
2026-06-26 08:00:00+00:00,4030.70000,4033.18000,4025.92000,4031.05000,6289.00000
2026-06-26 08:15:00+00:00,4031.11000,4035.88000,4029.96000,4035.71000,5649.00000
2026-06-26 08:30:00+00:00,4035.52000,4036.07000,4032.46000,4035.74000,5439.00000
2026-06-26 08:45:00+00:00,4035.76000,4037.84000,4029.71000,4031.06000,5093.00000
2026-06-26 09:00:00+00:00,4031.07000,4041.60000,4029.69000,4039.51000,5725.00000
2026-06-26 09:15:00+00:00,4039.51000,4050.87000,4034.51000,4048.37000,6572.00000
2026-06-26 09:30:00+00:00,4047.97000,4054.13000,4045.34000,4048.17000,6396.00000
2026-06-26 09:45:00+00:00,4048.19000,4054.05000,4045.55000,4047.26000,5772.00000
2026-06-26 10:00:00+00:00,4047.32000,4052.16000,4044.55000,4051.09000,5425.00000
2026-06-26 10:15:00+00:00,4051.03000,4051.60000,4042.36000,4048.11000,4888.00000
2026-06-26 10:30:00+00:00,4048.24000,4054.42000,4046.93000,4048.59000,5307.00000
2026-06-26 10:45:00+00:00,4048.58000,4054.99000,4048.00000,4054.76000,4695.00000
2026-06-26 11:00:00+00:00,4054.75000,4055.41000,4047.30000,4047.42000,5649.00000
2026-06-26 11:15:00+00:00,4047.40000,4053.71000,4046.32000,4052.72000,5077.00000
2026-06-26 11:30:00+00:00,4052.82000,4055.17000,4046.27000,4046.77000,5159.00000
2026-06-26 11:45:00+00:00,4046.76000,4048.55000,4042.76000,4046.01000,5759.00000
2026-06-26 12:00:00+00:00,4046.19000,4050.92000,4043.75000,4049.19000,5647.00000
2026-06-26 12:15:00+00:00,4048.99000,4051.54000,4042.05000,4046.69000,6253.00000
2026-06-26 12:30:00+00:00,4046.66000,4049.35000,4035.93000,4040.39000,6848.00000
2026-06-26 12:45:00+00:00,4040.39000,4061.13000,4039.39000,4059.09000,7839.00000
2026-06-26 13:00:00+00:00,4059.59000,4066.00000,4043.51000,4050.65000,9887.00000
2026-06-26 13:15:00+00:00,4050.52000,4058.68000,4043.52000,4057.13000,9801.00000
2026-06-26 13:30:00+00:00,4056.69000,4062.34000,4044.60000,4062.33000,11569.00000
2026-06-26 13:45:00+00:00,4062.43000,4078.03000,4058.77000,4073.70000,10589.00000
2026-06-26 14:00:00+00:00,4073.54000,4085.15000,4067.88000,4082.22000,10821.00000
2026-06-26 14:15:00+00:00,4082.25000,4093.02000,4081.32000,4084.47000,10240.00000
2026-06-26 14:30:00+00:00,4084.58000,4084.85000,4076.37000,4082.63000,9227.00000
2026-06-26 14:45:00+00:00,4082.64000,4091.29000,4080.49000,4080.49000,10124.00000
2026-06-26 15:00:00+00:00,4080.52000,4083.26000,4075.80000,4079.63000,8620.00000
2026-06-26 15:15:00+00:00,4079.69000,4084.54000,4078.00000,4084.31000,7875.00000
2026-06-26 15:30:00+00:00,4084.35000,4095.52000,4081.87000,4095.12000,8334.00000
2026-06-26 15:45:00+00:00,4095.19000,4095.98000,4083.38000,4090.60000,8261.00000
2026-06-26 16:00:00+00:00,4090.66000,4092.92000,4088.42000,4091.29000,6677.00000
2026-06-26 16:15:00+00:00,4091.31000,4093.52000,4083.24000,4086.79000,6739.00000
2026-06-26 16:30:00+00:00,4086.80000,4093.12000,4082.32000,4084.58000,6572.00000
2026-06-26 16:45:00+00:00,4084.80000,4086.82000,4082.94000,4085.15000,5100.00000
2026-06-26 17:00:00+00:00,4085.17000,4088.22000,4082.60000,4083.47000,5197.00000
2026-06-26 17:15:00+00:00,4083.48000,4085.19000,4080.38000,4081.57000,5943.00000
2026-06-26 17:30:00+00:00,4081.71000,4083.35000,4074.26000,4076.78000,6666.00000
2026-06-26 17:45:00+00:00,4076.76000,4077.76000,4073.73000,4074.77000,5230.00000
2026-06-26 18:00:00+00:00,4074.84000,4078.77000,4072.47000,4076.91000,5319.00000
2026-06-26 18:15:00+00:00,4076.94000,4077.04000,4071.61000,4073.58000,4766.00000
2026-06-26 18:30:00+00:00,4073.60000,4075.48000,4071.89000,4072.66000,4068.00000
2026-06-26 18:45:00+00:00,4072.65000,4072.65000,4067.21000,4067.35000,4773.00000
2026-06-26 19:00:00+00:00,4067.42000,4070.02000,4064.59000,4069.50000,5268.00000
2026-06-26 19:15:00+00:00,4069.49000,4069.66000,4064.62000,4066.46000,4798.00000
2026-06-26 19:30:00+00:00,4066.51000,4070.85000,4065.81000,4068.77000,5151.00000
2026-06-26 19:45:00+00:00,4068.76000,4074.66000,4067.05000,4071.66000,6065.00000
2026-06-26 20:00:00+00:00,4071.87000,4072.72000,4064.69000,4067.84000,3858.00000
2026-06-26 20:15:00+00:00,4067.96000,4073.04000,4066.34000,4072.20000,3137.00000
2026-06-26 20:30:00+00:00,4072.04000,4072.10000,4067.05000,4070.78000,4038.00000
2026-06-26 20:45:00+00:00,4070.67000,4090.65000,4070.26000,4088.97000,3073.00000
2026-06-28 22:00:00+00:00,4079.72000,4086.30000,4070.29000,4070.38000,6658.00000
2026-06-28 22:15:00+00:00,4070.64000,4070.79000,4053.17000,4057.28000,6156.00000
2026-06-28 22:30:00+00:00,4056.96000,4065.25000,4055.53000,4063.33000,4848.00000
2026-06-28 22:45:00+00:00,4063.28000,4069.43000,4062.39000,4066.49000,4061.00000
2026-06-28 23:00:00+00:00,4066.49000,4070.33000,4065.28000,4065.67000,4876.00000
2026-06-28 23:15:00+00:00,4065.70000,4065.70000,4055.44000,4056.97000,4298.00000
2026-06-28 23:30:00+00:00,4057.01000,4062.66000,4052.03000,4062.65000,4823.00000
2026-06-28 23:45:00+00:00,4062.64000,4066.27000,4061.37000,4062.81000,5662.00000
2026-06-29 00:00:00+00:00,4062.77000,4064.71000,4053.90000,4058.85000,9631.00000
2026-06-29 00:15:00+00:00,4058.81000,4061.99000,4048.31000,4048.35000,8578.00000
2026-06-29 00:30:00+00:00,4048.57000,4069.73000,4048.57000,4069.54000,7987.00000
2026-06-29 00:45:00+00:00,4069.42000,4074.19000,4063.12000,4069.64000,7875.00000
2026-06-29 01:00:00+00:00,4069.58000,4074.56000,4053.87000,4054.86000,10385.00000
2026-06-29 01:15:00+00:00,4054.87000,4066.07000,4054.73000,4059.36000,9544.00000
2026-06-29 01:30:00+00:00,4059.43000,4066.74000,4055.82000,4063.66000,8809.00000
2026-06-29 01:45:00+00:00,4063.65000,4063.93000,4054.98000,4061.39000,8685.00000
2026-06-29 02:00:00+00:00,4061.37000,4070.50000,4059.46000,4061.07000,8690.00000
2026-06-29 02:15:00+00:00,4061.04000,4070.77000,4060.48000,4068.95000,6907.00000
2026-06-29 02:30:00+00:00,4069.03000,4071.77000,4058.51000,4060.61000,7764.00000
2026-06-29 02:45:00+00:00,4060.67000,4069.48000,4059.07000,4066.42000,7758.00000
2026-06-29 03:00:00+00:00,4066.41000,4071.02000,4065.13000,4069.16000,6855.00000
2026-06-29 03:15:00+00:00,4069.19000,4075.61000,4067.51000,4072.51000,6872.00000
2026-06-29 03:30:00+00:00,4072.81000,4073.49000,4065.74000,4067.94000,5824.00000
2026-06-29 03:45:00+00:00,4067.96000,4071.96000,4066.32000,4069.03000,4741.00000
2026-06-29 04:00:00+00:00,4069.04000,4069.06000,4064.27000,4065.67000,4662.00000
2026-06-29 04:15:00+00:00,4065.69000,4066.66000,4062.38000,4065.21000,4089.00000
2026-06-29 04:30:00+00:00,4065.17000,4065.58000,4052.94000,4057.19000,5626.00000
2026-06-29 04:45:00+00:00,4057.50000,4057.81000,4049.67000,4052.33000,4749.00000
2026-06-29 05:00:00+00:00,4052.17000,4057.39000,4047.19000,4056.03000,6518.00000
2026-06-29 05:15:00+00:00,4056.02000,4057.45000,4048.11000,4049.42000,5739.00000
2026-06-29 05:30:00+00:00,4049.30000,4051.60000,4039.46000,4050.51000,8716.00000
2026-06-29 05:45:00+00:00,4050.53000,4057.00000,4047.32000,4054.50000,7823.00000
2026-06-29 06:00:00+00:00,4054.95000,4064.17000,4053.65000,4059.87000,7905.00000
2026-06-29 06:15:00+00:00,4059.91000,4063.13000,4056.15000,4060.94000,6458.00000
2026-06-29 06:30:00+00:00,4061.02000,4062.01000,4055.21000,4061.33000,6281.00000
2026-06-29 06:45:00+00:00,4061.32000,4065.01000,4060.02000,4062.45000,5903.00000
2026-06-29 07:00:00+00:00,4062.50000,4062.77000,4056.20000,4059.27000,6221.00000
2026-06-29 07:15:00+00:00,4059.24000,4066.40000,4058.23000,4066.12000,5495.00000
2026-06-29 07:30:00+00:00,4066.14000,4066.35000,4061.13000,4062.79000,5328.00000
2026-06-29 07:45:00+00:00,4062.80000,4068.56000,4060.91000,4061.73000,5145.00000
2026-06-29 08:00:00+00:00,4061.72000,4065.94000,4060.65000,4064.05000,6094.00000
2026-06-29 08:15:00+00:00,4064.00000,4065.50000,4060.63000,4061.28000,5368.00000
2026-06-29 08:30:00+00:00,4061.26000,4066.67000,4054.78000,4055.80000,5528.00000
2026-06-29 08:45:00+00:00,4055.81000,4057.40000,4043.70000,4047.05000,5994.00000
2026-06-29 09:00:00+00:00,4047.02000,4055.24000,4045.27000,4050.17000,5836.00000
2026-06-29 09:15:00+00:00,4050.07000,4053.46000,4045.15000,4047.39000,5758.00000
2026-06-29 09:30:00+00:00,4047.80000,4050.69000,4040.65000,4043.59000,6256.00000
2026-06-29 09:45:00+00:00,4043.56000,4044.04000,4024.56000,4031.58000,7120.00000
2026-06-29 10:00:00+00:00,4031.59000,4039.72000,4027.54000,4038.48000,6254.00000
2026-06-29 10:15:00+00:00,4038.43000,4038.72000,4032.81000,4037.39000,5206.00000
2026-06-29 10:30:00+00:00,4037.37000,4038.71000,4031.95000,4034.66000,5259.00000
2026-06-29 10:45:00+00:00,4034.35000,4038.30000,4032.83000,4036.86000,4528.00000
2026-06-29 11:00:00+00:00,4037.51000,4038.58000,4032.54000,4034.38000,5010.00000
2026-06-29 11:15:00+00:00,4034.35000,4036.05000,4027.35000,4032.06000,4958.00000
2026-06-29 11:30:00+00:00,4032.05000,4038.61000,4029.94000,4035.34000,5719.00000
2026-06-29 11:45:00+00:00,4035.35000,4042.24000,4034.91000,4039.26000,5171.00000
2026-06-29 12:00:00+00:00,4039.38000,4052.45000,4037.94000,4047.73000,6688.00000
2026-06-29 12:15:00+00:00,4047.75000,4049.77000,4037.74000,4038.42000,6584.00000
2026-06-29 12:30:00+00:00,4038.47000,4047.14000,4037.51000,4044.93000,6381.00000
2026-06-29 12:45:00+00:00,4044.87000,4047.83000,4042.46000,4043.63000,5554.00000
2026-06-29 13:00:00+00:00,4043.65000,4051.74000,4043.38000,4047.26000,7678.00000
2026-06-29 13:15:00+00:00,4047.17000,4049.75000,4037.91000,4037.91000,7199.00000
2026-06-29 13:30:00+00:00,4038.00000,4044.61000,4034.11000,4038.58000,10648.00000
2026-06-29 13:45:00+00:00,4038.44000,4040.50000,4028.27000,4032.22000,10133.00000
2026-06-29 14:00:00+00:00,4032.34000,4035.42000,4008.19000,4008.93000,11503.00000
2026-06-29 14:15:00+00:00,4008.88000,4028.40000,4000.59000,4024.97000,11223.00000
2026-06-29 14:30:00+00:00,4024.88000,4028.24000,4020.20000,4021.08000,9716.00000
2026-06-29 14:45:00+00:00,4021.59000,4030.37000,4018.04000,4025.66000,9551.00000
2026-06-29 15:00:00+00:00,4025.68000,4026.39000,4019.35000,4021.93000,8894.00000
2026-06-29 15:15:00+00:00,4021.98000,4027.65000,4016.74000,4024.35000,8143.00000
2026-06-29 15:30:00+00:00,4024.49000,4026.59000,4017.45000,4022.80000,7392.00000
2026-06-29 15:45:00+00:00,4022.79000,4030.36000,4022.24000,4027.03000,6737.00000
2026-06-29 16:00:00+00:00,4027.04000,4028.72000,4023.67000,4023.75000,5531.00000
2026-06-29 16:15:00+00:00,4023.78000,4026.58000,4021.92000,4023.76000,4624.00000
2026-06-29 16:30:00+00:00,4023.97000,4024.40000,4018.82000,4021.49000,5303.00000
2026-06-29 16:45:00+00:00,4021.48000,4028.15000,4020.78000,4023.97000,4921.00000
2026-06-29 17:00:00+00:00,4024.01000,4032.09000,4023.37000,4029.07000,5222.00000
2026-06-29 17:15:00+00:00,4029.06000,4030.83000,4022.55000,4024.02000,5256.00000
2026-06-29 17:30:00+00:00,4024.00000,4024.56000,4020.87000,4022.03000,4565.00000
2026-06-29 17:45:00+00:00,4022.13000,4022.65000,4019.41000,4021.07000,4569.00000
2026-06-29 18:00:00+00:00,4021.08000,4024.42000,4020.51000,4024.12000,4138.00000
2026-06-29 18:15:00+00:00,4024.14000,4025.28000,4020.40000,4021.14000,3806.00000
2026-06-29 18:30:00+00:00,4021.12000,4021.62000,4019.56000,4020.85000,3085.00000
2026-06-29 18:45:00+00:00,4020.83000,4021.05000,4012.07000,4013.44000,3992.00000
2026-06-29 19:00:00+00:00,4013.43000,4014.71000,4008.18000,4008.19000,4869.00000
2026-06-29 19:15:00+00:00,4008.07000,4017.22000,4005.32000,4017.18000,4333.00000
2026-06-29 19:30:00+00:00,4017.28000,4019.52000,4016.46000,4017.94000,4113.00000
2026-06-29 19:45:00+00:00,4017.93000,4018.47000,4012.66000,4015.90000,5001.00000
2026-06-29 20:00:00+00:00,4015.95000,4016.17000,4012.78000,4014.41000,2378.00000
2026-06-29 20:15:00+00:00,4014.44000,4018.02000,4014.41000,4017.80000,1377.00000
2026-06-29 20:30:00+00:00,4017.80000,4017.89000,4014.53000,4015.74000,1182.00000
2026-06-29 20:45:00+00:00,4015.64000,4017.26000,4014.53000,4016.65000,1400.00000
2026-06-29 22:00:00+00:00,4019.33000,4022.07000,4016.66000,4018.60000,2827.00000
2026-06-29 22:15:00+00:00,4018.61000,4020.66000,4015.38000,4016.08000,2456.00000
2026-06-29 22:30:00+00:00,4015.81000,4015.89000,4010.58000,4010.58000,3389.00000
2026-06-29 22:45:00+00:00,4010.50000,4017.01000,4009.75000,4014.22000,3891.00000
2026-06-29 23:00:00+00:00,4014.42000,4021.52000,4014.23000,4020.89000,3446.00000
2026-06-29 23:15:00+00:00,4020.90000,4022.48000,4015.88000,4016.83000,3127.00000
2026-06-29 23:30:00+00:00,4016.80000,4021.85000,4013.50000,4015.25000,3383.00000
2026-06-29 23:45:00+00:00,4015.16000,4018.13000,4013.52000,4014.92000,3650.00000
2026-06-30 00:00:00+00:00,4014.93000,4015.18000,4003.42000,4010.37000,7942.00000
2026-06-30 00:15:00+00:00,4010.34000,4011.66000,4004.15000,4006.28000,5681.00000
2026-06-30 00:30:00+00:00,4006.33000,4006.80000,3991.05000,3991.93000,6807.00000
2026-06-30 00:45:00+00:00,3991.96000,3994.10000,3980.14000,3987.24000,8135.00000
2026-06-30 01:00:00+00:00,3987.19000,3987.19000,3941.52000,3958.03000,11847.00000
2026-06-30 01:15:00+00:00,3958.03000,3980.77000,3950.21000,3979.06000,10120.00000
2026-06-30 01:30:00+00:00,3979.05000,3979.52000,3966.43000,3968.98000,9658.00000
2026-06-30 01:45:00+00:00,3968.99000,3973.44000,3961.43000,3969.40000,9219.00000
2026-06-30 02:00:00+00:00,3969.35000,3973.24000,3952.43000,3957.50000,9040.00000
2026-06-30 02:15:00+00:00,3957.50000,3965.51000,3956.07000,3961.94000,6409.00000
2026-06-30 02:30:00+00:00,3961.52000,3964.13000,3954.32000,3959.67000,8030.00000
2026-06-30 02:45:00+00:00,3959.66000,3970.48000,3959.30000,3962.79000,8097.00000
2026-06-30 03:00:00+00:00,3962.78000,3969.70000,3962.59000,3966.39000,6691.00000
2026-06-30 03:15:00+00:00,3966.17000,3971.01000,3963.16000,3965.65000,7152.00000
2026-06-30 03:30:00+00:00,3965.76000,3967.03000,3960.28000,3963.28000,5115.00000
2026-06-30 03:45:00+00:00,3963.29000,3971.16000,3963.21000,3969.84000,5325.00000
2026-06-30 04:00:00+00:00,3969.87000,3975.04000,3968.23000,3972.62000,5284.00000
2026-06-30 04:15:00+00:00,3972.60000,3983.49000,3972.07000,3982.70000,4434.00000
2026-06-30 04:30:00+00:00,3982.55000,3998.10000,3982.42000,3988.57000,6739.00000
2026-06-30 04:45:00+00:00,3988.60000,3991.36000,3983.66000,3985.59000,5524.00000
2026-06-30 05:00:00+00:00,3985.58000,3990.81000,3983.98000,3984.88000,5833.00000
2026-06-30 05:15:00+00:00,3984.86000,3987.66000,3979.74000,3982.89000,5424.00000
2026-06-30 05:30:00+00:00,3982.92000,3985.07000,3975.23000,3979.45000,8552.00000
2026-06-30 05:45:00+00:00,3979.40000,3981.84000,3976.40000,3978.03000,7365.00000
2026-06-30 06:00:00+00:00,3978.03000,3989.53000,3978.03000,3987.78000,7977.00000
2026-06-30 06:15:00+00:00,3987.79000,4013.39000,3984.12000,4012.14000,8964.00000
2026-06-30 06:30:00+00:00,4012.11000,4033.93000,4011.17000,4024.86000,10767.00000
2026-06-30 06:45:00+00:00,4024.88000,4033.43000,4023.92000,4029.85000,8504.00000
2026-06-30 07:00:00+00:00,4029.77000,4030.11000,4023.85000,4025.84000,6858.00000
2026-06-30 07:15:00+00:00,4025.83000,4034.79000,4025.46000,4028.62000,6242.00000
2026-06-30 07:30:00+00:00,4028.63000,4031.98000,4026.29000,4028.90000,5502.00000
2026-06-30 07:45:00+00:00,4028.71000,4033.25000,4025.65000,4032.35000,5003.00000
2026-06-30 08:00:00+00:00,4032.44000,4037.66000,4022.01000,4024.33000,7354.00000
2026-06-30 08:15:00+00:00,4024.30000,4026.34000,4020.33000,4025.99000,5925.00000
2026-06-30 08:30:00+00:00,4025.97000,4026.85000,4015.60000,4018.00000,6293.00000
2026-06-30 08:45:00+00:00,4018.03000,4019.63000,4013.89000,4015.65000,6081.00000
2026-06-30 09:00:00+00:00,4015.33000,4021.76000,4014.77000,4018.50000,4561.00000
2026-06-30 09:15:00+00:00,4018.49000,4022.92000,4016.24000,4017.47000,5291.00000
2026-06-30 09:30:00+00:00,4017.49000,4018.78000,4012.49000,4018.66000,5549.00000
2026-06-30 09:45:00+00:00,4018.68000,4023.92000,4018.31000,4023.92000,4955.00000
2026-06-30 10:00:00+00:00,4024.06000,4026.64000,4021.60000,4025.83000,4927.00000
2026-06-30 10:15:00+00:00,4025.84000,4028.75000,4023.93000,4028.60000,4353.00000
2026-06-30 10:30:00+00:00,4028.60000,4030.00000,4025.30000,4028.14000,4324.00000
2026-06-30 10:45:00+00:00,4028.12000,4031.37000,4026.44000,4029.94000,4107.00000
2026-06-30 11:00:00+00:00,4029.95000,4033.73000,4025.55000,4033.59000,5210.00000
2026-06-30 11:15:00+00:00,4033.62000,4034.25000,4029.95000,4031.97000,5184.00000
2026-06-30 11:30:00+00:00,4031.98000,4035.19000,4028.41000,4034.62000,5375.00000
2026-06-30 11:45:00+00:00,4034.64000,4037.31000,4030.22000,4033.93000,5531.00000
2026-06-30 12:00:00+00:00,4033.94000,4034.45000,4026.10000,4026.69000,5738.00000
2026-06-30 12:15:00+00:00,4026.59000,4028.68000,4014.97000,4016.91000,7105.00000
2026-06-30 12:30:00+00:00,4016.86000,4021.92000,4012.76000,4018.78000,7739.00000
2026-06-30 12:45:00+00:00,4018.35000,4018.46000,4008.64000,4009.99000,6828.00000
2026-06-30 13:00:00+00:00,4009.98000,4025.92000,4009.41000,4023.60000,9476.00000
2026-06-30 13:15:00+00:00,4023.61000,4033.41000,4019.17000,4023.69000,8277.00000
2026-06-30 13:30:00+00:00,4023.78000,4027.50000,4013.29000,4025.22000,10072.00000
2026-06-30 13:45:00+00:00,4025.09000,4032.61000,4022.14000,4029.72000,10037.00000
2026-06-30 14:00:00+00:00,4030.13000,4048.61000,4025.31000,4043.65000,10771.00000
2026-06-30 14:15:00+00:00,4043.54000,4063.40000,4043.15000,4054.17000,10758.00000
2026-06-30 14:30:00+00:00,4054.38000,4058.72000,4044.93000,4051.14000,10035.00000
2026-06-30 14:45:00+00:00,4051.20000,4051.20000,4037.45000,4037.47000,9648.00000
2026-06-30 15:00:00+00:00,4037.59000,4039.35000,4032.25000,4036.08000,9320.00000
2026-06-30 15:15:00+00:00,4035.80000,4035.94000,4022.25000,4028.60000,8585.00000
2026-06-30 15:30:00+00:00,4028.69000,4031.40000,4026.97000,4029.55000,7051.00000
2026-06-30 15:45:00+00:00,4029.54000,4034.77000,4028.96000,4029.42000,7149.00000
2026-06-30 16:00:00+00:00,4029.41000,4030.41000,4025.90000,4029.99000,5702.00000
2026-06-30 16:15:00+00:00,4030.17000,4031.55000,4027.87000,4029.65000,5303.00000
2026-06-30 16:30:00+00:00,4029.66000,4032.24000,4027.44000,4031.52000,4993.00000
2026-06-30 16:45:00+00:00,4031.53000,4033.95000,4026.06000,4026.22000,4823.00000
2026-06-30 17:00:00+00:00,4026.21000,4027.96000,4020.84000,4023.26000,6312.00000
2026-06-30 17:15:00+00:00,4023.28000,4028.08000,4021.71000,4025.53000,6261.00000
2026-06-30 17:30:00+00:00,4025.45000,4029.85000,4025.45000,4029.56000,4676.00000
2026-06-30 17:45:00+00:00,4029.46000,4032.25000,4029.22000,4030.86000,3919.00000
2026-06-30 18:00:00+00:00,4030.90000,4033.83000,4030.87000,4032.46000,3427.00000
2026-06-30 18:15:00+00:00,4032.50000,4033.01000,4030.57000,4031.46000,3414.00000
2026-06-30 18:30:00+00:00,4031.62000,4031.63000,4028.27000,4030.91000,3012.00000
2026-06-30 18:45:00+00:00,4030.90000,4032.57000,4028.55000,4028.63000,3750.00000
2026-06-30 19:00:00+00:00,4028.62000,4029.53000,4023.51000,4024.14000,4019.00000
2026-06-30 19:15:00+00:00,4024.17000,4025.14000,4021.24000,4021.24000,3921.00000
2026-06-30 19:30:00+00:00,4021.23000,4023.19000,4020.75000,4022.14000,4172.00000
2026-06-30 19:45:00+00:00,4022.06000,4022.71000,4014.90000,4016.04000,7125.00000
2026-06-30 20:00:00+00:00,4015.97000,4020.75000,4013.98000,4019.99000,3500.00000
2026-06-30 20:15:00+00:00,4020.01000,4021.17000,4012.54000,4013.00000,2878.00000
2026-06-30 20:30:00+00:00,4012.96000,4013.75000,4010.38000,4011.24000,1737.00000
2026-06-30 20:45:00+00:00,4011.15000,4011.72000,4006.47000,4007.54000,1922.00000
2026-06-30 22:00:00+00:00,4012.25000,4017.64000,4008.64000,4014.75000,3643.00000
2026-06-30 22:15:00+00:00,4014.98000,4016.66000,4012.25000,4013.88000,2947.00000
2026-06-30 22:30:00+00:00,4013.78000,4017.88000,4013.08000,4014.29000,2561.00000
2026-06-30 22:45:00+00:00,4014.20000,4016.26000,4011.13000,4013.18000,2780.00000
2026-06-30 23:00:00+00:00,4013.21000,4018.30000,4011.09000,4014.09000,4097.00000
2026-06-30 23:15:00+00:00,4014.13000,4015.19000,4008.19000,4011.08000,3003.00000
2026-06-30 23:30:00+00:00,4011.07000,4012.57000,4008.84000,4009.33000,3079.00000
2026-06-30 23:45:00+00:00,4009.29000,4010.12000,4005.44000,4005.83000,3982.00000
2026-07-01 00:00:00+00:00,4005.81000,4009.79000,4005.45000,4008.49000,5300.00000
2026-07-01 00:15:00+00:00,4008.47000,4009.12000,4001.19000,4001.84000,6348.00000
2026-07-01 00:30:00+00:00,4001.89000,4005.68000,3996.23000,3996.46000,5564.00000
2026-07-01 00:45:00+00:00,3996.42000,3999.48000,3993.16000,3996.75000,5911.00000
2026-07-01 01:00:00+00:00,3996.68000,3999.48000,3979.09000,3984.38000,10075.00000
2026-07-01 01:15:00+00:00,3984.44000,3985.97000,3975.73000,3985.72000,8405.00000
2026-07-01 01:30:00+00:00,3985.73000,3988.57000,3975.36000,3978.78000,8246.00000
2026-07-01 01:45:00+00:00,3978.77000,3981.94000,3973.94000,3977.82000,7817.00000
2026-07-01 02:00:00+00:00,3977.81000,3979.75000,3970.23000,3976.54000,7981.00000
2026-07-01 02:15:00+00:00,3976.47000,3982.32000,3975.81000,3980.93000,5566.00000
2026-07-01 02:30:00+00:00,3980.57000,3986.03000,3978.84000,3983.09000,6607.00000
2026-07-01 02:45:00+00:00,3983.19000,3985.30000,3978.35000,3979.18000,6034.00000
2026-07-01 03:00:00+00:00,3979.10000,3985.57000,3978.58000,3983.47000,5606.00000
2026-07-01 03:15:00+00:00,3983.46000,3986.87000,3980.24000,3981.45000,5303.00000
2026-07-01 03:30:00+00:00,3981.47000,3982.20000,3976.89000,3977.51000,5004.00000
2026-07-01 03:45:00+00:00,3977.50000,3980.60000,3976.78000,3980.52000,3655.00000
2026-07-01 04:00:00+00:00,3980.54000,3981.05000,3974.10000,3976.27000,4449.00000
2026-07-01 04:15:00+00:00,3976.27000,3978.11000,3974.40000,3977.59000,3564.00000
2026-07-01 04:30:00+00:00,3977.43000,3980.66000,3972.32000,3974.58000,4478.00000
2026-07-01 04:45:00+00:00,3974.51000,3982.73000,3974.35000,3976.64000,4595.00000
2026-07-01 05:00:00+00:00,3976.60000,3977.11000,3969.75000,3971.95000,5369.00000
2026-07-01 05:15:00+00:00,3971.96000,3975.16000,3970.07000,3972.72000,4592.00000
2026-07-01 05:30:00+00:00,3972.75000,3978.85000,3970.40000,3974.65000,8017.00000
2026-07-01 05:45:00+00:00,3974.75000,3978.89000,3973.57000,3973.99000,6616.00000
2026-07-01 06:00:00+00:00,3973.97000,3977.52000,3963.69000,3965.23000,8322.00000
2026-07-01 06:15:00+00:00,3965.19000,3969.81000,3963.21000,3966.82000,6889.00000
2026-07-01 06:30:00+00:00,3967.42000,3973.49000,3963.33000,3971.79000,6060.00000
2026-07-01 06:45:00+00:00,3971.81000,3973.55000,3969.06000,3971.90000,5081.00000
2026-07-01 07:00:00+00:00,3971.75000,3973.81000,3960.41000,3961.61000,6942.00000
2026-07-01 07:15:00+00:00,3961.56000,3971.93000,3960.24000,3964.38000,6144.00000
2026-07-01 07:30:00+00:00,3964.46000,3971.20000,3960.81000,3971.02000,5953.00000
2026-07-01 07:45:00+00:00,3971.10000,3978.36000,3968.98000,3976.14000,6436.00000
2026-07-01 08:00:00+00:00,3976.07000,3976.29000,3969.49000,3974.29000,5757.00000
2026-07-01 08:15:00+00:00,3974.29000,3984.48000,3974.22000,3978.91000,6101.00000
2026-07-01 08:30:00+00:00,3978.35000,3979.76000,3972.46000,3977.04000,5361.00000
2026-07-01 08:45:00+00:00,3977.06000,3977.45000,3971.37000,3974.50000,4735.00000
2026-07-01 09:00:00+00:00,3974.49000,3977.62000,3972.85000,3975.88000,5018.00000
2026-07-01 09:15:00+00:00,3975.81000,3980.44000,3975.67000,3978.81000,4513.00000
2026-07-01 09:30:00+00:00,3978.75000,3982.63000,3977.67000,3981.77000,4357.00000
2026-07-01 09:45:00+00:00,3981.79000,3986.00000,3981.79000,3984.51000,4588.00000
2026-07-01 10:00:00+00:00,3984.59000,3989.59000,3983.04000,3984.31000,4863.00000
2026-07-01 10:15:00+00:00,3984.55000,3987.44000,3981.10000,3987.24000,4147.00000
2026-07-01 10:30:00+00:00,3987.21000,3994.39000,3986.62000,3987.38000,4790.00000
2026-07-01 10:45:00+00:00,3987.47000,3998.80000,3987.09000,3998.41000,4446.00000
2026-07-01 11:00:00+00:00,3998.42000,4019.41000,3997.98000,4016.02000,7205.00000
2026-07-01 11:15:00+00:00,4016.13000,4028.21000,4015.24000,4026.87000,7951.00000
2026-07-01 11:30:00+00:00,4026.70000,4031.89000,4023.26000,4029.38000,6694.00000
2026-07-01 11:45:00+00:00,4029.37000,4035.58000,4028.86000,4030.48000,6868.00000
2026-07-01 12:00:00+00:00,4030.69000,4033.98000,4019.38000,4022.05000,7909.00000
2026-07-01 12:15:00+00:00,4022.46000,4030.49000,4020.56000,4026.10000,7759.00000
2026-07-01 12:30:00+00:00,4025.93000,4033.20000,4023.26000,4026.21000,8630.00000
2026-07-01 12:45:00+00:00,4026.39000,4029.02000,4022.73000,4022.89000,7304.00000
2026-07-01 13:00:00+00:00,4023.00000,4025.01000,4012.90000,4021.44000,10168.00000
2026-07-01 13:15:00+00:00,4021.43000,4047.24000,4021.43000,4047.21000,11250.00000
2026-07-01 13:30:00+00:00,4047.00000,4099.77000,4041.96000,4098.34000,12856.00000
2026-07-01 13:45:00+00:00,4098.38000,4107.85000,4084.96000,4089.84000,11775.00000
2026-07-01 14:00:00+00:00,4091.55000,4101.70000,4083.14000,4092.94000,11470.00000
2026-07-01 14:15:00+00:00,4093.01000,4106.93000,4089.59000,4100.73000,11229.00000
2026-07-01 14:30:00+00:00,4100.78000,4115.67000,4092.15000,4093.10000,11181.00000
2026-07-01 14:45:00+00:00,4093.02000,4095.15000,4086.61000,4093.55000,9571.00000
2026-07-01 15:00:00+00:00,4093.51000,4094.63000,4082.12000,4085.30000,9369.00000
2026-07-01 15:15:00+00:00,4085.36000,4092.19000,4078.66000,4084.00000,8164.00000
2026-07-01 15:30:00+00:00,4084.01000,4084.12000,4076.99000,4082.60000,8217.00000
2026-07-01 15:45:00+00:00,4082.50000,4088.01000,4079.63000,4081.26000,7140.00000
2026-07-01 16:00:00+00:00,4081.26000,4088.57000,4081.26000,4082.75000,6165.00000
2026-07-01 16:15:00+00:00,4082.72000,4085.25000,4080.74000,4081.59000,5477.00000
2026-07-01 16:30:00+00:00,4081.78000,4083.40000,4072.92000,4074.57000,5322.00000
2026-07-01 16:45:00+00:00,4074.55000,4076.37000,4070.60000,4071.32000,5495.00000
2026-07-01 17:00:00+00:00,4071.15000,4073.73000,4067.93000,4071.38000,5833.00000
2026-07-01 17:15:00+00:00,4071.44000,4072.13000,4067.91000,4068.19000,5034.00000
2026-07-01 17:30:00+00:00,4068.27000,4073.34000,4068.12000,4071.03000,4663.00000
2026-07-01 17:45:00+00:00,4071.00000,4072.50000,4067.52000,4068.33000,4396.00000
2026-07-01 18:00:00+00:00,4068.35000,4070.86000,4067.33000,4069.01000,4200.00000
2026-07-01 18:15:00+00:00,4068.96000,4069.25000,4061.21000,4061.38000,5035.00000
2026-07-01 18:30:00+00:00,4061.66000,4066.11000,4061.45000,4063.09000,4482.00000
2026-07-01 18:45:00+00:00,4063.00000,4063.24000,4057.84000,4062.28000,4436.00000
2026-07-01 19:00:00+00:00,4062.25000,4068.36000,4061.75000,4065.57000,4725.00000
2026-07-01 19:15:00+00:00,4065.55000,4066.32000,4056.77000,4058.94000,4595.00000
2026-07-01 19:30:00+00:00,4058.95000,4059.79000,4053.18000,4053.91000,4429.00000
2026-07-01 19:45:00+00:00,4053.90000,4054.34000,4034.59000,4038.82000,6785.00000
2026-07-01 20:00:00+00:00,4038.95000,4039.78000,4028.46000,4035.56000,5855.00000
2026-07-01 20:15:00+00:00,4035.64000,4039.26000,4034.64000,4038.52000,3074.00000
2026-07-01 20:30:00+00:00,4038.45000,4039.08000,4033.21000,4033.95000,2636.00000
2026-07-01 20:45:00+00:00,4034.02000,4035.93000,4030.28000,4031.12000,2375.00000
2026-07-01 22:00:00+00:00,4031.68000,4041.32000,4031.60000,4036.96000,3597.00000
2026-07-01 22:15:00+00:00,4036.96000,4039.27000,4035.18000,4038.40000,2809.00000
2026-07-01 22:30:00+00:00,4038.41000,4040.76000,4037.03000,4040.03000,2714.00000
2026-07-01 22:45:00+00:00,4040.02000,4045.18000,4040.01000,4045.05000,2145.00000
2026-07-01 23:00:00+00:00,4045.06000,4045.16000,4037.66000,4037.80000,2811.00000
2026-07-01 23:15:00+00:00,4037.81000,4039.47000,4034.00000,4037.21000,2995.00000
2026-07-01 23:30:00+00:00,4037.23000,4040.39000,4034.77000,4035.77000,2380.00000
2026-07-01 23:45:00+00:00,4035.78000,4036.88000,4033.48000,4035.05000,3160.00000
2026-07-02 00:00:00+00:00,4035.02000,4046.02000,4030.79000,4044.95000,6951.00000
2026-07-02 00:15:00+00:00,4044.91000,4048.39000,4040.24000,4046.47000,4940.00000
2026-07-02 00:30:00+00:00,4046.49000,4046.72000,4038.20000,4039.40000,4777.00000
2026-07-02 00:45:00+00:00,4039.39000,4052.62000,4039.39000,4051.86000,5533.00000
2026-07-02 01:00:00+00:00,4051.95000,4068.45000,4050.65000,4065.24000,8061.00000
2026-07-02 01:15:00+00:00,4065.24000,4065.85000,4050.13000,4053.21000,6880.00000
2026-07-02 01:30:00+00:00,4053.22000,4055.37000,4046.32000,4047.77000,7155.00000
2026-07-02 01:45:00+00:00,4047.62000,4056.33000,4045.29000,4050.23000,6340.00000
2026-07-02 02:00:00+00:00,4050.21000,4051.02000,4041.29000,4048.17000,6024.00000
2026-07-02 02:15:00+00:00,4048.16000,4054.83000,4047.83000,4051.59000,4569.00000
2026-07-02 02:30:00+00:00,4051.54000,4057.14000,4047.82000,4056.41000,6272.00000
2026-07-02 02:45:00+00:00,4056.32000,4060.95000,4054.56000,4057.28000,5489.00000
2026-07-02 03:00:00+00:00,4057.25000,4059.78000,4055.58000,4057.56000,5074.00000
2026-07-02 03:15:00+00:00,4057.62000,4067.21000,4057.59000,4065.46000,5417.00000
2026-07-02 03:30:00+00:00,4065.50000,4067.76000,4062.13000,4065.73000,4535.00000
2026-07-02 03:45:00+00:00,4065.63000,4074.14000,4063.07000,4069.95000,4711.00000
2026-07-02 04:00:00+00:00,4070.17000,4072.93000,4068.21000,4070.15000,4263.00000
2026-07-02 04:15:00+00:00,4070.29000,4070.41000,4064.16000,4065.62000,3722.00000
2026-07-02 04:30:00+00:00,4065.59000,4066.51000,4061.47000,4063.37000,3855.00000
2026-07-02 04:45:00+00:00,4063.38000,4065.16000,4060.62000,4060.70000,3844.00000
2026-07-02 05:00:00+00:00,4060.69000,4061.23000,4054.41000,4055.67000,4914.00000
2026-07-02 05:15:00+00:00,4055.66000,4062.17000,4054.69000,4057.48000,4694.00000
2026-07-02 05:30:00+00:00,4057.50000,4066.17000,4053.34000,4061.82000,7976.00000
2026-07-02 05:45:00+00:00,4061.82000,4067.57000,4060.03000,4066.12000,5961.00000
2026-07-02 06:00:00+00:00,4066.19000,4075.75000,4066.01000,4068.44000,6867.00000
2026-07-02 06:15:00+00:00,4068.42000,4079.82000,4067.21000,4074.29000,6422.00000
2026-07-02 06:30:00+00:00,4074.35000,4076.85000,4066.12000,4068.21000,5577.00000
2026-07-02 06:45:00+00:00,4068.19000,4076.53000,4066.89000,4073.26000,7140.00000
2026-07-02 07:00:00+00:00,4073.51000,4074.20000,4067.25000,4067.86000,6402.00000
2026-07-02 07:15:00+00:00,4067.88000,4068.48000,4060.91000,4062.50000,5626.00000
2026-07-02 07:30:00+00:00,4062.50000,4075.59000,4060.72000,4074.58000,5678.00000
2026-07-02 07:45:00+00:00,4074.61000,4075.05000,4063.78000,4064.72000,5424.00000
2026-07-02 08:00:00+00:00,4064.38000,4074.11000,4061.47000,4069.93000,6480.00000
2026-07-02 08:15:00+00:00,4069.95000,4077.95000,4068.81000,4075.09000,6028.00000
2026-07-02 08:30:00+00:00,4075.12000,4077.88000,4072.16000,4075.36000,5717.00000
2026-07-02 08:45:00+00:00,4075.49000,4080.10000,4073.24000,4076.24000,5341.00000
2026-07-02 09:00:00+00:00,4076.18000,4076.96000,4069.45000,4072.33000,5179.00000
2026-07-02 09:15:00+00:00,4072.33000,4073.75000,4066.26000,4067.63000,4614.00000
2026-07-02 09:30:00+00:00,4068.00000,4072.13000,4064.08000,4069.36000,5345.00000
2026-07-02 09:45:00+00:00,4069.39000,4072.30000,4064.57000,4065.33000,4714.00000
2026-07-02 10:00:00+00:00,4065.45000,4066.62000,4062.44000,4063.34000,4501.00000
2026-07-02 10:15:00+00:00,4063.35000,4067.88000,4062.03000,4066.23000,4329.00000
2026-07-02 10:30:00+00:00,4066.27000,4068.71000,4063.19000,4064.68000,4055.00000
2026-07-02 10:45:00+00:00,4064.69000,4068.08000,4061.55000,4066.37000,4057.00000
2026-07-02 11:00:00+00:00,4066.33000,4066.96000,4057.59000,4063.32000,5681.00000
2026-07-02 11:15:00+00:00,4063.34000,4067.28000,4062.69000,4065.53000,4536.00000
2026-07-02 11:30:00+00:00,4065.63000,4071.65000,4063.41000,4071.14000,5083.00000
2026-07-02 11:45:00+00:00,4071.18000,4072.33000,4065.32000,4065.32000,5083.00000
2026-07-02 12:00:00+00:00,4065.31000,4073.50000,4061.48000,4064.23000,6247.00000
2026-07-02 12:15:00+00:00,4064.26000,4069.70000,4061.77000,4064.92000,6623.00000
2026-07-02 12:30:00+00:00,4065.83000,4140.45000,4065.06000,4132.54000,12790.00000
2026-07-02 12:45:00+00:00,4132.47000,4134.12000,4112.34000,4117.66000,11420.00000
2026-07-02 13:00:00+00:00,4117.68000,4129.84000,4115.67000,4124.24000,11268.00000
2026-07-02 13:15:00+00:00,4124.35000,4124.61000,4109.44000,4113.16000,9492.00000
2026-07-02 13:30:00+00:00,4113.48000,4138.26000,4110.17000,4134.74000,11516.00000
2026-07-02 13:45:00+00:00,4134.79000,4144.00000,4132.58000,4136.83000,9751.00000
2026-07-02 14:00:00+00:00,4136.82000,4138.20000,4123.87000,4128.66000,9598.00000
2026-07-02 14:15:00+00:00,4128.47000,4136.12000,4114.07000,4116.40000,9882.00000
2026-07-02 14:30:00+00:00,4116.41000,4125.48000,4114.70000,4118.61000,9687.00000
2026-07-02 14:45:00+00:00,4119.03000,4129.87000,4115.87000,4128.69000,10357.00000
2026-07-02 15:00:00+00:00,4128.85000,4131.35000,4114.82000,4126.71000,9687.00000
2026-07-02 15:15:00+00:00,4126.66000,4131.38000,4120.78000,4122.47000,8809.00000
2026-07-02 15:30:00+00:00,4122.52000,4131.02000,4122.52000,4125.45000,7835.00000
2026-07-02 15:45:00+00:00,4125.27000,4130.13000,4124.24000,4128.50000,7047.00000
2026-07-02 16:00:00+00:00,4128.62000,4130.22000,4122.02000,4123.43000,7123.00000
2026-07-02 16:15:00+00:00,4123.42000,4123.93000,4115.51000,4116.46000,7553.00000
2026-07-02 16:30:00+00:00,4116.43000,4116.68000,4100.41000,4114.73000,9263.00000
2026-07-02 16:45:00+00:00,4114.64000,4120.20000,4114.11000,4118.14000,7042.00000
2026-07-02 17:00:00+00:00,4118.06000,4119.95000,4113.57000,4118.01000,7456.00000
2026-07-02 17:15:00+00:00,4118.14000,4119.85000,4111.57000,4112.63000,7548.00000
2026-07-02 17:30:00+00:00,4112.25000,4114.43000,4105.98000,4107.47000,7887.00000
2026-07-02 17:45:00+00:00,4107.45000,4110.32000,4105.84000,4106.89000,6376.00000
2026-07-02 18:00:00+00:00,4106.90000,4123.75000,4105.99000,4119.21000,7722.00000
2026-07-02 18:15:00+00:00,4119.25000,4123.24000,4115.68000,4123.24000,6684.00000
2026-07-02 18:30:00+00:00,4123.06000,4127.11000,4121.38000,4121.44000,6224.00000
2026-07-02 18:45:00+00:00,4121.45000,4124.34000,4120.05000,4122.74000,5586.00000
2026-07-02 19:00:00+00:00,4122.93000,4124.54000,4113.39000,4114.57000,6636.00000
2026-07-02 19:15:00+00:00,4114.56000,4115.04000,4108.25000,4112.60000,5355.00000
2026-07-02 19:30:00+00:00,4112.62000,4114.80000,4111.12000,4113.44000,5288.00000
2026-07-02 19:45:00+00:00,4113.47000,4124.00000,4112.86000,4121.31000,6079.00000
2026-07-02 20:00:00+00:00,4121.30000,4122.50000,4116.44000,4120.01000,3015.00000
2026-07-02 20:15:00+00:00,4120.02000,4125.16000,4119.21000,4123.52000,1944.00000
2026-07-02 20:30:00+00:00,4123.68000,4125.11000,4120.75000,4120.75000,1330.00000
2026-07-02 20:45:00+00:00,4120.85000,4124.22000,4118.68000,4123.76000,1543.00000
2026-07-02 22:00:00+00:00,4127.91000,4128.14000,4124.59000,4124.60000,1954.00000
2026-07-02 22:15:00+00:00,4124.60000,4125.42000,4122.55000,4124.23000,1668.00000
2026-07-02 22:30:00+00:00,4124.25000,4126.44000,4122.77000,4123.20000,1320.00000
2026-07-02 22:45:00+00:00,4123.19000,4126.36000,4122.82000,4124.64000,1527.00000
2026-07-02 23:00:00+00:00,4124.61000,4127.22000,4124.48000,4125.47000,1679.00000
2026-07-02 23:15:00+00:00,4125.51000,4130.29000,4124.10000,4129.92000,2564.00000
2026-07-02 23:30:00+00:00,4129.75000,4132.61000,4121.33000,4124.99000,4230.00000
2026-07-02 23:45:00+00:00,4124.98000,4131.60000,4124.21000,4126.28000,5357.00000
2026-07-03 00:00:00+00:00,4126.18000,4136.93000,4123.22000,4135.14000,8329.00000
2026-07-03 00:15:00+00:00,4135.13000,4140.90000,4131.96000,4137.32000,6608.00000
2026-07-03 00:30:00+00:00,4137.33000,4139.75000,4133.29000,4136.47000,5763.00000
2026-07-03 00:45:00+00:00,4136.41000,4150.98000,4135.52000,4147.31000,6356.00000
2026-07-03 01:00:00+00:00,4147.31000,4179.29000,4146.78000,4176.25000,10314.00000
2026-07-03 01:15:00+00:00,4176.24000,4194.10000,4174.23000,4187.64000,9405.00000
2026-07-03 01:30:00+00:00,4187.65000,4195.45000,4179.33000,4179.85000,8654.00000
2026-07-03 01:45:00+00:00,4179.84000,4184.10000,4175.41000,4182.38000,6669.00000
2026-07-03 02:00:00+00:00,4182.22000,4184.27000,4177.22000,4179.53000,6339.00000
2026-07-03 02:15:00+00:00,4179.54000,4181.25000,4176.64000,4179.22000,4101.00000
2026-07-03 02:30:00+00:00,4179.30000,4186.92000,4178.23000,4183.32000,6357.00000
2026-07-03 02:45:00+00:00,4183.35000,4186.71000,4178.88000,4183.65000,5626.00000
2026-07-03 03:00:00+00:00,4183.60000,4184.63000,4179.86000,4182.85000,5361.00000
2026-07-03 03:15:00+00:00,4182.90000,4183.67000,4179.42000,4181.53000,4096.00000
2026-07-03 03:30:00+00:00,4181.53000,4183.13000,4177.49000,4177.53000,4145.00000
2026-07-03 03:45:00+00:00,4177.45000,4179.42000,4175.32000,4176.02000,3216.00000
2026-07-03 04:00:00+00:00,4176.04000,4178.99000,4173.25000,4177.83000,3645.00000
2026-07-03 04:15:00+00:00,4177.81000,4182.83000,4176.71000,4178.55000,3344.00000
2026-07-03 04:30:00+00:00,4178.56000,4178.80000,4175.44000,4177.29000,2792.00000
2026-07-03 04:45:00+00:00,4177.30000,4178.94000,4174.58000,4178.88000,2796.00000
2026-07-03 05:00:00+00:00,4178.79000,4181.23000,4177.06000,4178.42000,4305.00000
2026-07-03 05:15:00+00:00,4178.40000,4179.24000,4173.04000,4176.07000,3910.00000
2026-07-03 05:30:00+00:00,4176.07000,4181.86000,4173.20000,4175.12000,6184.00000
2026-07-03 05:45:00+00:00,4175.22000,4176.53000,4169.28000,4171.28000,5162.00000
2026-07-03 06:00:00+00:00,4171.30000,4171.81000,4162.21000,4162.46000,6388.00000
2026-07-03 06:15:00+00:00,4162.46000,4167.07000,4160.52000,4164.91000,5483.00000
2026-07-03 06:30:00+00:00,4164.92000,4173.66000,4164.55000,4171.20000,5877.00000
2026-07-03 06:45:00+00:00,4171.21000,4174.55000,4170.36000,4173.19000,6134.00000
2026-07-03 07:00:00+00:00,4173.15000,4181.17000,4171.29000,4174.21000,5797.00000
2026-07-03 07:15:00+00:00,4174.15000,4176.12000,4169.28000,4175.39000,4774.00000
2026-07-03 07:30:00+00:00,4175.41000,4179.74000,4173.90000,4179.57000,3895.00000
2026-07-03 07:45:00+00:00,4179.57000,4181.72000,4174.89000,4177.39000,3931.00000
2026-07-03 08:00:00+00:00,4177.55000,4185.85000,4177.55000,4184.01000,4602.00000
2026-07-03 08:15:00+00:00,4184.03000,4185.49000,4181.21000,4183.22000,4086.00000
2026-07-03 08:30:00+00:00,4183.15000,4186.61000,4180.39000,4184.14000,3872.00000
2026-07-03 08:45:00+00:00,4184.15000,4185.54000,4176.88000,4181.13000,3989.00000
2026-07-03 09:00:00+00:00,4181.15000,4181.95000,4176.00000,4180.47000,3975.00000
2026-07-03 09:15:00+00:00,4180.48000,4180.54000,4171.26000,4172.02000,3940.00000
2026-07-03 09:30:00+00:00,4171.92000,4173.07000,4168.59000,4172.19000,4179.00000
2026-07-03 09:45:00+00:00,4172.22000,4175.12000,4171.68000,4172.09000,3100.00000
2026-07-03 10:00:00+00:00,4172.08000,4180.80000,4170.75000,4179.86000,3238.00000
2026-07-03 10:15:00+00:00,4179.85000,4181.17000,4178.11000,4178.51000,2800.00000
2026-07-03 10:30:00+00:00,4178.53000,4179.09000,4175.61000,4177.76000,2521.00000
2026-07-03 10:45:00+00:00,4177.77000,4178.61000,4174.80000,4177.13000,2319.00000
2026-07-03 11:00:00+00:00,4177.12000,4183.80000,4175.62000,4183.44000,3584.00000
2026-07-03 11:15:00+00:00,4183.42000,4186.11000,4182.74000,4183.18000,3249.00000
2026-07-03 11:30:00+00:00,4183.13000,4185.93000,4182.60000,4185.41000,2835.00000
2026-07-03 11:45:00+00:00,4185.40000,4186.33000,4178.69000,4180.99000,3211.00000
2026-07-03 12:00:00+00:00,4180.98000,4183.22000,4177.89000,4178.04000,4133.00000
2026-07-03 12:15:00+00:00,4178.05000,4178.26000,4172.23000,4174.75000,3773.00000
2026-07-03 12:30:00+00:00,4174.76000,4177.60000,4172.92000,4174.99000,4044.00000
2026-07-03 12:45:00+00:00,4174.98000,4177.58000,4172.38000,4176.86000,2922.00000
2026-07-03 13:00:00+00:00,4177.14000,4179.31000,4164.56000,4166.67000,6750.00000
2026-07-03 13:15:00+00:00,4166.63000,4172.17000,4166.62000,4171.52000,5244.00000
2026-07-03 13:30:00+00:00,4171.61000,4171.73000,4165.11000,4166.95000,5549.00000
2026-07-03 13:45:00+00:00,4166.95000,4168.79000,4163.50000,4164.76000,5047.00000
2026-07-03 14:00:00+00:00,4164.78000,4167.14000,4155.52000,4162.21000,5849.00000
2026-07-03 14:15:00+00:00,4162.22000,4166.85000,4161.33000,4166.22000,4718.00000
2026-07-03 14:30:00+00:00,4166.23000,4167.27000,4163.46000,4163.98000,3882.00000
2026-07-03 14:45:00+00:00,4163.89000,4171.14000,4163.76000,4169.88000,3746.00000
2026-07-03 15:00:00+00:00,4169.88000,4174.16000,4168.69000,4172.36000,4189.00000
2026-07-03 15:15:00+00:00,4172.32000,4174.41000,4167.06000,4167.54000,3732.00000
2026-07-03 15:30:00+00:00,4167.50000,4168.86000,4166.15000,4167.74000,3294.00000
2026-07-03 15:45:00+00:00,4167.75000,4169.00000,4164.55000,4164.92000,2828.00000
2026-07-03 16:00:00+00:00,4164.89000,4165.75000,4163.15000,4164.22000,2412.00000
2026-07-03 16:15:00+00:00,4164.16000,4167.65000,4162.86000,4166.73000,2202.00000
2026-07-03 16:30:00+00:00,4166.97000,4170.45000,4166.96000,4170.17000,2353.00000
2026-07-03 16:45:00+00:00,4170.24000,4176.47000,4169.70000,4174.67000,2963.00000
2026-07-05 22:00:00+00:00,4177.65000,4186.06000,4171.24000,4181.25000,5797.00000
2026-07-05 22:15:00+00:00,4181.30000,4185.96000,4177.33000,4184.90000,3792.00000
2026-07-05 22:30:00+00:00,4184.91000,4191.57000,4182.76000,4188.79000,4489.00000
2026-07-05 22:45:00+00:00,4188.71000,4190.04000,4183.38000,4188.38000,4165.00000
2026-07-05 23:00:00+00:00,4188.37000,4191.46000,4186.89000,4187.60000,3266.00000
2026-07-05 23:15:00+00:00,4187.56000,4201.73000,4186.82000,4200.38000,3135.00000
2026-07-05 23:30:00+00:00,4200.27000,4201.45000,4193.64000,4196.44000,3999.00000
2026-07-05 23:45:00+00:00,4196.42000,4197.20000,4177.53000,4183.26000,6195.00000
2026-07-06 00:00:00+00:00,4183.77000,4185.38000,4170.69000,4175.04000,7667.00000
2026-07-06 00:15:00+00:00,4174.98000,4181.58000,4170.81000,4174.71000,6522.00000
2026-07-06 00:30:00+00:00,4174.77000,4187.47000,4174.34000,4186.06000,6658.00000
2026-07-06 00:45:00+00:00,4186.02000,4189.01000,4174.97000,4179.95000,6346.00000
2026-07-06 01:00:00+00:00,4179.56000,4192.55000,4172.63000,4188.89000,9237.00000
2026-07-06 01:15:00+00:00,4188.90000,4192.80000,4180.66000,4189.60000,8061.00000
2026-07-06 01:30:00+00:00,4190.64000,4200.43000,4187.62000,4198.27000,8331.00000
2026-07-06 01:45:00+00:00,4198.28000,4202.95000,4185.19000,4186.14000,7765.00000
2026-07-06 02:00:00+00:00,4186.36000,4187.88000,4177.09000,4180.93000,7583.00000
2026-07-06 02:15:00+00:00,4180.95000,4186.08000,4176.01000,4177.71000,6014.00000
2026-07-06 02:30:00+00:00,4177.72000,4178.70000,4168.80000,4172.48000,7667.00000
2026-07-06 02:45:00+00:00,4172.50000,4175.99000,4170.08000,4174.16000,6419.00000
2026-07-06 03:00:00+00:00,4174.18000,4176.38000,4165.60000,4166.70000,6456.00000
2026-07-06 03:15:00+00:00,4166.66000,4167.91000,4162.67000,4165.89000,5012.00000
2026-07-06 03:30:00+00:00,4165.86000,4169.24000,4161.75000,4162.90000,4712.00000
2026-07-06 03:45:00+00:00,4162.93000,4166.76000,4161.03000,4165.31000,4234.00000
2026-07-06 04:00:00+00:00,4165.46000,4166.68000,4161.16000,4163.53000,4054.00000
2026-07-06 04:15:00+00:00,4163.52000,4164.55000,4160.33000,4161.36000,3483.00000
2026-07-06 04:30:00+00:00,4161.39000,4162.48000,4157.60000,4160.23000,3891.00000
2026-07-06 04:45:00+00:00,4160.21000,4161.10000,4158.12000,4159.76000,3365.00000
2026-07-06 05:00:00+00:00,4159.78000,4161.03000,4151.37000,4152.17000,4722.00000
2026-07-06 05:15:00+00:00,4152.17000,4154.37000,4150.63000,4152.81000,3925.00000
2026-07-06 05:30:00+00:00,4152.80000,4160.35000,4149.73000,4155.37000,7256.00000
2026-07-06 05:45:00+00:00,4155.34000,4156.86000,4144.92000,4147.98000,6259.00000
2026-07-06 06:00:00+00:00,4147.95000,4152.19000,4145.80000,4152.00000,6171.00000
2026-07-06 06:15:00+00:00,4151.98000,4156.66000,4147.90000,4156.54000,4909.00000
2026-07-06 06:30:00+00:00,4156.38000,4159.52000,4153.36000,4155.87000,5137.00000
2026-07-06 06:45:00+00:00,4155.85000,4156.79000,4148.99000,4150.31000,4472.00000
2026-07-06 07:00:00+00:00,4150.71000,4153.42000,4147.23000,4150.95000,4999.00000
2026-07-06 07:15:00+00:00,4150.96000,4155.65000,4150.32000,4152.94000,4787.00000
2026-07-06 07:30:00+00:00,4152.91000,4164.30000,4151.23000,4163.54000,4487.00000
2026-07-06 07:45:00+00:00,4163.62000,4166.26000,4162.19000,4164.50000,4347.00000
2026-07-06 08:00:00+00:00,4164.76000,4166.03000,4157.19000,4158.00000,4952.00000
2026-07-06 08:15:00+00:00,4158.01000,4158.66000,4153.54000,4155.55000,4402.00000
2026-07-06 08:30:00+00:00,4155.56000,4155.94000,4148.57000,4149.05000,4041.00000
2026-07-06 08:45:00+00:00,4149.17000,4152.92000,4147.11000,4150.57000,3882.00000
2026-07-06 09:00:00+00:00,4150.57000,4151.21000,4147.89000,4149.76000,3388.00000
2026-07-06 09:15:00+00:00,4149.67000,4149.86000,4141.60000,4143.65000,4138.00000
2026-07-06 09:30:00+00:00,4143.36000,4143.36000,4136.73000,4139.46000,5338.00000
2026-07-06 09:45:00+00:00,4139.23000,4144.67000,4139.15000,4143.24000,3732.00000
2026-07-06 10:00:00+00:00,4143.25000,4148.65000,4142.04000,4148.46000,3529.00000
2026-07-06 10:15:00+00:00,4148.23000,4150.73000,4147.46000,4148.81000,3540.00000
2026-07-06 10:30:00+00:00,4148.84000,4155.58000,4148.74000,4154.39000,3422.00000
2026-07-06 10:45:00+00:00,4154.42000,4155.81000,4152.49000,4154.95000,3293.00000
2026-07-06 11:00:00+00:00,4154.89000,4156.35000,4151.61000,4154.84000,4181.00000
2026-07-06 11:15:00+00:00,4154.98000,4159.57000,4153.70000,4155.08000,3723.00000
2026-07-06 11:30:00+00:00,4155.05000,4158.81000,4152.68000,4153.66000,3396.00000
2026-07-06 11:45:00+00:00,4153.72000,4155.99000,4152.03000,4155.30000,3994.00000
2026-07-06 12:00:00+00:00,4155.39000,4158.55000,4153.78000,4156.16000,4995.00000
2026-07-06 12:15:00+00:00,4156.14000,4157.67000,4145.24000,4145.83000,6144.00000
2026-07-06 12:30:00+00:00,4145.81000,4146.29000,4131.56000,4133.39000,6545.00000
2026-07-06 12:45:00+00:00,4133.40000,4142.79000,4133.25000,4139.68000,6257.00000
2026-07-06 13:00:00+00:00,4139.77000,4148.50000,4137.22000,4141.43000,7475.00000
2026-07-06 13:15:00+00:00,4141.43000,4148.84000,4138.74000,4142.30000,6827.00000
2026-07-06 13:30:00+00:00,4142.40000,4150.44000,4142.02000,4149.36000,9217.00000
2026-07-06 13:45:00+00:00,4149.36000,4149.60000,4137.42000,4140.75000,8099.00000
2026-07-06 14:00:00+00:00,4138.25000,4147.23000,4133.69000,4140.62000,8609.00000
2026-07-06 14:15:00+00:00,4140.62000,4140.88000,4132.49000,4137.30000,8137.00000
2026-07-06 14:30:00+00:00,4137.30000,4141.86000,4128.44000,4130.30000,7868.00000
2026-07-06 14:45:00+00:00,4130.29000,4138.28000,4129.16000,4138.26000,6959.00000
2026-07-06 15:00:00+00:00,4138.30000,4146.56000,4137.64000,4139.83000,6606.00000
2026-07-06 15:15:00+00:00,4139.73000,4151.00000,4138.61000,4150.70000,6464.00000
2026-07-06 15:30:00+00:00,4150.42000,4151.95000,4147.25000,4150.06000,5731.00000
2026-07-06 15:45:00+00:00,4150.08000,4150.65000,4144.92000,4148.40000,4504.00000
2026-07-06 16:00:00+00:00,4148.44000,4148.44000,4140.45000,4140.56000,4461.00000
2026-07-06 16:15:00+00:00,4140.68000,4146.39000,4140.34000,4145.66000,4554.00000
2026-07-06 16:30:00+00:00,4145.69000,4150.33000,4145.32000,4149.43000,4012.00000
2026-07-06 16:45:00+00:00,4149.44000,4156.21000,4148.86000,4155.05000,4679.00000
2026-07-06 17:00:00+00:00,4155.25000,4156.30000,4152.50000,4153.61000,4749.00000
2026-07-06 17:15:00+00:00,4153.60000,4159.56000,4150.43000,4155.47000,5104.00000
2026-07-06 17:30:00+00:00,4155.64000,4159.29000,4154.88000,4156.79000,4598.00000
2026-07-06 17:45:00+00:00,4156.70000,4161.67000,4156.33000,4161.32000,4001.00000
2026-07-06 18:00:00+00:00,4161.33000,4161.97000,4155.48000,4158.22000,3690.00000
2026-07-06 18:15:00+00:00,4158.23000,4163.19000,4158.23000,4161.89000,3347.00000
2026-07-06 18:30:00+00:00,4161.73000,4167.43000,4159.03000,4164.18000,3917.00000
2026-07-06 18:45:00+00:00,4164.16000,4165.26000,4162.13000,4163.92000,3267.00000
2026-07-06 19:00:00+00:00,4164.05000,4165.47000,4159.11000,4159.49000,3475.00000
2026-07-06 19:15:00+00:00,4159.51000,4163.42000,4158.87000,4162.95000,3324.00000
2026-07-06 19:30:00+00:00,4163.04000,4163.14000,4159.85000,4161.27000,3531.00000
2026-07-06 19:45:00+00:00,4161.40000,4165.18000,4161.25000,4163.82000,4452.00000
2026-07-06 20:00:00+00:00,4163.99000,4164.56000,4161.03000,4161.05000,2138.00000
2026-07-06 20:15:00+00:00,4161.09000,4163.34000,4160.84000,4163.03000,1359.00000
2026-07-06 20:30:00+00:00,4163.02000,4164.89000,4162.73000,4163.03000,1051.00000
2026-07-06 20:45:00+00:00,4162.98000,4164.97000,4162.98000,4164.96000,1119.00000
2026-07-06 22:00:00+00:00,4166.38000,4167.72000,4160.57000,4166.08000,2508.00000
2026-07-06 22:15:00+00:00,4166.12000,4167.39000,4165.08000,4166.08000,1285.00000
2026-07-06 22:30:00+00:00,4166.09000,4168.51000,4166.09000,4167.33000,1904.00000
2026-07-06 22:45:00+00:00,4167.34000,4167.83000,4164.24000,4164.41000,1780.00000
2026-07-06 23:00:00+00:00,4164.38000,4165.61000,4163.14000,4165.56000,1800.00000
2026-07-06 23:15:00+00:00,4165.57000,4165.68000,4163.05000,4163.35000,1343.00000
2026-07-06 23:30:00+00:00,4163.33000,4165.29000,4160.98000,4162.06000,1565.00000
2026-07-06 23:45:00+00:00,4162.06000,4163.76000,4157.01000,4157.44000,3230.00000
2026-07-07 00:00:00+00:00,4157.21000,4158.40000,4152.88000,4156.17000,5827.00000
2026-07-07 00:15:00+00:00,4156.22000,4160.57000,4152.06000,4159.89000,5814.00000
2026-07-07 00:30:00+00:00,4159.87000,4162.72000,4148.53000,4149.74000,5452.00000
2026-07-07 00:45:00+00:00,4149.75000,4153.84000,4145.00000,4146.11000,5562.00000
2026-07-07 01:00:00+00:00,4146.06000,4148.14000,4137.98000,4141.77000,8468.00000
2026-07-07 01:15:00+00:00,4141.78000,4142.90000,4125.98000,4132.73000,7288.00000
2026-07-07 01:30:00+00:00,4132.73000,4142.32000,4132.34000,4142.16000,6870.00000
2026-07-07 01:45:00+00:00,4142.16000,4146.27000,4140.74000,4141.97000,5987.00000
2026-07-07 02:00:00+00:00,4141.98000,4144.61000,4137.77000,4142.54000,5718.00000
2026-07-07 02:15:00+00:00,4142.56000,4145.31000,4138.25000,4140.73000,4065.00000
2026-07-07 02:30:00+00:00,4140.72000,4144.47000,4136.39000,4139.50000,5078.00000
2026-07-07 02:45:00+00:00,4139.54000,4139.72000,4131.45000,4136.65000,5139.00000
2026-07-07 03:00:00+00:00,4136.69000,4140.13000,4135.17000,4136.76000,5027.00000
2026-07-07 03:15:00+00:00,4136.75000,4137.70000,4129.19000,4132.25000,4999.00000
2026-07-07 03:30:00+00:00,4131.96000,4134.80000,4127.26000,4129.57000,4222.00000
2026-07-07 03:45:00+00:00,4129.57000,4131.56000,4124.44000,4131.12000,3986.00000
2026-07-07 04:00:00+00:00,4131.15000,4141.25000,4130.43000,4136.36000,4548.00000
2026-07-07 04:15:00+00:00,4136.37000,4137.61000,4130.96000,4132.27000,3719.00000
2026-07-07 04:30:00+00:00,4132.22000,4132.41000,4128.72000,4128.72000,3939.00000
2026-07-07 04:45:00+00:00,4129.38000,4131.25000,4125.89000,4126.69000,3532.00000
2026-07-07 05:00:00+00:00,4126.74000,4131.24000,4122.18000,4122.36000,4917.00000
2026-07-07 05:15:00+00:00,4122.38000,4128.52000,4120.97000,4128.34000,5615.00000
2026-07-07 05:30:00+00:00,4128.36000,4128.65000,4116.71000,4122.46000,8244.00000
2026-07-07 05:45:00+00:00,4122.42000,4127.13000,4120.32000,4123.92000,6031.00000
2026-07-07 06:00:00+00:00,4123.92000,4129.38000,4121.61000,4123.62000,5939.00000
2026-07-07 06:15:00+00:00,4123.61000,4129.62000,4123.39000,4126.81000,5118.00000
2026-07-07 06:30:00+00:00,4126.79000,4132.43000,4124.88000,4132.43000,4837.00000
2026-07-07 06:45:00+00:00,4132.49000,4132.98000,4128.53000,4130.47000,4440.00000
2026-07-07 07:00:00+00:00,4130.70000,4131.28000,4124.42000,4129.66000,4523.00000
2026-07-07 07:15:00+00:00,4129.54000,4132.23000,4126.08000,4126.70000,4366.00000
2026-07-07 07:30:00+00:00,4126.69000,4131.10000,4125.86000,4130.10000,3731.00000
2026-07-07 07:45:00+00:00,4130.08000,4133.50000,4124.52000,4124.78000,4611.00000
2026-07-07 08:00:00+00:00,4124.65000,4139.26000,4124.65000,4137.05000,5542.00000
2026-07-07 08:15:00+00:00,4137.06000,4138.79000,4134.16000,4138.70000,4823.00000
2026-07-07 08:30:00+00:00,4138.73000,4139.16000,4128.96000,4131.13000,4442.00000
2026-07-07 08:45:00+00:00,4130.99000,4130.99000,4121.93000,4126.09000,4487.00000
2026-07-07 09:00:00+00:00,4125.99000,4129.03000,4124.59000,4127.61000,4636.00000
2026-07-07 09:15:00+00:00,4127.65000,4130.96000,4119.80000,4121.57000,4250.00000
2026-07-07 09:30:00+00:00,4121.59000,4133.75000,4121.59000,4132.96000,4341.00000
2026-07-07 09:45:00+00:00,4132.95000,4133.14000,4125.15000,4131.16000,4152.00000
2026-07-07 10:00:00+00:00,4131.21000,4135.08000,4131.20000,4132.52000,4024.00000
2026-07-07 10:15:00+00:00,4132.54000,4138.95000,4132.10000,4137.47000,3724.00000
2026-07-07 10:30:00+00:00,4137.45000,4137.57000,4134.65000,4135.67000,3376.00000
2026-07-07 10:45:00+00:00,4135.79000,4137.07000,4133.54000,4135.70000,3167.00000
2026-07-07 11:00:00+00:00,4135.75000,4136.26000,4131.90000,4133.29000,4565.00000
2026-07-07 11:15:00+00:00,4133.30000,4145.25000,4133.15000,4143.21000,4793.00000
2026-07-07 11:30:00+00:00,4143.19000,4148.85000,4139.74000,4148.43000,4503.00000
2026-07-07 11:45:00+00:00,4148.40000,4158.20000,4147.09000,4157.19000,5041.00000
2026-07-07 12:00:00+00:00,4157.23000,4174.66000,4154.80000,4173.38000,7877.00000
2026-07-07 12:15:00+00:00,4173.51000,4175.02000,4163.24000,4166.16000,7513.00000
2026-07-07 12:30:00+00:00,4166.15000,4168.34000,4161.83000,4166.62000,6746.00000
2026-07-07 12:45:00+00:00,4166.52000,4172.81000,4164.41000,4172.41000,6524.00000
2026-07-07 13:00:00+00:00,4172.59000,4178.25000,4160.30000,4171.47000,8833.00000
2026-07-07 13:15:00+00:00,4171.51000,4172.50000,4164.42000,4166.48000,6668.00000
2026-07-07 13:30:00+00:00,4166.53000,4180.51000,4163.69000,4177.63000,10138.00000
2026-07-07 13:45:00+00:00,4177.65000,4180.01000,4156.06000,4158.71000,9690.00000
2026-07-07 14:00:00+00:00,4158.64000,4163.54000,4151.21000,4152.39000,10264.00000
2026-07-07 14:15:00+00:00,4152.40000,4159.85000,4151.28000,4158.25000,9348.00000
2026-07-07 14:30:00+00:00,4158.26000,4159.27000,4143.69000,4152.33000,8459.00000
2026-07-07 14:45:00+00:00,4152.22000,4157.61000,4151.97000,4154.37000,7663.00000
2026-07-07 15:00:00+00:00,4154.25000,4155.65000,4148.34000,4148.72000,7769.00000
2026-07-07 15:15:00+00:00,4148.68000,4148.93000,4141.78000,4143.13000,7214.00000
2026-07-07 15:30:00+00:00,4143.19000,4148.40000,4142.29000,4146.64000,5928.00000
2026-07-07 15:45:00+00:00,4146.62000,4148.08000,4135.92000,4139.14000,6524.00000
2026-07-07 16:00:00+00:00,4139.45000,4143.62000,4137.18000,4141.16000,5476.00000
2026-07-07 16:15:00+00:00,4141.14000,4147.30000,4140.94000,4146.28000,4883.00000
2026-07-07 16:30:00+00:00,4146.12000,4146.68000,4142.58000,4143.31000,4383.00000
2026-07-07 16:45:00+00:00,4143.35000,4146.71000,4141.03000,4145.11000,3947.00000
2026-07-07 17:00:00+00:00,4145.13000,4146.96000,4142.27000,4143.04000,4056.00000
2026-07-07 17:15:00+00:00,4143.05000,4146.77000,4140.65000,4146.02000,4750.00000
2026-07-07 17:30:00+00:00,4146.05000,4148.22000,4144.70000,4147.14000,3997.00000
2026-07-07 17:45:00+00:00,4147.20000,4147.38000,4143.07000,4144.64000,3757.00000
2026-07-07 18:00:00+00:00,4144.73000,4145.24000,4140.99000,4142.38000,3937.00000
2026-07-07 18:15:00+00:00,4142.42000,4144.25000,4140.23000,4141.71000,3976.00000
2026-07-07 18:30:00+00:00,4141.57000,4142.43000,4136.31000,4142.03000,4233.00000
2026-07-07 18:45:00+00:00,4142.13000,4142.66000,4125.21000,4126.99000,7588.00000
2026-07-07 19:00:00+00:00,4126.86000,4127.73000,4103.17000,4105.78000,9048.00000
2026-07-07 19:15:00+00:00,4105.75000,4106.89000,4092.30000,4103.53000,8941.00000
2026-07-07 19:30:00+00:00,4103.52000,4115.00000,4103.51000,4109.25000,7282.00000
2026-07-07 19:45:00+00:00,4109.39000,4117.71000,4108.26000,4114.17000,6306.00000
2026-07-07 20:00:00+00:00,4114.43000,4115.93000,4112.43000,4113.10000,2920.00000
2026-07-07 20:15:00+00:00,4112.97000,4113.24000,4106.52000,4110.86000,2329.00000
2026-07-07 20:30:00+00:00,4110.91000,4111.13000,4104.50000,4105.82000,1968.00000
2026-07-07 20:45:00+00:00,4105.99000,4106.96000,4103.44000,4105.90000,1906.00000
2026-07-07 22:00:00+00:00,4099.63000,4106.40000,4094.09000,4104.18000,4427.00000
2026-07-07 22:15:00+00:00,4104.16000,4104.16000,4099.58000,4099.60000,2463.00000
2026-07-07 22:30:00+00:00,4099.61000,4102.73000,4098.91000,4101.25000,2839.00000
2026-07-07 22:45:00+00:00,4101.20000,4101.20000,4095.99000,4098.43000,3395.00000
2026-07-07 23:00:00+00:00,4098.40000,4107.94000,4096.28000,4106.17000,4533.00000
2026-07-07 23:15:00+00:00,4105.81000,4106.64000,4101.25000,4105.04000,3472.00000
2026-07-07 23:30:00+00:00,4104.99000,4105.46000,4097.53000,4098.34000,2843.00000
2026-07-07 23:45:00+00:00,4098.37000,4101.32000,4096.00000,4098.62000,4198.00000
2026-07-08 00:00:00+00:00,4098.60000,4103.97000,4097.06000,4100.31000,7791.00000
2026-07-08 00:15:00+00:00,4100.29000,4107.92000,4099.03000,4105.55000,6375.00000
2026-07-08 00:30:00+00:00,4105.39000,4126.70000,4103.98000,4123.44000,7192.00000
2026-07-08 00:45:00+00:00,4123.40000,4125.22000,4111.36000,4111.60000,6558.00000
2026-07-08 01:00:00+00:00,4111.57000,4117.94000,4098.62000,4108.59000,9706.00000
2026-07-08 01:15:00+00:00,4108.36000,4110.36000,4102.32000,4102.73000,7482.00000
2026-07-08 01:30:00+00:00,4102.72000,4105.87000,4096.41000,4103.39000,8013.00000
2026-07-08 01:45:00+00:00,4103.16000,4112.87000,4102.44000,4111.28000,7807.00000
2026-07-08 02:00:00+00:00,4111.50000,4118.09000,4106.17000,4112.42000,7431.00000
2026-07-08 02:15:00+00:00,4112.41000,4124.90000,4112.31000,4119.11000,6136.00000
2026-07-08 02:30:00+00:00,4119.11000,4121.11000,4116.52000,4120.33000,6744.00000
2026-07-08 02:45:00+00:00,4120.32000,4120.83000,4113.56000,4114.64000,5815.00000
2026-07-08 03:00:00+00:00,4114.64000,4130.74000,4114.64000,4128.12000,7575.00000
2026-07-08 03:15:00+00:00,4128.24000,4130.91000,4124.81000,4130.00000,5488.00000
2026-07-08 03:30:00+00:00,4129.90000,4131.16000,4125.67000,4126.73000,4887.00000
2026-07-08 03:45:00+00:00,4126.78000,4129.16000,4122.86000,4123.52000,4441.00000
2026-07-08 04:00:00+00:00,4123.46000,4128.88000,4121.75000,4124.56000,4300.00000
2026-07-08 04:15:00+00:00,4124.56000,4127.33000,4120.67000,4126.02000,4617.00000
2026-07-08 04:30:00+00:00,4125.99000,4128.26000,4122.16000,4125.08000,5065.00000
2026-07-08 04:45:00+00:00,4125.03000,4126.94000,4123.92000,4125.14000,4548.00000
2026-07-08 05:00:00+00:00,4125.16000,4133.94000,4124.93000,4125.87000,5849.00000
2026-07-08 05:15:00+00:00,4125.74000,4129.47000,4121.98000,4121.98000,5099.00000
2026-07-08 05:30:00+00:00,4122.19000,4131.73000,4121.24000,4128.39000,7722.00000
2026-07-08 05:45:00+00:00,4128.38000,4130.05000,4124.91000,4127.86000,6666.00000
2026-07-08 06:00:00+00:00,4127.80000,4131.68000,4122.26000,4131.45000,6614.00000
2026-07-08 06:15:00+00:00,4131.48000,4133.62000,4128.93000,4129.76000,5763.00000
2026-07-08 06:30:00+00:00,4129.73000,4129.92000,4124.70000,4126.63000,5352.00000
2026-07-08 06:45:00+00:00,4126.64000,4127.24000,4123.43000,4123.65000,4641.00000
2026-07-08 07:00:00+00:00,4123.63000,4125.32000,4116.52000,4118.09000,5808.00000
2026-07-08 07:15:00+00:00,4118.07000,4121.31000,4114.96000,4120.54000,5708.00000
2026-07-08 07:30:00+00:00,4120.45000,4127.32000,4118.28000,4127.32000,5234.00000
2026-07-08 07:45:00+00:00,4127.33000,4127.33000,4119.11000,4121.22000,4901.00000
2026-07-08 08:00:00+00:00,4121.14000,4121.33000,4116.42000,4117.80000,5489.00000
2026-07-08 08:15:00+00:00,4117.81000,4121.01000,4081.02000,4088.87000,11730.00000
2026-07-08 08:30:00+00:00,4088.84000,4092.01000,4060.80000,4065.83000,10824.00000
2026-07-08 08:45:00+00:00,4065.62000,4075.95000,4052.35000,4056.73000,9889.00000
2026-07-08 09:00:00+00:00,4056.74000,4056.74000,4050.37000,4055.87000,8777.00000
2026-07-08 09:15:00+00:00,4055.80000,4060.96000,4053.93000,4056.67000,7739.00000
2026-07-08 09:30:00+00:00,4056.63000,4058.63000,4044.96000,4048.56000,7762.00000
2026-07-08 09:45:00+00:00,4048.53000,4052.75000,4041.66000,4043.32000,6963.00000
2026-07-08 10:00:00+00:00,4043.86000,4048.40000,4040.64000,4044.60000,6613.00000
2026-07-08 10:15:00+00:00,4044.84000,4055.89000,4043.43000,4050.79000,6517.00000
2026-07-08 10:30:00+00:00,4050.74000,4058.54000,4050.10000,4057.36000,6449.00000
2026-07-08 10:45:00+00:00,4057.34000,4058.35000,4052.95000,4053.01000,5575.00000
2026-07-08 11:00:00+00:00,4052.86000,4057.09000,4048.39000,4050.79000,5702.00000
2026-07-08 11:15:00+00:00,4050.66000,4054.49000,4047.76000,4050.27000,5351.00000
2026-07-08 11:30:00+00:00,4050.18000,4065.46000,4041.51000,4064.32000,6816.00000
2026-07-08 11:45:00+00:00,4064.59000,4072.50000,4059.34000,4062.17000,8625.00000
2026-07-08 12:00:00+00:00,4062.13000,4073.72000,4058.78000,4072.07000,7603.00000
2026-07-08 12:15:00+00:00,4072.29000,4077.57000,4066.24000,4070.87000,7903.00000
2026-07-08 12:30:00+00:00,4070.80000,4078.31000,4068.12000,4078.20000,7391.00000
2026-07-08 12:45:00+00:00,4078.26000,4086.49000,4070.99000,4072.19000,8504.00000
2026-07-08 13:00:00+00:00,4072.35000,4082.83000,4069.84000,4072.20000,9968.00000
2026-07-08 13:15:00+00:00,4072.19000,4075.94000,4065.37000,4066.67000,8424.00000
2026-07-08 13:30:00+00:00,4067.59000,4080.34000,4066.73000,4073.33000,10478.00000
2026-07-08 13:45:00+00:00,4073.35000,4079.24000,4068.37000,4070.85000,9711.00000
2026-07-08 14:00:00+00:00,4070.67000,4071.43000,4057.01000,4057.49000,9835.00000
2026-07-08 14:15:00+00:00,4057.50000,4065.37000,4051.45000,4060.14000,10141.00000
2026-07-08 14:30:00+00:00,4060.20000,4061.31000,4035.41000,4036.38000,10590.00000
2026-07-08 14:45:00+00:00,4036.35000,4046.31000,4033.93000,4041.02000,9747.00000
2026-07-08 15:00:00+00:00,4041.14000,4043.79000,4033.76000,4033.77000,9399.00000
2026-07-08 15:15:00+00:00,4033.88000,4035.96000,4026.44000,4031.00000,9578.00000
2026-07-08 15:30:00+00:00,4031.16000,4033.57000,4021.84000,4032.73000,9282.00000
2026-07-08 15:45:00+00:00,4032.74000,4038.42000,4029.97000,4034.30000,7991.00000
2026-07-08 16:00:00+00:00,4034.26000,4042.67000,4033.29000,4039.40000,8027.00000
2026-07-08 16:15:00+00:00,4039.22000,4044.88000,4037.80000,4043.79000,6386.00000
2026-07-08 16:30:00+00:00,4043.39000,4057.40000,4039.54000,4056.57000,7961.00000
2026-07-08 16:45:00+00:00,4056.56000,4064.47000,4053.62000,4063.75000,7646.00000
2026-07-08 17:00:00+00:00,4063.85000,4070.40000,4059.74000,4065.10000,7201.00000
2026-07-08 17:15:00+00:00,4065.12000,4073.87000,4063.57000,4073.07000,7331.00000
2026-07-08 17:30:00+00:00,4073.02000,4076.33000,4068.94000,4069.95000,6004.00000
2026-07-08 17:45:00+00:00,4069.96000,4070.38000,4064.39000,4065.67000,5376.00000
2026-07-08 18:00:00+00:00,4065.71000,4075.64000,4063.74000,4075.21000,8063.00000
2026-07-08 18:15:00+00:00,4075.23000,4075.23000,4067.64000,4069.73000,6536.00000
2026-07-08 18:30:00+00:00,4070.00000,4079.41000,4067.27000,4079.41000,6906.00000
2026-07-08 18:45:00+00:00,4079.39000,4091.53000,4078.83000,4084.42000,6665.00000
2026-07-08 19:00:00+00:00,4084.47000,4091.03000,4084.47000,4087.64000,6314.00000
2026-07-08 19:15:00+00:00,4087.33000,4088.60000,4084.89000,4088.29000,4979.00000
2026-07-08 19:30:00+00:00,4088.34000,4091.28000,4083.40000,4084.15000,5184.00000
2026-07-08 19:45:00+00:00,4083.95000,4084.39000,4078.46000,4080.13000,6539.00000
2026-07-08 20:00:00+00:00,4080.06000,4083.36000,4076.16000,4078.92000,4724.00000
2026-07-08 20:15:00+00:00,4078.95000,4079.63000,4074.20000,4076.83000,3704.00000
2026-07-08 20:30:00+00:00,4076.82000,4078.50000,4071.56000,4074.80000,3412.00000
2026-07-08 20:45:00+00:00,4074.81000,4079.64000,4074.03000,4077.49000,2614.00000
2026-07-08 22:00:00+00:00,4078.68000,4079.94000,4072.60000,4077.18000,3304.00000
2026-07-08 22:15:00+00:00,4077.21000,4079.00000,4073.57000,4074.42000,3288.00000
2026-07-08 22:30:00+00:00,4074.43000,4079.30000,4073.75000,4076.58000,2513.00000
2026-07-08 22:45:00+00:00,4076.50000,4079.83000,4076.37000,4076.74000,1962.00000
2026-07-08 23:00:00+00:00,4076.74000,4077.56000,4073.84000,4077.12000,2035.00000
2026-07-08 23:15:00+00:00,4077.13000,4077.88000,4075.51000,4077.70000,1758.00000
2026-07-08 23:30:00+00:00,4077.65000,4077.65000,4073.92000,4075.33000,2402.00000
2026-07-08 23:45:00+00:00,4075.35000,4077.73000,4072.01000,4076.37000,3270.00000
2026-07-09 00:00:00+00:00,4076.38000,4087.57000,4076.38000,4087.57000,6727.00000
2026-07-09 00:15:00+00:00,4087.56000,4089.76000,4074.14000,4078.14000,5652.00000
2026-07-09 00:30:00+00:00,4078.46000,4081.82000,4075.56000,4077.08000,5508.00000
2026-07-09 00:45:00+00:00,4076.91000,4079.02000,4070.27000,4074.10000,5263.00000
2026-07-09 01:00:00+00:00,4073.87000,4078.76000,4065.31000,4074.18000,8715.00000
2026-07-09 01:15:00+00:00,4074.18000,4076.56000,4066.67000,4066.70000,7005.00000
2026-07-09 01:30:00+00:00,4066.84000,4075.19000,4062.42000,4073.38000,6858.00000
2026-07-09 01:45:00+00:00,4073.39000,4076.07000,4069.01000,4072.81000,6078.00000
2026-07-09 02:00:00+00:00,4072.82000,4079.46000,4072.03000,4078.55000,6065.00000
2026-07-09 02:15:00+00:00,4078.46000,4082.54000,4076.81000,4080.44000,3935.00000
2026-07-09 02:30:00+00:00,4080.45000,4081.62000,4069.96000,4070.82000,5709.00000
2026-07-09 02:45:00+00:00,4070.76000,4071.78000,4064.45000,4065.00000,6123.00000
2026-07-09 03:00:00+00:00,4064.95000,4067.46000,4055.34000,4059.07000,6423.00000
2026-07-09 03:15:00+00:00,4059.00000,4061.07000,4054.21000,4058.26000,5700.00000
2026-07-09 03:30:00+00:00,4058.27000,4063.36000,4056.56000,4061.98000,4352.00000
2026-07-09 03:45:00+00:00,4062.16000,4064.09000,4061.18000,4064.09000,3278.00000
2026-07-09 04:00:00+00:00,4064.08000,4064.49000,4058.95000,4060.55000,3968.00000
2026-07-09 04:15:00+00:00,4060.56000,4060.95000,4057.41000,4058.89000,3769.00000
2026-07-09 04:30:00+00:00,4058.88000,4064.48000,4056.59000,4057.91000,4167.00000
2026-07-09 04:45:00+00:00,4057.95000,4064.59000,4056.56000,4064.37000,3557.00000
2026-07-09 05:00:00+00:00,4064.37000,4075.94000,4063.78000,4073.60000,6050.00000
2026-07-09 05:15:00+00:00,4073.61000,4073.76000,4066.85000,4072.33000,5050.00000
2026-07-09 05:30:00+00:00,4072.32000,4077.06000,4064.91000,4075.63000,6559.00000
2026-07-09 05:45:00+00:00,4075.64000,4084.30000,4073.89000,4082.08000,6080.00000
2026-07-09 06:00:00+00:00,4082.08000,4099.66000,4081.49000,4092.17000,7327.00000
2026-07-09 06:15:00+00:00,4092.04000,4103.25000,4091.54000,4102.41000,7295.00000
2026-07-09 06:30:00+00:00,4102.43000,4107.04000,4096.08000,4102.96000,6624.00000
2026-07-09 06:45:00+00:00,4102.99000,4108.14000,4102.54000,4108.05000,5389.00000
2026-07-09 07:00:00+00:00,4108.10000,4110.24000,4101.70000,4101.70000,5855.00000
2026-07-09 07:15:00+00:00,4101.73000,4110.05000,4101.73000,4109.05000,4894.00000
2026-07-09 07:30:00+00:00,4109.09000,4111.00000,4103.80000,4109.24000,4678.00000
2026-07-09 07:45:00+00:00,4109.19000,4111.25000,4104.80000,4108.07000,4237.00000
2026-07-09 08:00:00+00:00,4108.38000,4110.64000,4105.33000,4108.16000,5656.00000
2026-07-09 08:15:00+00:00,4108.16000,4117.80000,4107.91000,4114.87000,5287.00000
2026-07-09 08:30:00+00:00,4114.85000,4116.59000,4110.24000,4113.66000,4266.00000
2026-07-09 08:45:00+00:00,4113.65000,4113.81000,4107.89000,4108.40000,4025.00000
2026-07-09 09:00:00+00:00,4108.43000,4109.67000,4106.01000,4108.69000,4206.00000
2026-07-09 09:15:00+00:00,4108.68000,4112.36000,4107.53000,4108.52000,4031.00000
2026-07-09 09:30:00+00:00,4108.53000,4110.05000,4103.35000,4104.00000,4530.00000
2026-07-09 09:45:00+00:00,4103.84000,4107.56000,4103.27000,4106.41000,3326.00000
2026-07-09 10:00:00+00:00,4106.49000,4110.01000,4104.31000,4105.21000,3501.00000
2026-07-09 10:15:00+00:00,4105.26000,4106.61000,4104.06000,4104.43000,2863.00000
2026-07-09 10:30:00+00:00,4104.27000,4105.51000,4102.52000,4103.47000,3374.00000
2026-07-09 10:45:00+00:00,4103.48000,4104.46000,4093.84000,4099.11000,5702.00000
2026-07-09 11:00:00+00:00,4099.09000,4105.07000,4097.93000,4105.02000,5065.00000
2026-07-09 11:15:00+00:00,4104.97000,4107.18000,4099.13000,4100.45000,4278.00000
2026-07-09 11:30:00+00:00,4100.50000,4109.48000,4099.00000,4106.32000,4753.00000
2026-07-09 11:45:00+00:00,4106.32000,4110.60000,4104.47000,4108.73000,4218.00000
2026-07-09 12:00:00+00:00,4108.86000,4120.00000,4105.97000,4112.81000,6321.00000
2026-07-09 12:15:00+00:00,4112.89000,4113.53000,4105.18000,4107.18000,5954.00000
2026-07-09 12:30:00+00:00,4107.16000,4122.63000,4104.93000,4113.15000,7185.00000
2026-07-09 12:45:00+00:00,4113.21000,4114.67000,4107.62000,4107.79000,5861.00000
2026-07-09 13:00:00+00:00,4107.76000,4121.17000,4106.85000,4120.63000,8065.00000
2026-07-09 13:15:00+00:00,4120.67000,4127.28000,4118.74000,4126.04000,7941.00000
2026-07-09 13:30:00+00:00,4126.29000,4129.52000,4119.80000,4127.52000,9538.00000
2026-07-09 13:45:00+00:00,4127.44000,4127.64000,4117.97000,4122.06000,7960.00000
2026-07-09 14:00:00+00:00,4121.99000,4136.12000,4120.46000,4122.38000,9387.00000
2026-07-09 14:15:00+00:00,4122.39000,4125.71000,4114.36000,4124.80000,9109.00000
2026-07-09 14:30:00+00:00,4125.01000,4126.75000,4120.72000,4124.16000,7133.00000
2026-07-09 14:45:00+00:00,4124.27000,4128.05000,4118.28000,4127.86000,6882.00000
2026-07-09 15:00:00+00:00,4128.02000,4130.93000,4124.96000,4125.17000,6377.00000
2026-07-09 15:15:00+00:00,4125.23000,4130.78000,4125.06000,4127.97000,6440.00000
2026-07-09 15:30:00+00:00,4128.08000,4131.48000,4126.43000,4130.24000,5701.00000
2026-07-09 15:45:00+00:00,4130.40000,4132.79000,4126.54000,4126.95000,5613.00000
2026-07-09 16:00:00+00:00,4126.94000,4131.27000,4125.74000,4130.43000,5354.00000
2026-07-09 16:15:00+00:00,4130.42000,4133.16000,4129.01000,4132.87000,5295.00000
2026-07-09 16:30:00+00:00,4132.73000,4137.99000,4131.80000,4133.38000,5631.00000
2026-07-09 16:45:00+00:00,4133.45000,4134.40000,4128.04000,4128.04000,4211.00000
2026-07-09 17:00:00+00:00,4128.03000,4128.88000,4125.87000,4127.51000,4710.00000
2026-07-09 17:15:00+00:00,4127.50000,4131.94000,4125.14000,4131.65000,5092.00000
2026-07-09 17:30:00+00:00,4131.71000,4134.32000,4129.32000,4132.29000,4479.00000
2026-07-09 17:45:00+00:00,4132.30000,4138.11000,4132.16000,4136.25000,4064.00000
2026-07-09 18:00:00+00:00,4136.21000,4136.45000,4127.33000,4128.78000,4240.00000
2026-07-09 18:15:00+00:00,4128.81000,4128.81000,4123.19000,4124.04000,3913.00000
2026-07-09 18:30:00+00:00,4124.09000,4125.46000,4121.55000,4125.43000,3598.00000
2026-07-09 18:45:00+00:00,4125.45000,4125.55000,4122.51000,4124.58000,2866.00000
2026-07-09 19:00:00+00:00,4124.48000,4126.99000,4123.02000,4124.40000,3378.00000
2026-07-09 19:15:00+00:00,4124.30000,4125.58000,4120.83000,4121.01000,2939.00000
2026-07-09 19:30:00+00:00,4121.04000,4122.66000,4118.89000,4120.31000,3362.00000
2026-07-09 19:45:00+00:00,4120.32000,4123.54000,4120.07000,4122.54000,3664.00000
2026-07-09 20:00:00+00:00,4122.28000,4124.21000,4120.85000,4121.45000,1880.00000
2026-07-09 20:15:00+00:00,4121.51000,4122.69000,4120.65000,4121.15000,1195.00000
2026-07-09 20:30:00+00:00,4121.14000,4125.58000,4120.82000,4124.51000,1662.00000
2026-07-09 20:45:00+00:00,4124.37000,4124.50000,4123.10000,4123.67000,1563.00000
2026-07-09 22:00:00+00:00,4125.46000,4127.86000,4122.49000,4123.76000,2712.00000
2026-07-09 22:15:00+00:00,4123.75000,4124.89000,4122.55000,4123.26000,2160.00000
2026-07-09 22:30:00+00:00,4123.30000,4124.82000,4122.51000,4123.87000,1945.00000
2026-07-09 22:45:00+00:00,4123.88000,4124.34000,4121.56000,4121.94000,1543.00000
2026-07-09 23:00:00+00:00,4121.83000,4124.61000,4121.61000,4123.96000,1440.00000
2026-07-09 23:15:00+00:00,4123.94000,4125.23000,4121.52000,4122.35000,1679.00000
2026-07-09 23:30:00+00:00,4122.38000,4123.08000,4121.14000,4122.82000,1310.00000
2026-07-09 23:45:00+00:00,4122.83000,4124.54000,4121.72000,4123.59000,2122.00000
2026-07-10 00:00:00+00:00,4123.38000,4125.70000,4119.93000,4122.24000,4610.00000
2026-07-10 00:15:00+00:00,4122.36000,4123.71000,4116.90000,4119.60000,3701.00000
2026-07-10 00:30:00+00:00,4119.59000,4123.98000,4114.56000,4123.24000,4278.00000
2026-07-10 00:45:00+00:00,4122.83000,4128.34000,4121.44000,4126.52000,5025.00000
2026-07-10 01:00:00+00:00,4126.55000,4131.02000,4119.03000,4125.12000,7375.00000
2026-07-10 01:15:00+00:00,4125.09000,4127.41000,4120.40000,4121.68000,6153.00000
2026-07-10 01:30:00+00:00,4121.65000,4123.52000,4109.23000,4111.77000,6461.00000
2026-07-10 01:45:00+00:00,4111.76000,4121.28000,4108.93000,4116.96000,6170.00000
2026-07-10 02:00:00+00:00,4116.99000,4128.85000,4116.29000,4124.83000,5537.00000
2026-07-10 02:15:00+00:00,4124.83000,4128.05000,4121.92000,4125.83000,4155.00000
2026-07-10 02:30:00+00:00,4125.87000,4128.74000,4122.36000,4125.87000,4744.00000
2026-07-10 02:45:00+00:00,4125.86000,4129.09000,4123.52000,4127.77000,4506.00000
2026-07-10 03:00:00+00:00,4127.77000,4134.79000,4126.07000,4126.66000,5228.00000
2026-07-10 03:15:00+00:00,4126.68000,4128.33000,4120.70000,4125.26000,4217.00000
2026-07-10 03:30:00+00:00,4125.16000,4127.92000,4121.37000,4121.71000,3675.00000
2026-07-10 03:45:00+00:00,4121.74000,4122.37000,4119.44000,4120.35000,2898.00000
2026-07-10 04:00:00+00:00,4120.33000,4121.06000,4116.90000,4121.06000,3067.00000
2026-07-10 04:15:00+00:00,4120.96000,4121.20000,4112.23000,4117.50000,4030.00000
2026-07-10 04:30:00+00:00,4117.39000,4119.67000,4116.75000,4119.17000,2357.00000
2026-07-10 04:45:00+00:00,4119.12000,4119.15000,4115.00000,4115.23000,2821.00000
2026-07-10 05:00:00+00:00,4115.22000,4116.36000,4113.29000,4114.02000,3572.00000
2026-07-10 05:15:00+00:00,4114.01000,4117.03000,4113.06000,4114.21000,3838.00000
2026-07-10 05:30:00+00:00,4114.18000,4115.35000,4109.26000,4114.07000,6505.00000
2026-07-10 05:45:00+00:00,4113.97000,4117.11000,4108.14000,4116.74000,5206.00000
2026-07-10 06:00:00+00:00,4116.76000,4119.24000,4114.80000,4115.06000,5371.00000
2026-07-10 06:15:00+00:00,4115.12000,4120.11000,4113.80000,4114.60000,4524.00000
2026-07-10 06:30:00+00:00,4114.58000,4116.17000,4111.13000,4111.52000,4936.00000
2026-07-10 06:45:00+00:00,4111.54000,4114.33000,4111.35000,4111.73000,3797.00000
2026-07-10 07:00:00+00:00,4111.62000,4113.69000,4109.04000,4111.58000,3966.00000
2026-07-10 07:15:00+00:00,4111.58000,4115.38000,4108.68000,4112.48000,3963.00000
2026-07-10 07:30:00+00:00,4112.49000,4114.54000,4105.40000,4106.77000,3703.00000
2026-07-10 07:45:00+00:00,4106.82000,4109.96000,4104.31000,4108.97000,4360.00000
2026-07-10 08:00:00+00:00,4109.20000,4109.53000,4104.00000,4107.25000,5018.00000
2026-07-10 08:15:00+00:00,4107.33000,4108.79000,4103.50000,4104.29000,4386.00000
2026-07-10 08:30:00+00:00,4104.32000,4105.58000,4099.56000,4101.82000,4296.00000
2026-07-10 08:45:00+00:00,4101.74000,4101.83000,4094.81000,4097.85000,4414.00000
2026-07-10 09:00:00+00:00,4097.83000,4100.81000,4094.48000,4100.81000,4295.00000
2026-07-10 09:15:00+00:00,4100.72000,4103.44000,4099.95000,4102.72000,3517.00000
2026-07-10 09:30:00+00:00,4102.50000,4104.08000,4098.50000,4102.95000,3355.00000
2026-07-10 09:45:00+00:00,4103.02000,4105.46000,4102.24000,4104.40000,2906.00000
2026-07-10 10:00:00+00:00,4104.53000,4108.54000,4104.27000,4106.24000,3095.00000
2026-07-10 10:15:00+00:00,4106.46000,4112.67000,4106.34000,4109.54000,3448.00000
2026-07-10 10:30:00+00:00,4109.61000,4110.57000,4106.36000,4109.10000,2861.00000
2026-07-10 10:45:00+00:00,4109.12000,4109.12000,4104.40000,4104.60000,3312.00000
2026-07-10 11:00:00+00:00,4104.60000,4108.10000,4104.46000,4106.41000,3219.00000
2026-07-10 11:15:00+00:00,4106.38000,4108.18000,4100.20000,4100.22000,3324.00000
2026-07-10 11:30:00+00:00,4100.18000,4107.46000,4096.16000,4106.74000,4676.00000
2026-07-10 11:45:00+00:00,4106.66000,4108.00000,4102.16000,4102.34000,3655.00000
2026-07-10 12:00:00+00:00,4102.39000,4117.49000,4100.93000,4114.98000,4868.00000
2026-07-10 12:15:00+00:00,4114.85000,4116.38000,4103.46000,4106.02000,6216.00000
2026-07-10 12:30:00+00:00,4106.25000,4107.02000,4097.61000,4098.42000,5846.00000
2026-07-10 12:45:00+00:00,4098.32000,4104.95000,4097.99000,4100.83000,4516.00000
2026-07-10 13:00:00+00:00,4100.84000,4106.22000,4098.70000,4104.34000,5958.00000
2026-07-10 13:15:00+00:00,4104.44000,4106.69000,4085.54000,4087.38000,6009.00000
2026-07-10 13:30:00+00:00,4087.48000,4102.55000,4087.00000,4098.44000,8351.00000
2026-07-10 13:45:00+00:00,4098.50000,4105.60000,4097.31000,4099.95000,6652.00000
2026-07-10 14:00:00+00:00,4100.12000,4103.53000,4097.64000,4100.14000,6664.00000
2026-07-10 14:15:00+00:00,4100.19000,4108.94000,4097.53000,4105.53000,7198.00000
2026-07-10 14:30:00+00:00,4105.64000,4107.91000,4072.90000,4099.39000,10010.00000
2026-07-10 14:45:00+00:00,4099.30000,4107.52000,4091.68000,4092.82000,7584.00000
2026-07-10 15:00:00+00:00,4093.33000,4100.90000,4091.41000,4097.59000,7390.00000
2026-07-10 15:15:00+00:00,4097.61000,4107.76000,4097.46000,4102.15000,7159.00000
2026-07-10 15:30:00+00:00,4102.26000,4106.94000,4101.51000,4106.36000,6786.00000
2026-07-10 15:45:00+00:00,4106.37000,4113.50000,4105.80000,4113.14000,5818.00000
2026-07-10 16:00:00+00:00,4113.16000,4114.83000,4108.09000,4110.20000,5661.00000
2026-07-10 16:15:00+00:00,4110.35000,4114.48000,4107.40000,4114.45000,4901.00000
2026-07-10 16:30:00+00:00,4114.46000,4115.54000,4109.07000,4109.15000,4179.00000
2026-07-10 16:45:00+00:00,4109.16000,4109.72000,4104.40000,4104.53000,4526.00000
2026-07-10 17:00:00+00:00,4104.51000,4105.52000,4102.40000,4103.94000,4694.00000
2026-07-10 17:15:00+00:00,4103.96000,4106.88000,4103.82000,4105.64000,4077.00000
2026-07-10 17:30:00+00:00,4105.65000,4106.88000,4103.38000,4103.93000,3920.00000
2026-07-10 17:45:00+00:00,4104.03000,4105.30000,4100.56000,4100.82000,3495.00000
2026-07-10 18:00:00+00:00,4100.86000,4105.02000,4100.08000,4104.82000,3452.00000
2026-07-10 18:15:00+00:00,4104.97000,4105.42000,4102.24000,4103.01000,2946.00000
2026-07-10 18:30:00+00:00,4103.20000,4103.79000,4098.68000,4099.03000,3433.00000
2026-07-10 18:45:00+00:00,4099.04000,4101.62000,4098.14000,4101.23000,2662.00000
2026-07-10 19:00:00+00:00,4101.25000,4102.41000,4097.86000,4101.68000,3148.00000
2026-07-10 19:15:00+00:00,4101.66000,4103.23000,4101.32000,4101.82000,2046.00000
2026-07-10 19:30:00+00:00,4101.95000,4103.64000,4100.57000,4102.60000,2662.00000
2026-07-10 19:45:00+00:00,4102.62000,4109.03000,4102.50000,4108.40000,3438.00000
2026-07-10 20:00:00+00:00,4108.32000,4115.23000,4108.29000,4112.33000,2557.00000
2026-07-10 20:15:00+00:00,4112.18000,4112.83000,4110.73000,4111.40000,1585.00000
2026-07-10 20:30:00+00:00,4111.20000,4112.55000,4110.49000,4111.83000,1179.00000
2026-07-10 20:45:00+00:00,4111.66000,4120.95000,4111.58000,4119.43000,2481.00000
2026-07-12 22:00:00+00:00,4098.04000,4103.36000,4080.94000,4081.46000,6428.00000
2026-07-12 22:15:00+00:00,4081.49000,4088.10000,4080.31000,4084.48000,5254.00000
2026-07-12 22:30:00+00:00,4084.02000,4086.56000,4078.14000,4078.67000,3428.00000
2026-07-12 22:45:00+00:00,4078.67000,4080.92000,4069.49000,4076.74000,4002.00000
2026-07-12 23:00:00+00:00,4076.76000,4076.77000,4068.64000,4070.20000,5307.00000
2026-07-12 23:15:00+00:00,4070.21000,4075.05000,4068.78000,4074.68000,3789.00000
2026-07-12 23:30:00+00:00,4074.65000,4079.13000,4071.82000,4077.72000,3576.00000
2026-07-12 23:45:00+00:00,4077.71000,4084.77000,4075.72000,4084.44000,6265.00000
2026-07-13 00:00:00+00:00,4084.97000,4091.11000,4080.87000,4086.90000,7141.00000
2026-07-13 00:15:00+00:00,4086.89000,4087.90000,4074.43000,4074.78000,6568.00000
2026-07-13 00:30:00+00:00,4074.76000,4075.52000,4061.29000,4073.25000,6663.00000
2026-07-13 00:45:00+00:00,4073.26000,4077.41000,4068.91000,4074.07000,6751.00000
2026-07-13 01:00:00+00:00,4074.43000,4081.12000,4065.60000,4079.69000,9460.00000
2026-07-13 01:15:00+00:00,4079.67000,4081.95000,4071.18000,4079.83000,8556.00000
2026-07-13 01:30:00+00:00,4079.90000,4089.87000,4077.80000,4084.60000,7901.00000
2026-07-13 01:45:00+00:00,4084.66000,4088.13000,4067.51000,4072.23000,8238.00000
2026-07-13 02:00:00+00:00,4072.34000,4074.91000,4070.11000,4072.29000,8360.00000
2026-07-13 02:15:00+00:00,4072.17000,4074.35000,4066.61000,4067.20000,6665.00000
2026-07-13 02:30:00+00:00,4067.42000,4077.45000,4064.74000,4072.79000,7337.00000
2026-07-13 02:45:00+00:00,4072.78000,4072.96000,4068.40000,4068.65000,6296.00000
2026-07-13 03:00:00+00:00,4068.45000,4069.41000,4053.04000,4058.12000,7299.00000
2026-07-13 03:15:00+00:00,4058.13000,4062.51000,4058.10000,4061.89000,6092.00000
2026-07-13 03:30:00+00:00,4061.89000,4062.48000,4057.06000,4057.82000,5293.00000
2026-07-13 03:45:00+00:00,4057.87000,4061.07000,4057.61000,4060.45000,4041.00000
2026-07-13 04:00:00+00:00,4060.46000,4060.47000,4052.38000,4054.63000,4622.00000
2026-07-13 04:15:00+00:00,4054.64000,4057.84000,4050.40000,4055.60000,4507.00000
2026-07-13 04:30:00+00:00,4055.59000,4057.65000,4053.22000,4054.10000,3787.00000
2026-07-13 04:45:00+00:00,4054.10000,4059.19000,4052.60000,4058.80000,3694.00000
2026-07-13 05:00:00+00:00,4058.81000,4073.03000,4054.88000,4069.50000,6628.00000
2026-07-13 05:15:00+00:00,4069.54000,4069.58000,4057.52000,4058.11000,6060.00000
2026-07-13 05:30:00+00:00,4057.97000,4065.60000,4052.26000,4063.65000,7978.00000
2026-07-13 05:45:00+00:00,4063.68000,4064.29000,4052.79000,4053.78000,6643.00000
2026-07-13 06:00:00+00:00,4053.75000,4056.19000,4043.91000,4050.88000,7427.00000
2026-07-13 06:15:00+00:00,4050.85000,4061.22000,4050.73000,4061.21000,6142.00000
2026-07-13 06:30:00+00:00,4061.22000,4063.56000,4058.70000,4060.24000,6024.00000
2026-07-13 06:45:00+00:00,4060.22000,4060.61000,4052.08000,4055.55000,5597.00000
2026-07-13 07:00:00+00:00,4055.74000,4061.28000,4048.95000,4055.70000,6355.00000
2026-07-13 07:15:00+00:00,4055.72000,4059.37000,4055.71000,4058.85000,4508.00000
2026-07-13 07:30:00+00:00,4058.80000,4062.89000,4056.28000,4057.42000,4883.00000
2026-07-13 07:45:00+00:00,4057.46000,4065.08000,4056.14000,4064.80000,4705.00000
2026-07-13 08:00:00+00:00,4065.12000,4074.93000,4063.19000,4074.02000,7100.00000
2026-07-13 08:15:00+00:00,4074.10000,4080.71000,4073.73000,4074.17000,6611.00000
2026-07-13 08:30:00+00:00,4074.16000,4076.50000,4071.74000,4075.84000,4621.00000
2026-07-13 08:45:00+00:00,4075.64000,4078.56000,4072.29000,4074.69000,4365.00000
2026-07-13 09:00:00+00:00,4074.35000,4076.15000,4072.77000,4074.61000,3966.00000
2026-07-13 09:15:00+00:00,4074.54000,4076.71000,4071.45000,4072.83000,4235.00000
2026-07-13 09:30:00+00:00,4072.74000,4073.99000,4069.62000,4072.81000,4233.00000
2026-07-13 09:45:00+00:00,4072.82000,4073.62000,4068.26000,4068.38000,3788.00000
2026-07-13 10:00:00+00:00,4068.33000,4070.60000,4066.88000,4067.76000,3805.00000
2026-07-13 10:15:00+00:00,4067.74000,4069.43000,4064.51000,4065.12000,3676.00000
2026-07-13 10:30:00+00:00,4065.08000,4068.22000,4046.69000,4052.28000,4826.00000
2026-07-13 10:45:00+00:00,4051.86000,4061.55000,4048.14000,4060.61000,6015.00000
2026-07-13 11:00:00+00:00,4060.60000,4067.98000,4058.26000,4064.13000,6119.00000
2026-07-13 11:15:00+00:00,4064.14000,4065.08000,4058.17000,4062.90000,4683.00000
2026-07-13 11:30:00+00:00,4062.62000,4068.47000,4062.05000,4065.26000,5141.00000
2026-07-13 11:45:00+00:00,4065.41000,4065.82000,4054.99000,4056.49000,5537.00000
2026-07-13 12:00:00+00:00,4056.50000,4060.41000,4053.57000,4056.31000,5986.00000
2026-07-13 12:15:00+00:00,4056.33000,4063.57000,4055.20000,4059.02000,5768.00000
2026-07-13 12:30:00+00:00,4058.81000,4064.03000,4058.79000,4062.86000,5122.00000
2026-07-13 12:45:00+00:00,4062.97000,4067.37000,4062.90000,4067.34000,5277.00000
2026-07-13 13:00:00+00:00,4067.38000,4067.58000,4059.25000,4061.85000,6828.00000
2026-07-13 13:15:00+00:00,4061.84000,4065.94000,4058.61000,4062.26000,6096.00000
2026-07-13 13:30:00+00:00,4062.19000,4063.89000,4051.59000,4054.84000,9646.00000
2026-07-13 13:45:00+00:00,4054.76000,4058.30000,4041.68000,4043.22000,10538.00000
2026-07-13 14:00:00+00:00,4043.29000,4046.79000,4029.76000,4035.86000,10185.00000
2026-07-13 14:15:00+00:00,4035.83000,4037.29000,4002.62000,4016.87000,11668.00000
2026-07-13 14:30:00+00:00,4016.68000,4017.03000,4000.15000,4005.50000,10498.00000
2026-07-13 14:45:00+00:00,4005.38000,4015.26000,4001.96000,4015.26000,9092.00000
2026-07-13 15:00:00+00:00,4015.23000,4017.60000,4010.96000,4014.88000,7151.00000
2026-07-13 15:15:00+00:00,4014.92000,4020.25000,4013.25000,4016.56000,6881.00000
2026-07-13 15:30:00+00:00,4016.82000,4017.67000,4012.44000,4013.43000,6209.00000
2026-07-13 15:45:00+00:00,4013.39000,4016.05000,4010.42000,4015.94000,6017.00000
2026-07-13 16:00:00+00:00,4015.93000,4017.91000,4012.70000,4014.06000,5086.00000
2026-07-13 16:15:00+00:00,4014.05000,4014.07000,4000.63000,4003.78000,6464.00000
2026-07-13 16:30:00+00:00,4003.59000,4004.72000,3990.69000,4000.68000,9426.00000
2026-07-13 16:45:00+00:00,4000.67000,4002.75000,3986.56000,3993.23000,8440.00000
2026-07-13 17:00:00+00:00,3993.66000,3998.97000,3992.22000,3997.62000,6609.00000
2026-07-13 17:15:00+00:00,3997.76000,4001.94000,3996.73000,3998.94000,6509.00000
2026-07-13 17:30:00+00:00,3998.93000,4000.90000,3996.34000,3997.07000,6165.00000
2026-07-13 17:45:00+00:00,3997.18000,3999.41000,3992.22000,3993.28000,6459.00000
2026-07-13 18:00:00+00:00,3993.58000,3995.14000,3989.91000,3993.88000,6890.00000
2026-07-13 18:15:00+00:00,3993.85000,3996.87000,3986.85000,3995.30000,6589.00000
2026-07-13 18:30:00+00:00,3995.57000,4000.77000,3994.13000,4000.15000,5692.00000
2026-07-13 18:45:00+00:00,4000.16000,4005.10000,3998.30000,4001.53000,5577.00000
2026-07-13 19:00:00+00:00,4002.00000,4004.51000,3997.87000,3998.07000,5579.00000
2026-07-13 19:15:00+00:00,3998.08000,4000.90000,3996.92000,3998.36000,4714.00000
2026-07-13 19:30:00+00:00,3998.48000,4001.07000,3993.52000,3999.23000,5487.00000
2026-07-13 19:45:00+00:00,3999.14000,4002.45000,3996.92000,4002.08000,5691.00000
2026-07-13 20:00:00+00:00,4002.05000,4006.22000,3998.67000,3998.86000,4125.00000
2026-07-13 20:15:00+00:00,3998.85000,4000.35000,3996.64000,3999.91000,3055.00000
2026-07-13 20:30:00+00:00,3999.92000,4000.48000,3997.40000,4000.14000,2067.00000
2026-07-13 20:45:00+00:00,4000.12000,4002.14000,3998.09000,4000.98000,2409.00000
2026-07-13 22:00:00+00:00,4004.17000,4006.56000,4001.43000,4004.15000,2808.00000
2026-07-13 22:15:00+00:00,4004.17000,4005.96000,4004.17000,4004.57000,1886.00000
2026-07-13 22:30:00+00:00,4004.57000,4005.49000,4002.97000,4003.87000,2295.00000
2026-07-13 22:45:00+00:00,4003.88000,4005.32000,4000.87000,4000.94000,2827.00000
2026-07-13 23:00:00+00:00,4000.98000,4003.10000,3999.60000,4000.30000,2702.00000
2026-07-13 23:15:00+00:00,4000.22000,4000.57000,3996.91000,3997.49000,2731.00000
2026-07-13 23:30:00+00:00,3997.48000,3997.48000,3993.68000,3995.54000,3467.00000
2026-07-13 23:45:00+00:00,3995.48000,4001.93000,3992.79000,4001.13000,5244.00000
2026-07-14 00:00:00+00:00,4001.64000,4004.71000,3982.94000,3995.47000,9097.00000
2026-07-14 00:15:00+00:00,3995.11000,3996.98000,3985.86000,3995.39000,8002.00000
2026-07-14 00:30:00+00:00,3995.39000,4007.17000,3994.36000,4002.88000,8049.00000
2026-07-14 00:45:00+00:00,4002.90000,4007.24000,4000.65000,4004.25000,8004.00000
2026-07-14 01:00:00+00:00,4004.23000,4004.23000,3992.25000,3995.32000,9509.00000
2026-07-14 01:15:00+00:00,3995.35000,4004.87000,3995.17000,3997.86000,7602.00000
2026-07-14 01:30:00+00:00,3997.99000,4004.15000,3992.90000,4002.07000,7906.00000
2026-07-14 01:45:00+00:00,4002.09000,4012.17000,3998.89000,4010.62000,6950.00000
2026-07-14 02:00:00+00:00,4010.63000,4017.72000,4006.05000,4016.73000,7226.00000
2026-07-14 02:15:00+00:00,4016.73000,4019.04000,4013.86000,4017.95000,5718.00000
2026-07-14 02:30:00+00:00,4017.94000,4019.01000,4010.66000,4010.95000,6311.00000
2026-07-14 02:45:00+00:00,4010.88000,4013.98000,4009.08000,4012.29000,6020.00000
2026-07-14 03:00:00+00:00,4012.32000,4016.65000,4012.11000,4014.12000,5921.00000
2026-07-14 03:15:00+00:00,4014.22000,4018.78000,4011.15000,4018.03000,5631.00000
2026-07-14 03:30:00+00:00,4018.07000,4019.06000,4013.87000,4015.43000,5275.00000
2026-07-14 03:45:00+00:00,4015.43000,4018.17000,4014.53000,4016.95000,4114.00000
2026-07-14 04:00:00+00:00,4016.96000,4018.81000,4013.47000,4015.71000,4169.00000
2026-07-14 04:15:00+00:00,4015.72000,4017.34000,4014.01000,4015.73000,3857.00000
2026-07-14 04:30:00+00:00,4015.72000,4023.36000,4015.72000,4020.70000,4375.00000
2026-07-14 04:45:00+00:00,4020.71000,4021.32000,4016.07000,4020.30000,3998.00000
2026-07-14 05:00:00+00:00,4020.43000,4023.86000,4019.73000,4023.14000,3941.00000
2026-07-14 05:15:00+00:00,4023.22000,4024.02000,4020.04000,4022.81000,4186.00000
2026-07-14 05:30:00+00:00,4022.79000,4034.10000,4022.67000,4032.19000,7367.00000
2026-07-14 05:45:00+00:00,4032.18000,4032.59000,4029.08000,4031.41000,6078.00000
2026-07-14 06:00:00+00:00,4031.45000,4033.25000,4028.79000,4031.04000,5709.00000
2026-07-14 06:15:00+00:00,4031.11000,4031.24000,4023.05000,4023.05000,5274.00000
2026-07-14 06:30:00+00:00,4023.04000,4026.32000,4021.77000,4025.29000,5394.00000
2026-07-14 06:45:00+00:00,4025.30000,4026.84000,4022.86000,4023.96000,4789.00000
2026-07-14 07:00:00+00:00,4023.93000,4029.08000,4020.76000,4024.83000,5954.00000
2026-07-14 07:15:00+00:00,4024.70000,4029.80000,4024.58000,4026.42000,5219.00000
2026-07-14 07:30:00+00:00,4026.41000,4029.54000,4022.95000,4023.68000,5329.00000
2026-07-14 07:45:00+00:00,4023.77000,4026.15000,4020.21000,4020.73000,5848.00000
2026-07-14 08:00:00+00:00,4021.21000,4022.46000,4014.53000,4017.34000,6901.00000
2026-07-14 08:15:00+00:00,4017.39000,4023.15000,4017.38000,4021.82000,4985.00000
2026-07-14 08:30:00+00:00,4021.75000,4023.86000,4018.82000,4019.33000,5037.00000
2026-07-14 08:45:00+00:00,4019.35000,4020.90000,4015.90000,4015.97000,4610.00000
2026-07-14 09:00:00+00:00,4015.89000,4024.20000,4013.93000,4020.70000,5337.00000
2026-07-14 09:15:00+00:00,4020.80000,4021.84000,4015.13000,4015.80000,5314.00000
2026-07-14 09:30:00+00:00,4015.91000,4018.15000,4013.81000,4017.24000,5171.00000
2026-07-14 09:45:00+00:00,4017.25000,4023.91000,4016.57000,4021.79000,5357.00000
2026-07-14 10:00:00+00:00,4021.88000,4022.22000,4016.91000,4018.23000,4182.00000
2026-07-14 10:15:00+00:00,4018.22000,4020.10000,4015.72000,4017.89000,4446.00000
2026-07-14 10:30:00+00:00,4017.90000,4020.18000,4015.20000,4019.07000,5147.00000
2026-07-14 10:45:00+00:00,4019.26000,4022.84000,4018.14000,4021.67000,4240.00000
2026-07-14 11:00:00+00:00,4021.71000,4024.01000,4015.58000,4022.91000,5993.00000
2026-07-14 11:15:00+00:00,4022.86000,4028.38000,4020.65000,4024.96000,5219.00000
2026-07-14 11:30:00+00:00,4024.98000,4030.39000,4024.63000,4028.12000,5112.00000
2026-07-14 11:45:00+00:00,4028.14000,4031.96000,4025.88000,4031.35000,4796.00000
2026-07-14 12:00:00+00:00,4031.29000,4035.80000,4025.31000,4026.04000,6168.00000
2026-07-14 12:15:00+00:00,4025.93000,4030.88000,4023.29000,4027.80000,6364.00000
2026-07-14 12:30:00+00:00,4030.10000,4103.04000,4030.10000,4092.92000,12531.00000
2026-07-14 12:45:00+00:00,4093.39000,4095.19000,4069.04000,4076.36000,11146.00000
2026-07-14 13:00:00+00:00,4076.29000,4083.38000,4070.99000,4075.08000,10420.00000
2026-07-14 13:15:00+00:00,4074.93000,4086.29000,4072.25000,4081.31000,9003.00000
2026-07-14 13:30:00+00:00,4081.21000,4088.69000,4075.91000,4087.60000,11579.00000
2026-07-14 13:45:00+00:00,4087.50000,4087.50000,4074.39000,4076.71000,9981.00000
2026-07-14 14:00:00+00:00,4076.75000,4085.23000,4072.76000,4082.46000,10422.00000
2026-07-14 14:15:00+00:00,4082.46000,4085.17000,4070.73000,4077.01000,10538.00000
2026-07-14 14:30:00+00:00,4076.91000,4089.70000,4073.18000,4080.18000,10319.00000
2026-07-14 14:45:00+00:00,4080.61000,4087.63000,4077.77000,4085.25000,8966.00000
2026-07-14 15:00:00+00:00,4085.28000,4100.41000,4078.87000,4090.33000,10052.00000
2026-07-14 15:15:00+00:00,4090.29000,4091.07000,4082.53000,4084.94000,7501.00000
2026-07-14 15:30:00+00:00,4084.95000,4086.92000,4066.84000,4074.21000,8885.00000
2026-07-14 15:45:00+00:00,4074.07000,4076.56000,4064.71000,4066.27000,8789.00000
2026-07-14 16:00:00+00:00,4066.28000,4066.99000,4058.03000,4063.14000,8071.00000
2026-07-14 16:15:00+00:00,4063.06000,4065.08000,4057.96000,4059.45000,5812.00000
2026-07-14 16:30:00+00:00,4059.45000,4062.78000,4057.75000,4060.98000,6125.00000
2026-07-14 16:45:00+00:00,4060.92000,4062.28000,4057.71000,4061.62000,5461.00000
2026-07-14 17:00:00+00:00,4061.59000,4064.53000,4055.28000,4056.70000,5918.00000
2026-07-14 17:15:00+00:00,4056.77000,4064.12000,4054.54000,4062.86000,6027.00000
2026-07-14 17:30:00+00:00,4062.98000,4065.09000,4059.62000,4059.82000,4749.00000
2026-07-14 17:45:00+00:00,4059.83000,4063.88000,4058.40000,4062.82000,4040.00000
2026-07-14 18:00:00+00:00,4062.62000,4062.85000,4059.72000,4061.67000,3893.00000
2026-07-14 18:15:00+00:00,4061.67000,4063.20000,4056.62000,4058.53000,3960.00000
2026-07-14 18:30:00+00:00,4058.51000,4059.52000,4042.67000,4046.55000,5746.00000
2026-07-14 18:45:00+00:00,4046.53000,4054.65000,4044.84000,4054.13000,5296.00000
2026-07-14 19:00:00+00:00,4054.28000,4057.29000,4052.42000,4056.63000,4574.00000
2026-07-14 19:15:00+00:00,4056.62000,4056.97000,4051.14000,4051.65000,4157.00000
2026-07-14 19:30:00+00:00,4051.66000,4052.84000,4047.63000,4052.60000,5019.00000
2026-07-14 19:45:00+00:00,4052.52000,4056.93000,4051.62000,4055.69000,5239.00000
2026-07-14 20:00:00+00:00,4055.82000,4056.43000,4053.75000,4053.76000,2296.00000
2026-07-14 20:15:00+00:00,4053.78000,4054.59000,4052.22000,4052.94000,1844.00000
2026-07-14 20:30:00+00:00,4053.11000,4053.45000,4049.70000,4050.50000,1933.00000
2026-07-14 20:45:00+00:00,4050.51000,4053.17000,4049.27000,4052.82000,1484.00000
2026-07-14 22:00:00+00:00,4057.22000,4057.22000,4049.00000,4050.74000,2641.00000
2026-07-14 22:15:00+00:00,4050.77000,4052.11000,4049.20000,4051.75000,2546.00000
2026-07-14 22:30:00+00:00,4051.76000,4052.72000,4048.95000,4050.56000,2839.00000
2026-07-14 22:45:00+00:00,4050.64000,4050.74000,4048.42000,4048.99000,2037.00000
2026-07-14 23:00:00+00:00,4049.03000,4050.14000,4047.03000,4047.67000,2478.00000
2026-07-14 23:15:00+00:00,4047.66000,4053.92000,4046.89000,4053.87000,2438.00000
2026-07-14 23:30:00+00:00,4053.87000,4056.07000,4051.59000,4054.70000,3291.00000
2026-07-14 23:45:00+00:00,4054.72000,4055.07000,4052.02000,4053.01000,3105.00000
2026-07-15 00:00:00+00:00,4053.25000,4056.14000,4051.11000,4051.34000,5975.00000
2026-07-15 00:15:00+00:00,4051.31000,4058.28000,4051.15000,4058.28000,5661.00000
2026-07-15 00:30:00+00:00,4058.37000,4058.56000,4052.21000,4054.61000,4718.00000
2026-07-15 00:45:00+00:00,4054.61000,4060.49000,4054.26000,4059.00000,4466.00000
2026-07-15 01:00:00+00:00,4059.29000,4062.07000,4055.15000,4055.77000,7641.00000
2026-07-15 01:15:00+00:00,4055.65000,4057.26000,4052.69000,4054.46000,6938.00000
2026-07-15 01:30:00+00:00,4054.43000,4054.69000,4036.58000,4038.81000,7758.00000
2026-07-15 01:45:00+00:00,4039.06000,4042.53000,4035.65000,4037.36000,6893.00000
2026-07-15 02:00:00+00:00,4037.06000,4042.11000,4034.17000,4036.75000,6805.00000
2026-07-15 02:15:00+00:00,4036.75000,4036.88000,4029.29000,4033.11000,5241.00000
2026-07-15 02:30:00+00:00,4033.11000,4041.91000,4032.68000,4041.69000,5424.00000
2026-07-15 02:45:00+00:00,4041.73000,4041.94000,4034.53000,4035.34000,5209.00000
2026-07-15 03:00:00+00:00,4035.30000,4040.34000,4032.94000,4034.12000,5077.00000
2026-07-15 03:15:00+00:00,4034.15000,4035.36000,4030.23000,4031.02000,5215.00000
2026-07-15 03:30:00+00:00,4031.04000,4035.73000,4028.06000,4029.31000,4451.00000
2026-07-15 03:45:00+00:00,4029.21000,4033.51000,4029.18000,4031.24000,3131.00000
2026-07-15 04:00:00+00:00,4031.25000,4033.22000,4030.10000,4031.52000,3149.00000
2026-07-15 04:15:00+00:00,4031.51000,4035.09000,4030.88000,4033.63000,3220.00000
2026-07-15 04:30:00+00:00,4033.61000,4035.07000,4028.27000,4030.19000,3421.00000
2026-07-15 04:45:00+00:00,4030.29000,4034.38000,4030.29000,4033.13000,2790.00000
2026-07-15 05:00:00+00:00,4033.42000,4035.99000,4025.23000,4026.13000,5369.00000
2026-07-15 05:15:00+00:00,4026.06000,4028.69000,4024.51000,4025.08000,4419.00000
2026-07-15 05:30:00+00:00,4025.07000,4036.57000,4022.25000,4029.72000,7072.00000
2026-07-15 05:45:00+00:00,4029.80000,4034.89000,4027.44000,4034.89000,5132.00000
2026-07-15 06:00:00+00:00,4034.72000,4035.48000,4027.23000,4027.61000,5482.00000
2026-07-15 06:15:00+00:00,4027.54000,4028.73000,4021.37000,4026.53000,6027.00000
2026-07-15 06:30:00+00:00,4026.52000,4033.02000,4022.58000,4032.54000,5181.00000
2026-07-15 06:45:00+00:00,4032.54000,4033.73000,4029.77000,4032.17000,5659.00000
2026-07-15 07:00:00+00:00,4032.07000,4034.35000,4028.15000,4029.43000,5096.00000
2026-07-15 07:15:00+00:00,4029.51000,4029.93000,4020.14000,4024.08000,5457.00000
2026-07-15 07:30:00+00:00,4023.98000,4026.94000,4019.73000,4022.76000,5591.00000
2026-07-15 07:45:00+00:00,4022.75000,4026.75000,4021.39000,4024.50000,4890.00000
2026-07-15 08:00:00+00:00,4024.58000,4025.95000,4017.46000,4018.01000,5994.00000
2026-07-15 08:15:00+00:00,4018.10000,4026.85000,4018.10000,4026.68000,5856.00000
2026-07-15 08:30:00+00:00,4026.75000,4029.33000,4024.72000,4028.60000,4948.00000
2026-07-15 08:45:00+00:00,4028.56000,4033.23000,4027.72000,4031.26000,4067.00000
2026-07-15 09:00:00+00:00,4031.41000,4034.31000,4029.61000,4030.36000,5112.00000
2026-07-15 09:15:00+00:00,4030.34000,4032.84000,4027.11000,4027.45000,4272.00000
2026-07-15 09:30:00+00:00,4027.51000,4029.65000,4025.56000,4027.35000,4126.00000
2026-07-15 09:45:00+00:00,4027.35000,4030.40000,4026.11000,4030.27000,4075.00000
2026-07-15 10:00:00+00:00,4030.29000,4035.96000,4028.70000,4033.81000,4702.00000
2026-07-15 10:15:00+00:00,4033.78000,4035.51000,4026.55000,4028.88000,5404.00000
2026-07-15 10:30:00+00:00,4028.87000,4034.13000,4028.45000,4031.25000,4551.00000
2026-07-15 10:45:00+00:00,4031.22000,4031.29000,4027.13000,4028.19000,4118.00000
2026-07-15 11:00:00+00:00,4028.13000,4033.01000,4027.89000,4030.35000,4722.00000
2026-07-15 11:15:00+00:00,4030.37000,4031.30000,4027.65000,4030.78000,4643.00000
2026-07-15 11:30:00+00:00,4030.81000,4039.42000,4029.38000,4037.57000,4273.00000
2026-07-15 11:45:00+00:00,4037.58000,4040.14000,4035.61000,4038.40000,5057.00000
2026-07-15 12:00:00+00:00,4038.50000,4042.54000,4035.96000,4037.97000,5534.00000
2026-07-15 12:15:00+00:00,4038.00000,4040.85000,4037.62000,4039.98000,5854.00000
2026-07-15 12:30:00+00:00,4037.63000,4066.14000,4037.29000,4063.19000,9553.00000
2026-07-15 12:45:00+00:00,4063.17000,4071.51000,4061.06000,4067.81000,7086.00000
2026-07-15 13:00:00+00:00,4068.48000,4074.07000,4061.82000,4061.82000,9495.00000
2026-07-15 13:15:00+00:00,4061.72000,4066.52000,4054.19000,4055.99000,6574.00000
2026-07-15 13:30:00+00:00,4055.81000,4063.17000,4055.68000,4061.27000,7746.00000
2026-07-15 13:45:00+00:00,4061.27000,4066.39000,4055.03000,4061.66000,8786.00000
2026-07-15 14:00:00+00:00,4061.69000,4065.78000,4060.12000,4064.36000,8076.00000
2026-07-15 14:15:00+00:00,4064.49000,4066.14000,4055.55000,4058.50000,8774.00000
2026-07-15 14:30:00+00:00,4058.54000,4064.03000,4056.99000,4057.36000,8485.00000
2026-07-15 14:45:00+00:00,4057.34000,4061.02000,4053.34000,4060.46000,8671.00000
2026-07-15 15:00:00+00:00,4060.72000,4061.99000,4043.31000,4044.20000,8548.00000
2026-07-15 15:15:00+00:00,4043.97000,4049.86000,4039.75000,4049.12000,9327.00000
2026-07-15 15:30:00+00:00,4049.13000,4050.59000,4044.95000,4049.70000,7929.00000
2026-07-15 15:45:00+00:00,4049.72000,4050.87000,4046.52000,4046.99000,6569.00000
2026-07-15 16:00:00+00:00,4047.00000,4047.93000,4037.44000,4038.39000,7261.00000
2026-07-15 16:15:00+00:00,4038.31000,4040.81000,4031.15000,4034.86000,8250.00000
2026-07-15 16:30:00+00:00,4034.84000,4037.07000,4026.92000,4028.79000,8096.00000
2026-07-15 16:45:00+00:00,4028.73000,4038.08000,4027.70000,4033.84000,7651.00000
2026-07-15 17:00:00+00:00,4034.00000,4039.21000,4033.11000,4035.96000,6374.00000
2026-07-15 17:15:00+00:00,4035.84000,4048.16000,4033.26000,4047.61000,6013.00000
2026-07-15 17:30:00+00:00,4047.54000,4063.14000,4047.15000,4062.43000,7932.00000
2026-07-15 17:45:00+00:00,4062.40000,4066.07000,4060.36000,4062.35000,6612.00000
2026-07-15 18:00:00+00:00,4062.36000,4070.41000,4061.82000,4067.96000,6261.00000
2026-07-15 18:15:00+00:00,4067.98000,4075.33000,4066.81000,4074.29000,6162.00000
2026-07-15 18:30:00+00:00,4074.50000,4081.14000,4067.76000,4067.77000,6437.00000
2026-07-15 18:45:00+00:00,4067.74000,4068.62000,4058.13000,4059.18000,5721.00000
2026-07-15 19:00:00+00:00,4059.32000,4062.94000,4057.30000,4061.05000,5189.00000
2026-07-15 19:15:00+00:00,4061.04000,4061.46000,4052.95000,4056.03000,4968.00000
2026-07-15 19:30:00+00:00,4056.35000,4057.57000,4047.98000,4051.18000,5901.00000
2026-07-15 19:45:00+00:00,4051.17000,4057.31000,4050.72000,4057.01000,5103.00000
2026-07-15 20:00:00+00:00,4056.99000,4058.36000,4055.19000,4057.52000,2913.00000
2026-07-15 20:15:00+00:00,4057.60000,4062.13000,4057.37000,4061.31000,2276.00000
2026-07-15 20:30:00+00:00,4061.47000,4063.13000,4060.25000,4061.70000,1713.00000
2026-07-15 20:45:00+00:00,4061.33000,4062.92000,4059.89000,4060.42000,1168.00000
2026-07-15 22:00:00+00:00,4061.66000,4067.36000,4060.83000,4063.77000,2791.00000
2026-07-15 22:15:00+00:00,4063.76000,4064.39000,4061.38000,4062.34000,2755.00000
2026-07-15 22:30:00+00:00,4062.35000,4062.52000,4059.25000,4060.17000,2399.00000
2026-07-15 22:45:00+00:00,4060.18000,4061.49000,4058.30000,4059.79000,2506.00000
2026-07-15 23:00:00+00:00,4059.70000,4062.15000,4059.01000,4060.40000,2681.00000
2026-07-15 23:15:00+00:00,4060.41000,4060.49000,4057.10000,4057.82000,2401.00000
2026-07-15 23:30:00+00:00,4057.90000,4059.36000,4055.76000,4057.80000,2429.00000
2026-07-15 23:45:00+00:00,4057.81000,4060.82000,4056.28000,4057.87000,3510.00000
2026-07-16 00:00:00+00:00,4057.95000,4059.47000,4054.83000,4056.39000,5164.00000
2026-07-16 00:15:00+00:00,4056.38000,4060.29000,4055.12000,4058.49000,4533.00000
2026-07-16 00:30:00+00:00,4058.52000,4061.27000,4054.13000,4055.24000,4718.00000
2026-07-16 00:45:00+00:00,4055.14000,4061.03000,4043.83000,4044.72000,6001.00000
2026-07-16 01:00:00+00:00,4044.54000,4050.57000,4041.06000,4045.29000,8273.00000
2026-07-16 01:15:00+00:00,4045.28000,4045.37000,4033.89000,4036.88000,7330.00000
2026-07-16 01:30:00+00:00,4036.83000,4046.02000,4036.65000,4042.21000,6793.00000
2026-07-16 01:45:00+00:00,4042.19000,4043.90000,4037.29000,4039.09000,6050.00000
2026-07-16 02:00:00+00:00,4039.18000,4040.18000,4031.33000,4032.59000,6018.00000
2026-07-16 02:15:00+00:00,4032.55000,4034.90000,4028.93000,4034.59000,4990.00000
2026-07-16 02:30:00+00:00,4034.54000,4035.73000,4023.95000,4027.77000,6558.00000
2026-07-16 02:45:00+00:00,4027.76000,4032.56000,4024.78000,4031.57000,5836.00000
2026-07-16 03:00:00+00:00,4031.46000,4033.16000,4029.28000,4029.83000,5233.00000
2026-07-16 03:15:00+00:00,4029.84000,4034.05000,4027.75000,4033.99000,4991.00000
2026-07-16 03:30:00+00:00,4034.01000,4036.31000,4032.43000,4035.50000,4136.00000
2026-07-16 03:45:00+00:00,4035.49000,4036.90000,4034.19000,4036.35000,3041.00000
2026-07-16 04:00:00+00:00,4036.33000,4037.89000,4031.98000,4036.97000,3216.00000
2026-07-16 04:15:00+00:00,4036.98000,4036.98000,4031.89000,4033.89000,2881.00000
2026-07-16 04:30:00+00:00,4033.90000,4035.36000,4031.97000,4032.63000,3011.00000
2026-07-16 04:45:00+00:00,4032.62000,4035.25000,4032.31000,4033.19000,3003.00000
2026-07-16 05:00:00+00:00,4033.06000,4034.01000,4029.41000,4030.76000,3904.00000
2026-07-16 05:15:00+00:00,4030.86000,4033.04000,4026.71000,4027.69000,4715.00000
2026-07-16 05:30:00+00:00,4027.68000,4033.09000,4025.25000,4032.40000,7711.00000
2026-07-16 05:45:00+00:00,4032.41000,4032.92000,4025.52000,4027.35000,6692.00000
2026-07-16 06:00:00+00:00,4027.35000,4036.45000,4027.11000,4032.25000,7242.00000
2026-07-16 06:15:00+00:00,4032.23000,4032.93000,4027.89000,4030.30000,5692.00000
2026-07-16 06:30:00+00:00,4030.07000,4030.72000,4022.98000,4027.04000,6552.00000
2026-07-16 06:45:00+00:00,4027.05000,4031.46000,4026.43000,4030.64000,5327.00000
2026-07-16 07:00:00+00:00,4030.60000,4030.72000,4025.71000,4026.33000,5314.00000
2026-07-16 07:15:00+00:00,4026.32000,4026.95000,4023.76000,4024.48000,5499.00000
2026-07-16 07:30:00+00:00,4024.47000,4028.35000,4023.02000,4026.18000,5127.00000
2026-07-16 07:45:00+00:00,4026.19000,4031.83000,4026.01000,4030.76000,5513.00000
2026-07-16 08:00:00+00:00,4030.59000,4034.11000,4025.41000,4025.82000,6081.00000
2026-07-16 08:15:00+00:00,4025.81000,4033.73000,4025.29000,4032.38000,5280.00000
2026-07-16 08:30:00+00:00,4032.48000,4035.60000,4032.07000,4033.65000,4888.00000
2026-07-16 08:45:00+00:00,4033.64000,4036.64000,4033.20000,4035.36000,4247.00000
2026-07-16 09:00:00+00:00,4035.37000,4037.44000,4035.34000,4036.91000,3800.00000
2026-07-16 09:15:00+00:00,4036.98000,4037.73000,4030.95000,4033.16000,4248.00000
2026-07-16 09:30:00+00:00,4033.12000,4035.06000,4030.50000,4034.37000,4259.00000
2026-07-16 09:45:00+00:00,4034.37000,4036.40000,4031.71000,4031.85000,3808.00000
2026-07-16 10:00:00+00:00,4031.81000,4032.76000,4029.74000,4031.77000,3944.00000
2026-07-16 10:15:00+00:00,4031.80000,4034.75000,4031.70000,4033.42000,3483.00000
2026-07-16 10:30:00+00:00,4033.25000,4034.67000,4031.69000,4033.13000,3740.00000
2026-07-16 10:45:00+00:00,4033.10000,4033.27000,4028.73000,4029.61000,3911.00000
2026-07-16 11:00:00+00:00,4029.57000,4030.25000,4026.41000,4028.08000,4537.00000
2026-07-16 11:15:00+00:00,4027.93000,4027.93000,4021.14000,4024.42000,4733.00000
2026-07-16 11:30:00+00:00,4024.36000,4036.04000,4023.60000,4035.03000,5288.00000
2026-07-16 11:45:00+00:00,4034.96000,4042.37000,4027.85000,4038.54000,7518.00000
2026-07-16 12:00:00+00:00,4038.66000,4043.40000,4027.60000,4031.86000,7200.00000
2026-07-16 12:15:00+00:00,4031.86000,4032.32000,4012.77000,4024.98000,8329.00000
2026-07-16 12:30:00+00:00,4024.97000,4029.60000,4000.72000,4002.77000,9004.00000
2026-07-16 12:45:00+00:00,4002.78000,4008.89000,3990.44000,3992.39000,9657.00000
2026-07-16 13:00:00+00:00,3992.45000,3996.95000,3973.95000,3992.25000,11090.00000
2026-07-16 13:15:00+00:00,3992.43000,4006.16000,3991.33000,4005.60000,8502.00000
2026-07-16 13:30:00+00:00,4005.74000,4008.37000,3981.68000,3986.40000,11395.00000
2026-07-16 13:45:00+00:00,3986.31000,3997.06000,3986.30000,3990.21000,9974.00000
2026-07-16 14:00:00+00:00,3989.85000,3997.28000,3987.17000,3989.04000,9936.00000
2026-07-16 14:15:00+00:00,3989.09000,4000.60000,3987.69000,3999.32000,9566.00000
2026-07-16 14:30:00+00:00,3999.29000,4004.81000,3995.31000,4004.81000,8761.00000
2026-07-16 14:45:00+00:00,4004.88000,4006.64000,3992.52000,3997.90000,8651.00000
2026-07-16 15:00:00+00:00,3998.02000,3998.68000,3989.42000,3992.85000,8024.00000
2026-07-16 15:15:00+00:00,3992.77000,4016.74000,3992.69000,4011.48000,8929.00000
2026-07-16 15:30:00+00:00,4011.39000,4016.32000,4007.70000,4010.43000,8192.00000
2026-07-16 15:45:00+00:00,4010.44000,4013.16000,4005.51000,4007.05000,6934.00000
2026-07-16 16:00:00+00:00,4007.03000,4007.61000,3989.85000,3989.85000,7745.00000
2026-07-16 16:15:00+00:00,3989.71000,3991.66000,3982.42000,3987.56000,8735.00000
2026-07-16 16:30:00+00:00,3987.38000,3992.55000,3986.98000,3992.06000,6757.00000
2026-07-16 16:45:00+00:00,3992.00000,3996.94000,3989.41000,3992.13000,6517.00000
2026-07-16 17:00:00+00:00,3992.20000,3992.95000,3984.61000,3985.78000,6313.00000
2026-07-16 17:15:00+00:00,3986.03000,3988.80000,3982.91000,3987.77000,6678.00000
2026-07-16 17:30:00+00:00,3987.56000,3988.70000,3980.14000,3981.63000,6925.00000
2026-07-16 17:45:00+00:00,3981.83000,3987.63000,3981.15000,3984.76000,5744.00000
2026-07-16 18:00:00+00:00,3984.83000,3989.40000,3983.69000,3985.33000,6257.00000
2026-07-16 18:15:00+00:00,3985.30000,3990.46000,3984.48000,3986.55000,6029.00000
2026-07-16 18:30:00+00:00,3986.38000,3986.41000,3976.65000,3983.18000,6979.00000
2026-07-16 18:45:00+00:00,3983.14000,3984.93000,3979.61000,3980.38000,4804.00000
2026-07-16 19:00:00+00:00,3980.47000,3986.17000,3979.07000,3980.55000,5645.00000
2026-07-16 19:15:00+00:00,3980.54000,3984.12000,3978.70000,3979.06000,4690.00000
2026-07-16 19:30:00+00:00,3979.27000,3979.64000,3969.35000,3975.83000,6757.00000
2026-07-16 19:45:00+00:00,3975.77000,3982.47000,3973.09000,3979.97000,7169.00000
2026-07-16 20:00:00+00:00,3980.01000,3980.12000,3974.61000,3975.01000,3260.00000
2026-07-16 20:15:00+00:00,3974.94000,3975.30000,3971.99000,3974.87000,2258.00000
2026-07-16 20:30:00+00:00,3975.02000,3976.35000,3973.52000,3974.55000,2288.00000
2026-07-16 20:45:00+00:00,3974.29000,3976.81000,3974.18000,3976.49000,2091.00000
2026-07-16 22:00:00+00:00,3975.54000,3980.59000,3973.79000,3976.27000,2679.00000
2026-07-16 22:15:00+00:00,3976.30000,3977.59000,3974.86000,3976.42000,2367.00000
2026-07-16 22:30:00+00:00,3976.43000,3976.98000,3973.55000,3973.61000,2300.00000
2026-07-16 22:45:00+00:00,3973.63000,3978.41000,3973.32000,3978.32000,2034.00000
2026-07-16 23:00:00+00:00,3978.29000,3980.34000,3975.12000,3980.16000,2988.00000
2026-07-16 23:15:00+00:00,3980.12000,3980.63000,3977.74000,3978.62000,2417.00000
2026-07-16 23:30:00+00:00,3978.24000,3981.90000,3975.73000,3981.53000,2692.00000
2026-07-16 23:45:00+00:00,3981.54000,3986.43000,3976.70000,3985.96000,4407.00000
2026-07-17 00:00:00+00:00,3986.18000,3987.36000,3983.24000,3983.81000,6522.00000
2026-07-17 00:15:00+00:00,3983.90000,3990.99000,3983.85000,3984.90000,6061.00000
2026-07-17 00:30:00+00:00,3984.87000,3985.08000,3980.68000,3982.00000,5029.00000
2026-07-17 00:45:00+00:00,3982.01000,3992.05000,3981.64000,3992.00000,5696.00000
2026-07-17 01:00:00+00:00,3992.03000,3994.93000,3987.41000,3992.19000,8791.00000
2026-07-17 01:15:00+00:00,3992.20000,3996.19000,3988.02000,3991.07000,7304.00000
2026-07-17 01:30:00+00:00,3991.04000,3995.38000,3988.89000,3991.44000,7121.00000
2026-07-17 01:45:00+00:00,3991.33000,3992.65000,3979.25000,3983.20000,7904.00000
2026-07-17 02:00:00+00:00,3983.21000,3987.31000,3979.85000,3980.96000,6655.00000
2026-07-17 02:15:00+00:00,3980.95000,3984.44000,3980.43000,3983.13000,4705.00000
2026-07-17 02:30:00+00:00,3982.76000,3984.22000,3970.80000,3974.97000,7604.00000
2026-07-17 02:45:00+00:00,3974.97000,3980.17000,3974.40000,3979.26000,6600.00000
2026-07-17 03:00:00+00:00,3979.02000,3992.71000,3978.86000,3988.81000,7046.00000
2026-07-17 03:15:00+00:00,3988.82000,4008.71000,3988.69000,4001.19000,7375.00000
2026-07-17 03:30:00+00:00,4000.95000,4001.61000,3995.96000,3997.52000,4214.00000
2026-07-17 03:45:00+00:00,3997.55000,3998.43000,3990.67000,3991.44000,3725.00000
2026-07-17 04:00:00+00:00,3991.17000,3991.71000,3987.40000,3988.81000,4412.00000
2026-07-17 04:15:00+00:00,3988.84000,3990.20000,3985.18000,3986.31000,4490.00000
2026-07-17 04:30:00+00:00,3986.31000,3988.14000,3980.21000,3982.01000,4849.00000
2026-07-17 04:45:00+00:00,3982.02000,3984.62000,3980.30000,3981.80000,3802.00000
2026-07-17 05:00:00+00:00,3981.66000,3982.81000,3977.20000,3979.72000,4985.00000
2026-07-17 05:15:00+00:00,3979.51000,3981.72000,3975.43000,3979.88000,5533.00000
2026-07-17 05:30:00+00:00,3979.84000,3990.48000,3978.48000,3986.80000,8409.00000
2026-07-17 05:45:00+00:00,3986.78000,3991.45000,3981.95000,3985.04000,7018.00000
2026-07-17 06:00:00+00:00,3985.14000,4000.88000,3985.14000,3999.71000,7942.00000
2026-07-17 06:15:00+00:00,3999.74000,4006.04000,3997.88000,4003.85000,7122.00000
2026-07-17 06:30:00+00:00,4003.86000,4007.20000,3995.80000,3996.30000,6487.00000
2026-07-17 06:45:00+00:00,3996.32000,4001.57000,3996.06000,3999.47000,5756.00000
2026-07-17 07:00:00+00:00,3999.24000,4002.59000,3993.31000,3996.55000,6519.00000
2026-07-17 07:15:00+00:00,3996.49000,3999.37000,3994.16000,3996.36000,5322.00000
2026-07-17 07:30:00+00:00,3996.37000,3998.73000,3994.12000,3998.73000,4789.00000
2026-07-17 07:45:00+00:00,3998.53000,3998.77000,3992.80000,3992.80000,4441.00000
2026-07-17 08:00:00+00:00,3992.70000,3999.85000,3991.45000,3993.23000,6278.00000
2026-07-17 08:15:00+00:00,3993.24000,3995.11000,3988.28000,3992.44000,7185.00000
2026-07-17 08:30:00+00:00,3992.45000,3993.49000,3987.96000,3993.39000,5628.00000
2026-07-17 08:45:00+00:00,3993.43000,3999.50000,3991.65000,3994.28000,5322.00000
2026-07-17 09:00:00+00:00,3994.11000,3998.53000,3992.67000,3997.95000,5866.00000
2026-07-17 09:15:00+00:00,3998.01000,4002.47000,3995.71000,3999.10000,5184.00000
2026-07-17 09:30:00+00:00,3999.15000,3999.80000,3995.31000,3995.80000,4792.00000
2026-07-17 09:45:00+00:00,3995.91000,3998.65000,3994.68000,3998.10000,4239.00000
2026-07-17 10:00:00+00:00,3998.12000,3998.74000,3994.94000,3997.31000,4860.00000
2026-07-17 10:15:00+00:00,3997.33000,3999.10000,3994.37000,3996.21000,4210.00000
2026-07-17 10:30:00+00:00,3996.12000,3997.56000,3994.02000,3996.45000,3608.00000
2026-07-17 10:45:00+00:00,3996.44000,3997.32000,3990.60000,3990.83000,4170.00000
2026-07-17 11:00:00+00:00,3990.85000,3994.28000,3990.31000,3991.77000,4857.00000
2026-07-17 11:15:00+00:00,3991.78000,3996.00000,3990.06000,3995.69000,4861.00000
2026-07-17 11:30:00+00:00,3995.74000,3996.54000,3991.53000,3992.13000,4188.00000
2026-07-17 11:45:00+00:00,3992.16000,3998.73000,3991.57000,3994.16000,4482.00000
2026-07-17 12:00:00+00:00,3994.13000,3995.54000,3988.34000,3989.96000,5477.00000
2026-07-17 12:15:00+00:00,3989.94000,3992.33000,3984.38000,3987.29000,5705.00000
2026-07-17 12:30:00+00:00,3987.28000,3988.29000,3965.48000,3969.61000,6814.00000
2026-07-17 12:45:00+00:00,3969.57000,3973.18000,3964.16000,3966.15000,7152.00000
2026-07-17 13:00:00+00:00,3966.32000,3975.89000,3959.56000,3970.17000,9282.00000
2026-07-17 13:15:00+00:00,3969.58000,3975.05000,3966.71000,3968.10000,8510.00000
2026-07-17 13:30:00+00:00,3968.11000,4003.47000,3963.79000,3985.04000,11452.00000
2026-07-17 13:45:00+00:00,3985.05000,3997.62000,3981.27000,3997.41000,9911.00000
2026-07-17 14:00:00+00:00,3997.14000,4000.67000,3990.25000,3994.72000,10124.00000
2026-07-17 14:15:00+00:00,3995.24000,4004.53000,3993.86000,3998.61000,9850.00000
2026-07-17 14:30:00+00:00,3998.70000,3999.67000,3992.20000,3997.82000,8489.00000
2026-07-17 14:45:00+00:00,3997.79000,4001.40000,3992.96000,4001.25000,8157.00000
2026-07-17 15:00:00+00:00,4001.14000,4014.08000,3997.86000,4006.05000,9359.00000
2026-07-17 15:15:00+00:00,4005.91000,4013.38000,4004.71000,4013.38000,8408.00000
2026-07-17 15:30:00+00:00,4013.43000,4016.17000,4009.33000,4015.42000,8439.00000
2026-07-17 15:45:00+00:00,4015.40000,4021.20000,4013.87000,4019.17000,7399.00000
2026-07-17 16:00:00+00:00,4019.32000,4020.44000,4011.01000,4018.01000,8940.00000
2026-07-17 16:15:00+00:00,4018.13000,4023.86000,4016.91000,4018.79000,7615.00000
2026-07-17 16:30:00+00:00,4018.91000,4019.39000,4012.94000,4017.52000,6538.00000
2026-07-17 16:45:00+00:00,4017.53000,4020.67000,4014.77000,4015.05000,6203.00000
2026-07-17 17:00:00+00:00,4015.14000,4019.30000,4013.38000,4013.44000,5724.00000
2026-07-17 17:15:00+00:00,4013.41000,4016.00000,4012.59000,4013.97000,6083.00000
2026-07-17 17:30:00+00:00,4013.84000,4014.57000,4009.75000,4011.00000,5024.00000
2026-07-17 17:45:00+00:00,4010.81000,4013.33000,4008.43000,4010.10000,5181.00000
2026-07-17 18:00:00+00:00,4010.31000,4012.98000,4007.84000,4010.48000,5263.00000
2026-07-17 18:15:00+00:00,4010.47000,4016.19000,4009.13000,4015.52000,5897.00000
2026-07-17 18:30:00+00:00,4015.37000,4016.22000,4007.35000,4008.27000,5164.00000
2026-07-17 18:45:00+00:00,4008.23000,4012.32000,4006.66000,4011.32000,4689.00000
2026-07-17 19:00:00+00:00,4011.40000,4011.50000,4004.48000,4005.91000,4564.00000
2026-07-17 19:15:00+00:00,4005.88000,4006.76000,4002.28000,4005.42000,4787.00000
2026-07-17 19:30:00+00:00,4005.58000,4010.14000,4005.02000,4009.97000,4804.00000
2026-07-17 19:45:00+00:00,4010.02000,4016.63000,4009.42000,4015.47000,6305.00000
2026-07-17 20:00:00+00:00,4015.54000,4015.90000,4012.19000,4012.25000,3273.00000
2026-07-17 20:15:00+00:00,4012.24000,4012.62000,4009.02000,4010.89000,2150.00000
2026-07-17 20:30:00+00:00,4010.95000,4013.50000,4008.71000,4013.43000,2053.00000
2026-07-17 20:45:00+00:00,4013.29000,4018.40000,4013.23000,4016.81000,1895.00000
2026-07-19 22:00:00+00:00,4001.88000,4004.16000,3994.86000,3996.66000,5024.00000
2026-07-19 22:15:00+00:00,3996.23000,4000.33000,3994.97000,3995.03000,3966.00000
2026-07-19 22:30:00+00:00,3994.97000,3999.44000,3993.48000,3996.89000,3559.00000
2026-07-19 22:45:00+00:00,3996.88000,3998.46000,3994.79000,3994.86000,2675.00000
2026-07-19 23:00:00+00:00,3994.94000,3995.58000,3990.59000,3991.22000,3805.00000
2026-07-19 23:15:00+00:00,3991.22000,3993.97000,3990.62000,3993.12000,2892.00000
2026-07-19 23:30:00+00:00,3993.13000,3994.48000,3990.06000,3992.52000,3496.00000
2026-07-19 23:45:00+00:00,3992.52000,3996.05000,3989.61000,3995.44000,5172.00000
2026-07-20 00:00:00+00:00,3995.41000,3998.81000,3982.81000,3996.12000,7433.00000
2026-07-20 00:15:00+00:00,3996.17000,4005.50000,3993.90000,4003.85000,6830.00000
2026-07-20 00:30:00+00:00,4003.83000,4007.29000,3998.50000,3998.77000,6553.00000
2026-07-20 00:45:00+00:00,3998.77000,4010.02000,3998.60000,4008.61000,5704.00000
2026-07-20 01:00:00+00:00,4008.84000,4020.77000,4005.95000,4010.21000,9877.00000
2026-07-20 01:15:00+00:00,4010.16000,4010.32000,3999.89000,4003.15000,7859.00000
2026-07-20 01:30:00+00:00,4003.16000,4005.70000,3995.80000,3997.13000,7813.00000
2026-07-20 01:45:00+00:00,3997.24000,4004.38000,3997.05000,4002.31000,7119.00000
2026-07-20 02:00:00+00:00,4002.35000,4009.97000,4001.43000,4006.29000,7191.00000
2026-07-20 02:15:00+00:00,4006.30000,4008.81000,4004.16000,4006.93000,5014.00000
2026-07-20 02:30:00+00:00,4006.94000,4016.22000,4006.07000,4014.87000,7067.00000
2026-07-20 02:45:00+00:00,4014.93000,4028.71000,4014.01000,4021.97000,7232.00000
2026-07-20 03:00:00+00:00,4021.96000,4024.49000,4018.66000,4024.27000,6980.00000
2026-07-20 03:15:00+00:00,4024.28000,4026.77000,4021.70000,4022.24000,6498.00000
2026-07-20 03:30:00+00:00,4022.36000,4027.93000,4018.83000,4027.23000,4879.00000
2026-07-20 03:45:00+00:00,4027.24000,4027.85000,4022.89000,4024.14000,4270.00000
2026-07-20 04:00:00+00:00,4024.10000,4026.73000,4021.51000,4021.54000,3888.00000
2026-07-20 04:15:00+00:00,4021.54000,4025.56000,4021.50000,4025.33000,3330.00000
2026-07-20 04:30:00+00:00,4025.33000,4025.48000,4022.32000,4023.11000,3686.00000
2026-07-20 04:45:00+00:00,4023.10000,4023.10000,4018.58000,4018.88000,3521.00000
2026-07-20 05:00:00+00:00,4018.97000,4021.12000,4011.83000,4014.12000,4333.00000
2026-07-20 05:15:00+00:00,4013.91000,4014.79000,4009.96000,4010.89000,4111.00000
2026-07-20 05:30:00+00:00,4010.92000,4014.47000,4007.96000,4009.98000,7196.00000
2026-07-20 05:45:00+00:00,4009.97000,4010.80000,4005.45000,4008.71000,6240.00000
2026-07-20 06:00:00+00:00,4008.68000,4011.76000,4006.87000,4007.53000,6182.00000
2026-07-20 06:15:00+00:00,4007.52000,4009.56000,4004.11000,4004.91000,5911.00000
2026-07-20 06:30:00+00:00,4004.93000,4006.60000,4003.07000,4004.83000,5642.00000
2026-07-20 06:45:00+00:00,4004.85000,4007.56000,4003.30000,4003.85000,4964.00000
2026-07-20 07:00:00+00:00,4003.95000,4006.83000,4002.06000,4004.31000,5124.00000
2026-07-20 07:15:00+00:00,4004.30000,4008.69000,4002.28000,4006.84000,5322.00000
2026-07-20 07:30:00+00:00,4006.76000,4021.11000,4006.68000,4021.11000,6994.00000
2026-07-20 07:45:00+00:00,4021.23000,4021.88000,4015.86000,4017.36000,5465.00000
2026-07-20 08:00:00+00:00,4017.51000,4025.57000,4017.44000,4024.18000,5914.00000
2026-07-20 08:15:00+00:00,4024.19000,4030.29000,4021.99000,4022.12000,5598.00000
2026-07-20 08:30:00+00:00,4022.05000,4024.91000,4019.00000,4021.85000,4623.00000
2026-07-20 08:45:00+00:00,4022.01000,4022.86000,4017.54000,4019.00000,4492.00000
2026-07-20 09:00:00+00:00,4018.95000,4021.07000,4015.30000,4019.44000,4589.00000
2026-07-20 09:15:00+00:00,4019.43000,4022.11000,4015.56000,4016.47000,4000.00000
2026-07-20 09:30:00+00:00,4016.35000,4021.02000,4015.00000,4019.22000,4538.00000
2026-07-20 09:45:00+00:00,4019.10000,4023.29000,4017.65000,4021.20000,4245.00000
2026-07-20 10:00:00+00:00,4021.22000,4021.80000,4018.27000,4020.85000,3917.00000
2026-07-20 10:15:00+00:00,4020.85000,4023.29000,4018.82000,4021.89000,3797.00000
2026-07-20 10:30:00+00:00,4021.83000,4024.30000,4021.26000,4022.29000,3663.00000
2026-07-20 10:45:00+00:00,4022.29000,4025.65000,4020.99000,4024.20000,3714.00000
2026-07-20 11:00:00+00:00,4024.00000,4027.32000,4019.68000,4022.15000,4982.00000
2026-07-20 11:15:00+00:00,4022.20000,4023.85000,4020.02000,4022.25000,3516.00000
2026-07-20 11:30:00+00:00,4022.24000,4040.80000,4021.53000,4032.59000,9754.00000
2026-07-20 11:45:00+00:00,4032.17000,4032.41000,4025.10000,4025.39000,6141.00000
2026-07-20 12:00:00+00:00,4025.27000,4025.30000,4011.57000,4012.81000,8296.00000
2026-07-20 12:15:00+00:00,4012.80000,4014.91000,4006.89000,4013.01000,6633.00000
2026-07-20 12:30:00+00:00,4013.00000,4014.83000,4006.62000,4010.01000,6293.00000
2026-07-20 12:45:00+00:00,4009.98000,4015.71000,4008.10000,4008.28000,6169.00000
2026-07-20 13:00:00+00:00,4008.27000,4013.91000,4007.94000,4008.79000,7359.00000
2026-07-20 13:15:00+00:00,4008.78000,4012.71000,4007.08000,4008.64000,6250.00000
2026-07-20 13:30:00+00:00,4009.06000,4017.38000,4008.27000,4013.06000,8497.00000
2026-07-20 13:45:00+00:00,4013.09000,4013.36000,4005.44000,4005.82000,7919.00000
2026-07-20 14:00:00+00:00,4005.72000,4007.88000,3998.36000,3998.83000,9049.00000
2026-07-20 14:15:00+00:00,3998.94000,4006.80000,3998.32000,4006.69000,8203.00000
2026-07-20 14:30:00+00:00,4006.75000,4010.94000,4006.12000,4007.44000,7195.00000
2026-07-20 14:45:00+00:00,4007.36000,4013.46000,4005.13000,4006.22000,7513.00000
2026-07-20 15:00:00+00:00,4006.41000,4019.39000,4004.41000,4014.33000,8181.00000
2026-07-20 15:15:00+00:00,4014.32000,4016.69000,4011.14000,4016.52000,6205.00000
2026-07-20 15:30:00+00:00,4016.51000,4016.89000,4010.33000,4012.94000,6215.00000
2026-07-20 15:45:00+00:00,4012.95000,4016.45000,4011.82000,4011.88000,5372.00000
2026-07-20 16:00:00+00:00,4011.89000,4018.42000,4011.33000,4013.82000,5154.00000
2026-07-20 16:15:00+00:00,4013.85000,4014.45000,4010.82000,4012.60000,4265.00000
2026-07-20 16:30:00+00:00,4012.62000,4012.74000,4001.43000,4009.65000,5802.00000
2026-07-20 16:45:00+00:00,4009.64000,4010.58000,4007.18000,4009.87000,4869.00000
2026-07-20 17:00:00+00:00,4009.85000,4012.39000,4009.58000,4010.18000,4311.00000
2026-07-20 17:15:00+00:00,4010.16000,4013.01000,4008.96000,4012.14000,4666.00000
2026-07-20 17:30:00+00:00,4012.25000,4013.05000,4007.83000,4008.07000,4239.00000
2026-07-20 17:45:00+00:00,4008.07000,4008.07000,4003.81000,4005.31000,4610.00000
2026-07-20 18:00:00+00:00,4005.33000,4010.91000,4005.31000,4008.82000,4047.00000
2026-07-20 18:15:00+00:00,4008.83000,4011.80000,4003.39000,4006.72000,5154.00000
2026-07-20 18:30:00+00:00,4006.83000,4007.50000,4004.42000,4006.52000,4637.00000
2026-07-20 18:45:00+00:00,4006.46000,4008.83000,4005.38000,4007.39000,4256.00000
2026-07-20 19:00:00+00:00,4007.23000,4008.14000,4004.45000,4004.69000,4298.00000
2026-07-20 19:15:00+00:00,4004.67000,4012.89000,4004.34000,4012.82000,4310.00000
2026-07-20 19:30:00+00:00,4012.52000,4017.94000,4005.35000,4005.90000,5631.00000
2026-07-20 19:45:00+00:00,4005.88000,4010.01000,4005.68000,4007.02000,5003.00000
2026-07-20 20:00:00+00:00,4007.20000,4009.32000,4005.78000,4007.72000,3322.00000
2026-07-20 20:15:00+00:00,4007.76000,4009.17000,4007.20000,4008.25000,1951.00000
2026-07-20 20:30:00+00:00,4008.34000,4009.42000,4007.40000,4008.81000,1500.00000
2026-07-20 20:45:00+00:00,4008.66000,4008.82000,4007.12000,4007.56000,1425.00000
2026-07-20 22:00:00+00:00,4010.07000,4010.59000,4006.00000,4007.07000,2299.00000
2026-07-20 22:15:00+00:00,4007.08000,4010.70000,4005.10000,4009.84000,3101.00000
2026-07-20 22:30:00+00:00,4009.84000,4009.84000,4003.03000,4004.26000,3563.00000
2026-07-20 22:45:00+00:00,4004.25000,4008.22000,3999.76000,4000.45000,3982.00000
2026-07-20 23:00:00+00:00,4000.65000,4009.81000,4000.20000,4003.21000,4546.00000
2026-07-20 23:15:00+00:00,4003.24000,4007.35000,4003.20000,4003.76000,2947.00000
2026-07-20 23:30:00+00:00,4003.62000,4008.56000,4003.54000,4007.64000,2682.00000
2026-07-20 23:45:00+00:00,4007.62000,4010.44000,4004.29000,4009.97000,3808.00000
2026-07-21 00:00:00+00:00,4009.93000,4012.55000,4003.88000,4010.68000,7829.00000
2026-07-21 00:15:00+00:00,4010.72000,4018.60000,4007.95000,4015.11000,6531.00000
2026-07-21 00:30:00+00:00,4015.12000,4023.84000,4014.36000,4022.48000,5345.00000
2026-07-21 00:45:00+00:00,4022.48000,4027.19000,4022.10000,4024.90000,5689.00000
2026-07-21 01:00:00+00:00,4024.99000,4029.96000,4018.52000,4029.02000,8192.00000
2026-07-21 01:15:00+00:00,4029.05000,4035.84000,4026.34000,4028.20000,7379.00000
2026-07-21 01:30:00+00:00,4028.33000,4030.88000,4023.14000,4024.49000,6865.00000
2026-07-21 01:45:00+00:00,4024.46000,4028.28000,4021.51000,4023.29000,6097.00000
2026-07-21 02:00:00+00:00,4023.32000,4026.70000,4022.14000,4024.46000,5230.00000
2026-07-21 02:15:00+00:00,4024.47000,4030.03000,4022.10000,4028.87000,4696.00000
2026-07-21 02:30:00+00:00,4029.00000,4044.10000,4028.09000,4035.69000,7994.00000
2026-07-21 02:45:00+00:00,4035.76000,4038.33000,4031.07000,4038.11000,5717.00000
2026-07-21 03:00:00+00:00,4037.88000,4042.29000,4037.85000,4038.19000,5993.00000
2026-07-21 03:15:00+00:00,4038.20000,4051.15000,4036.97000,4047.53000,6300.00000
2026-07-21 03:30:00+00:00,4047.52000,4049.58000,4041.88000,4042.01000,4127.00000
2026-07-21 03:45:00+00:00,4041.99000,4047.53000,4041.97000,4046.97000,3902.00000
2026-07-21 04:00:00+00:00,4047.03000,4051.67000,4045.83000,4046.13000,4358.00000
2026-07-21 04:15:00+00:00,4046.14000,4046.83000,4043.77000,4044.82000,3154.00000
2026-07-21 04:30:00+00:00,4044.78000,4047.60000,4044.43000,4047.02000,2967.00000
2026-07-21 04:45:00+00:00,4047.21000,4049.80000,4045.57000,4049.68000,2924.00000
2026-07-21 05:00:00+00:00,4049.69000,4051.84000,4046.48000,4051.61000,3944.00000
2026-07-21 05:15:00+00:00,4051.55000,4056.49000,4048.15000,4054.45000,4294.00000
2026-07-21 05:30:00+00:00,4054.45000,4066.62000,4054.45000,4066.03000,7016.00000
2026-07-21 05:45:00+00:00,4066.25000,4068.02000,4061.37000,4061.64000,6305.00000
2026-07-21 06:00:00+00:00,4061.57000,4072.49000,4061.57000,4071.48000,6703.00000
2026-07-21 06:15:00+00:00,4071.50000,4074.41000,4068.50000,4072.44000,6022.00000
2026-07-21 06:30:00+00:00,4072.60000,4080.68000,4072.02000,4077.25000,6148.00000
2026-07-21 06:45:00+00:00,4077.28000,4084.09000,4077.28000,4078.48000,5538.00000
2026-07-21 07:00:00+00:00,4078.62000,4080.24000,4071.91000,4072.22000,5499.00000
2026-07-21 07:15:00+00:00,4072.22000,4073.51000,4068.41000,4069.67000,4227.00000
2026-07-21 07:30:00+00:00,4069.68000,4075.38000,4067.84000,4071.51000,4665.00000
2026-07-21 07:45:00+00:00,4071.55000,4072.60000,4069.89000,4071.41000,4196.00000
2026-07-21 08:00:00+00:00,4071.23000,4072.54000,4065.74000,4068.12000,5433.00000
2026-07-21 08:15:00+00:00,4068.15000,4068.71000,4063.16000,4063.60000,4908.00000
2026-07-21 08:30:00+00:00,4063.67000,4065.22000,4061.08000,4062.29000,4376.00000
2026-07-21 08:45:00+00:00,4062.41000,4063.69000,4059.24000,4062.95000,4213.00000
2026-07-21 09:00:00+00:00,4062.99000,4066.80000,4062.99000,4065.26000,3736.00000
2026-07-21 09:15:00+00:00,4065.29000,4068.45000,4062.70000,4062.87000,4407.00000
2026-07-21 09:30:00+00:00,4062.88000,4065.57000,4061.17000,4062.52000,3955.00000
2026-07-21 09:45:00+00:00,4062.53000,4069.74000,4062.21000,4066.06000,4268.00000
2026-07-21 10:00:00+00:00,4066.07000,4068.52000,4060.99000,4066.40000,5289.00000
2026-07-21 10:15:00+00:00,4066.28000,4069.34000,4065.08000,4066.88000,4749.00000
2026-07-21 10:30:00+00:00,4066.89000,4070.24000,4066.63000,4067.18000,3742.00000
2026-07-21 10:45:00+00:00,4067.20000,4068.60000,4062.66000,4063.01000,4328.00000
2026-07-21 11:00:00+00:00,4063.00000,4063.74000,4055.62000,4058.62000,5109.00000
2026-07-21 11:15:00+00:00,4058.54000,4059.84000,4056.31000,4058.11000,3823.00000
2026-07-21 11:30:00+00:00,4058.12000,4061.24000,4055.66000,4056.16000,4108.00000
2026-07-21 11:45:00+00:00,4055.98000,4058.60000,4054.52000,4056.06000,3549.00000
2026-07-21 12:00:00+00:00,4056.06000,4060.98000,4055.80000,4059.51000,4698.00000
2026-07-21 12:15:00+00:00,4059.52000,4065.64000,4055.90000,4061.62000,5945.00000
2026-07-21 12:30:00+00:00,4061.81000,4063.77000,4051.15000,4053.96000,6275.00000
2026-07-21 12:45:00+00:00,4053.99000,4062.24000,4052.99000,4053.99000,5889.00000
2026-07-21 13:00:00+00:00,4054.19000,4060.51000,4054.10000,4059.82000,6836.00000
2026-07-21 13:15:00+00:00,4059.80000,4061.70000,4050.32000,4051.05000,6714.00000
2026-07-21 13:30:00+00:00,4051.04000,4057.50000,4044.79000,4046.54000,9513.00000
2026-07-21 13:45:00+00:00,4046.52000,4053.70000,4044.58000,4053.25000,8234.00000
2026-07-21 14:00:00+00:00,4053.33000,4066.03000,4051.85000,4065.98000,8490.00000
2026-07-21 14:15:00+00:00,4065.84000,4069.47000,4061.17000,4069.47000,8171.00000
2026-07-21 14:30:00+00:00,4069.48000,4073.76000,4062.35000,4067.57000,7746.00000
2026-07-21 14:45:00+00:00,4067.62000,4070.77000,4066.37000,4068.45000,7432.00000
2026-07-21 15:00:00+00:00,4068.38000,4073.82000,4065.68000,4073.39000,6974.00000
2026-07-21 15:15:00+00:00,4073.43000,4079.14000,4073.36000,4076.88000,6743.00000
2026-07-21 15:30:00+00:00,4076.74000,4083.35000,4075.52000,4076.01000,6603.00000
2026-07-21 15:45:00+00:00,4076.03000,4078.24000,4072.28000,4074.26000,4933.00000
2026-07-21 16:00:00+00:00,4074.24000,4079.17000,4073.68000,4078.45000,4653.00000
2026-07-21 16:15:00+00:00,4078.46000,4078.57000,4074.14000,4075.74000,3857.00000
2026-07-21 16:30:00+00:00,4075.75000,4076.45000,4071.19000,4072.08000,4152.00000
2026-07-21 16:45:00+00:00,4072.03000,4073.36000,4069.97000,4071.65000,3766.00000
2026-07-21 17:00:00+00:00,4071.66000,4072.61000,4069.44000,4070.60000,4387.00000
2026-07-21 17:15:00+00:00,4070.59000,4072.85000,4069.06000,4072.28000,3913.00000
2026-07-21 17:30:00+00:00,4072.19000,4072.35000,4066.88000,4068.19000,3284.00000
2026-07-21 17:45:00+00:00,4068.19000,4068.68000,4066.88000,4068.68000,2750.00000
2026-07-21 18:00:00+00:00,4068.69000,4072.36000,4067.74000,4071.53000,3405.00000
2026-07-21 18:15:00+00:00,4071.52000,4086.64000,4071.23000,4083.90000,5285.00000
2026-07-21 18:30:00+00:00,4083.91000,4085.70000,4081.41000,4082.47000,4120.00000
2026-07-21 18:45:00+00:00,4082.49000,4083.40000,4079.37000,4082.33000,2965.00000
2026-07-21 19:00:00+00:00,4082.34000,4085.60000,4080.19000,4080.91000,3641.00000
2026-07-21 19:15:00+00:00,4080.87000,4085.35000,4080.87000,4084.17000,3467.00000
2026-07-21 19:30:00+00:00,4084.53000,4085.13000,4081.94000,4083.33000,3260.00000
2026-07-21 19:45:00+00:00,4083.43000,4085.46000,4082.97000,4084.61000,4054.00000
2026-07-21 20:00:00+00:00,4084.54000,4086.34000,4083.30000,4084.45000,2371.00000
2026-07-21 20:15:00+00:00,4084.44000,4084.56000,4081.61000,4082.78000,1193.00000
2026-07-21 20:30:00+00:00,4083.12000,4085.40000,4080.45000,4081.01000,1861.00000
2026-07-21 20:45:00+00:00,4080.95000,4080.95000,4076.69000,4077.70000,1569.00000
2026-07-21 22:00:00+00:00,4082.43000,4082.43000,4077.20000,4079.07000,2668.00000
2026-07-21 22:15:00+00:00,4079.08000,4083.19000,4078.24000,4082.73000,2369.00000
2026-07-21 22:30:00+00:00,4082.74000,4085.02000,4082.67000,4084.03000,2633.00000
2026-07-21 22:45:00+00:00,4084.03000,4084.41000,4078.37000,4080.51000,2605.00000
2026-07-21 23:00:00+00:00,4080.50000,4081.96000,4079.52000,4081.35000,2219.00000
2026-07-21 23:15:00+00:00,4081.34000,4082.57000,4080.94000,4081.30000,1515.00000
2026-07-21 23:30:00+00:00,4081.31000,4082.40000,4079.37000,4080.55000,2070.00000
2026-07-21 23:45:00+00:00,4080.53000,4083.14000,4079.35000,4080.70000,2542.00000
2026-07-22 00:00:00+00:00,4080.69000,4092.81000,4076.89000,4092.20000,6794.00000
2026-07-22 00:15:00+00:00,4092.20000,4098.69000,4092.19000,4098.18000,5773.00000
2026-07-22 00:30:00+00:00,4098.21000,4102.15000,4089.53000,4092.81000,5882.00000
2026-07-22 00:45:00+00:00,4092.78000,4099.27000,4091.64000,4097.55000,5632.00000
2026-07-22 01:00:00+00:00,4097.60000,4121.46000,4096.66000,4121.35000,9557.00000
2026-07-22 01:15:00+00:00,4121.20000,4121.67000,4111.81000,4115.54000,7276.00000
2026-07-22 01:30:00+00:00,4115.51000,4122.93000,4113.07000,4121.76000,7427.00000
2026-07-22 01:45:00+00:00,4121.75000,4123.46000,4117.42000,4122.18000,6210.00000
2026-07-22 02:00:00+00:00,4122.10000,4123.26000,4118.82000,4122.04000,5696.00000
2026-07-22 02:15:00+00:00,4122.03000,4126.13000,4120.03000,4124.29000,4809.00000
2026-07-22 02:30:00+00:00,4124.50000,4130.45000,4122.33000,4128.34000,6705.00000
2026-07-22 02:45:00+00:00,4128.34000,4130.85000,4126.39000,4130.58000,5941.00000
2026-07-22 03:00:00+00:00,4130.41000,4140.73000,4129.34000,4137.43000,6307.00000
2026-07-22 03:15:00+00:00,4137.26000,4141.72000,4136.85000,4138.31000,5334.00000
2026-07-22 03:30:00+00:00,4138.32000,4138.35000,4132.58000,4133.62000,4387.00000
2026-07-22 03:45:00+00:00,4133.61000,4134.47000,4130.18000,4130.96000,3764.00000
2026-07-22 04:00:00+00:00,4130.80000,4131.29000,4126.36000,4127.03000,3783.00000
2026-07-22 04:15:00+00:00,4126.99000,4129.65000,4126.96000,4128.87000,3279.00000
2026-07-22 04:30:00+00:00,4128.86000,4129.12000,4124.71000,4127.32000,3682.00000
2026-07-22 04:45:00+00:00,4127.41000,4127.65000,4125.31000,4127.07000,3285.00000
2026-07-22 05:00:00+00:00,4127.08000,4129.99000,4125.98000,4128.61000,4180.00000
2026-07-22 05:15:00+00:00,4128.63000,4128.80000,4123.26000,4123.79000,4602.00000
2026-07-22 05:30:00+00:00,4123.81000,4134.04000,4123.20000,4132.53000,6897.00000
2026-07-22 05:45:00+00:00,4132.54000,4133.30000,4128.18000,4131.12000,6028.00000
2026-07-22 06:00:00+00:00,4131.03000,4135.28000,4129.46000,4129.89000,5848.00000
2026-07-22 06:15:00+00:00,4129.90000,4131.96000,4114.06000,4117.53000,6542.00000
2026-07-22 06:30:00+00:00,4117.86000,4120.35000,4114.93000,4118.79000,6556.00000
2026-07-22 06:45:00+00:00,4118.72000,4120.62000,4113.49000,4116.61000,5896.00000
2026-07-22 07:00:00+00:00,4116.95000,4117.31000,4111.77000,4116.57000,5600.00000
2026-07-22 07:15:00+00:00,4116.41000,4122.48000,4116.06000,4119.80000,4795.00000
2026-07-22 07:30:00+00:00,4119.70000,4123.05000,4111.02000,4112.36000,6043.00000
2026-07-22 07:45:00+00:00,4112.36000,4114.35000,4109.26000,4110.65000,5813.00000
2026-07-22 08:00:00+00:00,4111.13000,4116.03000,4110.73000,4114.70000,5888.00000
2026-07-22 08:15:00+00:00,4114.77000,4117.89000,4113.53000,4117.49000,5195.00000
2026-07-22 08:30:00+00:00,4117.43000,4119.19000,4114.30000,4114.63000,4810.00000
2026-07-22 08:45:00+00:00,4114.76000,4120.09000,4113.40000,4118.33000,4695.00000
2026-07-22 09:00:00+00:00,4118.39000,4122.29000,4117.83000,4121.80000,5027.00000
2026-07-22 09:15:00+00:00,4121.80000,4122.35000,4117.97000,4118.75000,4435.00000
2026-07-22 09:30:00+00:00,4118.67000,4121.75000,4114.43000,4116.06000,5154.00000
2026-07-22 09:45:00+00:00,4116.04000,4117.99000,4113.37000,4115.10000,4263.00000
2026-07-22 10:00:00+00:00,4115.15000,4120.07000,4115.08000,4117.48000,4447.00000
2026-07-22 10:15:00+00:00,4117.47000,4121.88000,4116.54000,4119.45000,4571.00000
2026-07-22 10:30:00+00:00,4119.45000,4120.02000,4116.02000,4117.15000,3840.00000
2026-07-22 10:45:00+00:00,4117.16000,4120.34000,4116.28000,4117.60000,3864.00000
2026-07-22 11:00:00+00:00,4117.63000,4120.95000,4115.26000,4119.33000,4296.00000
2026-07-22 11:15:00+00:00,4119.32000,4123.02000,4117.66000,4118.65000,3874.00000
2026-07-22 11:30:00+00:00,4118.83000,4120.71000,4112.72000,4115.28000,5129.00000
2026-07-22 11:45:00+00:00,4115.27000,4123.06000,4114.89000,4122.64000,4966.00000
2026-07-22 12:00:00+00:00,4122.83000,4127.38000,4121.87000,4127.05000,5384.00000
2026-07-22 12:15:00+00:00,4127.41000,4133.23000,4125.00000,4132.74000,5563.00000
2026-07-22 12:30:00+00:00,4132.73000,4134.43000,4124.73000,4127.29000,5718.00000
2026-07-22 12:45:00+00:00,4127.38000,4127.65000,4106.55000,4112.94000,6524.00000
2026-07-22 13:00:00+00:00,4113.15000,4125.86000,4112.77000,4125.79000,6720.00000
2026-07-22 13:15:00+00:00,4125.67000,4135.01000,4125.06000,4131.92000,6302.00000
2026-07-22 13:30:00+00:00,4132.45000,4146.49000,4132.45000,4142.80000,9654.00000
2026-07-22 13:45:00+00:00,4142.84000,4156.04000,4142.77000,4154.80000,8745.00000
2026-07-22 14:00:00+00:00,4154.83000,4163.45000,4153.40000,4156.66000,9174.00000
2026-07-22 14:15:00+00:00,4156.65000,4156.65000,4144.52000,4146.46000,8453.00000
2026-07-22 14:30:00+00:00,4146.46000,4153.06000,4146.35000,4151.10000,7592.00000
2026-07-22 14:45:00+00:00,4151.09000,4152.98000,4144.12000,4148.63000,7623.00000
2026-07-22 15:00:00+00:00,4148.69000,4158.56000,4148.69000,4157.64000,6731.00000
2026-07-22 15:15:00+00:00,4157.65000,4161.49000,4153.28000,4157.33000,5789.00000
2026-07-22 15:30:00+00:00,4157.32000,4160.94000,4155.81000,4160.01000,5901.00000
2026-07-22 15:45:00+00:00,4160.04000,4166.04000,4158.47000,4159.45000,6450.00000
2026-07-22 16:00:00+00:00,4159.47000,4159.49000,4153.28000,4154.56000,5447.00000
2026-07-22 16:15:00+00:00,4154.59000,4155.60000,4147.91000,4149.24000,5338.00000
2026-07-22 16:30:00+00:00,4149.25000,4151.38000,4144.47000,4147.20000,5730.00000
2026-07-22 16:45:00+00:00,4147.63000,4149.01000,4144.66000,4146.93000,4748.00000
2026-07-22 17:00:00+00:00,4147.18000,4147.92000,4143.09000,4145.42000,5209.00000
2026-07-22 17:15:00+00:00,4145.34000,4147.18000,4142.81000,4146.08000,5498.00000
2026-07-22 17:30:00+00:00,4146.03000,4147.50000,4138.41000,4140.64000,5210.00000
2026-07-22 17:45:00+00:00,4140.71000,4143.78000,4140.54000,4142.52000,4036.00000
2026-07-22 18:00:00+00:00,4142.55000,4142.86000,4136.79000,4138.13000,5131.00000
2026-07-22 18:15:00+00:00,4138.12000,4139.79000,4134.79000,4135.22000,4764.00000
2026-07-22 18:30:00+00:00,4135.27000,4136.27000,4132.04000,4135.97000,4372.00000
2026-07-22 18:45:00+00:00,4135.95000,4138.92000,4135.36000,4136.14000,3855.00000
2026-07-22 19:00:00+00:00,4136.13000,4137.30000,4133.07000,4134.13000,3995.00000
2026-07-22 19:15:00+00:00,4134.06000,4135.46000,4131.82000,4134.51000,3943.00000
2026-07-22 19:30:00+00:00,4134.42000,4136.25000,4132.67000,4134.01000,3942.00000
2026-07-22 19:45:00+00:00,4134.05000,4135.38000,4129.13000,4131.84000,5217.00000
2026-07-22 20:00:00+00:00,4131.81000,4135.60000,4130.40000,4134.58000,5655.00000
2026-07-22 20:15:00+00:00,4134.50000,4137.87000,4133.95000,4136.76000,3052.00000
2026-07-22 20:30:00+00:00,4136.70000,4137.56000,4130.89000,4130.98000,2710.00000
2026-07-22 20:45:00+00:00,4130.96000,4131.19000,4128.40000,4129.97000,2635.00000
2026-07-22 22:00:00+00:00,4119.98000,4137.04000,4112.93000,4124.02000,4713.00000
2026-07-22 22:15:00+00:00,4124.35000,4129.01000,4121.02000,4128.86000,4777.00000
2026-07-22 22:30:00+00:00,4128.87000,4129.68000,4120.06000,4121.65000,4250.00000
2026-07-22 22:45:00+00:00,4121.64000,4126.60000,4120.72000,4122.02000,4897.00000
2026-07-22 23:00:00+00:00,4122.05000,4124.77000,4116.73000,4123.85000,5351.00000
2026-07-22 23:15:00+00:00,4123.90000,4124.12000,4119.16000,4119.94000,3056.00000
2026-07-22 23:30:00+00:00,4119.98000,4124.54000,4118.85000,4123.69000,2547.00000
2026-07-22 23:45:00+00:00,4123.68000,4134.21000,4123.17000,4133.44000,4730.00000
2026-07-23 00:00:00+00:00,4133.73000,4134.43000,4126.29000,4127.00000,5395.00000
2026-07-23 00:15:00+00:00,4126.89000,4134.75000,4126.89000,4129.26000,4809.00000
2026-07-23 00:30:00+00:00,4129.26000,4132.18000,4127.26000,4127.93000,4283.00000
2026-07-23 00:45:00+00:00,4127.87000,4133.37000,4125.16000,4132.18000,4487.00000
2026-07-23 01:00:00+00:00,4132.18000,4139.18000,4129.86000,4134.56000,8110.00000
2026-07-23 01:15:00+00:00,4134.56000,4141.07000,4133.72000,4137.45000,6129.00000
2026-07-23 01:30:00+00:00,4137.45000,4139.28000,4121.76000,4121.76000,8437.00000
2026-07-23 01:45:00+00:00,4121.68000,4123.65000,4114.33000,4117.92000,7673.00000
2026-07-23 02:00:00+00:00,4117.84000,4118.87000,4112.14000,4117.71000,7086.00000
2026-07-23 02:15:00+00:00,4117.90000,4118.10000,4113.33000,4116.25000,5328.00000
2026-07-23 02:30:00+00:00,4116.21000,4122.35000,4113.94000,4122.25000,6640.00000
2026-07-23 02:45:00+00:00,4122.19000,4128.73000,4121.53000,4128.13000,5620.00000
2026-07-23 03:00:00+00:00,4128.14000,4129.01000,4124.17000,4127.13000,5195.00000
2026-07-23 03:15:00+00:00,4127.19000,4133.05000,4126.70000,4130.57000,5344.00000
2026-07-23 03:30:00+00:00,4130.38000,4131.23000,4126.03000,4128.83000,4190.00000
2026-07-23 03:45:00+00:00,4128.85000,4128.85000,4124.13000,4124.71000,3119.00000
2026-07-23 04:00:00+00:00,4124.78000,4127.74000,4122.56000,4127.74000,3650.00000
2026-07-23 04:15:00+00:00,4127.72000,4129.86000,4125.18000,4129.81000,3825.00000
2026-07-23 04:30:00+00:00,4129.69000,4130.27000,4123.17000,4123.26000,3411.00000
2026-07-23 04:45:00+00:00,4123.24000,4124.34000,4120.18000,4121.28000,3291.00000
2026-07-23 05:00:00+00:00,4121.25000,4125.02000,4119.51000,4124.52000,4075.00000
2026-07-23 05:15:00+00:00,4124.28000,4125.57000,4120.04000,4125.57000,4162.00000
2026-07-23 05:30:00+00:00,4125.64000,4128.58000,4123.43000,4127.77000,6168.00000
2026-07-23 05:45:00+00:00,4127.68000,4130.53000,4120.70000,4124.07000,5685.00000
2026-07-23 06:00:00+00:00,4124.06000,4128.23000,4121.31000,4123.24000,6261.00000
2026-07-23 06:15:00+00:00,4123.20000,4127.71000,4121.38000,4122.13000,5118.00000
2026-07-23 06:30:00+00:00,4122.16000,4123.82000,4116.90000,4120.04000,6070.00000
2026-07-23 06:45:00+00:00,4119.99000,4122.35000,4117.81000,4118.64000,4755.00000
2026-07-23 07:00:00+00:00,4118.62000,4119.40000,4102.06000,4106.69000,7102.00000
2026-07-23 07:15:00+00:00,4106.68000,4112.02000,4105.54000,4108.46000,6127.00000
2026-07-23 07:30:00+00:00,4108.69000,4108.85000,4091.45000,4095.61000,6251.00000
2026-07-23 07:45:00+00:00,4095.73000,4097.01000,4090.36000,4095.51000,7085.00000
2026-07-23 08:00:00+00:00,4095.90000,4097.76000,4090.26000,4091.44000,6382.00000
2026-07-23 08:15:00+00:00,4091.60000,4092.49000,4088.83000,4091.92000,5189.00000
2026-07-23 08:30:00+00:00,4091.67000,4093.82000,4088.81000,4092.54000,5193.00000
2026-07-23 08:45:00+00:00,4092.55000,4094.87000,4086.84000,4093.44000,4904.00000
2026-07-23 09:00:00+00:00,4093.38000,4099.43000,4092.75000,4094.97000,5538.00000
2026-07-23 09:15:00+00:00,4094.84000,4096.99000,4089.48000,4091.46000,4698.00000
2026-07-23 09:30:00+00:00,4091.53000,4093.20000,4088.66000,4091.92000,4596.00000
2026-07-23 09:45:00+00:00,4091.99000,4094.26000,4088.43000,4089.92000,4393.00000
2026-07-23 10:00:00+00:00,4089.89000,4091.65000,4087.84000,4090.87000,4683.00000
2026-07-23 10:15:00+00:00,4090.86000,4092.56000,4085.73000,4089.90000,4548.00000
2026-07-23 10:30:00+00:00,4089.90000,4092.79000,4086.68000,4089.45000,4824.00000
2026-07-23 10:45:00+00:00,4089.41000,4095.27000,4087.30000,4093.25000,4534.00000
2026-07-23 11:00:00+00:00,4093.22000,4093.88000,4087.11000,4087.74000,5138.00000
2026-07-23 11:15:00+00:00,4087.75000,4089.29000,4081.05000,4084.37000,5911.00000
2026-07-23 11:30:00+00:00,4084.36000,4084.36000,4072.66000,4078.73000,7192.00000
2026-07-23 11:45:00+00:00,4078.56000,4088.56000,4077.94000,4085.71000,6109.00000
2026-07-23 12:00:00+00:00,4085.66000,4085.87000,4081.16000,4081.40000,5129.00000
2026-07-23 12:15:00+00:00,4081.46000,4083.07000,4070.33000,4074.98000,8157.00000
2026-07-23 12:30:00+00:00,4072.42000,4075.11000,4063.90000,4069.21000,9076.00000
2026-07-23 12:45:00+00:00,4069.26000,4069.38000,4061.09000,4061.87000,8259.00000
2026-07-23 13:00:00+00:00,4061.51000,4063.54000,4040.65000,4040.94000,11615.00000
2026-07-23 13:15:00+00:00,4041.13000,4059.26000,4040.73000,4058.88000,9983.00000
2026-07-23 13:30:00+00:00,4058.73000,4067.50000,4055.61000,4056.41000,10752.00000
2026-07-23 13:45:00+00:00,4056.38000,4059.13000,4042.85000,4043.34000,9641.00000
2026-07-23 14:00:00+00:00,4043.50000,4051.47000,4040.19000,4048.00000,10902.00000
2026-07-23 14:15:00+00:00,4047.90000,4056.94000,4042.29000,4056.38000,10451.00000
2026-07-23 14:30:00+00:00,4056.43000,4060.35000,4051.73000,4057.10000,9822.00000
2026-07-23 14:45:00+00:00,4056.92000,4061.73000,4056.05000,4058.00000,8940.00000
2026-07-23 15:00:00+00:00,4057.95000,4059.49000,4049.31000,4051.41000,8980.00000
2026-07-23 15:15:00+00:00,4051.13000,4056.77000,4045.59000,4046.89000,9080.00000
2026-07-23 15:30:00+00:00,4046.90000,4053.23000,4042.39000,4048.07000,9511.00000
2026-07-23 15:45:00+00:00,4048.05000,4051.04000,4046.74000,4048.70000,7254.00000
2026-07-23 16:00:00+00:00,4048.77000,4051.02000,4047.42000,4050.19000,5995.00000
2026-07-23 16:15:00+00:00,4050.18000,4051.61000,4045.93000,4050.00000,5522.00000
2026-07-23 16:30:00+00:00,4050.03000,4051.17000,4047.06000,4049.86000,5868.00000
2026-07-23 16:45:00+00:00,4049.77000,4051.81000,4048.07000,4051.48000,4731.00000
2026-07-23 17:00:00+00:00,4051.56000,4054.63000,4046.90000,4047.26000,6153.00000
2026-07-23 17:15:00+00:00,4047.32000,4050.53000,4046.27000,4047.23000,6629.00000
2026-07-23 17:30:00+00:00,4047.24000,4049.16000,4041.89000,4042.88000,6124.00000
2026-07-23 17:45:00+00:00,4042.88000,4044.40000,4041.64000,4041.81000,4764.00000
2026-07-23 18:00:00+00:00,4041.83000,4044.24000,4040.73000,4041.89000,5901.00000
2026-07-23 18:15:00+00:00,4041.87000,4045.18000,4040.80000,4044.54000,5996.00000
2026-07-23 18:30:00+00:00,4044.50000,4048.12000,4044.49000,4046.52000,4225.00000
2026-07-23 18:45:00+00:00,4046.53000,4048.40000,4044.68000,4046.17000,4266.00000
2026-07-23 19:00:00+00:00,4046.30000,4048.59000,4043.04000,4043.29000,4062.00000
2026-07-23 19:15:00+00:00,4043.28000,4049.21000,4043.14000,4048.26000,3925.00000
2026-07-23 19:30:00+00:00,4048.33000,4050.89000,4045.81000,4045.88000,4593.00000
2026-07-23 19:45:00+00:00,4045.92000,4051.13000,4044.95000,4049.92000,5751.00000
2026-07-23 20:00:00+00:00,4050.06000,4051.15000,4048.31000,4049.57000,3417.00000
2026-07-23 20:15:00+00:00,4049.59000,4050.59000,4047.41000,4050.26000,2168.00000
2026-07-23 20:30:00+00:00,4050.27000,4050.74000,4048.88000,4049.93000,1734.00000
2026-07-23 20:45:00+00:00,4049.83000,4050.01000,4047.48000,4049.27000,1566.00000
2026-07-23 22:00:00+00:00,4046.49000,4050.35000,4046.49000,4048.98000,2029.00000
2026-07-23 22:15:00+00:00,4049.29000,4050.24000,4049.27000,4049.94000,1382.00000
2026-07-23 22:30:00+00:00,4049.97000,4050.51000,4048.52000,4049.40000,1572.00000
2026-07-23 22:45:00+00:00,4049.43000,4050.44000,4048.52000,4049.65000,1181.00000
2026-07-23 23:00:00+00:00,4049.67000,4049.95000,4047.47000,4048.45000,1340.00000
2026-07-23 23:15:00+00:00,4048.49000,4050.02000,4047.13000,4049.25000,1475.00000
2026-07-23 23:30:00+00:00,4049.31000,4050.72000,4047.10000,4048.28000,2129.00000
2026-07-23 23:45:00+00:00,4048.27000,4049.78000,4046.70000,4047.08000,2385.00000
2026-07-24 00:00:00+00:00,4047.40000,4049.96000,4041.32000,4041.64000,5429.00000
2026-07-24 00:15:00+00:00,4041.63000,4048.06000,4041.24000,4046.67000,5222.00000
2026-07-24 00:30:00+00:00,4046.66000,4050.25000,4044.90000,4049.34000,4431.00000
2026-07-24 00:45:00+00:00,4049.32000,4050.78000,4048.41000,4049.85000,4086.00000
2026-07-24 01:00:00+00:00,4049.93000,4050.29000,4039.58000,4042.47000,7387.00000
2026-07-24 01:15:00+00:00,4042.51000,4045.95000,4041.53000,4042.82000,5790.00000
2026-07-24 01:30:00+00:00,4042.83000,4050.44000,4041.63000,4049.92000,5885.00000
2026-07-24 01:45:00+00:00,4049.96000,4050.13000,4041.31000,4043.63000,5749.00000
2026-07-24 02:00:00+00:00,4043.74000,4046.02000,4040.98000,4045.82000,4646.00000
2026-07-24 02:15:00+00:00,4045.78000,4048.19000,4042.72000,4046.58000,3127.00000
2026-07-24 02:30:00+00:00,4046.61000,4048.13000,4041.40000,4041.68000,4968.00000
2026-07-24 02:45:00+00:00,4041.67000,4041.83000,4023.18000,4024.64000,8339.00000
2026-07-24 03:00:00+00:00,4024.86000,4032.34000,4023.27000,4031.92000,6040.00000
2026-07-24 03:15:00+00:00,4031.91000,4033.73000,4028.23000,4030.30000,5372.00000
2026-07-24 03:30:00+00:00,4030.29000,4033.18000,4030.29000,4031.69000,3930.00000
2026-07-24 03:45:00+00:00,4031.70000,4032.16000,4028.41000,4029.28000,3199.00000
2026-07-24 04:00:00+00:00,4029.11000,4030.35000,4027.17000,4028.19000,3334.00000
2026-07-24 04:15:00+00:00,4028.24000,4030.43000,4027.71000,4029.86000,2575.00000
2026-07-24 04:30:00+00:00,4030.09000,4030.40000,4026.01000,4026.96000,2425.00000
2026-07-24 04:45:00+00:00,4026.92000,4028.80000,4025.67000,4027.06000,2414.00000
2026-07-24 05:00:00+00:00,4027.18000,4032.18000,4025.32000,4027.69000,3736.00000
2026-07-24 05:15:00+00:00,4027.69000,4029.99000,4022.41000,4026.29000,3777.00000
2026-07-24 05:30:00+00:00,4026.16000,4031.55000,4024.07000,4024.91000,6194.00000
2026-07-24 05:45:00+00:00,4024.82000,4029.34000,4021.97000,4023.11000,5064.00000
2026-07-24 06:00:00+00:00,4023.12000,4031.36000,4023.02000,4031.01000,5711.00000
2026-07-24 06:15:00+00:00,4031.07000,4039.09000,4029.44000,4036.59000,5595.00000
2026-07-24 06:30:00+00:00,4036.66000,4037.18000,4033.33000,4033.97000,4991.00000
2026-07-24 06:45:00+00:00,4033.99000,4038.78000,4031.75000,4035.73000,5220.00000
2026-07-24 07:00:00+00:00,4035.69000,4047.49000,4035.10000,4045.54000,6095.00000
2026-07-24 07:15:00+00:00,4045.99000,4050.82000,4044.13000,4048.78000,5313.00000
2026-07-24 07:30:00+00:00,4048.77000,4053.78000,4045.86000,4048.44000,5036.00000
2026-07-24 07:45:00+00:00,4048.52000,4049.76000,4046.22000,4048.44000,4027.00000
2026-07-24 08:00:00+00:00,4048.41000,4049.12000,4045.26000,4046.90000,4961.00000
2026-07-24 08:15:00+00:00,4046.86000,4052.62000,4045.16000,4052.62000,4897.00000
2026-07-24 08:30:00+00:00,4052.39000,4055.54000,4048.80000,4054.71000,4866.00000
2026-07-24 08:45:00+00:00,4054.82000,4058.73000,4052.39000,4057.59000,4208.00000
2026-07-24 09:00:00+00:00,4057.70000,4060.80000,4053.31000,4054.23000,4739.00000
2026-07-24 09:15:00+00:00,4054.21000,4056.64000,4052.50000,4052.95000,3912.00000
2026-07-24 09:30:00+00:00,4053.03000,4056.22000,4051.55000,4055.71000,3606.00000
2026-07-24 09:45:00+00:00,4055.70000,4059.90000,4054.73000,4059.88000,3465.00000
2026-07-24 10:00:00+00:00,4059.85000,4061.51000,4057.83000,4058.26000,3739.00000
2026-07-24 10:15:00+00:00,4058.30000,4063.66000,4057.65000,4062.02000,3642.00000
2026-07-24 10:30:00+00:00,4062.02000,4063.92000,4058.18000,4058.38000,3084.00000
2026-07-24 10:45:00+00:00,4058.52000,4060.31000,4057.17000,4060.09000,3302.00000
2026-07-24 11:00:00+00:00,4059.99000,4063.39000,4058.51000,4061.27000,3528.00000
2026-07-24 11:15:00+00:00,4061.28000,4062.02000,4059.21000,4059.22000,2732.00000
2026-07-24 11:30:00+00:00,4059.19000,4060.36000,4055.25000,4055.27000,3832.00000
2026-07-24 11:45:00+00:00,4055.28000,4061.67000,4051.44000,4057.81000,4399.00000
2026-07-24 12:00:00+00:00,4058.42000,4058.52000,4052.38000,4056.63000,5700.00000
2026-07-24 12:15:00+00:00,4056.61000,4060.25000,4054.90000,4059.71000,5028.00000
2026-07-24 12:30:00+00:00,4059.53000,4059.68000,4052.07000,4055.19000,5020.00000
2026-07-24 12:45:00+00:00,4055.22000,4056.43000,4051.74000,4056.13000,4278.00000
2026-07-24 13:00:00+00:00,4056.02000,4058.45000,4044.71000,4048.20000,7084.00000
2026-07-24 13:15:00+00:00,4048.13000,4049.36000,4044.90000,4046.37000,5682.00000
2026-07-24 13:30:00+00:00,4046.43000,4056.87000,4044.78000,4052.30000,8466.00000
2026-07-24 13:45:00+00:00,4051.77000,4068.71000,4048.29000,4067.54000,8777.00000
2026-07-24 14:00:00+00:00,4067.50000,4070.14000,4057.39000,4058.95000,9340.00000
2026-07-24 14:15:00+00:00,4058.96000,4069.38000,4055.96000,4066.18000,9196.00000
2026-07-24 14:30:00+00:00,4066.36000,4068.13000,4059.28000,4060.30000,8265.00000
2026-07-24 14:45:00+00:00,4060.29000,4066.51000,4058.56000,4063.38000,7756.00000
2026-07-24 15:00:00+00:00,4063.39000,4076.71000,4061.91000,4074.74000,8324.00000
2026-07-24 15:15:00+00:00,4074.60000,4082.18000,4072.05000,4075.00000,10134.00000
2026-07-24 15:30:00+00:00,4074.99000,4079.67000,4071.86000,4072.05000,7581.00000
2026-07-24 15:45:00+00:00,4072.25000,4077.96000,4070.98000,4077.41000,6585.00000
2026-07-24 16:00:00+00:00,4077.44000,4077.55000,4074.50000,4074.90000,5685.00000
2026-07-24 16:15:00+00:00,4074.92000,4078.18000,4073.62000,4073.83000,5097.00000
2026-07-24 16:30:00+00:00,4073.85000,4074.12000,4066.75000,4067.76000,5692.00000
2026-07-24 16:45:00+00:00,4067.75000,4067.81000,4064.22000,4067.12000,5121.00000
2026-07-24 17:00:00+00:00,4067.16000,4068.44000,4062.92000,4064.28000,5826.00000
2026-07-24 17:15:00+00:00,4064.31000,4069.88000,4063.73000,4068.48000,5640.00000
2026-07-24 17:30:00+00:00,4068.46000,4069.90000,4066.24000,4066.62000,4241.00000
2026-07-24 17:45:00+00:00,4066.60000,4067.38000,4063.11000,4063.43000,4083.00000
2026-07-24 18:00:00+00:00,4063.66000,4064.57000,4061.25000,4061.71000,4183.00000
2026-07-24 18:15:00+00:00,4061.71000,4063.02000,4055.03000,4055.32000,5073.00000
2026-07-24 18:30:00+00:00,4055.40000,4057.00000,4050.95000,4052.19000,5216.00000
2026-07-24 18:45:00+00:00,4052.18000,4055.95000,4051.83000,4054.41000,3785.00000
2026-07-24 19:00:00+00:00,4054.48000,4056.38000,4052.21000,4052.30000,4999.00000
2026-07-24 19:15:00+00:00,4052.32000,4052.40000,4049.30000,4051.62000,4317.00000
2026-07-24 19:30:00+00:00,4051.58000,4057.95000,4051.34000,4056.99000,5457.00000
2026-07-24 19:45:00+00:00,4057.03000,4057.49000,4052.86000,4053.80000,4963.00000
2026-07-24 20:00:00+00:00,4053.57000,4055.26000,4052.31000,4052.62000,1872.00000
2026-07-24 20:15:00+00:00,4052.67000,4054.75000,4052.16000,4053.74000,1536.00000
2026-07-24 20:30:00+00:00,4053.75000,4056.02000,4051.61000,4055.45000,1420.00000
2026-07-24 20:45:00+00:00,4055.35000,4056.30000,4051.85000,4052.85000,1495.00000
2026-07-26 22:00:00+00:00,4092.07000,4096.88000,4086.53000,4088.07000,4253.00000
2026-07-26 22:15:00+00:00,4088.14000,4090.18000,4083.99000,4086.52000,3718.00000
2026-07-26 22:30:00+00:00,4086.06000,4093.01000,4085.64000,4091.25000,3417.00000
2026-07-26 22:45:00+00:00,4091.20000,4093.75000,4089.02000,4089.61000,2657.00000
2026-07-26 23:00:00+00:00,4089.75000,4091.33000,4084.56000,4084.87000,2728.00000
2026-07-26 23:15:00+00:00,4084.92000,4086.38000,4083.68000,4084.86000,3039.00000
2026-07-26 23:30:00+00:00,4084.84000,4089.39000,4084.66000,4089.15000,2389.00000
2026-07-26 23:45:00+00:00,4089.11000,4096.37000,4088.21000,4094.22000,5105.00000
2026-07-27 00:00:00+00:00,4094.09000,4116.22000,4094.02000,4115.71000,8442.00000
2026-07-27 00:15:00+00:00,4115.73000,4115.73000,4090.74000,4094.53000,7458.00000
2026-07-27 00:30:00+00:00,4094.44000,4102.42000,4093.77000,4099.91000,6396.00000
2026-07-27 00:45:00+00:00,4099.86000,4109.29000,4099.15000,4100.73000,6696.00000
2026-07-27 01:00:00+00:00,4100.66000,4112.53000,4100.63000,4107.17000,9278.00000
2026-07-27 01:15:00+00:00,4107.19000,4109.21000,4096.99000,4099.97000,7922.00000
2026-07-27 01:30:00+00:00,4100.09000,4104.35000,4097.96000,4102.77000,7517.00000
2026-07-27 01:45:00+00:00,4102.71000,4110.18000,4102.71000,4110.18000,6612.00000
2026-07-27 02:00:00+00:00,4110.65000,4110.91000,4103.43000,4105.60000,5873.00000
2026-07-27 02:15:00+00:00,4105.58000,4105.93000,4101.99000,4103.09000,3956.00000
2026-07-27 02:30:00+00:00,4103.24000,4103.24000,4095.63000,4096.61000,5373.00000
2026-07-27 02:45:00+00:00,4096.55000,4097.62000,4093.72000,4093.72000,4048.00000
2026-07-27 03:00:00+00:00,4093.42000,4095.85000,4089.17000,4091.97000,4632.00000
2026-07-27 03:15:00+00:00,4092.04000,4093.57000,4085.39000,4085.63000,4228.00000
2026-07-27 03:30:00+00:00,4085.45000,4090.85000,4085.20000,4089.83000,4268.00000
2026-07-27 03:45:00+00:00,4089.84000,4091.21000,4088.56000,4090.99000,2482.00000
2026-07-27 04:00:00+00:00,4091.11000,4092.91000,4088.71000,4090.16000,3233.00000
2026-07-27 04:15:00+00:00,4090.03000,4090.48000,4087.13000,4089.06000,3071.00000
2026-07-27 04:30:00+00:00,4089.03000,4092.33000,4089.03000,4090.45000,3108.00000
2026-07-27 04:45:00+00:00,4090.46000,4091.34000,4089.22000,4090.30000,2345.00000
2026-07-27 05:00:00+00:00,4090.28000,4094.77000,4088.59000,4094.77000,3892.00000
2026-07-27 05:15:00+00:00,4094.76000,4094.76000,4086.15000,4087.05000,3333.00000
2026-07-27 05:30:00+00:00,4086.73000,4090.26000,4085.81000,4088.08000,5933.00000
2026-07-27 05:45:00+00:00,4088.29000,4093.62000,4084.44000,4093.18000,5467.00000
2026-07-27 06:00:00+00:00,4093.11000,4096.40000,4091.66000,4094.44000,5878.00000
2026-07-27 06:15:00+00:00,4094.44000,4096.48000,4091.31000,4096.10000,4468.00000
2026-07-27 06:30:00+00:00,4096.08000,4099.30000,4094.30000,4098.66000,5019.00000
2026-07-27 06:45:00+00:00,4098.70000,4099.11000,4095.12000,4095.89000,4838.00000
2026-07-27 07:00:00+00:00,4096.20000,4101.98000,4095.97000,4101.98000,6435.00000
2026-07-27 07:15:00+00:00,4101.98000,4106.06000,4099.86000,4103.22000,5667.00000
2026-07-27 07:30:00+00:00,4103.23000,4103.67000,4095.83000,4097.31000,5090.00000
2026-07-27 07:45:00+00:00,4097.33000,4099.19000,4088.56000,4088.83000,5283.00000
2026-07-27 08:00:00+00:00,4088.95000,4093.11000,4087.06000,4091.36000,6188.00000
2026-07-27 08:15:00+00:00,4091.32000,4092.60000,4089.00000,4091.05000,5260.00000
2026-07-27 08:30:00+00:00,4090.92000,4092.94000,4087.46000,4091.43000,4828.00000
2026-07-27 08:45:00+00:00,4091.46000,4096.87000,4090.94000,4095.24000,3877.00000
2026-07-27 09:00:00+00:00,4095.11000,4098.47000,4093.10000,4093.99000,3941.00000
2026-07-27 09:15:00+00:00,4094.00000,4095.87000,4091.13000,4091.59000,3965.00000
2026-07-27 09:30:00+00:00,4091.47000,4094.75000,4090.60000,4094.26000,4119.00000
2026-07-27 09:45:00+00:00,4094.26000,4100.44000,4093.86000,4096.28000,4168.00000
2026-07-27 10:00:00+00:00,4096.26000,4096.65000,4086.50000,4090.91000,4804.00000
2026-07-27 10:15:00+00:00,4090.90000,4094.04000,4089.25000,4093.14000,3904.00000
2026-07-27 10:30:00+00:00,4093.19000,4102.08000,4093.03000,4100.42000,4230.00000
2026-07-27 10:45:00+00:00,4100.47000,4102.42000,4098.82000,4099.62000,3487.00000
2026-07-27 11:00:00+00:00,4099.62000,4104.17000,4097.04000,4102.04000,4705.00000
2026-07-27 11:15:00+00:00,4102.17000,4103.38000,4097.01000,4097.01000,3290.00000
2026-07-27 11:30:00+00:00,4097.08000,4099.98000,4094.72000,4095.66000,5153.00000
2026-07-27 11:45:00+00:00,4095.69000,4097.20000,4093.80000,4093.95000,4634.00000
2026-07-27 12:00:00+00:00,4094.00000,4097.68000,4086.27000,4087.63000,6394.00000
2026-07-27 12:15:00+00:00,4087.67000,4088.98000,4081.83000,4086.82000,6473.00000
2026-07-27 12:30:00+00:00,4086.78000,4088.71000,4083.07000,4086.76000,5122.00000
2026-07-27 12:45:00+00:00,4086.73000,4089.11000,4081.64000,4083.75000,6042.00000
2026-07-27 13:00:00+00:00,4083.87000,4088.83000,4081.01000,4084.98000,8192.00000
2026-07-27 13:15:00+00:00,4085.02000,4087.19000,4075.99000,4076.21000,7346.00000
2026-07-27 13:30:00+00:00,4076.10000,4089.19000,4075.52000,4086.76000,10445.00000
2026-07-27 13:45:00+00:00,4086.78000,4089.54000,4070.45000,4074.16000,9429.00000
2026-07-27 14:00:00+00:00,4074.14000,4079.13000,4071.12000,4076.99000,9695.00000
2026-07-27 14:15:00+00:00,4077.48000,4078.64000,4067.24000,4068.37000,9108.00000
2026-07-27 14:30:00+00:00,4068.42000,4070.64000,4065.39000,4068.84000,9577.00000
2026-07-27 14:45:00+00:00,4068.87000,4077.48000,4068.87000,4076.31000,7767.00000
2026-07-27 15:00:00+00:00,4076.39000,4076.49000,4071.90000,4076.06000,7781.00000
2026-07-27 15:15:00+00:00,4076.00000,4079.32000,4074.66000,4076.47000,7089.00000
2026-07-27 15:30:00+00:00,4076.57000,4077.94000,4072.73000,4076.15000,6258.00000
2026-07-27 15:45:00+00:00,4076.21000,4079.90000,4074.66000,4078.48000,5807.00000
2026-07-27 16:00:00+00:00,4078.54000,4084.86000,4077.70000,4081.50000,6375.00000
2026-07-27 16:15:00+00:00,4081.51000,4088.79000,4079.74000,4085.21000,6966.00000
2026-07-27 16:30:00+00:00,4085.38000,4093.97000,4085.16000,4088.34000,7474.00000
2026-07-27 16:45:00+00:00,4088.41000,4088.63000,4080.78000,4082.39000,6169.00000
2026-07-27 17:00:00+00:00,4082.34000,4082.37000,4070.62000,4073.66000,7405.00000
2026-07-27 17:15:00+00:00,4073.62000,4076.85000,4072.45000,4074.79000,5882.00000
2026-07-27 17:30:00+00:00,4074.79000,4076.07000,4072.20000,4074.53000,5288.00000
2026-07-27 17:45:00+00:00,4074.54000,4077.26000,4073.38000,4076.44000,4737.00000
2026-07-27 18:00:00+00:00,4076.46000,4079.30000,4076.16000,4076.74000,4869.00000
2026-07-27 18:15:00+00:00,4076.77000,4077.03000,4074.21000,4076.87000,4645.00000
2026-07-27 18:30:00+00:00,4076.86000,4079.26000,4073.03000,4076.31000,4965.00000
2026-07-27 18:45:00+00:00,4076.33000,4079.48000,4075.09000,4078.02000,4632.00000
2026-07-27 19:00:00+00:00,4078.09000,4081.85000,4076.23000,4080.40000,3917.00000
2026-07-27 19:15:00+00:00,4080.47000,4088.74000,4079.47000,4085.81000,3541.00000
2026-07-27 19:30:00+00:00,4085.88000,4087.30000,4083.90000,4087.02000,3448.00000
2026-07-27 19:45:00+00:00,4087.01000,4089.48000,4082.39000,4083.47000,4717.00000
2026-07-27 20:00:00+00:00,4083.45000,4084.14000,4081.61000,4082.27000,2323.00000
2026-07-27 20:15:00+00:00,4082.26000,4082.35000,4078.36000,4078.73000,2014.00000
2026-07-27 20:30:00+00:00,4078.71000,4079.21000,4076.00000,4077.14000,2070.00000
2026-07-27 20:45:00+00:00,4077.19000,4077.36000,4075.43000,4076.62000,1226.00000
2026-07-27 22:00:00+00:00,4079.59000,4082.18000,4076.66000,4076.89000,2360.00000
2026-07-27 22:15:00+00:00,4077.18000,4077.18000,4070.96000,4072.37000,2123.00000
2026-07-27 22:30:00+00:00,4072.48000,4075.09000,4072.34000,4074.91000,1740.00000
2026-07-27 22:45:00+00:00,4074.87000,4074.97000,4073.60000,4074.26000,2073.00000
2026-07-27 23:00:00+00:00,4074.27000,4075.04000,4071.87000,4074.08000,2217.00000
2026-07-27 23:15:00+00:00,4074.09000,4074.64000,4072.02000,4073.15000,1977.00000
2026-07-27 23:30:00+00:00,4072.89000,4073.69000,4071.52000,4072.09000,1339.00000
2026-07-27 23:45:00+00:00,4072.10000,4073.41000,4069.92000,4073.39000,3376.00000
2026-07-28 00:00:00+00:00,4073.16000,4074.15000,4062.03000,4067.19000,6462.00000
2026-07-28 00:15:00+00:00,4067.02000,4067.50000,4059.22000,4062.19000,5737.00000
2026-07-28 00:30:00+00:00,4062.12000,4066.23000,4060.59000,4065.54000,5573.00000
2026-07-28 00:45:00+00:00,4065.53000,4065.58000,4057.73000,4058.07000,5851.00000
2026-07-28 01:00:00+00:00,4057.96000,4060.33000,4053.90000,4058.09000,8413.00000
2026-07-28 01:15:00+00:00,4058.04000,4059.21000,4046.49000,4047.41000,6849.00000
2026-07-28 01:30:00+00:00,4047.33000,4050.49000,4043.56000,4048.94000,6753.00000
2026-07-28 01:45:00+00:00,4048.97000,4048.97000,4042.62000,4045.19000,5597.00000
2026-07-28 02:00:00+00:00,4045.23000,4047.61000,4042.54000,4046.50000,5313.00000
2026-07-28 02:15:00+00:00,4046.21000,4049.09000,4045.38000,4046.25000,4242.00000
2026-07-28 02:30:00+00:00,4046.09000,4047.92000,4041.56000,4044.31000,5420.00000
2026-07-28 02:45:00+00:00,4044.27000,4045.51000,4040.83000,4042.12000,4731.00000
2026-07-28 03:00:00+00:00,4042.01000,4047.35000,4040.33000,4045.95000,4295.00000
2026-07-28 03:15:00+00:00,4045.96000,4049.42000,4045.36000,4047.77000,3991.00000
2026-07-28 03:30:00+00:00,4047.75000,4051.21000,4047.37000,4048.41000,4166.00000
2026-07-28 03:45:00+00:00,4048.42000,4050.79000,4048.13000,4049.50000,3598.00000
2026-07-28 04:00:00+00:00,4049.34000,4049.64000,4043.54000,4044.09000,4162.00000
2026-07-28 04:15:00+00:00,4044.05000,4047.97000,4043.61000,4045.65000,3840.00000
2026-07-28 04:30:00+00:00,4045.71000,4047.90000,4043.95000,4047.68000,2886.00000
2026-07-28 04:45:00+00:00,4047.69000,4047.99000,4041.60000,4042.21000,3296.00000
2026-07-28 05:00:00+00:00,4042.19000,4044.02000,4039.92000,4042.40000,4667.00000
2026-07-28 05:15:00+00:00,4042.32000,4043.79000,4040.87000,4043.14000,4150.00000
2026-07-28 05:30:00+00:00,4043.16000,4045.47000,4034.93000,4041.63000,7732.00000
2026-07-28 05:45:00+00:00,4041.67000,4046.63000,4039.69000,4045.30000,5409.00000
2026-07-28 06:00:00+00:00,4045.33000,4047.84000,4042.96000,4044.26000,6001.00000
2026-07-28 06:15:00+00:00,4044.27000,4048.99000,4043.99000,4047.87000,5784.00000
2026-07-28 06:30:00+00:00,4047.87000,4052.41000,4046.96000,4049.83000,5015.00000
2026-07-28 06:45:00+00:00,4049.77000,4051.46000,4047.97000,4048.37000,4517.00000
2026-07-28 07:00:00+00:00,4048.36000,4051.24000,4047.53000,4048.92000,4842.00000
2026-07-28 07:15:00+00:00,4048.86000,4052.44000,4048.69000,4050.19000,3981.00000
2026-07-28 07:30:00+00:00,4050.26000,4051.07000,4048.44000,4049.46000,4094.00000
2026-07-28 07:45:00+00:00,4049.40000,4049.85000,4046.16000,4047.37000,4717.00000
2026-07-28 08:00:00+00:00,4047.34000,4055.20000,4043.12000,4044.45000,6923.00000
2026-07-28 08:15:00+00:00,4044.43000,4051.20000,4044.35000,4049.56000,6681.00000
2026-07-28 08:30:00+00:00,4049.85000,4049.86000,4041.89000,4043.23000,5556.00000
2026-07-28 08:45:00+00:00,4043.25000,4046.20000,4041.72000,4045.53000,4376.00000
2026-07-28 09:00:00+00:00,4045.87000,4045.93000,4040.69000,4040.93000,4235.00000
2026-07-28 09:15:00+00:00,4040.98000,4044.13000,4039.15000,4040.40000,3559.00000
2026-07-28 09:30:00+00:00,4040.39000,4040.42000,4029.62000,4033.41000,5472.00000
2026-07-28 09:45:00+00:00,4033.37000,4034.32000,4019.63000,4023.45000,5570.00000
2026-07-28 10:00:00+00:00,4023.25000,4026.98000,4020.59000,4024.28000,6235.00000
2026-07-28 10:15:00+00:00,4024.06000,4025.84000,4017.06000,4017.72000,5597.00000
2026-07-28 10:30:00+00:00,4017.56000,4023.71000,4017.27000,4022.58000,5094.00000
2026-07-28 10:45:00+00:00,4022.53000,4028.53000,4022.32000,4026.57000,5236.00000
2026-07-28 11:00:00+00:00,4026.58000,4028.78000,4023.12000,4023.94000,6501.00000
2026-07-28 11:15:00+00:00,4023.88000,4032.40000,4023.88000,4027.63000,6325.00000
2026-07-28 11:30:00+00:00,4027.52000,4031.54000,4026.54000,4027.24000,5742.00000
2026-07-28 11:45:00+00:00,4027.14000,4028.34000,4024.02000,4028.10000,5584.00000
2026-07-28 12:00:00+00:00,4028.58000,4028.73000,4022.87000,4027.83000,6453.00000
2026-07-28 12:15:00+00:00,4027.85000,4034.96000,4026.14000,4034.59000,5659.00000
2026-07-28 12:30:00+00:00,4034.45000,4035.01000,4025.67000,4033.64000,6769.00000
2026-07-28 12:45:00+00:00,4033.66000,4038.19000,4028.49000,4029.54000,5855.00000
2026-07-28 13:00:00+00:00,4029.59000,4035.50000,4029.53000,4032.97000,7198.00000
2026-07-28 13:15:00+00:00,4033.01000,4036.16000,4028.60000,4029.11000,6155.00000
2026-07-28 13:30:00+00:00,4028.82000,4032.91000,4020.26000,4025.30000,10040.00000
2026-07-28 13:45:00+00:00,4025.26000,4028.99000,4021.63000,4022.11000,9439.00000
2026-07-28 14:00:00+00:00,4022.19000,4033.32000,4021.77000,4025.80000,9521.00000
2026-07-28 14:15:00+00:00,4025.95000,4026.78000,4011.46000,4022.33000,10223.00000
2026-07-28 14:30:00+00:00,4022.28000,4025.30000,4018.86000,4022.70000,9193.00000
2026-07-28 14:45:00+00:00,4022.68000,4029.58000,4021.11000,4024.48000,7466.00000
2026-07-28 15:00:00+00:00,4024.86000,4036.33000,4022.18000,4033.62000,8839.00000
2026-07-28 15:15:00+00:00,4033.70000,4040.89000,4031.97000,4035.62000,9818.00000
2026-07-28 15:30:00+00:00,4035.73000,4042.12000,4032.42000,4041.51000,7931.00000
2026-07-28 15:45:00+00:00,4041.56000,4047.09000,4041.29000,4046.24000,7068.00000
2026-07-28 16:00:00+00:00,4046.42000,4046.53000,4042.23000,4044.83000,6213.00000
2026-07-28 16:15:00+00:00,4044.78000,4045.86000,4042.10000,4042.17000,5520.00000
2026-07-28 16:30:00+00:00,4042.21000,4043.86000,4040.39000,4040.64000,5738.00000
2026-07-28 16:45:00+00:00,4040.63000,4041.11000,4036.71000,4037.57000,5423.00000
2026-07-28 17:00:00+00:00,4037.73000,4041.06000,4035.58000,4037.01000,6028.00000
2026-07-28 17:15:00+00:00,4037.00000,4041.52000,4035.27000,4037.52000,6645.00000
2026-07-28 17:30:00+00:00,4037.83000,4037.83000,4027.64000,4028.32000,5278.00000
2026-07-28 17:45:00+00:00,4028.25000,4029.59000,4025.71000,4027.88000,5592.00000
2026-07-28 18:00:00+00:00,4028.12000,4030.41000,4027.19000,4028.25000,5644.00000
2026-07-28 18:15:00+00:00,4028.25000,4030.00000,4025.97000,4027.12000,5983.00000
2026-07-28 18:30:00+00:00,4027.09000,4027.53000,4023.06000,4024.13000,5778.00000
2026-07-28 18:45:00+00:00,4024.18000,4026.07000,4021.62000,4022.99000,5504.00000
2026-07-28 19:00:00+00:00,4023.03000,4025.70000,4022.39000,4024.07000,5002.00000
2026-07-28 19:15:00+00:00,4024.03000,4025.10000,4021.93000,4023.26000,3945.00000
2026-07-28 19:30:00+00:00,4023.67000,4027.69000,4023.16000,4026.19000,4716.00000
2026-07-28 19:45:00+00:00,4026.53000,4028.03000,4025.42000,4026.41000,5244.00000
2026-07-28 20:00:00+00:00,4026.37000,4026.37000,4022.70000,4023.74000,3546.00000
2026-07-28 20:15:00+00:00,4023.72000,4027.85000,4023.67000,4027.40000,2287.00000
2026-07-28 20:30:00+00:00,4027.46000,4030.23000,4027.42000,4030.06000,2488.00000
2026-07-28 20:45:00+00:00,4030.13000,4030.53000,4026.53000,4028.60000,1658.00000
2026-07-28 22:00:00+00:00,4024.95000,4030.55000,4024.14000,4024.53000,2039.00000
2026-07-28 22:15:00+00:00,4024.78000,4025.30000,4017.37000,4020.95000,3431.00000
2026-07-28 22:30:00+00:00,4021.01000,4021.24000,4013.90000,4018.41000,4197.00000
2026-07-28 22:45:00+00:00,4018.40000,4019.76000,4015.43000,4018.37000,3704.00000
2026-07-28 23:00:00+00:00,4018.41000,4023.22000,4016.47000,4022.19000,4164.00000
2026-07-28 23:15:00+00:00,4022.18000,4022.25000,4015.17000,4018.71000,3958.00000
2026-07-28 23:30:00+00:00,4018.69000,4023.50000,4017.49000,4022.99000,2909.00000
2026-07-28 23:45:00+00:00,4023.33000,4026.35000,4019.14000,4025.07000,5998.00000
2026-07-29 00:00:00+00:00,4025.11000,4026.10000,4017.65000,4020.70000,6994.00000
2026-07-29 00:15:00+00:00,4020.62000,4029.88000,4020.62000,4022.67000,6785.00000
2026-07-29 00:30:00+00:00,4022.63000,4027.86000,4021.20000,4026.04000,5845.00000
2026-07-29 00:45:00+00:00,4026.03000,4026.09000,4020.49000,4021.89000,6427.00000
2026-07-29 01:00:00+00:00,4021.78000,4021.78000,4010.14000,4013.16000,9108.00000
2026-07-29 01:15:00+00:00,4013.14000,4020.21000,4011.77000,4018.40000,7899.00000
2026-07-29 01:30:00+00:00,4018.41000,4030.54000,4014.99000,4027.69000,8824.00000
2026-07-29 01:45:00+00:00,4027.73000,4028.36000,4021.95000,4025.97000,7132.00000
2026-07-29 02:00:00+00:00,4025.92000,4029.35000,4023.08000,4028.29000,6991.00000
2026-07-29 02:15:00+00:00,4028.30000,4035.39000,4026.37000,4033.06000,5486.00000
2026-07-29 02:30:00+00:00,4033.38000,4037.84000,4030.68000,4035.04000,6204.00000
2026-07-29 02:45:00+00:00,4034.95000,4035.26000,4029.20000,4029.54000,4963.00000
2026-07-29 03:00:00+00:00,4029.24000,4032.70000,4027.36000,4027.82000,5587.00000
2026-07-29 03:15:00+00:00,4027.87000,4028.92000,4025.58000,4027.08000,4596.00000
2026-07-29 03:30:00+00:00,4027.04000,4029.55000,4024.60000,4026.19000,3852.00000
2026-07-29 03:45:00+00:00,4026.18000,4027.05000,4023.24000,4023.66000,3102.00000
2026-07-29 04:00:00+00:00,4023.65000,4024.87000,4021.42000,4021.82000,3703.00000
2026-07-29 04:15:00+00:00,4021.81000,4025.59000,4020.69000,4023.54000,4223.00000
2026-07-29 04:30:00+00:00,4023.37000,4027.49000,4023.37000,4027.29000,4804.00000
2026-07-29 04:45:00+00:00,4027.35000,4027.80000,4023.69000,4027.32000,5430.00000
2026-07-29 05:00:00+00:00,4027.48000,4031.70000,4026.65000,4030.48000,4467.00000
2026-07-29 05:15:00+00:00,4030.47000,4031.27000,4027.17000,4030.54000,3885.00000
2026-07-29 05:30:00+00:00,4030.76000,4039.59000,4029.81000,4039.11000,6533.00000
2026-07-29 05:45:00+00:00,4039.13000,4040.05000,4031.57000,4033.06000,5549.00000
2026-07-29 06:00:00+00:00,4033.01000,4038.32000,4032.98000,4037.42000,5294.00000
2026-07-29 06:15:00+00:00,4037.42000,4043.04000,4035.90000,4041.11000,4740.00000
2026-07-29 06:30:00+00:00,4041.08000,4044.83000,4040.86000,4042.83000,4980.00000
2026-07-29 06:45:00+00:00,4042.80000,4043.00000,4039.83000,4041.23000,4424.00000
2026-07-29 07:00:00+00:00,4041.17000,4046.63000,4041.17000,4045.40000,4205.00000
2026-07-29 07:15:00+00:00,4045.37000,4047.78000,4044.17000,4046.02000,3539.00000
2026-07-29 07:30:00+00:00,4046.21000,4047.50000,4044.85000,4045.99000,3592.00000
2026-07-29 07:45:00+00:00,4046.07000,4046.94000,4042.70000,4043.79000,3651.00000
2026-07-29 08:00:00+00:00,4044.05000,4044.40000,4039.17000,4039.18000,4273.00000
2026-07-29 08:15:00+00:00,4039.19000,4042.29000,4035.73000,4037.32000,3945.00000
2026-07-29 08:30:00+00:00,4037.31000,4039.17000,4035.73000,4038.23000,3974.00000
2026-07-29 08:45:00+00:00,4038.29000,4040.11000,4037.02000,4037.61000,4007.00000
2026-07-29 09:00:00+00:00,4037.73000,4038.35000,4035.34000,4036.36000,3905.00000
2026-07-29 09:15:00+00:00,4036.31000,4037.76000,4033.51000,4033.81000,3760.00000
2026-07-29 09:30:00+00:00,4034.11000,4034.96000,4031.31000,4034.39000,4401.00000
2026-07-29 09:45:00+00:00,4034.32000,4036.42000,4031.91000,4032.69000,3056.00000
2026-07-29 10:00:00+00:00,4032.67000,4034.17000,4030.91000,4031.95000,4152.00000
2026-07-29 10:15:00+00:00,4031.94000,4033.43000,4030.27000,4033.14000,3412.00000
2026-07-29 10:30:00+00:00,4033.01000,4034.43000,4026.37000,4027.52000,3839.00000
2026-07-29 10:45:00+00:00,4027.48000,4028.77000,4026.07000,4027.54000,2988.00000
2026-07-29 11:00:00+00:00,4027.56000,4029.75000,4024.88000,4029.74000,3894.00000
2026-07-29 11:15:00+00:00,4029.93000,4033.49000,4028.47000,4032.80000,3505.00000
2026-07-29 11:30:00+00:00,4032.83000,4032.99000,4030.20000,4030.99000,2741.00000
2026-07-29 11:45:00+00:00,4031.00000,4036.15000,4030.55000,4032.83000,3726.00000
2026-07-29 12:00:00+00:00,4032.85000,4033.38000,4026.12000,4027.07000,3906.00000
2026-07-29 12:15:00+00:00,4027.12000,4027.59000,4012.69000,4013.22000,8585.00000
2026-07-29 12:30:00+00:00,4013.17000,4022.54000,4009.28000,4020.81000,6371.00000
2026-07-29 12:45:00+00:00,4020.74000,4023.72000,4019.01000,4022.68000,4559.00000
2026-07-29 13:00:00+00:00,4022.83000,4026.41000,4015.12000,4015.76000,7047.00000
2026-07-29 13:15:00+00:00,4015.64000,4023.16000,4013.77000,4014.49000,6759.00000
2026-07-29 13:30:00+00:00,4014.60000,4017.93000,4010.16000,4013.71000,10416.00000
2026-07-29 13:45:00+00:00,4013.42000,4016.03000,4002.44000,4007.23000,9725.00000
2026-07-29 14:00:00+00:00,4007.26000,4008.64000,3995.98000,3999.34000,9616.00000
2026-07-29 14:15:00+00:00,3999.30000,4010.13000,3998.96000,4005.50000,9148.00000
2026-07-29 14:30:00+00:00,4005.53000,4009.34000,3999.03000,4001.17000,8176.00000
2026-07-29 14:45:00+00:00,4001.08000,4005.79000,3998.33000,4004.79000,8390.00000
2026-07-29 15:00:00+00:00,4004.80000,4009.87000,4003.28000,4006.92000,7655.00000
2026-07-29 15:15:00+00:00,4006.98000,4011.30000,4003.77000,4010.56000,6839.00000
2026-07-29 15:30:00+00:00,4010.73000,4013.50000,4007.07000,4010.66000,6398.00000
2026-07-29 15:45:00+00:00,4010.47000,4013.83000,4008.32000,4009.90000,5757.00000
2026-07-29 16:00:00+00:00,4009.90000,4015.71000,4007.64000,4009.65000,6288.00000
2026-07-29 16:15:00+00:00,4009.63000,4017.58000,4007.92000,4016.64000,6004.00000
2026-07-29 16:30:00+00:00,4016.57000,4018.94000,4015.00000,4017.06000,5453.00000
2026-07-29 16:45:00+00:00,4017.07000,4032.87000,4015.26000,4027.41000,7526.00000
2026-07-29 17:00:00+00:00,4027.36000,4050.55000,4027.36000,4042.07000,9239.00000
2026-07-29 17:15:00+00:00,4042.08000,4050.64000,4037.20000,4039.18000,8906.00000
2026-07-29 17:30:00+00:00,4039.17000,4047.41000,4036.33000,4045.82000,7474.00000
2026-07-29 17:45:00+00:00,4045.93000,4048.11000,4041.47000,4044.11000,6422.00000
2026-07-29 18:00:00+00:00,4044.10000,4086.15000,4042.89000,4081.14000,12644.00000
2026-07-29 18:15:00+00:00,4081.20000,4083.87000,4063.94000,4067.75000,10876.00000
2026-07-29 18:30:00+00:00,4067.81000,4087.10000,4052.45000,4083.47000,13010.00000
2026-07-29 18:45:00+00:00,4083.58000,4109.81000,4082.19000,4106.81000,12422.00000
2026-07-29 19:00:00+00:00,4106.76000,4116.56000,4090.19000,4099.75000,12801.00000
2026-07-29 19:15:00+00:00,4099.67000,4104.58000,4081.01000,4084.01000,12358.00000
2026-07-29 19:30:00+00:00,4084.07000,4088.37000,4065.42000,4069.37000,12369.00000
2026-07-29 19:45:00+00:00,4069.35000,4071.99000,4044.44000,4044.71000,11876.00000
2026-07-29 20:00:00+00:00,4044.92000,4056.01000,4042.78000,4052.13000,10161.00000
2026-07-29 20:15:00+00:00,4052.05000,4057.35000,4043.85000,4055.65000,7690.00000
2026-07-29 20:30:00+00:00,4055.66000,4069.27000,4054.03000,4067.17000,4834.00000
2026-07-29 20:45:00+00:00,4067.03000,4070.11000,4063.49000,4066.25000,4006.00000
2026-07-29 22:00:00+00:00,4065.59000,4078.11000,4060.42000,4076.51000,4324.00000
2026-07-29 22:15:00+00:00,4076.49000,4077.72000,4072.71000,4075.00000,3767.00000
2026-07-29 22:30:00+00:00,4075.01000,4081.49000,4073.00000,4081.49000,3543.00000
2026-07-29 22:45:00+00:00,4081.56000,4090.55000,4079.83000,4088.56000,3911.00000
2026-07-29 23:00:00+00:00,4088.37000,4100.35000,4088.37000,4091.67000,4771.00000
2026-07-29 23:15:00+00:00,4091.76000,4095.00000,4090.46000,4093.56000,3384.00000
2026-07-29 23:30:00+00:00,4093.56000,4094.60000,4089.41000,4090.11000,3659.00000
2026-07-29 23:45:00+00:00,4090.24000,4093.17000,4084.47000,4084.67000,7467.00000
2026-07-30 00:00:00+00:00,4084.78000,4086.57000,4079.14000,4081.41000,8882.00000
2026-07-30 00:15:00+00:00,4081.38000,4083.59000,4072.79000,4075.33000,8626.00000
2026-07-30 00:30:00+00:00,4075.39000,4076.96000,4065.04000,4066.17000,7590.00000
2026-07-30 00:45:00+00:00,4066.13000,4072.91000,4064.84000,4072.22000,7107.00000
2026-07-30 01:00:00+00:00,4072.24000,4093.01000,4070.50000,4075.50000,10547.00000
2026-07-30 01:15:00+00:00,4075.59000,4084.70000,4073.29000,4081.25000,9236.00000
2026-07-30 01:30:00+00:00,4081.26000,4089.69000,4080.74000,4086.71000,7941.00000
2026-07-30 01:45:00+00:00,4086.76000,4090.99000,4083.83000,4084.68000,7172.00000
2026-07-30 02:00:00+00:00,4084.53000,4090.42000,4082.02000,4082.61000,6426.00000
2026-07-30 02:15:00+00:00,4082.58000,4083.77000,4079.98000,4082.74000,5504.00000
2026-07-30 02:30:00+00:00,4082.78000,4082.80000,4073.69000,4076.88000,7335.00000
2026-07-30 02:45:00+00:00,4076.91000,4077.08000,4063.17000,4063.73000,6431.00000
2026-07-30 03:00:00+00:00,4063.65000,4070.12000,4060.58000,4062.96000,6873.00000
2026-07-30 03:15:00+00:00,4063.00000,4063.87000,4052.55000,4053.86000,6943.00000
2026-07-30 03:30:00+00:00,4053.85000,4055.93000,4050.86000,4052.51000,5907.00000
2026-07-30 03:45:00+00:00,4052.31000,4059.88000,4052.31000,4058.89000,5266.00000
2026-07-30 04:00:00+00:00,4058.88000,4060.10000,4053.04000,4053.39000,5172.00000
2026-07-30 04:15:00+00:00,4053.37000,4055.34000,4051.09000,4054.21000,4484.00000
2026-07-30 04:30:00+00:00,4054.14000,4054.15000,4047.78000,4048.72000,4732.00000
2026-07-30 04:45:00+00:00,4048.69000,4051.97000,4044.51000,4046.07000,5299.00000
2026-07-30 05:00:00+00:00,4046.10000,4046.16000,4041.75000,4045.97000,5614.00000
2026-07-30 05:15:00+00:00,4046.02000,4047.36000,4037.63000,4046.97000,5680.00000
2026-07-30 05:30:00+00:00,4047.00000,4051.37000,4028.51000,4033.41000,9462.00000
2026-07-30 05:45:00+00:00,4033.41000,4038.69000,4030.14000,4033.74000,7719.00000
2026-07-30 06:00:00+00:00,4033.69000,4039.48000,4031.25000,4032.37000,8344.00000
2026-07-30 06:15:00+00:00,4032.37000,4039.35000,4029.45000,4033.12000,7156.00000
2026-07-30 06:30:00+00:00,4033.19000,4038.31000,4031.07000,4035.80000,6368.00000
2026-07-30 06:45:00+00:00,4035.83000,4040.53000,4034.26000,4036.53000,5799.00000
2026-07-30 07:00:00+00:00,4036.42000,4048.02000,4035.58000,4046.76000,8089.00000
2026-07-30 07:15:00+00:00,4046.77000,4051.42000,4043.13000,4046.01000,6807.00000
2026-07-30 07:30:00+00:00,4046.00000,4047.30000,4036.19000,4046.00000,6348.00000
2026-07-30 07:45:00+00:00,4045.94000,4046.66000,4038.21000,4038.95000,6076.00000
2026-07-30 08:00:00+00:00,4038.89000,4056.13000,4036.83000,4053.29000,8212.00000
2026-07-30 08:15:00+00:00,4053.28000,4068.55000,4052.08000,4064.54000,7698.00000
2026-07-30 08:30:00+00:00,4064.50000,4072.95000,4063.06000,4065.82000,7900.00000
2026-07-30 08:45:00+00:00,4065.83000,4071.00000,4059.53000,4061.43000,6109.00000
2026-07-30 09:00:00+00:00,4061.63000,4068.91000,4060.37000,4065.97000,6283.00000
2026-07-30 09:15:00+00:00,4066.01000,4072.50000,4064.56000,4067.62000,6318.00000
2026-07-30 09:30:00+00:00,4067.69000,4069.26000,4060.74000,4065.53000,6377.00000
2026-07-30 09:45:00+00:00,4065.54000,4072.99000,4062.34000,4063.40000,5907.00000
2026-07-30 10:00:00+00:00,4063.51000,4074.71000,4063.04000,4068.39000,6985.00000
2026-07-30 10:15:00+00:00,4068.48000,4077.65000,4067.64000,4076.34000,6705.00000
2026-07-30 10:30:00+00:00,4076.46000,4082.73000,4075.31000,4081.28000,6619.00000
2026-07-30 10:45:00+00:00,4081.30000,4083.03000,4078.12000,4078.17000,5112.00000
2026-07-30 11:00:00+00:00,4078.13000,4082.88000,4077.66000,4079.81000,5459.00000
2026-07-30 11:15:00+00:00,4079.76000,4082.09000,4076.66000,4077.83000,4818.00000
2026-07-30 11:30:00+00:00,4078.38000,4079.47000,4076.25000,4077.53000,5115.00000
2026-07-30 11:45:00+00:00,4077.40000,4080.69000,4075.70000,4077.76000,4923.00000
2026-07-30 12:00:00+00:00,4077.78000,4082.59000,4074.71000,4078.81000,6317.00000
2026-07-30 12:15:00+00:00,4078.90000,4081.51000,4071.75000,4077.26000,6194.00000
2026-07-30 12:30:00+00:00,4077.21000,4086.68000,4071.79000,4077.25000,9147.00000
2026-07-30 12:45:00+00:00,4077.30000,4079.46000,4067.34000,4068.98000,8425.00000
2026-07-30 13:00:00+00:00,4068.67000,4076.88000,4065.18000,4076.80000,9453.00000
2026-07-30 13:15:00+00:00,4076.75000,4084.08000,4072.16000,4080.30000,8283.00000
2026-07-30 13:30:00+00:00,4080.02000,4098.74000,4074.92000,4088.87000,12251.00000
2026-07-30 13:45:00+00:00,4088.95000,4112.95000,4085.70000,4112.46000,12001.00000
2026-07-30 14:00:00+00:00,4112.25000,4120.36000,4094.02000,4098.25000,12455.00000
2026-07-30 14:15:00+00:00,4098.23000,4100.23000,4087.13000,4096.26000,10968.00000
2026-07-30 14:30:00+00:00,4096.19000,4111.31000,4094.84000,4110.84000,9358.00000
2026-07-30 14:45:00+00:00,4110.80000,4113.04000,4096.48000,4100.12000,9759.00000
2026-07-30 15:00:00+00:00,4099.95000,4100.27000,4083.17000,4085.51000,10246.00000
2026-07-30 15:15:00+00:00,4085.27000,4097.24000,4084.90000,4096.05000,9422.00000
2026-07-30 15:30:00+00:00,4096.15000,4106.94000,4092.69000,4105.46000,8493.00000
2026-07-30 15:45:00+00:00,4105.59000,4110.21000,4103.44000,4108.13000,7297.00000
2026-07-30 16:00:00+00:00,4108.12000,4115.90000,4107.74000,4114.23000,7278.00000
2026-07-30 16:15:00+00:00,4114.11000,4119.33000,4113.70000,4116.17000,6325.00000
2026-07-30 16:30:00+00:00,4116.15000,4116.47000,4108.33000,4108.60000,6629.00000
2026-07-30 16:45:00+00:00,4108.61000,4110.75000,4106.66000,4110.74000,5601.00000
2026-07-30 17:00:00+00:00,4110.74000,4111.23000,4104.86000,4104.93000,5924.00000
2026-07-30 17:15:00+00:00,4104.83000,4108.21000,4098.55000,4101.65000,6240.00000
2026-07-30 17:30:00+00:00,4100.60000,4108.02000,4099.97000,4105.98000,7505.00000
2026-07-30 17:45:00+00:00,4106.03000,4108.46000,4101.20000,4102.64000,5518.00000
2026-07-30 18:00:00+00:00,4102.69000,4106.84000,4102.69000,4106.51000,5739.00000
2026-07-30 18:15:00+00:00,4106.46000,4106.81000,4100.75000,4103.51000,5548.00000
2026-07-30 18:30:00+00:00,4103.59000,4107.83000,4103.00000,4104.89000,4668.00000
2026-07-30 18:45:00+00:00,4104.87000,4105.27000,4098.88000,4099.79000,4371.00000
2026-07-30 19:00:00+00:00,4099.75000,4105.76000,4098.76000,4104.77000,5030.00000
2026-07-30 19:15:00+00:00,4104.74000,4114.97000,4103.02000,4112.91000,5706.00000
2026-07-30 19:30:00+00:00,4112.84000,4115.37000,4111.50000,4112.33000,5028.00000
2026-07-30 19:45:00+00:00,4112.33000,4113.02000,4109.23000,4112.12000,5538.00000
2026-07-30 20:00:00+00:00,4112.21000,4117.53000,4110.16000,4114.10000,5622.00000
2026-07-30 20:15:00+00:00,4114.10000,4115.08000,4111.77000,4112.05000,3848.00000
2026-07-30 20:30:00+00:00,4112.45000,4112.55000,4102.38000,4102.84000,4211.00000
2026-07-30 20:45:00+00:00,4102.78000,4103.83000,4099.15000,4103.68000,2521.00000
2026-07-30 22:00:00+00:00,4106.32000,4107.64000,4096.68000,4106.68000,2791.00000
2026-07-30 22:15:00+00:00,4106.65000,4108.39000,4106.45000,4107.68000,2789.00000
2026-07-30 22:30:00+00:00,4107.66000,4110.53000,4106.98000,4110.41000,2302.00000
2026-07-30 22:45:00+00:00,4110.47000,4111.33000,4109.02000,4109.16000,1805.00000
2026-07-30 23:00:00+00:00,4109.17000,4111.72000,4106.56000,4107.39000,2162.00000
2026-07-30 23:15:00+00:00,4107.36000,4107.51000,4104.18000,4104.32000,2268.00000
2026-07-30 23:30:00+00:00,4104.33000,4107.36000,4102.27000,4106.14000,2680.00000
2026-07-30 23:45:00+00:00,4106.24000,4110.05000,4105.39000,4105.91000,2821.00000
2026-07-31 00:00:00+00:00,4106.04000,4107.07000,4100.64000,4101.29000,5099.00000
2026-07-31 00:15:00+00:00,4101.20000,4103.76000,4096.13000,4096.51000,4516.00000
2026-07-31 00:30:00+00:00,4096.43000,4097.50000,4090.55000,4092.93000,4066.00000
2026-07-31 00:45:00+00:00,4093.08000,4096.03000,4090.61000,4094.72000,4403.00000
2026-07-31 01:00:00+00:00,4094.87000,4101.67000,4088.82000,4089.02000,7511.00000
2026-07-31 01:15:00+00:00,4089.06000,4095.04000,4086.63000,4092.04000,5246.00000
2026-07-31 01:30:00+00:00,4092.05000,4092.05000,4083.92000,4085.63000,5463.00000
2026-07-31 01:45:00+00:00,4085.43000,4089.45000,4081.98000,4084.35000,5029.00000
2026-07-31 02:00:00+00:00,4084.39000,4090.50000,4081.69000,4085.61000,4747.00000
2026-07-31 02:15:00+00:00,4085.61000,4085.61000,4081.55000,4082.26000,3121.00000
2026-07-31 02:30:00+00:00,4082.16000,4084.35000,4075.38000,4075.52000,4749.00000
2026-07-31 02:45:00+00:00,4075.84000,4078.45000,4074.31000,4076.23000,4162.00000
2026-07-31 03:00:00+00:00,4075.98000,4076.43000,4071.91000,4073.50000,4500.00000
2026-07-31 03:15:00+00:00,4073.60000,4076.13000,4072.30000,4075.27000,4742.00000
2026-07-31 03:30:00+00:00,4075.28000,4079.43000,4075.10000,4076.60000,4269.00000
2026-07-31 03:45:00+00:00,4076.57000,4077.64000,4074.36000,4075.16000,3127.00000
2026-07-31 04:00:00+00:00,4075.14000,4077.07000,4073.44000,4076.90000,3275.00000
2026-07-31 04:15:00+00:00,4076.85000,4080.13000,4074.58000,4080.03000,2948.00000
2026-07-31 04:30:00+00:00,4080.07000,4081.41000,4079.28000,4079.31000,2338.00000
2026-07-31 04:45:00+00:00,4079.25000,4080.11000,4074.79000,4080.05000,2614.00000
2026-07-31 05:00:00+00:00,4080.11000,4083.27000,4079.74000,4079.95000,2930.00000
2026-07-31 05:15:00+00:00,4079.99000,4083.01000,4079.56000,4080.99000,2238.00000
2026-07-31 05:30:00+00:00,4081.17000,4081.78000,4075.94000,4076.52000,4961.00000
2026-07-31 05:45:00+00:00,4076.51000,4076.53000,4073.44000,4074.45000,4446.00000
2026-07-31 06:00:00+00:00,4074.47000,4082.86000,4072.76000,4082.42000,5430.00000
2026-07-31 06:15:00+00:00,4082.45000,4087.51000,4081.17000,4085.02000,5142.00000
2026-07-31 06:30:00+00:00,4085.01000,4085.12000,4077.38000,4078.10000,6009.00000
2026-07-31 06:45:00+00:00,4078.13000,4081.60000,4076.44000,4077.63000,5349.00000
2026-07-31 07:00:00+00:00,4077.64000,4079.14000,4075.47000,4077.64000,5039.00000
2026-07-31 07:15:00+00:00,4077.63000,4079.23000,4071.90000,4072.67000,4758.00000
2026-07-31 07:30:00+00:00,4072.76000,4073.82000,4068.24000,4072.27000,4859.00000
2026-07-31 07:45:00+00:00,4072.35000,4074.40000,4067.64000,4067.77000,4974.00000
2026-07-31 08:00:00+00:00,4067.58000,4067.76000,4061.23000,4062.21000,5928.00000
2026-07-31 08:15:00+00:00,4062.18000,4067.22000,4057.83000,4058.65000,5730.00000
2026-07-31 08:30:00+00:00,4058.64000,4061.64000,4054.23000,4059.37000,5111.00000
2026-07-31 08:45:00+00:00,4059.30000,4064.40000,4057.90000,4061.02000,5320.00000
2026-07-31 09:00:00+00:00,4060.95000,4063.96000,4055.26000,4056.76000,6409.00000
2026-07-31 09:15:00+00:00,4056.85000,4057.38000,4051.36000,4052.45000,5645.00000
2026-07-31 09:30:00+00:00,4052.20000,4054.65000,4050.19000,4053.14000,4777.00000
2026-07-31 09:45:00+00:00,4053.13000,4057.21000,4052.41000,4055.15000,3915.00000
2026-07-31 10:00:00+00:00,4055.10000,4058.38000,4053.30000,4055.97000,4277.00000
2026-07-31 10:15:00+00:00,4056.04000,4056.19000,4052.09000,4053.25000,3585.00000
2026-07-31 10:30:00+00:00,4053.23000,4056.49000,4052.98000,4054.81000,3675.00000
2026-07-31 10:45:00+00:00,4054.82000,4057.11000,4053.73000,4054.50000,3253.00000
2026-07-31 11:00:00+00:00,4054.51000,4059.42000,4052.14000,4057.07000,4113.00000
2026-07-31 11:15:00+00:00,4057.10000,4061.12000,4054.21000,4058.83000,4753.00000
2026-07-31 11:30:00+00:00,4058.81000,4058.81000,4050.78000,4052.11000,4407.00000
2026-07-31 11:45:00+00:00,4052.08000,4055.49000,4051.27000,4053.75000,3456.00000
2026-07-31 12:00:00+00:00,4053.82000,4059.33000,4052.58000,4059.21000,4750.00000
2026-07-31 12:15:00+00:00,4059.05000,4059.34000,4047.11000,4047.32000,5354.00000
2026-07-31 12:30:00+00:00,4047.47000,4051.57000,4042.59000,4044.68000,7011.00000
2026-07-31 12:45:00+00:00,4044.63000,4046.45000,4040.56000,4040.85000,5741.00000
2026-07-31 13:00:00+00:00,4040.64000,4042.74000,4034.74000,4036.27000,8252.00000
2026-07-31 13:15:00+00:00,4036.36000,4046.92000,4035.63000,4042.66000,7983.00000
2026-07-31 13:30:00+00:00,4042.69000,4043.86000,4022.55000,4025.05000,11167.00000
2026-07-31 13:45:00+00:00,4025.13000,4032.21000,4022.06000,4025.24000,11224.00000
2026-07-31 14:00:00+00:00,4025.03000,4032.50000,4021.13000,4032.11000,11045.00000
2026-07-31 14:15:00+00:00,4032.02000,4040.16000,4029.93000,4038.86000,9695.00000
2026-07-31 14:30:00+00:00,4038.99000,4043.08000,4036.75000,4041.51000,9021.00000
2026-07-31 14:45:00+00:00,4041.54000,4050.32000,4041.07000,4049.25000,8730.00000
2026-07-31 15:00:00+00:00,4049.33000,4050.75000,4042.77000,4047.04000,8137.00000
2026-07-31 15:15:00+00:00,4047.08000,4052.48000,4040.19000,4041.27000,7989.00000
2026-07-31 15:30:00+00:00,4041.06000,4043.63000,4036.74000,4042.24000,7216.00000
2026-07-31 15:45:00+00:00,4042.32000,4046.83000,4039.96000,4045.60000,7553.00000
2026-07-31 16:00:00+00:00,4045.61000,4046.95000,4041.37000,4046.36000,6516.00000
2026-07-31 16:15:00+00:00,4046.37000,4048.43000,4043.16000,4047.53000,6219.00000
2026-07-31 16:30:00+00:00,4047.56000,4049.90000,4041.27000,4042.56000,5415.00000
2026-07-31 16:45:00+00:00,4042.53000,4045.12000,4042.20000,4043.37000,4504.00000
2026-07-31 17:00:00+00:00,4043.24000,4046.44000,4041.59000,4045.60000,4323.00000
2026-07-31 17:15:00+00:00,4045.73000,4053.34000,4044.91000,4050.51000,5144.00000
2026-07-31 17:30:00+00:00,4050.72000,4053.33000,4047.71000,4051.94000,5987.00000
2026-07-31 17:45:00+00:00,4051.94000,4054.78000,4050.32000,4053.73000,6336.00000
2026-07-31 18:00:00+00:00,4053.66000,4055.20000,4047.14000,4048.23000,5737.00000
2026-07-31 18:15:00+00:00,4048.22000,4051.75000,4047.71000,4051.10000,4499.00000
2026-07-31 18:30:00+00:00,4051.03000,4051.73000,4047.97000,4049.50000,3318.00000
2026-07-31 18:45:00+00:00,4049.50000,4051.63000,4048.25000,4050.81000,3302.00000
2026-07-31 19:00:00+00:00,4050.85000,4052.94000,4046.98000,4048.06000,3266.00000
2026-07-31 19:15:00+00:00,4048.06000,4050.58000,4047.16000,4050.58000,3456.00000
2026-07-31 19:30:00+00:00,4050.39000,4054.66000,4048.99000,4054.17000,3843.00000
2026-07-31 19:45:00+00:00,4054.18000,4055.59000,4050.17000,4050.88000,6500.00000
2026-07-31 20:00:00+00:00,4050.94000,4051.72000,4045.21000,4047.83000,4504.00000
2026-07-31 20:15:00+00:00,4047.78000,4048.92000,4046.45000,4048.12000,3639.00000
2026-07-31 20:30:00+00:00,4047.67000,4053.04000,4047.32000,4051.21000,3198.00000
2026-07-31 20:45:00+00:00,4051.36000,4052.18000,4042.71000,4044.56000,4569.00000
2026-08-02 22:00:00+00:00,4074.10000,4079.78000,4068.29000,4076.54000,5589.00000
2026-08-02 22:15:00+00:00,4076.55000,4077.30000,4063.94000,4065.96000,5193.00000
2026-08-02 22:30:00+00:00,4065.99000,4068.34000,4064.10000,4066.89000,4209.00000
2026-08-02 22:45:00+00:00,4066.84000,4067.26000,4063.43000,4063.65000,3524.00000
2026-08-02 23:00:00+00:00,4063.66000,4067.02000,4063.21000,4066.52000,3602.00000
2026-08-02 23:15:00+00:00,4066.55000,4072.72000,4066.25000,4072.19000,3359.00000
2026-08-02 23:30:00+00:00,4072.24000,4072.49000,4067.96000,4069.60000,2453.00000
2026-08-02 23:45:00+00:00,4069.59000,4075.05000,4068.25000,4075.05000,4975.00000
2026-08-03 00:00:00+00:00,4074.98000,4079.06000,4070.08000,4072.12000,7023.00000
2026-08-03 00:15:00+00:00,4072.11000,4072.97000,4061.34000,4064.28000,6754.00000
2026-08-03 00:30:00+00:00,4064.04000,4069.95000,4057.00000,4058.27000,7993.00000
2026-08-03 00:45:00+00:00,4058.26000,4060.79000,4055.80000,4057.16000,7107.00000
2026-08-03 01:00:00+00:00,4057.15000,4063.50000,4051.60000,4052.39000,9635.00000
2026-08-03 01:15:00+00:00,4052.45000,4055.18000,4047.46000,4052.93000,7454.00000
2026-08-03 01:30:00+00:00,4052.92000,4057.07000,4047.52000,4051.22000,6547.00000
2026-08-03 01:45:00+00:00,4051.47000,4057.51000,4050.06000,4056.69000,6180.00000
2026-08-03 02:00:00+00:00,4056.73000,4061.02000,4053.35000,4055.81000,5308.00000
2026-08-03 02:15:00+00:00,4055.82000,4060.78000,4052.10000,4058.14000,4121.00000
2026-08-03 02:30:00+00:00,4058.23000,4060.64000,4052.50000,4059.66000,5918.00000
2026-08-03 02:45:00+00:00,4059.43000,4067.03000,4058.51000,4062.52000,4825.00000
2026-08-03 03:00:00+00:00,4062.37000,4065.51000,4061.00000,4064.39000,4397.00000
2026-08-03 03:15:00+00:00,4064.01000,4067.92000,4061.60000,4063.94000,4761.00000
2026-08-03 03:30:00+00:00,4063.87000,4065.01000,4060.66000,4060.69000,3243.00000
2026-08-03 03:45:00+00:00,4060.70000,4066.78000,4059.32000,4065.05000,3254.00000
2026-08-03 04:00:00+00:00,4065.15000,4068.30000,4064.28000,4066.66000,2859.00000
2026-08-03 04:15:00+00:00,4066.65000,4071.04000,4066.15000,4068.27000,2720.00000
2026-08-03 04:30:00+00:00,4068.28000,4071.20000,4068.28000,4070.63000,3118.00000
2026-08-03 04:45:00+00:00,4070.61000,4071.91000,4063.90000,4063.93000,3026.00000
2026-08-03 05:00:00+00:00,4063.82000,4065.34000,4056.75000,4057.51000,4114.00000
2026-08-03 05:15:00+00:00,4057.48000,4062.66000,4054.17000,4060.39000,3453.00000
2026-08-03 05:30:00+00:00,4060.16000,4064.69000,4055.29000,4063.48000,5540.00000
2026-08-03 05:45:00+00:00,4063.47000,4069.98000,4058.86000,4068.97000,4276.00000
2026-08-03 06:00:00+00:00,4069.01000,4071.21000,4065.95000,4066.05000,5394.00000
2026-08-03 06:15:00+00:00,4066.20000,4072.07000,4065.54000,4068.53000,5721.00000
2026-08-03 06:30:00+00:00,4068.58000,4068.96000,4060.49000,4065.54000,5170.00000
2026-08-03 06:45:00+00:00,4065.93000,4066.97000,4062.81000,4063.93000,4473.00000
2026-08-03 07:00:00+00:00,4063.79000,4065.22000,4059.67000,4061.50000,5347.00000
2026-08-03 07:15:00+00:00,4061.38000,4061.93000,4051.99000,4058.11000,6101.00000
2026-08-03 07:30:00+00:00,4058.33000,4061.22000,4056.54000,4059.63000,4321.00000
2026-08-03 07:45:00+00:00,4059.67000,4063.33000,4058.37000,4061.17000,4687.00000
2026-08-03 08:00:00+00:00,4061.15000,4062.22000,4058.44000,4061.78000,5006.00000
2026-08-03 08:15:00+00:00,4061.77000,4062.48000,4054.30000,4056.12000,4546.00000
2026-08-03 08:30:00+00:00,4056.08000,4060.73000,4054.80000,4058.50000,4132.00000
2026-08-03 08:45:00+00:00,4058.60000,4061.06000,4057.70000,4059.51000,3615.00000
2026-08-03 09:00:00+00:00,4059.27000,4062.18000,4057.28000,4061.55000,3814.00000
2026-08-03 09:15:00+00:00,4061.50000,4061.51000,4052.16000,4052.67000,4285.00000
2026-08-03 09:30:00+00:00,4052.88000,4054.86000,4046.61000,4053.64000,5868.00000
2026-08-03 09:45:00+00:00,4053.61000,4058.12000,4053.54000,4055.31000,4529.00000
2026-08-03 10:00:00+00:00,4055.37000,4057.17000,4053.09000,4056.36000,4486.00000
2026-08-03 10:15:00+00:00,4056.34000,4057.04000,4051.96000,4053.53000,4438.00000
2026-08-03 10:30:00+00:00,4053.58000,4053.74000,4048.70000,4049.24000,4173.00000
2026-08-03 10:45:00+00:00,4049.25000,4050.73000,4046.07000,4049.36000,3651.00000
2026-08-03 11:00:00+00:00,4049.38000,4052.92000,4047.89000,4049.82000,4662.00000
2026-08-03 11:15:00+00:00,4049.76000,4049.94000,4045.42000,4048.51000,4183.00000
2026-08-03 11:30:00+00:00,4048.50000,4055.00000,4048.01000,4053.65000,3899.00000
2026-08-03 11:45:00+00:00,4053.63000,4063.13000,4052.70000,4062.54000,5332.00000
2026-08-03 12:00:00+00:00,4062.45000,4064.62000,4054.77000,4055.89000,5409.00000
2026-08-03 12:15:00+00:00,4056.00000,4056.49000,4048.65000,4050.81000,5289.00000
2026-08-03 12:30:00+00:00,4050.87000,4052.90000,4042.29000,4045.03000,5427.00000
2026-08-03 12:45:00+00:00,4044.97000,4048.96000,4043.36000,4047.69000,4534.00000
2026-08-03 13:00:00+00:00,4047.70000,4053.50000,4038.85000,4038.85000,8920.00000
2026-08-03 13:15:00+00:00,4038.84000,4040.47000,4031.52000,4034.29000,8009.00000
2026-08-03 13:30:00+00:00,4034.14000,4035.58000,4019.10000,4032.00000,11015.00000
2026-08-03 13:45:00+00:00,4032.02000,4035.43000,4028.20000,4032.27000,9061.00000
2026-08-03 14:00:00+00:00,4027.74000,4036.18000,4026.71000,4033.26000,9433.00000
2026-08-03 14:15:00+00:00,4033.30000,4036.04000,4030.00000,4032.61000,7466.00000
2026-08-03 14:30:00+00:00,4032.49000,4038.18000,4031.97000,4036.47000,6493.00000
2026-08-03 14:45:00+00:00,4036.52000,4039.34000,4033.76000,4036.32000,5758.00000
2026-08-03 15:00:00+00:00,4036.31000,4037.12000,4030.33000,4033.37000,6497.00000
2026-08-03 15:15:00+00:00,4033.34000,4038.46000,4030.78000,4032.76000,5961.00000
2026-08-03 15:30:00+00:00,4032.90000,4038.88000,4031.08000,4036.83000,5344.00000
2026-08-03 15:45:00+00:00,4036.94000,4040.94000,4035.45000,4036.10000,4405.00000
2026-08-03 16:00:00+00:00,4036.11000,4037.58000,4034.73000,4036.64000,3526.00000
2026-08-03 16:15:00+00:00,4036.57000,4038.68000,4035.02000,4037.05000,3588.00000
2026-08-03 16:30:00+00:00,4037.04000,4039.33000,4035.60000,4038.73000,4109.00000
2026-08-03 16:45:00+00:00,4038.77000,4038.85000,4035.76000,4036.98000,3470.00000
2026-08-03 17:00:00+00:00,4037.13000,4037.62000,4033.34000,4034.33000,3086.00000
2026-08-03 17:15:00+00:00,4034.34000,4037.74000,4033.97000,4034.38000,4047.00000
2026-08-03 17:30:00+00:00,4034.61000,4036.97000,4034.12000,4036.08000,3138.00000
2026-08-03 17:45:00+00:00,4036.14000,4036.44000,4030.32000,4030.61000,3167.00000
2026-08-03 18:00:00+00:00,4030.68000,4038.55000,4029.75000,4035.11000,3802.00000
2026-08-03 18:15:00+00:00,4035.16000,4039.01000,4035.02000,4038.00000,3271.00000
2026-08-03 18:30:00+00:00,4037.97000,4041.51000,4036.61000,4041.49000,2558.00000
2026-08-03 18:45:00+00:00,4041.48000,4044.95000,4040.54000,4043.50000,3080.00000
2026-08-03 19:00:00+00:00,4043.61000,4049.54000,4043.60000,4046.30000,3697.00000
2026-08-03 19:15:00+00:00,4046.28000,4054.33000,4046.28000,4052.98000,4042.00000
2026-08-03 19:30:00+00:00,4053.04000,4055.75000,4052.00000,4054.15000,3801.00000
2026-08-03 19:45:00+00:00,4053.99000,4055.64000,4051.58000,4052.17000,4775.00000
2026-08-03 20:00:00+00:00,4052.12000,4052.91000,4050.26000,4052.59000,2461.00000
2026-08-03 20:15:00+00:00,4052.58000,4055.86000,4051.43000,4054.40000,1633.00000
2026-08-03 20:30:00+00:00,4054.42000,4058.18000,4054.01000,4056.28000,2030.00000
2026-08-03 20:45:00+00:00,4056.48000,4057.22000,4054.49000,4055.38000,1408.00000
2026-08-03 22:00:00+00:00,4044.65000,4054.86000,4044.65000,4051.38000,2012.00000
2026-08-03 22:15:00+00:00,4051.39000,4052.56000,4050.77000,4052.11000,1116.00000
2026-08-03 22:30:00+00:00,4052.04000,4053.53000,4051.74000,4052.91000,1218.00000
2026-08-03 22:45:00+00:00,4052.92000,4053.61000,4051.14000,4052.97000,1953.00000
2026-08-03 23:00:00+00:00,4052.92000,4055.06000,4050.24000,4051.50000,2218.00000
2026-08-03 23:15:00+00:00,4051.48000,4054.69000,4050.63000,4051.71000,2172.00000
2026-08-03 23:30:00+00:00,4051.79000,4052.63000,4051.12000,4052.35000,1297.00000
2026-08-03 23:45:00+00:00,4052.36000,4053.87000,4051.28000,4053.85000,2313.00000
2026-08-04 00:00:00+00:00,4053.84000,4069.33000,4053.15000,4063.73000,5638.00000
2026-08-04 00:15:00+00:00,4063.65000,4064.52000,4058.19000,4059.09000,3750.00000
2026-08-04 00:30:00+00:00,4059.12000,4060.79000,4055.62000,4056.38000,3166.00000
2026-08-04 00:45:00+00:00,4056.44000,4058.08000,4048.75000,4049.33000,4910.00000
2026-08-04 01:00:00+00:00,4049.24000,4050.65000,4042.63000,4046.94000,6600.00000
2026-08-04 01:15:00+00:00,4046.98000,4052.38000,4046.97000,4049.25000,4148.00000
2026-08-04 01:30:00+00:00,4049.33000,4060.19000,4048.44000,4059.21000,5524.00000
2026-08-04 01:45:00+00:00,4059.24000,4061.85000,4056.64000,4058.83000,5162.00000
2026-08-04 02:00:00+00:00,4058.91000,4061.18000,4055.78000,4058.30000,4828.00000
2026-08-04 02:15:00+00:00,4058.31000,4059.85000,4055.87000,4056.81000,3537.00000
2026-08-04 02:30:00+00:00,4056.90000,4065.03000,4055.68000,4061.84000,4834.00000
2026-08-04 02:45:00+00:00,4061.87000,4062.43000,4058.14000,4058.88000,4095.00000
2026-08-04 03:00:00+00:00,4058.70000,4060.64000,4056.47000,4058.23000,3896.00000
2026-08-04 03:15:00+00:00,4058.05000,4061.66000,4057.78000,4057.82000,3617.00000
2026-08-04 03:30:00+00:00,4057.83000,4058.81000,4052.71000,4052.92000,3200.00000
2026-08-04 03:45:00+00:00,4052.91000,4055.52000,4052.18000,4052.52000,1996.00000
2026-08-04 04:00:00+00:00,4052.56000,4056.90000,4051.17000,4056.84000,2207.00000
2026-08-04 04:15:00+00:00,4057.23000,4061.70000,4056.03000,4061.50000,2505.00000
2026-08-04 04:30:00+00:00,4061.54000,4064.22000,4060.62000,4062.80000,2328.00000
2026-08-04 04:45:00+00:00,4062.82000,4066.27000,4062.59000,4063.82000,2421.00000
2026-08-04 05:00:00+00:00,4063.84000,4064.54000,4057.29000,4058.04000,2904.00000
2026-08-04 05:15:00+00:00,4058.00000,4064.03000,4057.42000,4063.33000,2622.00000
2026-08-04 05:30:00+00:00,4063.54000,4067.75000,4059.26000,4062.92000,4899.00000
2026-08-04 05:45:00+00:00,4063.11000,4064.43000,4058.73000,4061.90000,3843.00000
2026-08-04 06:00:00+00:00,4061.91000,4066.29000,4061.80000,4064.28000,4382.00000
2026-08-04 06:15:00+00:00,4064.23000,4065.01000,4059.51000,4059.83000,3699.00000
2026-08-04 06:30:00+00:00,4059.92000,4060.12000,4055.73000,4060.12000,3549.00000
2026-08-04 06:45:00+00:00,4060.07000,4063.78000,4058.85000,4063.57000,3767.00000
2026-08-04 07:00:00+00:00,4063.54000,4065.81000,4060.92000,4061.12000,4177.00000
2026-08-04 07:15:00+00:00,4060.99000,4065.67000,4060.95000,4063.06000,3835.00000
2026-08-04 07:30:00+00:00,4063.00000,4066.73000,4061.50000,4062.92000,4125.00000
2026-08-04 07:45:00+00:00,4062.96000,4066.16000,4062.27000,4065.55000,2893.00000
2026-08-04 08:00:00+00:00,4065.59000,4072.94000,4064.64000,4068.17000,5630.00000
2026-08-04 08:15:00+00:00,4068.15000,4068.72000,4060.36000,4063.43000,4111.00000
2026-08-04 08:30:00+00:00,4063.36000,4064.42000,4058.46000,4059.47000,4437.00000
2026-08-04 08:45:00+00:00,4059.38000,4059.67000,4054.61000,4055.12000,3940.00000
2026-08-04 09:00:00+00:00,4055.08000,4055.41000,4048.56000,4050.73000,4313.00000
2026-08-04 09:15:00+00:00,4050.60000,4052.14000,4048.76000,4050.39000,3810.00000
2026-08-04 09:30:00+00:00,4050.43000,4051.39000,4046.20000,4050.37000,3464.00000
2026-08-04 09:45:00+00:00,4050.39000,4051.04000,4047.48000,4049.90000,2878.00000
2026-08-04 10:00:00+00:00,4049.92000,4049.99000,4047.00000,4049.05000,2924.00000
2026-08-04 10:15:00+00:00,4049.02000,4050.01000,4045.52000,4049.10000,2489.00000
2026-08-04 10:30:00+00:00,4049.23000,4054.02000,4046.48000,4052.73000,3239.00000
2026-08-04 10:45:00+00:00,4052.73000,4060.74000,4052.49000,4053.87000,7160.00000
2026-08-04 11:00:00+00:00,4053.89000,4058.86000,4052.43000,4056.77000,4671.00000
2026-08-04 11:15:00+00:00,4056.89000,4061.07000,4055.60000,4060.91000,3999.00000
2026-08-04 11:30:00+00:00,4061.00000,4070.42000,4060.00000,4069.64000,5906.00000
2026-08-04 11:45:00+00:00,4069.70000,4084.09000,4067.16000,4075.08000,10135.00000
2026-08-04 12:00:00+00:00,4074.99000,4076.11000,4061.13000,4062.16000,7580.00000
2026-08-04 12:15:00+00:00,4062.21000,4070.42000,4061.22000,4068.22000,5771.00000
2026-08-04 12:30:00+00:00,4068.61000,4084.49000,4068.55000,4078.14000,8108.00000
2026-08-04 12:45:00+00:00,4078.18000,4079.40000,4069.51000,4070.94000,6820.00000
2026-08-04 13:00:00+00:00,4071.03000,4071.64000,4061.22000,4063.88000,7391.00000
2026-08-04 13:15:00+00:00,4063.71000,4091.48000,4062.37000,4078.59000,8662.00000
2026-08-04 13:30:00+00:00,4078.92000,4091.76000,4076.10000,4083.49000,10775.00000
2026-08-04 13:45:00+00:00,4083.33000,4093.98000,4081.79000,4084.23000,9292.00000
2026-08-04 14:00:00+00:00,4084.21000,4091.54000,4083.14000,4090.20000,8574.00000
2026-08-04 14:15:00+00:00,4090.18000,4091.96000,4080.78000,4083.89000,8058.00000
2026-08-04 14:30:00+00:00,4083.90000,4086.81000,4074.39000,4080.00000,9188.00000
2026-08-04 14:45:00+00:00,4079.78000,4084.89000,4077.87000,4083.65000,6659.00000
2026-08-04 15:00:00+00:00,4083.50000,4085.71000,4079.75000,4084.18000,5738.00000
2026-08-04 15:15:00+00:00,4084.17000,4084.45000,4074.84000,4078.48000,7100.00000
2026-08-04 15:30:00+00:00,4078.37000,4087.28000,4076.70000,4084.10000,7250.00000
2026-08-04 15:45:00+00:00,4084.05000,4088.85000,4082.85000,4087.39000,5948.00000
2026-08-04 16:00:00+00:00,4087.41000,4088.61000,4084.47000,4085.17000,5351.00000
2026-08-04 16:15:00+00:00,4085.16000,4089.88000,4083.15000,4087.71000,4758.00000
2026-08-04 16:30:00+00:00,4087.57000,4089.47000,4084.99000,4089.18000,3929.00000
2026-08-04 16:45:00+00:00,4089.22000,4093.67000,4088.78000,4093.40000,4087.00000
2026-08-04 17:00:00+00:00,4093.35000,4106.32000,4092.43000,4100.05000,6851.00000
2026-08-04 17:15:00+00:00,4100.13000,4101.24000,4094.41000,4094.78000,5364.00000
2026-08-04 17:30:00+00:00,4094.68000,4096.21000,4091.80000,4095.50000,3973.00000
2026-08-04 17:45:00+00:00,4095.57000,4096.55000,4086.02000,4086.14000,4484.00000
2026-08-04 18:00:00+00:00,4086.13000,4088.97000,4084.99000,4088.75000,4746.00000
2026-08-04 18:15:00+00:00,4088.62000,4088.85000,4084.42000,4084.69000,3874.00000
2026-08-04 18:30:00+00:00,4084.71000,4085.78000,4076.26000,4076.60000,4747.00000
2026-08-04 18:45:00+00:00,4076.61000,4081.28000,4075.23000,4079.91000,3974.00000
2026-08-04 19:00:00+00:00,4079.97000,4084.29000,4078.82000,4081.78000,3571.00000
2026-08-04 19:15:00+00:00,4081.87000,4084.86000,4079.46000,4080.28000,3854.00000
2026-08-04 19:30:00+00:00,4080.19000,4082.56000,4078.93000,4081.45000,3241.00000
2026-08-04 19:45:00+00:00,4081.39000,4082.28000,4076.36000,4078.56000,4410.00000
2026-08-04 20:00:00+00:00,4078.60000,4080.35000,4078.39000,4079.09000,3000.00000
2026-08-04 20:15:00+00:00,4078.79000,4078.95000,4074.68000,4075.47000,3212.00000
2026-08-04 20:30:00+00:00,4075.42000,4078.58000,4075.35000,4077.62000,2180.00000
2026-08-04 20:45:00+00:00,4077.57000,4078.16000,4076.05000,4077.29000,1782.00000
2026-08-04 22:00:00+00:00,4077.94000,4080.46000,4076.55000,4077.04000,1645.00000
2026-08-04 22:15:00+00:00,4076.95000,4079.88000,4075.84000,4079.81000,2213.00000
2026-08-04 22:30:00+00:00,4079.81000,4085.85000,4079.34000,4084.04000,2410.00000
2026-08-04 22:45:00+00:00,4084.01000,4084.57000,4075.70000,4075.71000,3028.00000
2026-08-04 23:00:00+00:00,4076.04000,4077.12000,4068.57000,4073.52000,4438.00000
2026-08-04 23:15:00+00:00,4073.58000,4074.82000,4065.41000,4067.23000,2980.00000
2026-08-04 23:30:00+00:00,4067.22000,4070.05000,4065.99000,4069.26000,2401.00000
2026-08-04 23:45:00+00:00,4069.27000,4073.58000,4069.22000,4072.58000,2391.00000
2026-08-05 00:00:00+00:00,4072.70000,4074.22000,4070.49000,4071.83000,3873.00000
2026-08-05 00:15:00+00:00,4071.86000,4078.97000,4071.48000,4078.67000,3405.00000
2026-08-05 00:30:00+00:00,4078.75000,4083.02000,4078.15000,4078.26000,3366.00000
2026-08-05 00:45:00+00:00,4078.34000,4083.54000,4077.84000,4082.49000,3317.00000
2026-08-05 01:00:00+00:00,4082.19000,4086.96000,4077.67000,4085.88000,6480.00000
2026-08-05 01:15:00+00:00,4085.89000,4088.66000,4082.76000,4084.71000,5187.00000
2026-08-05 01:30:00+00:00,4084.60000,4093.17000,4080.03000,4093.08000,5413.00000
2026-08-05 01:45:00+00:00,4093.09000,4102.62000,4092.79000,4101.42000,4468.00000
2026-08-05 02:00:00+00:00,4101.44000,4102.90000,4096.53000,4099.85000,5017.00000
2026-08-05 02:15:00+00:00,4100.20000,4108.43000,4095.54000,4103.59000,5474.00000
2026-08-05 02:30:00+00:00,4104.04000,4128.76000,4101.56000,4128.24000,9500.00000
2026-08-05 02:45:00+00:00,4128.53000,4135.30000,4124.69000,4129.23000,8195.00000
2026-08-05 03:00:00+00:00,4129.19000,4136.14000,4127.01000,4135.84000,6218.00000
2026-08-05 03:15:00+00:00,4135.89000,4136.54000,4129.95000,4130.48000,4911.00000
2026-08-05 03:30:00+00:00,4130.22000,4130.84000,4127.62000,4128.62000,4229.00000
2026-08-05 03:45:00+00:00,4128.58000,4130.31000,4127.58000,4128.34000,2689.00000
2026-08-05 04:00:00+00:00,4128.31000,4141.43000,4128.30000,4138.61000,4910.00000
2026-08-05 04:15:00+00:00,4138.68000,4141.14000,4137.88000,4138.63000,3135.00000
2026-08-05 04:30:00+00:00,4138.86000,4138.86000,4133.34000,4134.60000,3216.00000
2026-08-05 04:45:00+00:00,4134.46000,4136.16000,4132.57000,4135.58000,2778.00000
2026-08-05 05:00:00+00:00,4135.52000,4138.22000,4134.82000,4137.33000,3539.00000
2026-08-05 05:15:00+00:00,4137.33000,4142.12000,4135.68000,4139.65000,3967.00000
2026-08-05 05:30:00+00:00,4139.91000,4159.37000,4139.91000,4157.50000,8962.00000
2026-08-05 05:45:00+00:00,4157.49000,4173.01000,4157.21000,4161.56000,9329.00000
2026-08-05 06:00:00+00:00,4161.59000,4174.30000,4160.22000,4173.27000,7063.00000
2026-08-05 06:15:00+00:00,4173.22000,4173.44000,4161.25000,4168.81000,6728.00000
2026-08-05 06:30:00+00:00,4168.68000,4178.36000,4167.10000,4175.75000,6931.00000
2026-08-05 06:45:00+00:00,4175.78000,4178.49000,4172.59000,4177.70000,6146.00000
2026-08-05 07:00:00+00:00,4177.80000,4179.54000,4166.28000,4166.38000,7315.00000
2026-08-05 07:15:00+00:00,4166.40000,4169.39000,4163.28000,4164.37000,5892.00000
2026-08-05 07:30:00+00:00,4164.42000,4166.90000,4162.39000,4166.69000,5412.00000
2026-08-05 07:45:00+00:00,4166.75000,4172.13000,4164.24000,4170.92000,4511.00000
2026-08-05 08:00:00+00:00,4170.87000,4172.72000,4164.94000,4165.49000,4948.00000
2026-08-05 08:15:00+00:00,4165.50000,4168.17000,4162.04000,4164.61000,5428.00000
2026-08-05 08:30:00+00:00,4164.62000,4167.25000,4161.58000,4166.32000,5457.00000
2026-08-05 08:45:00+00:00,4166.07000,4166.31000,4159.03000,4160.46000,4955.00000
2026-08-05 09:00:00+00:00,4160.62000,4167.29000,4160.44000,4163.04000,5497.00000
2026-08-05 09:15:00+00:00,4163.01000,4163.01000,4155.20000,4157.69000,5269.00000
2026-08-05 09:30:00+00:00,4157.72000,4159.25000,4154.56000,4158.12000,5199.00000
2026-08-05 09:45:00+00:00,4158.11000,4159.16000,4153.07000,4158.03000,4045.00000
2026-08-05 10:00:00+00:00,4158.01000,4158.01000,4150.33000,4151.15000,3916.00000
2026-08-05 10:15:00+00:00,4151.22000,4158.48000,4150.20000,4156.80000,4272.00000
2026-08-05 10:30:00+00:00,4156.81000,4157.85000,4153.84000,4155.12000,3702.00000
2026-08-05 10:45:00+00:00,4155.13000,4161.45000,4154.15000,4161.43000,4293.00000
2026-08-05 11:00:00+00:00,4161.43000,4171.03000,4160.83000,4170.92000,5518.00000
2026-08-05 11:15:00+00:00,4170.92000,4180.58000,4169.09000,4176.10000,5691.00000
2026-08-05 11:30:00+00:00,4176.18000,4188.60000,4174.14000,4184.83000,7911.00000
2026-08-05 11:45:00+00:00,4184.85000,4192.61000,4182.95000,4188.86000,6586.00000
2026-08-05 12:00:00+00:00,4188.89000,4199.86000,4188.89000,4197.43000,7593.00000
2026-08-05 12:15:00+00:00,4197.55000,4213.51000,4197.47000,4205.28000,8331.00000
2026-08-05 12:30:00+00:00,4205.49000,4208.99000,4192.84000,4194.67000,8148.00000
2026-08-05 12:45:00+00:00,4194.72000,4195.73000,4183.32000,4183.98000,7565.00000
2026-08-05 13:00:00+00:00,4183.92000,4197.07000,4183.75000,4188.01000,8462.00000
2026-08-05 13:15:00+00:00,4188.00000,4198.05000,4185.74000,4197.08000,7646.00000
2026-08-05 13:30:00+00:00,4197.07000,4204.60000,4192.67000,4197.77000,10642.00000
2026-08-05 13:45:00+00:00,4198.03000,4206.77000,4189.70000,4206.20000,9956.00000
2026-08-05 14:00:00+00:00,4204.91000,4234.90000,4203.55000,4229.56000,11735.00000
2026-08-05 14:15:00+00:00,4229.55000,4240.51000,4226.82000,4236.97000,11252.00000
2026-08-05 14:30:00+00:00,4236.80000,4243.42000,4228.84000,4243.20000,10887.00000
2026-08-05 14:45:00+00:00,4243.42000,4247.61000,4233.35000,4244.22000,10607.00000
2026-08-05 15:00:00+00:00,4244.21000,4260.87000,4242.92000,4258.05000,10695.00000
2026-08-05 15:15:00+00:00,4258.04000,4265.19000,4250.11000,4257.39000,9560.00000
2026-08-05 15:30:00+00:00,4257.34000,4259.79000,4252.42000,4255.86000,8229.00000
2026-08-05 15:45:00+00:00,4255.84000,4255.85000,4232.35000,4232.83000,9753.00000
2026-08-05 16:00:00+00:00,4232.84000,4236.21000,4224.76000,4234.39000,9078.00000
2026-08-05 16:15:00+00:00,4234.40000,4241.75000,4232.76000,4241.45000,7452.00000
2026-08-05 16:30:00+00:00,4241.51000,4247.02000,4239.08000,4244.68000,6724.00000
2026-08-05 16:45:00+00:00,4244.92000,4247.38000,4238.32000,4242.33000,6411.00000
2026-08-05 17:00:00+00:00,4242.42000,4244.31000,4239.39000,4242.09000,6751.00000
2026-08-05 17:15:00+00:00,4242.07000,4246.53000,4236.91000,4244.78000,7217.00000
2026-08-05 17:30:00+00:00,4244.59000,4250.81000,4240.94000,4248.34000,6594.00000
2026-08-05 17:45:00+00:00,4248.28000,4252.44000,4247.57000,4250.35000,5091.00000
2026-08-05 18:00:00+00:00,4250.00000,4257.59000,4249.26000,4253.29000,5911.00000
2026-08-05 18:15:00+00:00,4253.24000,4267.62000,4253.07000,4263.07000,6183.00000
2026-08-05 18:30:00+00:00,4262.91000,4263.71000,4254.71000,4259.40000,5235.00000
2026-08-05 18:45:00+00:00,4259.41000,4263.60000,4258.10000,4260.92000,4442.00000
2026-08-05 19:00:00+00:00,4260.87000,4262.16000,4256.20000,4258.19000,4930.00000
2026-08-05 19:15:00+00:00,4258.31000,4258.31000,4250.59000,4252.91000,5048.00000
2026-08-05 19:30:00+00:00,4252.93000,4254.18000,4248.46000,4253.24000,5304.00000
2026-08-05 19:45:00+00:00,4253.15000,4253.47000,4246.41000,4247.12000,6264.00000
2026-08-05 20:00:00+00:00,4247.05000,4249.64000,4246.77000,4249.19000,3459.00000
2026-08-05 20:15:00+00:00,4249.31000,4249.69000,4245.63000,4246.27000,2380.00000
2026-08-05 20:30:00+00:00,4246.24000,4249.51000,4245.09000,4245.41000,1846.00000
2026-08-05 20:45:00+00:00,4245.42000,4246.99000,4243.01000,4246.83000,1736.00000
2026-08-05 22:00:00+00:00,4245.38000,4254.21000,4244.52000,4247.69000,3099.00000
2026-08-05 22:15:00+00:00,4247.58000,4248.97000,4246.91000,4248.12000,2192.00000
2026-08-05 22:30:00+00:00,4248.13000,4250.33000,4247.56000,4248.30000,1714.00000
2026-08-05 22:45:00+00:00,4248.20000,4250.42000,4247.82000,4250.05000,1724.00000
2026-08-05 23:00:00+00:00,4250.23000,4258.32000,4249.14000,4256.24000,2628.00000
2026-08-05 23:15:00+00:00,4256.19000,4264.16000,4256.06000,4263.50000,3057.00000
2026-08-05 23:30:00+00:00,4263.53000,4281.95000,4261.13000,4280.73000,5706.00000
2026-08-05 23:45:00+00:00,4280.69000,4280.76000,4272.27000,4278.14000,5271.00000
2026-08-06 00:00:00+00:00,4278.16000,4278.16000,4264.59000,4270.81000,7610.00000
2026-08-06 00:15:00+00:00,4270.86000,4284.60000,4270.85000,4274.08000,7672.00000
2026-08-06 00:30:00+00:00,4273.88000,4291.10000,4273.88000,4286.50000,7049.00000
2026-08-06 00:45:00+00:00,4286.81000,4300.33000,4286.18000,4294.75000,6979.00000
2026-08-06 01:00:00+00:00,4294.80000,4302.91000,4280.29000,4284.78000,10577.00000
2026-08-06 01:15:00+00:00,4284.78000,4288.02000,4273.03000,4276.16000,8860.00000
2026-08-06 01:30:00+00:00,4276.13000,4297.22000,4275.90000,4287.78000,8765.00000
2026-08-06 01:45:00+00:00,4287.83000,4297.39000,4283.09000,4286.50000,8131.00000
2026-08-06 02:00:00+00:00,4286.29000,4304.09000,4283.49000,4295.19000,7617.00000
2026-08-06 02:15:00+00:00,4295.11000,4300.02000,4291.91000,4292.21000,4680.00000
2026-08-06 02:30:00+00:00,4292.11000,4292.36000,4281.11000,4285.81000,7058.00000
2026-08-06 02:45:00+00:00,4285.86000,4287.20000,4275.05000,4278.65000,6664.00000
2026-08-06 03:00:00+00:00,4278.67000,4280.98000,4273.79000,4274.00000,5892.00000
2026-08-06 03:15:00+00:00,4273.96000,4273.96000,4260.83000,4266.21000,7459.00000
2026-08-06 03:30:00+00:00,4266.00000,4266.91000,4261.49000,4262.85000,4420.00000
2026-08-06 03:45:00+00:00,4262.89000,4265.83000,4260.43000,4265.76000,3818.00000
2026-08-06 04:00:00+00:00,4265.57000,4267.25000,4262.19000,4263.38000,4159.00000
2026-08-06 04:15:00+00:00,4263.42000,4263.91000,4253.02000,4255.43000,4002.00000
2026-08-06 04:30:00+00:00,4255.40000,4261.16000,4255.40000,4259.09000,4331.00000
2026-08-06 04:45:00+00:00,4259.13000,4263.03000,4258.34000,4262.26000,2965.00000
2026-08-06 05:00:00+00:00,4262.11000,4265.38000,4256.53000,4259.57000,4666.00000
2026-08-06 05:15:00+00:00,4259.50000,4259.56000,4252.95000,4253.94000,4229.00000
2026-08-06 05:30:00+00:00,4253.98000,4266.04000,4247.24000,4263.78000,7720.00000
2026-08-06 05:45:00+00:00,4263.81000,4268.64000,4262.16000,4267.32000,5635.00000
2026-08-06 06:00:00+00:00,4267.30000,4268.59000,4256.68000,4260.60000,6426.00000
2026-08-06 06:15:00+00:00,4260.44000,4261.34000,4254.50000,4257.60000,5511.00000
2026-08-06 06:30:00+00:00,4257.59000,4258.05000,4249.35000,4256.78000,5558.00000
2026-08-06 06:45:00+00:00,4256.80000,4258.15000,4251.11000,4256.17000,5787.00000
2026-08-06 07:00:00+00:00,4256.20000,4263.78000,4253.32000,4263.25000,5060.00000
2026-08-06 07:15:00+00:00,4263.24000,4265.36000,4258.33000,4261.96000,3963.00000
2026-08-06 07:30:00+00:00,4261.92000,4262.04000,4254.78000,4254.97000,3697.00000
2026-08-06 07:45:00+00:00,4255.11000,4262.96000,4252.60000,4262.81000,4792.00000
2026-08-06 08:00:00+00:00,4262.82000,4269.43000,4260.27000,4268.97000,4880.00000
2026-08-06 08:15:00+00:00,4268.80000,4270.63000,4263.60000,4267.95000,5082.00000
2026-08-06 08:30:00+00:00,4267.87000,4274.97000,4266.45000,4273.20000,4860.00000
2026-08-06 08:45:00+00:00,4273.30000,4278.86000,4270.46000,4278.25000,5362.00000
2026-08-06 09:00:00+00:00,4278.24000,4283.68000,4276.03000,4279.86000,5718.00000
2026-08-06 09:15:00+00:00,4280.06000,4284.74000,4278.54000,4283.37000,4521.00000
2026-08-06 09:30:00+00:00,4283.36000,4284.27000,4271.93000,4271.96000,4829.00000
2026-08-06 09:45:00+00:00,4272.05000,4276.26000,4271.38000,4273.13000,3627.00000
2026-08-06 10:00:00+00:00,4273.08000,4273.66000,4268.68000,4269.59000,4650.00000
2026-08-06 10:15:00+00:00,4269.60000,4271.00000,4267.27000,4269.29000,3910.00000
2026-08-06 10:30:00+00:00,4269.30000,4269.83000,4264.77000,4265.37000,3890.00000
2026-08-06 10:45:00+00:00,4265.45000,4271.50000,4264.70000,4270.79000,4049.00000
2026-08-06 11:00:00+00:00,4270.79000,4273.36000,4266.63000,4269.08000,5869.00000
2026-08-06 11:15:00+00:00,4269.16000,4271.42000,4260.24000,4264.19000,5193.00000
2026-08-06 11:30:00+00:00,4264.28000,4266.96000,4259.81000,4260.70000,4940.00000
2026-08-06 11:45:00+00:00,4260.81000,4263.52000,4254.20000,4263.43000,6592.00000
2026-08-06 12:00:00+00:00,4263.41000,4265.75000,4255.52000,4256.27000,6070.00000
2026-08-06 12:15:00+00:00,4256.30000,4262.90000,4253.32000,4261.66000,6285.00000
2026-08-06 12:30:00+00:00,4261.72000,4270.80000,4258.10000,4267.12000,6867.00000
2026-08-06 12:45:00+00:00,4267.43000,4267.66000,4249.24000,4250.17000,7571.00000
2026-08-06 13:00:00+00:00,4250.16000,4255.78000,4230.55000,4238.44000,9738.00000
2026-08-06 13:15:00+00:00,4238.40000,4248.24000,4235.98000,4247.68000,7691.00000
2026-08-06 13:30:00+00:00,4247.75000,4274.18000,4245.86000,4270.40000,10593.00000
2026-08-06 13:45:00+00:00,4270.26000,4270.33000,4262.41000,4267.17000,9691.00000
2026-08-06 14:00:00+00:00,4267.27000,4275.29000,4263.99000,4268.14000,9705.00000
2026-08-06 14:15:00+00:00,4268.16000,4269.01000,4260.05000,4265.50000,8942.00000
2026-08-06 14:30:00+00:00,4266.20000,4274.82000,4265.91000,4273.62000,8539.00000
2026-08-06 14:45:00+00:00,4273.63000,4275.35000,4262.86000,4273.04000,8310.00000
2026-08-06 15:00:00+00:00,4273.06000,4274.34000,4262.03000,4263.76000,8630.00000
2026-08-06 15:15:00+00:00,4263.74000,4263.86000,4250.66000,4254.90000,8738.00000
2026-08-06 15:30:00+00:00,4254.89000,4255.58000,4246.45000,4251.55000,6988.00000
2026-08-06 15:45:00+00:00,4251.53000,4251.56000,4229.03000,4233.62000,8676.00000
2026-08-06 16:00:00+00:00,4233.67000,4243.11000,4231.00000,4232.86000,9224.00000
2026-08-06 16:15:00+00:00,4232.76000,4233.13000,4223.48000,4230.20000,9074.00000
2026-08-06 16:30:00+00:00,4230.15000,4236.16000,4230.12000,4233.50000,7311.00000
2026-08-06 16:45:00+00:00,4233.52000,4242.59000,4231.80000,4241.50000,6229.00000
2026-08-06 17:00:00+00:00,4241.57000,4244.61000,4239.47000,4241.03000,5193.00000
2026-08-06 17:15:00+00:00,4241.11000,4242.74000,4238.50000,4241.72000,5519.00000
2026-08-06 17:30:00+00:00,4241.10000,4243.60000,4238.61000,4242.01000,4808.00000
2026-08-06 17:45:00+00:00,4242.06000,4248.15000,4240.45000,4247.27000,4375.00000
2026-08-06 18:00:00+00:00,4247.35000,4249.14000,4244.20000,4246.95000,4100.00000
2026-08-06 18:15:00+00:00,4247.01000,4249.72000,4246.15000,4246.79000,4047.00000
2026-08-06 18:30:00+00:00,4246.80000,4247.83000,4240.72000,4241.87000,3562.00000
2026-08-06 18:45:00+00:00,4241.93000,4245.70000,4240.78000,4243.48000,3058.00000
2026-08-06 19:00:00+00:00,4243.54000,4251.31000,4243.01000,4247.47000,4167.00000
2026-08-06 19:15:00+00:00,4247.39000,4248.60000,4235.24000,4237.44000,5268.00000
2026-08-06 19:30:00+00:00,4237.41000,4239.62000,4233.09000,4234.63000,5376.00000
2026-08-06 19:45:00+00:00,4234.65000,4250.67000,4234.65000,4248.95000,6094.00000
2026-08-06 20:00:00+00:00,4248.84000,4250.21000,4242.91000,4244.57000,3298.00000
2026-08-06 20:15:00+00:00,4244.81000,4245.65000,4240.01000,4241.99000,2317.00000
2026-08-06 20:30:00+00:00,4242.00000,4242.57000,4235.14000,4235.39000,2273.00000
2026-08-06 20:45:00+00:00,4235.19000,4241.95000,4234.71000,4240.54000,2373.00000
2026-08-06 22:00:00+00:00,4237.03000,4241.62000,4235.90000,4239.05000,1597.00000
2026-08-06 22:15:00+00:00,4239.00000,4243.50000,4238.99000,4242.42000,1888.00000
2026-08-06 22:30:00+00:00,4242.41000,4243.45000,4239.10000,4239.40000,1861.00000
2026-08-06 22:45:00+00:00,4239.39000,4242.88000,4238.90000,4240.83000,1261.00000
2026-08-06 23:00:00+00:00,4240.56000,4245.75000,4240.27000,4245.29000,1802.00000
2026-08-06 23:15:00+00:00,4245.19000,4246.14000,4243.06000,4245.24000,1626.00000
2026-08-06 23:30:00+00:00,4245.31000,4248.78000,4244.94000,4246.63000,1668.00000
2026-08-06 23:45:00+00:00,4246.67000,4253.26000,4245.80000,4252.41000,3672.00000
2026-08-07 00:00:00+00:00,4252.34000,4252.89000,4243.41000,4244.88000,4382.00000
2026-08-07 00:15:00+00:00,4244.90000,4246.25000,4239.19000,4243.99000,5430.00000
2026-08-07 00:30:00+00:00,4244.09000,4244.09000,4230.28000,4234.83000,5823.00000
2026-08-07 00:45:00+00:00,4234.81000,4236.96000,4229.74000,4232.89000,5773.00000
2026-08-07 01:00:00+00:00,4232.95000,4246.80000,4231.90000,4244.26000,7958.00000
2026-08-07 01:15:00+00:00,4244.40000,4250.24000,4240.26000,4243.43000,7299.00000
2026-08-07 01:30:00+00:00,4243.46000,4258.65000,4239.26000,4256.78000,8209.00000
2026-08-07 01:45:00+00:00,4256.74000,4259.35000,4251.99000,4256.77000,7634.00000
2026-08-07 02:00:00+00:00,4256.75000,4261.70000,4256.12000,4258.79000,6411.00000
2026-08-07 02:15:00+00:00,4258.78000,4261.30000,4257.60000,4260.92000,3117.00000
2026-08-07 02:30:00+00:00,4260.94000,4261.61000,4249.87000,4249.90000,5814.00000
2026-08-07 02:45:00+00:00,4249.80000,4256.03000,4247.16000,4250.34000,5442.00000
2026-08-07 03:00:00+00:00,4250.24000,4259.43000,4249.70000,4254.80000,5003.00000
2026-08-07 03:15:00+00:00,4254.81000,4258.87000,4251.75000,4258.76000,5114.00000
2026-08-07 03:30:00+00:00,4258.74000,4261.27000,4257.72000,4260.77000,2885.00000
2026-08-07 03:45:00+00:00,4260.82000,4266.26000,4259.28000,4266.10000,3085.00000
2026-08-07 04:00:00+00:00,4266.17000,4269.13000,4262.23000,4266.02000,4594.00000
2026-08-07 04:15:00+00:00,4266.01000,4268.36000,4261.93000,4265.00000,3973.00000
2026-08-07 04:30:00+00:00,4265.15000,4268.51000,4260.71000,4263.99000,4072.00000
2026-08-07 04:45:00+00:00,4264.06000,4267.28000,4262.36000,4264.98000,2327.00000
2026-08-07 05:00:00+00:00,4264.95000,4271.25000,4261.99000,4269.32000,4975.00000
2026-08-07 05:15:00+00:00,4269.29000,4270.72000,4264.76000,4266.68000,3959.00000
2026-08-07 05:30:00+00:00,4266.66000,4277.43000,4265.94000,4271.51000,6525.00000
2026-08-07 05:45:00+00:00,4271.62000,4280.59000,4271.51000,4278.70000,6107.00000
2026-08-07 06:00:00+00:00,4278.71000,4291.27000,4278.54000,4286.73000,6460.00000
2026-08-07 06:15:00+00:00,4286.62000,4291.32000,4283.20000,4283.37000,7085.00000
2026-08-07 06:30:00+00:00,4283.38000,4295.14000,4280.14000,4292.21000,6847.00000
2026-08-07 06:45:00+00:00,4292.08000,4298.70000,4288.76000,4297.18000,6676.00000
2026-08-07 07:00:00+00:00,4297.05000,4297.85000,4290.30000,4291.27000,5590.00000
2026-08-07 07:15:00+00:00,4291.26000,4292.64000,4284.77000,4285.47000,5489.00000
2026-08-07 07:30:00+00:00,4285.27000,4288.73000,4283.86000,4285.13000,4926.00000
2026-08-07 07:45:00+00:00,4285.09000,4291.17000,4282.91000,4290.12000,4872.00000
2026-08-07 08:00:00+00:00,4290.27000,4300.60000,4289.15000,4299.79000,5861.00000
2026-08-07 08:15:00+00:00,4299.80000,4300.73000,4293.14000,4294.85000,5571.00000
2026-08-07 08:30:00+00:00,4294.95000,4316.70000,4294.14000,4309.09000,7117.00000
2026-08-07 08:45:00+00:00,4309.05000,4311.42000,4303.32000,4306.09000,5598.00000
2026-08-07 09:00:00+00:00,4306.18000,4307.24000,4304.61000,4306.02000,4982.00000
2026-08-07 09:15:00+00:00,4305.99000,4311.00000,4304.80000,4306.71000,4895.00000
2026-08-07 09:30:00+00:00,4306.78000,4318.45000,4302.23000,4317.40000,6066.00000
2026-08-07 09:45:00+00:00,4317.50000,4320.38000,4314.45000,4316.15000,6345.00000
2026-08-07 10:00:00+00:00,4316.12000,4319.37000,4308.14000,4308.25000,5231.00000
2026-08-07 10:15:00+00:00,4308.27000,4314.41000,4308.23000,4313.75000,4755.00000
2026-08-07 10:30:00+00:00,4313.81000,4318.33000,4313.23000,4316.90000,4488.00000
2026-08-07 10:45:00+00:00,4317.01000,4320.71000,4316.36000,4316.92000,5118.00000
2026-08-07 11:00:00+00:00,4316.93000,4326.17000,4316.88000,4320.28000,6285.00000
2026-08-07 11:15:00+00:00,4320.10000,4327.30000,4317.10000,4325.12000,6234.00000
2026-08-07 11:30:00+00:00,4325.07000,4327.69000,4320.95000,4322.85000,5819.00000
2026-08-07 11:45:00+00:00,4322.84000,4327.04000,4320.87000,4321.25000,5336.00000
2026-08-07 12:00:00+00:00,4320.99000,4325.33000,4314.80000,4315.04000,6581.00000
2026-08-07 12:15:00+00:00,4314.97000,4317.20000,4300.74000,4307.46000,7489.00000
2026-08-07 12:30:00+00:00,4307.50000,4370.64000,4307.50000,4367.15000,12806.00000
2026-08-07 12:45:00+00:00,4367.13000,4371.78000,4355.82000,4361.30000,11045.00000
2026-08-07 13:00:00+00:00,4361.39000,4363.82000,4346.03000,4347.90000,10758.00000
2026-08-07 13:15:00+00:00,4347.88000,4358.09000,4339.12000,4356.41000,9753.00000
2026-08-07 13:30:00+00:00,4356.44000,4368.00000,4350.39000,4358.55000,11603.00000
2026-08-07 13:45:00+00:00,4358.46000,4359.86000,4342.01000,4348.24000,11032.00000
2026-08-07 14:00:00+00:00,4348.30000,4349.02000,4327.55000,4334.55000,12274.00000
2026-08-07 14:15:00+00:00,4334.62000,4352.83000,4330.57000,4348.96000,11377.00000
2026-08-07 14:30:00+00:00,4349.30000,4350.67000,4342.51000,4344.30000,10059.00000
2026-08-07 14:45:00+00:00,4344.41000,4349.00000,4340.44000,4341.49000,9602.00000
2026-08-07 15:00:00+00:00,4341.54000,4355.97000,4340.40000,4355.35000,9479.00000
2026-08-07 15:15:00+00:00,4355.32000,4358.32000,4351.07000,4351.31000,8783.00000
2026-08-07 15:30:00+00:00,4351.28000,4353.93000,4347.13000,4349.56000,8722.00000
2026-08-07 15:45:00+00:00,4349.55000,4351.83000,4339.76000,4340.96000,8134.00000
2026-08-07 16:00:00+00:00,4341.19000,4349.51000,4338.45000,4347.53000,8071.00000
2026-08-07 16:15:00+00:00,4347.47000,4349.31000,4334.39000,4337.55000,8948.00000
2026-08-07 16:30:00+00:00,4337.25000,4342.10000,4332.68000,4338.71000,8415.00000
2026-08-07 16:45:00+00:00,4338.72000,4342.13000,4329.17000,4329.17000,8305.00000
2026-08-07 17:00:00+00:00,4329.19000,4338.37000,4327.25000,4335.63000,7313.00000
2026-08-07 17:15:00+00:00,4335.54000,4342.21000,4333.85000,4339.59000,7350.00000
2026-08-07 17:30:00+00:00,4339.54000,4340.01000,4329.89000,4336.39000,7274.00000
2026-08-07 17:45:00+00:00,4336.34000,4343.15000,4334.98000,4340.28000,5889.00000
2026-08-07 18:00:00+00:00,4340.17000,4342.96000,4334.91000,4334.98000,5192.00000
2026-08-07 18:15:00+00:00,4335.07000,4337.95000,4331.96000,4334.41000,5520.00000
2026-08-07 18:30:00+00:00,4334.53000,4338.99000,4333.47000,4334.30000,4302.00000
2026-08-07 18:45:00+00:00,4334.32000,4337.47000,4333.07000,4335.47000,3934.00000
2026-08-07 19:00:00+00:00,4335.32000,4345.81000,4335.32000,4343.66000,6689.00000
2026-08-07 19:15:00+00:00,4343.65000,4350.40000,4343.12000,4348.70000,6699.00000
2026-08-07 19:30:00+00:00,4348.67000,4348.94000,4344.37000,4347.96000,5795.00000
2026-08-07 19:45:00+00:00,4347.97000,4349.51000,4340.19000,4344.02000,6825.00000
2026-08-07 20:00:00+00:00,4343.66000,4345.26000,4338.06000,4342.47000,3401.00000
2026-08-07 20:15:00+00:00,4342.50000,4342.91000,4337.21000,4337.81000,2445.00000
2026-08-07 20:30:00+00:00,4337.80000,4342.20000,4335.97000,4341.42000,2423.00000
2026-08-07 20:45:00+00:00,4341.33000,4343.02000,4338.89000,4341.87000,2604.00000
2026-08-09 22:00:00+00:00,4348.65000,4350.48000,4332.85000,4343.71000,4493.00000
2026-08-09 22:15:00+00:00,4343.72000,4344.88000,4338.51000,4343.79000,3541.00000
2026-08-09 22:30:00+00:00,4343.82000,4345.26000,4340.09000,4340.59000,2584.00000
2026-08-09 22:45:00+00:00,4340.41000,4344.22000,4340.21000,4341.64000,1671.00000
2026-08-09 23:00:00+00:00,4341.67000,4347.64000,4341.20000,4346.61000,2716.00000
2026-08-09 23:15:00+00:00,4346.62000,4349.07000,4344.11000,4346.45000,1971.00000
2026-08-09 23:30:00+00:00,4346.44000,4347.49000,4340.10000,4342.31000,2810.00000
2026-08-09 23:45:00+00:00,4342.34000,4343.36000,4332.20000,4332.85000,4155.00000
2026-08-10 00:00:00+00:00,4332.93000,4347.14000,4332.71000,4344.33000,7153.00000
2026-08-10 00:15:00+00:00,4344.36000,4345.67000,4337.36000,4337.67000,6519.00000
2026-08-10 00:30:00+00:00,4337.66000,4339.34000,4333.71000,4334.46000,5982.00000
2026-08-10 00:45:00+00:00,4334.47000,4337.51000,4330.84000,4332.21000,5544.00000
2026-08-10 01:00:00+00:00,4332.20000,4340.79000,4322.24000,4323.25000,9982.00000
2026-08-10 01:15:00+00:00,4323.24000,4328.26000,4316.58000,4316.58000,7046.00000
2026-08-10 01:30:00+00:00,4316.53000,4320.92000,4313.50000,4317.55000,8145.00000
2026-08-10 01:45:00+00:00,4317.54000,4324.13000,4316.21000,4322.60000,7265.00000
2026-08-10 02:00:00+00:00,4322.61000,4325.77000,4318.92000,4324.62000,6648.00000
2026-08-10 02:15:00+00:00,4324.58000,4332.28000,4323.54000,4330.93000,4203.00000
2026-08-10 02:30:00+00:00,4330.88000,4332.47000,4323.19000,4326.64000,5845.00000
2026-08-10 02:45:00+00:00,4326.59000,4327.25000,4318.85000,4319.72000,4844.00000
2026-08-10 03:00:00+00:00,4319.67000,4321.15000,4317.68000,4320.16000,4070.00000
2026-08-10 03:15:00+00:00,4320.03000,4328.25000,4319.66000,4327.27000,4758.00000
2026-08-10 03:30:00+00:00,4327.20000,4329.93000,4324.90000,4325.23000,3724.00000
2026-08-10 03:45:00+00:00,4325.20000,4328.00000,4324.52000,4326.69000,2395.00000
2026-08-10 04:00:00+00:00,4326.74000,4332.80000,4323.28000,4332.39000,4039.00000
2026-08-10 04:15:00+00:00,4332.40000,4337.58000,4330.90000,4334.75000,3560.00000
2026-08-10 04:30:00+00:00,4334.68000,4336.36000,4329.79000,4332.30000,3220.00000
2026-08-10 04:45:00+00:00,4332.29000,4339.63000,4332.04000,4339.58000,3660.00000
2026-08-10 05:00:00+00:00,4339.58000,4339.81000,4333.52000,4335.03000,3617.00000
2026-08-10 05:15:00+00:00,4335.06000,4336.51000,4332.81000,4333.88000,2499.00000
2026-08-10 05:30:00+00:00,4333.97000,4344.37000,4331.71000,4343.56000,7140.00000
2026-08-10 05:45:00+00:00,4343.34000,4352.21000,4340.72000,4347.35000,6006.00000
2026-08-10 06:00:00+00:00,4347.40000,4350.15000,4341.94000,4347.29000,5384.00000
2026-08-10 06:15:00+00:00,4347.54000,4349.75000,4342.66000,4348.33000,5229.00000
2026-08-10 06:30:00+00:00,4348.32000,4355.71000,4345.99000,4355.22000,4803.00000
2026-08-10 06:45:00+00:00,4355.25000,4359.76000,4355.09000,4358.16000,4869.00000
2026-08-10 07:00:00+00:00,4358.08000,4358.84000,4350.13000,4351.15000,5055.00000
2026-08-10 07:15:00+00:00,4351.24000,4358.94000,4350.54000,4355.16000,5036.00000
2026-08-10 07:30:00+00:00,4355.12000,4359.92000,4352.63000,4359.40000,4500.00000
2026-08-10 07:45:00+00:00,4359.35000,4362.00000,4354.92000,4355.51000,4310.00000
2026-08-10 08:00:00+00:00,4355.42000,4356.37000,4351.63000,4354.33000,3885.00000
2026-08-10 08:15:00+00:00,4354.69000,4356.36000,4352.27000,4355.70000,3427.00000
2026-08-10 08:30:00+00:00,4355.63000,4356.69000,4345.79000,4346.36000,4521.00000
2026-08-10 08:45:00+00:00,4346.43000,4349.06000,4343.88000,4346.63000,4592.00000
2026-08-10 09:00:00+00:00,4346.75000,4350.06000,4345.72000,4349.70000,4430.00000
2026-08-10 09:15:00+00:00,4349.70000,4349.72000,4344.91000,4347.03000,3100.00000
2026-08-10 09:30:00+00:00,4346.83000,4346.92000,4340.45000,4344.24000,4279.00000
2026-08-10 09:45:00+00:00,4344.40000,4345.50000,4340.79000,4341.25000,2864.00000
2026-08-10 10:00:00+00:00,4341.11000,4341.55000,4339.20000,4340.77000,3606.00000
2026-08-10 10:15:00+00:00,4340.74000,4344.11000,4339.36000,4343.66000,3318.00000
2026-08-10 10:30:00+00:00,4343.60000,4344.15000,4337.86000,4337.89000,4016.00000
2026-08-10 10:45:00+00:00,4337.91000,4340.61000,4335.49000,4335.80000,3687.00000
2026-08-10 11:00:00+00:00,4335.80000,4336.81000,4329.33000,4331.54000,4939.00000
2026-08-10 11:15:00+00:00,4331.21000,4336.35000,4328.95000,4334.67000,4369.00000
2026-08-10 11:30:00+00:00,4334.64000,4339.42000,4334.51000,4337.32000,4281.00000
2026-08-10 11:45:00+00:00,4337.31000,4337.86000,4332.04000,4335.01000,4102.00000
2026-08-10 12:00:00+00:00,4334.88000,4337.38000,4331.14000,4331.76000,4847.00000
2026-08-10 12:15:00+00:00,4331.77000,4332.53000,4324.19000,4327.73000,5713.00000
2026-08-10 12:30:00+00:00,4327.68000,4332.51000,4326.32000,4329.08000,5793.00000
2026-08-10 12:45:00+00:00,4329.07000,4335.66000,4328.85000,4332.56000,4629.00000
2026-08-10 13:00:00+00:00,4332.34000,4337.92000,4326.04000,4337.31000,7095.00000
2026-08-10 13:15:00+00:00,4337.41000,4337.79000,4329.28000,4335.10000,6018.00000
2026-08-10 13:30:00+00:00,4335.21000,4339.99000,4330.09000,4330.84000,10205.00000
2026-08-10 13:45:00+00:00,4330.87000,4331.94000,4316.75000,4317.97000,10010.00000
2026-08-10 14:00:00+00:00,4318.12000,4331.15000,4317.98000,4330.19000,8337.00000
2026-08-10 14:15:00+00:00,4330.28000,4348.11000,4328.31000,4345.50000,9541.00000
2026-08-10 14:30:00+00:00,4345.47000,4352.03000,4344.79000,4349.60000,8485.00000
2026-08-10 14:45:00+00:00,4349.61000,4350.85000,4342.65000,4345.50000,7850.00000
2026-08-10 15:00:00+00:00,4345.51000,4352.13000,4343.36000,4347.15000,8290.00000
2026-08-10 15:15:00+00:00,4347.08000,4352.35000,4346.15000,4349.23000,7326.00000
2026-08-10 15:30:00+00:00,4349.31000,4352.06000,4347.95000,4350.29000,6711.00000
2026-08-10 15:45:00+00:00,4350.27000,4359.58000,4348.64000,4358.47000,7242.00000
2026-08-10 16:00:00+00:00,4358.46000,4364.79000,4356.82000,4361.40000,8086.00000
2026-08-10 16:15:00+00:00,4361.45000,4364.64000,4360.99000,4362.66000,6115.00000
2026-08-10 16:30:00+00:00,4362.76000,4363.07000,4349.98000,4351.69000,8137.00000
2026-08-10 16:45:00+00:00,4351.71000,4356.96000,4351.64000,4356.84000,6164.00000
2026-08-10 17:00:00+00:00,4356.88000,4358.22000,4351.47000,4357.22000,5917.00000
2026-08-10 17:15:00+00:00,4357.10000,4361.35000,4356.44000,4361.22000,5736.00000
2026-08-10 17:30:00+00:00,4360.96000,4365.53000,4359.57000,4360.30000,5399.00000
2026-08-10 17:45:00+00:00,4360.31000,4361.28000,4357.76000,4360.27000,5762.00000
2026-08-10 18:00:00+00:00,4360.25000,4365.40000,4359.96000,4363.10000,5805.00000
2026-08-10 18:15:00+00:00,4363.15000,4367.22000,4361.42000,4365.90000,5967.00000
2026-08-10 18:30:00+00:00,4365.88000,4383.05000,4365.23000,4379.75000,7266.00000
2026-08-10 18:45:00+00:00,4379.73000,4379.89000,4373.23000,4378.62000,6366.00000
2026-08-10 19:00:00+00:00,4378.49000,4382.86000,4378.49000,4382.07000,6246.00000
2026-08-10 19:15:00+00:00,4382.12000,4391.66000,4381.35000,4390.69000,7385.00000
2026-08-10 19:30:00+00:00,4390.83000,4394.09000,4384.00000,4388.28000,7815.00000
2026-08-10 19:45:00+00:00,4388.30000,4395.23000,4387.30000,4388.35000,8120.00000
2026-08-10 20:00:00+00:00,4388.35000,4390.67000,4385.87000,4389.33000,3034.00000
2026-08-10 20:15:00+00:00,4389.45000,4392.02000,4386.60000,4391.03000,2437.00000
2026-08-10 20:30:00+00:00,4391.06000,4392.05000,4389.92000,4389.93000,1679.00000
2026-08-10 20:45:00+00:00,4389.83000,4390.64000,4388.63000,4390.30000,1715.00000
2026-08-10 22:00:00+00:00,4391.39000,4393.03000,4386.19000,4391.43000,3147.00000
2026-08-10 22:15:00+00:00,4391.35000,4393.44000,4391.04000,4392.06000,1763.00000
2026-08-10 22:30:00+00:00,4392.08000,4396.07000,4392.00000,4395.21000,2066.00000
2026-08-10 22:45:00+00:00,4395.19000,4400.71000,4395.19000,4399.82000,2564.00000
2026-08-10 23:00:00+00:00,4399.29000,4402.04000,4395.78000,4397.41000,3196.00000
2026-08-10 23:15:00+00:00,4397.36000,4397.51000,4394.70000,4395.38000,2021.00000
2026-08-10 23:30:00+00:00,4395.39000,4398.93000,4395.21000,4398.78000,2431.00000
2026-08-10 23:45:00+00:00,4398.93000,4402.69000,4396.51000,4402.40000,4173.00000
2026-08-11 00:00:00+00:00,4402.42000,4408.92000,4396.48000,4405.41000,6546.00000
2026-08-11 00:15:00+00:00,4405.45000,4416.13000,4404.52000,4414.09000,5328.00000
2026-08-11 00:30:00+00:00,4414.08000,4414.17000,4407.53000,4414.17000,4886.00000
2026-08-11 00:45:00+00:00,4414.21000,4419.23000,4408.41000,4409.41000,4999.00000
2026-08-11 01:00:00+00:00,4409.40000,4415.34000,4393.76000,4414.59000,9658.00000
2026-08-11 01:15:00+00:00,4414.56000,4420.17000,4412.68000,4419.40000,7805.00000
2026-08-11 01:30:00+00:00,4419.41000,4422.44000,4415.13000,4415.22000,7672.00000
2026-08-11 01:45:00+00:00,4415.34000,4434.06000,4414.55000,4429.86000,7195.00000
2026-08-11 02:00:00+00:00,4429.62000,4434.54000,4421.77000,4433.86000,6568.00000
2026-08-11 02:15:00+00:00,4433.88000,4435.13000,4426.04000,4428.53000,4286.00000
2026-08-11 02:30:00+00:00,4428.30000,4429.15000,4413.77000,4418.47000,7028.00000
2026-08-11 02:45:00+00:00,4418.37000,4419.07000,4408.09000,4411.00000,6306.00000
2026-08-11 03:00:00+00:00,4410.96000,4415.35000,4409.88000,4413.55000,4846.00000
2026-08-11 03:15:00+00:00,4413.56000,4420.76000,4412.97000,4420.42000,4306.00000
2026-08-11 03:30:00+00:00,4420.35000,4421.58000,4415.70000,4416.08000,2801.00000
2026-08-11 03:45:00+00:00,4416.47000,4418.85000,4414.24000,4416.89000,3080.00000
2026-08-11 04:00:00+00:00,4416.97000,4419.66000,4412.16000,4414.01000,3327.00000
2026-08-11 04:15:00+00:00,4414.13000,4415.84000,4410.04000,4415.29000,3217.00000
2026-08-11 04:30:00+00:00,4415.33000,4420.51000,4408.35000,4410.09000,5341.00000
2026-08-11 04:45:00+00:00,4410.11000,4411.40000,4403.46000,4408.95000,4103.00000
2026-08-11 05:00:00+00:00,4408.92000,4409.09000,4399.52000,4402.24000,3570.00000
2026-08-11 05:15:00+00:00,4402.14000,4402.29000,4390.96000,4392.45000,4849.00000
2026-08-11 05:30:00+00:00,4392.35000,4392.35000,4372.70000,4377.13000,9571.00000
2026-08-11 05:45:00+00:00,4377.14000,4378.22000,4367.51000,4375.33000,8592.00000
2026-08-11 06:00:00+00:00,4375.38000,4382.71000,4371.75000,4372.94000,7231.00000
2026-08-11 06:15:00+00:00,4372.90000,4376.13000,4362.11000,4363.52000,8124.00000
2026-08-11 06:30:00+00:00,4363.49000,4369.40000,4360.01000,4363.82000,7907.00000
2026-08-11 06:45:00+00:00,4363.86000,4367.52000,4359.89000,4366.36000,6312.00000
2026-08-11 07:00:00+00:00,4366.34000,4367.75000,4361.34000,4363.42000,5843.00000
2026-08-11 07:15:00+00:00,4363.37000,4365.98000,4357.74000,4363.06000,5261.00000
2026-08-11 07:30:00+00:00,4363.20000,4364.91000,4356.88000,4358.43000,5201.00000
2026-08-11 07:45:00+00:00,4358.78000,4361.59000,4356.77000,4357.80000,4445.00000
2026-08-11 08:00:00+00:00,4357.69000,4366.73000,4357.06000,4365.14000,5327.00000
2026-08-11 08:15:00+00:00,4365.13000,4369.74000,4358.95000,4369.21000,5318.00000
2026-08-11 08:30:00+00:00,4369.06000,4376.03000,4368.69000,4374.84000,4805.00000
2026-08-11 08:45:00+00:00,4374.85000,4376.68000,4369.16000,4369.16000,4686.00000
2026-08-11 09:00:00+00:00,4369.19000,4373.01000,4367.57000,4372.26000,4139.00000
2026-08-11 09:15:00+00:00,4372.25000,4375.55000,4370.68000,4371.97000,5212.00000
2026-08-11 09:30:00+00:00,4371.94000,4374.97000,4370.27000,4370.55000,4497.00000
2026-08-11 09:45:00+00:00,4370.55000,4374.84000,4370.40000,4372.48000,3592.00000
2026-08-11 10:00:00+00:00,4372.57000,4376.05000,4371.24000,4373.21000,4303.00000
2026-08-11 10:15:00+00:00,4373.19000,4381.88000,4372.45000,4378.36000,5407.00000
2026-08-11 10:30:00+00:00,4378.32000,4381.00000,4377.01000,4377.71000,4739.00000
2026-08-11 10:45:00+00:00,4377.70000,4382.55000,4377.61000,4382.35000,4445.00000
2026-08-11 11:00:00+00:00,4382.39000,4392.98000,4380.46000,4391.49000,8700.00000
2026-08-11 11:15:00+00:00,4391.65000,4392.40000,4385.23000,4387.34000,6015.00000
2026-08-11 11:30:00+00:00,4387.72000,4388.09000,4383.10000,4386.46000,5173.00000
2026-08-11 11:45:00+00:00,4386.23000,4389.95000,4384.99000,4387.80000,5167.00000
2026-08-11 12:00:00+00:00,4387.79000,4397.63000,4383.99000,4396.99000,6656.00000
2026-08-11 12:15:00+00:00,4397.01000,4399.64000,4387.64000,4391.27000,7447.00000
2026-08-11 12:30:00+00:00,4391.60000,4398.63000,4388.84000,4398.60000,6307.00000
2026-08-11 12:45:00+00:00,4398.61000,4400.17000,4392.19000,4392.49000,5301.00000
2026-08-11 13:00:00+00:00,4392.47000,4401.05000,4391.92000,4393.91000,8074.00000
2026-08-11 13:15:00+00:00,4393.55000,4400.94000,4389.57000,4398.03000,7590.00000
2026-08-11 13:30:00+00:00,4398.28000,4401.86000,4389.05000,4399.87000,10296.00000
2026-08-11 13:45:00+00:00,4399.97000,4404.22000,4384.54000,4389.40000,10399.00000
2026-08-11 14:00:00+00:00,4389.39000,4390.03000,4381.38000,4387.05000,9557.00000
2026-08-11 14:15:00+00:00,4387.18000,4390.27000,4381.69000,4384.00000,8700.00000
2026-08-11 14:30:00+00:00,4384.27000,4395.32000,4384.26000,4393.49000,8599.00000
2026-08-11 14:45:00+00:00,4393.49000,4397.95000,4391.84000,4394.18000,7279.00000
2026-08-11 15:00:00+00:00,4394.32000,4398.84000,4389.26000,4392.26000,7683.00000
2026-08-11 15:15:00+00:00,4392.18000,4392.22000,4382.04000,4386.73000,8113.00000
2026-08-11 15:30:00+00:00,4386.69000,4387.03000,4369.18000,4375.94000,9270.00000
2026-08-11 15:45:00+00:00,4375.97000,4383.85000,4375.02000,4383.78000,7117.00000
2026-08-11 16:00:00+00:00,4383.84000,4384.78000,4378.70000,4379.52000,6492.00000
2026-08-11 16:15:00+00:00,4379.59000,4383.42000,4378.50000,4383.02000,5792.00000
2026-08-11 16:30:00+00:00,4383.03000,4385.82000,4379.28000,4384.79000,4662.00000
2026-08-11 16:45:00+00:00,4384.80000,4385.51000,4381.09000,4383.45000,5275.00000
2026-08-11 17:00:00+00:00,4383.45000,4385.67000,4380.94000,4380.94000,5355.00000
2026-08-11 17:15:00+00:00,4381.03000,4384.39000,4378.94000,4381.45000,5617.00000
2026-08-11 17:30:00+00:00,4381.75000,4381.99000,4374.27000,4376.32000,5300.00000
2026-08-11 17:45:00+00:00,4376.22000,4377.56000,4369.04000,4369.15000,4357.00000
2026-08-11 18:00:00+00:00,4369.09000,4369.14000,4360.32000,4363.85000,7467.00000
2026-08-11 18:15:00+00:00,4363.82000,4367.30000,4360.48000,4361.33000,6715.00000
2026-08-11 18:30:00+00:00,4361.50000,4371.86000,4361.19000,4371.16000,5336.00000
2026-08-11 18:45:00+00:00,4371.18000,4372.78000,4370.14000,4371.62000,4253.00000
2026-08-11 19:00:00+00:00,4371.63000,4372.22000,4363.47000,4363.84000,5201.00000
2026-08-11 19:15:00+00:00,4363.85000,4370.89000,4361.33000,4370.46000,5192.00000
2026-08-11 19:30:00+00:00,4370.55000,4374.24000,4366.51000,4367.65000,5049.00000
2026-08-11 19:45:00+00:00,4367.70000,4373.39000,4366.34000,4370.85000,5692.00000
2026-08-11 20:00:00+00:00,4371.01000,4371.13000,4368.58000,4370.40000,2388.00000
2026-08-11 20:15:00+00:00,4370.38000,4371.04000,4367.68000,4370.33000,1713.00000
2026-08-11 20:30:00+00:00,4370.38000,4370.54000,4367.51000,4367.66000,1513.00000
2026-08-11 20:45:00+00:00,4367.61000,4368.82000,4367.12000,4368.11000,1387.00000
2026-08-11 22:00:00+00:00,4371.37000,4375.53000,4368.42000,4374.09000,2778.00000
2026-08-11 22:15:00+00:00,4374.06000,4377.19000,4373.41000,4376.69000,3097.00000
2026-08-11 22:30:00+00:00,4376.68000,4378.15000,4375.29000,4376.39000,3071.00000
2026-08-11 22:45:00+00:00,4376.47000,4378.50000,4367.34000,4369.12000,4218.00000
2026-08-11 23:00:00+00:00,4369.73000,4369.88000,4362.59000,4366.67000,4733.00000
2026-08-11 23:15:00+00:00,4366.44000,4374.62000,4365.33000,4372.83000,3560.00000
2026-08-11 23:30:00+00:00,4372.78000,4372.90000,4366.74000,4367.94000,2199.00000
2026-08-11 23:45:00+00:00,4368.25000,4371.88000,4368.24000,4371.56000,2180.00000
2026-08-12 00:00:00+00:00,4371.45000,4379.44000,4366.51000,4378.15000,5412.00000
2026-08-12 00:15:00+00:00,4378.02000,4381.17000,4374.20000,4380.78000,4900.00000
2026-08-12 00:30:00+00:00,4380.80000,4383.71000,4379.37000,4382.89000,3961.00000
2026-08-12 00:45:00+00:00,4382.85000,4383.19000,4377.69000,4380.56000,3759.00000
2026-08-12 01:00:00+00:00,4380.93000,4390.78000,4378.37000,4390.45000,7496.00000
2026-08-12 01:15:00+00:00,4390.60000,4394.20000,4386.72000,4390.59000,5502.00000
2026-08-12 01:30:00+00:00,4390.62000,4393.29000,4385.33000,4393.15000,6376.00000
2026-08-12 01:45:00+00:00,4393.26000,4397.51000,4391.21000,4396.52000,5626.00000
2026-08-12 02:00:00+00:00,4396.58000,4404.75000,4394.28000,4401.88000,5203.00000
2026-08-12 02:15:00+00:00,4401.79000,4403.71000,4399.49000,4402.26000,4015.00000
2026-08-12 02:30:00+00:00,4402.33000,4408.26000,4397.89000,4405.60000,6379.00000
2026-08-12 02:45:00+00:00,4405.56000,4414.43000,4405.40000,4411.32000,6285.00000
2026-08-12 03:00:00+00:00,4411.40000,4416.02000,4408.63000,4410.84000,6399.00000
2026-08-12 03:15:00+00:00,4410.74000,4410.86000,4404.44000,4407.30000,5221.00000
2026-08-12 03:30:00+00:00,4407.29000,4408.69000,4401.40000,4401.42000,3854.00000
2026-08-12 03:45:00+00:00,4401.37000,4403.75000,4400.81000,4402.29000,3173.00000
2026-08-12 04:00:00+00:00,4402.26000,4403.21000,4396.60000,4397.42000,3102.00000
2026-08-12 04:15:00+00:00,4397.43000,4399.31000,4395.22000,4399.08000,3016.00000
2026-08-12 04:30:00+00:00,4399.06000,4400.08000,4395.37000,4400.04000,3121.00000
2026-08-12 04:45:00+00:00,4400.01000,4402.29000,4399.27000,4401.05000,2905.00000
2026-08-12 05:00:00+00:00,4400.98000,4404.87000,4400.12000,4400.84000,3157.00000
2026-08-12 05:15:00+00:00,4400.77000,4400.86000,4392.46000,4392.65000,3876.00000
2026-08-12 05:30:00+00:00,4392.65000,4396.97000,4388.06000,4388.10000,6465.00000
2026-08-12 05:45:00+00:00,4388.09000,4394.06000,4384.06000,4391.17000,5548.00000
2026-08-12 06:00:00+00:00,4391.16000,4393.14000,4385.26000,4387.15000,5481.00000
2026-08-12 06:15:00+00:00,4387.14000,4390.53000,4385.76000,4389.76000,4747.00000
2026-08-12 06:30:00+00:00,4389.78000,4397.47000,4388.47000,4394.44000,5851.00000
2026-08-12 06:45:00+00:00,4394.41000,4406.36000,4394.33000,4403.50000,5978.00000
2026-08-12 07:00:00+00:00,4403.49000,4406.14000,4400.96000,4401.57000,4542.00000
2026-08-12 07:15:00+00:00,4401.43000,4402.74000,4398.23000,4402.42000,3710.00000
2026-08-12 07:30:00+00:00,4402.43000,4408.59000,4401.35000,4407.88000,3643.00000
2026-08-12 07:45:00+00:00,4407.84000,4410.04000,4404.80000,4406.27000,3562.00000
2026-08-12 08:00:00+00:00,4406.26000,4410.54000,4405.88000,4408.63000,3816.00000
2026-08-12 08:15:00+00:00,4408.51000,4409.44000,4405.57000,4407.03000,3236.00000
2026-08-12 08:30:00+00:00,4406.98000,4407.56000,4404.49000,4406.10000,3268.00000
2026-08-12 08:45:00+00:00,4406.10000,4406.10000,4401.72000,4401.87000,2889.00000
2026-08-12 09:00:00+00:00,4401.93000,4413.17000,4401.90000,4412.87000,3962.00000
2026-08-12 09:15:00+00:00,4413.09000,4424.19000,4412.41000,4413.29000,6789.00000
2026-08-12 09:30:00+00:00,4413.20000,4417.09000,4411.88000,4413.73000,5087.00000
2026-08-12 09:45:00+00:00,4413.92000,4416.55000,4410.86000,4415.82000,4811.00000
2026-08-12 10:00:00+00:00,4415.88000,4419.32000,4414.63000,4417.96000,4008.00000
2026-08-12 10:15:00+00:00,4418.34000,4420.92000,4417.55000,4419.63000,3855.00000
2026-08-12 10:30:00+00:00,4419.55000,4419.79000,4412.89000,4414.77000,3825.00000
2026-08-12 10:45:00+00:00,4414.76000,4415.71000,4406.91000,4412.65000,5069.00000
2026-08-12 11:00:00+00:00,4412.74000,4415.24000,4407.89000,4407.92000,4189.00000
2026-08-12 11:15:00+00:00,4407.95000,4416.79000,4407.88000,4415.09000,3732.00000
2026-08-12 11:30:00+00:00,4415.07000,4415.91000,4410.26000,4413.35000,3521.00000
2026-08-12 11:45:00+00:00,4413.30000,4415.45000,4412.51000,4412.82000,3245.00000
2026-08-12 12:00:00+00:00,4412.76000,4413.12000,4406.38000,4408.77000,5122.00000
2026-08-12 12:15:00+00:00,4408.74000,4427.56000,4404.77000,4427.56000,7027.00000
2026-08-12 12:30:00+00:00,4427.69000,4438.21000,4381.23000,4428.63000,12622.00000
2026-08-12 12:45:00+00:00,4428.62000,4438.14000,4416.90000,4437.46000,10146.00000
2026-08-12 13:00:00+00:00,4437.60000,4441.34000,4421.08000,4422.01000,10875.00000
2026-08-12 13:15:00+00:00,4421.91000,4428.98000,4414.70000,4418.54000,9495.00000
2026-08-12 13:30:00+00:00,4418.53000,4420.93000,4408.56000,4416.67000,12007.00000
2026-08-12 13:45:00+00:00,4416.74000,4434.11000,4415.55000,4427.71000,11132.00000
2026-08-12 14:00:00+00:00,4427.70000,4434.92000,4421.21000,4431.97000,9887.00000
2026-08-12 14:15:00+00:00,4432.03000,4439.70000,4429.97000,4431.61000,9300.00000
2026-08-12 14:30:00+00:00,4431.68000,4436.13000,4416.42000,4425.08000,10604.00000
2026-08-12 14:45:00+00:00,4425.02000,4432.49000,4416.68000,4422.11000,11090.00000
2026-08-12 15:00:00+00:00,4422.03000,4430.09000,4414.98000,4426.62000,9761.00000
2026-08-12 15:15:00+00:00,4426.71000,4428.10000,4419.43000,4421.50000,7791.00000
2026-08-12 15:30:00+00:00,4421.46000,4425.37000,4416.70000,4418.15000,7326.00000
2026-08-12 15:45:00+00:00,4418.27000,4422.36000,4411.12000,4421.07000,7710.00000
2026-08-12 16:00:00+00:00,4421.03000,4425.75000,4416.67000,4423.45000,7394.00000
2026-08-12 16:15:00+00:00,4423.50000,4426.50000,4422.36000,4423.26000,6270.00000
2026-08-12 16:30:00+00:00,4423.24000,4423.93000,4409.18000,4410.91000,7582.00000
2026-08-12 16:45:00+00:00,4410.88000,4411.26000,4396.72000,4401.69000,8779.00000
2026-08-12 17:00:00+00:00,4401.93000,4407.60000,4400.00000,4403.71000,6944.00000
2026-08-12 17:15:00+00:00,4403.88000,4409.91000,4402.00000,4406.46000,7026.00000
2026-08-12 17:30:00+00:00,4406.68000,4411.53000,4401.26000,4402.04000,5909.00000
2026-08-12 17:45:00+00:00,4402.03000,4405.59000,4399.00000,4399.43000,5354.00000
2026-08-12 18:00:00+00:00,4399.30000,4406.57000,4395.92000,4405.84000,5296.00000
2026-08-12 18:15:00+00:00,4405.88000,4411.20000,4404.60000,4408.52000,4901.00000
2026-08-12 18:30:00+00:00,4408.49000,4413.65000,4408.00000,4413.62000,4608.00000
2026-08-12 18:45:00+00:00,4413.60000,4417.90000,4412.83000,4413.08000,4699.00000
2026-08-12 19:00:00+00:00,4413.11000,4418.37000,4412.92000,4416.42000,4498.00000
2026-08-12 19:15:00+00:00,4416.39000,4417.99000,4415.71000,4416.63000,3877.00000
2026-08-12 19:30:00+00:00,4416.65000,4416.69000,4411.37000,4413.26000,5115.00000
2026-08-12 19:45:00+00:00,4413.24000,4414.11000,4408.32000,4413.97000,5926.00000
2026-08-12 20:00:00+00:00,4413.92000,4414.21000,4408.80000,4409.05000,2386.00000
2026-08-12 20:15:00+00:00,4409.02000,4409.94000,4406.69000,4407.85000,2025.00000
2026-08-12 20:30:00+00:00,4407.87000,4408.77000,4406.84000,4407.98000,1753.00000
2026-08-12 20:45:00+00:00,4408.03000,4408.90000,4406.66000,4408.52000,1491.00000
2026-08-12 22:00:00+00:00,4410.69000,4411.40000,4402.54000,4403.22000,2486.00000
2026-08-12 22:15:00+00:00,4403.19000,4403.22000,4398.33000,4399.42000,1736.00000
2026-08-12 22:30:00+00:00,4399.35000,4401.92000,4398.84000,4400.12000,1914.00000
2026-08-12 22:45:00+00:00,4400.07000,4403.03000,4399.90000,4402.26000,1271.00000
2026-08-12 23:00:00+00:00,4401.66000,4405.94000,4401.66000,4405.69000,1770.00000
2026-08-12 23:15:00+00:00,4405.70000,4409.82000,4405.67000,4408.36000,1609.00000
2026-08-12 23:30:00+00:00,4408.37000,4410.44000,4407.19000,4408.58000,1260.00000
2026-08-12 23:45:00+00:00,4408.69000,4414.44000,4407.93000,4414.42000,2242.00000
2026-08-13 00:00:00+00:00,4414.55000,4422.12000,4412.98000,4419.24000,5738.00000
2026-08-13 00:15:00+00:00,4419.12000,4437.65000,4419.10000,4428.44000,6262.00000
2026-08-13 00:30:00+00:00,4428.36000,4449.84000,4424.59000,4440.19000,7355.00000
2026-08-13 00:45:00+00:00,4440.19000,4440.26000,4424.15000,4427.41000,6739.00000
2026-08-13 01:00:00+00:00,4427.81000,4435.36000,4422.73000,4430.11000,9266.00000
2026-08-13 01:15:00+00:00,4430.14000,4435.31000,4419.10000,4419.40000,6615.00000
2026-08-13 01:30:00+00:00,4419.38000,4430.20000,4417.79000,4419.25000,7069.00000
2026-08-13 01:45:00+00:00,4419.19000,4419.26000,4406.26000,4408.50000,7368.00000
2026-08-13 02:00:00+00:00,4408.50000,4414.09000,4405.53000,4410.79000,6484.00000
2026-08-13 02:15:00+00:00,4410.75000,4412.46000,4405.87000,4406.58000,3780.00000
2026-08-13 02:30:00+00:00,4406.57000,4410.42000,4398.94000,4410.42000,7599.00000
2026-08-13 02:45:00+00:00,4410.45000,4410.75000,4405.60000,4407.24000,5112.00000
2026-08-13 03:00:00+00:00,4407.06000,4412.28000,4404.21000,4407.11000,5956.00000
2026-08-13 03:15:00+00:00,4407.10000,4410.17000,4405.68000,4409.25000,5028.00000
2026-08-13 03:30:00+00:00,4409.37000,4410.53000,4405.44000,4405.96000,3055.00000
2026-08-13 03:45:00+00:00,4406.29000,4407.66000,4398.62000,4400.29000,3849.00000
2026-08-13 04:00:00+00:00,4400.19000,4400.43000,4391.76000,4394.54000,5259.00000
2026-08-13 04:15:00+00:00,4394.57000,4399.20000,4392.61000,4398.28000,4076.00000
2026-08-13 04:30:00+00:00,4398.27000,4399.59000,4395.17000,4395.84000,3188.00000
2026-08-13 04:45:00+00:00,4395.88000,4398.84000,4395.36000,4397.81000,4168.00000
2026-08-13 05:00:00+00:00,4397.79000,4404.75000,4393.20000,4404.53000,5778.00000
2026-08-13 05:15:00+00:00,4404.54000,4407.32000,4400.97000,4406.47000,4671.00000
2026-08-13 05:30:00+00:00,4406.45000,4407.09000,4386.46000,4387.73000,8257.00000
2026-08-13 05:45:00+00:00,4387.71000,4389.35000,4380.36000,4383.00000,8245.00000
2026-08-13 06:00:00+00:00,4382.96000,4385.60000,4375.11000,4376.00000,7677.00000
2026-08-13 06:15:00+00:00,4375.93000,4378.81000,4374.28000,4376.07000,5853.00000
2026-08-13 06:30:00+00:00,4376.11000,4378.59000,4369.02000,4374.19000,7045.00000
2026-08-13 06:45:00+00:00,4374.20000,4381.62000,4374.09000,4380.99000,6218.00000
2026-08-13 07:00:00+00:00,4380.77000,4381.72000,4375.09000,4376.84000,5912.00000
2026-08-13 07:15:00+00:00,4376.85000,4377.69000,4373.83000,4376.45000,5349.00000
2026-08-13 07:30:00+00:00,4376.31000,4378.76000,4372.17000,4378.51000,5136.00000
2026-08-13 07:45:00+00:00,4378.62000,4378.78000,4369.33000,4370.00000,5501.00000
2026-08-13 08:00:00+00:00,4369.58000,4370.57000,4364.06000,4366.03000,6562.00000
2026-08-13 08:15:00+00:00,4366.02000,4373.52000,4365.04000,4372.80000,5687.00000
2026-08-13 08:30:00+00:00,4372.69000,4375.81000,4371.92000,4373.69000,4475.00000
2026-08-13 08:45:00+00:00,4373.65000,4379.39000,4373.53000,4375.92000,3999.00000
2026-08-13 09:00:00+00:00,4375.91000,4378.44000,4372.53000,4377.10000,4627.00000
2026-08-13 09:15:00+00:00,4376.94000,4382.34000,4376.27000,4379.99000,4640.00000
2026-08-13 09:30:00+00:00,4379.94000,4381.79000,4378.83000,4380.10000,3522.00000
2026-08-13 09:45:00+00:00,4380.11000,4384.86000,4378.55000,4384.59000,3407.00000
2026-08-13 10:00:00+00:00,4384.74000,4385.34000,4381.43000,4381.56000,3427.00000
2026-08-13 10:15:00+00:00,4381.59000,4387.65000,4381.59000,4387.17000,3383.00000
2026-08-13 10:30:00+00:00,4387.14000,4390.59000,4384.67000,4390.54000,2800.00000
2026-08-13 10:45:00+00:00,4390.55000,4393.84000,4388.33000,4392.23000,3291.00000
2026-08-13 11:00:00+00:00,4392.24000,4394.39000,4388.57000,4394.27000,3402.00000
2026-08-13 11:15:00+00:00,4394.29000,4396.62000,4388.10000,4388.10000,4125.00000
2026-08-13 11:30:00+00:00,4388.10000,4389.85000,4383.75000,4384.10000,4446.00000
2026-08-13 11:45:00+00:00,4384.07000,4388.06000,4382.93000,4387.67000,4439.00000
2026-08-13 12:00:00+00:00,4387.52000,4391.68000,4385.67000,4389.12000,5891.00000
2026-08-13 12:15:00+00:00,4389.10000,4392.87000,4384.19000,4391.04000,5739.00000
2026-08-13 12:30:00+00:00,4391.13000,4401.20000,4380.74000,4392.18000,8970.00000
2026-08-13 12:45:00+00:00,4392.16000,4401.97000,4391.78000,4401.88000,7267.00000
2026-08-13 13:00:00+00:00,4402.02000,4402.02000,4391.13000,4393.94000,9027.00000
2026-08-13 13:15:00+00:00,4393.98000,4395.34000,4384.03000,4385.21000,7985.00000
2026-08-13 13:30:00+00:00,4385.24000,4389.85000,4375.35000,4379.56000,10791.00000
2026-08-13 13:45:00+00:00,4379.53000,4382.90000,4370.77000,4372.82000,10399.00000
2026-08-13 14:00:00+00:00,4372.80000,4378.88000,4366.72000,4370.80000,10867.00000
2026-08-13 14:15:00+00:00,4370.93000,4378.19000,4367.68000,4367.74000,10442.00000
2026-08-13 14:30:00+00:00,4367.67000,4381.81000,4356.84000,4381.26000,9753.00000
2026-08-13 14:45:00+00:00,4381.23000,4387.00000,4381.23000,4383.73000,8242.00000
2026-08-13 15:00:00+00:00,4383.88000,4385.70000,4368.30000,4369.69000,8689.00000
2026-08-13 15:15:00+00:00,4369.54000,4373.96000,4363.45000,4365.22000,8776.00000
2026-08-13 15:30:00+00:00,4365.20000,4371.58000,4357.65000,4368.39000,8716.00000
2026-08-13 15:45:00+00:00,4368.43000,4370.88000,4363.51000,4365.18000,6433.00000
2026-08-13 16:00:00+00:00,4365.23000,4367.45000,4354.02000,4355.20000,7542.00000
2026-08-13 16:15:00+00:00,4355.17000,4362.88000,4351.40000,4362.61000,8403.00000
2026-08-13 16:30:00+00:00,4362.60000,4367.16000,4362.58000,4365.74000,6348.00000
2026-08-13 16:45:00+00:00,4365.79000,4368.40000,4364.16000,4367.11000,5289.00000
2026-08-13 17:00:00+00:00,4367.14000,4373.39000,4365.25000,4371.43000,6037.00000
2026-08-13 17:15:00+00:00,4371.48000,4371.85000,4362.43000,4363.14000,6904.00000
2026-08-13 17:30:00+00:00,4363.14000,4364.41000,4355.67000,4357.25000,6483.00000
2026-08-13 17:45:00+00:00,4357.27000,4360.05000,4355.75000,4356.02000,5687.00000
2026-08-13 18:00:00+00:00,4356.05000,4362.74000,4355.93000,4361.99000,6283.00000
2026-08-13 18:15:00+00:00,4361.99000,4363.62000,4354.76000,4357.59000,5820.00000
2026-08-13 18:30:00+00:00,4357.66000,4360.33000,4356.41000,4357.94000,5145.00000
2026-08-13 18:45:00+00:00,4357.97000,4358.24000,4354.72000,4357.01000,4606.00000
2026-08-13 19:00:00+00:00,4357.12000,4358.91000,4346.30000,4346.92000,5339.00000
2026-08-13 19:15:00+00:00,4346.76000,4351.83000,4343.71000,4351.71000,6605.00000
2026-08-13 19:30:00+00:00,4351.73000,4354.13000,4349.79000,4351.41000,4896.00000
2026-08-13 19:45:00+00:00,4351.49000,4351.49000,4347.66000,4350.18000,5642.00000
2026-08-13 20:00:00+00:00,4350.13000,4350.55000,4346.92000,4350.39000,3269.00000
2026-08-13 20:15:00+00:00,4350.40000,4352.26000,4349.46000,4351.76000,2391.00000
2026-08-13 20:30:00+00:00,4351.70000,4351.86000,4348.09000,4349.52000,2265.00000
2026-08-13 20:45:00+00:00,4349.41000,4351.12000,4348.67000,4351.10000,1499.00000
2026-08-13 22:00:00+00:00,4350.91000,4357.02000,4350.91000,4354.23000,2629.00000
2026-08-13 22:15:00+00:00,4354.23000,4357.89000,4352.92000,4357.17000,2606.00000
2026-08-13 22:30:00+00:00,4357.16000,4362.81000,4355.79000,4360.55000,3606.00000
2026-08-13 22:45:00+00:00,4360.51000,4361.23000,4353.42000,4354.88000,3699.00000
2026-08-13 23:00:00+00:00,4355.42000,4360.60000,4349.29000,4360.60000,3801.00000
2026-08-13 23:15:00+00:00,4360.49000,4363.08000,4357.07000,4363.08000,3560.00000
2026-08-13 23:30:00+00:00,4363.48000,4363.59000,4358.71000,4360.31000,3048.00000
2026-08-13 23:45:00+00:00,4360.44000,4364.15000,4356.47000,4356.47000,3702.00000
2026-08-14 00:00:00+00:00,4356.42000,4362.07000,4350.57000,4352.17000,5614.00000
2026-08-14 00:15:00+00:00,4352.22000,4352.25000,4339.47000,4339.50000,5742.00000
2026-08-14 00:30:00+00:00,4339.50000,4347.02000,4334.56000,4339.81000,6200.00000
2026-08-14 00:45:00+00:00,4339.82000,4342.82000,4329.44000,4341.04000,6904.00000
2026-08-14 01:00:00+00:00,4341.01000,4341.54000,4322.26000,4324.24000,8975.00000
2026-08-14 01:15:00+00:00,4324.60000,4326.03000,4314.77000,4319.63000,7846.00000
2026-08-14 01:30:00+00:00,4319.70000,4321.50000,4313.13000,4319.64000,6739.00000
2026-08-14 01:45:00+00:00,4319.63000,4323.32000,4312.34000,4318.18000,7357.00000
2026-08-14 02:00:00+00:00,4318.52000,4322.79000,4310.93000,4312.49000,6671.00000
2026-08-14 02:15:00+00:00,4312.53000,4318.31000,4312.51000,4313.10000,5392.00000
2026-08-14 02:30:00+00:00,4313.01000,4322.78000,4311.76000,4321.22000,7179.00000
2026-08-14 02:45:00+00:00,4321.12000,4322.04000,4312.76000,4315.74000,5836.00000
2026-08-14 03:00:00+00:00,4315.66000,4323.83000,4313.78000,4320.21000,5260.00000
2026-08-14 03:15:00+00:00,4320.28000,4326.32000,4320.04000,4325.82000,3769.00000
2026-08-14 03:30:00+00:00,4325.84000,4328.23000,4325.30000,4325.75000,2766.00000
2026-08-14 03:45:00+00:00,4325.81000,4326.87000,4323.61000,4323.64000,1919.00000
2026-08-14 04:00:00+00:00,4323.71000,4327.35000,4322.83000,4326.05000,2809.00000
2026-08-14 04:15:00+00:00,4326.04000,4328.06000,4325.13000,4325.18000,2746.00000
2026-08-14 04:30:00+00:00,4325.22000,4326.54000,4323.48000,4325.34000,3092.00000
2026-08-14 04:45:00+00:00,4325.27000,4326.96000,4323.88000,4326.95000,2223.00000
2026-08-14 05:00:00+00:00,4327.03000,4327.06000,4319.60000,4320.30000,4168.00000
2026-08-14 05:15:00+00:00,4320.39000,4320.39000,4317.11000,4318.48000,3716.00000
2026-08-14 05:30:00+00:00,4318.46000,4324.94000,4311.05000,4317.81000,6952.00000
2026-08-14 05:45:00+00:00,4317.87000,4333.64000,4317.60000,4333.64000,5967.00000
2026-08-14 06:00:00+00:00,4333.64000,4336.66000,4329.83000,4332.71000,5916.00000
2026-08-14 06:15:00+00:00,4332.72000,4333.73000,4328.49000,4329.25000,4818.00000
2026-08-14 06:30:00+00:00,4329.21000,4333.07000,4327.99000,4333.07000,4464.00000
2026-08-14 06:45:00+00:00,4333.07000,4335.95000,4332.60000,4335.75000,4707.00000
2026-08-14 07:00:00+00:00,4335.70000,4337.37000,4331.29000,4331.32000,4301.00000
2026-08-14 07:15:00+00:00,4331.30000,4336.57000,4329.77000,4332.04000,4195.00000
2026-08-14 07:30:00+00:00,4332.02000,4340.25000,4331.79000,4339.80000,4128.00000
2026-08-14 07:45:00+00:00,4339.81000,4345.29000,4339.56000,4343.75000,4532.00000
2026-08-14 08:00:00+00:00,4343.74000,4348.06000,4342.02000,4347.84000,5493.00000
2026-08-14 08:15:00+00:00,4347.80000,4349.20000,4343.63000,4345.79000,4598.00000
2026-08-14 08:30:00+00:00,4345.77000,4349.37000,4343.60000,4343.79000,3865.00000
2026-08-14 08:45:00+00:00,4343.78000,4349.80000,4342.90000,4348.74000,3007.00000
2026-08-14 09:00:00+00:00,4348.73000,4350.99000,4346.00000,4350.82000,3561.00000
2026-08-14 09:15:00+00:00,4350.84000,4354.26000,4348.85000,4351.86000,3735.00000
2026-08-14 09:30:00+00:00,4351.87000,4354.56000,4350.13000,4353.54000,4057.00000
2026-08-14 09:45:00+00:00,4353.55000,4357.49000,4352.70000,4357.20000,3656.00000
2026-08-14 10:00:00+00:00,4357.21000,4358.70000,4353.83000,4354.46000,3950.00000
2026-08-14 10:15:00+00:00,4354.55000,4355.27000,4350.33000,4351.40000,3301.00000
2026-08-14 10:30:00+00:00,4351.52000,4352.02000,4348.34000,4352.01000,3088.00000
2026-08-14 10:45:00+00:00,4351.95000,4353.59000,4348.52000,4349.42000,3004.00000
2026-08-14 11:00:00+00:00,4349.43000,4351.70000,4348.58000,4350.70000,3263.00000
2026-08-14 11:15:00+00:00,4350.73000,4357.15000,4350.73000,4356.83000,3476.00000
2026-08-14 11:30:00+00:00,4356.83000,4363.47000,4356.58000,4362.49000,4609.00000
2026-08-14 11:45:00+00:00,4362.53000,4369.45000,4361.08000,4369.28000,5012.00000
2026-08-14 12:00:00+00:00,4369.21000,4376.79000,4366.06000,4371.77000,6526.00000
2026-08-14 12:15:00+00:00,4371.79000,4380.68000,4369.72000,4379.94000,6702.00000
2026-08-14 12:30:00+00:00,4380.01000,4386.91000,4372.27000,4372.82000,8129.00000
2026-08-14 12:45:00+00:00,4372.90000,4377.93000,4370.90000,4373.72000,6594.00000
2026-08-14 13:00:00+00:00,4373.87000,4381.13000,4370.33000,4375.19000,8140.00000
2026-08-14 13:15:00+00:00,4375.23000,4386.52000,4375.23000,4384.48000,7233.00000
2026-08-14 13:30:00+00:00,4384.71000,4397.07000,4383.67000,4393.95000,10282.00000
2026-08-14 13:45:00+00:00,4393.92000,4394.84000,4382.97000,4384.52000,8864.00000
2026-08-14 14:00:00+00:00,4384.48000,4393.28000,4384.32000,4390.63000,8273.00000
2026-08-14 14:15:00+00:00,4390.59000,4394.62000,4385.35000,4390.77000,8347.00000
2026-08-14 14:30:00+00:00,4390.81000,4391.60000,4381.60000,4384.34000,7465.00000
2026-08-14 14:45:00+00:00,4384.38000,4384.56000,4378.85000,4381.48000,6797.00000
2026-08-14 15:00:00+00:00,4381.49000,4394.12000,4381.17000,4392.15000,8067.00000
2026-08-14 15:15:00+00:00,4392.23000,4393.94000,4379.04000,4384.96000,7880.00000
2026-08-14 15:30:00+00:00,4384.97000,4390.09000,4384.00000,4389.62000,6528.00000
2026-08-14 15:45:00+00:00,4389.63000,4394.83000,4389.46000,4391.63000,5744.00000
2026-08-14 16:00:00+00:00,4391.65000,4396.79000,4388.87000,4389.84000,5925.00000
2026-08-14 16:15:00+00:00,4389.75000,4393.05000,4386.98000,4387.60000,4728.00000
2026-08-14 16:30:00+00:00,4387.60000,4389.05000,4380.32000,4385.84000,5706.00000
2026-08-14 16:45:00+00:00,4385.96000,4387.48000,4384.92000,4385.97000,3341.00000
2026-08-14 17:00:00+00:00,4386.06000,4386.46000,4380.36000,4382.36000,3893.00000
2026-08-14 17:15:00+00:00,4382.36000,4384.77000,4379.36000,4379.50000,4553.00000
2026-08-14 17:30:00+00:00,4379.40000,4382.84000,4376.97000,4377.81000,4335.00000
2026-08-14 17:45:00+00:00,4377.81000,4379.11000,4376.27000,4378.46000,3518.00000
2026-08-14 18:00:00+00:00,4378.48000,4381.73000,4376.53000,4377.24000,4524.00000
2026-08-14 18:15:00+00:00,4377.39000,4380.48000,4376.90000,4379.42000,3021.00000
2026-08-14 18:30:00+00:00,4379.38000,4382.76000,4376.22000,4376.45000,3461.00000
2026-08-14 18:45:00+00:00,4376.44000,4376.91000,4370.98000,4373.57000,3415.00000
2026-08-14 19:00:00+00:00,4373.47000,4377.21000,4372.31000,4376.02000,2824.00000
2026-08-14 19:15:00+00:00,4375.86000,4377.93000,4374.72000,4377.36000,2621.00000
2026-08-14 19:30:00+00:00,4377.32000,4378.25000,4375.66000,4375.66000,3350.00000
2026-08-14 19:45:00+00:00,4375.67000,4379.97000,4373.63000,4376.24000,5528.00000
2026-08-14 20:00:00+00:00,4376.16000,4376.16000,4371.50000,4372.82000,2717.00000
2026-08-14 20:15:00+00:00,4372.98000,4374.92000,4372.55000,4374.77000,1424.00000
2026-08-14 20:30:00+00:00,4374.68000,4376.90000,4373.65000,4375.64000,1515.00000
2026-08-14 20:45:00+00:00,4375.59000,4376.63000,4374.94000,4376.58000,1502.00000
2026-08-16 22:00:00+00:00,4380.01000,4380.03000,4372.37000,4375.81000,3578.00000
2026-08-16 22:15:00+00:00,4375.75000,4375.97000,4372.75000,4374.56000,2650.00000
2026-08-16 22:30:00+00:00,4374.67000,4379.01000,4374.67000,4377.79000,2138.00000
2026-08-16 22:45:00+00:00,4377.77000,4386.90000,4377.70000,4385.96000,2920.00000
2026-08-16 23:00:00+00:00,4385.83000,4386.28000,4379.59000,4379.86000,2938.00000
2026-08-16 23:15:00+00:00,4379.87000,4381.21000,4372.65000,4374.78000,2983.00000
2026-08-16 23:30:00+00:00,4374.84000,4375.21000,4367.19000,4368.34000,3788.00000
2026-08-16 23:45:00+00:00,4368.35000,4373.86000,4368.29000,4370.37000,3458.00000
2026-08-17 00:00:00+00:00,4370.53000,4379.51000,4367.98000,4378.84000,5970.00000
2026-08-17 00:15:00+00:00,4378.78000,4390.94000,4378.55000,4389.97000,5268.00000
2026-08-17 00:30:00+00:00,4389.91000,4397.53000,4387.40000,4395.85000,5086.00000
2026-08-17 00:45:00+00:00,4395.77000,4402.25000,4394.36000,4400.79000,5387.00000
2026-08-17 01:00:00+00:00,4400.81000,4411.83000,4399.21000,4409.39000,9125.00000
2026-08-17 01:15:00+00:00,4409.37000,4416.51000,4406.36000,4407.21000,8100.00000
2026-08-17 01:30:00+00:00,4407.29000,4408.11000,4397.66000,4403.73000,7208.00000
2026-08-17 01:45:00+00:00,4403.56000,4403.93000,4392.16000,4395.74000,6112.00000
2026-08-17 02:00:00+00:00,4395.71000,4398.27000,4392.70000,4394.40000,5330.00000
2026-08-17 02:15:00+00:00,4394.48000,4397.51000,4390.00000,4395.49000,4247.00000
2026-08-17 02:30:00+00:00,4395.59000,4398.14000,4389.91000,4393.09000,6249.00000
2026-08-17 02:45:00+00:00,4393.12000,4393.51000,4388.51000,4393.34000,4928.00000
2026-08-17 03:00:00+00:00,4393.45000,4395.03000,4388.72000,4390.39000,4759.00000
2026-08-17 03:15:00+00:00,4390.50000,4393.59000,4388.12000,4393.06000,3874.00000
2026-08-17 03:30:00+00:00,4393.05000,4397.22000,4391.24000,4395.24000,3640.00000
2026-08-17 03:45:00+00:00,4395.09000,4397.75000,4393.00000,4397.17000,2938.00000
2026-08-17 04:00:00+00:00,4397.27000,4399.66000,4396.58000,4398.48000,3720.00000
2026-08-17 04:15:00+00:00,4398.47000,4398.95000,4390.29000,4391.02000,3000.00000
2026-08-17 04:30:00+00:00,4391.02000,4396.68000,4389.05000,4395.83000,3269.00000
2026-08-17 04:45:00+00:00,4395.77000,4397.90000,4389.93000,4390.84000,2946.00000
2026-08-17 05:00:00+00:00,4390.84000,4393.29000,4386.99000,4387.74000,3527.00000
2026-08-17 05:15:00+00:00,4387.78000,4399.49000,4387.01000,4399.49000,4004.00000
2026-08-17 05:30:00+00:00,4399.71000,4401.31000,4392.32000,4395.80000,6145.00000
2026-08-17 05:45:00+00:00,4395.82000,4397.58000,4392.40000,4394.84000,4885.00000
2026-08-17 06:00:00+00:00,4394.82000,4398.24000,4392.80000,4396.88000,5544.00000
2026-08-17 06:15:00+00:00,4396.75000,4400.10000,4392.66000,4398.54000,4935.00000
2026-08-17 06:30:00+00:00,4398.42000,4398.74000,4393.72000,4396.16000,5117.00000
2026-08-17 06:45:00+00:00,4396.37000,4404.57000,4396.29000,4403.16000,5877.00000
2026-08-17 07:00:00+00:00,4403.12000,4404.10000,4396.16000,4396.55000,5438.00000
2026-08-17 07:15:00+00:00,4396.56000,4405.24000,4396.23000,4404.96000,4959.00000
2026-08-17 07:30:00+00:00,4405.01000,4411.45000,4404.78000,4409.40000,5801.00000
2026-08-17 07:45:00+00:00,4409.42000,4410.00000,4403.64000,4405.34000,4096.00000
2026-08-17 08:00:00+00:00,4404.48000,4404.49000,4397.66000,4402.91000,5219.00000
2026-08-17 08:15:00+00:00,4402.85000,4403.91000,4400.42000,4401.92000,3950.00000
2026-08-17 08:30:00+00:00,4401.93000,4402.20000,4396.01000,4396.33000,3817.00000
2026-08-17 08:45:00+00:00,4396.34000,4396.95000,4392.59000,4395.10000,3712.00000
2026-08-17 09:00:00+00:00,4395.40000,4400.67000,4393.38000,4399.19000,3531.00000
2026-08-17 09:15:00+00:00,4399.24000,4400.00000,4395.60000,4396.90000,3614.00000
2026-08-17 09:30:00+00:00,4396.94000,4397.53000,4393.64000,4394.30000,4010.00000
2026-08-17 09:45:00+00:00,4394.27000,4395.83000,4392.61000,4395.59000,3426.00000
2026-08-17 10:00:00+00:00,4395.60000,4396.35000,4393.22000,4396.02000,3102.00000
2026-08-17 10:15:00+00:00,4396.09000,4405.62000,4391.79000,4405.30000,3743.00000
2026-08-17 10:30:00+00:00,4405.17000,4405.81000,4395.46000,4398.23000,5521.00000
2026-08-17 10:45:00+00:00,4398.28000,4399.57000,4396.31000,4399.02000,3319.00000
2026-08-17 11:00:00+00:00,4399.04000,4403.95000,4397.88000,4399.76000,3862.00000
2026-08-17 11:15:00+00:00,4399.96000,4404.71000,4397.15000,4403.50000,4030.00000
2026-08-17 11:30:00+00:00,4403.50000,4405.01000,4399.35000,4399.61000,4049.00000
2026-08-17 11:45:00+00:00,4399.66000,4400.71000,4395.45000,4396.92000,3412.00000
2026-08-17 12:00:00+00:00,4396.83000,4397.68000,4391.54000,4393.99000,4778.00000
2026-08-17 12:15:00+00:00,4393.89000,4398.77000,4382.00000,4385.83000,5913.00000
2026-08-17 12:30:00+00:00,4385.82000,4390.28000,4378.46000,4378.48000,7075.00000
2026-08-17 12:45:00+00:00,4378.47000,4386.46000,4377.37000,4384.96000,6298.00000
2026-08-17 13:00:00+00:00,4384.97000,4389.48000,4381.85000,4386.43000,7770.00000
2026-08-17 13:15:00+00:00,4386.45000,4388.87000,4382.33000,4386.33000,5925.00000
2026-08-17 13:30:00+00:00,4386.54000,4392.01000,4384.83000,4385.78000,9129.00000
2026-08-17 13:45:00+00:00,4385.72000,4416.20000,4384.65000,4408.87000,10644.00000
2026-08-17 14:00:00+00:00,4408.90000,4412.82000,4403.89000,4412.44000,9353.00000
2026-08-17 14:15:00+00:00,4412.42000,4427.66000,4411.90000,4418.25000,10425.00000
2026-08-17 14:30:00+00:00,4418.36000,4424.78000,4416.58000,4417.43000,8449.00000
2026-08-17 14:45:00+00:00,4417.52000,4421.03000,4414.03000,4417.35000,8332.00000
2026-08-17 15:00:00+00:00,4417.36000,4422.35000,4415.11000,4421.31000,7753.00000
2026-08-17 15:15:00+00:00,4421.20000,4426.09000,4419.48000,4425.56000,8035.00000
2026-08-17 15:30:00+00:00,4425.55000,4426.47000,4418.84000,4419.25000,7590.00000
2026-08-17 15:45:00+00:00,4419.24000,4427.87000,4417.71000,4427.57000,6317.00000
2026-08-17 16:00:00+00:00,4427.57000,4428.87000,4424.07000,4426.05000,5830.00000
2026-08-17 16:15:00+00:00,4426.20000,4427.61000,4422.89000,4424.83000,5540.00000
2026-08-17 16:30:00+00:00,4424.98000,4427.03000,4422.76000,4424.63000,4817.00000
2026-08-17 16:45:00+00:00,4424.68000,4425.60000,4422.60000,4424.22000,4549.00000
2026-08-17 17:00:00+00:00,4424.23000,4426.12000,4421.15000,4422.86000,5688.00000
2026-08-17 17:15:00+00:00,4422.98000,4423.20000,4413.50000,4416.54000,7072.00000
2026-08-17 17:30:00+00:00,4416.56000,4418.60000,4411.25000,4417.45000,6825.00000
2026-08-17 17:45:00+00:00,4417.44000,4420.60000,4413.27000,4413.70000,5270.00000
2026-08-17 18:00:00+00:00,4413.72000,4414.50000,4410.20000,4413.81000,6001.00000
2026-08-17 18:15:00+00:00,4413.79000,4416.16000,4404.82000,4406.20000,6159.00000
2026-08-17 18:30:00+00:00,4406.27000,4406.79000,4398.14000,4401.44000,5571.00000
2026-08-17 18:45:00+00:00,4401.43000,4407.52000,4400.21000,4406.72000,3654.00000
2026-08-17 19:00:00+00:00,4406.62000,4408.63000,4400.32000,4408.60000,4479.00000
2026-08-17 19:15:00+00:00,4408.85000,4417.52000,4408.83000,4414.54000,5121.00000
2026-08-17 19:30:00+00:00,4414.55000,4420.49000,4414.19000,4419.41000,4208.00000
2026-08-17 19:45:00+00:00,4419.40000,4421.01000,4416.61000,4419.84000,5737.00000
2026-08-17 20:00:00+00:00,4419.87000,4421.41000,4416.66000,4417.79000,2215.00000
2026-08-17 20:15:00+00:00,4417.82000,4418.14000,4414.97000,4415.17000,1270.00000
2026-08-17 20:30:00+00:00,4415.18000,4415.93000,4414.62000,4415.49000,1396.00000
2026-08-17 20:45:00+00:00,4415.42000,4416.70000,4414.87000,4416.64000,1255.00000
2026-08-17 22:00:00+00:00,4418.66000,4419.51000,4415.02000,4416.76000,2185.00000
2026-08-17 22:15:00+00:00,4416.73000,4417.32000,4411.99000,4412.51000,2083.00000
2026-08-17 22:30:00+00:00,4412.51000,4415.70000,4411.69000,4414.63000,2035.00000
2026-08-17 22:45:00+00:00,4414.60000,4416.32000,4410.56000,4411.84000,1703.00000
2026-08-17 23:00:00+00:00,4412.01000,4414.99000,4409.81000,4414.83000,1971.00000
2026-08-17 23:15:00+00:00,4415.00000,4421.87000,4414.95000,4420.34000,2557.00000
2026-08-17 23:30:00+00:00,4420.33000,4422.83000,4420.04000,4422.68000,2665.00000
2026-08-17 23:45:00+00:00,4422.66000,4426.09000,4421.62000,4425.98000,3115.00000
2026-08-18 00:00:00+00:00,4425.89000,4429.73000,4419.06000,4421.81000,5452.00000
2026-08-18 00:15:00+00:00,4421.77000,4431.57000,4420.97000,4431.44000,6032.00000
2026-08-18 00:30:00+00:00,4431.43000,4433.55000,4428.42000,4429.61000,4702.00000
2026-08-18 00:45:00+00:00,4429.60000,4435.02000,4428.60000,4434.73000,4505.00000
2026-08-18 01:00:00+00:00,4434.54000,4436.20000,4428.67000,4429.31000,8432.00000
2026-08-18 01:15:00+00:00,4429.30000,4430.86000,4420.13000,4424.97000,6994.00000
2026-08-18 01:30:00+00:00,4425.03000,4426.23000,4411.78000,4411.78000,5677.00000
2026-08-18 01:45:00+00:00,4411.79000,4412.27000,4404.29000,4408.12000,7887.00000
2026-08-18 02:00:00+00:00,4408.16000,4408.23000,4398.64000,4401.08000,6396.00000
2026-08-18 02:15:00+00:00,4400.98000,4405.53000,4400.43000,4402.41000,4563.00000
2026-08-18 02:30:00+00:00,4402.40000,4402.86000,4394.28000,4395.05000,6238.00000
2026-08-18 02:45:00+00:00,4395.15000,4400.53000,4394.35000,4399.99000,5177.00000
2026-08-18 03:00:00+00:00,4399.96000,4404.18000,4398.95000,4401.67000,5746.00000
2026-08-18 03:15:00+00:00,4401.68000,4402.25000,4394.42000,4397.25000,5267.00000
2026-08-18 03:30:00+00:00,4397.26000,4397.30000,4394.61000,4394.88000,4303.00000
2026-08-18 03:45:00+00:00,4394.82000,4395.13000,4390.68000,4391.95000,3926.00000
2026-08-18 04:00:00+00:00,4391.97000,4392.84000,4389.98000,4392.35000,3996.00000
2026-08-18 04:15:00+00:00,4392.40000,4393.68000,4390.77000,4392.47000,3407.00000
2026-08-18 04:30:00+00:00,4392.39000,4394.38000,4388.82000,4393.56000,4056.00000
2026-08-18 04:45:00+00:00,4393.53000,4395.51000,4392.25000,4393.66000,3151.00000
2026-08-18 05:00:00+00:00,4393.57000,4394.25000,4390.97000,4391.34000,3736.00000
2026-08-18 05:15:00+00:00,4391.41000,4396.13000,4391.27000,4391.46000,3389.00000
2026-08-18 05:30:00+00:00,4391.44000,4394.03000,4386.17000,4393.76000,6373.00000
2026-08-18 05:45:00+00:00,4393.89000,4397.68000,4393.11000,4394.43000,4966.00000
2026-08-18 06:00:00+00:00,4394.42000,4395.42000,4387.70000,4395.38000,6225.00000
2026-08-18 06:15:00+00:00,4395.37000,4399.89000,4393.71000,4399.52000,4983.00000
2026-08-18 06:30:00+00:00,4399.49000,4400.19000,4395.21000,4397.22000,4003.00000
2026-08-18 06:45:00+00:00,4397.34000,4399.42000,4397.33000,4398.94000,3458.00000
2026-08-18 07:00:00+00:00,4399.04000,4400.87000,4396.87000,4397.63000,4500.00000
2026-08-18 07:15:00+00:00,4397.62000,4403.46000,4397.52000,4403.08000,3821.00000
2026-08-18 07:30:00+00:00,4403.07000,4403.71000,4396.46000,4401.59000,4603.00000
2026-08-18 07:45:00+00:00,4401.58000,4402.78000,4395.50000,4395.76000,3870.00000
2026-08-18 08:00:00+00:00,4396.25000,4396.27000,4387.95000,4392.72000,5553.00000
2026-08-18 08:15:00+00:00,4392.68000,4393.48000,4386.88000,4389.40000,5240.00000
2026-08-18 08:30:00+00:00,4389.20000,4398.63000,4389.15000,4396.69000,5045.00000
2026-08-18 08:45:00+00:00,4396.68000,4397.01000,4391.64000,4393.34000,3944.00000
2026-08-18 09:00:00+00:00,4393.26000,4393.90000,4391.13000,4392.76000,4236.00000
2026-08-18 09:15:00+00:00,4392.71000,4392.82000,4388.58000,4389.43000,3977.00000
2026-08-18 09:30:00+00:00,4389.31000,4394.98000,4387.29000,4388.51000,4693.00000
2026-08-18 09:45:00+00:00,4388.48000,4395.03000,4387.03000,4393.36000,3734.00000
2026-08-18 10:00:00+00:00,4393.34000,4395.88000,4392.36000,4394.57000,3644.00000
2026-08-18 10:15:00+00:00,4394.77000,4396.17000,4389.85000,4392.09000,3097.00000
2026-08-18 10:30:00+00:00,4392.09000,4398.64000,4391.75000,4398.64000,3019.00000
2026-08-18 10:45:00+00:00,4398.65000,4399.64000,4396.50000,4397.69000,2808.00000
2026-08-18 11:00:00+00:00,4397.69000,4399.10000,4392.10000,4393.61000,3553.00000
2026-08-18 11:15:00+00:00,4393.62000,4394.76000,4389.69000,4390.13000,3747.00000
2026-08-18 11:30:00+00:00,4390.14000,4392.50000,4388.63000,4391.01000,4047.00000
2026-08-18 11:45:00+00:00,4391.02000,4396.83000,4389.86000,4396.01000,3695.00000
2026-08-18 12:00:00+00:00,4396.15000,4397.08000,4389.67000,4393.26000,5252.00000
2026-08-18 12:15:00+00:00,4393.28000,4400.74000,4391.57000,4395.29000,5463.00000
2026-08-18 12:30:00+00:00,4395.38000,4398.07000,4391.08000,4392.21000,5208.00000
2026-08-18 12:45:00+00:00,4392.37000,4397.03000,4390.79000,4394.22000,4863.00000
2026-08-18 13:00:00+00:00,4394.25000,4397.40000,4388.43000,4395.85000,7324.00000
2026-08-18 13:15:00+00:00,4395.86000,4396.17000,4388.25000,4389.10000,6839.00000
2026-08-18 13:30:00+00:00,4389.13000,4406.46000,4373.71000,4401.14000,11897.00000
2026-08-18 13:45:00+00:00,4401.33000,4402.23000,4389.50000,4394.65000,10798.00000
2026-08-18 14:00:00+00:00,4394.81000,4406.56000,4391.15000,4393.24000,10474.00000
2026-08-18 14:15:00+00:00,4393.36000,4405.10000,4392.36000,4394.22000,9496.00000
2026-08-18 14:30:00+00:00,4394.22000,4396.28000,4377.83000,4379.66000,10172.00000
2026-08-18 14:45:00+00:00,4379.98000,4388.91000,4363.81000,4366.58000,10625.00000
2026-08-18 15:00:00+00:00,4366.70000,4377.56000,4358.74000,4360.12000,11220.00000
2026-08-18 15:15:00+00:00,4360.10000,4365.31000,4351.76000,4355.07000,10641.00000
2026-08-18 15:30:00+00:00,4354.98000,4362.34000,4354.66000,4358.65000,9533.00000
2026-08-18 15:45:00+00:00,4358.83000,4366.63000,4358.80000,4364.83000,7542.00000
2026-08-18 16:00:00+00:00,4364.87000,4371.63000,4364.87000,4367.76000,6777.00000
2026-08-18 16:15:00+00:00,4367.82000,4369.67000,4363.54000,4364.16000,6512.00000
2026-08-18 16:30:00+00:00,4364.34000,4368.60000,4363.11000,4367.35000,6258.00000
2026-08-18 16:45:00+00:00,4367.37000,4368.84000,4363.09000,4363.97000,5847.00000
2026-08-18 17:00:00+00:00,4363.89000,4367.17000,4363.65000,4366.99000,5993.00000
2026-08-18 17:15:00+00:00,4367.03000,4368.31000,4363.18000,4365.44000,6274.00000
2026-08-18 17:30:00+00:00,4365.23000,4366.23000,4358.69000,4358.73000,6017.00000
2026-08-18 17:45:00+00:00,4358.72000,4360.43000,4356.79000,4357.78000,5060.00000
2026-08-18 18:00:00+00:00,4357.86000,4358.14000,4352.76000,4357.85000,5719.00000
2026-08-18 18:15:00+00:00,4357.93000,4360.98000,4355.72000,4360.27000,5284.00000
2026-08-18 18:30:00+00:00,4360.45000,4360.62000,4353.52000,4354.27000,4553.00000
2026-08-18 18:45:00+00:00,4354.24000,4356.15000,4352.86000,4354.29000,4041.00000
2026-08-18 19:00:00+00:00,4354.35000,4358.28000,4354.07000,4357.08000,3884.00000
2026-08-18 19:15:00+00:00,4357.04000,4358.75000,4352.44000,4354.82000,4213.00000
2026-08-18 19:30:00+00:00,4354.89000,4357.71000,4349.75000,4349.75000,4837.00000
2026-08-18 19:45:00+00:00,4350.03000,4353.25000,4338.49000,4345.63000,8333.00000
2026-08-18 20:00:00+00:00,4345.73000,4346.58000,4340.81000,4342.10000,3523.00000
2026-08-18 20:15:00+00:00,4342.12000,4342.40000,4333.57000,4337.94000,3217.00000
2026-08-18 20:30:00+00:00,4337.95000,4339.60000,4331.69000,4332.23000,2601.00000
2026-08-18 20:45:00+00:00,4332.19000,4335.34000,4329.15000,4334.25000,3513.00000
2026-08-18 22:00:00+00:00,4339.94000,4343.88000,4333.93000,4341.35000,2970.00000
2026-08-18 22:15:00+00:00,4341.62000,4342.62000,4333.95000,4336.40000,4181.00000
2026-08-18 22:30:00+00:00,4336.44000,4336.79000,4333.00000,4333.95000,2725.00000
2026-08-18 22:45:00+00:00,4333.94000,4335.77000,4333.24000,4333.90000,2519.00000
2026-08-18 23:00:00+00:00,4334.27000,4338.44000,4332.78000,4334.19000,3506.00000
2026-08-18 23:15:00+00:00,4334.18000,4337.44000,4330.05000,4330.49000,4010.00000
2026-08-18 23:30:00+00:00,4330.48000,4332.75000,4327.26000,4329.96000,4289.00000
2026-08-18 23:45:00+00:00,4329.95000,4334.35000,4329.72000,4333.11000,3914.00000
2026-08-19 00:00:00+00:00,4333.40000,4345.03000,4331.68000,4343.07000,6965.00000
2026-08-19 00:15:00+00:00,4343.05000,4346.44000,4339.29000,4342.99000,6202.00000
2026-08-19 00:30:00+00:00,4342.98000,4347.29000,4339.85000,4343.79000,5550.00000
2026-08-19 00:45:00+00:00,4343.72000,4344.87000,4337.23000,4338.21000,6407.00000
2026-08-19 01:00:00+00:00,4338.26000,4343.97000,4324.69000,4343.84000,9807.00000
2026-08-19 01:15:00+00:00,4343.83000,4346.30000,4333.12000,4342.43000,8549.00000
2026-08-19 01:30:00+00:00,4342.47000,4357.65000,4342.47000,4355.61000,7571.00000
2026-08-19 01:45:00+00:00,4355.59000,4356.74000,4350.67000,4356.57000,6106.00000
2026-08-19 02:00:00+00:00,4356.54000,4357.31000,4351.76000,4353.67000,5269.00000
2026-08-19 02:15:00+00:00,4353.75000,4362.08000,4352.59000,4359.73000,5205.00000
2026-08-19 02:30:00+00:00,4359.87000,4360.26000,4354.16000,4355.23000,6119.00000
2026-08-19 02:45:00+00:00,4355.31000,4357.18000,4351.49000,4354.91000,5853.00000
2026-08-19 03:00:00+00:00,4354.90000,4356.01000,4351.99000,4354.58000,5051.00000
2026-08-19 03:15:00+00:00,4354.57000,4357.88000,4351.91000,4357.14000,4025.00000
2026-08-19 03:30:00+00:00,4357.22000,4360.40000,4356.00000,4358.61000,3014.00000
2026-08-19 03:45:00+00:00,4358.58000,4358.88000,4354.79000,4355.01000,2403.00000
2026-08-19 04:00:00+00:00,4355.17000,4356.22000,4353.05000,4354.71000,2166.00000
2026-08-19 04:15:00+00:00,4354.67000,4354.99000,4350.11000,4351.21000,3210.00000
2026-08-19 04:30:00+00:00,4351.27000,4352.09000,4345.03000,4346.56000,3319.00000
2026-08-19 04:45:00+00:00,4346.55000,4348.57000,4343.93000,4348.51000,2913.00000
2026-08-19 05:00:00+00:00,4348.46000,4350.70000,4338.85000,4338.91000,4288.00000
2026-08-19 05:15:00+00:00,4338.92000,4345.34000,4336.72000,4345.26000,3798.00000
2026-08-19 05:30:00+00:00,4345.40000,4345.42000,4336.80000,4342.30000,7040.00000
2026-08-19 05:45:00+00:00,4342.30000,4342.30000,4335.18000,4335.67000,5978.00000
2026-08-19 06:00:00+00:00,4335.67000,4341.83000,4335.34000,4337.46000,6785.00000
2026-08-19 06:15:00+00:00,4337.27000,4348.31000,4336.91000,4343.22000,6350.00000
2026-08-19 06:30:00+00:00,4343.25000,4345.63000,4337.16000,4341.92000,5905.00000
2026-08-19 06:45:00+00:00,4341.96000,4349.44000,4340.81000,4349.21000,5949.00000
2026-08-19 07:00:00+00:00,4349.18000,4353.50000,4347.46000,4350.56000,4849.00000
2026-08-19 07:15:00+00:00,4350.54000,4357.02000,4347.53000,4356.80000,4854.00000
2026-08-19 07:30:00+00:00,4356.78000,4363.17000,4352.79000,4354.47000,4686.00000
2026-08-19 07:45:00+00:00,4354.48000,4357.71000,4354.28000,4354.86000,3808.00000
2026-08-19 08:00:00+00:00,4354.78000,4362.85000,4351.15000,4361.62000,6177.00000
2026-08-19 08:15:00+00:00,4361.62000,4362.49000,4357.38000,4361.00000,4784.00000
2026-08-19 08:30:00+00:00,4360.97000,4363.13000,4356.56000,4362.65000,4571.00000
2026-08-19 08:45:00+00:00,4362.64000,4363.26000,4354.84000,4355.75000,4454.00000
2026-08-19 09:00:00+00:00,4355.73000,4359.86000,4355.09000,4356.36000,4982.00000
2026-08-19 09:15:00+00:00,4356.35000,4357.47000,4353.51000,4356.64000,4635.00000
2026-08-19 09:30:00+00:00,4356.54000,4361.07000,4355.42000,4358.84000,4262.00000
2026-08-19 09:45:00+00:00,4358.81000,4362.00000,4358.06000,4361.95000,4224.00000
2026-08-19 10:00:00+00:00,4362.00000,4364.18000,4359.65000,4363.76000,4249.00000
2026-08-19 10:15:00+00:00,4363.80000,4369.13000,4363.59000,4368.78000,4282.00000
2026-08-19 10:30:00+00:00,4368.83000,4369.52000,4365.93000,4368.06000,3218.00000
2026-08-19 10:45:00+00:00,4368.09000,4369.53000,4366.29000,4367.31000,2686.00000
2026-08-19 11:00:00+00:00,4367.34000,4374.07000,4367.34000,4373.35000,4611.00000
2026-08-19 11:15:00+00:00,4373.35000,4374.09000,4368.93000,4370.94000,3512.00000
2026-08-19 11:30:00+00:00,4371.01000,4371.74000,4363.19000,4363.64000,4262.00000
2026-08-19 11:45:00+00:00,4363.60000,4367.61000,4363.46000,4364.71000,3998.00000
2026-08-19 12:00:00+00:00,4364.77000,4370.68000,4362.16000,4368.35000,4934.00000
2026-08-19 12:15:00+00:00,4368.63000,4373.54000,4366.05000,4369.43000,5777.00000
2026-08-19 12:30:00+00:00,4369.40000,4420.82000,4368.73000,4417.59000,11624.00000
2026-08-19 12:45:00+00:00,4417.82000,4442.26000,4411.47000,4438.83000,12406.00000
2026-08-19 13:00:00+00:00,4438.81000,4460.83000,4424.35000,4456.28000,12364.00000
2026-08-19 13:15:00+00:00,4456.67000,4464.28000,4455.01000,4458.24000,10917.00000
2026-08-19 13:30:00+00:00,4458.29000,4466.23000,4442.38000,4460.65000,12653.00000
2026-08-19 13:45:00+00:00,4460.47000,4463.27000,4445.18000,4459.85000,12155.00000
2026-08-19 14:00:00+00:00,4459.69000,4475.63000,4455.34000,4473.78000,12016.00000
2026-08-19 14:15:00+00:00,4473.88000,4487.83000,4470.25000,4486.04000,11733.00000
2026-08-19 14:30:00+00:00,4486.10000,4498.74000,4484.08000,4489.59000,11177.00000
2026-08-19 14:45:00+00:00,4489.60000,4489.72000,4478.07000,4488.24000,10657.00000
2026-08-19 15:00:00+00:00,4488.41000,4488.41000,4479.88000,4485.07000,9917.00000
2026-08-19 15:15:00+00:00,4485.61000,4487.92000,4478.21000,4483.70000,9695.00000
2026-08-19 15:30:00+00:00,4483.60000,4492.60000,4480.38000,4490.29000,8702.00000
2026-08-19 15:45:00+00:00,4490.24000,4494.06000,4488.71000,4493.85000,7836.00000
2026-08-19 16:00:00+00:00,4493.86000,4499.04000,4491.18000,4497.70000,7844.00000
2026-08-19 16:15:00+00:00,4497.81000,4499.34000,4490.63000,4491.23000,7446.00000
2026-08-19 16:30:00+00:00,4491.31000,4496.38000,4490.70000,4495.21000,7103.00000
2026-08-19 16:45:00+00:00,4495.19000,4497.83000,4493.23000,4493.30000,7314.00000
2026-08-19 17:00:00+00:00,4493.63000,4499.03000,4488.99000,4492.56000,8292.00000
2026-08-19 17:15:00+00:00,4492.75000,4492.79000,4486.21000,4488.02000,7775.00000
2026-08-19 17:30:00+00:00,4488.21000,4491.68000,4484.42000,4488.74000,6132.00000
2026-08-19 17:45:00+00:00,4488.50000,4489.57000,4484.44000,4486.96000,5223.00000
2026-08-19 18:00:00+00:00,4487.09000,4496.51000,4485.69000,4488.05000,8893.00000
2026-08-19 18:15:00+00:00,4488.03000,4488.03000,4472.94000,4475.48000,7896.00000
2026-08-19 18:30:00+00:00,4475.55000,4491.67000,4472.16000,4490.49000,8264.00000
2026-08-19 18:45:00+00:00,4490.54000,4496.80000,4489.50000,4495.21000,6219.00000
2026-08-19 19:00:00+00:00,4495.14000,4505.70000,4494.52000,4503.32000,7774.00000
2026-08-19 19:15:00+00:00,4503.34000,4507.69000,4502.66000,4507.02000,7012.00000
2026-08-19 19:30:00+00:00,4507.07000,4510.68000,4502.91000,4507.12000,7729.00000
2026-08-19 19:45:00+00:00,4507.04000,4512.25000,4505.28000,4511.26000,8681.00000
2026-08-19 20:00:00+00:00,4511.27000,4512.10000,4505.32000,4506.90000,3626.00000
2026-08-19 20:15:00+00:00,4506.96000,4522.15000,4506.47000,4518.58000,4194.00000
2026-08-19 20:30:00+00:00,4518.49000,4523.65000,4518.12000,4519.45000,3322.00000
2026-08-19 20:45:00+00:00,4519.82000,4524.22000,4519.52000,4522.92000,3112.00000
2026-08-19 22:00:00+00:00,4518.71000,4527.37000,4518.68000,4519.91000,5106.00000
2026-08-19 22:15:00+00:00,4519.91000,4521.50000,4519.08000,4520.90000,2702.00000
2026-08-19 22:30:00+00:00,4520.92000,4522.02000,4517.75000,4518.62000,3041.00000
2026-08-19 22:45:00+00:00,4518.54000,4522.01000,4516.38000,4518.88000,2483.00000
2026-08-19 23:00:00+00:00,4518.99000,4523.73000,4517.44000,4519.49000,4112.00000
2026-08-19 23:15:00+00:00,4519.32000,4520.27000,4515.40000,4517.73000,3118.00000
2026-08-19 23:30:00+00:00,4517.90000,4518.26000,4513.77000,4514.42000,3034.00000
2026-08-19 23:45:00+00:00,4514.54000,4517.43000,4511.37000,4511.81000,3200.00000
2026-08-20 00:00:00+00:00,4511.40000,4518.76000,4510.33000,4516.23000,7134.00000
2026-08-20 00:15:00+00:00,4516.27000,4521.29000,4508.68000,4510.36000,6646.00000
2026-08-20 00:30:00+00:00,4510.27000,4513.21000,4503.97000,4506.23000,5547.00000
2026-08-20 00:45:00+00:00,4505.86000,4510.50000,4503.99000,4504.69000,5931.00000
2026-08-20 01:00:00+00:00,4504.99000,4510.19000,4491.83000,4493.31000,10070.00000
2026-08-20 01:15:00+00:00,4493.45000,4503.33000,4492.64000,4500.57000,8427.00000
2026-08-20 01:30:00+00:00,4500.55000,4501.23000,4493.46000,4493.93000,8528.00000
2026-08-20 01:45:00+00:00,4493.90000,4495.65000,4484.48000,4489.73000,7446.00000
2026-08-20 02:00:00+00:00,4489.83000,4499.71000,4488.65000,4497.83000,8155.00000
2026-08-20 02:15:00+00:00,4497.78000,4497.84000,4489.57000,4492.83000,4899.00000
2026-08-20 02:30:00+00:00,4492.91000,4494.48000,4490.19000,4490.64000,5936.00000
2026-08-20 02:45:00+00:00,4490.84000,4494.71000,4488.98000,4490.81000,5592.00000
2026-08-20 03:00:00+00:00,4490.84000,4497.08000,4488.18000,4492.78000,6313.00000
2026-08-20 03:15:00+00:00,4492.73000,4496.62000,4490.50000,4493.61000,5321.00000
2026-08-20 03:30:00+00:00,4493.60000,4498.78000,4492.35000,4498.00000,4209.00000
2026-08-20 03:45:00+00:00,4497.78000,4500.97000,4496.93000,4498.84000,4224.00000
2026-08-20 04:00:00+00:00,4498.86000,4499.25000,4495.04000,4496.52000,3728.00000
2026-08-20 04:15:00+00:00,4496.47000,4497.25000,4489.91000,4490.03000,3850.00000
2026-08-20 04:30:00+00:00,4490.01000,4490.95000,4486.41000,4487.21000,4098.00000
2026-08-20 04:45:00+00:00,4487.20000,4491.56000,4487.04000,4488.62000,3227.00000
2026-08-20 05:00:00+00:00,4488.60000,4494.05000,4484.17000,4485.61000,3879.00000
2026-08-20 05:15:00+00:00,4485.65000,4487.09000,4483.10000,4483.18000,3992.00000
2026-08-20 05:30:00+00:00,4483.27000,4486.10000,4478.10000,4480.76000,6030.00000
2026-08-20 05:45:00+00:00,4480.74000,4483.21000,4478.01000,4481.36000,5146.00000
2026-08-20 06:00:00+00:00,4481.39000,4493.43000,4480.07000,4492.86000,5802.00000
2026-08-20 06:15:00+00:00,4492.94000,4495.98000,4491.88000,4494.15000,5179.00000
2026-08-20 06:30:00+00:00,4494.09000,4495.40000,4491.81000,4492.49000,4381.00000
2026-08-20 06:45:00+00:00,4492.55000,4495.27000,4491.25000,4493.88000,4738.00000
2026-08-20 07:00:00+00:00,4493.69000,4493.79000,4487.29000,4487.96000,5348.00000
2026-08-20 07:15:00+00:00,4487.95000,4490.50000,4483.75000,4484.04000,4875.00000
2026-08-20 07:30:00+00:00,4484.04000,4493.31000,4483.57000,4491.19000,6138.00000
2026-08-20 07:45:00+00:00,4491.10000,4493.97000,4488.44000,4490.97000,4740.00000
2026-08-20 08:00:00+00:00,4491.03000,4495.35000,4490.66000,4494.43000,6141.00000
2026-08-20 08:15:00+00:00,4494.42000,4498.73000,4490.11000,4491.36000,5592.00000
2026-08-20 08:30:00+00:00,4491.34000,4495.40000,4487.25000,4490.63000,6114.00000
2026-08-20 08:45:00+00:00,4490.62000,4492.11000,4487.71000,4489.42000,4803.00000
2026-08-20 09:00:00+00:00,4489.43000,4494.14000,4488.57000,4492.35000,4867.00000
2026-08-20 09:15:00+00:00,4492.41000,4493.90000,4488.18000,4490.04000,4449.00000
2026-08-20 09:30:00+00:00,4490.03000,4490.63000,4484.56000,4489.24000,4855.00000
2026-08-20 09:45:00+00:00,4489.13000,4489.13000,4481.71000,4482.77000,4800.00000
2026-08-20 10:00:00+00:00,4482.73000,4491.37000,4480.74000,4490.53000,4373.00000
2026-08-20 10:15:00+00:00,4490.58000,4494.15000,4486.48000,4493.80000,4399.00000
2026-08-20 10:30:00+00:00,4493.94000,4494.91000,4490.09000,4491.19000,4069.00000
2026-08-20 10:45:00+00:00,4491.17000,4491.24000,4487.57000,4490.13000,3760.00000
2026-08-20 11:00:00+00:00,4490.17000,4491.27000,4482.71000,4485.26000,5196.00000
2026-08-20 11:15:00+00:00,4484.97000,4489.83000,4481.17000,4484.28000,4974.00000
2026-08-20 11:30:00+00:00,4484.35000,4486.86000,4474.29000,4474.76000,5960.00000
2026-08-20 11:45:00+00:00,4474.90000,4475.76000,4465.47000,4467.06000,8241.00000
2026-08-20 12:00:00+00:00,4467.16000,4467.35000,4450.69000,4462.58000,10293.00000
2026-08-20 12:15:00+00:00,4462.85000,4467.91000,4457.06000,4459.49000,8980.00000
2026-08-20 12:30:00+00:00,4459.48000,4467.03000,4451.27000,4466.71000,9292.00000
2026-08-20 12:45:00+00:00,4466.68000,4477.16000,4464.15000,4474.83000,7661.00000
2026-08-20 13:00:00+00:00,4474.89000,4484.61000,4471.87000,4472.82000,9339.00000
2026-08-20 13:15:00+00:00,4472.86000,4476.71000,4470.20000,4471.76000,8337.00000
2026-08-20 13:30:00+00:00,4471.84000,4487.91000,4469.32000,4486.68000,11624.00000
2026-08-20 13:45:00+00:00,4486.79000,4489.32000,4479.46000,4481.74000,10633.00000
2026-08-20 14:00:00+00:00,4481.68000,4490.68000,4480.89000,4485.12000,10725.00000
2026-08-20 14:15:00+00:00,4485.14000,4493.91000,4481.74000,4491.65000,10125.00000
2026-08-20 14:30:00+00:00,4491.93000,4501.26000,4491.84000,4499.32000,9645.00000
2026-08-20 14:45:00+00:00,4499.21000,4516.37000,4498.80000,4516.03000,9391.00000
2026-08-20 15:00:00+00:00,4516.16000,4537.39000,4515.15000,4534.70000,12681.00000
2026-08-20 15:15:00+00:00,4534.91000,4540.93000,4523.59000,4532.51000,11780.00000
2026-08-20 15:30:00+00:00,4532.52000,4533.82000,4510.13000,4511.51000,10783.00000
2026-08-20 15:45:00+00:00,4511.51000,4524.17000,4510.96000,4521.62000,9664.00000
2026-08-20 16:00:00+00:00,4521.65000,4524.82000,4510.43000,4511.18000,9004.00000
2026-08-20 16:15:00+00:00,4511.18000,4513.19000,4505.54000,4509.33000,8310.00000
2026-08-20 16:30:00+00:00,4509.35000,4512.70000,4502.75000,4509.25000,8058.00000
2026-08-20 16:45:00+00:00,4509.25000,4513.69000,4507.45000,4510.02000,7054.00000
2026-08-20 17:00:00+00:00,4510.05000,4513.78000,4507.78000,4509.41000,6003.00000
2026-08-20 17:15:00+00:00,4509.40000,4516.66000,4507.88000,4512.90000,7161.00000
2026-08-20 17:30:00+00:00,4513.03000,4518.77000,4510.83000,4518.26000,6018.00000
2026-08-20 17:45:00+00:00,4518.25000,4520.46000,4517.12000,4519.90000,5153.00000
2026-08-20 18:00:00+00:00,4519.92000,4522.43000,4509.52000,4510.75000,6767.00000
2026-08-20 18:15:00+00:00,4510.71000,4520.21000,4508.34000,4519.08000,6234.00000
2026-08-20 18:30:00+00:00,4518.77000,4523.54000,4518.59000,4520.22000,5402.00000
2026-08-20 18:45:00+00:00,4520.36000,4525.34000,4518.09000,4522.06000,5191.00000
2026-08-20 19:00:00+00:00,4522.05000,4528.16000,4518.21000,4527.76000,5718.00000
2026-08-20 19:15:00+00:00,4527.75000,4529.46000,4522.75000,4522.84000,5407.00000
2026-08-20 19:30:00+00:00,4522.83000,4529.65000,4522.08000,4526.25000,6021.00000
2026-08-20 19:45:00+00:00,4526.26000,4532.21000,4524.96000,4528.70000,7589.00000
2026-08-20 20:00:00+00:00,4528.64000,4529.11000,4522.38000,4522.53000,3618.00000
2026-08-20 20:15:00+00:00,4522.49000,4522.78000,4520.50000,4520.83000,2419.00000
2026-08-20 20:30:00+00:00,4521.00000,4521.00000,4516.81000,4518.11000,2487.00000
2026-08-20 20:45:00+00:00,4518.27000,4521.23000,4517.92000,4519.21000,1976.00000
2026-08-20 22:00:00+00:00,4514.89000,4521.29000,4514.89000,4518.38000,2429.00000
2026-08-20 22:15:00+00:00,4518.64000,4520.89000,4518.09000,4519.71000,2293.00000
2026-08-20 22:30:00+00:00,4519.71000,4523.65000,4518.39000,4522.77000,2621.00000
2026-08-20 22:45:00+00:00,4522.74000,4524.37000,4519.68000,4524.17000,2497.00000
2026-08-20 23:00:00+00:00,4524.05000,4532.77000,4523.41000,4531.80000,3768.00000
2026-08-20 23:15:00+00:00,4531.83000,4532.35000,4522.76000,4527.09000,3275.00000
2026-08-20 23:30:00+00:00,4527.07000,4528.58000,4521.02000,4524.62000,3445.00000
2026-08-20 23:45:00+00:00,4524.61000,4528.04000,4523.33000,4526.30000,3514.00000
2026-08-21 00:00:00+00:00,4525.98000,4527.47000,4517.55000,4518.75000,6282.00000
2026-08-21 00:15:00+00:00,4518.63000,4520.71000,4513.85000,4514.94000,6130.00000
2026-08-21 00:30:00+00:00,4514.95000,4517.24000,4510.92000,4513.78000,5855.00000
2026-08-21 00:45:00+00:00,4513.79000,4514.04000,4509.79000,4510.57000,5721.00000
2026-08-21 01:00:00+00:00,4510.54000,4521.14000,4508.81000,4520.88000,9805.00000
2026-08-21 01:15:00+00:00,4520.86000,4530.63000,4520.44000,4529.51000,8055.00000
2026-08-21 01:30:00+00:00,4529.50000,4543.66000,4523.84000,4526.07000,8060.00000
2026-08-21 01:45:00+00:00,4526.16000,4533.42000,4525.48000,4530.83000,6379.00000
2026-08-21 02:00:00+00:00,4530.57000,4531.23000,4518.28000,4521.14000,6820.00000
2026-08-21 02:15:00+00:00,4521.16000,4529.48000,4520.31000,4527.33000,4391.00000
2026-08-21 02:30:00+00:00,4527.51000,4538.35000,4525.22000,4538.23000,6126.00000
2026-08-21 02:45:00+00:00,4538.26000,4542.75000,4532.57000,4533.79000,5702.00000
2026-08-21 03:00:00+00:00,4533.77000,4538.24000,4532.10000,4532.58000,5208.00000
2026-08-21 03:15:00+00:00,4532.59000,4534.80000,4529.67000,4529.70000,4743.00000
2026-08-21 03:30:00+00:00,4529.71000,4535.84000,4526.73000,4529.21000,4104.00000
2026-08-21 03:45:00+00:00,4529.17000,4535.78000,4528.26000,4535.47000,2905.00000
2026-08-21 04:00:00+00:00,4535.58000,4541.60000,4535.46000,4540.28000,4343.00000
2026-08-21 04:15:00+00:00,4540.33000,4547.29000,4537.50000,4546.84000,4586.00000
2026-08-21 04:30:00+00:00,4546.85000,4547.94000,4540.82000,4541.78000,3804.00000
2026-08-21 04:45:00+00:00,4541.75000,4542.47000,4540.09000,4540.64000,3043.00000
2026-08-21 05:00:00+00:00,4540.61000,4540.73000,4534.50000,4537.27000,4010.00000
2026-08-21 05:15:00+00:00,4537.28000,4538.73000,4530.55000,4530.55000,3981.00000
2026-08-21 05:30:00+00:00,4530.54000,4543.44000,4529.19000,4543.25000,6035.00000
2026-08-21 05:45:00+00:00,4543.27000,4556.34000,4541.72000,4553.66000,6272.00000
2026-08-21 06:00:00+00:00,4553.66000,4555.27000,4545.60000,4548.99000,6528.00000
2026-08-21 06:15:00+00:00,4549.01000,4558.01000,4549.01000,4555.54000,6308.00000
2026-08-21 06:30:00+00:00,4555.47000,4565.84000,4554.68000,4562.59000,6800.00000
2026-08-21 06:45:00+00:00,4562.58000,4567.65000,4560.93000,4560.95000,5966.00000
2026-08-21 07:00:00+00:00,4561.03000,4566.08000,4558.51000,4561.55000,5700.00000
2026-08-21 07:15:00+00:00,4561.62000,4567.96000,4559.81000,4561.75000,4696.00000
2026-08-21 07:30:00+00:00,4561.74000,4566.30000,4560.11000,4564.39000,5292.00000
2026-08-21 07:45:00+00:00,4564.51000,4568.01000,4560.93000,4564.32000,4692.00000
2026-08-21 08:00:00+00:00,4564.32000,4568.00000,4559.22000,4565.59000,5513.00000
2026-08-21 08:15:00+00:00,4565.57000,4581.85000,4563.99000,4579.38000,6962.00000
2026-08-21 08:30:00+00:00,4579.65000,4584.19000,4576.47000,4582.46000,6349.00000
2026-08-21 08:45:00+00:00,4582.65000,4585.02000,4580.42000,4583.94000,4766.00000
2026-08-21 09:00:00+00:00,4584.02000,4600.50000,4582.28000,4599.31000,6423.00000
2026-08-21 09:15:00+00:00,4599.41000,4602.04000,4581.23000,4582.30000,7106.00000
2026-08-21 09:30:00+00:00,4582.25000,4586.83000,4580.81000,4583.13000,5239.00000
2026-08-21 09:45:00+00:00,4583.10000,4585.57000,4580.43000,4582.59000,4042.00000
2026-08-21 10:00:00+00:00,4582.36000,4588.94000,4578.02000,4578.83000,5420.00000
2026-08-21 10:15:00+00:00,4578.85000,4589.33000,4578.61000,4588.61000,4988.00000
2026-08-21 10:30:00+00:00,4588.62000,4594.24000,4585.70000,4593.19000,4429.00000
2026-08-21 10:45:00+00:00,4593.22000,4593.67000,4587.86000,4588.54000,5045.00000
2026-08-21 11:00:00+00:00,4588.55000,4595.46000,4587.21000,4590.62000,5604.00000
2026-08-21 11:15:00+00:00,4590.64000,4600.90000,4590.63000,4598.43000,6736.00000
2026-08-21 11:30:00+00:00,4598.52000,4604.53000,4593.39000,4596.97000,7233.00000
2026-08-21 11:45:00+00:00,4596.98000,4600.59000,4595.80000,4597.14000,5946.00000
2026-08-21 12:00:00+00:00,4597.19000,4601.64000,4589.20000,4592.82000,7743.00000
2026-08-21 12:15:00+00:00,4592.92000,4595.88000,4581.99000,4584.88000,7092.00000
2026-08-21 12:30:00+00:00,4584.86000,4584.86000,4563.57000,4573.51000,8543.00000
2026-08-21 12:45:00+00:00,4573.61000,4580.98000,4573.23000,4578.04000,6898.00000
2026-08-21 13:00:00+00:00,4578.00000,4586.96000,4575.86000,4584.95000,9118.00000
2026-08-21 13:15:00+00:00,4585.38000,4587.80000,4579.32000,4584.17000,7819.00000
2026-08-21 13:30:00+00:00,4584.16000,4591.01000,4573.47000,4587.93000,11353.00000
2026-08-21 13:45:00+00:00,4586.15000,4592.96000,4576.85000,4581.08000,10323.00000
2026-08-21 14:00:00+00:00,4580.95000,4590.75000,4580.03000,4589.64000,9579.00000
2026-08-21 14:15:00+00:00,4589.80000,4603.21000,4586.52000,4603.13000,10004.00000
2026-08-21 14:30:00+00:00,4603.17000,4603.66000,4580.61000,4582.62000,11461.00000
2026-08-21 14:45:00+00:00,4582.53000,4595.24000,4580.70000,4591.70000,10384.00000
2026-08-21 15:00:00+00:00,4591.65000,4598.26000,4587.39000,4595.25000,9435.00000
2026-08-21 15:15:00+00:00,4595.55000,4607.44000,4595.21000,4602.89000,9071.00000
2026-08-21 15:30:00+00:00,4602.93000,4610.59000,4599.62000,4609.67000,9124.00000
2026-08-21 15:45:00+00:00,4609.65000,4615.34000,4607.13000,4614.57000,9411.00000
2026-08-21 16:00:00+00:00,4614.58000,4617.70000,4609.23000,4614.53000,9021.00000
2026-08-21 16:15:00+00:00,4614.61000,4620.59000,4610.54000,4614.03000,8092.00000
2026-08-21 16:30:00+00:00,4614.05000,4622.01000,4612.27000,4621.45000,7355.00000
2026-08-21 16:45:00+00:00,4621.48000,4629.28000,4621.05000,4628.95000,7441.00000
2026-08-21 17:00:00+00:00,4628.94000,4632.19000,4621.68000,4623.24000,8577.00000
2026-08-21 17:15:00+00:00,4623.39000,4625.96000,4615.41000,4622.05000,9242.00000
2026-08-21 17:30:00+00:00,4622.11000,4624.79000,4618.70000,4619.57000,6753.00000
2026-08-21 17:45:00+00:00,4619.55000,4622.49000,4617.01000,4620.61000,6424.00000
2026-08-21 18:00:00+00:00,4620.62000,4627.65000,4620.39000,4624.06000,5457.00000
2026-08-21 18:15:00+00:00,4624.04000,4627.58000,4624.04000,4625.09000,4441.00000
2026-08-21 18:30:00+00:00,4625.08000,4625.14000,4619.53000,4621.02000,5320.00000
2026-08-21 18:45:00+00:00,4621.03000,4625.89000,4620.94000,4624.48000,4039.00000
2026-08-21 19:00:00+00:00,4624.75000,4625.64000,4618.61000,4622.81000,4622.00000
2026-08-21 19:15:00+00:00,4622.81000,4623.41000,4617.78000,4617.99000,4460.00000
2026-08-21 19:30:00+00:00,4618.05000,4619.99000,4615.80000,4618.22000,5047.00000
2026-08-21 19:45:00+00:00,4618.21000,4623.75000,4615.66000,4616.99000,6246.00000
2026-08-21 20:00:00+00:00,4617.10000,4617.69000,4614.99000,4616.90000,2862.00000
2026-08-21 20:15:00+00:00,4617.33000,4617.65000,4610.23000,4610.96000,3106.00000
2026-08-21 20:30:00+00:00,4610.99000,4612.05000,4607.63000,4608.20000,2616.00000
2026-08-21 20:45:00+00:00,4608.23000,4608.88000,4602.70000,4603.80000,3391.00000
2026-08-23 22:00:00+00:00,4624.14000,4624.20000,4607.62000,4617.45000,5272.00000
2026-08-23 22:15:00+00:00,4617.46000,4620.94000,4612.95000,4614.24000,4117.00000
2026-08-23 22:30:00+00:00,4613.88000,4617.04000,4607.12000,4611.01000,4118.00000
2026-08-23 22:45:00+00:00,4611.07000,4611.09000,4606.15000,4606.26000,3572.00000
2026-08-23 23:00:00+00:00,4606.31000,4609.43000,4604.74000,4607.60000,3218.00000
2026-08-23 23:15:00+00:00,4607.59000,4616.02000,4606.88000,4615.21000,3288.00000
2026-08-23 23:30:00+00:00,4615.24000,4619.29000,4607.57000,4608.41000,4109.00000
2026-08-23 23:45:00+00:00,4608.42000,4624.65000,4608.26000,4624.18000,5585.00000
2026-08-24 00:00:00+00:00,4624.41000,4640.83000,4620.25000,4637.41000,9255.00000
2026-08-24 00:15:00+00:00,4637.37000,4640.47000,4594.82000,4604.92000,9744.00000
2026-08-24 00:30:00+00:00,4604.86000,4608.87000,4601.27000,4607.12000,8143.00000
2026-08-24 00:45:00+00:00,4607.10000,4623.31000,4603.99000,4621.87000,7231.00000
2026-08-24 01:00:00+00:00,4621.83000,4635.21000,4618.95000,4622.18000,10691.00000
2026-08-24 01:15:00+00:00,4622.29000,4625.81000,4611.20000,4614.55000,9961.00000
2026-08-24 01:30:00+00:00,4614.66000,4621.12000,4608.10000,4618.18000,9220.00000
2026-08-24 01:45:00+00:00,4618.17000,4637.70000,4615.16000,4632.32000,8593.00000
2026-08-24 02:00:00+00:00,4632.07000,4652.27000,4627.54000,4650.48000,9422.00000
2026-08-24 02:15:00+00:00,4650.56000,4655.43000,4649.39000,4655.25000,6944.00000
2026-08-24 02:30:00+00:00,4655.32000,4656.73000,4637.55000,4637.70000,8837.00000
2026-08-24 02:45:00+00:00,4637.71000,4644.80000,4627.59000,4643.75000,8621.00000
2026-08-24 03:00:00+00:00,4643.82000,4644.14000,4633.44000,4637.32000,6844.00000
2026-08-24 03:15:00+00:00,4637.29000,4648.47000,4635.56000,4643.88000,7501.00000
2026-08-24 03:30:00+00:00,4643.89000,4650.19000,4642.88000,4643.07000,5796.00000
2026-08-24 03:45:00+00:00,4642.83000,4644.84000,4640.16000,4641.65000,4573.00000
2026-08-24 04:00:00+00:00,4641.66000,4642.59000,4632.43000,4638.48000,5956.00000
2026-08-24 04:15:00+00:00,4638.43000,4641.97000,4634.63000,4640.46000,5399.00000
2026-08-24 04:30:00+00:00,4640.51000,4640.78000,4633.06000,4638.24000,5063.00000
2026-08-24 04:45:00+00:00,4638.27000,4640.45000,4635.96000,4638.98000,4204.00000
2026-08-24 05:00:00+00:00,4639.00000,4643.58000,4638.70000,4643.58000,5537.00000
2026-08-24 05:15:00+00:00,4643.50000,4646.54000,4636.15000,4636.16000,5662.00000
2026-08-24 05:30:00+00:00,4635.47000,4639.69000,4629.51000,4633.47000,8990.00000
2026-08-24 05:45:00+00:00,4633.45000,4643.29000,4630.35000,4640.98000,7548.00000
2026-08-24 06:00:00+00:00,4641.00000,4652.50000,4639.43000,4652.38000,8080.00000
2026-08-24 06:15:00+00:00,4651.95000,4659.91000,4640.76000,4642.58000,8699.00000
2026-08-24 06:30:00+00:00,4642.69000,4653.76000,4642.04000,4642.96000,7712.00000
2026-08-24 06:45:00+00:00,4643.00000,4654.01000,4642.92000,4650.09000,7354.00000
2026-08-24 07:00:00+00:00,4650.05000,4654.79000,4644.45000,4648.39000,7376.00000
2026-08-24 07:15:00+00:00,4648.34000,4650.16000,4642.37000,4642.82000,6566.00000
2026-08-24 07:30:00+00:00,4642.76000,4647.95000,4634.89000,4634.89000,6624.00000
2026-08-24 07:45:00+00:00,4635.29000,4643.93000,4630.20000,4641.68000,7281.00000
2026-08-24 08:00:00+00:00,4642.26000,4645.71000,4635.98000,4637.59000,7991.00000
2026-08-24 08:15:00+00:00,4637.41000,4639.73000,4629.43000,4629.43000,6685.00000
2026-08-24 08:30:00+00:00,4629.46000,4646.16000,4628.87000,4645.44000,5940.00000
2026-08-24 08:45:00+00:00,4645.62000,4646.11000,4636.16000,4637.95000,5327.00000
2026-08-24 09:00:00+00:00,4637.91000,4644.80000,4637.26000,4641.96000,5461.00000
2026-08-24 09:15:00+00:00,4641.92000,4642.02000,4634.93000,4635.94000,5025.00000
2026-08-24 09:30:00+00:00,4635.97000,4640.69000,4633.03000,4639.25000,5468.00000
2026-08-24 09:45:00+00:00,4639.13000,4646.17000,4638.95000,4645.99000,4659.00000
2026-08-24 10:00:00+00:00,4646.01000,4650.18000,4645.51000,4648.17000,5363.00000
2026-08-24 10:15:00+00:00,4648.28000,4648.57000,4642.42000,4643.24000,4984.00000
2026-08-24 10:30:00+00:00,4643.21000,4649.03000,4642.71000,4644.34000,5034.00000
2026-08-24 10:45:00+00:00,4644.18000,4647.14000,4641.76000,4643.36000,4976.00000
2026-08-24 11:00:00+00:00,4643.33000,4646.82000,4639.12000,4642.34000,5990.00000
2026-08-24 11:15:00+00:00,4642.33000,4647.52000,4640.42000,4646.55000,4891.00000
2026-08-24 11:30:00+00:00,4646.73000,4670.04000,4643.51000,4658.74000,10024.00000
2026-08-24 11:45:00+00:00,4658.93000,4661.58000,4648.33000,4657.90000,7991.00000
2026-08-24 12:00:00+00:00,4657.73000,4660.19000,4650.10000,4657.39000,7467.00000
2026-08-24 12:15:00+00:00,4657.38000,4662.75000,4651.72000,4661.87000,7729.00000
2026-08-24 12:30:00+00:00,4661.86000,4668.81000,4645.31000,4657.51000,8775.00000
2026-08-24 12:45:00+00:00,4657.50000,4667.43000,4654.49000,4662.87000,7264.00000
2026-08-24 13:00:00+00:00,4663.00000,4677.86000,4661.58000,4677.16000,9720.00000
2026-08-24 13:15:00+00:00,4677.42000,4677.95000,4667.80000,4672.43000,8994.00000
2026-08-24 13:30:00+00:00,4672.50000,4680.89000,4658.49000,4658.79000,12523.00000
2026-08-24 13:45:00+00:00,4658.47000,4678.27000,4656.13000,4664.78000,11921.00000
2026-08-24 14:00:00+00:00,4664.65000,4672.22000,4659.90000,4665.85000,11653.00000
2026-08-24 14:15:00+00:00,4665.75000,4675.12000,4655.52000,4671.83000,10910.00000
2026-08-24 14:30:00+00:00,4672.02000,4678.86000,4669.91000,4672.05000,9469.00000
2026-08-24 14:45:00+00:00,4672.09000,4676.01000,4656.97000,4670.42000,9622.00000
2026-08-24 15:00:00+00:00,4670.56000,4676.70000,4665.45000,4672.98000,9333.00000
2026-08-24 15:15:00+00:00,4673.00000,4679.59000,4668.24000,4675.93000,8697.00000
2026-08-24 15:30:00+00:00,4675.88000,4677.16000,4659.65000,4660.71000,9512.00000
2026-08-24 15:45:00+00:00,4660.64000,4663.22000,4640.06000,4649.11000,10379.00000
2026-08-24 16:00:00+00:00,4649.16000,4661.83000,4646.56000,4657.57000,8935.00000
2026-08-24 16:15:00+00:00,4657.58000,4660.50000,4656.09000,4658.93000,6721.00000
2026-08-24 16:30:00+00:00,4658.94000,4662.29000,4658.48000,4659.71000,6155.00000
2026-08-24 16:45:00+00:00,4659.68000,4660.07000,4641.75000,4644.85000,7403.00000
2026-08-24 17:00:00+00:00,4644.88000,4655.26000,4641.78000,4651.87000,8930.00000
2026-08-24 17:15:00+00:00,4651.80000,4654.19000,4630.37000,4638.53000,10218.00000
2026-08-24 17:30:00+00:00,4638.43000,4642.99000,4635.66000,4638.80000,7956.00000
2026-08-24 17:45:00+00:00,4638.78000,4639.13000,4632.93000,4636.68000,7180.00000
2026-08-24 18:00:00+00:00,4636.66000,4640.78000,4625.24000,4632.10000,7887.00000
2026-08-24 18:15:00+00:00,4632.13000,4642.28000,4627.30000,4640.50000,7490.00000
2026-08-24 18:30:00+00:00,4640.49000,4641.89000,4625.36000,4634.90000,7209.00000
2026-08-24 18:45:00+00:00,4634.86000,4637.73000,4631.64000,4636.66000,6159.00000
2026-08-24 19:00:00+00:00,4636.56000,4640.80000,4635.85000,4636.38000,5880.00000
2026-08-24 19:15:00+00:00,4636.36000,4645.05000,4635.98000,4641.45000,5752.00000
2026-08-24 19:30:00+00:00,4641.46000,4650.86000,4640.24000,4650.05000,6788.00000
2026-08-24 19:45:00+00:00,4650.13000,4656.23000,4649.93000,4651.47000,8008.00000
2026-08-24 20:00:00+00:00,4651.80000,4655.26000,4650.39000,4650.53000,3398.00000
2026-08-24 20:15:00+00:00,4650.56000,4653.74000,4649.02000,4649.33000,2168.00000
2026-08-24 20:30:00+00:00,4649.34000,4650.07000,4647.34000,4647.76000,1426.00000
2026-08-24 20:45:00+00:00,4647.81000,4652.68000,4647.26000,4651.75000,2141.00000
2026-08-24 22:00:00+00:00,4648.87000,4660.72000,4646.66000,4658.75000,3572.00000
2026-08-24 22:15:00+00:00,4658.83000,4659.61000,4656.86000,4657.79000,1665.00000
2026-08-24 22:30:00+00:00,4657.76000,4661.62000,4657.31000,4661.61000,1855.00000
2026-08-24 22:45:00+00:00,4661.48000,4668.48000,4660.45000,4667.72000,2144.00000
2026-08-24 23:00:00+00:00,4667.64000,4672.32000,4666.90000,4672.25000,2567.00000
2026-08-24 23:15:00+00:00,4672.41000,4676.95000,4669.26000,4669.36000,3368.00000
2026-08-24 23:30:00+00:00,4669.34000,4677.06000,4667.65000,4676.60000,3649.00000
2026-08-24 23:45:00+00:00,4676.59000,4682.56000,4675.11000,4679.91000,5049.00000
2026-08-25 00:00:00+00:00,4680.46000,4691.90000,4675.34000,4690.57000,8621.00000
2026-08-25 00:15:00+00:00,4690.55000,4691.32000,4676.70000,4682.41000,7478.00000
2026-08-25 00:30:00+00:00,4682.42000,4696.78000,4681.95000,4693.77000,8027.00000
2026-08-25 00:45:00+00:00,4693.84000,4694.76000,4683.93000,4684.04000,7642.00000
2026-08-25 01:00:00+00:00,4684.19000,4686.21000,4671.15000,4678.20000,9946.00000
2026-08-25 01:15:00+00:00,4678.19000,4680.16000,4664.27000,4669.58000,8616.00000
2026-08-25 01:30:00+00:00,4669.56000,4674.63000,4666.81000,4670.65000,8497.00000
2026-08-25 01:45:00+00:00,4670.67000,4675.72000,4656.65000,4658.04000,8620.00000
2026-08-25 02:00:00+00:00,4658.03000,4661.46000,4638.51000,4642.01000,10140.00000
2026-08-25 02:15:00+00:00,4641.98000,4656.88000,4641.18000,4656.46000,7115.00000
2026-08-25 02:30:00+00:00,4656.51000,4656.68000,4631.07000,4631.64000,9147.00000
2026-08-25 02:45:00+00:00,4631.02000,4637.45000,4615.85000,4629.64000,9708.00000
2026-08-25 03:00:00+00:00,4629.66000,4638.10000,4622.34000,4633.83000,8601.00000
2026-08-25 03:15:00+00:00,4633.82000,4638.49000,4632.16000,4637.88000,6960.00000
2026-08-25 03:30:00+00:00,4637.89000,4641.35000,4634.12000,4634.55000,5136.00000
2026-08-25 03:45:00+00:00,4634.54000,4635.92000,4631.38000,4633.70000,4588.00000
2026-08-25 04:00:00+00:00,4633.68000,4637.79000,4631.06000,4637.18000,4688.00000
2026-08-25 04:15:00+00:00,4637.18000,4637.19000,4628.98000,4630.89000,4565.00000
2026-08-25 04:30:00+00:00,4630.86000,4632.74000,4623.80000,4625.96000,5432.00000
2026-08-25 04:45:00+00:00,4625.94000,4628.93000,4624.25000,4625.97000,5113.00000
2026-08-25 05:00:00+00:00,4625.89000,4639.23000,4624.16000,4638.14000,5933.00000
2026-08-25 05:15:00+00:00,4638.11000,4647.96000,4638.01000,4646.62000,5111.00000
2026-08-25 05:30:00+00:00,4646.64000,4647.10000,4638.10000,4639.07000,7199.00000
2026-08-25 05:45:00+00:00,4639.03000,4646.03000,4635.92000,4643.08000,6878.00000
2026-08-25 06:00:00+00:00,4643.12000,4650.51000,4641.48000,4649.73000,6545.00000
2026-08-25 06:15:00+00:00,4649.73000,4653.43000,4645.57000,4650.16000,5752.00000
2026-08-25 06:30:00+00:00,4650.13000,4653.47000,4647.86000,4647.97000,5626.00000
2026-08-25 06:45:00+00:00,4647.83000,4649.32000,4636.85000,4638.42000,5478.00000
2026-08-25 07:00:00+00:00,4638.43000,4642.11000,4636.56000,4639.87000,5885.00000
2026-08-25 07:15:00+00:00,4639.86000,4643.81000,4634.28000,4634.59000,5202.00000
2026-08-25 07:30:00+00:00,4634.59000,4640.16000,4634.00000,4639.49000,5098.00000
2026-08-25 07:45:00+00:00,4639.76000,4640.68000,4629.90000,4630.16000,5102.00000
2026-08-25 08:00:00+00:00,4630.15000,4631.25000,4620.32000,4626.66000,7113.00000
2026-08-25 08:15:00+00:00,4626.52000,4645.33000,4625.95000,4632.95000,7497.00000
2026-08-25 08:30:00+00:00,4632.81000,4635.29000,4625.86000,4632.11000,6761.00000
2026-08-25 08:45:00+00:00,4631.85000,4633.72000,4625.13000,4630.29000,5229.00000
2026-08-25 09:00:00+00:00,4630.16000,4633.37000,4624.85000,4630.46000,6017.00000
2026-08-25 09:15:00+00:00,4630.45000,4633.46000,4625.80000,4626.59000,5195.00000
2026-08-25 09:30:00+00:00,4626.53000,4639.43000,4623.91000,4637.24000,7406.00000
2026-08-25 09:45:00+00:00,4637.21000,4642.48000,4635.94000,4636.49000,6329.00000
2026-08-25 10:00:00+00:00,4636.42000,4638.54000,4633.25000,4635.55000,5157.00000
2026-08-25 10:15:00+00:00,4635.50000,4638.99000,4632.94000,4633.72000,4518.00000
2026-08-25 10:30:00+00:00,4633.81000,4640.98000,4632.89000,4637.82000,4711.00000
2026-08-25 10:45:00+00:00,4637.87000,4642.39000,4637.06000,4639.35000,4586.00000
2026-08-25 11:00:00+00:00,4639.31000,4643.31000,4636.69000,4642.87000,5564.00000
2026-08-25 11:15:00+00:00,4642.93000,4645.15000,4639.07000,4641.64000,4859.00000
2026-08-25 11:30:00+00:00,4641.63000,4645.26000,4640.45000,4640.71000,5149.00000
2026-08-25 11:45:00+00:00,4640.75000,4647.45000,4640.71000,4642.49000,5560.00000
2026-08-25 12:00:00+00:00,4642.65000,4642.65000,4635.09000,4639.33000,6218.00000
2026-08-25 12:15:00+00:00,4639.19000,4639.43000,4632.06000,4637.38000,6002.00000
2026-08-25 12:30:00+00:00,4637.60000,4640.60000,4630.11000,4638.48000,6481.00000
2026-08-25 12:45:00+00:00,4638.59000,4644.28000,4637.42000,4640.92000,6170.00000
2026-08-25 13:00:00+00:00,4640.85000,4641.24000,4622.87000,4623.17000,9489.00000
2026-08-25 13:15:00+00:00,4623.06000,4628.05000,4608.78000,4609.83000,9594.00000
2026-08-25 13:30:00+00:00,4610.25000,4623.59000,4609.31000,4612.84000,11459.00000
2026-08-25 13:45:00+00:00,4612.91000,4617.74000,4605.41000,4616.60000,10705.00000
2026-08-25 14:00:00+00:00,4616.51000,4626.49000,4613.21000,4623.01000,10550.00000
2026-08-25 14:15:00+00:00,4623.03000,4628.43000,4618.53000,4623.94000,9480.00000
2026-08-25 14:30:00+00:00,4623.95000,4638.15000,4612.00000,4637.32000,9877.00000
2026-08-25 14:45:00+00:00,4637.18000,4640.06000,4632.73000,4635.68000,8364.00000
2026-08-25 15:00:00+00:00,4635.76000,4637.23000,4630.58000,4633.34000,8598.00000
2026-08-25 15:15:00+00:00,4633.35000,4644.75000,4629.67000,4639.90000,8577.00000
2026-08-25 15:30:00+00:00,4639.88000,4659.45000,4639.88000,4656.25000,10241.00000
2026-08-25 15:45:00+00:00,4656.28000,4657.40000,4648.96000,4652.68000,8454.00000
2026-08-25 16:00:00+00:00,4652.69000,4653.37000,4642.83000,4644.81000,7682.00000
2026-08-25 16:15:00+00:00,4644.69000,4647.32000,4638.00000,4640.73000,6924.00000
2026-08-25 16:30:00+00:00,4640.78000,4645.45000,4637.11000,4644.07000,6477.00000
2026-08-25 16:45:00+00:00,4644.06000,4646.55000,4640.52000,4643.49000,5817.00000
2026-08-25 17:00:00+00:00,4643.48000,4643.74000,4633.96000,4637.89000,6362.00000
2026-08-25 17:15:00+00:00,4637.96000,4645.07000,4634.47000,4637.11000,6431.00000
2026-08-25 17:30:00+00:00,4637.38000,4644.64000,4636.33000,4642.93000,5679.00000
2026-08-25 17:45:00+00:00,4643.01000,4648.45000,4642.75000,4648.42000,5131.00000
2026-08-25 18:00:00+00:00,4648.45000,4650.39000,4644.29000,4647.17000,5300.00000
2026-08-25 18:15:00+00:00,4647.08000,4650.58000,4646.33000,4649.98000,4405.00000
2026-08-25 18:30:00+00:00,4650.02000,4650.43000,4645.95000,4649.25000,4475.00000
2026-08-25 18:45:00+00:00,4649.25000,4655.03000,4649.25000,4654.54000,4633.00000
2026-08-25 19:00:00+00:00,4654.53000,4663.13000,4653.45000,4662.20000,5775.00000
2026-08-25 19:15:00+00:00,4662.20000,4668.01000,4660.03000,4661.01000,5636.00000
2026-08-25 19:30:00+00:00,4661.00000,4664.52000,4657.97000,4662.19000,5547.00000
2026-08-25 19:45:00+00:00,4662.14000,4667.61000,4660.45000,4666.97000,7109.00000
2026-08-25 20:00:00+00:00,4667.01000,4669.08000,4662.87000,4665.86000,4729.00000
2026-08-25 20:15:00+00:00,4665.84000,4667.76000,4662.05000,4662.44000,3488.00000
2026-08-25 20:30:00+00:00,4662.43000,4664.17000,4660.24000,4661.51000,3124.00000
2026-08-25 20:45:00+00:00,4661.52000,4662.23000,4657.67000,4658.70000,2953.00000
2026-08-25 22:00:00+00:00,4652.69000,4664.90000,4652.56000,4664.73000,2972.00000
2026-08-25 22:15:00+00:00,4664.67000,4666.88000,4664.58000,4666.84000,1826.00000
2026-08-25 22:30:00+00:00,4666.83000,4670.84000,4666.83000,4670.07000,2524.00000
2026-08-25 22:45:00+00:00,4669.95000,4673.75000,4669.85000,4672.70000,2352.00000
2026-08-25 23:00:00+00:00,4672.69000,4673.51000,4667.27000,4668.13000,2831.00000
2026-08-25 23:15:00+00:00,4668.11000,4668.19000,4660.31000,4661.06000,2924.00000
2026-08-25 23:30:00+00:00,4661.08000,4661.40000,4655.70000,4656.14000,2805.00000
2026-08-25 23:45:00+00:00,4656.11000,4658.83000,4653.20000,4654.87000,4368.00000
2026-08-26 00:00:00+00:00,4654.86000,4657.69000,4651.09000,4651.36000,6288.00000
2026-08-26 00:15:00+00:00,4651.33000,4655.00000,4643.07000,4646.70000,5404.00000
2026-08-26 00:30:00+00:00,4646.78000,4650.06000,4636.31000,4637.03000,5863.00000
2026-08-26 00:45:00+00:00,4637.04000,4638.97000,4634.46000,4637.49000,5814.00000
2026-08-26 01:00:00+00:00,4637.52000,4647.83000,4629.97000,4644.15000,8672.00000
2026-08-26 01:15:00+00:00,4644.14000,4650.41000,4643.48000,4643.58000,7291.00000
2026-08-26 01:30:00+00:00,4643.75000,4647.12000,4639.01000,4644.77000,8126.00000
2026-08-26 01:45:00+00:00,4644.75000,4660.89000,4643.08000,4657.08000,7880.00000
2026-08-26 02:00:00+00:00,4657.50000,4661.78000,4654.99000,4660.23000,7329.00000
2026-08-26 02:15:00+00:00,4660.27000,4661.74000,4656.23000,4659.02000,4506.00000
2026-08-26 02:30:00+00:00,4658.69000,4670.75000,4657.52000,4667.41000,7039.00000
2026-08-26 02:45:00+00:00,4667.18000,4669.13000,4658.00000,4658.51000,5873.00000
2026-08-26 03:00:00+00:00,4658.53000,4658.82000,4647.35000,4648.33000,6297.00000
2026-08-26 03:15:00+00:00,4648.31000,4650.77000,4645.96000,4650.26000,5725.00000
2026-08-26 03:30:00+00:00,4650.19000,4651.33000,4645.35000,4645.35000,4149.00000
2026-08-26 03:45:00+00:00,4645.40000,4645.50000,4642.41000,4642.64000,3684.00000
2026-08-26 04:00:00+00:00,4642.63000,4644.38000,4641.93000,4642.64000,3211.00000
2026-08-26 04:15:00+00:00,4642.62000,4643.36000,4641.19000,4642.27000,2957.00000
2026-08-26 04:30:00+00:00,4642.28000,4643.29000,4639.83000,4640.89000,3139.00000
2026-08-26 04:45:00+00:00,4640.87000,4641.85000,4638.90000,4640.68000,3516.00000
2026-08-26 05:00:00+00:00,4640.72000,4645.91000,4640.13000,4643.42000,4164.00000
2026-08-26 05:15:00+00:00,4643.41000,4645.42000,4641.36000,4643.42000,3999.00000
2026-08-26 05:30:00+00:00,4643.48000,4649.53000,4638.05000,4638.09000,7050.00000
2026-08-26 05:45:00+00:00,4638.10000,4640.59000,4635.52000,4639.66000,6391.00000
2026-08-26 06:00:00+00:00,4639.67000,4641.47000,4636.17000,4637.51000,6120.00000
2026-08-26 06:15:00+00:00,4637.60000,4637.84000,4624.70000,4626.81000,6964.00000
2026-08-26 06:30:00+00:00,4626.86000,4634.22000,4625.78000,4633.33000,5939.00000
2026-08-26 06:45:00+00:00,4633.30000,4636.81000,4630.47000,4634.28000,5472.00000
2026-08-26 07:00:00+00:00,4634.21000,4639.32000,4633.18000,4636.47000,5672.00000
2026-08-26 07:15:00+00:00,4636.48000,4637.71000,4630.82000,4631.38000,4781.00000
2026-08-26 07:30:00+00:00,4631.36000,4636.40000,4628.78000,4631.72000,4739.00000
2026-08-26 07:45:00+00:00,4631.92000,4634.87000,4626.58000,4629.01000,4874.00000
2026-08-26 08:00:00+00:00,4629.06000,4630.33000,4625.53000,4625.72000,5982.00000
2026-08-26 08:15:00+00:00,4625.67000,4629.60000,4622.26000,4629.58000,5245.00000
2026-08-26 08:30:00+00:00,4629.73000,4630.68000,4625.12000,4629.51000,4821.00000
2026-08-26 08:45:00+00:00,4629.48000,4629.97000,4626.07000,4628.31000,3701.00000
2026-08-26 09:00:00+00:00,4628.32000,4630.97000,4624.01000,4625.00000,5164.00000
2026-08-26 09:15:00+00:00,4625.04000,4625.15000,4616.30000,4616.86000,5168.00000
2026-08-26 09:30:00+00:00,4616.97000,4622.43000,4616.84000,4622.09000,4148.00000
2026-08-26 09:45:00+00:00,4622.04000,4625.67000,4622.02000,4623.40000,4068.00000
2026-08-26 10:00:00+00:00,4623.29000,4623.96000,4617.82000,4618.99000,3844.00000
2026-08-26 10:15:00+00:00,4619.01000,4620.46000,4613.46000,4615.14000,4366.00000
2026-08-26 10:30:00+00:00,4615.50000,4624.16000,4614.66000,4622.40000,4157.00000
2026-08-26 10:45:00+00:00,4622.39000,4624.03000,4618.93000,4620.29000,3376.00000
2026-08-26 11:00:00+00:00,4620.33000,4621.87000,4616.66000,4618.52000,4204.00000
2026-08-26 11:15:00+00:00,4618.51000,4623.03000,4616.61000,4620.59000,4716.00000
2026-08-26 11:30:00+00:00,4620.77000,4622.88000,4617.29000,4619.11000,4531.00000
2026-08-26 11:45:00+00:00,4619.13000,4625.22000,4617.01000,4624.78000,4660.00000
2026-08-26 12:00:00+00:00,4624.77000,4629.78000,4623.84000,4625.56000,6095.00000
2026-08-26 12:15:00+00:00,4625.57000,4631.18000,4624.59000,4630.62000,6019.00000
2026-08-26 12:30:00+00:00,4628.99000,4633.65000,4612.47000,4622.58000,10222.00000
2026-08-26 12:45:00+00:00,4622.54000,4626.30000,4610.89000,4614.61000,8666.00000
2026-08-26 13:00:00+00:00,4614.43000,4621.49000,4608.44000,4611.14000,9742.00000
2026-08-26 13:15:00+00:00,4611.34000,4614.24000,4597.89000,4611.34000,9660.00000
2026-08-26 13:30:00+00:00,4611.46000,4623.02000,4610.40000,4619.72000,11411.00000
2026-08-26 13:45:00+00:00,4619.57000,4631.96000,4618.38000,4631.64000,10662.00000
2026-08-26 14:00:00+00:00,4631.65000,4633.46000,4619.52000,4620.35000,10260.00000
2026-08-26 14:15:00+00:00,4620.43000,4626.77000,4616.34000,4616.72000,9296.00000
2026-08-26 14:30:00+00:00,4616.51000,4622.89000,4612.62000,4622.06000,8676.00000
2026-08-26 14:45:00+00:00,4622.11000,4622.88000,4602.87000,4602.92000,9444.00000
2026-08-26 15:00:00+00:00,4602.95000,4605.40000,4588.12000,4589.01000,10545.00000
2026-08-26 15:15:00+00:00,4589.02000,4598.21000,4583.10000,4594.86000,9696.00000
2026-08-26 15:30:00+00:00,4594.85000,4604.85000,4594.59000,4604.85000,7714.00000
2026-08-26 15:45:00+00:00,4604.91000,4609.31000,4596.10000,4596.13000,8349.00000
2026-08-26 16:00:00+00:00,4596.16000,4601.51000,4590.66000,4600.32000,8139.00000
2026-08-26 16:15:00+00:00,4600.29000,4600.93000,4594.20000,4595.06000,7042.00000
2026-08-26 16:30:00+00:00,4595.02000,4596.36000,4585.73000,4588.25000,7123.00000
2026-08-26 16:45:00+00:00,4588.23000,4596.84000,4588.10000,4591.63000,7408.00000
2026-08-26 17:00:00+00:00,4591.66000,4596.11000,4590.74000,4594.79000,6749.00000
2026-08-26 17:15:00+00:00,4594.80000,4598.86000,4593.54000,4597.79000,6715.00000
2026-08-26 17:30:00+00:00,4597.94000,4602.27000,4595.80000,4597.18000,6178.00000
2026-08-26 17:45:00+00:00,4597.17000,4599.26000,4594.32000,4597.84000,5188.00000
2026-08-26 18:00:00+00:00,4597.90000,4604.64000,4596.77000,4600.24000,5678.00000
2026-08-26 18:15:00+00:00,4600.28000,4600.57000,4592.80000,4594.79000,6100.00000
2026-08-26 18:30:00+00:00,4594.75000,4597.46000,4592.49000,4596.79000,4963.00000
2026-08-26 18:45:00+00:00,4596.60000,4597.76000,4593.27000,4593.80000,4657.00000
2026-08-26 19:00:00+00:00,4594.12000,4595.67000,4591.04000,4594.46000,5250.00000
2026-08-26 19:15:00+00:00,4594.45000,4598.99000,4591.33000,4598.47000,4910.00000
2026-08-26 19:30:00+00:00,4598.55000,4601.63000,4594.31000,4595.68000,4699.00000
2026-08-26 19:45:00+00:00,4595.68000,4596.51000,4592.40000,4594.28000,5996.00000
2026-08-26 20:00:00+00:00,4594.26000,4596.75000,4591.69000,4591.74000,3916.00000
2026-08-26 20:15:00+00:00,4591.79000,4592.04000,4584.16000,4591.38000,5187.00000
2026-08-26 20:30:00+00:00,4591.39000,4593.52000,4590.28000,4591.95000,3198.00000
2026-08-26 20:45:00+00:00,4591.74000,4594.57000,4591.47000,4594.57000,2752.00000
2026-08-26 22:00:00+00:00,4594.01000,4606.89000,4593.98000,4602.67000,3666.00000
2026-08-26 22:15:00+00:00,4602.81000,4613.42000,4602.05000,4610.91000,3739.00000
2026-08-26 22:30:00+00:00,4610.89000,4611.66000,4608.19000,4610.88000,2933.00000
2026-08-26 22:45:00+00:00,4610.89000,4612.09000,4606.93000,4609.33000,2674.00000
2026-08-26 23:00:00+00:00,4609.16000,4615.76000,4607.05000,4615.61000,3304.00000
2026-08-26 23:15:00+00:00,4615.46000,4622.40000,4614.49000,4620.20000,3062.00000
2026-08-26 23:30:00+00:00,4620.24000,4624.87000,4618.37000,4622.80000,2987.00000
2026-08-26 23:45:00+00:00,4622.77000,4624.90000,4620.93000,4623.72000,3758.00000
2026-08-27 00:00:00+00:00,4624.05000,4627.12000,4616.29000,4618.05000,5107.00000
2026-08-27 00:15:00+00:00,4618.07000,4621.60000,4613.41000,4619.19000,4786.00000
2026-08-27 00:30:00+00:00,4618.82000,4618.89000,4605.37000,4606.29000,5091.00000
2026-08-27 00:45:00+00:00,4606.28000,4611.13000,4600.60000,4605.11000,5860.00000
2026-08-27 01:00:00+00:00,4605.20000,4625.00000,4602.36000,4624.42000,8519.00000
2026-08-27 01:15:00+00:00,4624.51000,4625.14000,4617.04000,4618.79000,6399.00000
2026-08-27 01:30:00+00:00,4618.66000,4631.48000,4618.07000,4623.96000,7760.00000
2026-08-27 01:45:00+00:00,4623.95000,4640.86000,4623.76000,4640.15000,6914.00000
2026-08-27 02:00:00+00:00,4640.41000,4643.09000,4638.22000,4640.61000,6090.00000
2026-08-27 02:15:00+00:00,4640.66000,4640.70000,4632.88000,4633.21000,4461.00000
2026-08-27 02:30:00+00:00,4633.14000,4633.86000,4623.65000,4627.34000,6882.00000
2026-08-27 02:45:00+00:00,4627.33000,4631.38000,4624.44000,4629.66000,5332.00000
2026-08-27 03:00:00+00:00,4629.65000,4635.19000,4628.40000,4634.29000,5462.00000
2026-08-27 03:15:00+00:00,4634.34000,4638.68000,4633.02000,4635.44000,4724.00000
2026-08-27 03:30:00+00:00,4635.45000,4635.62000,4628.82000,4629.35000,3887.00000
2026-08-27 03:45:00+00:00,4629.34000,4629.64000,4624.43000,4625.49000,3519.00000
2026-08-27 04:00:00+00:00,4625.48000,4627.30000,4624.43000,4625.44000,3492.00000
2026-08-27 04:15:00+00:00,4625.43000,4627.02000,4620.67000,4620.68000,3351.00000
2026-08-27 04:30:00+00:00,4620.60000,4620.90000,4617.30000,4619.22000,3891.00000
2026-08-27 04:45:00+00:00,4619.21000,4620.66000,4617.60000,4618.80000,4076.00000
2026-08-27 05:00:00+00:00,4618.91000,4621.41000,4616.22000,4619.97000,4266.00000
2026-08-27 05:15:00+00:00,4619.94000,4621.55000,4617.09000,4617.23000,3803.00000
2026-08-27 05:30:00+00:00,4617.16000,4619.83000,4604.87000,4605.36000,8115.00000
2026-08-27 05:45:00+00:00,4605.34000,4609.64000,4600.94000,4607.04000,6953.00000
2026-08-27 06:00:00+00:00,4606.89000,4607.54000,4599.33000,4605.99000,6753.00000
2026-08-27 06:15:00+00:00,4606.00000,4610.46000,4603.70000,4610.38000,5847.00000
2026-08-27 06:30:00+00:00,4610.37000,4611.90000,4604.71000,4607.70000,5616.00000
2026-08-27 06:45:00+00:00,4607.56000,4609.72000,4597.64000,4600.39000,6312.00000
2026-08-27 07:00:00+00:00,4600.35000,4605.85000,4598.62000,4603.88000,6347.00000
2026-08-27 07:15:00+00:00,4603.88000,4603.88000,4593.61000,4599.32000,5567.00000
2026-08-27 07:30:00+00:00,4599.26000,4601.38000,4595.02000,4597.89000,5079.00000
2026-08-27 07:45:00+00:00,4597.92000,4602.51000,4595.77000,4600.22000,4780.00000
2026-08-27 08:00:00+00:00,4600.14000,4606.90000,4599.92000,4603.27000,5245.00000
2026-08-27 08:15:00+00:00,4603.34000,4606.21000,4600.20000,4600.85000,4741.00000
2026-08-27 08:30:00+00:00,4600.86000,4601.81000,4594.43000,4596.02000,5111.00000
2026-08-27 08:45:00+00:00,4596.00000,4602.26000,4595.62000,4598.99000,4907.00000
2026-08-27 09:00:00+00:00,4599.03000,4600.69000,4593.66000,4596.07000,5744.00000
2026-08-27 09:15:00+00:00,4596.04000,4599.34000,4593.76000,4597.75000,5231.00000
2026-08-27 09:30:00+00:00,4597.80000,4599.23000,4577.39000,4582.39000,6397.00000
2026-08-27 09:45:00+00:00,4582.39000,4585.92000,4579.15000,4580.31000,5267.00000
2026-08-27 10:00:00+00:00,4580.36000,4581.97000,4569.08000,4581.68000,6411.00000
2026-08-27 10:15:00+00:00,4581.69000,4583.52000,4577.38000,4580.41000,4670.00000
2026-08-27 10:30:00+00:00,4580.33000,4585.99000,4576.32000,4585.77000,4993.00000
2026-08-27 10:45:00+00:00,4585.69000,4590.56000,4585.66000,4590.18000,4910.00000
2026-08-27 11:00:00+00:00,4590.16000,4592.60000,4587.37000,4592.56000,4867.00000
2026-08-27 11:15:00+00:00,4592.55000,4596.74000,4591.22000,4594.56000,4561.00000
2026-08-27 11:30:00+00:00,4594.59000,4599.78000,4593.93000,4597.62000,5650.00000
2026-08-27 11:45:00+00:00,4597.60000,4600.39000,4594.57000,4598.42000,5203.00000
2026-08-27 12:00:00+00:00,4598.40000,4601.14000,4592.53000,4592.74000,5671.00000
2026-08-27 12:15:00+00:00,4592.74000,4600.65000,4591.67000,4595.79000,6007.00000
2026-08-27 12:30:00+00:00,4595.92000,4596.79000,4587.20000,4587.59000,6081.00000
2026-08-27 12:45:00+00:00,4587.58000,4588.08000,4580.48000,4585.86000,6310.00000
2026-08-27 13:00:00+00:00,4585.62000,4590.87000,4579.70000,4585.30000,9103.00000
2026-08-27 13:15:00+00:00,4585.31000,4593.26000,4583.04000,4590.23000,8038.00000
2026-08-27 13:30:00+00:00,4590.22000,4593.03000,4571.98000,4578.75000,11537.00000
2026-08-27 13:45:00+00:00,4578.65000,4582.88000,4564.98000,4572.46000,10972.00000
2026-08-27 14:00:00+00:00,4572.44000,4579.26000,4568.54000,4573.78000,10490.00000
2026-08-27 14:15:00+00:00,4573.81000,4584.21000,4573.78000,4581.30000,9515.00000
2026-08-27 14:30:00+00:00,4581.32000,4597.32000,4581.27000,4595.33000,9217.00000
2026-08-27 14:45:00+00:00,4595.48000,4598.24000,4588.19000,4591.32000,9333.00000
2026-08-27 15:00:00+00:00,4591.27000,4595.39000,4591.16000,4592.48000,7854.00000
2026-08-27 15:15:00+00:00,4592.47000,4597.99000,4588.86000,4593.05000,7702.00000
2026-08-27 15:30:00+00:00,4593.03000,4605.71000,4592.17000,4601.21000,8407.00000
2026-08-27 15:45:00+00:00,4601.25000,4611.28000,4600.27000,4610.49000,8472.00000
2026-08-27 16:00:00+00:00,4610.46000,4613.03000,4604.57000,4604.61000,7502.00000
2026-08-27 16:15:00+00:00,4604.68000,4608.51000,4602.49000,4607.66000,6445.00000
2026-08-27 16:30:00+00:00,4607.68000,4612.89000,4606.04000,4611.59000,6151.00000
2026-08-27 16:45:00+00:00,4611.61000,4616.66000,4610.25000,4614.93000,6697.00000
2026-08-27 17:00:00+00:00,4615.60000,4616.51000,4608.64000,4610.25000,6792.00000
2026-08-27 17:15:00+00:00,4610.29000,4612.03000,4608.47000,4610.35000,6239.00000
2026-08-27 17:30:00+00:00,4610.42000,4614.33000,4608.19000,4611.17000,5944.00000
2026-08-27 17:45:00+00:00,4611.28000,4611.75000,4605.15000,4606.48000,7346.00000
2026-08-27 18:00:00+00:00,4606.66000,4608.04000,4602.14000,4605.59000,7658.00000
2026-08-27 18:15:00+00:00,4605.62000,4607.98000,4601.59000,4601.61000,6114.00000
2026-08-27 18:30:00+00:00,4601.55000,4605.10000,4600.89000,4604.52000,5372.00000
2026-08-27 18:45:00+00:00,4604.55000,4611.19000,4604.33000,4610.42000,5188.00000
2026-08-27 19:00:00+00:00,4610.49000,4618.06000,4610.49000,4615.65000,6139.00000
2026-08-27 19:15:00+00:00,4615.64000,4616.21000,4604.30000,4605.86000,5494.00000
2026-08-27 19:30:00+00:00,4605.87000,4610.15000,4604.82000,4609.91000,5276.00000
2026-08-27 19:45:00+00:00,4609.89000,4612.69000,4605.41000,4609.35000,6380.00000
2026-08-27 20:00:00+00:00,4609.38000,4609.64000,4603.76000,4604.93000,3331.00000
2026-08-27 20:15:00+00:00,4604.90000,4605.47000,4602.79000,4603.71000,1965.00000
2026-08-27 20:30:00+00:00,4603.73000,4604.41000,4602.05000,4603.78000,1600.00000
2026-08-27 20:45:00+00:00,4603.76000,4604.72000,4600.02000,4601.68000,2641.00000
2026-08-27 22:00:00+00:00,4603.09000,4608.26000,4600.51000,4604.91000,3203.00000
2026-08-27 22:15:00+00:00,4604.86000,4608.41000,4604.48000,4607.78000,2353.00000
2026-08-27 22:30:00+00:00,4607.78000,4610.10000,4606.85000,4607.86000,2162.00000
2026-08-27 22:45:00+00:00,4607.70000,4610.86000,4606.72000,4610.79000,1759.00000
2026-08-27 23:00:00+00:00,4610.76000,4611.50000,4602.96000,4603.02000,2354.00000
2026-08-27 23:15:00+00:00,4603.01000,4603.75000,4600.03000,4601.04000,2033.00000
2026-08-27 23:30:00+00:00,4601.05000,4602.29000,4598.59000,4599.80000,2477.00000
2026-08-27 23:45:00+00:00,4599.74000,4599.74000,4594.42000,4594.62000,3353.00000
2026-08-28 00:00:00+00:00,4594.61000,4602.54000,4593.19000,4600.69000,5648.00000
2026-08-28 00:15:00+00:00,4600.68000,4600.83000,4590.55000,4594.06000,5167.00000
2026-08-28 00:30:00+00:00,4594.03000,4594.31000,4587.21000,4591.07000,4545.00000
2026-08-28 00:45:00+00:00,4591.05000,4591.17000,4585.76000,4588.81000,4663.00000
2026-08-28 01:00:00+00:00,4588.90000,4602.26000,4586.48000,4593.92000,8346.00000
2026-08-28 01:15:00+00:00,4593.94000,4598.08000,4583.96000,4585.76000,8381.00000
2026-08-28 01:30:00+00:00,4585.88000,4589.08000,4578.32000,4582.19000,8314.00000
2026-08-28 01:45:00+00:00,4582.13000,4583.25000,4575.45000,4575.93000,6889.00000
2026-08-28 02:00:00+00:00,4575.96000,4582.71000,4575.17000,4581.38000,5998.00000
2026-08-28 02:15:00+00:00,4581.44000,4584.91000,4578.76000,4583.47000,3946.00000
2026-08-28 02:30:00+00:00,4583.65000,4589.68000,4583.26000,4585.11000,6016.00000
2026-08-28 02:45:00+00:00,4585.10000,4587.30000,4582.35000,4586.39000,5234.00000
2026-08-28 03:00:00+00:00,4586.41000,4588.40000,4582.83000,4584.17000,5388.00000
2026-08-28 03:15:00+00:00,4584.18000,4590.06000,4584.17000,4588.02000,5088.00000
2026-08-28 03:30:00+00:00,4588.01000,4588.36000,4581.12000,4581.97000,3532.00000
2026-08-28 03:45:00+00:00,4582.04000,4582.14000,4578.70000,4579.99000,3101.00000
2026-08-28 04:00:00+00:00,4579.98000,4580.48000,4578.04000,4579.43000,3078.00000
2026-08-28 04:15:00+00:00,4579.32000,4585.45000,4578.82000,4584.81000,3170.00000
2026-08-28 04:30:00+00:00,4584.80000,4584.80000,4578.20000,4579.97000,2937.00000
2026-08-28 04:45:00+00:00,4579.98000,4585.32000,4578.34000,4584.42000,2605.00000
2026-08-28 05:00:00+00:00,4584.47000,4585.42000,4578.43000,4580.00000,3703.00000
2026-08-28 05:15:00+00:00,4579.88000,4586.30000,4579.15000,4584.16000,3486.00000
2026-08-28 05:30:00+00:00,4584.01000,4584.20000,4571.67000,4572.76000,7320.00000
2026-08-28 05:45:00+00:00,4572.81000,4577.44000,4571.79000,4573.31000,5519.00000
2026-08-28 06:00:00+00:00,4573.30000,4583.59000,4572.47000,4581.91000,6719.00000
2026-08-28 06:15:00+00:00,4581.90000,4585.64000,4580.79000,4585.02000,5943.00000
2026-08-28 06:30:00+00:00,4585.09000,4588.52000,4582.95000,4588.35000,6169.00000
2026-08-28 06:45:00+00:00,4588.35000,4613.27000,4588.27000,4612.69000,9119.00000
2026-08-28 07:00:00+00:00,4612.66000,4613.47000,4596.21000,4600.80000,7539.00000
2026-08-28 07:15:00+00:00,4600.78000,4610.12000,4599.48000,4607.54000,6181.00000
2026-08-28 07:30:00+00:00,4607.57000,4614.42000,4607.22000,4609.35000,5451.00000
2026-08-28 07:45:00+00:00,4609.30000,4613.48000,4607.60000,4611.93000,4636.00000
2026-08-28 08:00:00+00:00,4611.51000,4614.66000,4609.72000,4611.81000,5457.00000
2026-08-28 08:15:00+00:00,4611.82000,4612.43000,4608.18000,4609.11000,4448.00000
2026-08-28 08:30:00+00:00,4609.21000,4611.49000,4603.31000,4603.67000,5136.00000
2026-08-28 08:45:00+00:00,4603.51000,4606.20000,4601.01000,4602.92000,4671.00000
2026-08-28 09:00:00+00:00,4602.62000,4604.33000,4600.81000,4601.65000,4706.00000
2026-08-28 09:15:00+00:00,4601.62000,4604.09000,4600.48000,4601.91000,4821.00000
2026-08-28 09:30:00+00:00,4602.04000,4605.12000,4600.93000,4604.10000,4617.00000
2026-08-28 09:45:00+00:00,4604.09000,4607.48000,4603.18000,4605.16000,4060.00000
2026-08-28 10:00:00+00:00,4605.28000,4609.00000,4603.52000,4608.63000,4384.00000
2026-08-28 10:15:00+00:00,4608.64000,4609.88000,4601.98000,4605.33000,4327.00000
2026-08-28 10:30:00+00:00,4605.34000,4607.91000,4601.90000,4602.92000,4203.00000
2026-08-28 10:45:00+00:00,4602.87000,4603.26000,4597.48000,4600.20000,4507.00000
2026-08-28 11:00:00+00:00,4600.22000,4601.34000,4595.11000,4598.87000,5552.00000
2026-08-28 11:15:00+00:00,4598.90000,4601.19000,4597.67000,4598.99000,4628.00000
2026-08-28 11:30:00+00:00,4598.94000,4600.86000,4591.39000,4594.69000,5310.00000
2026-08-28 11:45:00+00:00,4594.72000,4596.07000,4591.56000,4593.36000,5055.00000
2026-08-28 12:00:00+00:00,4593.13000,4597.04000,4590.94000,4594.42000,6125.00000
2026-08-28 12:15:00+00:00,4594.47000,4603.79000,4592.50000,4601.44000,6249.00000
2026-08-28 12:30:00+00:00,4601.43000,4602.22000,4589.06000,4591.90000,7612.00000
2026-08-28 12:45:00+00:00,4591.92000,4602.61000,4590.31000,4601.71000,6913.00000
2026-08-28 13:00:00+00:00,4601.94000,4605.40000,4596.23000,4598.99000,8974.00000
2026-08-28 13:15:00+00:00,4599.12000,4604.52000,4593.79000,4604.03000,8294.00000
2026-08-28 13:30:00+00:00,4604.05000,4607.92000,4598.95000,4604.94000,10239.00000
2026-08-28 13:45:00+00:00,4604.95000,4627.45000,4601.56000,4606.87000,10082.00000
2026-08-28 14:00:00+00:00,4599.88000,4631.69000,4543.64000,4546.36000,13909.00000
2026-08-28 14:15:00+00:00,4546.40000,4568.47000,4530.16000,4552.05000,13521.00000
2026-08-28 14:30:00+00:00,4552.20000,4577.06000,4551.75000,4561.22000,13077.00000
2026-08-28 14:45:00+00:00,4560.96000,4580.74000,4550.59000,4576.70000,12545.00000
2026-08-28 15:00:00+00:00,4576.64000,4582.66000,4556.97000,4559.32000,12492.00000
2026-08-28 15:15:00+00:00,4559.18000,4569.34000,4551.64000,4566.69000,12030.00000
2026-08-28 15:30:00+00:00,4566.98000,4567.53000,4534.43000,4539.28000,11874.00000
2026-08-28 15:45:00+00:00,4539.55000,4545.99000,4524.15000,4524.60000,12578.00000
2026-08-28 16:00:00+00:00,4524.24000,4529.52000,4497.68000,4498.08000,12761.00000
2026-08-28 16:15:00+00:00,4498.03000,4503.64000,4464.38000,4480.92000,13019.00000
2026-08-28 16:30:00+00:00,4480.89000,4487.41000,4466.13000,4469.05000,12662.00000
2026-08-28 16:45:00+00:00,4469.18000,4485.12000,4469.18000,4479.51000,11071.00000
2026-08-28 17:00:00+00:00,4479.66000,4482.92000,4471.03000,4480.75000,11442.00000
2026-08-28 17:15:00+00:00,4480.76000,4486.59000,4475.08000,4478.22000,10544.00000
2026-08-28 17:30:00+00:00,4478.27000,4481.80000,4460.64000,4467.27000,9992.00000
2026-08-28 17:45:00+00:00,4467.32000,4475.68000,4466.57000,4469.41000,8662.00000
2026-08-28 18:00:00+00:00,4469.39000,4471.68000,4459.71000,4461.27000,9832.00000
2026-08-28 18:15:00+00:00,4461.32000,4463.36000,4452.59000,4456.22000,10318.00000
2026-08-28 18:30:00+00:00,4456.06000,4458.69000,4445.56000,4451.26000,9202.00000
2026-08-28 18:45:00+00:00,4451.22000,4458.35000,4448.48000,4456.94000,8753.00000
2026-08-28 19:00:00+00:00,4456.93000,4462.67000,4453.05000,4457.08000,9301.00000
2026-08-28 19:15:00+00:00,4457.07000,4463.62000,4455.27000,4462.17000,7194.00000
2026-08-28 19:30:00+00:00,4462.14000,4467.05000,4461.04000,4465.06000,6626.00000
2026-08-28 19:45:00+00:00,4465.03000,4465.03000,4452.84000,4458.41000,8283.00000
2026-08-28 20:00:00+00:00,4458.58000,4462.80000,4455.31000,4457.87000,4929.00000
2026-08-28 20:15:00+00:00,4457.91000,4460.62000,4453.80000,4458.16000,2926.00000
2026-08-28 20:30:00+00:00,4458.20000,4458.33000,4453.85000,4457.14000,2541.00000
2026-08-28 20:45:00+00:00,4457.20000,4460.03000,4453.13000,4455.01000,2953.00000
2026-08-30 22:00:00+00:00,4437.51000,4459.66000,4434.94000,4459.16000,5796.00000
2026-08-30 22:15:00+00:00,4459.09000,4466.06000,4456.16000,4459.63000,4905.00000
2026-08-30 22:30:00+00:00,4459.64000,4462.51000,4452.88000,4457.90000,4033.00000
2026-08-30 22:45:00+00:00,4457.84000,4462.49000,4457.03000,4461.50000,2668.00000
2026-08-30 23:00:00+00:00,4461.38000,4466.85000,4459.83000,4460.67000,3887.00000
2026-08-30 23:15:00+00:00,4460.75000,4465.23000,4455.29000,4457.64000,4157.00000
2026-08-30 23:30:00+00:00,4457.66000,4457.93000,4446.72000,4447.64000,5180.00000
2026-08-30 23:45:00+00:00,4447.63000,4460.55000,4435.96000,4458.57000,7413.00000
2026-08-31 00:00:00+00:00,4458.99000,4463.47000,4453.48000,4462.05000,8114.00000
2026-08-31 00:15:00+00:00,4461.89000,4465.25000,4452.31000,4456.92000,6430.00000
2026-08-31 00:30:00+00:00,4456.91000,4472.06000,4456.83000,4465.34000,6191.00000
2026-08-31 00:45:00+00:00,4465.35000,4468.97000,4456.15000,4456.37000,6094.00000
2026-08-31 01:00:00+00:00,4456.47000,4463.29000,4436.10000,4443.79000,11442.00000
2026-08-31 01:15:00+00:00,4443.78000,4454.35000,4442.30000,4444.01000,9610.00000
2026-08-31 01:30:00+00:00,4443.94000,4453.88000,4436.62000,4450.87000,9678.00000
2026-08-31 01:45:00+00:00,4450.87000,4452.65000,4436.32000,4440.25000,9259.00000
2026-08-31 02:00:00+00:00,4440.25000,4441.50000,4418.31000,4424.40000,9757.00000
2026-08-31 02:15:00+00:00,4424.37000,4428.01000,4418.83000,4423.09000,7621.00000
2026-08-31 02:30:00+00:00,4422.37000,4426.38000,4402.18000,4403.04000,9525.00000
2026-08-31 02:45:00+00:00,4403.10000,4423.02000,4396.52000,4423.01000,8087.00000
2026-08-31 03:00:00+00:00,4423.05000,4428.32000,4421.83000,4428.32000,6677.00000
2026-08-31 03:15:00+00:00,4428.31000,4434.06000,4426.45000,4427.82000,6157.00000
2026-08-31 03:30:00+00:00,4427.57000,4427.77000,4420.02000,4423.01000,4839.00000
2026-08-31 03:45:00+00:00,4422.92000,4426.99000,4421.60000,4422.58000,3818.00000
2026-08-31 04:00:00+00:00,4422.70000,4422.89000,4417.07000,4421.36000,4130.00000
2026-08-31 04:15:00+00:00,4421.13000,4421.62000,4415.94000,4416.01000,3991.00000
2026-08-31 04:30:00+00:00,4416.00000,4422.00000,4413.10000,4420.27000,4428.00000
2026-08-31 04:45:00+00:00,4420.26000,4425.01000,4418.75000,4424.62000,4346.00000
2026-08-31 05:00:00+00:00,4424.56000,4427.08000,4419.30000,4422.83000,5139.00000
2026-08-31 05:15:00+00:00,4422.77000,4440.75000,4422.15000,4440.38000,5755.00000
2026-08-31 05:30:00+00:00,4440.34000,4442.09000,4430.74000,4437.66000,7973.00000
2026-08-31 05:45:00+00:00,4437.67000,4443.81000,4434.30000,4443.00000,6499.00000
2026-08-31 06:00:00+00:00,4442.99000,4443.12000,4429.38000,4432.26000,6738.00000
2026-08-31 06:15:00+00:00,4432.22000,4439.12000,4431.47000,4436.01000,6448.00000
2026-08-31 06:30:00+00:00,4436.04000,4441.22000,4431.36000,4439.36000,5753.00000
2026-08-31 06:45:00+00:00,4439.59000,4442.66000,4436.67000,4439.37000,6065.00000
2026-08-31 07:00:00+00:00,4439.58000,4441.76000,4435.65000,4436.12000,5525.00000
2026-08-31 07:15:00+00:00,4436.13000,4448.26000,4435.18000,4444.01000,5782.00000
2026-08-31 07:30:00+00:00,4444.04000,4447.16000,4441.30000,4446.59000,5397.00000
2026-08-31 07:45:00+00:00,4446.57000,4447.84000,4440.91000,4443.33000,4859.00000
2026-08-31 08:00:00+00:00,4443.12000,4449.55000,4437.08000,4438.85000,5936.00000
2026-08-31 08:15:00+00:00,4438.81000,4441.39000,4436.23000,4440.18000,5432.00000
2026-08-31 08:30:00+00:00,4440.23000,4440.32000,4434.52000,4435.49000,5071.00000
2026-08-31 08:45:00+00:00,4435.48000,4436.98000,4433.87000,4435.61000,4281.00000
2026-08-31 09:00:00+00:00,4435.84000,4442.97000,4435.62000,4442.92000,4983.00000
2026-08-31 09:15:00+00:00,4442.96000,4444.24000,4438.13000,4439.21000,4184.00000
2026-08-31 09:30:00+00:00,4439.23000,4444.77000,4439.10000,4443.09000,3943.00000
2026-08-31 09:45:00+00:00,4443.12000,4445.52000,4441.02000,4445.34000,3887.00000
2026-08-31 10:00:00+00:00,4445.43000,4453.80000,4444.90000,4451.69000,5682.00000
2026-08-31 10:15:00+00:00,4451.75000,4452.15000,4446.50000,4448.49000,4937.00000
2026-08-31 10:30:00+00:00,4448.40000,4451.69000,4447.65000,4451.02000,4642.00000
2026-08-31 10:45:00+00:00,4450.94000,4455.66000,4449.43000,4453.83000,4520.00000
2026-08-31 11:00:00+00:00,4453.89000,4457.63000,4453.16000,4453.83000,4579.00000
2026-08-31 11:15:00+00:00,4453.83000,4464.10000,4452.75000,4463.36000,4609.00000
2026-08-31 11:30:00+00:00,4463.35000,4464.01000,4453.67000,4454.78000,5573.00000
2026-08-31 11:45:00+00:00,4454.84000,4456.33000,4452.62000,4455.51000,4840.00000
2026-08-31 12:00:00+00:00,4455.28000,4460.96000,4450.94000,4457.23000,6224.00000
2026-08-31 12:15:00+00:00,4457.27000,4458.79000,4447.37000,4447.70000,7204.00000
2026-08-31 12:30:00+00:00,4447.56000,4449.91000,4439.09000,4440.57000,7606.00000
2026-08-31 12:45:00+00:00,4440.54000,4441.57000,4435.51000,4435.78000,6808.00000
2026-08-31 13:00:00+00:00,4435.77000,4446.69000,4433.91000,4446.12000,9153.00000
2026-08-31 13:15:00+00:00,4446.01000,4448.32000,4439.20000,4446.04000,8205.00000
2026-08-31 13:30:00+00:00,4445.98000,4447.34000,4432.06000,4433.71000,11048.00000
2026-08-31 13:45:00+00:00,4433.70000,4433.70000,4415.69000,4418.46000,10616.00000
2026-08-31 14:00:00+00:00,4418.49000,4427.88000,4416.24000,4427.44000,10911.00000
2026-08-31 14:15:00+00:00,4427.39000,4431.03000,4416.53000,4420.24000,10124.00000
2026-08-31 14:30:00+00:00,4419.86000,4436.54000,4419.28000,4432.99000,9833.00000
2026-08-31 14:45:00+00:00,4433.01000,4436.25000,4426.11000,4431.67000,9752.00000
2026-08-31 15:00:00+00:00,4431.71000,4437.66000,4428.26000,4435.39000,9402.00000
2026-08-31 15:15:00+00:00,4435.48000,4437.93000,4429.16000,4433.07000,8581.00000
2026-08-31 15:30:00+00:00,4433.01000,4434.29000,4426.39000,4427.49000,8682.00000
2026-08-31 15:45:00+00:00,4427.51000,4433.59000,4424.57000,4426.25000,8226.00000
2026-08-31 16:00:00+00:00,4426.38000,4437.24000,4423.80000,4434.82000,8662.00000
2026-08-31 16:15:00+00:00,4434.87000,4438.72000,4433.38000,4438.46000,6692.00000
2026-08-31 16:30:00+00:00,4438.49000,4440.27000,4431.39000,4435.77000,7799.00000
2026-08-31 16:45:00+00:00,4435.73000,4437.55000,4432.27000,4433.26000,6572.00000
2026-08-31 17:00:00+00:00,4433.24000,4435.25000,4430.87000,4433.84000,6784.00000
2026-08-31 17:15:00+00:00,4433.57000,4437.04000,4428.52000,4430.51000,7243.00000
2026-08-31 17:30:00+00:00,4430.80000,4436.87000,4429.92000,4436.61000,6610.00000
2026-08-31 17:45:00+00:00,4436.33000,4440.10000,4435.73000,4436.58000,6205.00000
2026-08-31 18:00:00+00:00,4436.60000,4436.82000,4430.46000,4433.73000,5967.00000
2026-08-31 18:15:00+00:00,4433.68000,4434.56000,4429.59000,4429.76000,5309.00000
2026-08-31 18:30:00+00:00,4429.50000,4430.35000,4426.27000,4429.24000,6254.00000
2026-08-31 18:45:00+00:00,4429.25000,4434.66000,4429.13000,4430.90000,5352.00000
2026-08-31 19:00:00+00:00,4430.99000,4435.48000,4429.12000,4433.81000,5474.00000
2026-08-31 19:15:00+00:00,4433.80000,4442.45000,4432.95000,4440.53000,4974.00000
2026-08-31 19:30:00+00:00,4440.57000,4445.31000,4439.10000,4443.01000,6497.00000
2026-08-31 19:45:00+00:00,4442.97000,4453.65000,4441.57000,4453.52000,8366.00000
2026-08-31 20:00:00+00:00,4453.40000,4455.85000,4449.91000,4450.20000,4566.00000
2026-08-31 20:15:00+00:00,4450.14000,4450.46000,4446.99000,4447.37000,2428.00000
2026-08-31 20:30:00+00:00,4447.29000,4449.33000,4446.86000,4448.20000,1866.00000
2026-08-31 20:45:00+00:00,4448.14000,4449.12000,4446.58000,4449.08000,2104.00000
2026-08-31 22:00:00+00:00,4446.44000,4455.80000,4445.85000,4451.82000,3340.00000
2026-08-31 22:15:00+00:00,4451.62000,4452.19000,4447.95000,4449.93000,2013.00000
2026-08-31 22:30:00+00:00,4449.90000,4451.25000,4447.29000,4447.97000,1796.00000
2026-08-31 22:45:00+00:00,4447.98000,4448.32000,4445.66000,4447.03000,1931.00000
2026-08-31 23:00:00+00:00,4447.18000,4447.23000,4443.93000,4444.18000,2271.00000
2026-08-31 23:15:00+00:00,4444.16000,4444.41000,4441.57000,4443.38000,1860.00000
2026-08-31 23:30:00+00:00,4443.41000,4447.98000,4443.24000,4445.80000,2527.00000
2026-08-31 23:45:00+00:00,4445.79000,4452.51000,4445.71000,4452.37000,3945.00000
2026-09-01 00:00:00+00:00,4452.52000,4458.02000,4446.39000,4455.24000,7308.00000
2026-09-01 00:15:00+00:00,4455.30000,4461.51000,4452.72000,4460.31000,5593.00000
2026-09-01 00:30:00+00:00,4460.32000,4461.06000,4451.97000,4453.30000,4740.00000
2026-09-01 00:45:00+00:00,4453.29000,4461.47000,4450.90000,4453.70000,5888.00000
2026-09-01 01:00:00+00:00,4453.54000,4456.93000,4445.50000,4446.47000,8915.00000
2026-09-01 01:15:00+00:00,4446.48000,4447.84000,4437.90000,4439.83000,7301.00000
2026-09-01 01:30:00+00:00,4439.89000,4445.80000,4436.51000,4445.80000,7293.00000
2026-09-01 01:45:00+00:00,4445.70000,4446.67000,4439.48000,4444.41000,6602.00000
2026-09-01 02:00:00+00:00,4444.30000,4449.14000,4441.93000,4445.01000,6716.00000
2026-09-01 02:15:00+00:00,4445.02000,4448.35000,4440.53000,4440.62000,4326.00000
2026-09-01 02:30:00+00:00,4440.64000,4441.08000,4431.69000,4431.96000,7392.00000
2026-09-01 02:45:00+00:00,4431.97000,4443.21000,4427.91000,4443.17000,6295.00000
2026-09-01 03:00:00+00:00,4443.26000,4444.08000,4438.53000,4439.91000,5361.00000
2026-09-01 03:15:00+00:00,4439.89000,4440.42000,4431.88000,4434.10000,5145.00000
2026-09-01 03:30:00+00:00,4434.28000,4438.81000,4433.45000,4438.57000,3978.00000
2026-09-01 03:45:00+00:00,4438.50000,4443.26000,4436.71000,4436.72000,3278.00000
2026-09-01 04:00:00+00:00,4436.78000,4437.72000,4430.20000,4431.15000,4044.00000
2026-09-01 04:15:00+00:00,4431.17000,4433.70000,4429.58000,4429.74000,3288.00000
2026-09-01 04:30:00+00:00,4429.73000,4430.56000,4426.64000,4427.82000,3590.00000
2026-09-01 04:45:00+00:00,4427.83000,4429.66000,4425.44000,4426.68000,3962.00000
2026-09-01 05:00:00+00:00,4426.69000,4432.71000,4426.23000,4429.39000,3801.00000
2026-09-01 05:15:00+00:00,4429.38000,4430.63000,4425.39000,4426.82000,4378.00000
2026-09-01 05:30:00+00:00,4426.78000,4443.66000,4423.86000,4442.84000,8043.00000
2026-09-01 05:45:00+00:00,4442.81000,4446.06000,4440.07000,4440.17000,6408.00000
2026-09-01 06:00:00+00:00,4440.16000,4440.63000,4431.86000,4432.97000,6533.00000
2026-09-01 06:15:00+00:00,4432.95000,4435.07000,4427.79000,4429.07000,5633.00000
2026-09-01 06:30:00+00:00,4429.04000,4435.25000,4428.52000,4434.88000,5254.00000
2026-09-01 06:45:00+00:00,4434.89000,4435.33000,4428.26000,4429.62000,4935.00000
2026-09-01 07:00:00+00:00,4429.58000,4434.95000,4429.32000,4433.10000,7020.00000
2026-09-01 07:15:00+00:00,4433.09000,4433.62000,4425.85000,4426.05000,6614.00000
2026-09-01 07:30:00+00:00,4425.95000,4428.27000,4412.15000,4418.18000,7864.00000
2026-09-01 07:45:00+00:00,4418.16000,4423.30000,4416.90000,4420.23000,6902.00000
2026-09-01 08:00:00+00:00,4419.88000,4419.88000,4389.57000,4405.56000,10284.00000
2026-09-01 08:15:00+00:00,4405.55000,4405.82000,4381.90000,4383.10000,9361.00000
2026-09-01 08:30:00+00:00,4383.11000,4383.82000,4370.08000,4375.67000,9779.00000
2026-09-01 08:45:00+00:00,4375.66000,4378.52000,4369.16000,4370.87000,8687.00000
2026-09-01 09:00:00+00:00,4370.77000,4376.14000,4366.55000,4376.06000,8760.00000
2026-09-01 09:15:00+00:00,4376.04000,4378.08000,4370.72000,4373.01000,7259.00000
2026-09-01 09:30:00+00:00,4372.92000,4373.05000,4365.39000,4371.74000,7311.00000
2026-09-01 09:45:00+00:00,4371.65000,4373.66000,4364.11000,4364.84000,6373.00000
2026-09-01 10:00:00+00:00,4364.82000,4381.91000,4364.33000,4378.35000,6700.00000
2026-09-01 10:15:00+00:00,4378.41000,4385.57000,4378.38000,4384.98000,6036.00000
2026-09-01 10:30:00+00:00,4385.00000,4386.01000,4381.62000,4381.62000,5265.00000
2026-09-01 10:45:00+00:00,4381.73000,4381.74000,4375.22000,4378.22000,6332.00000
2026-09-01 11:00:00+00:00,4378.23000,4383.11000,4376.01000,4377.28000,6576.00000
2026-09-01 11:15:00+00:00,4377.32000,4381.96000,4374.94000,4380.57000,6117.00000
2026-09-01 11:30:00+00:00,4380.56000,4384.86000,4378.36000,4384.18000,5519.00000
2026-09-01 11:45:00+00:00,4384.17000,4387.20000,4372.02000,4374.50000,6477.00000
2026-09-01 12:00:00+00:00,4374.53000,4374.60000,4366.96000,4370.99000,7632.00000
2026-09-01 12:15:00+00:00,4370.81000,4376.10000,4365.92000,4368.63000,8437.00000
2026-09-01 12:30:00+00:00,4368.67000,4368.83000,4351.94000,4364.89000,9791.00000
2026-09-01 12:45:00+00:00,4364.87000,4369.82000,4356.24000,4356.32000,8522.00000
2026-09-01 13:00:00+00:00,4356.34000,4357.74000,4326.20000,4329.57000,11979.00000
2026-09-01 13:15:00+00:00,4329.56000,4344.56000,4326.44000,4343.19000,10043.00000
2026-09-01 13:30:00+00:00,4343.04000,4362.34000,4341.20000,4361.89000,11922.00000
2026-09-01 13:45:00+00:00,4361.92000,4367.22000,4354.29000,4364.93000,11032.00000
2026-09-01 14:00:00+00:00,4365.21000,4371.00000,4353.31000,4370.23000,11584.00000
2026-09-01 14:15:00+00:00,4370.34000,4375.65000,4365.79000,4365.79000,10316.00000
2026-09-01 14:30:00+00:00,4365.82000,4373.26000,4364.31000,4367.05000,9899.00000
2026-09-01 14:45:00+00:00,4367.05000,4370.31000,4356.81000,4360.43000,9582.00000
2026-09-01 15:00:00+00:00,4360.58000,4363.03000,4355.31000,4357.28000,9193.00000
2026-09-01 15:15:00+00:00,4357.58000,4365.87000,4356.25000,4365.78000,8471.00000
2026-09-01 15:30:00+00:00,4365.84000,4370.87000,4361.67000,4370.83000,8270.00000
2026-09-01 15:45:00+00:00,4370.81000,4373.87000,4368.69000,4372.98000,7282.00000
2026-09-01 16:00:00+00:00,4373.13000,4374.88000,4362.51000,4362.54000,8069.00000
2026-09-01 16:15:00+00:00,4362.44000,4365.59000,4352.44000,4352.85000,9937.00000
2026-09-01 16:30:00+00:00,4352.52000,4357.77000,4347.04000,4354.97000,9623.00000
2026-09-01 16:45:00+00:00,4354.93000,4359.09000,4351.17000,4351.38000,7826.00000
2026-09-01 17:00:00+00:00,4351.46000,4352.02000,4344.40000,4346.47000,7928.00000
2026-09-01 17:15:00+00:00,4346.47000,4350.16000,4342.70000,4350.03000,8272.00000
2026-09-01 17:30:00+00:00,4349.87000,4352.00000,4342.87000,4344.07000,8239.00000
2026-09-01 17:45:00+00:00,4344.06000,4344.56000,4341.10000,4343.02000,6036.00000
2026-09-01 18:00:00+00:00,4343.16000,4344.58000,4334.54000,4336.49000,6803.00000
2026-09-01 18:15:00+00:00,4336.49000,4341.75000,4335.69000,4337.57000,6591.00000
2026-09-01 18:30:00+00:00,4337.56000,4337.66000,4328.46000,4329.66000,7109.00000
2026-09-01 18:45:00+00:00,4329.65000,4334.38000,4328.00000,4331.77000,6900.00000
2026-09-01 19:00:00+00:00,4331.66000,4337.39000,4329.15000,4337.39000,7198.00000
2026-09-01 19:15:00+00:00,4337.42000,4337.71000,4333.43000,4334.51000,5980.00000
2026-09-01 19:30:00+00:00,4334.52000,4334.79000,4322.85000,4326.46000,6896.00000
2026-09-01 19:45:00+00:00,4326.27000,4330.46000,4323.55000,4326.90000,7443.00000
2026-09-01 20:00:00+00:00,4327.00000,4330.80000,4323.72000,4325.72000,4593.00000
2026-09-01 20:15:00+00:00,4325.91000,4329.04000,4324.84000,4326.11000,2832.00000
2026-09-01 20:30:00+00:00,4326.07000,4330.47000,4325.31000,4327.65000,2607.00000
2026-09-01 20:45:00+00:00,4327.44000,4329.80000,4326.89000,4328.21000,2539.00000
2026-09-01 22:00:00+00:00,4331.29000,4334.54000,4328.55000,4329.31000,2613.00000
2026-09-01 22:15:00+00:00,4329.34000,4329.52000,4327.30000,4327.93000,2404.00000
2026-09-01 22:30:00+00:00,4327.94000,4329.64000,4326.33000,4328.24000,2020.00000
2026-09-01 22:45:00+00:00,4328.22000,4331.08000,4327.51000,4329.45000,2068.00000
2026-09-01 23:00:00+00:00,4329.39000,4332.41000,4327.19000,4330.64000,2615.00000
2026-09-01 23:15:00+00:00,4330.58000,4331.63000,4326.01000,4330.90000,2496.00000
2026-09-01 23:30:00+00:00,4330.93000,4335.75000,4330.70000,4333.93000,2887.00000
2026-09-01 23:45:00+00:00,4333.95000,4333.97000,4323.02000,4324.51000,4076.00000
2026-09-02 00:00:00+00:00,4324.56000,4330.55000,4316.17000,4328.22000,8346.00000
2026-09-02 00:15:00+00:00,4328.19000,4334.54000,4322.64000,4325.87000,7650.00000
2026-09-02 00:30:00+00:00,4325.86000,4331.64000,4320.56000,4330.16000,6787.00000
2026-09-02 00:45:00+00:00,4329.99000,4331.26000,4314.50000,4315.91000,6781.00000
2026-09-02 01:00:00+00:00,4315.89000,4322.66000,4304.93000,4317.63000,11085.00000
2026-09-02 01:15:00+00:00,4317.39000,4326.67000,4315.47000,4317.38000,8882.00000
2026-09-02 01:30:00+00:00,4317.47000,4318.53000,4305.21000,4309.20000,9097.00000
2026-09-02 01:45:00+00:00,4309.19000,4309.92000,4288.72000,4291.02000,9020.00000
2026-09-02 02:00:00+00:00,4291.06000,4301.91000,4287.43000,4296.23000,8269.00000
2026-09-02 02:15:00+00:00,4296.40000,4306.43000,4296.18000,4304.43000,5941.00000
2026-09-02 02:30:00+00:00,4304.67000,4314.87000,4299.57000,4309.29000,7691.00000
2026-09-02 02:45:00+00:00,4309.27000,4311.22000,4300.28000,4302.85000,6186.00000
2026-09-02 03:00:00+00:00,4302.84000,4304.26000,4296.95000,4300.80000,6150.00000
2026-09-02 03:15:00+00:00,4300.77000,4302.44000,4289.48000,4293.71000,6761.00000
2026-09-02 03:30:00+00:00,4293.68000,4293.85000,4282.57000,4288.63000,6256.00000
2026-09-02 03:45:00+00:00,4288.60000,4303.77000,4288.58000,4303.30000,4935.00000
2026-09-02 04:00:00+00:00,4303.29000,4306.75000,4302.18000,4304.35000,4351.00000
2026-09-02 04:15:00+00:00,4304.33000,4305.53000,4301.39000,4302.84000,4377.00000
2026-09-02 04:30:00+00:00,4303.02000,4307.71000,4302.62000,4304.74000,3657.00000
2026-09-02 04:45:00+00:00,4304.98000,4307.66000,4303.90000,4307.26000,3247.00000
2026-09-02 05:00:00+00:00,4307.30000,4310.05000,4303.69000,4310.04000,4500.00000
2026-09-02 05:15:00+00:00,4310.01000,4313.96000,4306.83000,4313.21000,5465.00000
2026-09-02 05:30:00+00:00,4313.17000,4325.06000,4313.17000,4323.15000,8050.00000
2026-09-02 05:45:00+00:00,4323.16000,4326.44000,4319.34000,4319.99000,5933.00000
2026-09-02 06:00:00+00:00,4319.99000,4329.23000,4317.60000,4326.64000,7566.00000
2026-09-02 06:15:00+00:00,4326.64000,4328.59000,4320.84000,4322.67000,7038.00000
2026-09-02 06:30:00+00:00,4322.79000,4326.43000,4316.86000,4324.33000,7798.00000
2026-09-02 06:45:00+00:00,4324.33000,4325.00000,4314.72000,4321.68000,7166.00000
2026-09-02 07:00:00+00:00,4321.71000,4331.09000,4319.19000,4326.81000,7831.00000
2026-09-02 07:15:00+00:00,4326.69000,4329.30000,4324.98000,4326.86000,6979.00000
2026-09-02 07:30:00+00:00,4326.84000,4331.35000,4321.96000,4322.71000,6136.00000
2026-09-02 07:45:00+00:00,4322.74000,4325.09000,4320.64000,4323.30000,5893.00000
2026-09-02 08:00:00+00:00,4323.32000,4331.71000,4322.21000,4325.61000,6903.00000
2026-09-02 08:15:00+00:00,4325.60000,4327.80000,4322.74000,4323.17000,6183.00000
2026-09-02 08:30:00+00:00,4323.20000,4326.76000,4319.58000,4322.06000,6125.00000
2026-09-02 08:45:00+00:00,4322.05000,4322.61000,4312.59000,4312.99000,6831.00000
2026-09-02 09:00:00+00:00,4312.97000,4322.43000,4312.35000,4313.94000,7041.00000
2026-09-02 09:15:00+00:00,4313.92000,4315.35000,4305.04000,4309.14000,6773.00000
2026-09-02 09:30:00+00:00,4309.13000,4311.86000,4307.27000,4310.14000,6079.00000
2026-09-02 09:45:00+00:00,4310.12000,4311.49000,4307.97000,4308.60000,5358.00000
2026-09-02 10:00:00+00:00,4308.62000,4309.62000,4301.86000,4306.84000,6020.00000
2026-09-02 10:15:00+00:00,4306.72000,4312.32000,4306.09000,4309.94000,5108.00000
2026-09-02 10:30:00+00:00,4309.96000,4310.75000,4307.27000,4309.48000,4899.00000
2026-09-02 10:45:00+00:00,4309.47000,4310.44000,4305.30000,4309.36000,5189.00000
2026-09-02 11:00:00+00:00,4309.36000,4324.54000,4307.71000,4322.85000,7343.00000
2026-09-02 11:15:00+00:00,4322.67000,4323.26000,4315.75000,4321.92000,7462.00000
2026-09-02 11:30:00+00:00,4321.89000,4332.94000,4321.75000,4324.69000,7394.00000
2026-09-02 11:45:00+00:00,4324.75000,4332.90000,4323.46000,4332.37000,6377.00000
2026-09-02 12:00:00+00:00,4332.44000,4336.33000,4329.10000,4333.35000,8349.00000
2026-09-02 12:15:00+00:00,4333.13000,4344.21000,4329.98000,4336.31000,9042.00000
2026-09-02 12:30:00+00:00,4336.27000,4337.65000,4327.41000,4334.38000,8033.00000
2026-09-02 12:45:00+00:00,4334.39000,4339.31000,4330.62000,4331.48000,8011.00000
2026-09-02 13:00:00+00:00,4331.58000,4344.44000,4330.88000,4339.59000,9335.00000
2026-09-02 13:15:00+00:00,4339.53000,4358.62000,4336.67000,4358.53000,9516.00000
2026-09-02 13:30:00+00:00,4358.28000,4379.51000,4357.10000,4378.18000,12094.00000
2026-09-02 13:45:00+00:00,4378.16000,4385.58000,4367.88000,4385.37000,11083.00000
2026-09-02 14:00:00+00:00,4385.25000,4397.56000,4378.98000,4387.91000,12040.00000
2026-09-02 14:15:00+00:00,4387.92000,4397.29000,4385.07000,4387.64000,10867.00000
2026-09-02 14:30:00+00:00,4387.65000,4388.24000,4381.31000,4385.56000,10317.00000
2026-09-02 14:45:00+00:00,4385.55000,4386.91000,4374.35000,4376.94000,9658.00000
2026-09-02 15:00:00+00:00,4376.92000,4380.89000,4372.65000,4372.86000,10092.00000
2026-09-02 15:15:00+00:00,4372.82000,4373.03000,4365.63000,4372.64000,9461.00000
2026-09-02 15:30:00+00:00,4372.67000,4375.28000,4366.06000,4366.31000,9107.00000
2026-09-02 15:45:00+00:00,4366.21000,4373.95000,4364.62000,4373.12000,8089.00000
2026-09-02 16:00:00+00:00,4373.09000,4374.85000,4368.95000,4372.44000,7690.00000
2026-09-02 16:15:00+00:00,4372.42000,4372.46000,4367.73000,4368.71000,6705.00000
2026-09-02 16:30:00+00:00,4368.59000,4370.53000,4364.65000,4364.94000,6982.00000
2026-09-02 16:45:00+00:00,4364.88000,4370.59000,4364.58000,4368.30000,6597.00000
2026-09-02 17:00:00+00:00,4368.31000,4371.12000,4367.59000,4368.90000,6236.00000
2026-09-02 17:15:00+00:00,4368.89000,4369.90000,4364.50000,4369.83000,6088.00000
2026-09-02 17:30:00+00:00,4369.95000,4377.69000,4366.56000,4376.56000,6388.00000
2026-09-02 17:45:00+00:00,4376.55000,4380.72000,4375.46000,4376.99000,6876.00000
2026-09-02 18:00:00+00:00,4377.00000,4377.62000,4370.24000,4370.29000,6261.00000
2026-09-02 18:15:00+00:00,4370.28000,4379.72000,4369.29000,4373.18000,7124.00000
2026-09-02 18:30:00+00:00,4373.04000,4378.21000,4372.56000,4373.07000,5651.00000
2026-09-02 18:45:00+00:00,4372.94000,4375.80000,4372.62000,4374.17000,4855.00000
2026-09-02 19:00:00+00:00,4374.27000,4380.31000,4371.83000,4379.23000,5475.00000
2026-09-02 19:15:00+00:00,4379.22000,4383.11000,4378.30000,4381.13000,5379.00000
2026-09-02 19:30:00+00:00,4381.15000,4388.73000,4381.15000,4388.17000,5834.00000
2026-09-02 19:45:00+00:00,4388.14000,4391.38000,4384.91000,4391.14000,6960.00000
2026-09-02 20:00:00+00:00,4391.20000,4391.51000,4386.00000,4386.04000,3979.00000
2026-09-02 20:15:00+00:00,4386.12000,4387.79000,4384.13000,4386.40000,3187.00000
2026-09-02 20:30:00+00:00,4386.30000,4389.78000,4385.77000,4387.84000,2204.00000
2026-09-02 20:45:00+00:00,4387.86000,4390.68000,4387.34000,4388.05000,2046.00000
2026-09-02 22:00:00+00:00,4391.79000,4393.30000,4389.61000,4390.10000,2095.00000
2026-09-02 22:15:00+00:00,4390.07000,4390.92000,4387.98000,4389.91000,2609.00000
2026-09-02 22:30:00+00:00,4389.90000,4389.90000,4385.00000,4385.22000,2336.00000
2026-09-02 22:45:00+00:00,4385.29000,4385.38000,4383.56000,4384.73000,1914.00000
2026-09-02 23:00:00+00:00,4384.93000,4386.82000,4383.96000,4384.10000,2344.00000
2026-09-02 23:15:00+00:00,4384.12000,4384.22000,4381.85000,4382.33000,1822.00000
2026-09-02 23:30:00+00:00,4382.21000,4385.47000,4381.09000,4385.26000,2404.00000
2026-09-02 23:45:00+00:00,4385.31000,4388.92000,4384.63000,4385.71000,3837.00000
2026-09-03 00:00:00+00:00,4385.66000,4392.55000,4384.84000,4390.32000,5476.00000
2026-09-03 00:15:00+00:00,4390.30000,4390.41000,4385.33000,4387.24000,4792.00000
2026-09-03 00:30:00+00:00,4387.26000,4389.77000,4382.58000,4387.76000,4336.00000
2026-09-03 00:45:00+00:00,4387.56000,4397.43000,4385.80000,4395.46000,5162.00000
2026-09-03 01:00:00+00:00,4395.47000,4409.31000,4387.30000,4401.43000,9749.00000
2026-09-03 01:15:00+00:00,4401.37000,4403.75000,4393.96000,4401.76000,7721.00000
2026-09-03 01:30:00+00:00,4401.72000,4409.42000,4400.47000,4400.83000,7805.00000
2026-09-03 01:45:00+00:00,4400.75000,4412.40000,4400.27000,4410.37000,6729.00000
2026-09-03 02:00:00+00:00,4410.34000,4415.44000,4409.21000,4411.13000,7594.00000
2026-09-03 02:15:00+00:00,4411.21000,4413.37000,4406.86000,4411.65000,5454.00000
2026-09-03 02:30:00+00:00,4411.58000,4418.12000,4409.51000,4413.53000,7272.00000
2026-09-03 02:45:00+00:00,4413.70000,4420.57000,4411.61000,4420.40000,6550.00000
2026-09-03 03:00:00+00:00,4420.41000,4430.12000,4419.54000,4428.85000,6191.00000
2026-09-03 03:15:00+00:00,4428.87000,4431.29000,4424.71000,4429.42000,6282.00000
2026-09-03 03:30:00+00:00,4429.43000,4432.23000,4426.74000,4426.74000,4464.00000
2026-09-03 03:45:00+00:00,4426.71000,4432.60000,4425.48000,4431.57000,4062.00000
2026-09-03 04:00:00+00:00,4431.53000,4435.81000,4425.59000,4431.26000,5094.00000
2026-09-03 04:15:00+00:00,4431.29000,4436.89000,4430.07000,4436.64000,3113.00000
2026-09-03 04:30:00+00:00,4436.66000,4438.39000,4435.60000,4438.12000,3391.00000
2026-09-03 04:45:00+00:00,4438.13000,4438.39000,4434.13000,4437.45000,2910.00000
2026-09-03 05:00:00+00:00,4437.45000,4440.24000,4429.08000,4429.71000,4692.00000
2026-09-03 05:15:00+00:00,4429.70000,4430.81000,4422.81000,4425.19000,6871.00000
2026-09-03 05:30:00+00:00,4424.82000,4432.60000,4422.56000,4432.35000,9118.00000
2026-09-03 05:45:00+00:00,4432.36000,4439.27000,4428.52000,4431.11000,7364.00000
2026-09-03 06:00:00+00:00,4431.02000,4436.25000,4425.86000,4427.03000,8322.00000
2026-09-03 06:15:00+00:00,4427.05000,4430.68000,4417.55000,4421.66000,7076.00000
2026-09-03 06:30:00+00:00,4421.68000,4426.13000,4420.42000,4425.61000,6694.00000
2026-09-03 06:45:00+00:00,4425.57000,4428.80000,4420.59000,4420.59000,5759.00000
2026-09-03 07:00:00+00:00,4420.57000,4431.55000,4419.17000,4422.09000,8106.00000
2026-09-03 07:15:00+00:00,4422.10000,4430.23000,4421.71000,4426.45000,6505.00000
2026-09-03 07:30:00+00:00,4426.31000,4430.73000,4423.64000,4426.74000,6836.00000
2026-09-03 07:45:00+00:00,4426.55000,4431.04000,4424.30000,4428.87000,5935.00000
2026-09-03 08:00:00+00:00,4428.91000,4443.71000,4428.15000,4431.54000,9592.00000
2026-09-03 08:15:00+00:00,4431.53000,4439.66000,4430.84000,4438.43000,7327.00000
2026-09-03 08:30:00+00:00,4438.40000,4439.71000,4431.52000,4434.18000,5802.00000
2026-09-03 08:45:00+00:00,4434.45000,4440.01000,4434.05000,4434.98000,5671.00000
2026-09-03 09:00:00+00:00,4435.06000,4442.03000,4434.20000,4438.10000,6245.00000
2026-09-03 09:15:00+00:00,4438.26000,4438.42000,4432.22000,4435.29000,5611.00000
2026-09-03 09:30:00+00:00,4435.24000,4438.10000,4429.52000,4430.06000,6320.00000
2026-09-03 09:45:00+00:00,4430.05000,4430.58000,4425.66000,4427.56000,5228.00000
2026-09-03 10:00:00+00:00,4427.57000,4429.91000,4423.09000,4424.56000,5794.00000
2026-09-03 10:15:00+00:00,4424.54000,4425.74000,4418.53000,4422.61000,5635.00000
2026-09-03 10:30:00+00:00,4422.41000,4426.42000,4420.06000,4425.82000,5579.00000
2026-09-03 10:45:00+00:00,4425.72000,4428.51000,4424.20000,4427.32000,4651.00000
2026-09-03 11:00:00+00:00,4427.26000,4432.75000,4425.10000,4432.75000,6567.00000
2026-09-03 11:15:00+00:00,4432.73000,4437.71000,4430.31000,4434.42000,6505.00000
2026-09-03 11:30:00+00:00,4434.63000,4439.35000,4425.76000,4438.84000,5469.00000
2026-09-03 11:45:00+00:00,4438.82000,4445.42000,4436.68000,4444.24000,6068.00000
2026-09-03 12:00:00+00:00,4444.17000,4450.20000,4441.25000,4444.00000,7175.00000
2026-09-03 12:15:00+00:00,4443.98000,4449.19000,4437.93000,4446.62000,7468.00000
2026-09-03 12:30:00+00:00,4446.69000,4478.81000,4445.10000,4467.94000,12025.00000
2026-09-03 12:45:00+00:00,4467.93000,4495.30000,4465.71000,4493.54000,10650.00000
2026-09-03 13:00:00+00:00,4493.62000,4495.87000,4484.82000,4485.79000,11102.00000
2026-09-03 13:15:00+00:00,4485.84000,4487.90000,4477.09000,4479.96000,9766.00000
2026-09-03 13:30:00+00:00,4480.09000,4482.39000,4468.18000,4470.08000,11491.00000
2026-09-03 13:45:00+00:00,4469.82000,4471.02000,4456.87000,4470.85000,11268.00000
2026-09-03 14:00:00+00:00,4470.80000,4472.97000,4457.40000,4469.30000,11712.00000
2026-09-03 14:15:00+00:00,4469.34000,4480.83000,4469.32000,4477.76000,10893.00000
2026-09-03 14:30:00+00:00,4477.39000,4479.76000,4466.20000,4473.00000,10366.00000
2026-09-03 14:45:00+00:00,4473.04000,4485.43000,4470.64000,4485.43000,10100.00000
2026-09-03 15:00:00+00:00,4485.46000,4504.39000,4484.31000,4503.78000,11486.00000
2026-09-03 15:15:00+00:00,4503.74000,4510.85000,4501.82000,4506.65000,10142.00000
2026-09-03 15:30:00+00:00,4506.81000,4509.74000,4494.99000,4495.07000,9371.00000
2026-09-03 15:45:00+00:00,4495.11000,4495.66000,4486.06000,4493.27000,8888.00000
2026-09-03 16:00:00+00:00,4493.26000,4495.45000,4487.74000,4494.03000,7984.00000
2026-09-03 16:15:00+00:00,4494.00000,4494.84000,4490.65000,4493.39000,6814.00000
2026-09-03 16:30:00+00:00,4493.40000,4495.61000,4486.85000,4488.00000,6907.00000
2026-09-03 16:45:00+00:00,4487.85000,4491.16000,4485.62000,4486.33000,6063.00000
2026-09-03 17:00:00+00:00,4486.38000,4488.88000,4483.36000,4488.03000,6320.00000
2026-09-03 17:15:00+00:00,4488.19000,4493.80000,4485.26000,4492.95000,6269.00000
2026-09-03 17:30:00+00:00,4492.97000,4494.14000,4490.96000,4492.00000,5405.00000
2026-09-03 17:45:00+00:00,4492.04000,4494.74000,4486.69000,4486.69000,4953.00000
2026-09-03 18:00:00+00:00,4486.72000,4489.81000,4484.05000,4484.05000,6134.00000
2026-09-03 18:15:00+00:00,4484.06000,4488.12000,4479.67000,4479.71000,6020.00000
2026-09-03 18:30:00+00:00,4479.68000,4482.84000,4476.00000,4481.59000,5730.00000
2026-09-03 18:45:00+00:00,4481.49000,4482.77000,4474.14000,4475.24000,5574.00000
2026-09-03 19:00:00+00:00,4475.10000,4476.97000,4473.00000,4474.54000,5718.00000
2026-09-03 19:15:00+00:00,4474.51000,4476.71000,4472.70000,4475.89000,5296.00000
2026-09-03 19:30:00+00:00,4475.92000,4478.87000,4474.12000,4477.66000,5145.00000
2026-09-03 19:45:00+00:00,4477.68000,4480.85000,4473.23000,4475.17000,6255.00000
2026-09-03 20:00:00+00:00,4475.33000,4475.63000,4471.63000,4471.88000,3559.00000
2026-09-03 20:15:00+00:00,4471.89000,4472.55000,4470.41000,4471.75000,2655.00000
2026-09-03 20:30:00+00:00,4471.73000,4472.81000,4471.02000,4472.40000,2108.00000
2026-09-03 20:45:00+00:00,4472.35000,4474.01000,4471.73000,4473.04000,1884.00000
2026-09-03 22:00:00+00:00,4468.20000,4478.43000,4468.20000,4478.28000,3141.00000
2026-09-03 22:15:00+00:00,4478.28000,4478.82000,4474.24000,4475.02000,2187.00000
2026-09-03 22:30:00+00:00,4475.01000,4476.59000,4472.80000,4473.90000,2563.00000
2026-09-03 22:45:00+00:00,4473.91000,4475.89000,4471.45000,4474.54000,2849.00000
2026-09-03 23:00:00+00:00,4474.48000,4477.58000,4472.45000,4474.26000,2275.00000
2026-09-03 23:15:00+00:00,4474.27000,4475.13000,4471.71000,4473.87000,2239.00000
2026-09-03 23:30:00+00:00,4473.89000,4478.33000,4473.59000,4477.42000,2345.00000
2026-09-03 23:45:00+00:00,4477.38000,4480.33000,4474.98000,4480.10000,3203.00000
2026-09-04 00:00:00+00:00,4480.12000,4483.29000,4478.25000,4480.90000,5002.00000
2026-09-04 00:15:00+00:00,4480.78000,4481.03000,4474.30000,4474.59000,4133.00000
2026-09-04 00:30:00+00:00,4474.64000,4482.22000,4472.85000,4482.22000,4098.00000
2026-09-04 00:45:00+00:00,4482.20000,4487.13000,4480.71000,4486.41000,4750.00000
2026-09-04 01:00:00+00:00,4486.50000,4487.02000,4474.51000,4474.93000,8095.00000
2026-09-04 01:15:00+00:00,4474.70000,4478.96000,4468.04000,4470.99000,6969.00000
2026-09-04 01:30:00+00:00,4471.45000,4476.89000,4468.17000,4473.97000,7020.00000
2026-09-04 01:45:00+00:00,4473.98000,4480.57000,4467.10000,4478.95000,5942.00000
2026-09-04 02:00:00+00:00,4478.89000,4482.64000,4477.19000,4479.43000,5450.00000
2026-09-04 02:15:00+00:00,4479.36000,4480.31000,4471.70000,4473.96000,4022.00000
2026-09-04 02:30:00+00:00,4473.98000,4477.34000,4470.38000,4470.95000,6062.00000
2026-09-04 02:45:00+00:00,4470.92000,4480.95000,4470.30000,4477.46000,4839.00000
2026-09-04 03:00:00+00:00,4477.53000,4478.70000,4470.33000,4473.43000,4700.00000
2026-09-04 03:15:00+00:00,4473.41000,4474.67000,4471.52000,4472.52000,4011.00000
2026-09-04 03:30:00+00:00,4472.53000,4475.32000,4469.21000,4469.41000,3233.00000
2026-09-04 03:45:00+00:00,4469.38000,4470.17000,4467.10000,4467.10000,2910.00000
2026-09-04 04:00:00+00:00,4467.03000,4470.10000,4465.59000,4469.33000,3834.00000
2026-09-04 04:15:00+00:00,4469.39000,4472.45000,4468.49000,4471.69000,2758.00000
2026-09-04 04:30:00+00:00,4471.70000,4474.89000,4471.69000,4474.31000,2911.00000
2026-09-04 04:45:00+00:00,4473.85000,4475.02000,4472.81000,4473.80000,2268.00000
2026-09-04 05:00:00+00:00,4473.79000,4474.62000,4467.52000,4469.51000,3614.00000
2026-09-04 05:15:00+00:00,4469.48000,4475.29000,4467.55000,4467.60000,3577.00000
2026-09-04 05:30:00+00:00,4467.59000,4477.66000,4466.88000,4471.18000,6382.00000
2026-09-04 05:45:00+00:00,4471.14000,4472.88000,4467.26000,4472.11000,5130.00000
2026-09-04 06:00:00+00:00,4472.17000,4473.42000,4466.65000,4468.94000,5958.00000
2026-09-04 06:15:00+00:00,4468.93000,4471.88000,4466.76000,4468.93000,4946.00000
2026-09-04 06:30:00+00:00,4468.89000,4469.81000,4463.09000,4464.28000,6009.00000
2026-09-04 06:45:00+00:00,4464.23000,4464.51000,4460.26000,4463.03000,5655.00000
2026-09-04 07:00:00+00:00,4462.99000,4471.43000,4461.63000,4467.90000,5755.00000
2026-09-04 07:15:00+00:00,4467.91000,4472.85000,4466.76000,4472.75000,4540.00000
2026-09-04 07:30:00+00:00,4472.79000,4486.30000,4472.77000,4485.82000,5546.00000
2026-09-04 07:45:00+00:00,4485.80000,4490.85000,4481.51000,4483.54000,5856.00000
2026-09-04 08:00:00+00:00,4483.43000,4486.53000,4479.24000,4482.09000,5774.00000
2026-09-04 08:15:00+00:00,4482.03000,4484.10000,4479.63000,4481.00000,5009.00000
2026-09-04 08:30:00+00:00,4481.01000,4482.50000,4477.46000,4477.60000,5094.00000
2026-09-04 08:45:00+00:00,4477.48000,4479.74000,4474.49000,4477.84000,4140.00000
2026-09-04 09:00:00+00:00,4477.91000,4479.22000,4469.08000,4470.08000,4479.00000
2026-09-04 09:15:00+00:00,4470.03000,4470.66000,4463.80000,4466.70000,5601.00000
2026-09-04 09:30:00+00:00,4466.69000,4470.22000,4464.52000,4467.30000,5099.00000
2026-09-04 09:45:00+00:00,4467.44000,4469.70000,4465.57000,4465.63000,4194.00000
2026-09-04 10:00:00+00:00,4465.51000,4473.25000,4465.51000,4472.82000,3973.00000
2026-09-04 10:15:00+00:00,4472.80000,4473.47000,4468.20000,4471.21000,4155.00000
2026-09-04 10:30:00+00:00,4471.33000,4475.19000,4470.07000,4473.59000,4235.00000
2026-09-04 10:45:00+00:00,4473.60000,4476.41000,4472.87000,4472.93000,3765.00000
2026-09-04 11:00:00+00:00,4472.99000,4473.35000,4469.47000,4470.31000,4390.00000
2026-09-04 11:15:00+00:00,4470.31000,4470.81000,4465.46000,4465.69000,4187.00000
2026-09-04 11:30:00+00:00,4465.71000,4470.35000,4465.36000,4468.23000,4347.00000
2026-09-04 11:45:00+00:00,4468.23000,4470.63000,4465.25000,4466.97000,4493.00000
2026-09-04 12:00:00+00:00,4467.48000,4470.45000,4464.46000,4464.82000,6044.00000
2026-09-04 12:15:00+00:00,4464.80000,4475.91000,4464.54000,4471.39000,7611.00000
2026-09-04 12:30:00+00:00,4469.56000,4470.37000,4376.76000,4394.01000,13067.00000
2026-09-04 12:45:00+00:00,4393.97000,4409.95000,4380.16000,4393.89000,12447.00000
2026-09-04 13:00:00+00:00,4394.03000,4394.35000,4365.72000,4394.31000,12102.00000
2026-09-04 13:15:00+00:00,4394.32000,4414.60000,4391.54000,4412.64000,10683.00000
2026-09-04 13:30:00+00:00,4412.75000,4424.13000,4405.31000,4423.77000,12699.00000
2026-09-04 13:45:00+00:00,4423.74000,4434.76000,4413.09000,4413.09000,11767.00000
2026-09-04 14:00:00+00:00,4413.92000,4435.10000,4412.03000,4434.06000,11703.00000
2026-09-04 14:15:00+00:00,4433.95000,4437.35000,4426.72000,4429.10000,10791.00000
2026-09-04 14:30:00+00:00,4429.12000,4442.33000,4425.50000,4428.85000,10506.00000
2026-09-04 14:45:00+00:00,4428.91000,4432.07000,4417.31000,4427.55000,10496.00000
2026-09-04 15:00:00+00:00,4427.65000,4443.64000,4422.71000,4443.47000,9818.00000
2026-09-04 15:15:00+00:00,4443.46000,4449.04000,4439.68000,4439.99000,9453.00000
2026-09-04 15:30:00+00:00,4440.04000,4446.63000,4436.87000,4442.94000,8433.00000
2026-09-04 15:45:00+00:00,4442.91000,4446.00000,4435.72000,4436.70000,7397.00000
2026-09-04 16:00:00+00:00,4436.70000,4440.40000,4432.27000,4438.81000,7258.00000
2026-09-04 16:15:00+00:00,4438.76000,4443.52000,4433.34000,4434.25000,7106.00000
2026-09-04 16:30:00+00:00,4434.23000,4439.78000,4433.43000,4438.10000,6321.00000
2026-09-04 16:45:00+00:00,4438.48000,4440.48000,4434.68000,4436.43000,6066.00000
2026-09-04 17:00:00+00:00,4436.42000,4436.60000,4430.15000,4433.96000,6735.00000
2026-09-04 17:15:00+00:00,4433.95000,4440.42000,4427.55000,4428.72000,7100.00000
2026-09-04 17:30:00+00:00,4428.71000,4429.83000,4416.46000,4417.29000,6484.00000
2026-09-04 17:45:00+00:00,4417.30000,4421.38000,4415.72000,4416.64000,6379.00000
2026-09-04 18:00:00+00:00,4416.85000,4419.76000,4412.09000,4419.39000,6407.00000
2026-09-04 18:15:00+00:00,4419.52000,4426.73000,4419.25000,4424.81000,5513.00000
2026-09-04 18:30:00+00:00,4424.91000,4425.64000,4421.27000,4422.97000,4822.00000
2026-09-04 18:45:00+00:00,4422.92000,4425.91000,4421.87000,4424.02000,4297.00000
2026-09-04 19:00:00+00:00,4424.00000,4430.06000,4422.62000,4429.20000,4821.00000
2026-09-04 19:15:00+00:00,4429.16000,4435.90000,4426.96000,4435.69000,4520.00000
2026-09-04 19:30:00+00:00,4435.67000,4438.42000,4434.21000,4437.03000,5037.00000
2026-09-04 19:45:00+00:00,4437.02000,4437.36000,4432.78000,4434.86000,5536.00000
2026-09-04 20:00:00+00:00,4434.85000,4435.17000,4430.96000,4431.74000,2780.00000
2026-09-04 20:15:00+00:00,4431.70000,4431.87000,4429.52000,4430.10000,1836.00000
2026-09-04 20:30:00+00:00,4430.06000,4430.91000,4429.10000,4430.39000,1577.00000
2026-09-04 20:45:00+00:00,4430.51000,4431.33000,4428.60000,4430.26000,1853.00000
2026-09-06 22:00:00+00:00,4423.23000,4429.09000,4417.73000,4429.05000,3083.00000
2026-09-06 22:15:00+00:00,4428.98000,4430.17000,4426.99000,4428.83000,2134.00000
2026-09-06 22:30:00+00:00,4428.73000,4431.30000,4427.81000,4430.86000,1865.00000
2026-09-06 22:45:00+00:00,4430.87000,4435.26000,4429.30000,4429.56000,2108.00000
2026-09-06 23:00:00+00:00,4429.55000,4431.39000,4429.42000,4430.02000,1790.00000
2026-09-06 23:15:00+00:00,4430.01000,4430.11000,4425.30000,4427.06000,2333.00000
2026-09-06 23:30:00+00:00,4426.56000,4430.47000,4425.15000,4429.11000,2908.00000
2026-09-06 23:45:00+00:00,4429.13000,4434.08000,4421.30000,4423.42000,4286.00000
2026-09-07 00:00:00+00:00,4423.49000,4427.62000,4421.16000,4425.13000,5988.00000
2026-09-07 00:15:00+00:00,4425.23000,4428.58000,4422.16000,4422.18000,4644.00000
2026-09-07 00:30:00+00:00,4422.17000,4425.27000,4418.46000,4424.18000,5312.00000
2026-09-07 00:45:00+00:00,4424.17000,4429.61000,4410.05000,4412.66000,5627.00000
2026-09-07 01:00:00+00:00,4412.61000,4415.86000,4395.74000,4399.90000,9810.00000
2026-09-07 01:15:00+00:00,4399.91000,4403.70000,4389.46000,4403.44000,8311.00000
2026-09-07 01:30:00+00:00,4403.80000,4413.40000,4403.15000,4410.28000,7475.00000
2026-09-07 01:45:00+00:00,4410.23000,4416.83000,4408.87000,4409.20000,6711.00000
2026-09-07 02:00:00+00:00,4409.21000,4410.67000,4402.90000,4403.92000,6001.00000
2026-09-07 02:15:00+00:00,4403.81000,4409.44000,4403.63000,4407.78000,3984.00000
2026-09-07 02:30:00+00:00,4407.76000,4418.60000,4406.95000,4415.07000,6780.00000
2026-09-07 02:45:00+00:00,4415.08000,4419.04000,4407.48000,4408.91000,5831.00000
2026-09-07 03:00:00+00:00,4408.72000,4410.43000,4405.55000,4407.79000,5555.00000
2026-09-07 03:15:00+00:00,4407.79000,4410.13000,4404.71000,4408.73000,4527.00000
2026-09-07 03:30:00+00:00,4408.70000,4408.85000,4401.70000,4401.86000,3629.00000
2026-09-07 03:45:00+00:00,4401.82000,4405.01000,4401.33000,4404.15000,3135.00000
2026-09-07 04:00:00+00:00,4404.13000,4407.23000,4401.42000,4406.63000,3406.00000
2026-09-07 04:15:00+00:00,4406.68000,4406.75000,4400.24000,4402.31000,2753.00000
2026-09-07 04:30:00+00:00,4402.36000,4402.58000,4394.50000,4396.76000,3286.00000
2026-09-07 04:45:00+00:00,4396.66000,4398.97000,4395.66000,4398.09000,2824.00000
2026-09-07 05:00:00+00:00,4398.08000,4404.17000,4397.73000,4402.62000,3681.00000
2026-09-07 05:15:00+00:00,4402.63000,4411.68000,4402.04000,4411.13000,3530.00000
2026-09-07 05:30:00+00:00,4411.28000,4413.24000,4401.54000,4404.39000,6835.00000
2026-09-07 05:45:00+00:00,4404.37000,4406.59000,4393.14000,4394.09000,6198.00000
2026-09-07 06:00:00+00:00,4394.09000,4394.69000,4385.33000,4391.94000,7587.00000
2026-09-07 06:15:00+00:00,4391.95000,4398.06000,4390.02000,4394.45000,5392.00000
2026-09-07 06:30:00+00:00,4394.48000,4399.84000,4393.87000,4396.34000,5226.00000
2026-09-07 06:45:00+00:00,4396.30000,4399.25000,4391.33000,4392.87000,5317.00000
2026-09-07 07:00:00+00:00,4392.92000,4401.76000,4391.97000,4401.56000,6416.00000
2026-09-07 07:15:00+00:00,4401.58000,4402.25000,4394.63000,4395.13000,5417.00000
2026-09-07 07:30:00+00:00,4395.20000,4399.09000,4392.26000,4396.00000,5584.00000
2026-09-07 07:45:00+00:00,4396.03000,4406.72000,4394.94000,4406.38000,6701.00000
2026-09-07 08:00:00+00:00,4406.40000,4417.64000,4405.26000,4417.14000,7793.00000
2026-09-07 08:15:00+00:00,4417.15000,4423.53000,4416.35000,4419.79000,6694.00000
2026-09-07 08:30:00+00:00,4419.78000,4423.84000,4413.53000,4414.73000,6083.00000
2026-09-07 08:45:00+00:00,4414.74000,4415.20000,4409.71000,4410.94000,4639.00000
2026-09-07 09:00:00+00:00,4411.05000,4413.72000,4410.88000,4411.11000,4293.00000
2026-09-07 09:15:00+00:00,4411.10000,4411.90000,4405.53000,4405.60000,4256.00000
2026-09-07 09:30:00+00:00,4405.90000,4410.13000,4403.35000,4409.64000,4365.00000
2026-09-07 09:45:00+00:00,4409.63000,4410.35000,4404.87000,4405.81000,3350.00000
2026-09-07 10:00:00+00:00,4405.77000,4406.30000,4402.34000,4403.26000,3124.00000
2026-09-07 10:15:00+00:00,4403.10000,4404.68000,4395.89000,4395.98000,3675.00000
2026-09-07 10:30:00+00:00,4395.94000,4399.24000,4391.58000,4398.57000,4168.00000
2026-09-07 10:45:00+00:00,4398.58000,4398.73000,4388.02000,4391.70000,5318.00000
2026-09-07 11:00:00+00:00,4391.74000,4394.21000,4389.00000,4393.76000,4761.00000
2026-09-07 11:15:00+00:00,4393.64000,4394.99000,4387.50000,4389.54000,4088.00000
2026-09-07 11:30:00+00:00,4389.43000,4389.87000,4381.08000,4386.72000,5032.00000
2026-09-07 11:45:00+00:00,4386.73000,4392.09000,4385.12000,4385.29000,3635.00000
2026-09-07 12:00:00+00:00,4385.45000,4393.05000,4385.41000,4390.85000,4223.00000
2026-09-07 12:15:00+00:00,4390.84000,4395.34000,4390.40000,4395.34000,3847.00000
2026-09-07 12:30:00+00:00,4395.29000,4397.61000,4392.57000,4397.03000,4162.00000
2026-09-07 12:45:00+00:00,4397.02000,4398.06000,4394.33000,4396.83000,3819.00000
2026-09-07 13:00:00+00:00,4396.82000,4404.61000,4395.42000,4404.17000,6600.00000
2026-09-07 13:15:00+00:00,4404.14000,4405.03000,4401.59000,4403.90000,4755.00000
2026-09-07 13:30:00+00:00,4403.91000,4407.50000,4401.78000,4403.39000,4895.00000
2026-09-07 13:45:00+00:00,4403.42000,4407.85000,4401.27000,4402.63000,4754.00000
2026-09-07 14:00:00+00:00,4402.57000,4408.95000,4401.14000,4407.16000,5014.00000
2026-09-07 14:15:00+00:00,4407.14000,4409.12000,4405.16000,4407.15000,4096.00000
2026-09-07 14:30:00+00:00,4407.14000,4412.21000,4404.68000,4412.05000,4862.00000
2026-09-07 14:45:00+00:00,4411.98000,4419.61000,4410.89000,4416.13000,6491.00000
2026-09-07 15:00:00+00:00,4416.03000,4416.73000,4409.33000,4414.93000,5460.00000
2026-09-07 15:15:00+00:00,4414.93000,4415.20000,4411.71000,4413.01000,4126.00000
2026-09-07 15:30:00+00:00,4412.97000,4414.08000,4408.92000,4411.86000,3126.00000
2026-09-07 15:45:00+00:00,4411.87000,4415.08000,4411.32000,4414.52000,2721.00000
2026-09-07 16:00:00+00:00,4414.52000,4417.31000,4412.91000,4415.39000,2485.00000
2026-09-07 16:15:00+00:00,4415.38000,4415.93000,4412.70000,4413.69000,2016.00000
2026-09-07 16:30:00+00:00,4413.66000,4414.19000,4411.88000,4414.15000,1921.00000
2026-09-07 16:45:00+00:00,4414.15000,4414.55000,4413.01000,4414.55000,1558.00000
2026-09-07 17:00:00+00:00,4414.56000,4415.12000,4412.10000,4412.20000,1270.00000
2026-09-07 17:15:00+00:00,4412.35000,4413.80000,4412.07000,4412.41000,1042.00000
2026-09-07 17:30:00+00:00,4412.51000,4412.77000,4410.06000,4411.02000,943.00000
2026-09-07 17:45:00+00:00,4410.94000,4410.98000,4407.19000,4407.21000,1501.00000
2026-09-07 18:00:00+00:00,4407.22000,4409.16000,4404.57000,4404.94000,1911.00000
2026-09-07 18:15:00+00:00,4404.95000,4406.51000,4403.17000,4406.28000,1994.00000
2026-09-07 22:00:00+00:00,4412.12000,4414.90000,4410.34000,4412.57000,2854.00000
2026-09-07 22:15:00+00:00,4412.58000,4413.35000,4409.76000,4409.80000,1746.00000
2026-09-07 22:30:00+00:00,4409.55000,4409.92000,4407.94000,4408.27000,2124.00000
2026-09-07 22:45:00+00:00,4408.30000,4408.55000,4406.25000,4407.67000,1502.00000
2026-09-07 23:00:00+00:00,4407.35000,4412.37000,4407.30000,4411.02000,2228.00000
2026-09-07 23:15:00+00:00,4411.03000,4412.72000,4408.94000,4410.86000,3110.00000
2026-09-07 23:30:00+00:00,4410.83000,4428.01000,4410.83000,4427.53000,5189.00000
2026-09-07 23:45:00+00:00,4427.50000,4428.10000,4420.20000,4422.99000,5516.00000
2026-09-08 00:00:00+00:00,4423.35000,4424.48000,4415.15000,4417.25000,7793.00000
2026-09-08 00:15:00+00:00,4417.33000,4430.14000,4416.02000,4421.53000,7539.00000
2026-09-08 00:30:00+00:00,4421.45000,4426.26000,4418.80000,4421.59000,6010.00000
2026-09-08 00:45:00+00:00,4421.58000,4427.67000,4415.24000,4426.36000,6584.00000
2026-09-08 01:00:00+00:00,4426.21000,4431.42000,4417.25000,4428.55000,9419.00000
2026-09-08 01:15:00+00:00,4428.74000,4436.23000,4426.98000,4434.53000,7093.00000
2026-09-08 01:30:00+00:00,4434.49000,4436.98000,4430.68000,4433.44000,7057.00000
2026-09-08 01:45:00+00:00,4433.55000,4440.73000,4433.55000,4437.08000,6333.00000
2026-09-08 02:00:00+00:00,4437.33000,4438.67000,4426.18000,4428.21000,6374.00000
2026-09-08 02:15:00+00:00,4428.27000,4429.72000,4424.38000,4424.96000,4956.00000
2026-09-08 02:30:00+00:00,4424.94000,4426.95000,4421.45000,4426.73000,6348.00000
2026-09-08 02:45:00+00:00,4426.72000,4428.05000,4421.26000,4424.26000,5526.00000
2026-09-08 03:00:00+00:00,4424.21000,4431.77000,4422.54000,4429.70000,4965.00000
2026-09-08 03:15:00+00:00,4429.63000,4440.01000,4428.79000,4432.16000,6052.00000
2026-09-08 03:30:00+00:00,4432.19000,4435.09000,4430.71000,4432.69000,3541.00000
2026-09-08 03:45:00+00:00,4432.81000,4438.89000,4432.51000,4437.90000,3664.00000
2026-09-08 04:00:00+00:00,4438.26000,4443.02000,4438.03000,4439.29000,4516.00000
2026-09-08 04:15:00+00:00,4439.30000,4440.70000,4431.71000,4432.68000,3830.00000
2026-09-08 04:30:00+00:00,4432.70000,4436.57000,4432.33000,4436.52000,3756.00000
2026-09-08 04:45:00+00:00,4436.53000,4439.94000,4434.21000,4436.08000,3361.00000
2026-09-08 05:00:00+00:00,4436.01000,4437.76000,4427.14000,4427.40000,4967.00000
2026-09-08 05:15:00+00:00,4427.32000,4431.67000,4420.33000,4420.43000,5442.00000
2026-09-08 05:30:00+00:00,4420.43000,4427.04000,4418.08000,4425.83000,7073.00000
2026-09-08 05:45:00+00:00,4425.87000,4428.83000,4417.43000,4419.15000,6682.00000
2026-09-08 06:00:00+00:00,4419.48000,4420.17000,4408.63000,4411.54000,8176.00000
2026-09-08 06:15:00+00:00,4411.52000,4411.52000,4399.14000,4400.11000,8302.00000
2026-09-08 06:30:00+00:00,4400.18000,4408.76000,4398.27000,4407.32000,6974.00000
2026-09-08 06:45:00+00:00,4407.34000,4409.32000,4403.28000,4403.77000,5955.00000
2026-09-08 07:00:00+00:00,4403.89000,4409.46000,4402.47000,4403.06000,6386.00000
2026-09-08 07:15:00+00:00,4403.12000,4404.25000,4400.32000,4401.64000,5782.00000
2026-09-08 07:30:00+00:00,4401.74000,4405.43000,4391.22000,4395.52000,6708.00000
2026-09-08 07:45:00+00:00,4395.52000,4397.32000,4390.14000,4392.42000,6091.00000
2026-09-08 08:00:00+00:00,4392.55000,4395.82000,4387.89000,4390.41000,7595.00000
2026-09-08 08:15:00+00:00,4390.46000,4396.41000,4389.64000,4394.74000,6262.00000
2026-09-08 08:30:00+00:00,4394.74000,4398.58000,4391.97000,4392.86000,6191.00000
2026-09-08 08:45:00+00:00,4392.83000,4398.28000,4391.09000,4394.21000,6571.00000
2026-09-08 09:00:00+00:00,4394.16000,4398.05000,4391.41000,4397.47000,5750.00000
2026-09-08 09:15:00+00:00,4397.45000,4399.39000,4392.50000,4393.15000,5428.00000
2026-09-08 09:30:00+00:00,4393.03000,4403.74000,4390.90000,4401.56000,6128.00000
2026-09-08 09:45:00+00:00,4401.57000,4405.68000,4401.21000,4403.06000,4530.00000
2026-09-08 10:00:00+00:00,4403.06000,4403.06000,4393.80000,4396.35000,5280.00000
2026-09-08 10:15:00+00:00,4396.37000,4406.70000,4396.11000,4399.50000,5544.00000
2026-09-08 10:30:00+00:00,4399.48000,4399.61000,4394.01000,4397.17000,4559.00000
2026-09-08 10:45:00+00:00,4397.17000,4400.48000,4395.41000,4395.41000,4455.00000
2026-09-08 11:00:00+00:00,4395.40000,4399.31000,4391.18000,4395.16000,5511.00000
2026-09-08 11:15:00+00:00,4395.14000,4403.01000,4395.06000,4402.06000,5003.00000
2026-09-08 11:30:00+00:00,4402.08000,4407.86000,4400.67000,4403.62000,5174.00000
2026-09-08 11:45:00+00:00,4403.63000,4406.61000,4397.78000,4406.50000,5480.00000
2026-09-08 12:00:00+00:00,4406.56000,4406.75000,4390.39000,4391.88000,7095.00000
2026-09-08 12:15:00+00:00,4391.85000,4401.95000,4385.36000,4401.95000,8222.00000
2026-09-08 12:30:00+00:00,4401.90000,4408.26000,4395.36000,4396.64000,7546.00000
2026-09-08 12:45:00+00:00,4396.66000,4411.77000,4395.74000,4411.60000,7031.00000
2026-09-08 13:00:00+00:00,4411.61000,4412.77000,4402.60000,4408.57000,9006.00000
2026-09-08 13:15:00+00:00,4408.56000,4410.89000,4398.93000,4400.43000,7572.00000
2026-09-08 13:30:00+00:00,4400.55000,4405.76000,4390.45000,4396.68000,10816.00000
2026-09-08 13:45:00+00:00,4396.61000,4407.52000,4394.42000,4395.70000,10080.00000
2026-09-08 14:00:00+00:00,4395.62000,4402.84000,4391.58000,4394.52000,10131.00000
2026-09-08 14:15:00+00:00,4394.40000,4403.75000,4394.08000,4396.73000,8785.00000
2026-09-08 14:30:00+00:00,4396.82000,4400.68000,4392.82000,4397.38000,8525.00000
2026-09-08 14:45:00+00:00,4397.40000,4399.03000,4389.10000,4398.70000,8231.00000
2026-09-08 15:00:00+00:00,4398.92000,4408.21000,4397.60000,4404.82000,7796.00000
2026-09-08 15:15:00+00:00,4404.93000,4409.31000,4396.45000,4399.03000,7675.00000
2026-09-08 15:30:00+00:00,4399.08000,4404.25000,4397.37000,4400.17000,6941.00000
2026-09-08 15:45:00+00:00,4400.20000,4400.51000,4394.70000,4394.76000,5987.00000
2026-09-08 16:00:00+00:00,4394.80000,4395.17000,4380.11000,4386.50000,7988.00000
2026-09-08 16:15:00+00:00,4386.41000,4395.32000,4383.78000,4394.04000,6974.00000
2026-09-08 16:30:00+00:00,4394.03000,4396.71000,4393.00000,4394.23000,5577.00000
2026-09-08 16:45:00+00:00,4394.32000,4398.33000,4390.50000,4393.67000,6367.00000
2026-09-08 17:00:00+00:00,4393.73000,4403.69000,4393.71000,4395.60000,6677.00000
2026-09-08 17:15:00+00:00,4395.58000,4397.44000,4392.09000,4394.05000,5367.00000
2026-09-08 17:30:00+00:00,4394.09000,4395.11000,4385.49000,4385.49000,5452.00000
2026-09-08 17:45:00+00:00,4385.48000,4390.37000,4385.30000,4389.99000,4964.00000
2026-09-08 18:00:00+00:00,4390.03000,4390.35000,4384.08000,4387.62000,5494.00000
2026-09-08 18:15:00+00:00,4387.59000,4387.73000,4384.34000,4385.59000,5319.00000
2026-09-08 18:30:00+00:00,4385.61000,4385.73000,4381.45000,4385.60000,4948.00000
2026-09-08 18:45:00+00:00,4385.61000,4386.64000,4358.23000,4375.65000,10333.00000
2026-09-08 19:00:00+00:00,4375.66000,4377.24000,4369.40000,4370.48000,7646.00000
2026-09-08 19:15:00+00:00,4370.50000,4373.06000,4366.38000,4368.77000,6965.00000
2026-09-08 19:30:00+00:00,4368.76000,4369.72000,4361.54000,4368.80000,6545.00000
2026-09-08 19:45:00+00:00,4368.84000,4368.95000,4356.81000,4359.43000,7936.00000
2026-09-08 20:00:00+00:00,4359.30000,4364.48000,4356.05000,4360.23000,4996.00000
2026-09-08 20:15:00+00:00,4360.30000,4361.43000,4355.66000,4356.78000,3202.00000
2026-09-08 20:30:00+00:00,4356.92000,4358.72000,4356.41000,4357.84000,2442.00000
2026-09-08 20:45:00+00:00,4357.86000,4358.00000,4345.58000,4355.38000,3107.00000
2026-09-08 22:00:00+00:00,4357.79000,4359.06000,4352.88000,4356.15000,3609.00000
2026-09-08 22:15:00+00:00,4356.19000,4357.65000,4353.31000,4354.50000,2163.00000
2026-09-08 22:30:00+00:00,4354.87000,4356.01000,4350.52000,4351.93000,2685.00000
2026-09-08 22:45:00+00:00,4351.94000,4354.34000,4350.95000,4354.16000,1974.00000
2026-09-08 23:00:00+00:00,4353.96000,4354.93000,4351.98000,4352.50000,2430.00000
2026-09-08 23:15:00+00:00,4352.50000,4357.65000,4351.94000,4357.56000,2703.00000
2026-09-08 23:30:00+00:00,4357.59000,4359.98000,4356.85000,4358.65000,2468.00000
2026-09-08 23:45:00+00:00,4358.63000,4358.63000,4349.31000,4349.99000,4295.00000
2026-09-09 00:00:00+00:00,4350.01000,4352.91000,4344.61000,4349.75000,7004.00000
2026-09-09 00:15:00+00:00,4349.68000,4350.21000,4341.21000,4347.02000,5921.00000
2026-09-09 00:30:00+00:00,4347.11000,4354.94000,4343.82000,4354.94000,5806.00000
2026-09-09 00:45:00+00:00,4354.82000,4365.62000,4352.90000,4364.82000,5415.00000
2026-09-09 01:00:00+00:00,4364.83000,4368.60000,4354.24000,4368.31000,8778.00000
2026-09-09 01:15:00+00:00,4368.13000,4373.08000,4362.86000,4371.73000,6907.00000
2026-09-09 01:30:00+00:00,4371.67000,4378.08000,4370.84000,4376.47000,6006.00000
2026-09-09 01:45:00+00:00,4376.48000,4378.18000,4370.94000,4373.66000,6019.00000
2026-09-09 02:00:00+00:00,4373.78000,4375.63000,4370.69000,4373.50000,5755.00000
2026-09-09 02:15:00+00:00,4373.50000,4376.92000,4371.68000,4373.00000,4058.00000
2026-09-09 02:30:00+00:00,4373.07000,4374.47000,4367.32000,4374.32000,5420.00000
2026-09-09 02:45:00+00:00,4374.25000,4384.42000,4373.11000,4382.16000,6567.00000
2026-09-09 03:00:00+00:00,4382.20000,4382.73000,4378.29000,4379.11000,5425.00000
2026-09-09 03:15:00+00:00,4379.12000,4379.39000,4375.65000,4378.15000,4022.00000
2026-09-09 03:30:00+00:00,4378.17000,4380.03000,4375.45000,4378.73000,3118.00000
2026-09-09 03:45:00+00:00,4378.62000,4379.14000,4375.22000,4375.27000,3629.00000
2026-09-09 04:00:00+00:00,4375.24000,4376.22000,4370.68000,4373.45000,4023.00000
2026-09-09 04:15:00+00:00,4373.44000,4380.65000,4372.50000,4380.07000,4028.00000
2026-09-09 04:30:00+00:00,4380.02000,4380.10000,4376.39000,4378.06000,3221.00000
2026-09-09 04:45:00+00:00,4378.09000,4382.54000,4377.56000,4381.58000,3204.00000
2026-09-09 05:00:00+00:00,4381.61000,4387.93000,4380.53000,4387.79000,4551.00000
2026-09-09 05:15:00+00:00,4387.73000,4388.74000,4383.45000,4385.23000,4534.00000
2026-09-09 05:30:00+00:00,4385.22000,4395.58000,4384.36000,4395.58000,6301.00000
2026-09-09 05:45:00+00:00,4395.56000,4400.99000,4392.59000,4398.82000,5433.00000
2026-09-09 06:00:00+00:00,4398.83000,4405.23000,4398.33000,4401.45000,6000.00000
2026-09-09 06:15:00+00:00,4401.44000,4403.25000,4395.28000,4398.24000,5775.00000
2026-09-09 06:30:00+00:00,4398.38000,4406.04000,4397.17000,4400.43000,5455.00000
2026-09-09 06:45:00+00:00,4400.53000,4401.64000,4398.90000,4400.67000,4346.00000
2026-09-09 07:00:00+00:00,4400.65000,4407.74000,4399.41000,4406.56000,5389.00000
2026-09-09 07:15:00+00:00,4406.38000,4408.74000,4403.00000,4407.75000,5516.00000
2026-09-09 07:30:00+00:00,4407.71000,4410.51000,4406.52000,4410.34000,4467.00000
2026-09-09 07:45:00+00:00,4410.36000,4412.77000,4408.43000,4409.25000,4978.00000
2026-09-09 08:00:00+00:00,4409.31000,4412.01000,4403.80000,4403.89000,5992.00000
2026-09-09 08:15:00+00:00,4403.90000,4404.85000,4399.66000,4399.72000,4854.00000
2026-09-09 08:30:00+00:00,4399.80000,4403.57000,4399.00000,4400.00000,4753.00000
2026-09-09 08:45:00+00:00,4399.99000,4403.36000,4399.11000,4400.68000,4155.00000
2026-09-09 09:00:00+00:00,4400.67000,4402.31000,4397.96000,4398.54000,4656.00000
2026-09-09 09:15:00+00:00,4398.57000,4400.21000,4396.93000,4398.40000,4483.00000
2026-09-09 09:30:00+00:00,4398.32000,4398.72000,4395.45000,4396.35000,4566.00000
2026-09-09 09:45:00+00:00,4396.36000,4396.37000,4388.67000,4390.75000,5481.00000
2026-09-09 10:00:00+00:00,4390.70000,4393.42000,4386.29000,4391.15000,6120.00000
2026-09-09 10:15:00+00:00,4391.14000,4395.99000,4389.28000,4394.36000,5043.00000
2026-09-09 10:30:00+00:00,4394.46000,4399.35000,4393.53000,4395.02000,4714.00000
2026-09-09 10:45:00+00:00,4395.02000,4403.13000,4394.50000,4399.66000,5556.00000
2026-09-09 11:00:00+00:00,4399.84000,4404.61000,4399.84000,4403.65000,4680.00000
2026-09-09 11:15:00+00:00,4403.71000,4409.15000,4401.49000,4408.35000,4939.00000
2026-09-09 11:30:00+00:00,4408.30000,4408.49000,4403.60000,4405.57000,5215.00000
2026-09-09 11:45:00+00:00,4405.66000,4415.30000,4403.54000,4407.35000,6867.00000
2026-09-09 12:00:00+00:00,4407.43000,4409.42000,4399.17000,4399.30000,6864.00000
2026-09-09 12:15:00+00:00,4399.29000,4400.29000,4393.79000,4393.89000,7327.00000
2026-09-09 12:30:00+00:00,4393.90000,4397.62000,4390.98000,4395.33000,7224.00000
2026-09-09 12:45:00+00:00,4395.35000,4402.28000,4395.34000,4400.19000,5916.00000
2026-09-09 13:00:00+00:00,4400.15000,4413.68000,4398.79000,4413.32000,8346.00000
2026-09-09 13:15:00+00:00,4413.34000,4430.43000,4410.89000,4429.65000,9016.00000
2026-09-09 13:30:00+00:00,4429.44000,4434.10000,4413.03000,4417.22000,11174.00000
2026-09-09 13:45:00+00:00,4417.19000,4423.77000,4410.78000,4415.07000,10175.00000
2026-09-09 14:00:00+00:00,4414.96000,4428.65000,4414.38000,4423.35000,10045.00000
2026-09-09 14:15:00+00:00,4423.36000,4426.16000,4409.85000,4426.00000,10431.00000
2026-09-09 14:30:00+00:00,4426.03000,4427.11000,4418.81000,4418.98000,8500.00000
2026-09-09 14:45:00+00:00,4419.06000,4423.60000,4415.16000,4418.72000,8326.00000
2026-09-09 15:00:00+00:00,4418.90000,4431.94000,4380.36000,4389.69000,13004.00000
2026-09-09 15:15:00+00:00,4389.93000,4395.44000,4375.12000,4394.69000,12051.00000
2026-09-09 15:30:00+00:00,4394.71000,4407.26000,4392.65000,4403.10000,10393.00000
2026-09-09 15:45:00+00:00,4403.26000,4407.23000,4398.24000,4398.53000,8702.00000
2026-09-09 16:00:00+00:00,4398.54000,4403.14000,4394.92000,4397.93000,8545.00000
2026-09-09 16:15:00+00:00,4397.92000,4402.46000,4391.71000,4401.75000,7599.00000
2026-09-09 16:30:00+00:00,4401.61000,4407.89000,4399.09000,4407.47000,6605.00000
2026-09-09 16:45:00+00:00,4407.46000,4410.40000,4405.64000,4409.59000,5916.00000
2026-09-09 17:00:00+00:00,4409.61000,4420.48000,4409.01000,4416.69000,8053.00000
2026-09-09 17:15:00+00:00,4416.68000,4420.61000,4414.45000,4414.82000,6495.00000
2026-09-09 17:30:00+00:00,4414.86000,4417.15000,4411.91000,4413.70000,5552.00000
2026-09-09 17:45:00+00:00,4413.69000,4416.94000,4413.44000,4416.08000,4060.00000
2026-09-09 18:00:00+00:00,4416.10000,4421.51000,4415.90000,4420.43000,5212.00000
2026-09-09 18:15:00+00:00,4420.42000,4420.71000,4416.82000,4418.00000,4635.00000
2026-09-09 18:30:00+00:00,4418.05000,4418.39000,4409.56000,4409.84000,5121.00000
2026-09-09 18:45:00+00:00,4409.85000,4410.08000,4401.72000,4403.24000,5676.00000
2026-09-09 19:00:00+00:00,4403.26000,4404.14000,4397.00000,4400.27000,6203.00000
2026-09-09 19:15:00+00:00,4400.28000,4404.87000,4398.68000,4399.66000,4785.00000
2026-09-09 19:30:00+00:00,4399.65000,4400.94000,4395.72000,4399.86000,4940.00000
2026-09-09 19:45:00+00:00,4399.84000,4401.41000,4396.38000,4399.12000,6159.00000
2026-09-09 20:00:00+00:00,4399.09000,4399.38000,4396.46000,4397.36000,2360.00000
2026-09-09 20:15:00+00:00,4397.35000,4397.54000,4393.58000,4394.83000,2055.00000
2026-09-09 20:30:00+00:00,4394.84000,4400.88000,4394.82000,4400.16000,1920.00000
2026-09-09 20:45:00+00:00,4400.12000,4401.67000,4399.30000,4401.64000,1681.00000
2026-09-09 22:00:00+00:00,4408.43000,4412.67000,4402.63000,4402.91000,2517.00000
2026-09-09 22:15:00+00:00,4402.92000,4404.45000,4400.48000,4402.59000,1695.00000
2026-09-09 22:30:00+00:00,4402.53000,4403.86000,4400.09000,4401.53000,2512.00000
2026-09-09 22:45:00+00:00,4401.53000,4401.72000,4397.75000,4399.74000,2699.00000
2026-09-09 23:00:00+00:00,4399.68000,4403.14000,4398.49000,4400.71000,3047.00000
2026-09-09 23:15:00+00:00,4400.68000,4402.26000,4395.85000,4397.67000,2871.00000
2026-09-09 23:30:00+00:00,4397.54000,4399.22000,4393.45000,4394.43000,2301.00000
2026-09-09 23:45:00+00:00,4394.48000,4395.34000,4393.19000,4394.29000,3144.00000
2026-09-10 00:00:00+00:00,4394.35000,4397.18000,4389.87000,4395.14000,4911.00000
2026-09-10 00:15:00+00:00,4395.17000,4398.53000,4392.39000,4392.99000,4980.00000
2026-09-10 00:30:00+00:00,4392.97000,4401.64000,4391.48000,4401.04000,5132.00000
2026-09-10 00:45:00+00:00,4401.05000,4404.86000,4397.97000,4401.15000,5168.00000
2026-09-10 01:00:00+00:00,4401.10000,4418.94000,4400.25000,4412.88000,8757.00000
2026-09-10 01:15:00+00:00,4412.63000,4416.58000,4410.39000,4410.54000,8174.00000
2026-09-10 01:30:00+00:00,4410.57000,4411.10000,4405.25000,4410.06000,8000.00000
2026-09-10 01:45:00+00:00,4410.08000,4414.54000,4408.08000,4412.26000,7995.00000
2026-09-10 02:00:00+00:00,4412.25000,4418.93000,4411.72000,4414.17000,7468.00000
2026-09-10 02:15:00+00:00,4414.16000,4417.69000,4408.16000,4417.09000,4905.00000
2026-09-10 02:30:00+00:00,4417.40000,4420.93000,4411.19000,4418.19000,6652.00000
2026-09-10 02:45:00+00:00,4418.20000,4420.86000,4416.27000,4419.47000,5757.00000
2026-09-10 03:00:00+00:00,4419.46000,4421.10000,4411.72000,4412.73000,6051.00000
2026-09-10 03:15:00+00:00,4412.74000,4414.93000,4409.32000,4410.17000,5222.00000
2026-09-10 03:30:00+00:00,4410.17000,4412.62000,4407.18000,4407.92000,3633.00000
2026-09-10 03:45:00+00:00,4407.93000,4409.95000,4406.72000,4409.16000,2992.00000
2026-09-10 04:00:00+00:00,4409.15000,4415.57000,4409.15000,4414.11000,3313.00000
2026-09-10 04:15:00+00:00,4414.11000,4415.53000,4410.79000,4411.87000,2816.00000
2026-09-10 04:30:00+00:00,4411.90000,4413.73000,4405.70000,4406.66000,3255.00000
2026-09-10 04:45:00+00:00,4406.65000,4411.71000,4406.36000,4408.53000,3132.00000
2026-09-10 05:00:00+00:00,4408.58000,4418.97000,4408.22000,4418.97000,4393.00000
2026-09-10 05:15:00+00:00,4418.99000,4420.78000,4417.12000,4420.74000,3837.00000
2026-09-10 05:30:00+00:00,4420.73000,4429.66000,4417.51000,4428.37000,7702.00000
2026-09-10 05:45:00+00:00,4428.29000,4431.26000,4423.90000,4431.12000,6511.00000
2026-09-10 06:00:00+00:00,4431.24000,4434.28000,4416.05000,4416.38000,6482.00000
2026-09-10 06:15:00+00:00,4416.39000,4417.61000,4410.96000,4417.59000,7029.00000
2026-09-10 06:30:00+00:00,4417.57000,4427.00000,4413.26000,4426.80000,6265.00000
2026-09-10 06:45:00+00:00,4426.87000,4428.88000,4423.74000,4425.35000,6325.00000
2026-09-10 07:00:00+00:00,4425.37000,4425.50000,4413.21000,4413.37000,6160.00000
2026-09-10 07:15:00+00:00,4413.38000,4415.07000,4408.07000,4408.44000,5138.00000
2026-09-10 07:30:00+00:00,4408.54000,4410.73000,4404.09000,4409.70000,6383.00000
2026-09-10 07:45:00+00:00,4409.54000,4415.39000,4408.82000,4411.84000,5280.00000
2026-09-10 08:00:00+00:00,4411.75000,4412.82000,4404.74000,4405.75000,6255.00000
2026-09-10 08:15:00+00:00,4405.78000,4407.77000,4403.96000,4405.70000,5364.00000
2026-09-10 08:30:00+00:00,4405.76000,4406.00000,4394.89000,4395.92000,6658.00000
2026-09-10 08:45:00+00:00,4396.00000,4398.35000,4392.48000,4394.93000,6339.00000
2026-09-10 09:00:00+00:00,4394.90000,4396.63000,4390.01000,4394.89000,6076.00000
2026-09-10 09:15:00+00:00,4395.00000,4396.89000,4391.81000,4392.87000,5487.00000
2026-09-10 09:30:00+00:00,4392.83000,4393.11000,4388.43000,4393.03000,6180.00000
2026-09-10 09:45:00+00:00,4393.10000,4395.83000,4392.59000,4394.11000,4787.00000
2026-09-10 10:00:00+00:00,4394.05000,4400.04000,4390.01000,4395.17000,7407.00000
2026-09-10 10:15:00+00:00,4395.10000,4400.18000,4393.68000,4394.15000,5847.00000
2026-09-10 10:30:00+00:00,4394.14000,4394.72000,4377.74000,4383.85000,7808.00000
2026-09-10 10:45:00+00:00,4383.60000,4387.72000,4375.23000,4378.85000,7877.00000
2026-09-10 11:00:00+00:00,4378.84000,4384.53000,4375.38000,4383.48000,8323.00000
2026-09-10 11:15:00+00:00,4383.62000,4388.75000,4379.97000,4385.92000,6916.00000
2026-09-10 11:30:00+00:00,4385.68000,4390.76000,4384.50000,4384.58000,6389.00000
2026-09-10 11:45:00+00:00,4384.56000,4385.31000,4374.13000,4374.62000,7688.00000
2026-09-10 12:00:00+00:00,4374.70000,4377.82000,4369.88000,4375.30000,8924.00000
2026-09-10 12:15:00+00:00,4375.28000,4377.09000,4361.91000,4363.82000,9462.00000
2026-09-10 12:30:00+00:00,4363.82000,4372.80000,4324.04000,4340.84000,12877.00000
2026-09-10 12:45:00+00:00,4340.70000,4355.01000,4336.36000,4340.08000,11818.00000
2026-09-10 13:00:00+00:00,4340.22000,4355.42000,4339.67000,4343.98000,12028.00000
2026-09-10 13:15:00+00:00,4343.97000,4357.70000,4341.57000,4357.66000,10907.00000
2026-09-10 13:30:00+00:00,4357.85000,4373.37000,4352.44000,4364.42000,12597.00000
2026-09-10 13:45:00+00:00,4364.60000,4375.84000,4362.50000,4366.05000,11366.00000
2026-09-10 14:00:00+00:00,4366.04000,4375.14000,4359.26000,4359.45000,11755.00000
2026-09-10 14:15:00+00:00,4359.41000,4376.51000,4354.04000,4363.43000,11577.00000
2026-09-10 14:30:00+00:00,4363.04000,4370.36000,4356.35000,4356.37000,10605.00000
2026-09-10 14:45:00+00:00,4356.35000,4361.75000,4354.04000,4358.07000,10177.00000
2026-09-10 15:00:00+00:00,4358.10000,4361.47000,4352.68000,4359.65000,9655.00000
2026-09-10 15:15:00+00:00,4359.64000,4367.82000,4358.69000,4365.39000,9385.00000
2026-09-10 15:30:00+00:00,4365.46000,4372.26000,4362.36000,4365.97000,8893.00000
2026-09-10 15:45:00+00:00,4365.98000,4370.15000,4361.03000,4365.84000,8548.00000
2026-09-10 16:00:00+00:00,4365.89000,4370.01000,4354.15000,4358.92000,9344.00000
2026-09-10 16:15:00+00:00,4358.46000,4363.75000,4355.32000,4363.05000,7857.00000
2026-09-10 16:30:00+00:00,4363.05000,4365.57000,4355.72000,4356.56000,8138.00000
2026-09-10 16:45:00+00:00,4356.57000,4364.32000,4356.44000,4364.11000,7340.00000
2026-09-10 17:00:00+00:00,4364.15000,4367.95000,4359.65000,4362.62000,7555.00000
2026-09-10 17:15:00+00:00,4362.64000,4366.88000,4361.41000,4365.89000,7504.00000
2026-09-10 17:30:00+00:00,4366.03000,4366.33000,4355.42000,4359.48000,7452.00000
2026-09-10 17:45:00+00:00,4359.56000,4360.30000,4351.28000,4352.67000,6732.00000
2026-09-10 18:00:00+00:00,4352.86000,4356.08000,4340.43000,4340.89000,9348.00000
2026-09-10 18:15:00+00:00,4340.90000,4346.34000,4337.52000,4339.04000,8318.00000
2026-09-10 18:30:00+00:00,4339.03000,4339.03000,4331.88000,4333.81000,8011.00000
2026-09-10 18:45:00+00:00,4333.72000,4338.65000,4329.82000,4332.92000,8707.00000
2026-09-10 19:00:00+00:00,4332.69000,4332.69000,4313.49000,4322.34000,9697.00000
2026-09-10 19:15:00+00:00,4322.41000,4330.89000,4319.38000,4327.33000,7703.00000
2026-09-10 19:30:00+00:00,4327.32000,4329.51000,4323.55000,4324.39000,7309.00000
2026-09-10 19:45:00+00:00,4324.43000,4326.16000,4320.08000,4324.42000,7500.00000
2026-09-10 20:00:00+00:00,4324.46000,4324.46000,4320.01000,4323.02000,4166.00000
2026-09-10 20:15:00+00:00,4323.02000,4323.09000,4316.40000,4318.57000,3770.00000
2026-09-10 20:30:00+00:00,4318.49000,4318.63000,4315.69000,4317.97000,3759.00000
2026-09-10 20:45:00+00:00,4317.91000,4318.87000,4314.59000,4316.58000,3152.00000
2026-09-10 22:00:00+00:00,4334.38000,4334.38000,4316.29000,4321.35000,3088.00000
2026-09-10 22:15:00+00:00,4321.33000,4322.10000,4318.94000,4319.71000,2254.00000
2026-09-10 22:30:00+00:00,4319.72000,4320.36000,4313.31000,4316.07000,3063.00000
2026-09-10 22:45:00+00:00,4316.06000,4319.27000,4315.27000,4318.49000,2353.00000
2026-09-10 23:00:00+00:00,4318.44000,4319.90000,4316.66000,4319.67000,2763.00000
2026-09-10 23:15:00+00:00,4319.68000,4320.49000,4317.76000,4318.20000,1945.00000
2026-09-10 23:30:00+00:00,4318.21000,4320.32000,4314.65000,4316.15000,3097.00000
2026-09-10 23:45:00+00:00,4316.16000,4317.97000,4311.18000,4315.27000,4717.00000
2026-09-11 00:00:00+00:00,4315.26000,4323.75000,4312.61000,4319.11000,7825.00000
2026-09-11 00:15:00+00:00,4319.14000,4324.19000,4317.04000,4324.01000,6036.00000
2026-09-11 00:30:00+00:00,4323.82000,4327.63000,4319.82000,4327.60000,5961.00000
2026-09-11 00:45:00+00:00,4327.56000,4333.87000,4326.85000,4332.12000,6604.00000
2026-09-11 01:00:00+00:00,4331.77000,4340.49000,4328.15000,4333.19000,9820.00000
2026-09-11 01:15:00+00:00,4333.11000,4337.41000,4320.95000,4328.17000,8632.00000
2026-09-11 01:30:00+00:00,4328.26000,4334.93000,4322.65000,4326.80000,7947.00000
2026-09-11 01:45:00+00:00,4326.76000,4330.17000,4324.10000,4329.28000,7346.00000
2026-09-11 02:00:00+00:00,4329.25000,4333.54000,4327.99000,4330.85000,6441.00000
2026-09-11 02:15:00+00:00,4330.83000,4334.65000,4323.60000,4325.24000,5271.00000
2026-09-11 02:30:00+00:00,4325.22000,4326.52000,4316.89000,4318.90000,8266.00000
2026-09-11 02:45:00+00:00,4318.88000,4326.82000,4315.99000,4322.76000,7545.00000
2026-09-11 03:00:00+00:00,4322.76000,4326.51000,4314.51000,4319.64000,7531.00000
2026-09-11 03:15:00+00:00,4319.63000,4321.56000,4304.19000,4309.30000,7800.00000
2026-09-11 03:30:00+00:00,4309.26000,4312.65000,4306.49000,4308.31000,6728.00000
2026-09-11 03:45:00+00:00,4308.32000,4308.40000,4300.89000,4304.02000,6970.00000
2026-09-11 04:00:00+00:00,4303.99000,4325.02000,4302.01000,4321.57000,7506.00000
2026-09-11 04:15:00+00:00,4321.60000,4329.26000,4319.52000,4328.62000,6262.00000
2026-09-11 04:30:00+00:00,4328.63000,4332.89000,4325.53000,4330.46000,5916.00000
2026-09-11 04:45:00+00:00,4330.74000,4335.35000,4329.05000,4331.77000,5416.00000
2026-09-11 05:00:00+00:00,4332.05000,4338.19000,4328.39000,4338.08000,6202.00000
2026-09-11 05:15:00+00:00,4338.03000,4339.32000,4333.57000,4334.74000,5395.00000
2026-09-11 05:30:00+00:00,4334.80000,4342.97000,4333.87000,4342.89000,8716.00000
2026-09-11 05:45:00+00:00,4342.85000,4352.02000,4339.76000,4346.15000,8023.00000
2026-09-11 06:00:00+00:00,4346.18000,4360.97000,4346.03000,4359.08000,8611.00000
2026-09-11 06:15:00+00:00,4359.02000,4360.53000,4351.36000,4351.65000,7326.00000
2026-09-11 06:30:00+00:00,4351.17000,4354.02000,4347.07000,4350.72000,7266.00000
2026-09-11 06:45:00+00:00,4350.76000,4355.35000,4349.59000,4353.27000,6433.00000
2026-09-11 07:00:00+00:00,4353.23000,4356.20000,4349.94000,4351.52000,6586.00000
2026-09-11 07:15:00+00:00,4351.83000,4352.38000,4346.11000,4346.37000,5700.00000
2026-09-11 07:30:00+00:00,4346.32000,4347.81000,4343.32000,4345.13000,5486.00000
2026-09-11 07:45:00+00:00,4345.07000,4345.21000,4340.57000,4344.94000,5908.00000
2026-09-11 08:00:00+00:00,4345.09000,4349.41000,4342.37000,4347.44000,7119.00000
2026-09-11 08:15:00+00:00,4347.45000,4357.44000,4343.79000,4351.64000,7165.00000
2026-09-11 08:30:00+00:00,4351.65000,4356.76000,4351.12000,4352.71000,5984.00000
2026-09-11 08:45:00+00:00,4352.82000,4355.52000,4345.68000,4347.04000,5744.00000
2026-09-11 09:00:00+00:00,4347.23000,4354.02000,4342.57000,4342.57000,5778.00000
2026-09-11 09:15:00+00:00,4342.58000,4346.25000,4341.72000,4343.77000,4837.00000
2026-09-11 09:30:00+00:00,4343.80000,4345.08000,4340.93000,4343.52000,4962.00000
2026-09-11 09:45:00+00:00,4343.53000,4347.77000,4342.56000,4346.32000,4626.00000
2026-09-11 10:00:00+00:00,4346.42000,4349.85000,4341.39000,4346.27000,5708.00000
2026-09-11 10:15:00+00:00,4346.25000,4350.01000,4345.91000,4349.38000,5183.00000
2026-09-11 10:30:00+00:00,4349.51000,4349.74000,4343.78000,4345.12000,5128.00000
2026-09-11 10:45:00+00:00,4345.13000,4345.39000,4336.78000,4337.56000,4990.00000
2026-09-11 11:00:00+00:00,4337.57000,4342.60000,4334.63000,4338.13000,5839.00000
2026-09-11 11:15:00+00:00,4338.09000,4341.76000,4336.05000,4336.49000,5605.00000
2026-09-11 11:30:00+00:00,4336.48000,4337.38000,4330.20000,4334.68000,5785.00000
2026-09-11 11:45:00+00:00,4334.74000,4336.18000,4330.87000,4333.40000,5946.00000
2026-09-11 12:00:00+00:00,4333.52000,4334.84000,4324.84000,4327.95000,7035.00000
2026-09-11 12:15:00+00:00,4327.92000,4343.43000,4327.52000,4341.27000,8574.00000
2026-09-11 12:30:00+00:00,4341.32000,4362.47000,4288.33000,4353.96000,13291.00000
2026-09-11 12:45:00+00:00,4353.94000,4390.07000,4352.57000,4388.70000,12312.00000
2026-09-11 13:00:00+00:00,4388.43000,4394.36000,4380.62000,4389.39000,12234.00000
2026-09-11 13:15:00+00:00,4389.34000,4398.59000,4380.58000,4390.25000,11218.00000
2026-09-11 13:30:00+00:00,4390.26000,4400.37000,4381.67000,4394.70000,12435.00000
2026-09-11 13:45:00+00:00,4395.03000,4402.51000,4387.25000,4401.72000,10731.00000
2026-09-11 14:00:00+00:00,4401.21000,4402.49000,4381.62000,4383.11000,11784.00000
2026-09-11 14:15:00+00:00,4382.86000,4385.49000,4374.38000,4375.12000,11132.00000
2026-09-11 14:30:00+00:00,4375.12000,4375.67000,4364.82000,4371.47000,10421.00000
2026-09-11 14:45:00+00:00,4371.49000,4384.27000,4370.66000,4370.86000,10423.00000
2026-09-11 15:00:00+00:00,4370.78000,4372.84000,4359.31000,4362.44000,9785.00000
2026-09-11 15:15:00+00:00,4362.45000,4372.39000,4361.55000,4370.56000,9323.00000
2026-09-11 15:30:00+00:00,4370.18000,4377.16000,4369.14000,4372.92000,8542.00000
2026-09-11 15:45:00+00:00,4372.90000,4373.84000,4365.25000,4367.15000,7990.00000
2026-09-11 16:00:00+00:00,4367.14000,4372.80000,4361.03000,4361.42000,8027.00000
2026-09-11 16:15:00+00:00,4361.40000,4364.00000,4351.98000,4354.87000,8794.00000
2026-09-11 16:30:00+00:00,4354.96000,4365.85000,4353.46000,4363.56000,8624.00000
2026-09-11 16:45:00+00:00,4363.68000,4365.03000,4360.37000,4361.72000,6364.00000
2026-09-11 17:00:00+00:00,4361.87000,4368.89000,4360.85000,4365.68000,6572.00000
2026-09-11 17:15:00+00:00,4365.71000,4369.73000,4363.47000,4366.97000,7086.00000
2026-09-11 17:30:00+00:00,4366.96000,4370.47000,4359.97000,4362.07000,6378.00000
2026-09-11 17:45:00+00:00,4362.06000,4363.85000,4357.93000,4358.28000,6193.00000
2026-09-11 18:00:00+00:00,4358.30000,4360.12000,4344.42000,4346.84000,6276.00000
2026-09-11 18:15:00+00:00,4346.78000,4352.96000,4344.15000,4350.63000,7986.00000
2026-09-11 18:30:00+00:00,4350.62000,4351.53000,4345.85000,4347.09000,6036.00000
2026-09-11 18:45:00+00:00,4347.08000,4347.50000,4344.28000,4346.99000,5567.00000
2026-09-11 19:00:00+00:00,4347.34000,4352.02000,4344.43000,4351.96000,5783.00000
2026-09-11 19:15:00+00:00,4351.73000,4353.73000,4347.39000,4347.41000,5308.00000
2026-09-11 19:30:00+00:00,4347.54000,4348.38000,4345.19000,4346.21000,5115.00000
2026-09-11 19:45:00+00:00,4346.14000,4349.42000,4342.77000,4348.61000,6343.00000
2026-09-11 20:00:00+00:00,4348.76000,4351.49000,4348.18000,4348.37000,3147.00000
2026-09-11 20:15:00+00:00,4348.26000,4350.32000,4346.28000,4348.78000,2433.00000
2026-09-11 20:30:00+00:00,4348.80000,4349.10000,4345.69000,4346.37000,2150.00000
2026-09-11 20:45:00+00:00,4346.45000,4349.32000,4345.49000,4348.67000,1988.00000
2026-09-13 22:00:00+00:00,4337.02000,4340.99000,4329.98000,4330.93000,6211.00000
2026-09-13 22:15:00+00:00,4330.94000,4336.47000,4328.35000,4336.36000,4859.00000
2026-09-13 22:30:00+00:00,4336.25000,4338.03000,4333.78000,4337.21000,3534.00000
2026-09-13 22:45:00+00:00,4337.18000,4339.92000,4335.12000,4337.90000,2477.00000
2026-09-13 23:00:00+00:00,4337.88000,4342.51000,4337.88000,4339.64000,2054.00000
2026-09-13 23:15:00+00:00,4339.60000,4340.65000,4335.78000,4339.31000,2659.00000
2026-09-13 23:30:00+00:00,4339.29000,4342.07000,4337.95000,4337.95000,3340.00000
2026-09-13 23:45:00+00:00,4337.85000,4338.29000,4331.85000,4332.80000,5454.00000
2026-09-14 00:00:00+00:00,4332.56000,4347.55000,4329.90000,4342.75000,7713.00000
2026-09-14 00:15:00+00:00,4342.70000,4345.13000,4333.14000,4337.94000,6648.00000
2026-09-14 00:30:00+00:00,4337.98000,4340.72000,4332.15000,4338.26000,6208.00000
2026-09-14 00:45:00+00:00,4338.29000,4343.46000,4337.34000,4338.64000,6142.00000
2026-09-14 01:00:00+00:00,4338.59000,4344.74000,4329.55000,4331.61000,10910.00000
2026-09-14 01:15:00+00:00,4331.58000,4338.00000,4326.29000,4335.52000,9135.00000
2026-09-14 01:30:00+00:00,4335.66000,4346.67000,4328.38000,4342.49000,8191.00000
2026-09-14 01:45:00+00:00,4342.57000,4355.23000,4342.57000,4353.45000,7208.00000
2026-09-14 02:00:00+00:00,4353.27000,4355.00000,4348.53000,4349.39000,6523.00000
2026-09-14 02:15:00+00:00,4349.31000,4354.15000,4348.28000,4352.26000,4085.00000
2026-09-14 02:30:00+00:00,4353.12000,4355.44000,4343.30000,4345.71000,7195.00000
2026-09-14 02:45:00+00:00,4345.67000,4348.14000,4330.11000,4330.87000,6287.00000
2026-09-14 03:00:00+00:00,4330.86000,4336.03000,4327.32000,4333.46000,6158.00000
2026-09-14 03:15:00+00:00,4333.48000,4336.39000,4331.97000,4334.87000,4489.00000
2026-09-14 03:30:00+00:00,4334.79000,4335.28000,4327.12000,4329.21000,4448.00000
2026-09-14 03:45:00+00:00,4329.18000,4333.56000,4328.67000,4330.42000,3880.00000
2026-09-14 04:00:00+00:00,4330.37000,4331.67000,4329.16000,4329.19000,3346.00000
2026-09-14 04:15:00+00:00,4329.16000,4331.66000,4328.89000,4331.46000,2993.00000
2026-09-14 04:30:00+00:00,4331.46000,4331.66000,4323.45000,4323.47000,4553.00000
2026-09-14 04:45:00+00:00,4323.49000,4331.59000,4322.20000,4329.57000,4206.00000
2026-09-14 05:00:00+00:00,4329.56000,4332.61000,4326.62000,4330.79000,4451.00000
2026-09-14 05:15:00+00:00,4330.86000,4332.18000,4326.44000,4326.63000,3694.00000
2026-09-14 05:30:00+00:00,4326.74000,4337.14000,4325.42000,4331.00000,7794.00000
2026-09-14 05:45:00+00:00,4331.11000,4337.50000,4323.43000,4337.50000,7182.00000
2026-09-14 06:00:00+00:00,4337.49000,4338.74000,4327.15000,4330.00000,7287.00000
2026-09-14 06:15:00+00:00,4330.02000,4332.54000,4327.00000,4330.20000,5939.00000
2026-09-14 06:30:00+00:00,4330.13000,4332.39000,4325.23000,4327.33000,5881.00000
2026-09-14 06:45:00+00:00,4327.36000,4329.74000,4320.65000,4322.18000,6463.00000
2026-09-14 07:00:00+00:00,4322.15000,4324.15000,4317.58000,4323.89000,7273.00000
2026-09-14 07:15:00+00:00,4323.97000,4324.24000,4316.36000,4316.85000,6175.00000
2026-09-14 07:30:00+00:00,4316.87000,4319.46000,4315.57000,4319.21000,5679.00000
2026-09-14 07:45:00+00:00,4319.28000,4321.99000,4308.00000,4310.85000,6519.00000
2026-09-14 08:00:00+00:00,4310.89000,4318.22000,4310.86000,4313.38000,6920.00000
2026-09-14 08:15:00+00:00,4313.26000,4314.41000,4310.26000,4310.65000,6171.00000
2026-09-14 08:30:00+00:00,4310.33000,4315.99000,4309.48000,4311.86000,6235.00000
2026-09-14 08:45:00+00:00,4311.80000,4313.32000,4303.31000,4306.66000,6236.00000
2026-09-14 09:00:00+00:00,4306.64000,4311.69000,4304.98000,4305.84000,6292.00000
2026-09-14 09:15:00+00:00,4305.64000,4305.98000,4280.57000,4287.98000,8707.00000
2026-09-14 09:30:00+00:00,4287.64000,4289.69000,4279.26000,4281.43000,7691.00000
2026-09-14 09:45:00+00:00,4281.42000,4288.35000,4278.58000,4285.53000,7102.00000
2026-09-14 10:00:00+00:00,4285.52000,4289.48000,4278.35000,4288.49000,6424.00000
2026-09-14 10:15:00+00:00,4288.47000,4292.65000,4285.90000,4291.22000,5613.00000
2026-09-14 10:30:00+00:00,4291.26000,4295.00000,4289.34000,4293.93000,4738.00000
2026-09-14 10:45:00+00:00,4293.95000,4296.59000,4290.22000,4294.75000,5119.00000
2026-09-14 11:00:00+00:00,4294.71000,4296.89000,4291.15000,4292.27000,6103.00000
2026-09-14 11:15:00+00:00,4292.26000,4296.88000,4291.21000,4296.15000,4322.00000
2026-09-14 11:30:00+00:00,4296.07000,4296.88000,4292.16000,4292.36000,5078.00000
2026-09-14 11:45:00+00:00,4292.35000,4293.83000,4284.34000,4287.07000,5623.00000
2026-09-14 12:00:00+00:00,4287.13000,4296.76000,4285.15000,4294.66000,6530.00000
2026-09-14 12:15:00+00:00,4294.77000,4297.61000,4283.70000,4286.06000,8318.00000
2026-09-14 12:30:00+00:00,4286.09000,4289.60000,4273.47000,4283.68000,10312.00000
2026-09-14 12:45:00+00:00,4283.65000,4283.65000,4265.90000,4271.02000,8921.00000
2026-09-14 13:00:00+00:00,4271.22000,4272.68000,4253.59000,4266.42000,10602.00000
2026-09-14 13:15:00+00:00,4266.17000,4277.76000,4263.91000,4273.60000,8306.00000
2026-09-14 13:30:00+00:00,4273.94000,4278.58000,4266.76000,4274.91000,11281.00000
2026-09-14 13:45:00+00:00,4274.93000,4281.17000,4269.86000,4272.63000,11038.00000
2026-09-14 14:00:00+00:00,4272.66000,4282.07000,4264.88000,4281.68000,10741.00000
2026-09-14 14:15:00+00:00,4281.88000,4282.99000,4263.87000,4270.08000,9604.00000
2026-09-14 14:30:00+00:00,4270.14000,4277.13000,4266.76000,4276.85000,9003.00000
2026-09-14 14:45:00+00:00,4276.86000,4279.53000,4274.09000,4279.53000,8605.00000
2026-09-14 15:00:00+00:00,4279.78000,4286.58000,4272.71000,4277.15000,10160.00000
2026-09-14 15:15:00+00:00,4277.14000,4284.84000,4272.78000,4283.60000,8631.00000
2026-09-14 15:30:00+00:00,4283.43000,4298.36000,4282.83000,4294.30000,10821.00000
2026-09-14 15:45:00+00:00,4294.49000,4295.04000,4286.44000,4288.24000,7888.00000
2026-09-14 16:00:00+00:00,4288.25000,4297.79000,4286.36000,4294.43000,7255.00000
2026-09-14 16:15:00+00:00,4294.47000,4305.32000,4294.47000,4300.14000,7577.00000
2026-09-14 16:30:00+00:00,4300.11000,4308.04000,4299.55000,4306.17000,7350.00000
2026-09-14 16:45:00+00:00,4306.16000,4317.76000,4304.85000,4315.85000,9617.00000
2026-09-14 17:00:00+00:00,4315.94000,4316.54000,4311.31000,4311.31000,7416.00000
2026-09-14 17:15:00+00:00,4311.23000,4314.18000,4309.41000,4311.86000,7413.00000
2026-09-14 17:30:00+00:00,4312.02000,4313.67000,4307.85000,4309.99000,6575.00000
2026-09-14 17:45:00+00:00,4309.87000,4313.90000,4308.72000,4311.11000,5833.00000
2026-09-14 18:00:00+00:00,4311.16000,4315.60000,4308.36000,4312.68000,6517.00000
2026-09-14 18:15:00+00:00,4312.72000,4312.76000,4306.42000,4309.77000,5709.00000
2026-09-14 18:30:00+00:00,4309.75000,4313.29000,4308.63000,4309.46000,5293.00000
2026-09-14 18:45:00+00:00,4309.42000,4309.82000,4304.75000,4307.41000,5088.00000
2026-09-14 19:00:00+00:00,4307.43000,4307.91000,4302.92000,4306.08000,5040.00000
2026-09-14 19:15:00+00:00,4306.09000,4306.09000,4295.97000,4296.42000,4946.00000
2026-09-14 19:30:00+00:00,4296.42000,4297.41000,4290.59000,4291.87000,5392.00000
2026-09-14 19:45:00+00:00,4291.88000,4291.91000,4282.93000,4283.74000,6703.00000
2026-09-14 20:00:00+00:00,4283.68000,4288.51000,4282.28000,4287.79000,3931.00000
2026-09-14 20:15:00+00:00,4288.00000,4298.35000,4288.00000,4296.74000,3629.00000
2026-09-14 20:30:00+00:00,4296.81000,4299.65000,4294.60000,4294.87000,2737.00000
2026-09-14 20:45:00+00:00,4294.89000,4299.40000,4294.88000,4298.70000,2098.00000
2026-09-14 22:00:00+00:00,4300.68000,4302.77000,4296.67000,4297.10000,3136.00000
2026-09-14 22:15:00+00:00,4297.18000,4298.27000,4292.96000,4295.80000,2985.00000
2026-09-14 22:30:00+00:00,4295.79000,4298.67000,4293.65000,4295.65000,2983.00000
2026-09-14 22:45:00+00:00,4295.59000,4298.27000,4293.22000,4295.38000,2695.00000
2026-09-14 23:00:00+00:00,4295.40000,4297.39000,4291.23000,4292.31000,3333.00000
2026-09-14 23:15:00+00:00,4292.27000,4292.49000,4287.16000,4289.93000,3344.00000
2026-09-14 23:30:00+00:00,4289.87000,4291.72000,4288.01000,4289.59000,2916.00000
2026-09-14 23:45:00+00:00,4289.65000,4289.65000,4287.35000,4288.27000,2903.00000
2026-09-15 00:00:00+00:00,4288.21000,4289.14000,4283.69000,4286.87000,5958.00000
2026-09-15 00:15:00+00:00,4286.84000,4289.71000,4283.52000,4288.12000,5168.00000
2026-09-15 00:30:00+00:00,4288.17000,4293.14000,4283.42000,4292.70000,4710.00000
2026-09-15 00:45:00+00:00,4292.72000,4296.66000,4291.88000,4293.05000,4598.00000
2026-09-15 01:00:00+00:00,4293.02000,4299.94000,4287.96000,4299.79000,8453.00000
2026-09-15 01:15:00+00:00,4299.78000,4305.80000,4299.10000,4301.82000,6268.00000
2026-09-15 01:30:00+00:00,4301.96000,4306.45000,4295.16000,4298.67000,7565.00000
2026-09-15 01:45:00+00:00,4298.66000,4305.00000,4294.18000,4304.46000,6431.00000
2026-09-15 02:00:00+00:00,4304.81000,4311.72000,4304.71000,4307.36000,6489.00000
2026-09-15 02:15:00+00:00,4307.32000,4310.15000,4305.46000,4310.15000,4308.00000
2026-09-15 02:30:00+00:00,4310.14000,4317.18000,4307.33000,4311.51000,6659.00000
2026-09-15 02:45:00+00:00,4311.27000,4317.42000,4311.19000,4314.19000,5629.00000
2026-09-15 03:00:00+00:00,4314.15000,4314.44000,4309.96000,4310.87000,5305.00000
2026-09-15 03:15:00+00:00,4310.90000,4314.34000,4309.89000,4310.88000,4390.00000
2026-09-15 03:30:00+00:00,4310.85000,4313.61000,4308.20000,4308.69000,4198.00000
2026-09-15 03:45:00+00:00,4308.68000,4310.12000,4303.24000,4303.63000,3832.00000
2026-09-15 04:00:00+00:00,4303.46000,4309.65000,4302.60000,4307.39000,4049.00000
2026-09-15 04:15:00+00:00,4307.40000,4308.63000,4302.78000,4303.64000,3931.00000
2026-09-15 04:30:00+00:00,4303.66000,4306.21000,4300.75000,4305.03000,3698.00000
2026-09-15 04:45:00+00:00,4305.02000,4307.89000,4304.21000,4304.82000,4337.00000
2026-09-15 05:00:00+00:00,4304.86000,4307.59000,4300.50000,4301.57000,4278.00000
2026-09-15 05:15:00+00:00,4301.58000,4301.81000,4296.46000,4297.30000,4887.00000
2026-09-15 05:30:00+00:00,4296.77000,4300.18000,4289.27000,4296.30000,7800.00000
2026-09-15 05:45:00+00:00,4296.32000,4299.98000,4290.80000,4291.07000,6439.00000
2026-09-15 06:00:00+00:00,4290.98000,4294.34000,4286.07000,4289.80000,7745.00000
2026-09-15 06:15:00+00:00,4289.81000,4292.43000,4287.21000,4289.49000,6479.00000
2026-09-15 06:30:00+00:00,4289.48000,4291.24000,4286.03000,4290.82000,5811.00000
2026-09-15 06:45:00+00:00,4290.77000,4295.31000,4290.55000,4293.48000,5679.00000
2026-09-15 07:00:00+00:00,4293.34000,4295.67000,4286.65000,4288.15000,7245.00000
2026-09-15 07:15:00+00:00,4288.12000,4292.30000,4287.60000,4292.03000,6431.00000
2026-09-15 07:30:00+00:00,4292.20000,4292.95000,4281.05000,4283.89000,6913.00000
2026-09-15 07:45:00+00:00,4283.84000,4290.18000,4276.28000,4280.60000,7985.00000
2026-09-15 08:00:00+00:00,4280.67000,4280.67000,4263.71000,4267.80000,8536.00000
2026-09-15 08:15:00+00:00,4267.79000,4275.28000,4266.94000,4273.33000,7541.00000
2026-09-15 08:30:00+00:00,4273.24000,4274.88000,4267.17000,4267.59000,6722.00000
2026-09-15 08:45:00+00:00,4267.60000,4269.63000,4261.38000,4262.40000,5830.00000
2026-09-15 09:00:00+00:00,4262.37000,4267.06000,4261.55000,4265.70000,6263.00000
2026-09-15 09:15:00+00:00,4265.69000,4269.53000,4261.72000,4266.99000,7104.00000
2026-09-15 09:30:00+00:00,4266.88000,4272.24000,4264.96000,4269.67000,5779.00000
2026-09-15 09:45:00+00:00,4269.69000,4272.14000,4267.93000,4268.38000,5321.00000
2026-09-15 10:00:00+00:00,4268.39000,4277.63000,4268.39000,4273.21000,6092.00000
2026-09-15 10:15:00+00:00,4273.15000,4274.68000,4269.94000,4274.52000,4828.00000
2026-09-15 10:30:00+00:00,4274.54000,4277.42000,4273.70000,4274.96000,4466.00000
2026-09-15 10:45:00+00:00,4274.93000,4283.88000,4274.71000,4281.63000,4889.00000
2026-09-15 11:00:00+00:00,4281.63000,4283.92000,4278.72000,4283.71000,5283.00000
2026-09-15 11:15:00+00:00,4283.76000,4285.60000,4282.53000,4283.43000,4906.00000
2026-09-15 11:30:00+00:00,4283.34000,4285.03000,4280.42000,4282.86000,5239.00000
2026-09-15 11:45:00+00:00,4282.88000,4286.78000,4282.48000,4284.71000,4873.00000
2026-09-15 12:00:00+00:00,4284.47000,4285.01000,4275.97000,4278.63000,6485.00000
2026-09-15 12:15:00+00:00,4278.57000,4279.29000,4271.40000,4277.85000,6812.00000
2026-09-15 12:30:00+00:00,4277.53000,4286.15000,4274.75000,4281.25000,7667.00000
2026-09-15 12:45:00+00:00,4281.30000,4295.88000,4281.15000,4290.47000,10077.00000
2026-09-15 13:00:00+00:00,4290.37000,4294.51000,4283.98000,4286.84000,9061.00000
2026-09-15 13:15:00+00:00,4286.85000,4293.21000,4283.70000,4287.37000,8169.00000
2026-09-15 13:30:00+00:00,4287.71000,4294.15000,4284.19000,4289.75000,10723.00000
2026-09-15 13:45:00+00:00,4289.60000,4298.38000,4288.38000,4294.91000,9602.00000
2026-09-15 14:00:00+00:00,4294.98000,4300.48000,4293.65000,4294.72000,9601.00000
2026-09-15 14:15:00+00:00,4294.73000,4295.73000,4283.08000,4284.13000,9064.00000
2026-09-15 14:30:00+00:00,4284.22000,4286.06000,4275.68000,4278.25000,10039.00000
2026-09-15 14:45:00+00:00,4278.20000,4282.95000,4273.71000,4277.25000,9146.00000
2026-09-15 15:00:00+00:00,4276.99000,4286.20000,4276.66000,4285.44000,8258.00000
2026-09-15 15:15:00+00:00,4285.42000,4287.66000,4282.43000,4283.89000,7465.00000
2026-09-15 15:30:00+00:00,4284.08000,4290.49000,4281.59000,4287.80000,7699.00000
2026-09-15 15:45:00+00:00,4287.78000,4294.62000,4285.03000,4289.36000,7483.00000
2026-09-15 16:00:00+00:00,4289.40000,4291.70000,4286.24000,4286.35000,6504.00000
2026-09-15 16:15:00+00:00,4286.37000,4297.14000,4285.58000,4295.73000,6764.00000
2026-09-15 16:30:00+00:00,4295.63000,4297.85000,4291.63000,4296.64000,6070.00000
2026-09-15 16:45:00+00:00,4296.65000,4298.39000,4295.14000,4295.60000,5284.00000
2026-09-15 17:00:00+00:00,4295.62000,4299.15000,4290.37000,4295.17000,6217.00000
2026-09-15 17:15:00+00:00,4295.18000,4296.55000,4291.51000,4293.22000,6209.00000
2026-09-15 17:30:00+00:00,4293.20000,4299.09000,4292.39000,4293.33000,5423.00000
