time,open,high,low,close,volume
2026-05-18 17:45:00+00:00,107.33300,107.46300,107.22300,107.38300,1046.00000
2026-05-18 18:00:00+00:00,107.37300,108.06300,107.37300,108.05300,1534.00000
2026-05-18 18:15:00+00:00,108.04300,109.55300,108.02300,108.77300,3852.00000
2026-05-18 18:30:00+00:00,108.76300,108.89300,108.52300,108.56300,1776.00000
2026-05-18 18:45:00+00:00,108.56300,109.04300,108.52300,109.00300,1240.00000
2026-05-18 19:00:00+00:00,109.02300,109.15300,106.26300,106.85300,4982.00000
2026-05-18 19:15:00+00:00,106.86300,107.16300,106.32300,106.74300,2212.00000
2026-05-18 19:30:00+00:00,106.75300,106.80300,105.92300,106.14300,1799.00000
2026-05-18 19:45:00+00:00,106.15300,106.36300,105.76300,106.32300,1716.00000
2026-05-18 20:00:00+00:00,106.32300,106.40300,105.75300,105.75300,1090.00000
2026-05-18 20:15:00+00:00,105.75300,106.08300,105.47300,106.06300,1138.00000
2026-05-18 20:30:00+00:00,106.06300,106.36300,106.00300,106.26300,772.00000
2026-05-18 20:45:00+00:00,106.27300,106.90300,106.22300,106.85300,1014.00000
2026-05-18 22:00:00+00:00,106.80600,106.80600,106.33600,106.67600,592.00000
2026-05-18 22:15:00+00:00,106.67600,106.76600,106.53600,106.61600,290.00000
2026-05-18 22:30:00+00:00,106.61600,106.73600,106.56600,106.66600,266.00000
2026-05-18 22:45:00+00:00,106.67600,106.76600,106.63600,106.68600,128.00000
2026-05-18 23:00:00+00:00,106.69600,106.73600,106.68600,106.68600,141.00000
2026-05-18 23:15:00+00:00,106.68600,106.68600,106.56600,106.66600,142.00000
2026-05-18 23:30:00+00:00,106.66600,106.71600,106.58600,106.58600,121.00000
2026-05-18 23:45:00+00:00,106.59600,106.74600,106.49600,106.53600,253.00000
2026-05-19 00:00:00+00:00,106.53600,106.96600,106.47600,106.68600,1127.00000
2026-05-19 00:15:00+00:00,106.67600,106.92600,106.66600,106.73600,715.00000
2026-05-19 00:30:00+00:00,106.74600,106.76600,106.54600,106.57600,481.00000
2026-05-19 00:45:00+00:00,106.58600,106.78600,106.46600,106.71600,861.00000
2026-05-19 01:00:00+00:00,106.69600,107.16600,106.69600,107.11600,1629.00000
2026-05-19 01:15:00+00:00,107.12600,107.21600,106.96600,107.00600,916.00000
2026-05-19 01:30:00+00:00,106.98600,107.03600,106.46600,106.63600,786.00000
2026-05-19 01:45:00+00:00,106.60600,106.87600,106.59600,106.73600,818.00000
2026-05-19 02:00:00+00:00,106.74600,106.90600,106.65600,106.80600,671.00000
2026-05-19 02:15:00+00:00,106.80600,107.04600,106.74600,106.80600,439.00000
2026-05-19 02:30:00+00:00,106.81600,107.31600,106.79600,107.08600,746.00000
2026-05-19 02:45:00+00:00,107.09600,107.15600,107.02600,107.12600,588.00000
2026-05-19 03:00:00+00:00,107.14600,107.34600,107.11600,107.15600,691.00000
2026-05-19 03:15:00+00:00,107.15600,107.16600,107.02600,107.04600,370.00000
2026-05-19 03:30:00+00:00,107.03600,107.03600,106.90600,106.96600,507.00000
2026-05-19 03:45:00+00:00,106.96600,107.13600,106.96600,107.07600,386.00000
2026-05-19 04:00:00+00:00,107.06600,107.13600,106.88600,106.97600,368.00000
2026-05-19 04:15:00+00:00,106.97600,107.04600,106.93600,106.94600,267.00000
2026-05-19 04:30:00+00:00,106.94600,107.12600,106.90600,107.06600,368.00000
2026-05-19 04:45:00+00:00,107.07600,107.14600,106.82600,106.87600,389.00000
2026-05-19 05:00:00+00:00,106.87600,106.95600,106.82600,106.86600,473.00000
2026-05-19 05:15:00+00:00,106.86600,107.60600,106.85600,107.26600,945.00000
2026-05-19 05:30:00+00:00,107.25600,107.67600,107.25600,107.50600,957.00000
2026-05-19 05:45:00+00:00,107.49600,107.54600,107.32600,107.37600,655.00000
2026-05-19 06:00:00+00:00,107.38600,107.92600,106.96600,107.12600,1851.00000
2026-05-19 06:15:00+00:00,107.13600,107.73600,107.09600,107.65600,1090.00000
2026-05-19 06:30:00+00:00,107.66600,107.85600,107.59600,107.74600,1079.00000
2026-05-19 06:45:00+00:00,107.74600,108.06600,107.73600,107.95600,1249.00000
2026-05-19 07:00:00+00:00,107.94600,108.22600,107.72600,107.76600,1379.00000
2026-05-19 07:15:00+00:00,107.76600,107.93600,107.72600,107.76600,883.00000
2026-05-19 07:30:00+00:00,107.75600,107.99600,107.71600,107.76600,969.00000
2026-05-19 07:45:00+00:00,107.77600,107.80600,107.25600,107.38600,1917.00000
2026-05-19 08:00:00+00:00,107.35600,108.08600,107.25600,107.92600,1936.00000
2026-05-19 08:15:00+00:00,107.91600,107.92600,107.54600,107.67600,1987.00000
2026-05-19 08:30:00+00:00,107.67600,107.73600,107.35600,107.46600,1258.00000
2026-05-19 08:45:00+00:00,107.46600,107.49600,107.25600,107.46600,912.00000
2026-05-19 09:00:00+00:00,107.47600,107.62600,107.38600,107.55600,1092.00000
2026-05-19 09:15:00+00:00,107.56600,107.79600,107.30600,107.56600,1144.00000
2026-05-19 09:30:00+00:00,107.55600,107.65600,107.45600,107.48600,949.00000
2026-05-19 09:45:00+00:00,107.49600,107.57600,106.80600,107.01600,1202.00000
2026-05-19 10:00:00+00:00,107.00600,107.28600,106.95600,107.26600,1007.00000
2026-05-19 10:15:00+00:00,107.25600,107.42600,107.22600,107.26600,833.00000
2026-05-19 10:30:00+00:00,107.25600,108.17600,107.20600,107.99600,1475.00000
2026-05-19 10:45:00+00:00,107.98600,108.39600,107.51600,107.65600,2149.00000
2026-05-19 11:00:00+00:00,107.67600,108.25600,107.64600,108.22600,1500.00000
2026-05-19 11:15:00+00:00,108.21600,108.31600,107.88600,108.06600,1049.00000
2026-05-19 11:30:00+00:00,108.05600,108.15600,107.91600,107.98600,879.00000
2026-05-19 11:45:00+00:00,107.99600,108.21600,107.93600,108.20600,903.00000
2026-05-19 12:00:00+00:00,108.23600,108.23600,107.78600,107.79600,1184.00000
2026-05-19 12:15:00+00:00,107.81600,108.00600,107.50600,107.69600,1145.00000
2026-05-19 12:30:00+00:00,107.70600,107.76600,107.45600,107.57600,1225.00000
2026-05-19 12:45:00+00:00,107.59600,107.84600,107.53600,107.73600,1054.00000
2026-05-19 13:00:00+00:00,107.70600,107.86600,107.36600,107.73600,2063.00000
2026-05-19 13:15:00+00:00,107.72600,108.84600,107.71600,108.63600,2623.00000
2026-05-19 13:30:00+00:00,108.61600,108.93600,108.18600,108.31600,2774.00000
2026-05-19 13:45:00+00:00,108.32600,108.38600,107.42600,107.69600,2840.00000
2026-05-19 14:00:00+00:00,107.68600,107.97600,106.83600,107.92600,3898.00000
2026-05-19 14:15:00+00:00,107.93600,108.00600,107.29600,107.36600,2247.00000
2026-05-19 14:30:00+00:00,107.37600,107.72600,107.03600,107.50600,2936.00000
2026-05-19 14:45:00+00:00,107.52600,107.96600,107.42600,107.72600,1928.00000
2026-05-19 15:00:00+00:00,107.71600,107.73600,107.18600,107.65600,2349.00000
2026-05-19 15:15:00+00:00,107.66600,107.93600,107.30600,107.70600,2407.00000
2026-05-19 15:30:00+00:00,107.72600,107.84600,107.43600,107.80600,1848.00000
2026-05-19 15:45:00+00:00,107.79600,108.12600,107.77600,108.05600,1505.00000
2026-05-19 16:00:00+00:00,108.05600,108.26600,107.98600,108.19600,1134.00000
2026-05-19 16:15:00+00:00,108.18600,108.24600,107.89600,108.05600,1185.00000
2026-05-19 16:30:00+00:00,108.08600,108.37600,107.88600,108.19600,1375.00000
2026-05-19 16:45:00+00:00,108.19600,108.19600,107.74600,107.93600,1196.00000
2026-05-19 17:00:00+00:00,107.95600,108.31600,107.90600,108.15600,1151.00000
2026-05-19 17:15:00+00:00,108.15600,108.28600,108.07600,108.13600,881.00000
2026-05-19 17:30:00+00:00,108.14600,108.15600,107.50600,107.69600,1506.00000
2026-05-19 17:45:00+00:00,107.70600,108.06600,107.65600,107.66600,1565.00000
2026-05-19 18:00:00+00:00,107.64600,107.73600,107.32600,107.39600,1660.00000
2026-05-19 18:15:00+00:00,107.39600,108.68600,107.37600,108.63600,2739.00000
2026-05-19 18:30:00+00:00,108.62600,108.88600,108.45600,108.65600,1600.00000
2026-05-19 18:45:00+00:00,108.66600,109.08600,108.64600,108.87600,1089.00000
2026-05-19 19:00:00+00:00,108.88600,108.88600,108.39600,108.42600,992.00000
2026-05-19 19:15:00+00:00,108.41600,108.80600,108.36600,108.67600,892.00000
2026-05-19 19:30:00+00:00,108.66600,108.72600,108.57600,108.64600,527.00000
2026-05-19 19:45:00+00:00,108.66600,108.70600,108.44600,108.70600,741.00000
2026-05-19 20:00:00+00:00,108.70600,108.81600,108.61600,108.66600,459.00000
2026-05-19 20:15:00+00:00,108.67600,108.67600,108.38600,108.44600,491.00000
2026-05-19 20:30:00+00:00,108.43600,108.44600,108.17600,108.28600,798.00000
2026-05-19 20:45:00+00:00,108.29600,108.40600,108.21600,108.22600,514.00000
2026-05-19 22:00:00+00:00,108.24200,108.44200,108.14200,108.42200,362.00000
2026-05-19 22:15:00+00:00,108.42200,108.45200,108.28200,108.31200,157.00000
2026-05-19 22:30:00+00:00,108.32200,108.35200,108.21200,108.27200,159.00000
2026-05-19 22:45:00+00:00,108.26200,108.33200,108.26200,108.31200,84.00000
2026-05-19 23:00:00+00:00,108.31200,108.39200,108.23200,108.26200,125.00000
2026-05-19 23:15:00+00:00,108.27200,108.32200,108.11800,108.15200,141.00000
2026-05-19 23:30:00+00:00,108.17200,108.19200,107.86200,107.98200,242.00000
2026-05-19 23:45:00+00:00,107.99200,108.10200,107.91200,108.03200,208.00000
2026-05-20 00:00:00+00:00,108.06200,108.11200,107.88200,107.93200,561.00000
2026-05-20 00:15:00+00:00,107.93200,108.09200,107.83200,107.91200,417.00000
2026-05-20 00:30:00+00:00,107.89200,108.00200,107.81200,107.90200,302.00000
2026-05-20 00:45:00+00:00,107.91200,108.01200,107.89200,107.95200,299.00000
2026-05-20 01:00:00+00:00,107.96200,108.53200,107.94200,108.31200,1156.00000
2026-05-20 01:15:00+00:00,108.33200,108.36200,108.02400,108.22200,786.00000
2026-05-20 01:30:00+00:00,108.23200,108.48200,108.17200,108.20200,770.00000
2026-05-20 01:45:00+00:00,108.19200,108.22200,107.23200,107.69200,1491.00000
2026-05-20 02:00:00+00:00,107.67200,107.85200,107.50200,107.72200,813.00000
2026-05-20 02:15:00+00:00,107.73200,108.04200,107.70200,108.01200,483.00000
2026-05-20 02:30:00+00:00,108.00200,108.55200,107.99200,108.24200,1115.00000
2026-05-20 02:45:00+00:00,108.24200,108.31200,108.17200,108.29200,599.00000
2026-05-20 03:00:00+00:00,108.30200,108.42200,108.25200,108.38200,554.00000
2026-05-20 03:15:00+00:00,108.36200,108.43200,108.11200,108.16200,561.00000
2026-05-20 03:30:00+00:00,108.15200,108.18200,107.83200,107.92200,457.00000
2026-05-20 03:45:00+00:00,107.91200,108.01200,107.68200,107.79200,404.00000
2026-05-20 04:00:00+00:00,107.78200,107.79200,107.42200,107.60200,539.00000
2026-05-20 04:15:00+00:00,107.61200,107.70200,107.59600,107.63200,276.00000
2026-05-20 04:30:00+00:00,107.64200,107.91200,107.62200,107.83200,369.00000
2026-05-20 04:45:00+00:00,107.84200,108.07200,107.81200,108.00200,250.00000
2026-05-20 05:00:00+00:00,108.01200,108.01200,107.71200,107.81200,336.00000
2026-05-20 05:15:00+00:00,107.83200,107.94200,107.76200,107.87200,337.00000
2026-05-20 05:30:00+00:00,107.84200,107.94200,107.69200,107.83200,628.00000
2026-05-20 05:45:00+00:00,107.82200,108.05200,107.82200,107.95200,453.00000
2026-05-20 06:00:00+00:00,107.97200,108.08200,107.73200,107.96200,766.00000
2026-05-20 06:15:00+00:00,107.94200,107.97200,107.04200,107.14200,1501.00000
2026-05-20 06:30:00+00:00,107.08200,107.44200,106.97200,107.17200,1185.00000
2026-05-20 06:45:00+00:00,107.17200,107.20200,106.75200,106.88200,1270.00000
2026-05-20 07:00:00+00:00,106.86200,107.27200,106.80200,107.17200,1342.00000
2026-05-20 07:15:00+00:00,107.18200,107.24200,106.61200,106.76200,998.00000
2026-05-20 07:30:00+00:00,106.76200,107.26200,106.76200,107.08200,1334.00000
2026-05-20 07:45:00+00:00,107.09200,107.24200,107.04200,107.15200,964.00000
2026-05-20 08:00:00+00:00,107.16200,107.18200,106.62200,107.07200,1676.00000
2026-05-20 08:15:00+00:00,107.07200,107.21200,106.87200,106.93200,1711.00000
2026-05-20 08:30:00+00:00,106.89200,106.94200,106.31200,106.46200,1877.00000
2026-05-20 08:45:00+00:00,106.45200,106.47200,105.93200,106.18200,1718.00000
2026-05-20 09:00:00+00:00,106.22200,106.65200,105.77200,106.60200,1892.00000
2026-05-20 09:15:00+00:00,106.62200,106.75200,106.44200,106.59200,1176.00000
2026-05-20 09:30:00+00:00,106.58200,106.71200,106.40200,106.68200,1048.00000
2026-05-20 09:45:00+00:00,106.67200,106.82200,106.41200,106.44200,1074.00000
2026-05-20 10:00:00+00:00,106.43200,106.61200,106.24200,106.29200,1060.00000
2026-05-20 10:15:00+00:00,106.28200,106.43200,106.21200,106.26200,844.00000
2026-05-20 10:30:00+00:00,106.26200,106.26200,105.12200,105.35200,2004.00000
2026-05-20 10:45:00+00:00,105.34200,105.65200,104.97200,105.59200,1776.00000
2026-05-20 11:00:00+00:00,105.61200,106.10200,105.52200,106.07200,1011.00000
2026-05-20 11:15:00+00:00,106.05200,106.38200,105.94200,106.18200,1198.00000
2026-05-20 11:30:00+00:00,106.17200,106.61200,106.15200,106.47200,1122.00000
2026-05-20 11:45:00+00:00,106.49200,106.86200,106.36200,106.62200,1468.00000
2026-05-20 12:00:00+00:00,106.61200,106.74200,106.00200,106.01200,1442.00000
2026-05-20 12:15:00+00:00,106.00200,106.02200,105.34200,105.37200,1842.00000
2026-05-20 12:30:00+00:00,105.37200,105.52200,104.86200,105.38200,2258.00000
2026-05-20 12:45:00+00:00,105.38200,105.89200,105.34200,105.77200,1558.00000
2026-05-20 13:00:00+00:00,105.77200,106.09200,105.44200,105.44200,1956.00000
2026-05-20 13:15:00+00:00,105.46200,106.18200,105.40200,106.15200,1693.00000
2026-05-20 13:30:00+00:00,106.19200,106.27200,105.96200,106.08200,1845.00000
2026-05-20 13:45:00+00:00,106.08200,106.42200,105.77200,106.38200,1915.00000
2026-05-20 14:00:00+00:00,106.36200,106.91200,105.56200,105.83200,2619.00000
2026-05-20 14:15:00+00:00,105.84200,105.90200,103.57200,104.42200,6813.00000
2026-05-20 14:30:00+00:00,104.43200,105.07200,103.57200,104.57200,4424.00000
2026-05-20 14:45:00+00:00,104.57200,105.06200,104.34200,104.58200,3172.00000
2026-05-20 15:00:00+00:00,104.61200,104.77200,104.11200,104.68200,2680.00000
2026-05-20 15:15:00+00:00,104.67200,104.68200,101.11200,103.81200,6996.00000
2026-05-20 15:30:00+00:00,103.80200,103.82200,102.92200,103.13200,3191.00000
2026-05-20 15:45:00+00:00,103.13200,103.72200,102.81200,103.32200,3006.00000
2026-05-20 16:00:00+00:00,103.32200,103.38200,102.52200,102.64200,2396.00000
2026-05-20 16:15:00+00:00,102.69200,103.72200,102.67200,103.53200,2756.00000
2026-05-20 16:30:00+00:00,103.52200,103.59200,102.05200,102.11200,2521.00000
2026-05-20 16:45:00+00:00,102.15200,102.27200,101.72200,101.97200,2809.00000
2026-05-20 17:00:00+00:00,101.96200,102.13200,101.12200,101.57200,2524.00000
2026-05-20 17:15:00+00:00,101.58200,101.89200,101.05200,101.53200,2673.00000
2026-05-20 17:30:00+00:00,101.51200,101.89200,101.23200,101.82200,2239.00000
2026-05-20 17:45:00+00:00,101.83200,102.42200,101.62200,102.40200,2028.00000
2026-05-20 18:00:00+00:00,102.40200,102.60200,102.12200,102.51200,2116.00000
2026-05-20 18:15:00+00:00,102.50200,102.80200,102.16200,102.28200,2786.00000
2026-05-20 18:30:00+00:00,102.27200,102.36200,101.86200,102.36200,1670.00000
2026-05-20 18:45:00+00:00,102.36200,102.37200,102.00200,102.05200,991.00000
2026-05-20 19:00:00+00:00,102.03200,102.22200,101.89200,102.17200,905.00000
2026-05-20 19:15:00+00:00,102.18200,102.37200,102.17200,102.32200,652.00000
2026-05-20 19:30:00+00:00,102.33200,102.50200,101.93200,102.27200,1076.00000
2026-05-20 19:45:00+00:00,102.28200,102.66200,102.28200,102.62200,915.00000
2026-05-20 20:00:00+00:00,102.63200,102.68200,102.44200,102.56200,573.00000
2026-05-20 20:15:00+00:00,102.55200,102.68200,102.43200,102.52200,610.00000
2026-05-20 20:30:00+00:00,102.53200,102.78200,102.44200,102.76200,519.00000
2026-05-20 20:45:00+00:00,102.76200,103.21200,102.75200,103.11200,763.00000
2026-05-20 22:00:00+00:00,102.92700,102.99700,102.75700,102.81700,472.00000
2026-05-20 22:15:00+00:00,102.82700,103.18700,102.80700,103.18700,201.00000
2026-05-20 22:30:00+00:00,103.15700,103.17700,102.86700,102.93700,208.00000
2026-05-20 22:45:00+00:00,102.94700,103.03700,102.84700,102.94700,159.00000
2026-05-20 23:00:00+00:00,102.94700,103.12700,102.91700,103.09700,131.00000
2026-05-20 23:15:00+00:00,103.09700,103.11700,103.04700,103.08700,107.00000
2026-05-20 23:30:00+00:00,103.08700,103.19700,102.93700,102.93700,134.00000
2026-05-20 23:45:00+00:00,102.95700,102.95700,102.73700,102.84700,300.00000
2026-05-21 00:00:00+00:00,102.84700,103.24700,102.76700,103.10700,918.00000
2026-05-21 00:15:00+00:00,103.13700,104.00700,103.08700,103.51700,1258.00000
2026-05-21 00:30:00+00:00,103.50700,103.58700,103.13700,103.31700,647.00000
2026-05-21 00:45:00+00:00,103.32700,103.34700,103.06700,103.08700,590.00000
2026-05-21 01:00:00+00:00,103.08700,103.14700,102.62700,102.66700,1476.00000
2026-05-21 01:15:00+00:00,102.67700,102.81700,102.57700,102.77700,1074.00000
2026-05-21 01:30:00+00:00,102.78700,102.88700,102.67700,102.71700,817.00000
2026-05-21 01:45:00+00:00,102.70700,102.81700,102.49700,102.57700,878.00000
2026-05-21 02:00:00+00:00,102.57700,102.76700,102.49700,102.74700,567.00000
2026-05-21 02:15:00+00:00,102.75700,102.84700,102.60700,102.65700,395.00000
2026-05-21 02:30:00+00:00,102.63700,102.85700,102.62700,102.80700,588.00000
2026-05-21 02:45:00+00:00,102.81700,103.21700,102.80700,103.12700,766.00000
2026-05-21 03:00:00+00:00,103.12700,103.16700,103.02700,103.09700,520.00000
2026-05-21 03:15:00+00:00,103.10700,103.22700,103.00700,103.02700,454.00000
2026-05-21 03:30:00+00:00,103.02700,103.11700,102.91700,102.93700,363.00000
2026-05-21 03:45:00+00:00,102.93700,103.16700,102.93700,103.06700,220.00000
2026-05-21 04:00:00+00:00,103.08700,103.24700,103.05700,103.14700,292.00000
2026-05-21 04:15:00+00:00,103.16700,103.23700,103.11700,103.21700,284.00000
2026-05-21 04:30:00+00:00,103.22700,103.25700,102.97700,102.99700,289.00000
2026-05-21 04:45:00+00:00,103.00700,103.15700,102.77700,102.82700,415.00000
2026-05-21 05:00:00+00:00,102.81700,102.97700,102.78700,102.92700,689.00000
2026-05-21 05:15:00+00:00,102.91700,103.21700,102.84700,103.19700,442.00000
2026-05-21 05:30:00+00:00,103.22700,103.38700,103.09700,103.32700,900.00000
2026-05-21 05:45:00+00:00,103.32700,104.03700,103.23700,103.39700,1269.00000
2026-05-21 06:00:00+00:00,103.44700,103.44700,102.99700,103.40700,883.00000
2026-05-21 06:15:00+00:00,103.38700,103.78700,102.81700,103.26700,1544.00000
2026-05-21 06:30:00+00:00,103.24700,103.66700,103.21700,103.62700,1021.00000
2026-05-21 06:45:00+00:00,103.63700,103.83700,103.48700,103.54700,1206.00000
2026-05-21 07:00:00+00:00,103.55700,103.88700,103.54700,103.74700,1024.00000
2026-05-21 07:15:00+00:00,103.75700,103.84700,103.59700,103.61700,921.00000
2026-05-21 07:30:00+00:00,103.62700,103.63700,103.25700,103.40700,1092.00000
2026-05-21 07:45:00+00:00,103.41700,103.43700,103.22700,103.26700,767.00000
2026-05-21 08:00:00+00:00,103.26700,103.30700,102.12700,102.22700,2109.00000
2026-05-21 08:15:00+00:00,102.23700,103.16700,102.07700,102.74700,2994.00000
2026-05-21 08:30:00+00:00,102.68700,103.51700,102.68700,103.37700,1785.00000
2026-05-21 08:45:00+00:00,103.35700,103.53700,102.30700,102.44700,2351.00000
2026-05-21 09:00:00+00:00,102.48700,102.48700,101.73700,102.13700,2217.00000
2026-05-21 09:15:00+00:00,102.14700,102.34700,101.56700,101.60700,1779.00000
2026-05-21 09:30:00+00:00,101.58700,101.78700,101.25700,101.77700,2070.00000
2026-05-21 09:45:00+00:00,101.77700,101.86700,101.55700,101.56700,1411.00000
2026-05-21 10:00:00+00:00,101.55700,101.74700,101.45700,101.56700,1315.00000
2026-05-21 10:15:00+00:00,101.56700,103.78700,101.55700,103.61700,3143.00000
2026-05-21 10:30:00+00:00,103.59700,104.96700,103.55700,104.64700,4536.00000
2026-05-21 10:45:00+00:00,104.65700,105.30700,104.54700,105.02700,2971.00000
2026-05-21 11:00:00+00:00,105.04700,105.05700,104.50700,104.65700,2067.00000
2026-05-21 11:15:00+00:00,104.67700,104.81700,104.13700,104.35700,1856.00000
2026-05-21 11:30:00+00:00,104.37700,104.61700,104.31700,104.59700,1442.00000
2026-05-21 11:45:00+00:00,104.58700,104.67700,104.36700,104.55700,1180.00000
2026-05-21 12:00:00+00:00,104.56700,104.85700,104.46700,104.84700,1198.00000
2026-05-21 12:15:00+00:00,104.84700,105.17700,104.74700,105.13700,1608.00000
2026-05-21 12:30:00+00:00,105.14700,105.25700,104.43700,104.71700,2755.00000
2026-05-21 12:45:00+00:00,104.70700,105.16700,104.55700,105.07700,1783.00000
2026-05-21 13:00:00+00:00,105.11700,105.91700,104.72700,105.78700,2800.00000
2026-05-21 13:15:00+00:00,105.78700,106.15700,105.67700,105.89700,2249.00000
2026-05-21 13:30:00+00:00,105.89700,106.59700,105.83700,106.22700,2927.00000
2026-05-21 13:45:00+00:00,106.23700,106.28700,104.27700,104.52700,4499.00000
2026-05-21 14:00:00+00:00,104.51700,105.29700,104.26700,105.12700,3053.00000
2026-05-21 14:15:00+00:00,105.19700,105.52700,104.41700,104.55700,2689.00000
2026-05-21 14:30:00+00:00,104.55700,105.17700,104.33700,105.05700,2011.00000
2026-05-21 14:45:00+00:00,105.04700,105.42700,104.93700,105.33700,2373.00000
2026-05-21 15:00:00+00:00,105.33700,106.10700,105.15700,105.40700,3188.00000
2026-05-21 15:15:00+00:00,105.40700,105.97700,105.28700,105.72700,2797.00000
2026-05-21 15:30:00+00:00,105.75700,105.75700,105.30700,105.36700,1902.00000
2026-05-21 15:45:00+00:00,105.35700,105.37700,104.70700,104.70700,1686.00000
2026-05-21 16:00:00+00:00,104.68700,104.68700,103.77700,104.28700,3241.00000
2026-05-21 16:15:00+00:00,104.27700,104.64700,104.23700,104.39700,1643.00000
2026-05-21 16:30:00+00:00,104.38700,104.49700,104.15700,104.17700,1312.00000
2026-05-21 16:45:00+00:00,104.15700,104.41700,103.98700,103.98700,1274.00000
2026-05-21 17:00:00+00:00,103.98700,104.40700,102.80700,103.22700,3137.00000
2026-05-21 17:15:00+00:00,103.20700,103.27700,101.55700,102.43700,5620.00000
2026-05-21 17:30:00+00:00,102.45700,102.85700,101.16700,101.25700,3965.00000
2026-05-21 17:45:00+00:00,101.26700,101.41700,99.75700,100.30700,4874.00000
2026-05-21 18:00:00+00:00,100.33700,101.22700,99.98700,100.73700,4442.00000
2026-05-21 18:15:00+00:00,100.71700,101.02700,100.19700,100.25700,3506.00000
2026-05-21 18:30:00+00:00,100.25700,100.74700,100.17700,100.51700,2106.00000
2026-05-21 18:45:00+00:00,100.49700,102.27700,100.41700,101.98700,4203.00000
2026-05-21 19:00:00+00:00,102.01700,102.05700,101.35700,101.40700,2523.00000
2026-05-21 19:15:00+00:00,101.39700,101.58700,101.15700,101.42700,1687.00000
2026-05-21 19:30:00+00:00,101.43700,101.54700,101.05700,101.47700,1440.00000
2026-05-21 19:45:00+00:00,101.48700,102.18700,101.07700,101.34700,2535.00000
2026-05-21 20:00:00+00:00,101.30700,101.61700,101.16700,101.54700,1220.00000
2026-05-21 20:15:00+00:00,101.52700,101.85700,101.49700,101.84700,689.00000
2026-05-21 20:30:00+00:00,101.82700,102.09700,101.80700,102.04700,716.00000
2026-05-21 20:45:00+00:00,102.04700,102.15700,101.95700,101.97700,859.00000
2026-05-21 22:00:00+00:00,101.68200,101.68200,101.25200,101.42200,519.00000
2026-05-21 22:15:00+00:00,101.40200,101.59200,101.33200,101.38200,206.00000
2026-05-21 22:30:00+00:00,101.39200,101.67200,101.37200,101.62200,266.00000
2026-05-21 22:45:00+00:00,101.63200,101.65200,101.51200,101.57200,211.00000
2026-05-21 23:00:00+00:00,101.57200,101.74200,101.57200,101.60200,196.00000
2026-05-21 23:15:00+00:00,101.61200,101.77200,101.46200,101.46200,193.00000
2026-05-21 23:30:00+00:00,101.47200,101.55200,101.38200,101.51200,237.00000
2026-05-21 23:45:00+00:00,101.52200,101.63200,101.50200,101.57200,172.00000
2026-05-22 00:00:00+00:00,101.58200,101.84200,101.48200,101.56200,751.00000
2026-05-22 00:15:00+00:00,101.53200,101.99200,101.45200,101.92200,470.00000
2026-05-22 00:30:00+00:00,101.93200,102.00200,101.89200,101.91200,317.00000
2026-05-22 00:45:00+00:00,101.92200,101.94200,101.60200,101.78200,492.00000
2026-05-22 01:00:00+00:00,101.79200,102.09200,101.64200,102.06200,1135.00000
2026-05-22 01:15:00+00:00,102.04200,102.20200,101.90200,101.94200,637.00000
2026-05-22 01:30:00+00:00,101.93200,101.98200,101.71200,101.73200,575.00000
2026-05-22 01:45:00+00:00,101.73200,101.78200,101.48200,101.53200,860.00000
2026-05-22 02:00:00+00:00,101.53200,101.77200,101.49200,101.72200,527.00000
2026-05-22 02:15:00+00:00,101.77200,101.81200,101.53200,101.67200,381.00000
2026-05-22 02:30:00+00:00,101.67200,101.67200,101.27200,101.35200,677.00000
2026-05-22 02:45:00+00:00,101.34200,101.41200,101.19200,101.31200,492.00000
2026-05-22 03:00:00+00:00,101.30200,101.31200,101.10200,101.22200,477.00000
2026-05-22 03:15:00+00:00,101.23200,101.40200,101.18200,101.39200,387.00000
2026-05-22 03:30:00+00:00,101.39200,101.40200,101.27200,101.33200,225.00000
2026-05-22 03:45:00+00:00,101.33200,101.38200,101.29200,101.32200,180.00000
2026-05-22 04:00:00+00:00,101.31200,101.32200,101.04200,101.06200,268.00000
2026-05-22 04:15:00+00:00,101.07200,101.14200,100.77200,101.11200,413.00000
2026-05-22 04:30:00+00:00,101.12200,101.17200,101.06200,101.16200,188.00000
2026-05-22 04:45:00+00:00,101.16200,101.27200,101.07200,101.20200,238.00000
2026-05-22 05:00:00+00:00,101.25200,101.57200,101.20200,101.57200,380.00000
2026-05-22 05:15:00+00:00,101.54200,101.60200,101.46200,101.55200,321.00000
2026-05-22 05:30:00+00:00,101.51200,101.73200,101.51200,101.62200,549.00000
2026-05-22 05:45:00+00:00,101.62200,102.41200,101.56200,102.23200,831.00000
2026-05-22 06:00:00+00:00,102.24200,102.55200,102.05200,102.06200,1053.00000
2026-05-22 06:15:00+00:00,102.07200,102.13200,101.81200,101.83200,789.00000
2026-05-22 06:30:00+00:00,101.83200,101.97200,101.77200,101.90200,691.00000
2026-05-22 06:45:00+00:00,101.91200,102.19200,101.81200,101.84200,904.00000
2026-05-22 07:00:00+00:00,101.81200,102.38200,101.81200,102.38200,956.00000
2026-05-22 07:15:00+00:00,102.37200,102.42200,101.84200,102.01200,1026.00000
2026-05-22 07:30:00+00:00,102.02200,102.72200,102.01200,102.48200,1545.00000
2026-05-22 07:45:00+00:00,102.48200,102.77200,102.29200,102.31200,1354.00000
2026-05-22 08:00:00+00:00,102.29200,102.54200,102.12200,102.41200,1496.00000
2026-05-22 08:15:00+00:00,102.40200,102.59200,101.96200,102.22200,2311.00000
2026-05-22 08:30:00+00:00,102.24200,103.28200,102.18200,102.72200,2291.00000
2026-05-22 08:45:00+00:00,102.72200,102.73200,102.12200,102.56200,1292.00000
2026-05-22 09:00:00+00:00,102.55200,102.92200,102.55200,102.83200,1270.00000
2026-05-22 09:15:00+00:00,102.83200,102.93200,102.64200,102.65200,1111.00000
2026-05-22 09:30:00+00:00,102.66200,102.70200,101.76200,102.25200,1519.00000
2026-05-22 09:45:00+00:00,102.24200,102.52200,102.18200,102.37200,1014.00000
2026-05-22 10:00:00+00:00,102.34200,102.34200,101.52200,101.90200,1232.00000
2026-05-22 10:15:00+00:00,101.92200,102.38200,101.89200,102.35200,1084.00000
2026-05-22 10:30:00+00:00,102.34200,102.64200,102.09200,102.14200,1109.00000
2026-05-22 10:45:00+00:00,102.15200,102.23200,101.93200,102.16200,839.00000
2026-05-22 11:00:00+00:00,102.15200,102.38200,102.00200,102.34200,781.00000
2026-05-22 11:15:00+00:00,102.38200,102.48200,102.27200,102.44200,662.00000
2026-05-22 11:30:00+00:00,102.43200,102.51200,101.52200,101.55200,1092.00000
2026-05-22 11:45:00+00:00,101.56200,101.76200,101.03200,101.37200,1477.00000
2026-05-22 12:00:00+00:00,101.38200,101.61200,99.90200,99.99200,2568.00000
2026-05-22 12:15:00+00:00,100.00200,100.71200,99.50200,100.46200,4064.00000
2026-05-22 12:30:00+00:00,100.46200,100.80200,100.20200,100.57200,1788.00000
2026-05-22 12:45:00+00:00,100.58200,100.67200,100.03200,100.08200,1621.00000
2026-05-22 13:00:00+00:00,100.06200,100.73200,99.36200,100.02200,3312.00000
2026-05-22 13:15:00+00:00,100.01200,100.41200,99.72200,100.41200,2335.00000
2026-05-22 13:30:00+00:00,100.45200,101.46200,100.22200,101.11200,3304.00000
2026-05-22 13:45:00+00:00,101.11200,101.94200,101.02200,101.62200,2874.00000
2026-05-22 14:00:00+00:00,101.64200,102.01200,101.52200,101.71200,2229.00000
2026-05-22 14:15:00+00:00,101.71200,101.71200,101.32200,101.40200,1824.00000
2026-05-22 14:30:00+00:00,101.41200,101.61200,101.16200,101.40200,1622.00000
2026-05-22 14:45:00+00:00,101.41200,101.47200,101.19200,101.43200,1510.00000
2026-05-22 15:00:00+00:00,101.43200,101.81200,101.26200,101.57200,1966.00000
2026-05-22 15:15:00+00:00,101.58200,101.68200,101.28200,101.33200,2124.00000
2026-05-22 15:30:00+00:00,101.30200,101.32200,100.78200,100.78200,1914.00000
2026-05-22 15:45:00+00:00,100.76200,100.94200,100.66200,100.92200,1463.00000
2026-05-22 16:00:00+00:00,100.91200,101.24200,100.77200,100.88200,1586.00000
2026-05-22 16:15:00+00:00,100.88200,101.17200,100.71200,100.74200,1278.00000
2026-05-22 16:30:00+00:00,100.73200,100.83200,100.39200,100.72200,1452.00000
2026-05-22 16:45:00+00:00,100.71200,101.06200,100.49200,100.69200,1376.00000
2026-05-22 17:00:00+00:00,100.66200,100.66200,100.13200,100.41200,1703.00000
2026-05-22 17:15:00+00:00,100.40200,101.08200,98.59200,98.82200,3000.00000
2026-05-22 17:30:00+00:00,98.84200,99.84200,98.66200,99.54200,3513.00000
2026-05-22 17:45:00+00:00,99.53200,100.10200,99.44200,99.92200,2309.00000
2026-05-22 18:00:00+00:00,99.93200,100.53200,99.85200,100.32200,2391.00000
2026-05-22 18:15:00+00:00,100.32200,100.61200,100.03200,100.61200,2585.00000
2026-05-22 18:30:00+00:00,100.62200,100.62200,100.02200,100.18200,1297.00000
2026-05-22 18:45:00+00:00,100.18200,100.28200,99.86200,100.09200,897.00000
2026-05-22 19:00:00+00:00,100.09200,100.79200,100.04200,100.66200,1350.00000
2026-05-22 19:15:00+00:00,100.65200,100.70200,100.44200,100.66200,764.00000
2026-05-22 19:30:00+00:00,100.67200,100.79200,100.40200,100.44200,801.00000
2026-05-22 19:45:00+00:00,100.44200,100.56200,99.97200,100.08200,1141.00000
2026-05-22 20:00:00+00:00,100.08200,100.32200,99.99200,100.07200,709.00000
2026-05-22 20:15:00+00:00,100.08200,100.11200,99.84200,100.04200,618.00000
2026-05-22 20:30:00+00:00,100.04200,101.10200,99.96200,101.00200,1780.00000
2026-05-22 20:45:00+00:00,101.00200,101.01200,100.55200,100.94200,1172.00000
2026-05-24 22:00:00+00:00,96.92800,97.01800,94.87800,95.46800,2878.00000
2026-05-24 22:15:00+00:00,95.46800,95.60800,95.32800,95.59800,1148.00000
2026-05-24 22:30:00+00:00,95.59800,95.67800,95.06800,95.08800,881.00000
2026-05-24 22:45:00+00:00,95.09800,95.09800,94.79800,95.00800,928.00000
2026-05-24 23:00:00+00:00,95.01800,95.15800,94.78800,95.11800,743.00000
2026-05-24 23:15:00+00:00,95.10800,95.29800,95.04800,95.24800,540.00000
2026-05-24 23:30:00+00:00,95.25800,95.28800,94.90800,95.15800,673.00000
2026-05-24 23:45:00+00:00,95.16800,95.62800,95.14800,95.58800,570.00000
2026-05-25 00:00:00+00:00,95.59800,95.76800,95.44200,95.65800,950.00000
2026-05-25 00:15:00+00:00,95.68800,95.68800,95.34800,95.49800,683.00000
2026-05-25 00:30:00+00:00,95.49800,95.64800,95.34800,95.56800,600.00000
2026-05-25 00:45:00+00:00,95.56800,95.58800,94.37800,95.38800,1342.00000
2026-05-25 01:00:00+00:00,95.40800,95.80800,95.18800,95.74800,1944.00000
2026-05-25 01:15:00+00:00,95.74800,95.83800,95.58800,95.76800,1194.00000
2026-05-25 01:30:00+00:00,95.74800,95.99800,95.69800,95.93800,1019.00000
2026-05-25 01:45:00+00:00,95.93800,96.00800,95.74800,95.88800,781.00000
2026-05-25 02:00:00+00:00,95.89800,96.01800,95.58800,95.60800,828.00000
2026-05-25 02:15:00+00:00,95.59800,95.74800,95.52800,95.59800,416.00000
2026-05-25 02:30:00+00:00,95.58800,95.62800,95.35800,95.37800,766.00000
2026-05-25 02:45:00+00:00,95.34800,95.51800,95.19800,95.20800,743.00000
2026-05-25 03:00:00+00:00,95.20800,95.25800,94.69800,94.87800,1185.00000
2026-05-25 03:15:00+00:00,94.86800,94.87800,94.16800,94.27800,1827.00000
2026-05-25 03:30:00+00:00,94.26800,94.48800,93.80800,94.40800,1578.00000
2026-05-25 03:45:00+00:00,94.42800,94.69800,94.30800,94.43800,898.00000
2026-05-25 04:00:00+00:00,94.48800,94.74800,94.42800,94.71800,612.00000
2026-05-25 04:15:00+00:00,94.71800,94.76800,94.46800,94.50800,519.00000
2026-05-25 04:30:00+00:00,94.50800,94.61800,94.48800,94.53800,370.00000
2026-05-25 04:45:00+00:00,94.52800,94.60800,94.34800,94.45800,572.00000
2026-05-25 05:00:00+00:00,94.45800,94.51800,94.09800,94.24800,655.00000
2026-05-25 05:15:00+00:00,94.23800,94.36800,94.06800,94.36800,661.00000
2026-05-25 05:30:00+00:00,94.37800,94.48800,94.23800,94.37800,1015.00000
2026-05-25 05:45:00+00:00,94.37800,94.52800,94.26800,94.46800,734.00000
2026-05-25 06:00:00+00:00,94.47800,94.77800,94.34800,94.71800,1080.00000
2026-05-25 06:15:00+00:00,94.71800,94.85800,94.67800,94.73800,845.00000
2026-05-25 06:30:00+00:00,94.72800,95.05800,94.72800,94.98800,818.00000
2026-05-25 06:45:00+00:00,94.98800,95.07800,94.84800,94.89800,806.00000
2026-05-25 07:00:00+00:00,94.86800,95.38800,94.72800,95.38800,1096.00000
2026-05-25 07:15:00+00:00,95.38800,96.14800,95.30800,95.88800,2116.00000
2026-05-25 07:30:00+00:00,95.86800,96.03800,95.10800,95.38800,1895.00000
2026-05-25 07:45:00+00:00,95.40800,95.54800,95.09800,95.22800,1187.00000
2026-05-25 08:00:00+00:00,95.22800,95.43800,95.10800,95.41800,1183.00000
2026-05-25 08:15:00+00:00,95.42800,95.94800,95.39800,95.93800,1953.00000
2026-05-25 08:30:00+00:00,95.91800,95.99800,95.45800,95.57800,1352.00000
2026-05-25 08:45:00+00:00,95.56800,95.59800,95.17800,95.23800,1015.00000
2026-05-25 09:00:00+00:00,95.22800,95.25800,94.94800,95.03800,1048.00000
2026-05-25 09:15:00+00:00,95.03800,95.33800,94.97800,95.31800,908.00000
2026-05-25 09:30:00+00:00,95.30800,95.30800,94.62800,94.64800,1193.00000
2026-05-25 09:45:00+00:00,94.64800,94.74800,94.50800,94.70800,1166.00000
2026-05-25 10:00:00+00:00,94.69800,94.80800,94.53800,94.57800,996.00000
2026-05-25 10:15:00+00:00,94.57800,94.72800,94.18800,94.64800,1119.00000
2026-05-25 10:30:00+00:00,94.63800,94.74800,94.33800,94.36800,1091.00000
2026-05-25 10:45:00+00:00,94.37800,94.49800,94.27800,94.39800,925.00000
2026-05-25 11:00:00+00:00,94.38800,94.88800,94.26800,94.36800,947.00000
2026-05-25 11:15:00+00:00,94.36800,94.80800,94.15800,94.72800,833.00000
2026-05-25 11:30:00+00:00,94.71800,94.71800,94.25800,94.26800,957.00000
2026-05-25 11:45:00+00:00,94.25800,94.46800,94.03800,94.37800,1208.00000
2026-05-25 12:00:00+00:00,94.33800,94.52800,94.11800,94.24800,1086.00000
2026-05-25 12:15:00+00:00,94.24800,94.47800,93.84800,94.40800,1290.00000
2026-05-25 12:30:00+00:00,94.40800,94.73800,94.33800,94.61800,984.00000
2026-05-25 12:45:00+00:00,94.59800,95.03800,94.58800,94.96800,1182.00000
2026-05-25 13:00:00+00:00,94.97800,95.33800,94.92800,95.14800,1461.00000
2026-05-25 13:15:00+00:00,95.14800,95.30800,95.11800,95.21800,1172.00000
2026-05-25 13:30:00+00:00,95.20800,95.26800,94.92800,95.14800,1137.00000
2026-05-25 13:45:00+00:00,95.15800,95.33800,94.79800,94.86800,1086.00000
2026-05-25 14:00:00+00:00,94.87800,94.97800,94.69800,94.96800,920.00000
2026-05-25 14:15:00+00:00,94.93800,94.97800,94.36800,94.46800,1261.00000
2026-05-25 14:30:00+00:00,94.43800,94.88800,94.43800,94.78800,889.00000
2026-05-25 14:45:00+00:00,94.78800,94.97800,94.53800,94.90800,1207.00000
2026-05-25 15:00:00+00:00,94.91800,95.29800,93.90800,94.34800,2268.00000
2026-05-25 15:15:00+00:00,94.35800,94.62800,94.09800,94.38800,2165.00000
2026-05-25 15:30:00+00:00,94.39800,94.54800,94.28800,94.46800,1273.00000
2026-05-25 15:45:00+00:00,94.46800,94.58800,94.36800,94.56800,614.00000
2026-05-25 16:00:00+00:00,94.56800,95.06800,94.55800,94.63800,1017.00000
2026-05-25 16:15:00+00:00,94.63800,94.87800,94.59800,94.74800,858.00000
2026-05-25 16:30:00+00:00,94.76800,94.78800,94.24800,94.26800,1461.00000
2026-05-25 16:45:00+00:00,94.27800,94.29800,93.22800,93.32800,3194.00000
2026-05-25 17:00:00+00:00,93.32800,93.53800,92.89800,93.47800,2066.00000
2026-05-25 17:15:00+00:00,93.48800,93.49800,93.10800,93.34800,1687.00000
2026-05-25 17:30:00+00:00,93.35800,93.73800,93.34800,93.62800,843.00000
2026-05-25 17:45:00+00:00,93.63800,93.90800,93.62800,93.79800,538.00000
2026-05-25 18:00:00+00:00,93.79800,93.90800,93.64200,93.75800,970.00000
2026-05-25 18:15:00+00:00,93.75800,93.88800,93.73800,93.78800,820.00000
2026-05-25 22:00:00+00:00,94.19300,94.55300,93.70300,93.96300,1263.00000
2026-05-25 22:15:00+00:00,93.96300,94.02300,93.73300,93.88300,273.00000
2026-05-25 22:30:00+00:00,93.89300,93.93300,93.73300,93.77300,360.00000
2026-05-25 22:45:00+00:00,93.81300,94.11300,93.81300,94.09300,441.00000
2026-05-25 23:00:00+00:00,94.11300,94.36300,93.97300,94.17300,459.00000
2026-05-25 23:15:00+00:00,94.17300,94.32300,94.17300,94.26300,275.00000
2026-05-25 23:30:00+00:00,94.26300,94.45300,94.26300,94.43300,208.00000
2026-05-25 23:45:00+00:00,94.42300,94.42300,94.22300,94.28300,221.00000
2026-05-26 00:00:00+00:00,94.32300,94.95300,94.27300,94.69300,1832.00000
2026-05-26 00:15:00+00:00,94.70300,94.81300,94.53300,94.62300,1086.00000
2026-05-26 00:30:00+00:00,94.63300,94.67300,94.40300,94.61300,858.00000
2026-05-26 00:45:00+00:00,94.62300,94.93300,94.57300,94.84300,655.00000
2026-05-26 01:00:00+00:00,94.82300,95.22300,94.73300,95.10300,1056.00000
2026-05-26 01:15:00+00:00,95.10300,95.33300,95.09300,95.26300,556.00000
2026-05-26 01:30:00+00:00,95.28300,95.39300,95.25300,95.33300,585.00000
2026-05-26 01:45:00+00:00,95.31300,95.39300,95.13300,95.20300,651.00000
2026-05-26 02:00:00+00:00,95.20300,95.29300,95.03300,95.12300,442.00000
2026-05-26 02:15:00+00:00,95.13300,95.14300,95.03300,95.09300,370.00000
2026-05-26 02:30:00+00:00,95.06300,95.10300,94.77300,95.04300,687.00000
2026-05-26 02:45:00+00:00,95.04300,95.04300,94.88300,94.93300,362.00000
2026-05-26 03:00:00+00:00,94.92300,94.96300,94.79300,94.94300,442.00000
2026-05-26 03:15:00+00:00,94.92300,94.97300,94.76300,94.84300,421.00000
2026-05-26 03:30:00+00:00,94.85300,94.89300,94.78300,94.86300,231.00000
2026-05-26 03:45:00+00:00,94.87300,95.07300,94.86300,95.01300,268.00000
2026-05-26 04:00:00+00:00,95.01300,95.20300,94.93300,95.10300,258.00000
2026-05-26 04:15:00+00:00,95.10300,95.24300,95.10300,95.19300,291.00000
2026-05-26 04:30:00+00:00,95.18300,95.23300,95.06300,95.22300,272.00000
2026-05-26 04:45:00+00:00,95.25300,95.46300,95.23300,95.37300,449.00000
2026-05-26 05:00:00+00:00,95.38300,95.88300,95.34300,95.82300,654.00000
2026-05-26 05:15:00+00:00,95.82300,95.82300,95.37300,95.39300,470.00000
2026-05-26 05:30:00+00:00,95.40300,95.45300,95.17300,95.34300,781.00000
2026-05-26 05:45:00+00:00,95.35300,95.55300,95.23300,95.24300,667.00000
2026-05-26 06:00:00+00:00,95.24300,95.31300,94.97300,95.06300,770.00000
2026-05-26 06:15:00+00:00,95.06300,95.66300,94.93300,95.30300,860.00000
2026-05-26 06:30:00+00:00,95.30300,95.54300,94.96300,95.04300,1090.00000
2026-05-26 06:45:00+00:00,95.03300,95.13300,94.76300,95.02300,925.00000
2026-05-26 07:00:00+00:00,94.99300,95.94300,94.79600,95.78300,2358.00000
2026-05-26 07:15:00+00:00,95.77300,96.09300,95.60300,95.65300,1583.00000
2026-05-26 07:30:00+00:00,95.66300,96.27300,95.62300,96.00300,1782.00000
2026-05-26 07:45:00+00:00,95.99300,96.13300,95.74300,95.84300,1854.00000
2026-05-26 08:00:00+00:00,95.81300,96.08300,95.69300,96.06300,1824.00000
2026-05-26 08:15:00+00:00,96.07300,96.20300,95.92300,96.11300,2312.00000
2026-05-26 08:30:00+00:00,96.12300,96.71300,96.03300,96.69300,1796.00000
2026-05-26 08:45:00+00:00,96.70300,96.95300,96.52300,96.57300,1605.00000
2026-05-26 09:00:00+00:00,96.56300,96.64300,96.14300,96.42300,1303.00000
2026-05-26 09:15:00+00:00,96.44300,96.61300,96.05300,96.37300,1336.00000
2026-05-26 09:30:00+00:00,96.36300,96.43300,96.14300,96.40300,1068.00000
2026-05-26 09:45:00+00:00,96.41300,96.47300,95.89300,95.95300,1142.00000
2026-05-26 10:00:00+00:00,95.97300,96.07300,95.55300,95.57300,1293.00000
2026-05-26 10:15:00+00:00,95.56300,95.78300,95.16300,95.21300,1371.00000
2026-05-26 10:30:00+00:00,95.20300,95.43300,94.86300,95.28300,1867.00000
2026-05-26 10:45:00+00:00,95.27300,95.42300,95.21300,95.36300,957.00000
2026-05-26 11:00:00+00:00,95.38300,95.77300,95.33300,95.77300,946.00000
2026-05-26 11:15:00+00:00,95.76300,95.84300,95.54300,95.78300,1160.00000
2026-05-26 11:30:00+00:00,95.79300,96.23300,95.52300,95.95300,1859.00000
2026-05-26 11:45:00+00:00,95.95300,96.13300,95.86300,96.06300,979.00000
2026-05-26 12:00:00+00:00,96.10300,96.69300,95.89300,96.00300,1704.00000
2026-05-26 12:15:00+00:00,96.00300,96.14300,95.77300,96.07300,1013.00000
2026-05-26 12:30:00+00:00,96.08300,96.36300,96.08300,96.30300,967.00000
2026-05-26 12:45:00+00:00,96.27300,96.28300,95.86300,96.14300,985.00000
2026-05-26 13:00:00+00:00,96.15300,96.31300,95.89300,96.15300,1549.00000
2026-05-26 13:15:00+00:00,96.16300,96.40300,96.04300,96.40300,1296.00000
2026-05-26 13:30:00+00:00,96.41300,96.56300,96.15300,96.49300,1845.00000
2026-05-26 13:45:00+00:00,96.49300,97.84300,96.40300,97.52300,3194.00000
2026-05-26 14:00:00+00:00,97.52300,97.77300,96.88300,97.18300,2584.00000
2026-05-26 14:15:00+00:00,97.18300,97.46300,97.09300,97.16300,1744.00000
2026-05-26 14:30:00+00:00,97.17300,97.17300,96.53300,97.10300,2653.00000
2026-05-26 14:45:00+00:00,97.11300,97.74300,96.89300,97.54300,2167.00000
2026-05-26 15:00:00+00:00,97.54300,97.83300,97.51300,97.62300,2215.00000
2026-05-26 15:15:00+00:00,97.61300,98.05300,97.49300,97.99300,2339.00000
2026-05-26 15:30:00+00:00,97.98300,97.98300,97.41300,97.42300,1979.00000
2026-05-26 15:45:00+00:00,97.43300,97.43300,97.16300,97.25300,1580.00000
2026-05-26 16:00:00+00:00,97.25300,97.67300,97.20300,97.66300,1263.00000
2026-05-26 16:15:00+00:00,97.65300,97.71300,97.31300,97.42300,1108.00000
2026-05-26 16:30:00+00:00,97.41300,97.52300,97.07300,97.50300,1548.00000
2026-05-26 16:45:00+00:00,97.50300,97.66300,97.37300,97.38300,1032.00000
2026-05-26 17:00:00+00:00,97.39300,97.44300,97.21300,97.32300,1126.00000
2026-05-26 17:15:00+00:00,97.31300,97.50300,97.19300,97.41300,982.00000
2026-05-26 17:30:00+00:00,97.39300,97.49300,96.93300,96.97300,1472.00000
2026-05-26 17:45:00+00:00,96.96300,97.30300,96.92300,97.12300,1391.00000
2026-05-26 18:00:00+00:00,97.11300,97.44300,97.06300,97.16300,1810.00000
2026-05-26 18:15:00+00:00,97.16300,97.35300,96.91300,97.23300,2407.00000
2026-05-26 18:30:00+00:00,97.23300,97.40300,97.08300,97.20300,1337.00000
2026-05-26 18:45:00+00:00,97.21300,97.23300,96.76300,97.03300,900.00000
2026-05-26 19:00:00+00:00,97.04300,97.40300,97.03300,97.30300,1270.00000
2026-05-26 19:15:00+00:00,97.31300,97.41300,97.22300,97.32300,710.00000
2026-05-26 19:30:00+00:00,97.31300,97.37300,97.02500,97.23300,738.00000
2026-05-26 19:45:00+00:00,97.22300,97.29300,96.86300,96.86300,867.00000
2026-05-26 20:00:00+00:00,96.87300,97.07300,96.56300,97.00300,844.00000
2026-05-26 20:15:00+00:00,96.99300,97.08300,96.91300,97.06300,372.00000
2026-05-26 20:30:00+00:00,97.05300,97.22300,96.99300,96.99300,473.00000
2026-05-26 20:45:00+00:00,96.98300,97.00300,96.83300,96.89300,506.00000
2026-05-26 22:00:00+00:00,96.59800,96.80800,96.55800,96.70800,389.00000
2026-05-26 22:15:00+00:00,96.69800,96.90800,96.61800,96.88800,205.00000
2026-05-26 22:30:00+00:00,96.87800,96.88800,96.78800,96.78800,142.00000
2026-05-26 22:45:00+00:00,96.79800,96.87800,96.78800,96.79800,96.00000
2026-05-26 23:00:00+00:00,96.80800,96.83800,96.78800,96.82800,93.00000
2026-05-26 23:15:00+00:00,96.83800,96.83800,96.51800,96.54800,318.00000
2026-05-26 23:30:00+00:00,96.54800,96.62800,96.43800,96.43800,136.00000
2026-05-26 23:45:00+00:00,96.43800,96.55800,96.34800,96.54800,249.00000
2026-05-27 00:00:00+00:00,96.59800,96.62800,96.05800,96.31800,1020.00000
2026-05-27 00:15:00+00:00,96.32800,96.43800,96.24800,96.36800,548.00000
2026-05-27 00:30:00+00:00,96.37800,96.46800,96.30800,96.30800,463.00000
2026-05-27 00:45:00+00:00,96.31800,96.31800,96.04800,96.20800,605.00000
2026-05-27 01:00:00+00:00,96.20800,96.44800,95.78800,96.01800,1530.00000
2026-05-27 01:15:00+00:00,96.02800,96.18800,96.02800,96.11800,749.00000
2026-05-27 01:30:00+00:00,96.09800,96.18800,95.95800,96.11800,600.00000
2026-05-27 01:45:00+00:00,96.11800,96.18800,95.97800,96.07800,484.00000
2026-05-27 02:00:00+00:00,96.07800,96.07800,95.85800,95.98800,597.00000
2026-05-27 02:15:00+00:00,95.97800,96.05800,95.64800,95.85800,467.00000
2026-05-27 02:30:00+00:00,95.85800,95.98800,95.73800,95.91800,629.00000
2026-05-27 02:45:00+00:00,95.90800,95.90800,95.38800,95.61800,1035.00000
2026-05-27 03:00:00+00:00,95.62800,95.62800,95.11800,95.30800,1071.00000
2026-05-27 03:15:00+00:00,95.31800,95.33800,95.16800,95.25800,623.00000
2026-05-27 03:30:00+00:00,95.25800,95.52800,95.23800,95.45800,566.00000
2026-05-27 03:45:00+00:00,95.46800,95.48800,95.29800,95.32800,297.00000
2026-05-27 04:00:00+00:00,95.33800,95.36800,95.13800,95.28800,342.00000
2026-05-27 04:15:00+00:00,95.27800,95.29800,95.04800,95.19800,287.00000
2026-05-27 04:30:00+00:00,95.20800,95.28800,95.11800,95.20800,336.00000
2026-05-27 04:45:00+00:00,95.22800,95.26800,95.13800,95.17800,338.00000
2026-05-27 05:00:00+00:00,95.18800,95.31800,95.04800,95.11800,353.00000
2026-05-27 05:15:00+00:00,95.12800,95.19800,94.95800,95.14800,420.00000
2026-05-27 05:30:00+00:00,95.11800,95.44800,95.09800,95.17800,906.00000
2026-05-27 05:45:00+00:00,95.16800,95.30800,94.96800,95.07800,755.00000
2026-05-27 06:00:00+00:00,95.03800,95.27800,94.75800,95.06800,1103.00000
2026-05-27 06:15:00+00:00,95.07800,95.24800,95.03800,95.12800,933.00000
2026-05-27 06:30:00+00:00,95.13800,95.26800,94.87800,95.05800,963.00000
2026-05-27 06:45:00+00:00,95.05800,95.07800,94.64800,94.76800,1105.00000
2026-05-27 07:00:00+00:00,94.74800,94.86800,94.34800,94.55800,1411.00000
2026-05-27 07:15:00+00:00,94.55800,94.60800,94.25800,94.40800,1208.00000
2026-05-27 07:30:00+00:00,94.40800,94.44800,94.07800,94.28800,1226.00000
2026-05-27 07:45:00+00:00,94.27800,94.70800,94.24800,94.33800,1215.00000
2026-05-27 08:00:00+00:00,94.28800,94.48800,93.82800,94.18800,1885.00000
2026-05-27 08:15:00+00:00,94.19800,94.27800,93.60800,93.79800,2215.00000
2026-05-27 08:30:00+00:00,93.78800,94.05800,93.36800,93.39800,1855.00000
2026-05-27 08:45:00+00:00,93.40800,93.45800,92.92800,93.38800,1875.00000
2026-05-27 09:00:00+00:00,93.44800,93.75800,93.24800,93.29800,1647.00000
2026-05-27 09:15:00+00:00,93.28800,93.28800,92.87800,93.22800,1435.00000
2026-05-27 09:30:00+00:00,93.21800,93.68800,93.21800,93.57800,1305.00000
2026-05-27 09:45:00+00:00,93.58800,93.61800,93.00800,93.08800,1154.00000
2026-05-27 10:00:00+00:00,93.07800,93.47800,93.06800,93.22800,1045.00000
2026-05-27 10:15:00+00:00,93.23800,93.57800,93.16800,93.55800,803.00000
2026-05-27 10:30:00+00:00,93.54800,93.73800,93.35800,93.41800,1074.00000
2026-05-27 10:45:00+00:00,93.41800,93.64800,93.31800,93.43800,864.00000
2026-05-27 11:00:00+00:00,93.42800,94.05800,93.31800,93.60800,1512.00000
2026-05-27 11:15:00+00:00,93.60800,93.93800,93.20800,93.91800,1637.00000
2026-05-27 11:30:00+00:00,93.91800,94.07800,93.59800,93.76800,1425.00000
2026-05-27 11:45:00+00:00,93.78800,93.99800,93.74800,93.76800,1059.00000
2026-05-27 12:00:00+00:00,93.75800,94.00800,93.51800,93.55800,1164.00000
2026-05-27 12:15:00+00:00,93.56800,93.64800,91.49800,91.74800,5327.00000
2026-05-27 12:30:00+00:00,91.71800,91.97800,90.99800,91.93800,4060.00000
2026-05-27 12:45:00+00:00,91.93800,92.22800,91.75800,92.06800,2318.00000
2026-05-27 13:00:00+00:00,92.07800,92.90800,91.99800,92.56800,2903.00000
2026-05-27 13:15:00+00:00,92.59800,92.98800,92.48800,92.94800,2025.00000
2026-05-27 13:30:00+00:00,92.98800,93.08800,92.66800,92.90800,2447.00000
2026-05-27 13:45:00+00:00,92.93800,93.19800,92.58800,93.03800,2149.00000
2026-05-27 14:00:00+00:00,93.02800,93.23800,92.77800,93.14800,1840.00000
2026-05-27 14:15:00+00:00,93.09800,93.50800,92.69800,92.80800,2784.00000
2026-05-27 14:30:00+00:00,92.80800,94.01800,92.70800,93.95800,3604.00000
2026-05-27 14:45:00+00:00,93.93800,94.22800,93.64800,94.04800,2253.00000
2026-05-27 15:00:00+00:00,94.05800,94.39800,93.70800,94.01800,2459.00000
2026-05-27 15:15:00+00:00,94.01800,94.19800,93.84800,93.84800,2329.00000
2026-05-27 15:30:00+00:00,93.82800,93.96800,93.16800,93.81800,2957.00000
2026-05-27 15:45:00+00:00,93.80800,93.96800,93.18800,93.25800,2081.00000
2026-05-27 16:00:00+00:00,93.24800,93.62800,93.13800,93.49800,1931.00000
2026-05-27 16:15:00+00:00,93.49800,93.53800,92.88800,93.11800,1419.00000
2026-05-27 16:30:00+00:00,93.10800,93.30800,92.65800,92.84800,1323.00000
2026-05-27 16:45:00+00:00,92.84800,93.16800,92.76800,93.11800,1200.00000
2026-05-27 17:00:00+00:00,93.12800,93.32800,93.04800,93.06800,1596.00000
2026-05-27 17:15:00+00:00,93.05800,93.07800,92.74800,92.88800,1119.00000
2026-05-27 17:30:00+00:00,92.87800,92.98800,92.60800,92.93800,1180.00000
2026-05-27 17:45:00+00:00,92.93800,92.96800,92.39800,92.74800,1449.00000
2026-05-27 18:00:00+00:00,92.78800,92.82800,92.53800,92.57800,1425.00000
2026-05-27 18:15:00+00:00,92.57800,92.59800,91.80800,91.83800,2647.00000
2026-05-27 18:30:00+00:00,91.86800,92.22800,91.71800,92.21800,1057.00000
2026-05-27 18:45:00+00:00,92.21800,92.28800,92.05800,92.16800,621.00000
2026-05-27 19:00:00+00:00,92.17800,92.42800,92.05800,92.39800,604.00000
2026-05-27 19:15:00+00:00,92.39800,92.63800,92.36800,92.56800,553.00000
2026-05-27 19:30:00+00:00,92.56800,92.70800,92.36800,92.63800,771.00000
2026-05-27 19:45:00+00:00,92.63800,92.79800,92.57800,92.65800,764.00000
2026-05-27 20:00:00+00:00,92.66800,92.67800,92.54800,92.63800,368.00000
2026-05-27 20:15:00+00:00,92.63800,92.82800,92.59800,92.71800,326.00000
2026-05-27 20:30:00+00:00,92.74800,92.76800,92.59800,92.68800,337.00000
2026-05-27 20:45:00+00:00,92.70800,92.75800,92.60800,92.62800,295.00000
2026-05-27 22:00:00+00:00,92.22400,92.68400,92.22400,92.58400,309.00000
2026-05-27 22:15:00+00:00,92.58400,92.96400,92.58400,92.94400,278.00000
2026-05-27 22:30:00+00:00,92.91400,93.14400,92.57400,92.71400,541.00000
2026-05-27 22:45:00+00:00,92.72400,92.82400,92.62400,92.81400,281.00000
2026-05-27 23:00:00+00:00,92.82400,92.89400,92.78400,92.88400,186.00000
2026-05-27 23:15:00+00:00,92.90400,93.26400,92.72400,93.09400,513.00000
2026-05-27 23:30:00+00:00,93.10400,93.13400,92.98400,93.08400,299.00000
2026-05-27 23:45:00+00:00,93.09400,93.49400,93.08400,93.30400,521.00000
2026-05-28 00:00:00+00:00,93.30400,93.60400,93.28400,93.50400,961.00000
2026-05-28 00:15:00+00:00,93.50400,93.77400,93.38400,93.41400,702.00000
2026-05-28 00:30:00+00:00,93.41400,93.76400,93.41400,93.68400,497.00000
2026-05-28 00:45:00+00:00,93.69400,93.72400,93.51400,93.57400,583.00000
2026-05-28 01:00:00+00:00,93.56400,93.57400,93.26400,93.40400,1094.00000
2026-05-28 01:15:00+00:00,93.39400,93.41400,93.16400,93.20400,641.00000
2026-05-28 01:30:00+00:00,93.21400,93.45400,93.08400,93.35400,594.00000
2026-05-28 01:45:00+00:00,93.36400,93.50400,93.27400,93.29400,472.00000
2026-05-28 02:00:00+00:00,93.28400,93.38400,93.13400,93.16400,469.00000
2026-05-28 02:15:00+00:00,93.15400,93.33400,93.15400,93.30400,258.00000
2026-05-28 02:30:00+00:00,93.29400,93.76400,93.04400,93.70400,969.00000
2026-05-28 02:45:00+00:00,93.69400,94.07400,93.65400,94.04400,1060.00000
2026-05-28 03:00:00+00:00,94.05400,94.64400,93.96200,94.58400,1093.00000
2026-05-28 03:15:00+00:00,94.60400,94.98400,94.48400,94.54400,1411.00000
2026-05-28 03:30:00+00:00,94.54400,95.23400,94.51400,95.13400,1256.00000
2026-05-28 03:45:00+00:00,95.16400,95.32400,95.08400,95.29400,812.00000
2026-05-28 04:00:00+00:00,95.31400,95.51400,95.10400,95.29400,945.00000
2026-05-28 04:15:00+00:00,95.28400,95.62400,95.27400,95.52400,805.00000
2026-05-28 04:30:00+00:00,95.52400,95.52400,95.20400,95.31400,620.00000
2026-05-28 04:45:00+00:00,95.32400,95.33400,95.15400,95.26400,536.00000
2026-05-28 05:00:00+00:00,95.26400,95.30400,95.06400,95.11400,611.00000
2026-05-28 05:15:00+00:00,95.12400,95.19400,95.04400,95.12400,391.00000
2026-05-28 05:30:00+00:00,95.12400,95.12400,94.53400,94.79400,1359.00000
2026-05-28 05:45:00+00:00,94.77400,94.81400,94.56400,94.68400,579.00000
2026-05-28 06:00:00+00:00,94.68400,94.72400,94.32400,94.46400,888.00000
2026-05-28 06:15:00+00:00,94.46400,94.54400,94.25400,94.38400,680.00000
2026-05-28 06:30:00+00:00,94.39400,94.42400,94.01400,94.03400,925.00000
2026-05-28 06:45:00+00:00,94.06400,94.25400,93.87400,94.25400,960.00000
2026-05-28 07:00:00+00:00,94.23400,94.27400,93.94400,94.17400,995.00000
2026-05-28 07:15:00+00:00,94.16400,94.39400,94.09400,94.31400,958.00000
2026-05-28 07:30:00+00:00,94.32400,94.34400,93.91400,94.13400,960.00000
2026-05-28 07:45:00+00:00,94.14400,94.51400,93.95400,94.03400,1132.00000
2026-05-28 08:00:00+00:00,93.99400,94.12400,93.75400,93.91400,1572.00000
2026-05-28 08:15:00+00:00,93.92400,94.13400,93.70400,93.93400,2081.00000
2026-05-28 08:30:00+00:00,93.91400,94.12400,93.78400,94.03400,1278.00000
2026-05-28 08:45:00+00:00,94.02400,94.05400,93.59400,93.67400,1039.00000
2026-05-28 09:00:00+00:00,93.66400,93.77400,93.25400,93.55400,1310.00000
2026-05-28 09:15:00+00:00,93.54400,93.75400,93.48400,93.54400,911.00000
2026-05-28 09:30:00+00:00,93.53400,93.88400,93.52400,93.63400,888.00000
2026-05-28 09:45:00+00:00,93.62400,93.66400,92.98400,93.35400,1331.00000
2026-05-28 10:00:00+00:00,93.37400,93.47400,93.15400,93.17400,808.00000
2026-05-28 10:15:00+00:00,93.17400,93.47400,93.10400,93.33400,875.00000
2026-05-28 10:30:00+00:00,93.32400,93.89400,93.32400,93.88400,902.00000
2026-05-28 10:45:00+00:00,93.87400,94.45400,93.77400,94.10400,1695.00000
2026-05-28 11:00:00+00:00,94.11400,94.47400,93.84400,94.35400,1645.00000
2026-05-28 11:15:00+00:00,94.35400,94.42400,94.16400,94.34400,1035.00000
2026-05-28 11:30:00+00:00,94.35400,94.56400,94.30400,94.42400,1195.00000
2026-05-28 11:45:00+00:00,94.41400,94.67400,94.38400,94.41400,970.00000
2026-05-28 12:00:00+00:00,94.42400,94.55400,94.11400,94.20400,1129.00000
2026-05-28 12:15:00+00:00,94.20400,94.47400,94.13400,94.13400,970.00000
2026-05-28 12:30:00+00:00,94.14400,94.19400,93.64400,93.83400,1692.00000
2026-05-28 12:45:00+00:00,93.84400,93.84400,93.50400,93.64400,1407.00000
2026-05-28 13:00:00+00:00,93.65400,94.02400,93.41400,93.98400,1764.00000
2026-05-28 13:15:00+00:00,93.96400,94.11400,93.85400,94.09400,1315.00000
2026-05-28 13:30:00+00:00,94.09400,94.44400,93.91400,94.05400,2038.00000
2026-05-28 13:45:00+00:00,94.05400,94.05400,93.65400,93.94400,1528.00000
2026-05-28 14:00:00+00:00,93.96400,94.24400,90.22400,91.55400,2312.00000
2026-05-28 14:15:00+00:00,91.55400,92.55400,91.27400,92.22400,3597.00000
2026-05-28 14:30:00+00:00,92.22400,93.03400,91.99400,92.22400,2851.00000
2026-05-28 14:45:00+00:00,92.22400,92.95400,91.99400,92.60400,3048.00000
2026-05-28 15:00:00+00:00,92.61400,92.89400,92.10400,92.80400,2769.00000
2026-05-28 15:15:00+00:00,92.80400,93.22400,92.66400,92.91400,2702.00000
2026-05-28 15:30:00+00:00,92.85400,93.10400,92.52400,93.08400,2187.00000
2026-05-28 15:45:00+00:00,93.08400,93.11400,92.88400,92.88400,1528.00000
2026-05-28 16:00:00+00:00,92.83400,93.27400,92.69400,92.70400,1951.00000
2026-05-28 16:15:00+00:00,92.70400,92.90400,91.90400,92.27400,2711.00000
2026-05-28 16:30:00+00:00,92.27400,92.37400,91.59400,91.65400,1791.00000
2026-05-28 16:45:00+00:00,91.60400,91.63400,91.15400,91.34400,2546.00000
2026-05-28 17:00:00+00:00,91.36400,92.11400,91.29800,92.08400,2050.00000
2026-05-28 17:15:00+00:00,92.09400,92.25400,91.92400,92.14400,1562.00000
2026-05-28 17:30:00+00:00,92.12400,92.16400,91.89400,92.01400,1154.00000
2026-05-28 17:45:00+00:00,92.02400,92.11400,91.75400,91.95400,1435.00000
2026-05-28 18:00:00+00:00,91.95400,92.44400,91.70400,92.05400,1934.00000
2026-05-28 18:15:00+00:00,92.05400,92.32400,91.70400,92.02400,3405.00000
2026-05-28 18:30:00+00:00,92.03400,92.61400,91.97400,92.45400,1328.00000
2026-05-28 18:45:00+00:00,92.46400,92.48400,92.20400,92.34400,740.00000
2026-05-28 19:00:00+00:00,92.35400,92.43400,92.21400,92.24400,473.00000
2026-05-28 19:15:00+00:00,92.25400,92.41400,92.23400,92.41400,446.00000
2026-05-28 19:30:00+00:00,92.40400,92.42400,92.11400,92.35400,901.00000
2026-05-28 19:45:00+00:00,92.35400,92.55400,92.33400,92.55400,994.00000
2026-05-28 20:00:00+00:00,92.58400,92.73400,92.43400,92.43400,680.00000
2026-05-28 20:15:00+00:00,92.43400,92.45400,91.85400,91.90400,649.00000
2026-05-28 20:30:00+00:00,91.89400,92.07400,91.76400,91.90400,502.00000
2026-05-28 20:45:00+00:00,91.90400,91.97400,91.73400,91.76400,591.00000
2026-05-28 22:00:00+00:00,91.49900,91.73900,91.23900,91.54900,558.00000
2026-05-28 22:15:00+00:00,91.55900,91.82900,91.44900,91.75900,286.00000
2026-05-28 22:30:00+00:00,91.76900,91.76900,91.45900,91.53900,230.00000
2026-05-28 22:45:00+00:00,91.50900,91.60900,91.48900,91.48900,147.00000
2026-05-28 23:00:00+00:00,91.50900,91.54900,91.18900,91.42900,284.00000
2026-05-28 23:15:00+00:00,91.42900,91.55900,91.36900,91.44900,268.00000
2026-05-28 23:30:00+00:00,91.45900,91.54900,91.29900,91.39900,161.00000
2026-05-28 23:45:00+00:00,91.40900,91.52900,91.38900,91.49900,194.00000
2026-05-29 00:00:00+00:00,91.45900,91.50900,91.20900,91.27900,868.00000
2026-05-29 00:15:00+00:00,91.27900,91.34900,90.61900,90.88900,865.00000
2026-05-29 00:30:00+00:00,90.91900,91.12900,90.84900,91.09900,531.00000
2026-05-29 00:45:00+00:00,91.09900,91.41900,91.07900,91.33900,394.00000
2026-05-29 01:00:00+00:00,91.32900,91.33900,90.64900,90.85900,1274.00000
2026-05-29 01:15:00+00:00,90.85900,91.40900,90.84900,91.27900,785.00000
2026-05-29 01:30:00+00:00,91.28900,91.41900,91.21900,91.22900,558.00000
2026-05-29 01:45:00+00:00,91.19900,91.19900,90.83900,90.88900,795.00000
2026-05-29 02:00:00+00:00,90.86900,90.86900,90.54900,90.77900,982.00000
2026-05-29 02:15:00+00:00,90.77900,91.00900,90.77900,90.86900,418.00000
2026-05-29 02:30:00+00:00,90.88900,91.02900,90.71900,90.82900,562.00000
2026-05-29 02:45:00+00:00,90.83900,90.94900,90.70900,90.75900,556.00000
2026-05-29 03:00:00+00:00,90.74900,90.83900,90.34900,90.45900,801.00000
2026-05-29 03:15:00+00:00,90.46900,90.67900,90.45900,90.61900,612.00000
2026-05-29 03:30:00+00:00,90.59900,90.80900,90.59900,90.73900,563.00000
2026-05-29 03:45:00+00:00,90.75900,91.26900,90.72900,91.17900,959.00000
2026-05-29 04:00:00+00:00,91.17900,91.22900,90.73900,90.80900,1001.00000
2026-05-29 04:15:00+00:00,90.79900,90.81900,90.46900,90.70900,2019.00000
2026-05-29 04:30:00+00:00,90.67900,90.94900,90.53900,90.74900,830.00000
2026-05-29 04:45:00+00:00,90.75900,90.80900,90.62900,90.69900,463.00000
2026-05-29 05:00:00+00:00,90.69900,90.79900,90.69900,90.78900,378.00000
2026-05-29 05:15:00+00:00,90.79900,90.80900,90.68900,90.73900,238.00000
2026-05-29 05:30:00+00:00,90.74900,90.97900,90.64300,90.87900,785.00000
2026-05-29 05:45:00+00:00,90.87900,91.10900,90.82900,90.98900,584.00000
2026-05-29 06:00:00+00:00,90.99900,91.02900,90.79900,90.79900,595.00000
2026-05-29 06:15:00+00:00,90.79900,90.90900,90.35900,90.38900,909.00000
2026-05-29 06:30:00+00:00,90.39900,90.56900,90.14900,90.54900,945.00000
2026-05-29 06:45:00+00:00,90.60900,90.66900,90.43900,90.45900,734.00000
2026-05-29 07:00:00+00:00,90.43900,90.63900,90.30900,90.58900,763.00000
2026-05-29 07:15:00+00:00,90.60900,91.13900,90.59900,91.01900,935.00000
2026-05-29 07:30:00+00:00,91.01900,91.98900,90.99900,91.73900,1414.00000
2026-05-29 07:45:00+00:00,91.75900,91.78900,91.47900,91.70900,1128.00000
2026-05-29 08:00:00+00:00,91.71900,92.00900,91.57900,91.88900,1046.00000
2026-05-29 08:15:00+00:00,91.84900,91.92900,91.55900,91.72900,1444.00000
2026-05-29 08:30:00+00:00,91.69900,91.95900,91.69900,91.84900,752.00000
2026-05-29 08:45:00+00:00,91.83900,91.93900,91.50900,91.65900,1012.00000
2026-05-29 09:00:00+00:00,91.68900,91.68900,90.66900,90.67900,2125.00000
2026-05-29 09:15:00+00:00,90.68900,90.74900,89.88900,90.05900,2882.00000
2026-05-29 09:30:00+00:00,90.04900,90.42900,89.99900,90.29900,1361.00000
2026-05-29 09:45:00+00:00,90.30900,90.50900,89.94900,90.48900,1336.00000
2026-05-29 10:00:00+00:00,90.53900,90.62900,90.34900,90.38900,978.00000
2026-05-29 10:15:00+00:00,90.38900,90.79900,90.36900,90.67900,917.00000
2026-05-29 10:30:00+00:00,90.68900,90.72900,89.96900,90.03900,1227.00000
2026-05-29 10:45:00+00:00,90.04900,90.41900,89.75900,90.32900,1409.00000
2026-05-29 11:00:00+00:00,90.31900,90.46900,90.16900,90.21900,953.00000
2026-05-29 11:15:00+00:00,90.22900,90.47900,90.13900,90.25900,1179.00000
2026-05-29 11:30:00+00:00,90.26900,90.68900,90.25900,90.63900,931.00000
2026-05-29 11:45:00+00:00,90.62900,91.27900,90.52900,90.58900,1392.00000
2026-05-29 12:00:00+00:00,90.57900,90.96900,90.52900,90.88900,1135.00000
2026-05-29 12:15:00+00:00,90.87900,90.90900,90.57900,90.66900,1006.00000
2026-05-29 12:30:00+00:00,90.64900,91.11900,90.44900,90.80900,1673.00000
2026-05-29 12:45:00+00:00,90.79900,90.89900,90.19900,90.30900,1309.00000
2026-05-29 13:00:00+00:00,90.29900,90.48900,89.71900,90.44900,2155.00000
2026-05-29 13:15:00+00:00,90.43900,90.84900,90.40900,90.52900,1902.00000
2026-05-29 13:30:00+00:00,90.53900,90.65900,90.17900,90.21900,1699.00000
2026-05-29 13:45:00+00:00,90.20900,90.81900,90.20900,90.66900,1620.00000
2026-05-29 14:00:00+00:00,90.66900,91.35900,90.65900,91.19900,2212.00000
2026-05-29 14:15:00+00:00,91.18900,91.52900,91.03900,91.42900,1715.00000
2026-05-29 14:30:00+00:00,91.42900,91.86900,91.27900,91.65900,1887.00000
2026-05-29 14:45:00+00:00,91.66900,91.91900,90.43900,90.93900,4031.00000
2026-05-29 15:00:00+00:00,90.94900,90.97900,89.32900,89.47900,4119.00000
2026-05-29 15:15:00+00:00,89.46900,90.24900,89.45900,90.22900,3475.00000
2026-05-29 15:30:00+00:00,90.21900,90.63900,89.89900,90.46900,3139.00000
2026-05-29 15:45:00+00:00,90.48900,90.76900,90.37900,90.57900,2242.00000
2026-05-29 16:00:00+00:00,90.58900,90.88900,90.55900,90.80900,1530.00000
2026-05-29 16:15:00+00:00,90.80900,90.83900,90.36900,90.43900,1467.00000
2026-05-29 16:30:00+00:00,90.41900,90.43900,89.41900,89.54900,2645.00000
2026-05-29 16:45:00+00:00,89.55900,89.77900,89.49300,89.55900,1621.00000
2026-05-29 17:00:00+00:00,89.57900,89.96900,89.54900,89.88900,1023.00000
2026-05-29 17:15:00+00:00,89.86900,90.29900,89.73900,90.08900,1579.00000
2026-05-29 17:30:00+00:00,90.09900,90.09900,89.60900,89.60900,1359.00000
2026-05-29 17:45:00+00:00,89.61900,90.23900,89.54900,90.15900,1460.00000
2026-05-29 18:00:00+00:00,90.16900,90.31900,90.01900,90.27900,1291.00000
2026-05-29 18:15:00+00:00,90.27900,90.51900,89.98900,90.40900,2501.00000
2026-05-29 18:30:00+00:00,90.38900,90.38900,90.09900,90.16900,1064.00000
2026-05-29 18:45:00+00:00,90.17900,90.96900,90.16900,90.64900,2098.00000
2026-05-29 19:00:00+00:00,90.61900,90.70900,90.48900,90.54900,817.00000
2026-05-29 19:15:00+00:00,90.54900,90.74900,90.48900,90.59900,731.00000
2026-05-29 19:30:00+00:00,90.60900,91.09900,90.57900,91.03900,786.00000
2026-05-29 19:45:00+00:00,91.05900,91.14900,90.80900,91.05900,1190.00000
2026-05-29 20:00:00+00:00,91.05900,91.11900,90.68900,90.70900,635.00000
2026-05-29 20:15:00+00:00,90.70900,90.95900,90.70900,90.83900,497.00000
2026-05-29 20:30:00+00:00,90.82900,90.94900,90.65900,90.66900,371.00000
2026-05-29 20:45:00+00:00,90.66900,90.85900,90.61900,90.76900,738.00000
2026-05-31 22:00:00+00:00,91.36500,92.67500,91.32500,92.21500,1584.00000
2026-05-31 22:15:00+00:00,92.22500,92.40500,92.11300,92.25500,595.00000
2026-05-31 22:30:00+00:00,92.26500,92.28500,91.95500,91.99500,544.00000
2026-05-31 22:45:00+00:00,91.99500,92.23500,91.97500,92.20500,356.00000
2026-05-31 23:00:00+00:00,92.21500,92.22500,92.02500,92.10500,310.00000
2026-05-31 23:15:00+00:00,92.09500,92.21500,91.82500,91.94500,378.00000
2026-05-31 23:30:00+00:00,91.93500,92.25500,91.71500,92.05500,567.00000
2026-05-31 23:45:00+00:00,92.04500,92.08500,91.96500,92.04500,267.00000
2026-06-01 00:00:00+00:00,92.03500,92.24500,92.01500,92.22500,455.00000
2026-06-01 00:15:00+00:00,92.21500,92.49500,92.18500,92.31500,492.00000
2026-06-01 00:30:00+00:00,92.31500,92.55500,92.22500,92.28500,468.00000
2026-06-01 00:45:00+00:00,92.28500,92.30500,91.86500,91.93500,687.00000
2026-06-01 01:00:00+00:00,91.94500,92.36500,91.63500,92.29500,1218.00000
2026-06-01 01:15:00+00:00,92.30500,92.40500,92.24500,92.33500,573.00000
2026-06-01 01:30:00+00:00,92.34500,92.59500,92.31500,92.36500,671.00000
2026-06-01 01:45:00+00:00,92.35500,92.72500,92.34500,92.48500,769.00000
2026-06-01 02:00:00+00:00,92.49500,92.60500,92.41500,92.55500,566.00000
2026-06-01 02:15:00+00:00,92.55500,92.55500,92.35500,92.45500,298.00000
2026-06-01 02:30:00+00:00,92.43500,92.53500,92.14500,92.25500,589.00000
2026-06-01 02:45:00+00:00,92.23500,92.29500,92.11500,92.22500,446.00000
2026-06-01 03:00:00+00:00,92.20500,92.44500,92.07500,92.31500,490.00000
2026-06-01 03:15:00+00:00,92.30500,92.62500,92.19500,92.24500,594.00000
2026-06-01 03:30:00+00:00,92.24500,92.30500,91.76500,92.27500,764.00000
2026-06-01 03:45:00+00:00,92.29500,92.40500,92.17500,92.34500,354.00000
2026-06-01 04:00:00+00:00,92.34500,92.53500,92.29500,92.46500,262.00000
2026-06-01 04:15:00+00:00,92.45500,92.47500,92.30300,92.32500,287.00000
2026-06-01 04:30:00+00:00,92.32500,92.34500,91.88500,91.99500,553.00000
2026-06-01 04:45:00+00:00,92.00500,92.28500,91.99500,92.24500,348.00000
2026-06-01 05:00:00+00:00,92.25500,92.31500,92.11500,92.22500,261.00000
2026-06-01 05:15:00+00:00,92.21500,92.38500,92.21500,92.31500,241.00000
2026-06-01 05:30:00+00:00,92.32500,92.61500,92.28500,92.40500,691.00000
2026-06-01 05:45:00+00:00,92.41500,92.57500,92.29500,92.33500,399.00000
2026-06-01 06:00:00+00:00,92.33500,92.65500,92.30500,92.63500,612.00000
2026-06-01 06:15:00+00:00,92.62500,92.72500,92.57000,92.61500,646.00000
2026-06-01 06:30:00+00:00,92.62500,92.90500,92.51500,92.87500,817.00000
2026-06-01 06:45:00+00:00,92.87500,93.32500,92.74500,92.76500,1205.00000
2026-06-01 07:00:00+00:00,92.73500,92.95500,92.68500,92.79500,992.00000
2026-06-01 07:15:00+00:00,92.79500,93.08500,92.75500,93.01500,863.00000
2026-06-01 07:30:00+00:00,93.00500,93.31500,92.87500,93.13500,786.00000
2026-06-01 07:45:00+00:00,93.12500,93.29500,92.94500,92.97500,941.00000
2026-06-01 08:00:00+00:00,92.98500,93.28500,92.81500,93.21500,1155.00000
2026-06-01 08:15:00+00:00,93.22500,93.52500,93.20500,93.46500,1403.00000
2026-06-01 08:30:00+00:00,93.46500,93.76500,93.41500,93.59500,1115.00000
2026-06-01 08:45:00+00:00,93.59500,93.84500,93.34500,93.42500,1025.00000
2026-06-01 09:00:00+00:00,93.42500,93.66500,93.15500,93.57500,1142.00000
2026-06-01 09:15:00+00:00,93.56500,93.85500,93.55500,93.63500,848.00000
2026-06-01 09:30:00+00:00,93.65500,93.66500,93.32500,93.41500,706.00000
2026-06-01 09:45:00+00:00,93.41500,93.53500,93.36500,93.39500,675.00000
2026-06-01 10:00:00+00:00,93.38500,93.53500,93.09500,93.17500,767.00000
2026-06-01 10:15:00+00:00,93.17500,93.31500,93.07500,93.17500,677.00000
2026-06-01 10:30:00+00:00,93.17500,93.40500,93.13500,93.29500,505.00000
2026-06-01 10:45:00+00:00,93.29500,93.38500,93.18500,93.23500,626.00000
2026-06-01 11:00:00+00:00,93.19500,93.39500,93.04500,93.24500,793.00000
2026-06-01 11:15:00+00:00,93.25500,93.27500,92.96500,93.12500,670.00000
2026-06-01 11:30:00+00:00,93.13500,93.16500,92.85500,92.93500,822.00000
2026-06-01 11:45:00+00:00,92.94500,93.14500,92.77500,92.85500,715.00000
2026-06-01 12:00:00+00:00,92.86500,93.08500,92.78500,93.01500,943.00000
2026-06-01 12:15:00+00:00,93.02500,93.02500,92.32500,92.54500,1537.00000
2026-06-01 12:30:00+00:00,92.54500,92.61500,91.88500,92.00500,1459.00000
2026-06-01 12:45:00+00:00,92.01500,92.47500,91.88500,92.26500,1884.00000
2026-06-01 13:00:00+00:00,92.25500,94.27500,92.06500,93.80500,3842.00000
2026-06-01 13:15:00+00:00,93.77500,95.33500,93.47500,95.16500,5220.00000
2026-06-01 13:30:00+00:00,95.16500,95.73500,94.71500,95.67500,4101.00000
2026-06-01 13:45:00+00:00,95.69500,96.78500,95.48500,96.75500,3585.00000
2026-06-01 14:00:00+00:00,96.80500,96.88500,96.06500,96.08500,3365.00000
2026-06-01 14:15:00+00:00,96.09500,96.97500,95.53500,96.78500,3184.00000
2026-06-01 14:30:00+00:00,96.78500,97.01500,96.39500,96.77500,2088.00000
2026-06-01 14:45:00+00:00,96.77500,97.24500,96.76500,97.12500,1861.00000
2026-06-01 15:00:00+00:00,97.12500,97.35500,96.64500,96.78500,2314.00000
2026-06-01 15:15:00+00:00,96.79500,96.83500,96.19500,96.33500,2101.00000
2026-06-01 15:30:00+00:00,96.37500,96.42500,94.91500,96.19500,3696.00000
2026-06-01 15:45:00+00:00,96.19500,96.54500,96.13500,96.37500,1640.00000
2026-06-01 16:00:00+00:00,96.35500,97.03500,96.09500,96.82500,2191.00000
2026-06-01 16:15:00+00:00,96.83500,96.98500,96.65500,96.75500,1476.00000
2026-06-01 16:30:00+00:00,96.75500,97.05500,96.56500,96.84500,1958.00000
2026-06-01 16:45:00+00:00,96.83500,96.90500,95.35500,95.42500,2973.00000
2026-06-01 17:00:00+00:00,95.41500,95.79500,95.25500,95.34500,2332.00000
2026-06-01 17:15:00+00:00,95.33500,95.47500,93.94500,94.08500,1705.00000
2026-06-01 17:30:00+00:00,94.07500,94.65500,93.44500,94.07500,3917.00000
2026-06-01 17:45:00+00:00,94.06500,94.44500,94.01500,94.40500,2336.00000
2026-06-01 18:00:00+00:00,94.39500,94.57500,94.04500,94.51500,1862.00000
2026-06-01 18:15:00+00:00,94.50500,94.87500,94.38500,94.80500,2686.00000
2026-06-01 18:30:00+00:00,94.81500,95.07500,94.72500,94.96500,1118.00000
2026-06-01 18:45:00+00:00,94.97500,95.25500,94.97500,95.12500,648.00000
2026-06-01 19:00:00+00:00,95.10500,95.24500,94.76500,94.89500,964.00000
2026-06-01 19:15:00+00:00,94.89500,94.93500,94.71500,94.80500,601.00000
2026-06-01 19:30:00+00:00,94.79500,95.17500,94.70500,95.11500,863.00000
2026-06-01 19:45:00+00:00,95.11500,95.21500,94.99500,95.05500,772.00000
2026-06-01 20:00:00+00:00,95.05500,95.15500,94.87500,94.93500,522.00000
2026-06-01 20:15:00+00:00,94.95500,94.95500,94.75500,94.89500,418.00000
2026-06-01 20:30:00+00:00,94.88500,94.98500,94.69500,94.81500,455.00000
2026-06-01 20:45:00+00:00,94.82500,95.15500,94.81500,95.07500,678.00000
2026-06-01 22:00:00+00:00,94.95000,95.06000,94.82000,94.86000,324.00000
2026-06-01 22:15:00+00:00,94.85000,94.88000,94.62000,94.70000,134.00000
2026-06-01 22:30:00+00:00,94.68000,94.87000,94.67000,94.87000,149.00000
2026-06-01 22:45:00+00:00,94.86000,94.92000,94.77000,94.78000,207.00000
2026-06-01 23:00:00+00:00,94.81000,94.85000,94.73000,94.80000,180.00000
2026-06-01 23:15:00+00:00,94.80000,94.81000,94.72000,94.81000,94.00000
2026-06-01 23:30:00+00:00,94.81000,94.85000,94.22000,94.52000,367.00000
2026-06-01 23:45:00+00:00,94.53000,94.55000,94.37000,94.40000,217.00000
2026-06-02 00:00:00+00:00,94.39000,94.57000,94.33000,94.38000,467.00000
2026-06-02 00:15:00+00:00,94.39000,94.43000,94.13000,94.34000,468.00000
2026-06-02 00:30:00+00:00,94.34000,94.72000,94.29000,94.65000,364.00000
2026-06-02 00:45:00+00:00,94.67000,94.96000,94.66000,94.86000,653.00000
2026-06-02 01:00:00+00:00,94.88000,95.13000,94.08000,94.28000,2002.00000
2026-06-02 01:15:00+00:00,94.27000,94.62000,94.19000,94.50000,954.00000
2026-06-02 01:30:00+00:00,94.49000,94.49000,93.97000,94.20000,945.00000
2026-06-02 01:45:00+00:00,94.19000,94.42000,94.11000,94.17000,1052.00000
2026-06-02 02:00:00+00:00,94.16000,94.16000,93.97000,94.10000,972.00000
2026-06-02 02:15:00+00:00,94.10000,94.30000,94.09000,94.26000,356.00000
2026-06-02 02:30:00+00:00,94.25000,94.30000,94.05000,94.26000,697.00000
2026-06-02 02:45:00+00:00,94.25000,94.35000,94.20000,94.25000,556.00000
2026-06-02 03:00:00+00:00,94.26000,94.29000,94.17000,94.25000,343.00000
2026-06-02 03:15:00+00:00,94.21000,94.27000,94.04000,94.13000,458.00000
2026-06-02 03:30:00+00:00,94.14000,94.22000,93.89000,93.98000,393.00000
2026-06-02 03:45:00+00:00,93.98000,93.99000,93.77000,93.93000,322.00000
2026-06-02 04:00:00+00:00,93.94000,93.99000,93.82000,93.84000,226.00000
2026-06-02 04:15:00+00:00,93.84000,93.84000,93.67000,93.77000,381.00000
2026-06-02 04:30:00+00:00,93.78000,93.91000,93.75000,93.85000,180.00000
2026-06-02 04:45:00+00:00,93.84000,93.84000,93.66000,93.70000,202.00000
2026-06-02 05:00:00+00:00,93.71000,93.88000,93.61000,93.75000,297.00000
2026-06-02 05:15:00+00:00,93.76000,93.84000,93.66000,93.84000,234.00000
2026-06-02 05:30:00+00:00,93.85000,93.85000,93.49000,93.52000,940.00000
2026-06-02 05:45:00+00:00,93.51000,93.95000,93.49000,93.85000,664.00000
2026-06-02 06:00:00+00:00,93.86000,93.98000,93.59000,93.72000,740.00000
2026-06-02 06:15:00+00:00,93.72000,93.75000,93.59000,93.63000,708.00000
2026-06-02 06:30:00+00:00,93.63000,93.94000,93.47000,93.94000,817.00000
2026-06-02 06:45:00+00:00,93.93000,94.17000,93.90000,94.03000,984.00000
2026-06-02 07:00:00+00:00,94.02000,94.21000,93.78000,93.80000,1159.00000
2026-06-02 07:15:00+00:00,93.81000,93.98000,93.52000,93.93000,1196.00000
2026-06-02 07:30:00+00:00,93.92000,94.15000,93.42000,93.47000,1101.00000
2026-06-02 07:45:00+00:00,93.48000,93.52000,93.05000,93.28000,1664.00000
2026-06-02 08:00:00+00:00,93.23000,93.46000,93.09000,93.44000,1511.00000
2026-06-02 08:15:00+00:00,93.45000,93.71000,92.97000,93.61000,2643.00000
2026-06-02 08:30:00+00:00,93.58000,93.58000,92.90000,93.00000,1460.00000
2026-06-02 08:45:00+00:00,92.99000,93.15000,92.65000,93.12000,1426.00000
2026-06-02 09:00:00+00:00,93.16000,93.18000,92.81000,93.02000,1077.00000
2026-06-02 09:15:00+00:00,93.01000,93.13000,92.63000,93.13000,1137.00000
2026-06-02 09:30:00+00:00,93.12000,93.47000,93.07000,93.31000,1302.00000
2026-06-02 09:45:00+00:00,93.30000,93.57000,93.13000,93.50000,1069.00000
2026-06-02 10:00:00+00:00,93.49000,93.75000,93.40000,93.59000,810.00000
2026-06-02 10:15:00+00:00,93.58000,94.00000,93.58000,93.75000,1087.00000
2026-06-02 10:30:00+00:00,93.75000,93.80000,93.57000,93.72000,574.00000
2026-06-02 10:45:00+00:00,93.72000,93.73000,93.51000,93.65000,744.00000
2026-06-02 11:00:00+00:00,93.64000,93.67000,93.23000,93.39000,859.00000
2026-06-02 11:15:00+00:00,93.38000,93.64000,93.33000,93.54000,773.00000
2026-06-02 11:30:00+00:00,93.55000,93.73000,93.40000,93.53000,754.00000
2026-06-02 11:45:00+00:00,93.54000,93.70000,93.49000,93.52000,656.00000
2026-06-02 12:00:00+00:00,93.51000,93.53000,93.19000,93.24000,835.00000
2026-06-02 12:15:00+00:00,93.24000,93.56000,93.06000,93.29000,1013.00000
2026-06-02 12:30:00+00:00,93.29000,94.09000,93.26000,93.71000,1808.00000
2026-06-02 12:45:00+00:00,93.72000,93.76000,93.51000,93.63000,1092.00000
2026-06-02 13:00:00+00:00,93.62000,94.53000,93.57000,94.20000,2795.00000
2026-06-02 13:15:00+00:00,94.21000,94.69000,94.12000,94.64000,1836.00000
2026-06-02 13:30:00+00:00,94.65000,94.89000,94.42000,94.72000,2403.00000
2026-06-02 13:45:00+00:00,94.73000,94.93000,94.57000,94.75000,1640.00000
2026-06-02 14:00:00+00:00,94.75000,94.90000,94.47000,94.51000,1770.00000
2026-06-02 14:15:00+00:00,94.51000,94.95000,94.31000,94.63000,2500.00000
2026-06-02 14:30:00+00:00,94.63000,94.63000,94.17000,94.37000,1905.00000
2026-06-02 14:45:00+00:00,94.37000,94.62000,94.23000,94.40000,1608.00000
2026-06-02 15:00:00+00:00,94.40000,94.41000,93.92000,94.25000,1681.00000
2026-06-02 15:15:00+00:00,94.25000,94.44000,94.00000,94.29000,1941.00000
2026-06-02 15:30:00+00:00,94.27000,94.90000,94.27000,94.88000,1438.00000
2026-06-02 15:45:00+00:00,94.87000,95.56000,94.81000,95.35000,1946.00000
2026-06-02 16:00:00+00:00,95.34000,95.54000,94.94000,95.23000,1909.00000
2026-06-02 16:15:00+00:00,95.22000,95.71000,95.22000,95.68000,1392.00000
2026-06-02 16:30:00+00:00,95.68000,95.88000,95.61000,95.79000,1283.00000
2026-06-02 16:45:00+00:00,95.78000,95.80000,95.53000,95.60000,1074.00000
2026-06-02 17:00:00+00:00,95.60000,95.92000,95.39000,95.76000,1479.00000
2026-06-02 17:15:00+00:00,95.75000,96.17000,95.72000,96.13000,1090.00000
2026-06-02 17:30:00+00:00,96.14000,96.27000,96.02000,96.03000,973.00000
2026-06-02 17:45:00+00:00,96.02000,96.43000,95.99000,96.32000,1048.00000
2026-06-02 18:00:00+00:00,96.32000,96.34000,95.73000,96.09000,1551.00000
2026-06-02 18:15:00+00:00,96.10000,96.36000,95.91000,96.22000,2045.00000
2026-06-02 18:30:00+00:00,96.21000,96.48000,96.20000,96.36000,1004.00000
2026-06-02 18:45:00+00:00,96.36000,96.41000,96.31000,96.38000,392.00000
2026-06-02 19:00:00+00:00,96.37000,96.39000,96.25000,96.28000,369.00000
2026-06-02 19:15:00+00:00,96.27000,96.28000,96.03000,96.06000,393.00000
2026-06-02 19:30:00+00:00,96.05000,96.15000,95.94000,95.95000,452.00000
2026-06-02 19:45:00+00:00,95.94000,96.24000,95.94000,96.16000,571.00000
2026-06-02 20:00:00+00:00,96.15000,96.20000,95.97000,96.06000,376.00000
2026-06-02 20:15:00+00:00,96.05000,96.10000,95.97000,95.98000,242.00000
2026-06-02 20:30:00+00:00,95.97000,96.00000,95.82000,95.96000,574.00000
2026-06-02 20:45:00+00:00,95.97000,96.00000,95.85000,95.91000,426.00000
2026-06-02 22:00:00+00:00,95.96500,96.40500,95.96500,96.32500,750.00000
2026-06-02 22:15:00+00:00,96.32500,96.41500,96.18500,96.20500,295.00000
2026-06-02 22:30:00+00:00,96.23500,96.28500,96.15500,96.27500,192.00000
2026-06-02 22:45:00+00:00,96.27500,96.83500,96.23500,96.59500,764.00000
2026-06-02 23:00:00+00:00,96.60500,97.20500,96.53500,97.18500,1008.00000
2026-06-02 23:15:00+00:00,97.19500,98.38500,97.14500,97.96500,1658.00000
2026-06-02 23:30:00+00:00,97.92500,98.12500,97.21500,97.22500,1145.00000
2026-06-02 23:45:00+00:00,97.23500,97.38500,96.91500,96.95500,779.00000
2026-06-03 00:00:00+00:00,96.94500,97.19500,96.60500,97.10500,1219.00000
2026-06-03 00:15:00+00:00,97.11500,97.24500,96.82500,96.97500,720.00000
2026-06-03 00:30:00+00:00,96.97500,97.04500,96.89500,96.90500,428.00000
2026-06-03 00:45:00+00:00,96.89500,96.98500,96.70500,96.74500,486.00000
2026-06-03 01:00:00+00:00,96.69500,97.35500,96.55500,97.27500,1427.00000
2026-06-03 01:15:00+00:00,97.28500,97.46500,97.14500,97.17500,698.00000
2026-06-03 01:30:00+00:00,97.18500,97.32500,97.10500,97.30500,583.00000
2026-06-03 01:45:00+00:00,97.30500,97.32500,97.17500,97.19500,498.00000
2026-06-03 02:00:00+00:00,97.19500,97.23500,96.96500,97.00500,587.00000
2026-06-03 02:15:00+00:00,97.00500,97.09500,96.94500,96.99500,271.00000
2026-06-03 02:30:00+00:00,97.00500,97.02500,96.90500,96.92500,332.00000
2026-06-03 02:45:00+00:00,96.93500,97.16500,96.93500,97.07500,447.00000
2026-06-03 03:00:00+00:00,97.07500,97.09500,96.87500,96.93500,358.00000
2026-06-03 03:15:00+00:00,96.93500,97.05500,96.93500,97.02500,287.00000
2026-06-03 03:30:00+00:00,97.02500,97.07500,96.88500,97.05500,226.00000
2026-06-03 03:45:00+00:00,97.04500,97.14500,97.00500,97.07500,211.00000
2026-06-03 04:00:00+00:00,97.07500,97.30500,97.06500,97.23500,253.00000
2026-06-03 04:15:00+00:00,97.23500,97.30500,97.20500,97.24500,224.00000
2026-06-03 04:30:00+00:00,97.25500,97.39500,97.23500,97.38500,230.00000
2026-06-03 04:45:00+00:00,97.39500,97.53500,97.25500,97.26500,372.00000
2026-06-03 05:00:00+00:00,97.27500,97.32500,97.13500,97.20500,303.00000
2026-06-03 05:15:00+00:00,97.21500,97.33500,97.19500,97.30500,297.00000
2026-06-03 05:30:00+00:00,97.28500,97.59500,97.26500,97.57500,614.00000
2026-06-03 05:45:00+00:00,97.58500,97.93500,97.58500,97.92500,848.00000
2026-06-03 06:00:00+00:00,97.93500,97.94500,97.50500,97.77500,1157.00000
2026-06-03 06:15:00+00:00,97.77500,97.85500,97.58500,97.64500,766.00000
2026-06-03 06:30:00+00:00,97.66500,98.13500,97.66500,97.86500,1027.00000
2026-06-03 06:45:00+00:00,97.87500,98.19500,97.85500,98.09500,948.00000
2026-06-03 07:00:00+00:00,98.08500,98.26500,97.85500,97.87500,1376.00000
2026-06-03 07:15:00+00:00,97.87500,98.18500,97.86500,98.17500,890.00000
2026-06-03 07:30:00+00:00,98.16500,98.35500,97.93500,98.26500,1179.00000
2026-06-03 07:45:00+00:00,98.27500,98.35500,98.09500,98.23500,767.00000
2026-06-03 08:00:00+00:00,98.19500,98.39500,98.03500,98.06500,1246.00000
2026-06-03 08:15:00+00:00,98.07500,98.91500,97.97500,98.36500,2580.00000
2026-06-03 08:30:00+00:00,98.36500,98.66500,98.30500,98.56500,1367.00000
2026-06-03 08:45:00+00:00,98.57500,98.75500,98.36500,98.69500,919.00000
2026-06-03 09:00:00+00:00,98.69500,98.84500,98.25500,98.52500,1151.00000
2026-06-03 09:15:00+00:00,98.52500,98.89500,98.50500,98.63500,1382.00000
2026-06-03 09:30:00+00:00,98.64500,98.84500,98.51500,98.71500,1209.00000
2026-06-03 09:45:00+00:00,98.70500,99.33500,98.70500,99.22500,1572.00000
2026-06-03 10:00:00+00:00,99.23500,99.33500,98.02500,98.54500,3114.00000
2026-06-03 10:15:00+00:00,98.53500,98.85500,98.51500,98.65500,1519.00000
2026-06-03 10:30:00+00:00,98.66500,98.87500,98.44500,98.78500,1137.00000
2026-06-03 10:45:00+00:00,98.78500,98.81500,98.22500,98.34500,986.00000
2026-06-03 11:00:00+00:00,98.31500,98.39500,98.05500,98.14500,1084.00000
2026-06-03 11:15:00+00:00,98.15500,98.30500,97.95500,98.06500,873.00000
2026-06-03 11:30:00+00:00,98.07500,98.18500,97.91500,98.09500,827.00000
2026-06-03 11:45:00+00:00,98.10500,98.34500,97.89500,98.06500,1122.00000
2026-06-03 12:00:00+00:00,98.07500,98.29500,97.68500,98.29500,1271.00000
2026-06-03 12:15:00+00:00,98.31500,98.74500,98.30500,98.68500,1330.00000
2026-06-03 12:30:00+00:00,98.69500,98.85500,98.47500,98.50500,1173.00000
2026-06-03 12:45:00+00:00,98.51500,98.68500,98.33500,98.37500,1317.00000
2026-06-03 13:00:00+00:00,98.36500,98.50500,97.42500,97.54500,2278.00000
2026-06-03 13:15:00+00:00,97.55500,97.64500,97.31500,97.47500,1898.00000
2026-06-03 13:30:00+00:00,97.44500,97.50500,97.11500,97.38500,2344.00000
2026-06-03 13:45:00+00:00,97.37500,97.50500,96.81500,96.84500,2119.00000
2026-06-03 14:00:00+00:00,96.83500,97.06500,96.69500,97.01500,1730.00000
2026-06-03 14:15:00+00:00,97.01500,97.73500,96.96500,97.52500,2421.00000
2026-06-03 14:30:00+00:00,97.36500,97.93500,97.32500,97.89500,2504.00000
2026-06-03 14:45:00+00:00,97.88500,98.00500,97.56500,97.60500,1836.00000
2026-06-03 15:00:00+00:00,97.58500,98.20500,97.42500,98.03500,1978.00000
2026-06-03 15:15:00+00:00,98.04500,98.19500,97.44500,97.84500,2284.00000
2026-06-03 15:30:00+00:00,97.80500,98.65500,97.80500,98.23500,2194.00000
2026-06-03 15:45:00+00:00,98.24500,98.37500,98.18500,98.25500,1383.00000
2026-06-03 16:00:00+00:00,98.23500,98.54500,98.05500,98.48500,1444.00000
2026-06-03 16:15:00+00:00,98.49500,98.67500,98.21500,98.52500,1612.00000
2026-06-03 16:30:00+00:00,98.55500,98.55500,98.19500,98.23500,1273.00000
2026-06-03 16:45:00+00:00,98.22500,98.39500,98.00500,98.02500,1537.00000
2026-06-03 17:00:00+00:00,98.01500,98.57500,97.67500,98.50500,1622.00000
2026-06-03 17:15:00+00:00,98.51500,98.66500,98.40500,98.51500,1227.00000
2026-06-03 17:30:00+00:00,98.52500,98.79500,98.50500,98.73500,1031.00000
2026-06-03 17:45:00+00:00,98.74500,98.79500,98.44500,98.58500,974.00000
2026-06-03 18:00:00+00:00,98.58500,98.62500,98.28500,98.47500,1216.00000
2026-06-03 18:15:00+00:00,98.46500,98.72500,98.21500,98.36500,1895.00000
2026-06-03 18:30:00+00:00,98.38500,98.91500,98.36500,98.70500,1121.00000
2026-06-03 18:45:00+00:00,98.69500,98.70500,98.39500,98.41500,486.00000
2026-06-03 19:00:00+00:00,98.42500,98.49500,98.31500,98.36500,510.00000
2026-06-03 19:15:00+00:00,98.36500,98.51500,98.00500,98.49500,739.00000
2026-06-03 19:30:00+00:00,98.48500,98.51500,98.34500,98.38500,404.00000
2026-06-03 19:45:00+00:00,98.39500,98.58500,98.31500,98.57500,571.00000
2026-06-03 20:00:00+00:00,98.56500,98.82500,98.53500,98.79500,553.00000
2026-06-03 20:15:00+00:00,98.78500,98.80500,98.56500,98.59500,503.00000
2026-06-03 20:30:00+00:00,98.61500,98.84500,98.37500,98.76500,551.00000
2026-06-03 20:45:00+00:00,98.75500,98.79500,98.43500,98.48500,691.00000
2026-06-03 22:00:00+00:00,97.91000,98.13000,97.70000,97.85000,635.00000
2026-06-03 22:15:00+00:00,97.85000,98.12000,97.83000,98.06000,191.00000
2026-06-03 22:30:00+00:00,98.05000,98.06000,97.25000,97.89000,699.00000
2026-06-03 22:45:00+00:00,97.89000,97.89000,97.29000,97.47000,643.00000
2026-06-03 23:00:00+00:00,97.49000,97.65000,97.40000,97.58000,486.00000
2026-06-03 23:15:00+00:00,97.57000,97.72000,97.55000,97.62000,202.00000
2026-06-03 23:30:00+00:00,97.62000,97.62000,97.47000,97.57000,194.00000
2026-06-03 23:45:00+00:00,97.56000,97.68000,97.52000,97.62000,200.00000
2026-06-04 00:00:00+00:00,97.62000,97.76000,97.48000,97.61000,972.00000
2026-06-04 00:15:00+00:00,97.63000,97.97000,97.63000,97.89000,567.00000
2026-06-04 00:30:00+00:00,97.90000,97.91000,97.62000,97.71000,492.00000
2026-06-04 00:45:00+00:00,97.69000,97.80000,97.52000,97.54000,351.00000
2026-06-04 01:00:00+00:00,97.55000,97.74000,97.29400,97.44000,1215.00000
2026-06-04 01:15:00+00:00,97.44000,97.55000,97.30000,97.33000,599.00000
2026-06-04 01:30:00+00:00,97.32000,97.32000,97.07000,97.27000,680.00000
2026-06-04 01:45:00+00:00,97.27000,97.41000,97.15200,97.23000,505.00000
2026-06-04 02:00:00+00:00,97.21000,97.32000,97.14000,97.22000,484.00000
2026-06-04 02:15:00+00:00,97.21000,97.30000,97.02000,97.16000,454.00000
2026-06-04 02:30:00+00:00,97.17000,97.21000,97.10000,97.13000,335.00000
2026-06-04 02:45:00+00:00,97.12000,97.16000,97.05000,97.05000,413.00000
2026-06-04 03:00:00+00:00,97.06000,97.15000,96.99000,97.05000,392.00000
2026-06-04 03:15:00+00:00,97.05000,97.18000,97.05000,97.18000,316.00000
2026-06-04 03:30:00+00:00,97.17000,97.75000,97.17000,97.71000,548.00000
2026-06-04 03:45:00+00:00,97.72000,97.75000,97.33000,97.35000,375.00000
2026-06-04 04:00:00+00:00,97.34000,97.49000,97.30000,97.39000,301.00000
2026-06-04 04:15:00+00:00,97.39000,97.58000,97.37000,97.43000,341.00000
2026-06-04 04:30:00+00:00,97.44000,97.57000,97.35000,97.43000,396.00000
2026-06-04 04:45:00+00:00,97.46000,97.54000,97.43000,97.43000,236.00000
2026-06-04 05:00:00+00:00,97.42000,97.60000,97.42000,97.57000,344.00000
2026-06-04 05:15:00+00:00,97.56000,97.84000,97.56000,97.79000,485.00000
2026-06-04 05:30:00+00:00,97.82000,97.82000,97.40000,97.43000,620.00000
2026-06-04 05:45:00+00:00,97.43000,97.71000,97.39000,97.40000,572.00000
2026-06-04 06:00:00+00:00,97.39000,97.54000,97.22000,97.52000,674.00000
2026-06-04 06:15:00+00:00,97.52000,97.69000,97.39000,97.42000,647.00000
2026-06-04 06:30:00+00:00,97.43000,97.47000,97.16000,97.39000,689.00000
2026-06-04 06:45:00+00:00,97.40000,97.55000,97.31000,97.45000,744.00000
2026-06-04 07:00:00+00:00,97.41000,97.55000,97.24000,97.34000,873.00000
2026-06-04 07:15:00+00:00,97.35000,97.66000,97.14000,97.53000,923.00000
2026-06-04 07:30:00+00:00,97.54000,97.74000,97.30000,97.66000,902.00000
2026-06-04 07:45:00+00:00,97.66000,97.85000,97.55000,97.68000,1080.00000
2026-06-04 08:00:00+00:00,97.69000,97.93000,97.24000,97.58000,1908.00000
2026-06-04 08:15:00+00:00,97.62000,97.74000,97.04000,97.10000,2305.00000
2026-06-04 08:30:00+00:00,97.00000,97.62000,96.63000,97.30000,2217.00000
2026-06-04 08:45:00+00:00,97.31000,97.31000,97.04000,97.10000,1136.00000
2026-06-04 09:00:00+00:00,97.12000,97.25000,96.70000,97.01000,1530.00000
2026-06-04 09:15:00+00:00,97.00000,97.14000,96.89000,97.05000,1050.00000
2026-06-04 09:30:00+00:00,97.04000,97.21000,96.47000,96.60000,1135.00000
2026-06-04 09:45:00+00:00,96.59000,96.80000,96.30000,96.74000,1548.00000
2026-06-04 10:00:00+00:00,96.75000,97.37000,96.74000,97.18000,1428.00000
2026-06-04 10:15:00+00:00,97.18000,97.47000,97.14000,97.31000,1153.00000
2026-06-04 10:30:00+00:00,97.32000,97.51000,97.06000,97.30000,924.00000
2026-06-04 10:45:00+00:00,97.29000,97.52000,97.09000,97.13000,863.00000
2026-06-04 11:00:00+00:00,97.11000,97.16000,96.80000,96.83000,1001.00000
2026-06-04 11:15:00+00:00,96.82000,96.86000,95.87000,96.02000,2259.00000
2026-06-04 11:30:00+00:00,95.98000,96.29000,95.53000,95.64000,1825.00000
2026-06-04 11:45:00+00:00,95.65000,95.67000,94.59000,94.70000,2997.00000
2026-06-04 12:00:00+00:00,94.68000,94.90000,94.18000,94.56000,3774.00000
2026-06-04 12:15:00+00:00,94.57000,95.18000,94.40000,94.99000,2381.00000
2026-06-04 12:30:00+00:00,94.98000,95.22000,94.84000,95.12000,1478.00000
2026-06-04 12:45:00+00:00,95.11000,95.22000,94.58000,94.90000,1671.00000
2026-06-04 13:00:00+00:00,94.90000,95.25000,94.59000,95.14000,2405.00000
2026-06-04 13:15:00+00:00,95.14000,95.36000,94.92000,95.31000,1632.00000
2026-06-04 13:30:00+00:00,95.30000,95.39000,94.94000,95.09000,2064.00000
2026-06-04 13:45:00+00:00,95.08000,95.13000,94.36000,94.60000,2090.00000
2026-06-04 14:00:00+00:00,94.62000,94.77000,94.45000,94.56000,2028.00000
2026-06-04 14:15:00+00:00,94.57000,94.94000,94.25000,94.84000,1835.00000
2026-06-04 14:30:00+00:00,94.84000,95.20000,94.75000,95.00000,1364.00000
2026-06-04 14:45:00+00:00,94.99000,95.35000,94.90000,95.29000,1213.00000
2026-06-04 15:00:00+00:00,95.30000,95.47000,95.05000,95.06000,1941.00000
2026-06-04 15:15:00+00:00,95.05000,95.20000,94.87000,94.96000,2059.00000
2026-06-04 15:30:00+00:00,94.95000,95.40000,94.88000,95.23000,1494.00000
2026-06-04 15:45:00+00:00,95.24000,95.37000,95.01000,95.24000,1361.00000
2026-06-04 16:00:00+00:00,95.23000,95.32000,94.99000,95.23000,1167.00000
2026-06-04 16:15:00+00:00,95.22000,95.38000,95.11000,95.20000,777.00000
2026-06-04 16:30:00+00:00,95.18000,95.26000,94.54000,94.87000,1215.00000
2026-06-04 16:45:00+00:00,94.86000,94.94000,94.54000,94.62000,1008.00000
2026-06-04 17:00:00+00:00,94.63000,94.74000,94.48000,94.52000,923.00000
2026-06-04 17:15:00+00:00,94.53000,94.81000,94.40000,94.42000,815.00000
2026-06-04 17:30:00+00:00,94.41000,94.59000,94.17000,94.45000,1130.00000
2026-06-04 17:45:00+00:00,94.45000,94.63000,94.40800,94.57000,850.00000
2026-06-04 18:00:00+00:00,94.55000,94.84000,94.20000,94.29000,1800.00000
2026-06-04 18:15:00+00:00,94.30000,95.47000,94.20000,95.32000,2504.00000
2026-06-04 18:30:00+00:00,95.35000,95.67000,95.30000,95.57000,1416.00000
2026-06-04 18:45:00+00:00,95.58000,95.67000,95.40000,95.55000,685.00000
2026-06-04 19:00:00+00:00,95.55000,95.59000,95.34000,95.46000,578.00000
2026-06-04 19:15:00+00:00,95.45000,95.49000,95.32000,95.36000,319.00000
2026-06-04 19:30:00+00:00,95.36000,95.40000,95.22000,95.38000,349.00000
2026-06-04 19:45:00+00:00,95.39000,95.48000,95.28000,95.39000,521.00000
2026-06-04 20:00:00+00:00,95.39000,95.42000,95.24000,95.30000,429.00000
2026-06-04 20:15:00+00:00,95.31000,95.36000,95.20000,95.26000,388.00000
2026-06-04 20:30:00+00:00,95.25000,95.31000,95.20000,95.23000,268.00000
2026-06-04 20:45:00+00:00,95.23000,95.26000,95.09200,95.10000,320.00000
2026-06-04 22:00:00+00:00,94.84600,94.99600,94.74600,94.74600,361.00000
2026-06-04 22:15:00+00:00,94.74600,94.92600,94.73600,94.89600,112.00000
2026-06-04 22:30:00+00:00,94.91600,94.96600,94.88600,94.94600,112.00000
2026-06-04 22:45:00+00:00,94.95600,94.99600,94.94600,94.99600,86.00000
2026-06-04 23:00:00+00:00,94.97600,94.97600,94.94600,94.95600,44.00000
2026-06-04 23:15:00+00:00,94.96600,95.00600,94.94600,94.95600,47.00000
2026-06-04 23:30:00+00:00,94.95600,95.05600,94.95600,95.03600,74.00000
2026-06-04 23:45:00+00:00,95.04600,95.14600,95.00600,95.07600,125.00000
2026-06-05 00:00:00+00:00,95.06600,95.12600,94.97600,95.09600,425.00000
2026-06-05 00:15:00+00:00,95.08600,95.12600,94.80000,94.82600,367.00000
2026-06-05 00:30:00+00:00,94.82600,94.87600,94.73600,94.83600,370.00000
2026-06-05 00:45:00+00:00,94.84600,95.03600,94.72600,94.79600,420.00000
2026-06-05 01:00:00+00:00,94.78600,94.84600,94.63600,94.79600,787.00000
2026-06-05 01:15:00+00:00,94.80600,95.24600,94.79600,95.18600,744.00000
2026-06-05 01:30:00+00:00,95.17600,95.24600,95.04600,95.20600,492.00000
2026-06-05 01:45:00+00:00,95.19600,95.28600,95.15600,95.24600,406.00000
2026-06-05 02:00:00+00:00,95.24600,95.39600,95.20600,95.27600,479.00000
2026-06-05 02:15:00+00:00,95.27600,95.57600,95.21600,95.48600,524.00000
2026-06-05 02:30:00+00:00,95.51600,95.60600,95.47600,95.55600,497.00000
2026-06-05 02:45:00+00:00,95.54600,95.63600,95.50600,95.51600,354.00000
2026-06-05 03:00:00+00:00,95.50600,95.59600,95.31600,95.36600,426.00000
2026-06-05 03:15:00+00:00,95.36600,95.38600,95.19600,95.33600,426.00000
2026-06-05 03:30:00+00:00,95.33600,95.33600,95.11600,95.30600,367.00000
2026-06-05 03:45:00+00:00,95.24600,95.32600,95.19600,95.27600,224.00000
2026-06-05 04:00:00+00:00,95.28600,95.31600,95.05600,95.19600,277.00000
2026-06-05 04:15:00+00:00,95.18600,95.24600,95.12600,95.21600,183.00000
2026-06-05 04:30:00+00:00,95.22600,95.25600,95.15600,95.19600,203.00000
2026-06-05 04:45:00+00:00,95.20600,95.25600,95.06600,95.13600,348.00000
2026-06-05 05:00:00+00:00,95.13600,95.29600,95.13600,95.20600,374.00000
2026-06-05 05:15:00+00:00,95.20600,95.29600,95.13600,95.13600,301.00000
2026-06-05 05:30:00+00:00,95.11600,95.32600,95.04600,95.22600,566.00000
2026-06-05 05:45:00+00:00,95.20600,95.23600,95.04600,95.05600,491.00000
2026-06-05 06:00:00+00:00,95.06600,95.22600,94.69600,94.79600,922.00000
2026-06-05 06:15:00+00:00,94.80600,95.09600,94.80600,94.93600,695.00000
2026-06-05 06:30:00+00:00,94.93600,94.96600,94.79600,94.87600,709.00000
2026-06-05 06:45:00+00:00,94.88600,95.04600,94.82600,94.87600,769.00000
2026-06-05 07:00:00+00:00,94.87600,94.95600,94.49600,94.51600,1018.00000
2026-06-05 07:15:00+00:00,94.50600,94.56600,94.18600,94.20600,1020.00000
2026-06-05 07:30:00+00:00,94.21600,94.67600,94.13600,94.58600,949.00000
2026-06-05 07:45:00+00:00,94.59600,94.89600,94.30600,94.79600,872.00000
2026-06-05 08:00:00+00:00,94.79600,95.00600,94.56600,94.78600,1203.00000
2026-06-05 08:15:00+00:00,94.76600,94.80600,93.62600,93.62600,2379.00000
2026-06-05 08:30:00+00:00,93.65600,94.32600,93.65600,94.23600,1902.00000
2026-06-05 08:45:00+00:00,94.24600,95.08600,94.24600,94.93600,1530.00000
2026-06-05 09:00:00+00:00,94.95600,95.26600,94.20600,94.54600,2082.00000
2026-06-05 09:15:00+00:00,94.55600,94.84600,94.05600,94.57600,2146.00000
2026-06-05 09:30:00+00:00,94.55600,94.99600,94.48600,94.96600,1301.00000
2026-06-05 09:45:00+00:00,94.95600,95.07600,94.68600,94.95600,1080.00000
2026-06-05 10:00:00+00:00,94.93600,95.03600,94.74600,94.90600,932.00000
2026-06-05 10:15:00+00:00,94.88600,94.96600,94.58600,94.72600,934.00000
2026-06-05 10:30:00+00:00,94.73600,95.08600,94.60600,94.95600,927.00000
2026-06-05 10:45:00+00:00,94.96600,95.23600,94.90600,94.97600,783.00000
2026-06-05 11:00:00+00:00,94.98600,95.28600,94.94600,95.07600,977.00000
2026-06-05 11:15:00+00:00,95.08600,95.72600,95.05600,95.10600,1225.00000
2026-06-05 11:30:00+00:00,95.11600,95.16600,94.71600,94.82600,1260.00000
2026-06-05 11:45:00+00:00,94.84600,95.03600,94.69600,95.01600,771.00000
2026-06-05 12:00:00+00:00,95.01600,95.24600,94.77600,94.78600,1146.00000
2026-06-05 12:15:00+00:00,94.76600,95.03600,94.62600,94.92600,1063.00000
2026-06-05 12:30:00+00:00,94.92600,95.13600,94.73600,94.74600,1620.00000
2026-06-05 12:45:00+00:00,94.74600,94.79600,94.45600,94.51600,1282.00000
2026-06-05 13:00:00+00:00,94.48600,94.69600,93.61600,94.00600,2626.00000
2026-06-05 13:15:00+00:00,94.02600,94.28600,93.79600,93.98600,1786.00000
2026-06-05 13:30:00+00:00,93.97600,94.03600,93.43600,93.63600,2173.00000
2026-06-05 13:45:00+00:00,93.62600,93.90600,93.37600,93.58600,2348.00000
2026-06-05 14:00:00+00:00,93.59600,93.68600,92.66600,93.12600,3901.00000
2026-06-05 14:15:00+00:00,93.12600,93.77600,93.11600,93.43600,2319.00000
2026-06-05 14:30:00+00:00,93.42600,93.75600,93.24600,93.45600,1740.00000
2026-06-05 14:45:00+00:00,93.45600,93.46600,93.14600,93.41600,1560.00000
2026-06-05 15:00:00+00:00,93.41600,93.49600,93.06600,93.28600,1694.00000
2026-06-05 15:15:00+00:00,93.27600,93.62600,93.08600,93.18600,2389.00000
2026-06-05 15:30:00+00:00,93.19600,93.29600,92.62600,92.66600,2041.00000
2026-06-05 15:45:00+00:00,92.66600,92.94600,92.59600,92.88600,1348.00000
2026-06-05 16:00:00+00:00,92.87600,93.11600,92.51600,92.57600,1592.00000
2026-06-05 16:15:00+00:00,92.58600,92.67600,92.07600,92.21600,1564.00000
2026-06-05 16:30:00+00:00,92.22600,92.28600,91.88600,92.05600,1577.00000
2026-06-05 16:45:00+00:00,92.06600,92.19600,91.78600,92.18600,1419.00000
2026-06-05 17:00:00+00:00,92.18600,92.32600,92.03600,92.13600,1197.00000
2026-06-05 17:15:00+00:00,92.13600,92.29600,92.08600,92.21600,855.00000
2026-06-05 17:30:00+00:00,92.21600,92.44600,92.11600,92.25600,1134.00000
2026-06-05 17:45:00+00:00,92.26600,92.43600,92.06600,92.13600,1234.00000
2026-06-05 18:00:00+00:00,92.13600,92.36600,92.00600,92.33600,1455.00000
2026-06-05 18:15:00+00:00,92.33600,92.75600,92.10600,92.67600,2189.00000
2026-06-05 18:30:00+00:00,92.69600,92.81600,92.52600,92.77600,1106.00000
2026-06-05 18:45:00+00:00,92.77600,92.81600,92.15600,92.39600,965.00000
2026-06-05 19:00:00+00:00,92.40600,92.47600,92.15600,92.24600,826.00000
2026-06-05 19:15:00+00:00,92.25600,92.38600,92.15600,92.25600,666.00000
2026-06-05 19:30:00+00:00,92.26600,92.46600,92.21600,92.42600,600.00000
2026-06-05 19:45:00+00:00,92.43600,92.52600,92.30600,92.33600,671.00000
2026-06-05 20:00:00+00:00,92.32600,92.52600,92.29600,92.49600,552.00000
2026-06-05 20:15:00+00:00,92.49600,92.49600,92.31600,92.46600,484.00000
2026-06-05 20:30:00+00:00,92.47600,92.47600,92.33600,92.36600,467.00000
2026-06-05 20:45:00+00:00,92.37600,92.39600,92.27600,92.31600,824.00000
2026-06-07 22:00:00+00:00,95.00100,95.61100,94.51100,94.56100,2529.00000
2026-06-07 22:15:00+00:00,94.56100,94.75100,94.36100,94.68100,1029.00000
2026-06-07 22:30:00+00:00,94.68100,94.95100,94.54100,94.68100,693.00000
2026-06-07 22:45:00+00:00,94.69100,94.77100,94.25100,94.62100,839.00000
2026-06-07 23:00:00+00:00,94.61100,94.65100,94.42100,94.43100,372.00000
2026-06-07 23:15:00+00:00,94.44100,94.50100,94.25100,94.28100,446.00000
2026-06-07 23:30:00+00:00,94.28100,94.58100,94.13100,94.44100,421.00000
2026-06-07 23:45:00+00:00,94.43100,94.49100,94.36100,94.49100,333.00000
2026-06-08 00:00:00+00:00,94.50100,94.58100,94.24100,94.40100,665.00000
2026-06-08 00:15:00+00:00,94.40100,94.43100,94.18100,94.28100,607.00000
2026-06-08 00:30:00+00:00,94.29100,94.40100,94.23100,94.30100,604.00000
2026-06-08 00:45:00+00:00,94.31100,94.33100,94.05100,94.13100,545.00000
2026-06-08 01:00:00+00:00,94.12100,95.36100,93.95100,95.27100,2117.00000
2026-06-08 01:15:00+00:00,95.25100,96.19100,95.18100,96.12100,2927.00000
2026-06-08 01:30:00+00:00,96.14100,96.52100,95.22100,95.33100,2604.00000
2026-06-08 01:45:00+00:00,95.34100,95.37100,94.94100,95.03100,1666.00000
2026-06-08 02:00:00+00:00,95.02100,95.49100,94.96100,95.45100,1291.00000
2026-06-08 02:15:00+00:00,95.44100,95.87100,95.33100,95.67100,1124.00000
2026-06-08 02:30:00+00:00,95.69100,96.10100,95.09100,95.11100,1837.00000
2026-06-08 02:45:00+00:00,95.12100,95.67100,95.02100,95.37100,1527.00000
2026-06-08 03:00:00+00:00,95.37100,95.75100,95.30100,95.52100,1256.00000
2026-06-08 03:15:00+00:00,95.52100,95.64100,95.34100,95.40100,790.00000
2026-06-08 03:30:00+00:00,95.39100,95.39100,95.10100,95.22100,1002.00000
2026-06-08 03:45:00+00:00,95.22100,95.34100,95.13300,95.26100,638.00000
2026-06-08 04:00:00+00:00,95.26100,95.63100,95.26100,95.52100,649.00000
2026-06-08 04:15:00+00:00,95.50100,95.82100,95.43100,95.71100,771.00000
2026-06-08 04:30:00+00:00,95.71100,96.29100,95.64100,96.15100,1385.00000
2026-06-08 04:45:00+00:00,96.13100,96.33100,96.01100,96.19100,948.00000
2026-06-08 05:00:00+00:00,96.18100,96.36100,95.93100,96.26100,1107.00000
2026-06-08 05:15:00+00:00,96.25100,96.25100,95.87100,95.95100,881.00000
2026-06-08 05:30:00+00:00,95.96100,96.57100,95.82100,96.38100,1891.00000
2026-06-08 05:45:00+00:00,96.39100,96.49100,96.20100,96.21100,1341.00000
2026-06-08 06:00:00+00:00,96.20100,96.41100,95.98100,96.07100,1863.00000
2026-06-08 06:15:00+00:00,96.07100,96.41100,95.68100,95.92100,1293.00000
2026-06-08 06:30:00+00:00,95.91100,96.56100,95.91100,96.23100,1485.00000
2026-06-08 06:45:00+00:00,96.24100,96.52100,96.15100,96.35100,1242.00000
2026-06-08 07:00:00+00:00,96.31100,96.65100,96.18100,96.36100,1576.00000
2026-06-08 07:15:00+00:00,96.35100,96.52100,95.94100,96.11100,1578.00000
2026-06-08 07:30:00+00:00,96.12100,96.30100,95.75100,96.12100,1648.00000
2026-06-08 07:45:00+00:00,96.11100,96.47100,96.01100,96.34100,1303.00000
2026-06-08 08:00:00+00:00,96.33100,96.97100,96.32100,96.80100,1852.00000
2026-06-08 08:15:00+00:00,96.82100,96.86100,96.20100,96.20100,2620.00000
2026-06-08 08:30:00+00:00,96.19100,96.62100,95.94100,96.52100,1785.00000
2026-06-08 08:45:00+00:00,96.51100,96.81100,96.40100,96.40100,1335.00000
2026-06-08 09:00:00+00:00,96.38100,96.49100,96.15100,96.16100,1304.00000
2026-06-08 09:15:00+00:00,96.15100,96.50100,96.10100,96.50100,857.00000
2026-06-08 09:30:00+00:00,96.49100,96.58100,95.97100,96.19100,1794.00000
2026-06-08 09:45:00+00:00,96.20100,96.64100,96.15100,96.41100,1290.00000
2026-06-08 10:00:00+00:00,96.42100,97.20100,95.91100,96.24100,2183.00000
2026-06-08 10:15:00+00:00,96.23100,96.44100,96.22100,96.27100,1380.00000
2026-06-08 10:30:00+00:00,96.28100,96.35100,95.22100,95.70100,2399.00000
2026-06-08 10:45:00+00:00,95.70100,95.89100,95.45100,95.50100,1461.00000
2026-06-08 11:00:00+00:00,95.48100,95.80100,93.97100,94.20100,2335.00000
2026-06-08 11:15:00+00:00,94.23100,94.38100,93.59100,93.60100,3797.00000
2026-06-08 11:30:00+00:00,93.58100,93.95100,93.14100,93.24100,2529.00000
2026-06-08 11:45:00+00:00,93.26100,93.44100,92.78500,92.96100,2263.00000
2026-06-08 12:00:00+00:00,92.97100,93.73100,92.79100,93.70100,2368.00000
2026-06-08 12:15:00+00:00,93.70100,93.84100,93.28100,93.33100,1900.00000
2026-06-08 12:30:00+00:00,93.31100,93.86100,93.15100,93.25100,1836.00000
2026-06-08 12:45:00+00:00,93.25100,93.69100,93.19100,93.64100,1495.00000
2026-06-08 13:00:00+00:00,93.67100,93.69100,93.20100,93.57100,2095.00000
2026-06-08 13:15:00+00:00,93.57100,93.80100,92.69100,92.96100,2257.00000
2026-06-08 13:30:00+00:00,92.98100,92.98100,92.12100,92.47100,3016.00000
2026-06-08 13:45:00+00:00,92.45100,93.00100,92.44100,92.79100,1897.00000
2026-06-08 14:00:00+00:00,92.77100,93.32100,92.71100,93.02100,2143.00000
2026-06-08 14:15:00+00:00,93.03100,93.23100,92.95100,93.15100,1796.00000
2026-06-08 14:30:00+00:00,93.19100,93.94100,93.15100,93.39100,1976.00000
2026-06-08 14:45:00+00:00,93.38100,93.65100,93.01100,93.50100,1516.00000
2026-06-08 15:00:00+00:00,93.51100,94.05100,93.40100,94.02100,1550.00000
2026-06-08 15:15:00+00:00,94.01100,94.11100,93.14100,93.58100,2383.00000
2026-06-08 15:30:00+00:00,93.59100,93.60100,93.18500,93.23100,1715.00000
2026-06-08 15:45:00+00:00,93.24100,93.39100,93.13100,93.34100,1253.00000
2026-06-08 16:00:00+00:00,93.35100,93.48100,92.97100,92.98100,1386.00000
2026-06-08 16:15:00+00:00,92.96100,93.51100,92.88100,93.49100,1333.00000
2026-06-08 16:30:00+00:00,93.48100,93.48100,92.78100,92.80100,1341.00000
2026-06-08 16:45:00+00:00,92.81100,93.14100,92.80100,93.14100,1056.00000
2026-06-08 17:00:00+00:00,93.14100,93.18100,92.89100,93.15100,1016.00000
2026-06-08 17:15:00+00:00,93.10100,93.14100,92.69100,92.70100,1237.00000
2026-06-08 17:30:00+00:00,92.71100,92.86100,92.56100,92.74100,1403.00000
2026-06-08 17:45:00+00:00,92.75100,92.86100,92.50100,92.86100,1033.00000
2026-06-08 18:00:00+00:00,92.85100,93.21100,92.85100,93.08100,1391.00000
2026-06-08 18:15:00+00:00,93.07100,93.22100,92.83100,93.00100,2172.00000
2026-06-08 18:30:00+00:00,92.99100,93.05100,92.64100,92.85100,1024.00000
2026-06-08 18:45:00+00:00,92.84100,92.95100,92.82100,92.88100,389.00000
2026-06-08 19:00:00+00:00,92.88100,92.96100,92.75100,92.91100,437.00000
2026-06-08 19:15:00+00:00,92.92100,93.07100,92.82100,93.06100,477.00000
2026-06-08 19:30:00+00:00,93.07100,93.23100,93.06100,93.13100,360.00000
2026-06-08 19:45:00+00:00,93.14100,93.18100,92.87100,92.98100,570.00000
2026-06-08 20:00:00+00:00,92.97100,93.22100,92.93100,93.09100,389.00000
2026-06-08 20:15:00+00:00,93.10100,93.26100,92.95100,92.97100,371.00000
2026-06-08 20:30:00+00:00,92.97100,93.05100,92.83100,92.89100,535.00000
2026-06-08 20:45:00+00:00,92.89100,93.07100,92.89100,93.00100,711.00000
2026-06-08 22:00:00+00:00,92.87700,93.13700,92.87700,93.00700,316.00000
2026-06-08 22:15:00+00:00,93.00700,93.08700,92.94700,93.03700,107.00000
2026-06-08 22:30:00+00:00,93.04700,93.04700,92.87700,92.89700,92.00000
2026-06-08 22:45:00+00:00,92.90700,93.01700,92.86700,92.97700,167.00000
2026-06-08 23:00:00+00:00,92.99700,93.02700,92.91700,92.94700,142.00000
2026-06-08 23:15:00+00:00,92.95700,93.01700,92.94700,92.97700,83.00000
2026-06-08 23:30:00+00:00,92.98700,93.02700,92.90700,92.99700,132.00000
2026-06-08 23:45:00+00:00,93.00700,93.03700,92.96700,92.97700,197.00000
2026-06-09 00:00:00+00:00,92.97700,93.06700,92.64700,92.71700,791.00000
2026-06-09 00:15:00+00:00,92.70700,92.80700,92.46700,92.52700,429.00000
2026-06-09 00:30:00+00:00,92.51700,92.60700,92.34700,92.36700,536.00000
2026-06-09 00:45:00+00:00,92.36700,92.98700,92.35700,92.64700,885.00000
2026-06-09 01:00:00+00:00,92.63700,92.73700,92.44700,92.61700,1205.00000
2026-06-09 01:15:00+00:00,92.60700,92.70700,92.43700,92.44700,789.00000
2026-06-09 01:30:00+00:00,92.44700,92.55700,92.37700,92.48700,940.00000
2026-06-09 01:45:00+00:00,92.46700,92.65700,92.19700,92.56700,885.00000
2026-06-09 02:00:00+00:00,92.55700,92.61700,92.13700,92.34700,879.00000
2026-06-09 02:15:00+00:00,92.35700,92.55700,92.35700,92.52700,527.00000
2026-06-09 02:30:00+00:00,92.51700,92.51700,92.09700,92.25700,899.00000
2026-06-09 02:45:00+00:00,92.23700,92.31700,92.18700,92.23700,471.00000
2026-06-09 03:00:00+00:00,92.23700,92.31700,91.93700,92.01700,880.00000
2026-06-09 03:15:00+00:00,92.02700,92.06700,91.91700,91.99700,835.00000
2026-06-09 03:30:00+00:00,92.00700,92.00700,91.56700,91.59700,938.00000
2026-06-09 03:45:00+00:00,91.59700,91.80700,91.46700,91.75700,751.00000
2026-06-09 04:00:00+00:00,91.74700,91.81700,91.63700,91.81700,352.00000
2026-06-09 04:15:00+00:00,91.82700,91.88700,91.73700,91.83700,412.00000
2026-06-09 04:30:00+00:00,91.84700,91.97700,91.62700,91.68700,771.00000
2026-06-09 04:45:00+00:00,91.69700,91.88700,91.67700,91.87700,450.00000
2026-06-09 05:00:00+00:00,91.86700,91.96700,91.72700,91.77700,391.00000
2026-06-09 05:15:00+00:00,91.78700,91.82700,91.49700,91.63700,899.00000
2026-06-09 05:30:00+00:00,91.60700,91.74700,91.42700,91.52700,1536.00000
2026-06-09 05:45:00+00:00,91.53700,91.78700,91.43700,91.74700,1105.00000
2026-06-09 06:00:00+00:00,91.75700,91.76700,91.35700,91.58700,1127.00000
2026-06-09 06:15:00+00:00,91.59700,91.59700,91.25700,91.51700,1130.00000
2026-06-09 06:30:00+00:00,91.50700,91.72700,91.33700,91.46700,1252.00000
2026-06-09 06:45:00+00:00,91.46700,91.74700,91.35700,91.51700,1069.00000
2026-06-09 07:00:00+00:00,91.51700,91.70700,91.26700,91.63700,1446.00000
2026-06-09 07:15:00+00:00,91.63700,91.70700,91.31700,91.32700,1110.00000
2026-06-09 07:30:00+00:00,91.33700,91.37700,90.96700,91.00700,1351.00000
2026-06-09 07:45:00+00:00,90.99700,91.46700,90.95700,91.30700,1250.00000
2026-06-09 08:00:00+00:00,91.34700,91.50700,90.86700,91.02700,1862.00000
2026-06-09 08:15:00+00:00,91.03700,91.08700,90.66700,90.84700,2269.00000
2026-06-09 08:30:00+00:00,90.83700,90.99700,90.42700,90.61700,1753.00000
2026-06-09 08:45:00+00:00,90.61700,91.04700,90.60700,90.86700,1232.00000
2026-06-09 09:00:00+00:00,90.85700,90.96700,90.49700,90.57700,1273.00000
2026-06-09 09:15:00+00:00,90.56700,90.69700,90.44700,90.49700,1139.00000
2026-06-09 09:30:00+00:00,90.48700,90.72700,90.41700,90.71700,1093.00000
2026-06-09 09:45:00+00:00,90.70700,90.82700,90.43700,90.76700,1106.00000
2026-06-09 10:00:00+00:00,90.77700,91.06700,90.68700,90.94700,1420.00000
2026-06-09 10:15:00+00:00,90.93700,90.99700,90.72700,90.84700,871.00000
2026-06-09 10:30:00+00:00,90.85700,90.97700,90.77700,90.90700,761.00000
2026-06-09 10:45:00+00:00,90.90700,90.92700,90.32700,90.60700,1341.00000
2026-06-09 11:00:00+00:00,90.58700,90.90700,90.57700,90.83700,1123.00000
2026-06-09 11:15:00+00:00,90.83700,91.20700,90.79700,90.98700,953.00000
2026-06-09 11:30:00+00:00,90.98700,91.30700,90.91700,91.26700,1239.00000
2026-06-09 11:45:00+00:00,91.25700,91.39700,91.13700,91.17700,1229.00000
2026-06-09 12:00:00+00:00,91.16700,91.17700,90.81700,91.07700,1198.00000
2026-06-09 12:15:00+00:00,91.06700,91.24700,90.89700,91.20700,1260.00000
2026-06-09 12:30:00+00:00,91.21700,91.28700,90.66700,91.00700,1476.00000
2026-06-09 12:45:00+00:00,91.00700,91.05700,90.47700,90.64700,1251.00000
2026-06-09 13:00:00+00:00,90.63700,91.15700,90.50700,90.64700,2586.00000
2026-06-09 13:15:00+00:00,90.63700,90.66700,90.27700,90.35700,1994.00000
2026-06-09 13:30:00+00:00,90.34700,90.39700,89.97700,89.98700,2374.00000
2026-06-09 13:45:00+00:00,89.99700,90.03700,89.07700,89.45700,3365.00000
2026-06-09 14:00:00+00:00,89.45700,89.60700,89.05700,89.58700,2496.00000
2026-06-09 14:15:00+00:00,89.57700,89.81700,89.11700,89.11700,2472.00000
2026-06-09 14:30:00+00:00,89.11700,89.65700,88.99700,89.64700,2421.00000
2026-06-09 14:45:00+00:00,89.65700,89.69700,89.27700,89.38700,1933.00000
2026-06-09 15:00:00+00:00,89.36700,89.48700,89.07700,89.17700,1614.00000
2026-06-09 15:15:00+00:00,89.16700,89.51700,88.99700,89.36700,2176.00000
2026-06-09 15:30:00+00:00,89.33700,89.44700,89.09700,89.16700,2066.00000
2026-06-09 15:45:00+00:00,89.15700,89.18700,88.30700,88.32700,1986.00000
2026-06-09 16:00:00+00:00,88.30700,88.32700,87.57700,87.76700,2761.00000
2026-06-09 16:15:00+00:00,87.78700,88.21700,87.73700,88.15700,1838.00000
2026-06-09 16:30:00+00:00,88.16700,90.88700,87.90700,89.56700,5170.00000
2026-06-09 16:45:00+00:00,89.57700,90.04700,89.15700,89.47700,4786.00000
2026-06-09 17:00:00+00:00,89.50700,89.99700,89.24700,89.64700,3520.00000
2026-06-09 17:15:00+00:00,89.65700,89.75700,88.72700,89.16700,3178.00000
2026-06-09 17:30:00+00:00,89.17700,89.95700,89.10700,89.87700,2379.00000
2026-06-09 17:45:00+00:00,89.87700,90.10700,89.73700,89.75700,2365.00000
2026-06-09 18:00:00+00:00,89.74700,90.15700,89.56700,89.98700,2028.00000
2026-06-09 18:15:00+00:00,89.98700,90.22700,89.68700,89.76700,2505.00000
2026-06-09 18:30:00+00:00,89.78700,89.96700,89.60700,89.73700,1305.00000
2026-06-09 18:45:00+00:00,89.73700,89.87700,89.60700,89.67700,810.00000
2026-06-09 19:00:00+00:00,89.67700,89.82700,89.54700,89.75700,705.00000
2026-06-09 19:15:00+00:00,89.76700,89.78700,89.61700,89.75700,693.00000
2026-06-09 19:30:00+00:00,89.77700,89.90700,89.66700,89.87700,508.00000
2026-06-09 19:45:00+00:00,89.87700,90.21700,89.86700,89.90700,1270.00000
2026-06-09 20:00:00+00:00,89.92700,90.15700,89.84700,90.13700,870.00000
2026-06-09 20:15:00+00:00,90.04700,90.16700,90.01700,90.07700,394.00000
2026-06-09 20:30:00+00:00,90.05700,90.29700,89.94700,90.26700,792.00000
2026-06-09 20:45:00+00:00,90.25700,90.36700,90.23700,90.31700,559.00000
2026-06-09 22:00:00+00:00,90.95200,91.36200,90.26200,90.42200,1382.00000
2026-06-09 22:15:00+00:00,90.42200,90.48200,90.11200,90.32200,453.00000
2026-06-09 22:30:00+00:00,90.34200,90.58200,90.32200,90.48200,466.00000
2026-06-09 22:45:00+00:00,90.50200,90.74200,90.49200,90.60200,321.00000
2026-06-09 23:00:00+00:00,90.59200,90.63200,90.32200,90.46200,232.00000
2026-06-09 23:15:00+00:00,90.44200,90.70200,90.41200,90.64200,338.00000
2026-06-09 23:30:00+00:00,90.64200,90.64200,90.45200,90.48200,149.00000
2026-06-09 23:45:00+00:00,90.51200,90.78200,90.49200,90.65200,278.00000
2026-06-10 00:00:00+00:00,90.67200,90.88200,90.33200,90.76200,1141.00000
2026-06-10 00:15:00+00:00,90.77200,91.28200,90.77200,91.11200,834.00000
2026-06-10 00:30:00+00:00,91.10200,91.43200,91.09200,91.27200,663.00000
2026-06-10 00:45:00+00:00,91.26200,91.27200,90.26200,90.34200,955.00000
2026-06-10 01:00:00+00:00,90.31200,90.58200,90.01200,90.20200,1555.00000
2026-06-10 01:15:00+00:00,90.19200,90.30200,89.77200,90.17200,1058.00000
2026-06-10 01:30:00+00:00,90.15200,90.51200,90.12200,90.48200,662.00000
2026-06-10 01:45:00+00:00,90.47200,90.83200,90.44200,90.75200,864.00000
2026-06-10 02:00:00+00:00,90.74200,90.88200,90.52200,90.54200,743.00000
2026-06-10 02:15:00+00:00,90.53200,90.58200,90.23200,90.43200,494.00000
2026-06-10 02:30:00+00:00,90.42200,90.52200,90.30200,90.30200,502.00000
2026-06-10 02:45:00+00:00,90.28200,90.48200,90.23200,90.45200,435.00000
2026-06-10 03:00:00+00:00,90.44200,90.59200,90.31200,90.49200,359.00000
2026-06-10 03:15:00+00:00,90.49200,90.63200,90.40200,90.51200,444.00000
2026-06-10 03:30:00+00:00,90.50200,90.51200,90.22200,90.39200,480.00000
2026-06-10 03:45:00+00:00,90.40200,90.40200,90.06200,90.10200,385.00000
2026-06-10 04:00:00+00:00,90.09200,90.31200,90.09200,90.20200,289.00000
2026-06-10 04:15:00+00:00,90.20200,90.36200,90.15200,90.35200,402.00000
2026-06-10 04:30:00+00:00,90.36200,90.42200,90.14200,90.19200,472.00000
2026-06-10 04:45:00+00:00,90.18200,90.27200,90.12200,90.16200,372.00000
2026-06-10 05:00:00+00:00,90.15200,90.25200,89.92200,90.05200,640.00000
2026-06-10 05:15:00+00:00,90.05200,90.11200,89.56200,89.66200,755.00000
2026-06-10 05:30:00+00:00,89.65200,89.74200,89.37200,89.62200,1228.00000
2026-06-10 05:45:00+00:00,89.62200,89.74200,89.43200,89.55200,804.00000
2026-06-10 06:00:00+00:00,89.56200,89.64200,89.30200,89.45200,1191.00000
2026-06-10 06:15:00+00:00,89.45200,89.51200,89.11200,89.39200,980.00000
2026-06-10 06:30:00+00:00,89.37200,89.63200,89.29200,89.45200,1085.00000
2026-06-10 06:45:00+00:00,89.47200,89.78200,89.44200,89.73200,718.00000
2026-06-10 07:00:00+00:00,89.76200,89.76200,89.25200,89.31200,1110.00000
2026-06-10 07:15:00+00:00,89.31200,89.74200,89.17200,89.68200,1258.00000
2026-06-10 07:30:00+00:00,89.68200,90.16200,89.68200,89.86200,1305.00000
2026-06-10 07:45:00+00:00,89.86200,89.98200,89.49200,89.51200,1287.00000
2026-06-10 08:00:00+00:00,89.46200,90.08200,89.44200,90.03200,1475.00000
2026-06-10 08:15:00+00:00,90.03200,90.32200,89.88200,90.06200,2154.00000
2026-06-10 08:30:00+00:00,90.10200,90.20200,89.46200,89.53200,1483.00000
2026-06-10 08:45:00+00:00,89.54200,89.55200,88.88200,89.15200,1564.00000
2026-06-10 09:00:00+00:00,89.16200,89.23200,88.88200,89.21200,1137.00000
2026-06-10 09:15:00+00:00,89.21200,89.31200,88.92200,89.25200,1292.00000
2026-06-10 09:30:00+00:00,89.25200,89.97200,89.06200,89.86200,1471.00000
2026-06-10 09:45:00+00:00,89.85200,89.86200,89.35200,89.40200,1081.00000
2026-06-10 10:00:00+00:00,89.38200,89.78200,89.34200,89.77200,1291.00000
2026-06-10 10:15:00+00:00,89.76200,89.95200,89.60200,89.64200,914.00000
2026-06-10 10:30:00+00:00,89.63200,89.76200,89.32200,89.32200,1050.00000
2026-06-10 10:45:00+00:00,89.30200,89.57200,89.23200,89.50200,1097.00000
2026-06-10 11:00:00+00:00,89.49200,91.41200,89.25200,90.86200,4392.00000
2026-06-10 11:15:00+00:00,90.87200,91.85200,90.43200,91.33200,3893.00000
2026-06-10 11:30:00+00:00,91.35200,91.75200,91.13200,91.53200,2811.00000
2026-06-10 11:45:00+00:00,91.53200,91.61200,91.24200,91.51200,1912.00000
2026-06-10 12:00:00+00:00,91.54200,91.58200,91.04200,91.30200,2341.00000
2026-06-10 12:15:00+00:00,91.31200,91.39200,91.06200,91.21200,1869.00000
2026-06-10 12:30:00+00:00,91.21200,91.29200,90.51200,90.69200,2392.00000
2026-06-10 12:45:00+00:00,90.70200,90.71200,90.19200,90.57200,2144.00000
2026-06-10 13:00:00+00:00,90.56200,91.11200,90.39200,91.01200,2036.00000
2026-06-10 13:15:00+00:00,91.02200,91.03200,90.73200,90.83200,1367.00000
2026-06-10 13:30:00+00:00,90.86200,91.07200,90.64200,90.78200,2043.00000
2026-06-10 13:45:00+00:00,90.77200,91.36200,90.68200,91.27200,1916.00000
2026-06-10 14:00:00+00:00,91.27200,91.46200,91.14200,91.27200,1650.00000
2026-06-10 14:15:00+00:00,91.26200,91.40200,90.98200,91.19200,1733.00000
2026-06-10 14:30:00+00:00,91.19200,91.76200,91.14200,91.72200,1854.00000
2026-06-10 14:45:00+00:00,91.72200,91.87200,91.39200,91.74200,1640.00000
2026-06-10 15:00:00+00:00,91.76200,91.78200,91.09200,91.22200,1844.00000
2026-06-10 15:15:00+00:00,91.23200,91.38200,90.90200,91.03200,1790.00000
2026-06-10 15:30:00+00:00,91.02200,91.54200,90.85200,91.48200,1699.00000
2026-06-10 15:45:00+00:00,91.49200,92.95200,91.39200,92.11200,4553.00000
2026-06-10 16:00:00+00:00,92.10200,92.72200,92.02200,92.50200,2744.00000
2026-06-10 16:15:00+00:00,92.51200,92.58200,92.15200,92.40200,1698.00000
2026-06-10 16:30:00+00:00,92.41200,92.60200,92.39200,92.47200,1417.00000
2026-06-10 16:45:00+00:00,92.48200,92.72200,92.45200,92.53200,1222.00000
2026-06-10 17:00:00+00:00,92.51200,92.74200,92.31200,92.68200,1306.00000
2026-06-10 17:15:00+00:00,92.68200,92.93200,92.68200,92.91200,1032.00000
2026-06-10 17:30:00+00:00,92.92200,93.20200,92.91200,93.09200,1229.00000
2026-06-10 17:45:00+00:00,93.08200,93.27200,92.34200,92.39200,2093.00000
2026-06-10 18:00:00+00:00,92.37200,92.38200,91.89200,91.97200,1808.00000
2026-06-10 18:15:00+00:00,91.98200,92.36200,91.29200,91.42200,2282.00000
2026-06-10 18:30:00+00:00,91.40200,91.97200,91.40200,91.67200,1646.00000
2026-06-10 18:45:00+00:00,91.66200,91.82200,91.60200,91.67200,883.00000
2026-06-10 19:00:00+00:00,91.67200,92.05200,91.61200,91.83200,776.00000
2026-06-10 19:15:00+00:00,91.82200,91.98200,91.80200,91.86200,612.00000
2026-06-10 19:30:00+00:00,91.87200,92.07200,91.84200,91.99200,539.00000
2026-06-10 19:45:00+00:00,91.99200,92.09200,91.89200,91.90200,579.00000
2026-06-10 20:00:00+00:00,91.90200,92.41200,91.75200,92.40200,1126.00000
2026-06-10 20:15:00+00:00,92.41200,92.62200,92.30200,92.52200,817.00000
2026-06-10 20:30:00+00:00,92.52200,93.02200,92.47600,92.92200,848.00000
2026-06-10 20:45:00+00:00,92.91200,93.34200,92.90200,93.25200,1121.00000
2026-06-10 22:00:00+00:00,93.37700,93.75700,93.24700,93.59700,827.00000
2026-06-10 22:15:00+00:00,93.56700,93.78700,93.48700,93.66700,477.00000
2026-06-10 22:30:00+00:00,93.66700,93.89700,93.37700,93.75700,582.00000
2026-06-10 22:45:00+00:00,93.75700,94.69700,93.66700,94.68700,1120.00000
2026-06-10 23:00:00+00:00,94.68700,94.91700,94.41100,94.85700,875.00000
2026-06-10 23:15:00+00:00,94.86700,94.97700,93.86700,94.00700,1607.00000
2026-06-10 23:30:00+00:00,94.03700,94.44700,93.91400,94.16700,747.00000
2026-06-10 23:45:00+00:00,94.18700,94.37700,93.81700,93.85700,605.00000
2026-06-11 00:00:00+00:00,93.75700,94.10700,93.62700,93.92700,1542.00000
2026-06-11 00:15:00+00:00,93.92700,93.93700,93.27700,93.73700,1826.00000
2026-06-11 00:30:00+00:00,93.72700,93.93700,93.52700,93.74700,1310.00000
2026-06-11 00:45:00+00:00,93.72700,93.77700,93.49700,93.69700,1180.00000
2026-06-11 01:00:00+00:00,93.69700,93.74700,92.88700,93.11700,2565.00000
2026-06-11 01:15:00+00:00,93.13700,93.19700,92.84700,92.91700,1400.00000
2026-06-11 01:30:00+00:00,92.93700,93.02700,92.57700,92.72700,1540.00000
2026-06-11 01:45:00+00:00,92.74700,93.05700,92.72700,93.00700,1187.00000
2026-06-11 02:00:00+00:00,92.99700,93.04700,92.78700,93.04700,1228.00000
2026-06-11 02:15:00+00:00,93.05700,93.34700,93.01700,93.21700,1215.00000
2026-06-11 02:30:00+00:00,93.21700,93.25700,92.91700,93.13700,1086.00000
2026-06-11 02:45:00+00:00,93.14700,93.20700,92.81700,92.92700,927.00000
2026-06-11 03:00:00+00:00,92.93700,93.10700,92.88700,93.06700,698.00000
2026-06-11 03:15:00+00:00,93.07700,93.31700,92.98700,93.22700,863.00000
2026-06-11 03:30:00+00:00,93.22700,93.46700,93.12700,93.37700,834.00000
2026-06-11 03:45:00+00:00,93.38700,93.38700,93.07700,93.17700,599.00000
2026-06-11 04:00:00+00:00,93.17700,93.30700,93.12700,93.18700,493.00000
2026-06-11 04:15:00+00:00,93.18700,93.19700,92.94700,92.97700,763.00000
2026-06-11 04:30:00+00:00,92.96700,93.04700,92.48700,92.58700,815.00000
2026-06-11 04:45:00+00:00,92.59700,92.62700,92.36700,92.47700,913.00000
2026-06-11 05:00:00+00:00,92.46700,92.53700,92.27700,92.42700,855.00000
2026-06-11 05:15:00+00:00,92.43700,92.48700,92.12700,92.30700,933.00000
2026-06-11 05:30:00+00:00,92.30700,92.30700,91.94700,92.00700,1532.00000
2026-06-11 05:45:00+00:00,92.01700,92.05700,91.70700,91.98700,1520.00000
2026-06-11 06:00:00+00:00,91.99700,92.31700,91.95700,92.10700,1290.00000
2026-06-11 06:15:00+00:00,92.09700,92.18700,91.80700,91.84700,990.00000
2026-06-11 06:30:00+00:00,91.84700,92.03700,91.75700,91.92700,1125.00000
2026-06-11 06:45:00+00:00,91.90700,92.02700,91.76700,91.83700,1254.00000
2026-06-11 07:00:00+00:00,91.83700,91.87700,91.46700,91.70700,1667.00000
2026-06-11 07:15:00+00:00,91.70700,91.77700,91.18700,91.21700,1500.00000
2026-06-11 07:30:00+00:00,91.21700,91.21700,90.77700,90.94700,1854.00000
2026-06-11 07:45:00+00:00,90.95700,91.20700,90.88700,91.19700,1316.00000
2026-06-11 08:00:00+00:00,91.22700,91.26700,90.74700,90.78700,1766.00000
2026-06-11 08:15:00+00:00,90.79700,90.91700,90.44700,90.86700,2412.00000
2026-06-11 08:30:00+00:00,90.84700,90.91700,90.13700,90.25700,2147.00000
2026-06-11 08:45:00+00:00,90.26700,90.54700,90.16700,90.45700,1510.00000
2026-06-11 09:00:00+00:00,90.44700,90.98700,90.44700,90.90700,1593.00000
2026-06-11 09:15:00+00:00,90.90700,90.96700,90.69700,90.76700,1223.00000
2026-06-11 09:30:00+00:00,90.75700,91.12700,90.73700,91.00700,1061.00000
2026-06-11 09:45:00+00:00,91.01700,91.09700,90.42700,90.65700,1405.00000
2026-06-11 10:00:00+00:00,90.66700,90.83700,90.46700,90.68700,1270.00000
2026-06-11 10:15:00+00:00,90.69700,90.84700,90.37700,90.63700,1411.00000
2026-06-11 10:30:00+00:00,90.62700,90.63700,90.12700,90.53700,1625.00000
2026-06-11 10:45:00+00:00,90.52700,90.70700,90.31700,90.31700,1308.00000
2026-06-11 11:00:00+00:00,90.32700,90.61700,90.23700,90.52700,1330.00000
2026-06-11 11:15:00+00:00,90.53700,90.73700,90.28700,90.50700,1433.00000
2026-06-11 11:30:00+00:00,90.51700,90.62700,89.99700,90.19700,2177.00000
2026-06-11 11:45:00+00:00,90.17700,90.41700,90.14700,90.40700,1231.00000
2026-06-11 12:00:00+00:00,90.42700,90.49700,90.31700,90.38700,1380.00000
2026-06-11 12:15:00+00:00,90.39700,92.75700,90.38700,91.94700,4361.00000
2026-06-11 12:30:00+00:00,91.96700,92.59700,91.72700,92.13700,3908.00000
2026-06-11 12:45:00+00:00,92.14700,92.30700,91.24700,91.40700,3779.00000
2026-06-11 13:00:00+00:00,91.41700,91.85700,91.34700,91.76700,2614.00000
2026-06-11 13:15:00+00:00,91.77700,92.02700,91.42700,91.55700,1708.00000
2026-06-11 13:30:00+00:00,91.56700,91.60700,90.79100,91.02700,2814.00000
2026-06-11 13:45:00+00:00,91.03700,91.08700,90.41700,90.71700,3279.00000
2026-06-11 14:00:00+00:00,90.70700,91.43700,90.70700,91.19700,2705.00000
2026-06-11 14:15:00+00:00,91.18700,91.57700,91.09700,91.50700,2471.00000
2026-06-11 14:30:00+00:00,91.48700,91.76700,91.41700,91.59700,2092.00000
2026-06-11 14:45:00+00:00,91.57700,91.64700,91.26700,91.43700,1879.00000
2026-06-11 15:00:00+00:00,91.43700,91.84700,91.32700,91.84700,2693.00000
2026-06-11 15:15:00+00:00,91.84700,91.91700,91.55700,91.83700,2305.00000
2026-06-11 15:30:00+00:00,91.81700,92.56700,91.72700,92.41700,2580.00000
2026-06-11 15:45:00+00:00,92.40700,92.52700,92.16700,92.20700,1731.00000
2026-06-11 16:00:00+00:00,92.18700,92.37700,92.01700,92.34700,1609.00000
2026-06-11 16:15:00+00:00,92.33700,92.83700,92.22700,92.54700,1474.00000
2026-06-11 16:30:00+00:00,92.54700,92.78700,92.39700,92.40700,1539.00000
2026-06-11 16:45:00+00:00,92.38700,92.40700,92.03700,92.20700,1803.00000
2026-06-11 17:00:00+00:00,92.21700,92.27700,91.68700,91.72700,2005.00000
2026-06-11 17:15:00+00:00,91.74700,91.76700,89.66700,89.68700,2125.00000
2026-06-11 17:30:00+00:00,89.70700,89.71700,87.89700,88.07700,7498.00000
2026-06-11 17:45:00+00:00,88.06700,88.82700,87.96700,88.74700,4365.00000
2026-06-11 18:00:00+00:00,88.77700,89.63700,88.70700,88.92700,4408.00000
2026-06-11 18:15:00+00:00,88.91700,89.21700,88.47700,89.17700,4558.00000
2026-06-11 18:30:00+00:00,89.16700,89.66700,89.13700,89.42700,2530.00000
2026-06-11 18:45:00+00:00,89.43700,89.50700,89.12700,89.16700,1639.00000
2026-06-11 19:00:00+00:00,89.15700,89.21700,88.50700,88.98700,2373.00000
2026-06-11 19:15:00+00:00,88.97700,88.97700,88.05700,88.10700,3123.00000
2026-06-11 19:30:00+00:00,88.09700,88.10700,87.19700,87.64700,3844.00000
2026-06-11 19:45:00+00:00,87.63700,87.98700,87.59700,87.89700,2476.00000
2026-06-11 20:00:00+00:00,87.88700,87.94700,87.43700,87.58700,1976.00000
2026-06-11 20:15:00+00:00,87.58700,87.72700,87.09700,87.33700,1459.00000
2026-06-11 20:30:00+00:00,87.34700,87.88700,87.25700,87.71700,1533.00000
2026-06-11 20:45:00+00:00,87.70700,87.93700,87.62700,87.83700,1391.00000
2026-06-11 22:00:00+00:00,87.66200,87.66200,86.37200,86.96200,1387.00000
2026-06-11 22:15:00+00:00,86.97200,87.29200,86.85200,87.29200,700.00000
2026-06-11 22:30:00+00:00,87.28200,87.33200,86.91200,87.02200,516.00000
2026-06-11 22:45:00+00:00,87.00200,87.19200,86.94200,87.17200,301.00000
2026-06-11 23:00:00+00:00,87.17200,87.18200,86.92200,87.06200,411.00000
2026-06-11 23:15:00+00:00,87.09200,87.12200,87.02200,87.07200,238.00000
2026-06-11 23:30:00+00:00,87.08200,87.30200,87.07200,87.25200,240.00000
2026-06-11 23:45:00+00:00,87.23200,87.42200,87.23200,87.30200,207.00000
2026-06-12 00:00:00+00:00,87.28200,87.67200,87.28200,87.47200,948.00000
2026-06-12 00:15:00+00:00,87.47200,87.59200,87.41200,87.51200,622.00000
2026-06-12 00:30:00+00:00,87.51200,87.82200,87.48200,87.67200,528.00000
2026-06-12 00:45:00+00:00,87.66200,87.97200,87.56000,87.87200,631.00000
2026-06-12 01:00:00+00:00,87.87200,88.15200,87.87200,88.01200,1770.00000
2026-06-12 01:15:00+00:00,88.00200,88.09200,87.89200,87.92200,659.00000
2026-06-12 01:30:00+00:00,87.92200,88.12200,87.81200,88.10200,685.00000
2026-06-12 01:45:00+00:00,88.08200,88.11200,87.89200,88.04200,714.00000
2026-06-12 02:00:00+00:00,88.05200,88.09200,87.90200,88.00200,604.00000
2026-06-12 02:15:00+00:00,88.00200,88.13200,88.00200,88.12200,287.00000
2026-06-12 02:30:00+00:00,88.11200,88.11200,87.97200,87.98200,411.00000
2026-06-12 02:45:00+00:00,87.97200,88.00200,87.74200,87.97200,523.00000
2026-06-12 03:00:00+00:00,87.97200,88.20200,87.94200,88.12200,597.00000
2026-06-12 03:15:00+00:00,88.10200,88.21200,87.92200,87.95200,506.00000
2026-06-12 03:30:00+00:00,87.95200,87.99200,87.68200,87.83200,610.00000
2026-06-12 03:45:00+00:00,87.82200,87.84200,87.46200,87.49200,681.00000
2026-06-12 04:00:00+00:00,87.46200,87.58200,87.31200,87.33200,632.00000
2026-06-12 04:15:00+00:00,87.34200,87.50200,87.32200,87.41200,541.00000
2026-06-12 04:30:00+00:00,87.40200,87.52200,87.33200,87.46200,341.00000
2026-06-12 04:45:00+00:00,87.46200,87.60200,87.31200,87.32200,511.00000
2026-06-12 05:00:00+00:00,87.31200,87.33200,87.12200,87.23200,974.00000
2026-06-12 05:15:00+00:00,87.23200,87.36200,87.14200,87.16200,767.00000
2026-06-12 05:30:00+00:00,87.16200,87.39200,86.92200,87.04200,1322.00000
2026-06-12 05:45:00+00:00,87.01200,87.30200,86.97200,87.29200,1081.00000
2026-06-12 06:00:00+00:00,87.27200,87.29200,87.06200,87.27200,1135.00000
2026-06-12 06:15:00+00:00,87.28200,87.37200,87.05200,87.19200,1084.00000
2026-06-12 06:30:00+00:00,87.20200,87.29200,86.97200,87.23200,987.00000
2026-06-12 06:45:00+00:00,87.22200,87.38200,87.10200,87.32200,1074.00000
2026-06-12 07:00:00+00:00,87.31200,87.58200,87.21200,87.58200,1460.00000
2026-06-12 07:15:00+00:00,87.58200,87.62200,87.24200,87.29200,1230.00000
2026-06-12 07:30:00+00:00,87.28200,87.42200,86.68200,86.89200,1592.00000
2026-06-12 07:45:00+00:00,86.89200,86.98200,86.12600,86.43200,1865.00000
2026-06-12 08:00:00+00:00,86.41200,86.45200,85.52200,85.60200,2659.00000
2026-06-12 08:15:00+00:00,85.61200,85.85200,84.66200,84.69200,3530.00000
2026-06-12 08:30:00+00:00,84.65200,85.22200,84.44200,84.98200,2817.00000
2026-06-12 08:45:00+00:00,84.97200,85.24200,84.94200,85.10200,1871.00000
2026-06-12 09:00:00+00:00,85.11200,85.21200,84.85200,84.99200,1838.00000
2026-06-12 09:15:00+00:00,85.00200,85.32200,84.70200,85.04200,2034.00000
2026-06-12 09:30:00+00:00,85.03200,85.20200,84.80200,85.10200,1480.00000
2026-06-12 09:45:00+00:00,85.10200,85.45200,85.08200,85.39200,1375.00000
2026-06-12 10:00:00+00:00,85.41200,85.55200,85.25200,85.43200,1414.00000
2026-06-12 10:15:00+00:00,85.43200,86.27200,85.40200,86.14200,1911.00000
2026-06-12 10:30:00+00:00,86.16200,86.51200,85.92200,85.98200,2144.00000
2026-06-12 10:45:00+00:00,85.98200,86.13200,85.75200,85.93200,1278.00000
2026-06-12 11:00:00+00:00,85.91200,86.00200,85.60200,85.62200,1302.00000
2026-06-12 11:15:00+00:00,85.63200,85.68200,85.27600,85.53200,1419.00000
2026-06-12 11:30:00+00:00,85.52200,85.90200,85.41200,85.67200,1394.00000
2026-06-12 11:45:00+00:00,85.67200,86.44200,85.67200,86.13200,1542.00000
2026-06-12 12:00:00+00:00,86.12200,86.32200,85.95200,86.13200,1614.00000
2026-06-12 12:15:00+00:00,86.14200,86.47200,86.13200,86.47200,1377.00000
2026-06-12 12:30:00+00:00,86.48200,86.92200,86.46200,86.68200,1816.00000
2026-06-12 12:45:00+00:00,86.68200,86.85200,86.33200,86.35200,2123.00000
2026-06-12 13:00:00+00:00,86.33200,86.83200,86.19200,86.63200,1964.00000
2026-06-12 13:15:00+00:00,86.62200,86.74200,86.39200,86.57200,1361.00000
2026-06-12 13:30:00+00:00,86.57200,88.10200,86.54200,87.47200,3570.00000
2026-06-12 13:45:00+00:00,87.47200,88.28200,87.30200,88.24200,3213.00000
2026-06-12 14:00:00+00:00,88.27200,88.47200,87.62200,87.67200,2914.00000
2026-06-12 14:15:00+00:00,87.67200,88.00200,87.38200,87.70200,2130.00000
2026-06-12 14:30:00+00:00,87.72200,87.87200,87.35200,87.67200,2120.00000
2026-06-12 14:45:00+00:00,87.68200,87.90200,85.97200,86.18200,3963.00000
2026-06-12 15:00:00+00:00,86.16200,86.26200,85.65200,85.84200,3488.00000
2026-06-12 15:15:00+00:00,85.84200,85.95200,85.47200,85.70200,2740.00000
2026-06-12 15:30:00+00:00,85.69200,85.98200,85.47200,85.72200,2528.00000
2026-06-12 15:45:00+00:00,85.72200,85.83200,85.36200,85.65200,1925.00000
2026-06-12 16:00:00+00:00,85.65200,86.03200,85.43200,85.70200,2315.00000
2026-06-12 16:15:00+00:00,85.69200,86.06200,85.46200,86.03200,2137.00000
2026-06-12 16:30:00+00:00,86.02200,86.09200,85.81200,85.99200,1631.00000
2026-06-12 16:45:00+00:00,85.99200,86.24200,85.70200,86.09200,1591.00000
2026-06-12 17:00:00+00:00,86.09200,86.20200,85.71200,86.04200,1997.00000
2026-06-12 17:15:00+00:00,86.05200,86.19200,85.73200,85.78200,1569.00000
2026-06-12 17:30:00+00:00,85.79200,86.03200,85.78200,86.01200,1373.00000
2026-06-12 17:45:00+00:00,86.00200,86.28200,85.88200,86.14200,1448.00000
2026-06-12 18:00:00+00:00,86.14200,86.32200,85.95200,86.16200,1355.00000
2026-06-12 18:15:00+00:00,86.17200,86.26200,86.01200,86.11200,1753.00000
2026-06-12 18:30:00+00:00,86.12200,86.12200,85.58200,85.58200,946.00000
2026-06-12 18:45:00+00:00,85.60200,85.70200,85.56200,85.68200,631.00000
2026-06-12 19:00:00+00:00,85.69200,85.84200,85.56200,85.75200,590.00000
2026-06-12 19:15:00+00:00,85.75200,85.79200,85.65200,85.68200,469.00000
2026-06-12 19:30:00+00:00,85.67200,85.88200,85.53200,85.81200,840.00000
2026-06-12 19:45:00+00:00,85.80200,85.80200,85.49200,85.53200,837.00000
2026-06-12 20:00:00+00:00,85.54200,85.68200,85.50200,85.62200,443.00000
2026-06-12 20:15:00+00:00,85.61200,85.65200,85.44200,85.49200,371.00000
2026-06-12 20:30:00+00:00,85.50200,85.53200,85.44200,85.51200,396.00000
2026-06-12 20:45:00+00:00,85.51200,85.53200,85.42200,85.45200,625.00000
2026-06-14 22:00:00+00:00,83.06800,83.14800,81.11800,81.80800,3574.00000
2026-06-14 22:15:00+00:00,81.81800,82.33800,81.69800,82.21800,1501.00000
2026-06-14 22:30:00+00:00,82.21800,82.53800,82.18800,82.42800,1037.00000
2026-06-14 22:45:00+00:00,82.42800,82.44800,82.01800,82.13800,1285.00000
2026-06-14 23:00:00+00:00,82.13800,82.20800,81.74800,81.77800,911.00000
2026-06-14 23:15:00+00:00,81.77800,82.06800,81.76800,81.97800,524.00000
2026-06-14 23:30:00+00:00,81.98800,82.00800,81.88800,81.91800,407.00000
2026-06-14 23:45:00+00:00,81.92800,81.97800,81.74800,81.85800,348.00000
2026-06-15 00:00:00+00:00,81.84800,81.87800,81.29800,81.50800,1351.00000
2026-06-15 00:15:00+00:00,81.47800,81.74800,81.44800,81.70800,951.00000
2026-06-15 00:30:00+00:00,81.70800,82.01800,81.63800,81.98800,864.00000
2026-06-15 00:45:00+00:00,81.98800,82.07800,81.73800,81.83800,1050.00000
2026-06-15 01:00:00+00:00,81.83800,82.07800,81.57800,81.72800,2299.00000
2026-06-15 01:15:00+00:00,81.74800,81.78800,81.36800,81.49800,1316.00000
2026-06-15 01:30:00+00:00,81.49800,81.67800,81.35800,81.64800,979.00000
2026-06-15 01:45:00+00:00,81.64800,81.81800,81.60800,81.75800,987.00000
2026-06-15 02:00:00+00:00,81.75800,81.75800,81.37800,81.44800,736.00000
2026-06-15 02:15:00+00:00,81.44800,81.51800,81.19800,81.20800,587.00000
2026-06-15 02:30:00+00:00,81.20800,81.20800,80.90800,81.04800,997.00000
2026-06-15 02:45:00+00:00,81.05800,81.06800,80.86800,80.94800,936.00000
2026-06-15 03:00:00+00:00,80.94800,81.13800,80.86800,80.95800,919.00000
2026-06-15 03:15:00+00:00,80.94800,81.04800,80.86800,80.97800,764.00000
2026-06-15 03:30:00+00:00,80.97800,81.52800,80.97800,81.42800,1686.00000
2026-06-15 03:45:00+00:00,81.41800,81.51800,81.28800,81.38800,723.00000
2026-06-15 04:00:00+00:00,81.36800,81.48800,81.31800,81.38800,445.00000
2026-06-15 04:15:00+00:00,81.36800,81.50800,81.36800,81.45800,453.00000
2026-06-15 04:30:00+00:00,81.47800,81.56800,81.35800,81.43800,497.00000
2026-06-15 04:45:00+00:00,81.43800,81.49800,81.36800,81.40800,627.00000
2026-06-15 05:00:00+00:00,81.39800,81.71800,81.36800,81.65800,675.00000
2026-06-15 05:15:00+00:00,81.65800,81.76800,81.54800,81.66800,614.00000
2026-06-15 05:30:00+00:00,81.67800,81.78800,81.56800,81.73800,1151.00000
2026-06-15 05:45:00+00:00,81.72800,81.85800,81.51800,81.64800,1065.00000
2026-06-15 06:00:00+00:00,81.64800,81.97800,81.64800,81.76800,1499.00000
2026-06-15 06:15:00+00:00,81.76800,81.77800,81.31800,81.58800,1288.00000
2026-06-15 06:30:00+00:00,81.59800,81.71800,81.29800,81.43800,1356.00000
2026-06-15 06:45:00+00:00,81.41800,81.57800,81.31800,81.36800,1018.00000
2026-06-15 07:00:00+00:00,81.35800,81.53800,81.18800,81.21800,1388.00000
2026-06-15 07:15:00+00:00,81.22800,81.23800,80.67800,80.71800,1235.00000
2026-06-15 07:30:00+00:00,80.71800,81.04800,80.56800,80.95800,1199.00000
2026-06-15 07:45:00+00:00,80.96800,81.39800,80.94800,81.36800,1222.00000
2026-06-15 08:00:00+00:00,81.37800,81.70800,81.22800,81.56800,1656.00000
2026-06-15 08:15:00+00:00,81.57800,81.66800,81.11800,81.14800,2165.00000
2026-06-15 08:30:00+00:00,81.12800,81.38800,81.02800,81.15800,1713.00000
2026-06-15 08:45:00+00:00,81.14800,81.37800,81.02800,81.27800,1198.00000
2026-06-15 09:00:00+00:00,81.26800,81.27800,80.81800,81.20800,1707.00000
2026-06-15 09:15:00+00:00,81.20800,81.27800,80.93800,80.95800,1305.00000
2026-06-15 09:30:00+00:00,80.94800,81.21800,80.87800,81.21800,1221.00000
2026-06-15 09:45:00+00:00,81.21800,81.34800,80.92800,81.11800,1383.00000
2026-06-15 10:00:00+00:00,81.10800,81.16800,80.97800,81.08800,1052.00000
2026-06-15 10:15:00+00:00,81.08800,81.24800,80.91800,81.20800,1290.00000
2026-06-15 10:30:00+00:00,81.19800,81.38800,81.17800,81.33800,1077.00000
2026-06-15 10:45:00+00:00,81.31800,81.54800,81.22800,81.45800,1147.00000
2026-06-15 11:00:00+00:00,81.46800,81.46800,80.97800,81.06800,1364.00000
2026-06-15 11:15:00+00:00,81.06800,81.23800,80.98800,81.01800,1044.00000
2026-06-15 11:30:00+00:00,81.01800,81.33800,80.92800,81.30800,1083.00000
2026-06-15 11:45:00+00:00,81.29800,81.34800,81.09800,81.27800,1152.00000
2026-06-15 12:00:00+00:00,81.26800,81.47800,81.07800,81.15800,1333.00000
2026-06-15 12:15:00+00:00,81.15800,81.31800,80.98800,81.07800,1314.00000
2026-06-15 12:30:00+00:00,81.07800,81.10800,80.82800,80.89800,1165.00000
2026-06-15 12:45:00+00:00,80.88800,81.28800,80.88800,81.19800,1034.00000
2026-06-15 13:00:00+00:00,81.22800,81.32800,81.11800,81.30800,1416.00000
2026-06-15 13:15:00+00:00,81.30800,81.50800,81.24800,81.36800,1516.00000
2026-06-15 13:30:00+00:00,81.34800,81.51800,81.15800,81.35800,1912.00000
2026-06-15 13:45:00+00:00,81.36800,81.49800,81.07800,81.08800,1431.00000
2026-06-15 14:00:00+00:00,81.09800,81.20800,80.89800,81.12800,1500.00000
2026-06-15 14:15:00+00:00,81.13800,81.18800,80.68800,80.76800,1658.00000
2026-06-15 14:30:00+00:00,80.77800,80.83800,80.66200,80.77800,1404.00000
2026-06-15 14:45:00+00:00,80.77800,81.34800,80.73800,81.33800,1701.00000
2026-06-15 15:00:00+00:00,81.36800,81.72800,81.26800,81.48800,1956.00000
2026-06-15 15:15:00+00:00,81.47800,81.53800,81.19800,81.48800,1591.00000
2026-06-15 15:30:00+00:00,81.47800,81.62800,81.18800,81.36800,1798.00000
2026-06-15 15:45:00+00:00,81.35800,81.36800,81.01800,81.12800,1388.00000
2026-06-15 16:00:00+00:00,81.12800,81.23800,80.97800,81.01800,1225.00000
2026-06-15 16:15:00+00:00,81.01800,81.07800,80.88800,80.95800,1056.00000
2026-06-15 16:30:00+00:00,80.94800,81.33800,80.93800,81.26800,859.00000
2026-06-15 16:45:00+00:00,81.26800,81.36800,81.19800,81.35800,920.00000
2026-06-15 17:00:00+00:00,81.37800,81.57800,81.36800,81.43800,1001.00000
2026-06-15 17:15:00+00:00,81.43800,81.49800,81.23800,81.42800,913.00000
2026-06-15 17:30:00+00:00,81.42800,81.44800,81.14800,81.30800,1113.00000
2026-06-15 17:45:00+00:00,81.30800,81.49800,81.27800,81.43800,891.00000
2026-06-15 18:00:00+00:00,81.44800,81.50800,81.24800,81.26800,1214.00000
2026-06-15 18:15:00+00:00,81.26800,81.79800,81.22800,81.75800,1564.00000
2026-06-15 18:30:00+00:00,81.74800,81.86800,81.64800,81.83800,867.00000
2026-06-15 18:45:00+00:00,81.84800,81.86800,81.69800,81.73800,572.00000
2026-06-15 19:00:00+00:00,81.73800,81.85800,81.73800,81.79800,466.00000
2026-06-15 19:15:00+00:00,81.80800,82.04800,81.79800,81.94800,423.00000
2026-06-15 19:30:00+00:00,81.95800,82.31800,81.91800,82.21800,533.00000
2026-06-15 19:45:00+00:00,82.21800,82.32800,82.16800,82.17800,638.00000
2026-06-15 20:00:00+00:00,82.18800,82.47800,82.15800,82.28800,680.00000
2026-06-15 20:15:00+00:00,82.29800,82.32800,82.14800,82.17800,294.00000
2026-06-15 20:30:00+00:00,82.18800,82.23800,82.02800,82.03800,377.00000
2026-06-15 20:45:00+00:00,82.04800,82.13800,81.96800,81.99800,417.00000
2026-06-15 22:00:00+00:00,81.85300,81.94300,81.66300,81.85300,283.00000
2026-06-15 22:15:00+00:00,81.86300,82.17300,81.86300,82.04300,210.00000
2026-06-15 22:30:00+00:00,82.01300,82.17300,82.00300,82.10300,154.00000
2026-06-15 22:45:00+00:00,82.09300,82.20300,82.05300,82.14300,111.00000
2026-06-15 23:00:00+00:00,82.14300,82.16300,82.03300,82.13300,89.00000
2026-06-15 23:15:00+00:00,82.14300,82.20300,82.12300,82.12300,67.00000
2026-06-15 23:30:00+00:00,82.11300,82.25300,82.11300,82.24300,75.00000
2026-06-15 23:45:00+00:00,82.23300,82.27300,82.16300,82.25300,126.00000
2026-06-16 00:00:00+00:00,82.25300,82.25300,81.93500,82.03300,428.00000
2026-06-16 00:15:00+00:00,82.05300,82.20300,82.02300,82.06300,355.00000
2026-06-16 00:30:00+00:00,82.06300,82.08300,81.95300,82.05300,333.00000
2026-06-16 00:45:00+00:00,82.07300,82.13300,82.00300,82.05300,328.00000
2026-06-16 01:00:00+00:00,82.04300,82.11300,81.67300,81.96300,1207.00000
2026-06-16 01:15:00+00:00,81.95300,81.95300,81.72300,81.75300,532.00000
2026-06-16 01:30:00+00:00,81.74300,81.89300,81.68300,81.69300,618.00000
2026-06-16 01:45:00+00:00,81.69300,81.83300,81.58300,81.64300,712.00000
2026-06-16 02:00:00+00:00,81.64300,81.71300,81.53300,81.57300,461.00000
2026-06-16 02:15:00+00:00,81.57300,81.70300,81.49300,81.65300,281.00000
2026-06-16 02:30:00+00:00,81.63300,81.71300,81.53300,81.62300,462.00000
2026-06-16 02:45:00+00:00,81.60300,81.60300,81.30300,81.44300,816.00000
2026-06-16 03:00:00+00:00,81.42300,81.48300,81.32300,81.39300,471.00000
2026-06-16 03:15:00+00:00,81.38300,81.46300,81.33100,81.41300,567.00000
2026-06-16 03:30:00+00:00,81.40300,81.44300,81.34300,81.36300,296.00000
2026-06-16 03:45:00+00:00,81.36300,81.42300,81.30300,81.41300,235.00000
2026-06-16 04:00:00+00:00,81.42300,81.55300,81.40300,81.43300,438.00000
2026-06-16 04:15:00+00:00,81.42300,81.45300,81.35300,81.40300,272.00000
2026-06-16 04:30:00+00:00,81.40300,81.46300,81.37300,81.42300,284.00000
2026-06-16 04:45:00+00:00,81.41300,81.49300,81.32300,81.34300,322.00000
2026-06-16 05:00:00+00:00,81.34300,81.36300,81.27300,81.33300,253.00000
2026-06-16 05:15:00+00:00,81.33300,81.34300,81.11300,81.13300,373.00000
2026-06-16 05:30:00+00:00,81.15300,81.24300,81.02300,81.20300,802.00000
2026-06-16 05:45:00+00:00,81.20300,81.23300,81.04300,81.20300,721.00000
2026-06-16 06:00:00+00:00,81.20300,81.24300,81.10300,81.16300,747.00000
2026-06-16 06:15:00+00:00,81.17300,81.26300,81.11300,81.15300,502.00000
2026-06-16 06:30:00+00:00,81.16300,81.32300,81.13300,81.28300,572.00000
2026-06-16 06:45:00+00:00,81.28300,81.53300,81.25300,81.28300,755.00000
2026-06-16 07:00:00+00:00,81.27300,81.29300,80.81300,80.91300,1336.00000
2026-06-16 07:15:00+00:00,80.90300,80.99300,80.69300,80.72300,965.00000
2026-06-16 07:30:00+00:00,80.72300,80.76300,80.19300,80.38300,1500.00000
2026-06-16 07:45:00+00:00,80.38300,80.42300,80.05300,80.11300,1437.00000
2026-06-16 08:00:00+00:00,80.10300,80.31300,79.38300,79.47300,2066.00000
2026-06-16 08:15:00+00:00,79.46300,79.64300,79.21300,79.33300,1965.00000
2026-06-16 08:30:00+00:00,79.32300,79.64300,79.25300,79.42300,1526.00000
2026-06-16 08:45:00+00:00,79.42300,79.48300,79.18300,79.40300,1307.00000
2026-06-16 09:00:00+00:00,79.40300,79.68300,79.40300,79.55300,1275.00000
2026-06-16 09:15:00+00:00,79.54300,79.64300,79.41300,79.59300,960.00000
2026-06-16 09:30:00+00:00,79.60300,79.82300,79.49300,79.75300,767.00000
2026-06-16 09:45:00+00:00,79.74300,79.96300,79.57300,79.66300,1021.00000
2026-06-16 10:00:00+00:00,79.65300,79.69300,79.36300,79.47300,1146.00000
2026-06-16 10:15:00+00:00,79.47300,79.52300,79.23300,79.34300,1111.00000
2026-06-16 10:30:00+00:00,79.34300,79.43300,79.02100,79.04300,876.00000
2026-06-16 10:45:00+00:00,79.03300,79.29300,79.00300,79.16300,953.00000
2026-06-16 11:00:00+00:00,79.15300,79.16300,78.94300,79.03300,911.00000
2026-06-16 11:15:00+00:00,79.03300,79.13300,78.89300,78.99300,1000.00000
2026-06-16 11:30:00+00:00,78.98300,79.30300,78.89300,79.20300,1071.00000
2026-06-16 11:45:00+00:00,79.20300,79.23300,79.00300,79.15300,952.00000
2026-06-16 12:00:00+00:00,79.16300,79.17300,78.51300,78.57300,1545.00000
2026-06-16 12:15:00+00:00,78.57300,78.63300,78.30300,78.30300,1604.00000
2026-06-16 12:30:00+00:00,78.30300,78.32300,77.60300,77.85300,2421.00000
2026-06-16 12:45:00+00:00,77.86300,78.06300,77.76300,78.06300,1981.00000
2026-06-16 13:00:00+00:00,78.08300,78.45300,77.99300,78.31300,2367.00000
2026-06-16 13:15:00+00:00,78.31300,78.48300,78.26300,78.34300,1561.00000
2026-06-16 13:30:00+00:00,78.35300,78.72300,78.29300,78.68300,1746.00000
2026-06-16 13:45:00+00:00,78.67300,78.80300,78.47300,78.51300,1486.00000
2026-06-16 14:00:00+00:00,78.51300,78.58300,78.29300,78.55300,1544.00000
2026-06-16 14:15:00+00:00,78.55300,78.59300,78.10300,78.18300,1393.00000
2026-06-16 14:30:00+00:00,78.18300,78.22300,77.61300,77.72300,1619.00000
2026-06-16 14:45:00+00:00,77.71300,77.85300,77.57300,77.81300,1670.00000
2026-06-16 15:00:00+00:00,77.82300,77.99300,77.77300,77.91300,1606.00000
2026-06-16 15:15:00+00:00,77.91300,78.00300,77.64300,77.72300,1814.00000
2026-06-16 15:30:00+00:00,77.73300,77.80300,77.30300,77.37300,1807.00000
2026-06-16 15:45:00+00:00,77.37300,77.52300,76.42300,76.75300,2684.00000
2026-06-16 16:00:00+00:00,76.74300,76.91300,76.59300,76.72300,1924.00000
2026-06-16 16:15:00+00:00,76.71300,76.88300,76.58300,76.60300,1221.00000
2026-06-16 16:30:00+00:00,76.59300,76.63300,76.33300,76.40300,1597.00000
2026-06-16 16:45:00+00:00,76.39300,76.76300,76.26300,76.51300,1841.00000
2026-06-16 17:00:00+00:00,76.51300,76.86300,76.50300,76.80300,1752.00000
2026-06-16 17:15:00+00:00,76.84300,76.88300,76.47300,76.52300,1621.00000
2026-06-16 17:30:00+00:00,76.52300,76.68300,76.36300,76.43300,1440.00000
2026-06-16 17:45:00+00:00,76.42300,76.66300,76.37300,76.60300,1086.00000
2026-06-16 18:00:00+00:00,76.63300,76.73300,76.47300,76.51300,1114.00000
2026-06-16 18:15:00+00:00,76.51300,76.85300,76.51300,76.78300,1470.00000
2026-06-16 18:30:00+00:00,76.79300,77.22300,76.69300,77.20300,981.00000
2026-06-16 18:45:00+00:00,77.22300,77.22300,77.05300,77.18300,615.00000
2026-06-16 19:00:00+00:00,77.18300,77.47300,77.12300,77.44300,661.00000
2026-06-16 19:15:00+00:00,77.44300,77.82300,77.44300,77.79300,793.00000
2026-06-16 19:30:00+00:00,77.79300,77.89300,77.65300,77.73300,621.00000
2026-06-16 19:45:00+00:00,77.72300,77.81300,77.58300,77.61300,586.00000
2026-06-16 20:00:00+00:00,77.62300,77.64300,77.25300,77.37300,825.00000
2026-06-16 20:15:00+00:00,77.37300,77.48300,77.28300,77.28300,475.00000
2026-06-16 20:30:00+00:00,77.28300,77.46300,77.24300,77.41300,570.00000
2026-06-16 20:45:00+00:00,77.40300,77.47300,77.23300,77.37300,844.00000
2026-06-16 22:00:00+00:00,77.09900,77.35900,76.86900,77.33900,501.00000
2026-06-16 22:15:00+00:00,77.33900,77.43900,77.31900,77.40900,231.00000
2026-06-16 22:30:00+00:00,77.40900,77.40900,77.21900,77.21900,220.00000
2026-06-16 22:45:00+00:00,77.22900,77.33900,77.22900,77.33900,107.00000
2026-06-16 23:00:00+00:00,77.34900,77.36900,77.16800,77.34900,177.00000
2026-06-16 23:15:00+00:00,77.35900,77.35900,77.20900,77.20900,124.00000
2026-06-16 23:30:00+00:00,77.20900,77.23900,77.11900,77.18900,205.00000
2026-06-16 23:45:00+00:00,77.19900,77.27900,77.18900,77.25900,96.00000
2026-06-17 00:00:00+00:00,77.25900,77.28900,77.05900,77.25900,689.00000
2026-06-17 00:15:00+00:00,77.25900,77.26900,77.18900,77.24900,267.00000
2026-06-17 00:30:00+00:00,77.25900,77.26900,77.12900,77.24900,275.00000
2026-06-17 00:45:00+00:00,77.25900,77.29900,77.24900,77.25900,169.00000
2026-06-17 01:00:00+00:00,77.23900,77.28900,76.91900,77.12900,1030.00000
2026-06-17 01:15:00+00:00,77.14900,77.17900,76.93900,76.95900,494.00000
2026-06-17 01:30:00+00:00,76.93900,76.97900,76.81900,76.95900,491.00000
2026-06-17 01:45:00+00:00,76.95900,77.09900,76.73900,76.82900,563.00000
2026-06-17 02:00:00+00:00,76.83900,76.84900,76.70900,76.81900,439.00000
2026-06-17 02:15:00+00:00,76.80900,76.91900,76.76900,76.77900,289.00000
2026-06-17 02:30:00+00:00,76.79900,76.85900,76.68900,76.75900,424.00000
2026-06-17 02:45:00+00:00,76.76900,76.86900,76.69900,76.75900,331.00000
2026-06-17 03:00:00+00:00,76.75900,76.75900,76.54900,76.58900,384.00000
2026-06-17 03:15:00+00:00,76.59900,76.60900,76.41900,76.44900,294.00000
2026-06-17 03:30:00+00:00,76.45900,76.58900,76.44900,76.48900,312.00000
2026-06-17 03:45:00+00:00,76.48900,76.48900,76.13900,76.19900,496.00000
2026-06-17 04:00:00+00:00,76.20900,76.43900,76.20900,76.42900,400.00000
2026-06-17 04:15:00+00:00,76.40900,76.54900,76.34900,76.48900,309.00000
2026-06-17 04:30:00+00:00,76.47900,76.54900,76.34900,76.38900,264.00000
2026-06-17 04:45:00+00:00,76.36900,76.38900,76.18900,76.28900,311.00000
2026-06-17 05:00:00+00:00,76.27900,76.31900,76.12900,76.19900,322.00000
2026-06-17 05:15:00+00:00,76.20900,76.21900,75.90900,75.93900,571.00000
2026-06-17 05:30:00+00:00,75.94900,76.34900,75.88900,76.32900,868.00000
2026-06-17 05:45:00+00:00,76.31900,77.03900,76.29900,76.85900,931.00000
2026-06-17 06:00:00+00:00,76.84900,76.97900,76.63900,76.87900,888.00000
2026-06-17 06:15:00+00:00,76.87900,76.99900,76.64900,76.66900,734.00000
2026-06-17 06:30:00+00:00,76.67900,76.72900,76.09900,76.14900,1059.00000
2026-06-17 06:45:00+00:00,76.13900,76.32900,75.89900,76.18900,1115.00000
2026-06-17 07:00:00+00:00,76.20900,76.20900,75.49900,75.68900,1525.00000
2026-06-17 07:15:00+00:00,75.69900,76.48900,75.64900,76.45900,1136.00000
2026-06-17 07:30:00+00:00,76.46900,76.49900,75.87900,76.07900,1312.00000
2026-06-17 07:45:00+00:00,76.08900,76.39900,76.03900,76.38900,1078.00000
2026-06-17 08:00:00+00:00,76.41900,76.78900,76.20900,76.76900,1686.00000
2026-06-17 08:15:00+00:00,76.75900,76.96900,76.58900,76.85900,1679.00000
2026-06-17 08:30:00+00:00,76.86900,77.19900,76.81900,77.06900,1340.00000
2026-06-17 08:45:00+00:00,77.06900,77.16900,76.66900,76.79900,907.00000
2026-06-17 09:00:00+00:00,76.76900,77.03900,76.74900,76.80900,801.00000
2026-06-17 09:15:00+00:00,76.81900,76.89900,76.42900,76.56900,1049.00000
2026-06-17 09:30:00+00:00,76.55900,76.80900,76.25900,76.64900,883.00000
2026-06-17 09:45:00+00:00,76.65900,76.75900,76.45900,76.72900,823.00000
2026-06-17 10:00:00+00:00,76.73900,77.13900,76.72900,76.98900,911.00000
2026-06-17 10:15:00+00:00,76.98900,77.02900,76.87900,77.01900,595.00000
2026-06-17 10:30:00+00:00,77.01900,77.01900,76.67900,76.68900,881.00000
2026-06-17 10:45:00+00:00,76.69900,77.21900,76.52900,77.09900,1292.00000
2026-06-17 11:00:00+00:00,77.06900,77.26900,76.95900,77.25900,863.00000
2026-06-17 11:15:00+00:00,77.25900,77.31900,77.04900,77.05900,804.00000
2026-06-17 11:30:00+00:00,77.06900,77.37900,77.06900,77.30900,645.00000
2026-06-17 11:45:00+00:00,77.31900,77.66900,77.19900,77.40900,1169.00000
2026-06-17 12:00:00+00:00,77.41900,77.42900,77.04900,77.18900,1130.00000
2026-06-17 12:15:00+00:00,77.17900,77.46900,77.17900,77.29900,830.00000
2026-06-17 12:30:00+00:00,77.30900,77.40900,77.18900,77.19900,869.00000
2026-06-17 12:45:00+00:00,77.20900,77.28900,77.17900,77.23900,761.00000
2026-06-17 13:00:00+00:00,77.24900,77.53900,77.17900,77.35900,1407.00000
2026-06-17 13:15:00+00:00,77.36900,77.54900,77.19900,77.53900,1106.00000
2026-06-17 13:30:00+00:00,77.51900,77.87900,77.46900,77.70900,1492.00000
2026-06-17 13:45:00+00:00,77.70900,77.88900,77.67900,77.76900,1154.00000
2026-06-17 14:00:00+00:00,77.77900,78.33900,77.53900,78.25900,1886.00000
2026-06-17 14:15:00+00:00,78.24900,78.46900,77.77900,77.95900,1990.00000
2026-06-17 14:30:00+00:00,77.95900,78.40900,77.95900,78.17900,1984.00000
2026-06-17 14:45:00+00:00,78.17900,80.51900,78.12900,78.39900,4013.00000
2026-06-17 15:00:00+00:00,78.38900,78.58900,78.12900,78.25900,2095.00000
2026-06-17 15:15:00+00:00,78.26900,78.32900,77.33900,77.48900,2767.00000
2026-06-17 15:30:00+00:00,77.50900,77.69900,77.45300,77.60900,1450.00000
2026-06-17 15:45:00+00:00,77.59900,77.60900,77.15900,77.25900,1392.00000
2026-06-17 16:00:00+00:00,77.27900,77.44900,77.16900,77.31900,1059.00000
2026-06-17 16:15:00+00:00,77.31900,77.65900,77.25900,77.41900,1107.00000
2026-06-17 16:30:00+00:00,77.42900,77.52900,77.29900,77.38900,865.00000
2026-06-17 16:45:00+00:00,77.39900,77.52900,77.00900,77.03900,1124.00000
2026-06-17 17:00:00+00:00,77.04900,77.65900,77.01900,77.11900,1264.00000
2026-06-17 17:15:00+00:00,77.12900,77.18900,76.79900,76.88900,1122.00000
2026-06-17 17:30:00+00:00,76.86900,77.08900,76.80900,76.87900,985.00000
2026-06-17 17:45:00+00:00,76.86900,77.12900,76.80900,77.06900,866.00000
2026-06-17 18:00:00+00:00,77.05900,77.30900,76.93900,77.27900,1917.00000
2026-06-17 18:15:00+00:00,77.28900,77.51900,77.09900,77.49900,1447.00000
2026-06-17 18:30:00+00:00,77.49900,77.66900,77.21900,77.28900,2229.00000
2026-06-17 18:45:00+00:00,77.30900,77.30900,77.10900,77.13900,1110.00000
2026-06-17 19:00:00+00:00,77.13900,77.24900,76.95100,76.96900,1002.00000
2026-06-17 19:15:00+00:00,76.95900,76.99900,76.69900,76.78900,1027.00000
2026-06-17 19:30:00+00:00,76.79900,76.80900,76.63900,76.75900,834.00000
2026-06-17 19:45:00+00:00,76.76900,76.97900,76.69900,76.70900,887.00000
2026-06-17 20:00:00+00:00,76.68900,76.77900,76.61900,76.67900,488.00000
2026-06-17 20:15:00+00:00,76.67900,76.69900,76.57900,76.60900,363.00000
2026-06-17 20:30:00+00:00,76.62900,76.62900,76.37900,76.42900,293.00000
2026-06-17 20:45:00+00:00,76.42900,76.46900,76.35900,76.38900,289.00000
2026-06-17 22:00:00+00:00,76.18400,76.92400,76.16600,76.90400,698.00000
2026-06-17 22:15:00+00:00,76.91400,77.02400,76.75400,76.81400,430.00000
2026-06-17 22:30:00+00:00,76.81400,76.87400,76.55400,76.62400,319.00000
2026-06-17 22:45:00+00:00,76.64400,76.76400,76.58400,76.64400,138.00000
2026-06-17 23:00:00+00:00,76.66400,76.67400,76.46400,76.49400,252.00000
2026-06-17 23:15:00+00:00,76.50400,76.55400,76.43400,76.52400,149.00000
2026-06-17 23:30:00+00:00,76.53400,76.69400,76.51400,76.55400,209.00000
2026-06-17 23:45:00+00:00,76.55400,76.60400,76.50400,76.58400,111.00000
2026-06-18 00:00:00+00:00,76.55400,76.63400,76.28400,76.46400,640.00000
2026-06-18 00:15:00+00:00,76.46400,76.51400,76.28400,76.36400,447.00000
2026-06-18 00:30:00+00:00,76.35400,76.49400,76.28400,76.36400,292.00000
2026-06-18 00:45:00+00:00,76.37400,76.61400,76.31400,76.58400,446.00000
2026-06-18 01:00:00+00:00,76.57400,76.70400,76.33400,76.36400,938.00000
2026-06-18 01:15:00+00:00,76.36400,76.39400,75.98400,76.06400,760.00000
2026-06-18 01:30:00+00:00,76.05400,76.14400,75.91400,75.98400,751.00000
2026-06-18 01:45:00+00:00,75.99400,76.21400,75.97400,76.07400,571.00000
2026-06-18 02:00:00+00:00,76.08400,76.14400,75.96400,75.98400,448.00000
2026-06-18 02:15:00+00:00,75.98400,76.02400,75.89400,75.98400,305.00000
2026-06-18 02:30:00+00:00,75.97400,76.29400,75.96400,76.13400,776.00000
2026-06-18 02:45:00+00:00,76.13400,76.20400,76.04400,76.07400,567.00000
2026-06-18 03:00:00+00:00,76.08400,76.10400,75.91400,75.91400,337.00000
2026-06-18 03:15:00+00:00,75.91400,75.98400,75.83400,75.85400,392.00000
2026-06-18 03:30:00+00:00,75.84400,75.96400,75.78400,75.83400,277.00000
2026-06-18 03:45:00+00:00,75.84400,75.88400,75.75800,75.79400,184.00000
2026-06-18 04:00:00+00:00,75.79400,75.85400,75.69400,75.71400,213.00000
2026-06-18 04:15:00+00:00,75.71400,75.71400,75.44400,75.45400,374.00000
2026-06-18 04:30:00+00:00,75.44400,75.53400,75.34400,75.38400,308.00000
2026-06-18 04:45:00+00:00,75.38400,75.44400,75.32400,75.39400,356.00000
2026-06-18 05:00:00+00:00,75.38400,75.51400,75.35400,75.47400,403.00000
2026-06-18 05:15:00+00:00,75.46400,75.48400,75.06400,75.08400,603.00000
2026-06-18 05:30:00+00:00,75.07400,75.45400,75.03400,75.44400,981.00000
2026-06-18 05:45:00+00:00,75.43400,75.45400,75.29400,75.30400,473.00000
2026-06-18 06:00:00+00:00,75.30400,75.30400,74.70400,74.93400,1241.00000
2026-06-18 06:15:00+00:00,74.92400,75.04400,74.76400,74.82400,911.00000
2026-06-18 06:30:00+00:00,74.83400,75.54400,74.75400,75.34400,1272.00000
2026-06-18 06:45:00+00:00,75.34400,75.60400,75.24400,75.46400,1268.00000
2026-06-18 07:00:00+00:00,75.48400,75.61400,75.25400,75.60400,1140.00000
2026-06-18 07:15:00+00:00,75.60400,76.01400,75.60400,75.64400,1304.00000
2026-06-18 07:30:00+00:00,75.65400,75.75400,75.42400,75.46400,965.00000
2026-06-18 07:45:00+00:00,75.44400,75.76400,75.43400,75.61400,990.00000
2026-06-18 08:00:00+00:00,75.60400,75.66400,75.32400,75.62400,1183.00000
2026-06-18 08:15:00+00:00,75.63400,75.67400,75.32400,75.58400,1473.00000
2026-06-18 08:30:00+00:00,75.59400,75.77400,75.19400,75.25400,1455.00000
2026-06-18 08:45:00+00:00,75.25400,75.35400,75.09400,75.25400,1134.00000
2026-06-18 09:00:00+00:00,75.26400,75.55400,75.14400,75.32400,1156.00000
2026-06-18 09:15:00+00:00,75.32400,75.44400,75.00400,75.36400,1082.00000
2026-06-18 09:30:00+00:00,75.35400,75.53400,75.26400,75.45400,932.00000
2026-06-18 09:45:00+00:00,75.45400,75.45400,74.96400,75.02400,944.00000
2026-06-18 10:00:00+00:00,75.01400,75.34400,74.99400,75.22400,1075.00000
2026-06-18 10:15:00+00:00,75.23400,75.59400,75.21400,75.50400,903.00000
2026-06-18 10:30:00+00:00,75.50400,76.13400,75.47400,76.12400,1419.00000
2026-06-18 10:45:00+00:00,76.13400,76.32400,75.88400,75.90400,1208.00000
2026-06-18 11:00:00+00:00,75.91400,76.02400,75.71400,75.92400,1008.00000
2026-06-18 11:15:00+00:00,75.91400,76.10400,75.78600,76.08400,867.00000
2026-06-18 11:30:00+00:00,76.09400,76.18400,75.84400,75.86400,818.00000
2026-06-18 11:45:00+00:00,75.87400,76.06400,75.69400,75.99400,857.00000
2026-06-18 12:00:00+00:00,76.00400,76.07400,75.54400,75.62400,967.00000
2026-06-18 12:15:00+00:00,75.63400,75.84400,75.55400,75.82400,942.00000
2026-06-18 12:30:00+00:00,75.80400,75.93400,75.65400,75.86400,969.00000
2026-06-18 12:45:00+00:00,75.85400,75.85400,75.58400,75.71400,689.00000
2026-06-18 13:00:00+00:00,75.75400,75.84400,75.05400,75.31400,2329.00000
2026-06-18 13:15:00+00:00,75.31400,75.50400,75.21400,75.43400,1503.00000
2026-06-18 13:30:00+00:00,75.44400,75.44400,74.58400,74.68400,2381.00000
2026-06-18 13:45:00+00:00,74.69400,74.80400,74.31400,74.47400,2142.00000
2026-06-18 14:00:00+00:00,74.48400,74.73400,74.24400,74.33400,2006.00000
2026-06-18 14:15:00+00:00,74.35400,74.50400,74.20400,74.42400,1681.00000
2026-06-18 14:30:00+00:00,74.42400,74.82400,74.41400,74.76400,1615.00000
2026-06-18 14:45:00+00:00,74.77400,74.79400,74.49400,74.57400,1320.00000
2026-06-18 15:00:00+00:00,74.56400,74.70400,74.44400,74.50400,1452.00000
2026-06-18 15:15:00+00:00,74.49400,74.87400,74.12400,74.78400,1970.00000
2026-06-18 15:30:00+00:00,74.78400,75.16400,74.77400,75.07400,2035.00000
2026-06-18 15:45:00+00:00,75.08400,75.25400,74.99400,75.19400,1269.00000
2026-06-18 16:00:00+00:00,75.20400,75.44400,75.09400,75.30400,1443.00000
2026-06-18 16:15:00+00:00,75.30400,75.55400,75.09400,75.16400,1012.00000
2026-06-18 16:30:00+00:00,75.15400,75.20400,74.95400,75.19400,1139.00000
2026-06-18 16:45:00+00:00,75.18400,75.68400,75.15400,75.55400,1166.00000
2026-06-18 17:00:00+00:00,75.55400,75.72400,75.51400,75.63400,1163.00000
2026-06-18 17:15:00+00:00,75.63400,75.69400,75.34400,75.69400,1197.00000
2026-06-18 17:30:00+00:00,75.69400,75.89400,75.51400,75.73400,1320.00000
2026-06-18 17:45:00+00:00,75.72400,75.91400,75.64400,75.80400,1241.00000
2026-06-18 18:00:00+00:00,75.79400,76.42400,75.79400,76.39400,2126.00000
2026-06-18 18:15:00+00:00,76.40400,77.33400,76.40400,77.13400,2940.00000
2026-06-18 18:30:00+00:00,77.12400,77.30400,76.88400,76.96400,1520.00000
2026-06-18 18:45:00+00:00,76.95200,76.99400,76.83400,76.90400,785.00000
2026-06-18 19:00:00+00:00,76.92400,77.10400,76.90400,76.97400,718.00000
2026-06-18 19:15:00+00:00,76.96400,77.07400,76.86400,76.93400,753.00000
2026-06-18 19:30:00+00:00,76.93400,76.94400,76.74400,76.90400,645.00000
2026-06-18 19:45:00+00:00,76.90400,77.00400,76.84400,76.98400,532.00000
2026-06-18 20:00:00+00:00,76.99400,77.14400,76.84400,76.87400,568.00000
2026-06-18 20:15:00+00:00,76.86400,76.89400,76.66400,76.73400,381.00000
2026-06-18 20:30:00+00:00,76.73400,76.73400,76.61400,76.69400,281.00000
2026-06-18 20:45:00+00:00,76.70400,76.81400,76.59400,76.78400,322.00000
2026-06-18 22:00:00+00:00,76.59900,76.73900,76.49900,76.58900,307.00000
2026-06-18 22:15:00+00:00,76.57900,76.83900,76.56900,76.71900,187.00000
2026-06-18 22:30:00+00:00,76.69900,76.70900,76.52900,76.57900,156.00000
2026-06-18 22:45:00+00:00,76.58900,76.61900,76.43900,76.53900,159.00000
2026-06-18 23:00:00+00:00,76.53900,76.59900,76.40900,76.45900,151.00000
2026-06-18 23:15:00+00:00,76.42900,76.43900,76.28900,76.31900,207.00000
2026-06-18 23:30:00+00:00,76.33900,76.46900,76.28900,76.44900,116.00000
2026-06-18 23:45:00+00:00,76.43900,76.57900,76.40900,76.56900,144.00000
2026-06-19 00:00:00+00:00,76.51900,76.51900,76.15900,76.22900,719.00000
2026-06-19 00:15:00+00:00,76.22900,76.38900,76.16900,76.26900,289.00000
2026-06-19 00:30:00+00:00,76.25900,76.36900,76.25900,76.29900,162.00000
2026-06-19 00:45:00+00:00,76.28900,76.36900,76.21900,76.21900,171.00000
2026-06-19 01:00:00+00:00,76.22900,76.53900,76.12900,76.44900,500.00000
2026-06-19 01:15:00+00:00,76.44900,76.58900,76.41900,76.52900,326.00000
2026-06-19 01:30:00+00:00,76.51900,76.75900,76.51900,76.58900,451.00000
2026-06-19 01:45:00+00:00,76.59900,76.84900,76.54900,76.80900,314.00000
2026-06-19 02:00:00+00:00,76.80900,76.96900,76.72900,76.89900,397.00000
2026-06-19 02:15:00+00:00,76.88900,76.96900,76.72900,76.74900,351.00000
2026-06-19 02:30:00+00:00,76.74900,76.76900,76.65900,76.67900,212.00000
2026-06-19 02:45:00+00:00,76.67900,76.81900,76.67900,76.73900,189.00000
2026-06-19 03:00:00+00:00,76.75900,76.87900,76.74900,76.80900,206.00000
2026-06-19 03:15:00+00:00,76.81900,76.83900,76.65900,76.70900,278.00000
2026-06-19 03:30:00+00:00,76.70900,76.73900,76.37900,76.40900,517.00000
2026-06-19 03:45:00+00:00,76.39900,76.45900,76.34900,76.39900,225.00000
2026-06-19 04:00:00+00:00,76.38900,76.45900,76.34900,76.44900,190.00000
2026-06-19 04:15:00+00:00,76.46900,76.67900,76.45900,76.63900,382.00000
2026-06-19 04:30:00+00:00,76.62900,77.00900,76.59900,76.85900,505.00000
2026-06-19 04:45:00+00:00,76.85900,77.04900,76.78900,76.78900,349.00000
2026-06-19 05:00:00+00:00,76.80900,77.34900,76.77900,77.05900,731.00000
2026-06-19 05:15:00+00:00,77.04900,77.25900,77.03900,77.11900,576.00000
2026-06-19 05:30:00+00:00,77.10900,77.49900,77.09900,77.45900,659.00000
2026-06-19 05:45:00+00:00,77.43900,77.63900,77.17900,77.36900,776.00000
2026-06-19 06:00:00+00:00,77.36900,77.84900,77.36900,77.75900,1296.00000
2026-06-19 06:15:00+00:00,77.76900,77.77900,77.48900,77.51900,840.00000
2026-06-19 06:30:00+00:00,77.51900,77.92900,77.51900,77.58900,884.00000
2026-06-19 06:45:00+00:00,77.59900,77.59900,77.23900,77.32900,715.00000
2026-06-19 07:00:00+00:00,77.31900,77.42900,77.12900,77.32900,958.00000
2026-06-19 07:15:00+00:00,77.31900,77.50900,77.27900,77.35900,700.00000
2026-06-19 07:30:00+00:00,77.34900,77.72900,77.33900,77.64900,822.00000
2026-06-19 07:45:00+00:00,77.65900,77.74900,77.26900,77.40900,989.00000
2026-06-19 08:00:00+00:00,77.39900,77.64900,77.03900,77.28900,1457.00000
2026-06-19 08:15:00+00:00,77.29900,77.33900,76.97900,76.98900,1778.00000
2026-06-19 08:30:00+00:00,76.91900,77.22900,76.68900,77.18900,1504.00000
2026-06-19 08:45:00+00:00,77.19900,77.19900,76.84900,77.00900,943.00000
2026-06-19 09:00:00+00:00,76.99900,77.03900,76.64900,76.87900,1224.00000
2026-06-19 09:15:00+00:00,76.87900,76.96900,76.73900,76.90900,811.00000
2026-06-19 09:30:00+00:00,76.91900,76.99900,76.66900,76.98900,917.00000
2026-06-19 09:45:00+00:00,76.96900,76.99900,76.56900,76.77900,971.00000
2026-06-19 10:00:00+00:00,76.78900,76.97900,76.75900,76.91900,974.00000
2026-06-19 10:15:00+00:00,76.95900,77.09900,76.79900,76.89900,863.00000
2026-06-19 10:30:00+00:00,76.90900,77.36900,76.88900,77.19900,1193.00000
2026-06-19 10:45:00+00:00,77.21900,77.36900,76.83900,77.01900,1105.00000
2026-06-19 11:00:00+00:00,77.02900,77.66900,77.00900,77.14900,1401.00000
2026-06-19 11:15:00+00:00,77.14900,77.25900,76.87900,77.23900,895.00000
2026-06-19 11:30:00+00:00,77.22900,77.22900,76.89900,76.96900,672.00000
2026-06-19 11:45:00+00:00,76.95900,77.43900,76.87900,77.12900,1007.00000
2026-06-19 12:00:00+00:00,77.13900,77.43900,77.11900,77.24900,899.00000
2026-06-19 12:15:00+00:00,77.24900,77.48900,77.17900,77.43900,796.00000
2026-06-19 12:30:00+00:00,77.44900,77.88900,77.42900,77.54900,1585.00000
2026-06-19 12:45:00+00:00,77.53900,77.65900,76.39900,76.44900,2959.00000
2026-06-19 13:00:00+00:00,76.45900,76.73900,76.22900,76.70900,2049.00000
2026-06-19 13:15:00+00:00,76.69900,76.97900,76.58900,76.84900,1247.00000
2026-06-19 13:30:00+00:00,76.84900,77.13900,76.80900,77.02900,1277.00000
2026-06-19 13:45:00+00:00,77.03900,77.15900,76.70900,77.15900,1124.00000
2026-06-19 14:00:00+00:00,77.15900,77.32900,77.08900,77.19900,1096.00000
2026-06-19 14:15:00+00:00,77.18900,77.29900,77.04900,77.21900,660.00000
2026-06-19 14:30:00+00:00,77.22900,77.31900,77.08900,77.19900,835.00000
2026-06-19 14:45:00+00:00,77.18900,77.39900,77.13900,77.33900,692.00000
2026-06-19 15:00:00+00:00,77.33900,77.49900,77.27900,77.42900,869.00000
2026-06-19 15:15:00+00:00,77.44900,77.58900,77.35900,77.54900,1603.00000
2026-06-19 15:30:00+00:00,77.56900,77.78900,77.52900,77.58900,1261.00000
2026-06-19 15:45:00+00:00,77.58900,77.74900,77.44900,77.64900,800.00000
2026-06-19 16:00:00+00:00,77.64900,77.82900,77.62900,77.78900,683.00000
2026-06-19 16:15:00+00:00,77.77900,77.91900,77.59900,77.64900,587.00000
2026-06-19 16:30:00+00:00,77.64900,77.89900,77.61900,77.89900,600.00000
2026-06-19 16:45:00+00:00,77.90900,77.91900,77.58900,77.68900,831.00000
2026-06-21 22:00:00+00:00,78.63500,78.86500,78.10500,78.48500,1899.00000
2026-06-21 22:15:00+00:00,78.46500,78.58500,78.35500,78.40500,555.00000
2026-06-21 22:30:00+00:00,78.41500,78.42500,78.12500,78.13500,538.00000
2026-06-21 22:45:00+00:00,78.12500,78.32500,77.99500,78.24500,486.00000
2026-06-21 23:00:00+00:00,78.25500,78.44500,78.22500,78.38500,403.00000
2026-06-21 23:15:00+00:00,78.38500,78.52500,78.34500,78.50500,442.00000
2026-06-21 23:30:00+00:00,78.51500,78.62500,78.38500,78.43500,361.00000
2026-06-21 23:45:00+00:00,78.42500,78.60500,78.38500,78.45500,348.00000
2026-06-22 00:00:00+00:00,78.45500,78.59500,78.28500,78.35500,650.00000
2026-06-22 00:15:00+00:00,78.36500,78.41500,77.91500,78.02500,582.00000
2026-06-22 00:30:00+00:00,78.02500,78.23500,77.99500,78.13500,464.00000
2026-06-22 00:45:00+00:00,78.13500,78.47500,77.72500,77.78500,940.00000
2026-06-22 01:00:00+00:00,77.79500,77.79500,76.89500,77.16500,2896.00000
2026-06-22 01:15:00+00:00,77.17500,77.23500,76.44500,76.50500,1557.00000
2026-06-22 01:30:00+00:00,76.52500,76.59500,76.30500,76.33500,1153.00000
2026-06-22 01:45:00+00:00,76.32500,76.56500,76.26500,76.53500,916.00000
2026-06-22 02:00:00+00:00,76.54500,76.55500,76.20500,76.34500,921.00000
2026-06-22 02:15:00+00:00,76.32500,76.40500,76.21500,76.25500,337.00000
2026-06-22 02:30:00+00:00,76.25500,76.25500,75.87500,75.90500,841.00000
2026-06-22 02:45:00+00:00,75.90500,76.13500,75.79500,76.10500,739.00000
2026-06-22 03:00:00+00:00,76.11500,76.48500,76.07500,76.47500,693.00000
2026-06-22 03:15:00+00:00,76.47500,76.55500,76.38500,76.54500,566.00000
2026-06-22 03:30:00+00:00,76.53500,76.63500,76.48500,76.50500,412.00000
2026-06-22 03:45:00+00:00,76.50500,76.50500,76.33500,76.42500,349.00000
2026-06-22 04:00:00+00:00,76.41500,76.43500,76.26500,76.36500,257.00000
2026-06-22 04:15:00+00:00,76.37500,76.48500,76.32900,76.37500,287.00000
2026-06-22 04:30:00+00:00,76.36500,76.36500,76.21500,76.25500,233.00000
2026-06-22 04:45:00+00:00,76.24500,76.33500,76.18500,76.18500,276.00000
2026-06-22 05:00:00+00:00,76.18500,76.18500,76.08500,76.10500,327.00000
2026-06-22 05:15:00+00:00,76.10500,76.10500,75.85500,75.85500,438.00000
2026-06-22 05:30:00+00:00,75.84500,76.16500,75.80500,76.14500,907.00000
2026-06-22 05:45:00+00:00,76.13500,76.18500,75.97500,76.07500,678.00000
2026-06-22 06:00:00+00:00,76.08500,76.14500,75.90500,75.98500,696.00000
2026-06-22 06:15:00+00:00,75.99500,76.06500,75.69500,75.91500,910.00000
2026-06-22 06:30:00+00:00,75.90500,76.20500,75.87500,76.12500,858.00000
2026-06-22 06:45:00+00:00,76.12500,76.25500,76.02500,76.10500,857.00000
2026-06-22 07:00:00+00:00,76.13500,76.31500,75.98500,76.29500,973.00000
2026-06-22 07:15:00+00:00,76.28500,76.32500,76.13500,76.21500,759.00000
2026-06-22 07:30:00+00:00,76.21500,76.63500,76.15500,76.58500,1111.00000
2026-06-22 07:45:00+00:00,76.59500,76.77500,76.40500,76.41500,1132.00000
2026-06-22 08:00:00+00:00,76.44500,76.97500,76.36500,76.82500,1620.00000
2026-06-22 08:15:00+00:00,76.83500,76.94500,76.15500,76.19500,2393.00000
2026-06-22 08:30:00+00:00,76.18500,76.45500,75.96500,76.05500,1413.00000
2026-06-22 08:45:00+00:00,76.05500,76.17500,75.87500,76.00500,1033.00000
2026-06-22 09:00:00+00:00,75.99500,76.24500,75.87500,76.12500,1121.00000
2026-06-22 09:15:00+00:00,76.12500,76.20500,75.93500,76.07500,690.00000
2026-06-22 09:30:00+00:00,76.07500,76.25500,75.89500,76.10500,916.00000
2026-06-22 09:45:00+00:00,76.09500,76.13500,75.89500,76.12500,839.00000
2026-06-22 10:00:00+00:00,76.13500,76.20500,75.97500,76.04500,868.00000
2026-06-22 10:15:00+00:00,76.04500,76.17500,75.96500,76.14500,530.00000
2026-06-22 10:30:00+00:00,76.15500,76.24500,76.06500,76.14500,600.00000
2026-06-22 10:45:00+00:00,76.14500,76.14500,76.03500,76.10500,617.00000
2026-06-22 11:00:00+00:00,76.11500,76.21500,75.41500,76.08500,1967.00000
2026-06-22 11:15:00+00:00,76.08500,76.24500,76.04500,76.19500,905.00000
2026-06-22 11:30:00+00:00,76.20500,76.23500,75.85500,75.90500,962.00000
2026-06-22 11:45:00+00:00,75.89500,76.01500,75.69500,75.78500,832.00000
2026-06-22 12:00:00+00:00,75.79500,75.86500,75.61500,75.66500,965.00000
2026-06-22 12:15:00+00:00,75.67500,75.69500,75.29500,75.38500,1109.00000
2026-06-22 12:30:00+00:00,75.39500,75.43500,75.20500,75.30500,1086.00000
2026-06-22 12:45:00+00:00,75.30500,75.59500,75.26500,75.30500,1017.00000
2026-06-22 13:00:00+00:00,75.31500,75.82500,75.13500,75.17500,2138.00000
2026-06-22 13:15:00+00:00,75.17500,75.30500,74.92500,75.01500,1773.00000
2026-06-22 13:30:00+00:00,75.02500,75.07500,74.57500,74.64500,2319.00000
2026-06-22 13:45:00+00:00,74.63500,74.66500,74.29500,74.54500,1846.00000
2026-06-22 14:00:00+00:00,74.55500,74.74500,74.35500,74.36500,1592.00000
2026-06-22 14:15:00+00:00,74.37500,74.72500,74.29500,74.64500,1376.00000
2026-06-22 14:30:00+00:00,74.63500,75.09500,74.63500,74.99500,1619.00000
2026-06-22 14:45:00+00:00,74.98500,75.00500,74.62500,74.79500,1310.00000
2026-06-22 15:00:00+00:00,74.80500,74.81500,74.15500,74.17500,1704.00000
2026-06-22 15:15:00+00:00,74.17500,74.43500,74.05500,74.40500,1926.00000
2026-06-22 15:30:00+00:00,74.41500,74.48500,74.01500,74.10500,1492.00000
2026-06-22 15:45:00+00:00,74.09500,74.52500,74.07500,74.18500,1217.00000
2026-06-22 16:00:00+00:00,74.19500,74.44500,74.14500,74.31500,780.00000
2026-06-22 16:15:00+00:00,74.32500,74.48500,74.31500,74.43500,749.00000
2026-06-22 16:30:00+00:00,74.43500,74.60500,74.42500,74.49500,802.00000
2026-06-22 16:45:00+00:00,74.48500,74.54500,74.33500,74.34500,766.00000
2026-06-22 17:00:00+00:00,74.35500,74.49500,74.28500,74.32500,702.00000
2026-06-22 17:15:00+00:00,74.33500,74.39500,74.22500,74.30500,569.00000
2026-06-22 17:30:00+00:00,74.30500,74.53500,74.17500,74.18500,814.00000
2026-06-22 17:45:00+00:00,74.17500,74.25500,74.07500,74.10500,801.00000
2026-06-22 18:00:00+00:00,74.12500,74.48500,74.11500,74.42500,1221.00000
2026-06-22 18:15:00+00:00,74.41500,74.70500,74.35500,74.68500,1468.00000
2026-06-22 18:30:00+00:00,74.67500,74.69500,74.45500,74.53500,687.00000
2026-06-22 18:45:00+00:00,74.54500,74.83500,74.51500,74.78500,382.00000
2026-06-22 19:00:00+00:00,74.79500,74.93500,74.77500,74.86500,394.00000
2026-06-22 19:15:00+00:00,74.86500,75.00500,74.84500,74.98500,320.00000
2026-06-22 19:30:00+00:00,74.99500,75.13500,74.95500,75.07500,329.00000
2026-06-22 19:45:00+00:00,75.06500,75.12500,75.02500,75.05500,299.00000
2026-06-22 20:00:00+00:00,75.05500,75.07500,74.96500,75.00500,274.00000
2026-06-22 20:15:00+00:00,74.99500,75.01500,74.76500,74.79500,280.00000
2026-06-22 20:30:00+00:00,74.79500,74.86500,74.75500,74.80500,226.00000
2026-06-22 20:45:00+00:00,74.81500,74.87500,74.78500,74.85500,214.00000
2026-06-22 22:00:00+00:00,74.83800,74.98800,74.76800,74.89800,303.00000
2026-06-22 22:15:00+00:00,74.89800,74.98800,74.85800,74.97800,133.00000
2026-06-22 22:30:00+00:00,74.97800,75.17800,74.96800,75.04800,196.00000
2026-06-22 22:45:00+00:00,75.05800,75.07800,74.90600,75.06800,40.00000
2026-06-22 23:00:00+00:00,75.06800,75.06800,74.88800,74.91800,137.00000
2026-06-22 23:15:00+00:00,74.90800,74.92800,74.85800,74.89800,96.00000
2026-06-22 23:30:00+00:00,74.90800,74.94800,74.85800,74.85800,44.00000
2026-06-22 23:45:00+00:00,74.85800,74.95800,74.85800,74.91800,71.00000
2026-06-23 00:00:00+00:00,74.90800,75.01800,74.80800,74.92800,315.00000
2026-06-23 00:15:00+00:00,74.92800,74.96800,74.84800,74.87800,224.00000
2026-06-23 00:30:00+00:00,74.89800,74.91800,74.80800,74.80800,272.00000
2026-06-23 00:45:00+00:00,74.81800,74.97800,74.76800,74.96800,365.00000
2026-06-23 01:00:00+00:00,74.95800,75.01800,74.53800,74.76800,852.00000
2026-06-23 01:15:00+00:00,74.77800,74.98800,74.73800,74.92800,909.00000
2026-06-23 01:30:00+00:00,74.93800,75.00800,74.86800,74.86800,458.00000
2026-06-23 01:45:00+00:00,74.85800,74.87800,74.65800,74.67800,536.00000
2026-06-23 02:00:00+00:00,74.65800,74.82800,74.52800,74.75800,486.00000
2026-06-23 02:15:00+00:00,74.74800,74.83800,74.73800,74.80800,186.00000
2026-06-23 02:30:00+00:00,74.80800,75.05800,74.78800,74.94800,602.00000
2026-06-23 02:45:00+00:00,74.94800,75.01800,74.66800,74.66800,593.00000
2026-06-23 03:00:00+00:00,74.66800,74.66800,74.45800,74.51800,849.00000
2026-06-23 03:15:00+00:00,74.52800,74.55800,74.34800,74.36800,623.00000
2026-06-23 03:30:00+00:00,74.38800,74.50800,74.32800,74.38800,286.00000
2026-06-23 03:45:00+00:00,74.38800,74.40800,74.35800,74.37800,190.00000
2026-06-23 04:00:00+00:00,74.38800,74.48800,74.36800,74.47800,116.00000
2026-06-23 04:15:00+00:00,74.47800,74.49800,74.34800,74.37800,202.00000
2026-06-23 04:30:00+00:00,74.36800,74.52800,74.32800,74.49800,440.00000
2026-06-23 04:45:00+00:00,74.48800,74.52800,74.35800,74.48800,189.00000
2026-06-23 05:00:00+00:00,74.48800,74.53800,74.41800,74.43800,202.00000
2026-06-23 05:15:00+00:00,74.43800,74.50800,74.30800,74.32800,254.00000
2026-06-23 05:30:00+00:00,74.32800,74.34800,74.03800,74.04800,966.00000
2026-06-23 05:45:00+00:00,74.03800,74.08800,73.76800,73.83800,854.00000
2026-06-23 06:00:00+00:00,73.85800,73.93800,73.63800,73.88800,1050.00000
2026-06-23 06:15:00+00:00,73.87800,73.87800,73.60800,73.61800,877.00000
2026-06-23 06:30:00+00:00,73.61800,73.67800,73.30800,73.49800,948.00000
2026-06-23 06:45:00+00:00,73.49800,73.89800,73.42800,73.67800,1036.00000
2026-06-23 07:00:00+00:00,73.70800,73.71800,73.38800,73.56800,734.00000
2026-06-23 07:15:00+00:00,73.54800,73.60800,73.23800,73.27800,914.00000
2026-06-23 07:30:00+00:00,73.30800,73.91800,73.25800,73.82800,1057.00000
2026-06-23 07:45:00+00:00,73.82800,73.95800,73.76800,73.92800,1022.00000
2026-06-23 08:00:00+00:00,73.90800,74.34800,73.90800,74.22800,1418.00000
2026-06-23 08:15:00+00:00,74.22800,74.44800,74.09800,74.39800,1732.00000
2026-06-23 08:30:00+00:00,74.36800,74.60800,74.29800,74.30800,1174.00000
2026-06-23 08:45:00+00:00,74.31800,74.45800,74.15800,74.19800,846.00000
2026-06-23 09:00:00+00:00,74.19800,74.34800,74.02800,74.17800,969.00000
2026-06-23 09:15:00+00:00,74.17800,74.40800,73.96800,73.96800,737.00000
2026-06-23 09:30:00+00:00,73.95800,74.24800,73.92800,74.20800,774.00000
2026-06-23 09:45:00+00:00,74.21800,74.34800,74.11800,74.26800,601.00000
2026-06-23 10:00:00+00:00,74.27800,74.33800,74.11800,74.26800,657.00000
2026-06-23 10:15:00+00:00,74.27800,74.50800,74.19800,74.46800,667.00000
2026-06-23 10:30:00+00:00,74.47800,74.70800,74.34800,74.52800,816.00000
2026-06-23 10:45:00+00:00,74.53800,74.67800,74.40800,74.65800,748.00000
2026-06-23 11:00:00+00:00,74.63800,74.73800,74.53800,74.54800,621.00000
2026-06-23 11:15:00+00:00,74.53800,74.72800,74.35800,74.54800,1062.00000
2026-06-23 11:30:00+00:00,74.55800,74.81800,74.54800,74.69800,949.00000
2026-06-23 11:45:00+00:00,74.69800,74.77800,74.39800,74.59800,732.00000
2026-06-23 12:00:00+00:00,74.61800,74.64800,74.22800,74.28800,988.00000
2026-06-23 12:15:00+00:00,74.28800,74.34800,73.97800,74.04800,824.00000
2026-06-23 12:30:00+00:00,74.03800,74.18800,73.96800,74.17800,793.00000
2026-06-23 12:45:00+00:00,74.17800,74.38800,74.14800,74.35800,891.00000
2026-06-23 13:00:00+00:00,74.37800,74.47800,74.23800,74.24800,1339.00000
2026-06-23 13:15:00+00:00,74.26800,74.27800,73.74800,73.83800,1256.00000
2026-06-23 13:30:00+00:00,73.82800,73.99800,73.63800,73.94800,1692.00000
2026-06-23 13:45:00+00:00,73.94800,74.03800,73.66800,73.72800,1235.00000
2026-06-23 14:00:00+00:00,73.72800,73.75800,73.34800,73.47800,1364.00000
2026-06-23 14:15:00+00:00,73.48800,73.49800,73.28800,73.35800,1043.00000
2026-06-23 14:30:00+00:00,73.36800,74.02800,73.35800,73.97800,2072.00000
2026-06-23 14:45:00+00:00,73.96800,74.13800,73.64800,73.91800,1760.00000
2026-06-23 15:00:00+00:00,73.91800,74.23800,73.90800,73.95800,1425.00000
2026-06-23 15:15:00+00:00,73.95800,74.12800,73.76800,73.86800,1471.00000
2026-06-23 15:30:00+00:00,73.85800,73.86800,73.47800,73.81800,1459.00000
2026-06-23 15:45:00+00:00,73.80800,73.96800,73.60800,73.74800,924.00000
2026-06-23 16:00:00+00:00,73.75800,73.91800,73.74800,73.76800,631.00000
2026-06-23 16:15:00+00:00,73.76800,73.99800,73.76800,73.83800,748.00000
2026-06-23 16:30:00+00:00,73.83800,73.84800,73.58800,73.67800,605.00000
2026-06-23 16:45:00+00:00,73.68800,73.83800,73.57800,73.71800,635.00000
2026-06-23 17:00:00+00:00,73.72800,74.03800,73.72800,73.97800,869.00000
2026-06-23 17:15:00+00:00,73.96800,74.04800,73.89800,73.99800,611.00000
2026-06-23 17:30:00+00:00,74.00800,74.06800,73.76800,73.80800,854.00000
2026-06-23 17:45:00+00:00,73.79800,73.98800,73.76800,73.78800,763.00000
2026-06-23 18:00:00+00:00,73.79800,74.17800,73.79800,73.98800,1200.00000
2026-06-23 18:15:00+00:00,73.97800,74.03800,73.79800,74.02800,1198.00000
2026-06-23 18:30:00+00:00,74.04800,74.08800,73.92800,73.94800,454.00000
2026-06-23 18:45:00+00:00,73.94800,74.14800,73.93800,74.10800,422.00000
2026-06-23 19:00:00+00:00,74.10800,74.12800,73.98800,73.98800,259.00000
2026-06-23 19:15:00+00:00,73.97800,74.17800,73.97800,74.11800,291.00000
2026-06-23 19:30:00+00:00,74.12800,74.16800,74.07800,74.12800,261.00000
2026-06-23 19:45:00+00:00,74.11800,74.13800,74.01800,74.06800,315.00000
2026-06-23 20:00:00+00:00,74.06800,74.26800,74.06800,74.10800,233.00000
2026-06-23 20:15:00+00:00,74.09800,74.16800,74.03800,74.05800,160.00000
2026-06-23 20:30:00+00:00,74.05800,74.08800,73.91800,73.91800,238.00000
2026-06-23 20:45:00+00:00,73.91800,73.92800,73.77800,73.81800,322.00000
2026-06-23 22:00:00+00:00,73.82000,73.91000,73.77000,73.82000,253.00000
2026-06-23 22:15:00+00:00,73.82000,73.85000,73.82000,73.85000,39.00000
2026-06-23 22:30:00+00:00,73.84000,73.86000,73.72000,73.76000,90.00000
2026-06-23 22:45:00+00:00,73.74000,73.76000,73.61000,73.66000,138.00000
2026-06-23 23:00:00+00:00,73.68000,73.69000,73.57000,73.63000,137.00000
2026-06-23 23:15:00+00:00,73.63000,73.66000,73.57000,73.59000,89.00000
2026-06-23 23:30:00+00:00,73.60000,73.62000,73.39000,73.47000,226.00000
2026-06-23 23:45:00+00:00,73.48000,73.50000,73.37000,73.41000,95.00000
2026-06-24 00:00:00+00:00,73.42000,73.60000,73.38000,73.55000,547.00000
2026-06-24 00:15:00+00:00,73.55000,73.68000,73.52000,73.61000,290.00000
2026-06-24 00:30:00+00:00,73.61000,73.61000,73.48000,73.57000,248.00000
2026-06-24 00:45:00+00:00,73.59000,73.61000,73.47000,73.55000,345.00000
2026-06-24 01:00:00+00:00,73.53000,73.59000,73.07000,73.21000,1141.00000
2026-06-24 01:15:00+00:00,73.21000,73.72000,73.19000,73.72000,822.00000
2026-06-24 01:30:00+00:00,73.73000,73.78000,73.54000,73.61000,674.00000
2026-06-24 01:45:00+00:00,73.63000,73.68000,73.31000,73.39000,680.00000
2026-06-24 02:00:00+00:00,73.40000,73.63000,73.38000,73.53000,565.00000
2026-06-24 02:15:00+00:00,73.54000,73.60000,73.47000,73.48000,185.00000
2026-06-24 02:30:00+00:00,73.46000,73.46000,73.10000,73.25000,770.00000
2026-06-24 02:45:00+00:00,73.24000,73.31000,72.88000,72.91000,575.00000
2026-06-24 03:00:00+00:00,72.90000,73.16000,72.81000,73.15000,683.00000
2026-06-24 03:15:00+00:00,73.14000,73.15000,73.04000,73.10000,360.00000
2026-06-24 03:30:00+00:00,73.11000,73.18000,73.05000,73.11000,267.00000
2026-06-24 03:45:00+00:00,73.12000,73.20000,73.11000,73.15000,131.00000
2026-06-24 04:00:00+00:00,73.16000,73.35000,73.15000,73.32000,188.00000
2026-06-24 04:15:00+00:00,73.33000,73.50000,73.30000,73.40000,245.00000
2026-06-24 04:30:00+00:00,73.39000,73.43000,73.34000,73.39000,134.00000
2026-06-24 04:45:00+00:00,73.39000,73.39000,73.32000,73.39000,162.00000
2026-06-24 05:00:00+00:00,73.38000,73.50000,73.31000,73.35000,286.00000
2026-06-24 05:15:00+00:00,73.36000,73.43000,73.33000,73.38000,195.00000
2026-06-24 05:30:00+00:00,73.41000,73.46000,73.26000,73.33000,690.00000
2026-06-24 05:45:00+00:00,73.33000,73.34000,73.16000,73.21000,582.00000
2026-06-24 06:00:00+00:00,73.23000,73.89000,73.21000,73.56000,1389.00000
2026-06-24 06:15:00+00:00,73.55000,73.56000,73.25000,73.39000,876.00000
2026-06-24 06:30:00+00:00,73.38000,73.39000,73.19000,73.33000,929.00000
2026-06-24 06:45:00+00:00,73.33000,73.39000,73.21000,73.32000,813.00000
2026-06-24 07:00:00+00:00,73.34000,73.35000,72.85000,73.02000,1053.00000
2026-06-24 07:15:00+00:00,73.02000,73.13000,72.82000,72.93000,772.00000
2026-06-24 07:30:00+00:00,72.93000,73.07000,72.75000,72.88000,857.00000
2026-06-24 07:45:00+00:00,72.89000,73.05000,72.65000,72.68000,1012.00000
2026-06-24 08:00:00+00:00,72.67000,72.79000,72.53000,72.64000,1308.00000
2026-06-24 08:15:00+00:00,72.64000,72.71000,72.49000,72.49000,1567.00000
2026-06-24 08:30:00+00:00,72.50000,72.77000,72.42000,72.63000,1322.00000
2026-06-24 08:45:00+00:00,72.64000,72.84000,72.62000,72.77000,824.00000
2026-06-24 09:00:00+00:00,72.80000,72.80000,72.36000,72.45000,1033.00000
2026-06-24 09:15:00+00:00,72.43000,72.55000,72.27000,72.43000,974.00000
2026-06-24 09:30:00+00:00,72.42000,72.67000,72.41000,72.61000,1079.00000
2026-06-24 09:45:00+00:00,72.61000,72.86000,72.51000,72.71000,969.00000
2026-06-24 10:00:00+00:00,72.73000,73.00000,72.62000,72.66000,968.00000
2026-06-24 10:15:00+00:00,72.67000,72.92000,72.60000,72.73000,838.00000
2026-06-24 10:30:00+00:00,72.73000,72.88000,72.45000,72.49000,779.00000
2026-06-24 10:45:00+00:00,72.48000,72.58000,72.45000,72.54000,639.00000
2026-06-24 11:00:00+00:00,72.55000,72.62000,72.43000,72.55000,662.00000
2026-06-24 11:15:00+00:00,72.56000,72.60000,72.13000,72.18000,777.00000
2026-06-24 11:30:00+00:00,72.18000,72.45000,72.10000,72.16000,1148.00000
2026-06-24 11:45:00+00:00,72.16000,72.17000,71.65000,71.67000,1601.00000
2026-06-24 12:00:00+00:00,71.66000,71.85000,71.64000,71.84000,1275.00000
2026-06-24 12:15:00+00:00,71.84000,71.89000,71.57000,71.82000,1218.00000
2026-06-24 12:30:00+00:00,71.81000,71.88000,71.66000,71.75000,881.00000
2026-06-24 12:45:00+00:00,71.74000,71.92000,71.73000,71.75000,992.00000
2026-06-24 13:00:00+00:00,71.75000,71.78000,71.09000,71.23000,2224.00000
2026-06-24 13:15:00+00:00,71.23000,71.23000,70.75000,70.78000,1759.00000
2026-06-24 13:30:00+00:00,70.79000,70.91000,70.57000,70.73000,2369.00000
2026-06-24 13:45:00+00:00,70.71000,71.00000,70.41000,70.49000,1830.00000
2026-06-24 14:00:00+00:00,70.48000,70.83000,70.36000,70.71000,1930.00000
2026-06-24 14:15:00+00:00,70.72000,71.10000,70.72000,70.88000,1526.00000
2026-06-24 14:30:00+00:00,70.85000,70.95000,70.70000,70.70000,1666.00000
2026-06-24 14:45:00+00:00,70.71000,70.75000,70.45000,70.59000,1423.00000
2026-06-24 15:00:00+00:00,70.62000,70.66000,70.41000,70.47000,1497.00000
2026-06-24 15:15:00+00:00,70.48000,70.78000,70.45000,70.74000,1561.00000
2026-06-24 15:30:00+00:00,70.72000,71.21000,70.64000,71.02000,1584.00000
2026-06-24 15:45:00+00:00,71.03000,71.31000,71.00000,71.21000,1320.00000
2026-06-24 16:00:00+00:00,71.21000,71.29000,71.00000,71.12000,951.00000
2026-06-24 16:15:00+00:00,71.11000,71.43000,71.10000,71.36000,801.00000
2026-06-24 16:30:00+00:00,71.37000,71.66000,71.32000,71.38000,881.00000
2026-06-24 16:45:00+00:00,71.38000,71.44000,71.18000,71.25000,777.00000
2026-06-24 17:00:00+00:00,71.26000,71.38000,71.15000,71.15000,859.00000
2026-06-24 17:15:00+00:00,71.16000,71.17000,70.86000,70.94000,738.00000
2026-06-24 17:30:00+00:00,70.93000,71.22000,70.77000,71.15000,984.00000
2026-06-24 17:45:00+00:00,71.14000,71.24000,71.07000,71.20000,736.00000
2026-06-24 18:00:00+00:00,71.22000,71.24000,70.89000,71.06000,836.00000
2026-06-24 18:15:00+00:00,71.06000,71.16000,70.86000,71.14000,1383.00000
2026-06-24 18:30:00+00:00,71.15000,71.16000,70.80000,70.91000,832.00000
2026-06-24 18:45:00+00:00,70.92000,70.93000,70.65000,70.68000,511.00000
2026-06-24 19:00:00+00:00,70.68000,70.73000,70.62000,70.71000,383.00000
2026-06-24 19:15:00+00:00,70.71000,70.81000,70.64000,70.81000,373.00000
2026-06-24 19:30:00+00:00,70.81000,70.85000,70.69000,70.85000,340.00000
2026-06-24 19:45:00+00:00,70.84000,70.85000,70.73000,70.76000,322.00000
2026-06-24 20:00:00+00:00,70.75000,70.76000,70.52000,70.52000,334.00000
2026-06-24 20:15:00+00:00,70.52000,70.59000,70.50000,70.58000,243.00000
2026-06-24 20:30:00+00:00,70.59000,70.62000,70.53000,70.61000,209.00000
2026-06-24 20:45:00+00:00,70.61000,70.62000,70.51000,70.58000,273.00000
2026-06-24 22:00:00+00:00,70.66300,70.71300,70.40300,70.56300,291.00000
2026-06-24 22:15:00+00:00,70.56300,70.58300,70.52300,70.53300,97.00000
2026-06-24 22:30:00+00:00,70.53300,70.60300,70.49300,70.58300,77.00000
2026-06-24 22:45:00+00:00,70.59300,70.60300,70.54300,70.57300,66.00000
2026-06-24 23:00:00+00:00,70.57300,70.61300,70.56300,70.57300,76.00000
2026-06-24 23:15:00+00:00,70.56300,70.65300,70.55300,70.65300,60.00000
2026-06-24 23:30:00+00:00,70.67300,70.68300,70.58300,70.58300,105.00000
2026-06-24 23:45:00+00:00,70.63300,70.71300,70.62300,70.70300,111.00000
2026-06-25 00:00:00+00:00,70.69300,70.81300,70.64300,70.80300,284.00000
2026-06-25 00:15:00+00:00,70.82300,70.85300,70.71300,70.80300,243.00000
2026-06-25 00:30:00+00:00,70.80300,70.91300,70.79300,70.80300,191.00000
2026-06-25 00:45:00+00:00,70.77300,70.79300,70.64300,70.68300,240.00000
2026-06-25 01:00:00+00:00,70.69300,70.76300,70.02300,70.15300,1581.00000
2026-06-25 01:15:00+00:00,70.15300,70.53300,70.11300,70.11300,1034.00000
2026-06-25 01:30:00+00:00,70.11300,70.14300,69.89300,69.93300,1040.00000
2026-06-25 01:45:00+00:00,69.94300,70.06300,69.81300,70.04300,896.00000
2026-06-25 02:00:00+00:00,70.04300,70.08300,69.75300,69.89300,913.00000
2026-06-25 02:15:00+00:00,69.88300,69.96300,69.80300,69.86300,300.00000
2026-06-25 02:30:00+00:00,69.86300,70.11300,69.82300,70.08300,831.00000
2026-06-25 02:45:00+00:00,70.08300,70.18300,70.02300,70.07300,616.00000
2026-06-25 03:00:00+00:00,70.08300,70.12300,69.75300,69.86300,753.00000
2026-06-25 03:15:00+00:00,69.88300,70.07300,69.77300,69.86300,616.00000
2026-06-25 03:30:00+00:00,69.84300,70.02300,69.84300,69.93300,311.00000
2026-06-25 03:45:00+00:00,69.92300,70.03300,69.92300,70.01300,190.00000
2026-06-25 04:00:00+00:00,70.02300,70.12300,69.96300,70.02300,290.00000
2026-06-25 04:15:00+00:00,70.03300,70.09300,70.01300,70.05300,165.00000
2026-06-25 04:30:00+00:00,70.05300,70.19300,70.03300,70.11300,186.00000
2026-06-25 04:45:00+00:00,70.11300,70.25300,70.11300,70.18300,189.00000
2026-06-25 05:00:00+00:00,70.19300,70.19300,70.05300,70.17300,211.00000
2026-06-25 05:15:00+00:00,70.17300,70.20300,70.11300,70.19300,160.00000
2026-06-25 05:30:00+00:00,70.22300,70.31300,70.06300,70.07300,733.00000
2026-06-25 05:45:00+00:00,70.08300,70.15300,69.91300,70.05300,658.00000
2026-06-25 06:00:00+00:00,70.06300,70.33300,69.92700,70.32300,848.00000
2026-06-25 06:15:00+00:00,70.32300,70.44300,70.14300,70.44300,936.00000
2026-06-25 06:30:00+00:00,70.43300,70.51300,70.18300,70.18300,988.00000
2026-06-25 06:45:00+00:00,70.18300,70.36300,70.10300,70.27300,914.00000
2026-06-25 07:00:00+00:00,70.28300,70.59300,70.11300,70.56300,876.00000
2026-06-25 07:15:00+00:00,70.56300,70.69300,70.36300,70.40300,907.00000
2026-06-25 07:30:00+00:00,70.41300,70.49300,70.28300,70.40300,870.00000
2026-06-25 07:45:00+00:00,70.39300,70.75300,70.39300,70.65300,761.00000
2026-06-25 08:00:00+00:00,70.66300,70.75300,70.37300,70.62300,961.00000
2026-06-25 08:15:00+00:00,70.63300,70.65300,70.12300,70.20300,1978.00000
2026-06-25 08:30:00+00:00,70.19300,70.39300,69.74300,69.93300,1688.00000
2026-06-25 08:45:00+00:00,69.95300,70.14300,69.85300,69.91300,1037.00000
2026-06-25 09:00:00+00:00,69.89300,70.08300,69.60300,69.75300,1168.00000
2026-06-25 09:15:00+00:00,69.75300,70.35300,69.61300,70.08300,1289.00000
2026-06-25 09:30:00+00:00,70.08300,70.29300,70.03300,70.17300,1027.00000
2026-06-25 09:45:00+00:00,70.16300,70.29300,70.10300,70.27300,839.00000
2026-06-25 10:00:00+00:00,70.28300,70.34300,70.16300,70.28300,782.00000
2026-06-25 10:15:00+00:00,70.29300,70.32300,70.12300,70.22300,540.00000
2026-06-25 10:30:00+00:00,70.22300,70.29300,70.17300,70.28300,523.00000
2026-06-25 10:45:00+00:00,70.29300,70.35300,70.06300,70.11300,585.00000
2026-06-25 11:00:00+00:00,70.10300,70.19300,69.96300,70.13300,680.00000
2026-06-25 11:15:00+00:00,70.14300,70.39300,70.13300,70.39300,574.00000
2026-06-25 11:30:00+00:00,70.38300,70.53300,70.35300,70.47300,663.00000
2026-06-25 11:45:00+00:00,70.48300,70.64300,70.40300,70.49300,642.00000
2026-06-25 12:00:00+00:00,70.50300,70.52300,70.31300,70.35300,716.00000
2026-06-25 12:15:00+00:00,70.38300,70.63300,70.29300,70.60300,783.00000
2026-06-25 12:30:00+00:00,70.60300,70.64300,70.06300,70.16300,1360.00000
2026-06-25 12:45:00+00:00,70.17300,70.39300,70.02300,70.24300,921.00000
2026-06-25 13:00:00+00:00,70.22300,70.75300,70.15300,70.74300,1749.00000
2026-06-25 13:15:00+00:00,70.73300,70.88300,70.56300,70.57300,1445.00000
2026-06-25 13:30:00+00:00,70.57300,70.72300,70.45300,70.71300,1614.00000
2026-06-25 13:45:00+00:00,70.72300,71.16300,70.63300,71.14300,1467.00000
2026-06-25 14:00:00+00:00,71.14300,71.35300,71.06300,71.27300,1656.00000
2026-06-25 14:15:00+00:00,71.27300,71.68300,71.10300,71.63300,1368.00000
2026-06-25 14:30:00+00:00,71.65300,71.65300,71.31300,71.55300,1454.00000
2026-06-25 14:45:00+00:00,71.56300,71.56300,71.25300,71.51300,1444.00000
2026-06-25 15:00:00+00:00,71.51300,72.38300,71.46300,72.28300,2258.00000
2026-06-25 15:15:00+00:00,72.29300,72.45300,72.04300,72.05300,1947.00000
2026-06-25 15:30:00+00:00,72.05300,72.14300,71.91300,72.06300,1545.00000
2026-06-25 15:45:00+00:00,72.05300,72.21300,71.94300,72.13300,1048.00000
2026-06-25 16:00:00+00:00,72.14300,72.38300,72.14300,72.33300,1046.00000
2026-06-25 16:15:00+00:00,72.34300,72.38300,72.21300,72.30300,910.00000
2026-06-25 16:30:00+00:00,72.31300,72.37300,72.13300,72.16300,751.00000
2026-06-25 16:45:00+00:00,72.16300,72.25300,72.11300,72.24300,714.00000
2026-06-25 17:00:00+00:00,72.25300,72.32300,72.00300,72.24300,911.00000
2026-06-25 17:15:00+00:00,72.24300,72.51300,72.17300,72.21300,862.00000
2026-06-25 17:30:00+00:00,72.20300,72.33300,72.13300,72.25300,776.00000
2026-06-25 17:45:00+00:00,72.25300,72.48300,72.18300,72.47300,948.00000
2026-06-25 18:00:00+00:00,72.48300,72.71300,72.47300,72.60300,1552.00000
2026-06-25 18:15:00+00:00,72.60300,72.68300,72.42300,72.66300,1285.00000
2026-06-25 18:30:00+00:00,72.67300,72.92300,72.65300,72.72300,1118.00000
2026-06-25 18:45:00+00:00,72.72300,72.85300,72.72300,72.82300,704.00000
2026-06-25 19:00:00+00:00,72.84300,73.05300,72.81300,73.02300,506.00000
2026-06-25 19:15:00+00:00,73.02300,73.19300,72.96300,72.99300,641.00000
2026-06-25 19:30:00+00:00,72.98300,73.00300,72.76300,72.80300,552.00000
2026-06-25 19:45:00+00:00,72.80300,72.81300,72.60300,72.73300,644.00000
2026-06-25 20:00:00+00:00,72.72300,72.87300,72.64300,72.72300,283.00000
2026-06-25 20:15:00+00:00,72.73300,72.73300,72.48300,72.48300,274.00000
2026-06-25 20:30:00+00:00,72.47300,72.51300,72.29300,72.31300,429.00000
2026-06-25 20:45:00+00:00,72.32300,72.32300,72.07300,72.15300,548.00000
2026-06-25 22:00:00+00:00,72.10600,72.27600,72.06600,72.09600,276.00000
2026-06-25 22:15:00+00:00,72.09600,72.15600,71.94600,72.02600,146.00000
2026-06-25 22:30:00+00:00,72.00600,72.14600,72.00600,72.14600,74.00000
2026-06-25 22:45:00+00:00,72.13600,72.18600,72.10600,72.17600,80.00000
2026-06-25 23:00:00+00:00,72.14600,72.17600,72.10600,72.11600,114.00000
2026-06-25 23:15:00+00:00,72.12600,72.19600,72.11600,72.17600,98.00000
2026-06-25 23:30:00+00:00,72.16600,72.17600,72.12600,72.17600,51.00000
2026-06-25 23:45:00+00:00,72.17600,72.22600,72.15600,72.18600,78.00000
2026-06-26 00:00:00+00:00,72.19600,72.31600,72.10600,72.26600,404.00000
2026-06-26 00:15:00+00:00,72.26600,72.45600,72.24600,72.35600,347.00000
2026-06-26 00:30:00+00:00,72.36600,72.40600,72.22600,72.25600,193.00000
2026-06-26 00:45:00+00:00,72.26600,72.47600,72.24600,72.46600,193.00000
2026-06-26 01:00:00+00:00,72.46600,72.50600,72.16600,72.17600,1519.00000
2026-06-26 01:15:00+00:00,72.17600,72.35600,72.12600,72.23600,632.00000
2026-06-26 01:30:00+00:00,72.22600,72.24600,72.08600,72.09600,609.00000
2026-06-26 01:45:00+00:00,72.10600,72.11600,71.89600,71.90600,589.00000
2026-06-26 02:00:00+00:00,71.91600,71.96600,71.81600,71.91600,561.00000
2026-06-26 02:15:00+00:00,71.92600,71.95600,71.81600,71.85600,338.00000
2026-06-26 02:30:00+00:00,71.85600,71.85600,71.59100,71.79600,642.00000
2026-06-26 02:45:00+00:00,71.77600,71.79600,71.46600,71.48600,636.00000
2026-06-26 03:00:00+00:00,71.47600,71.49600,71.28600,71.35600,686.00000
2026-06-26 03:15:00+00:00,71.35600,71.36600,71.19600,71.34600,515.00000
2026-06-26 03:30:00+00:00,71.35600,71.40600,71.22600,71.22600,248.00000
2026-06-26 03:45:00+00:00,71.23600,71.26600,71.15600,71.24600,222.00000
2026-06-26 04:00:00+00:00,71.25600,71.31600,71.11600,71.18600,268.00000
2026-06-26 04:15:00+00:00,71.19600,71.19600,71.09600,71.14600,259.00000
2026-06-26 04:30:00+00:00,71.14600,71.20600,71.07600,71.11600,262.00000
2026-06-26 04:45:00+00:00,71.12600,71.15600,71.05600,71.07600,185.00000
2026-06-26 05:00:00+00:00,71.07600,71.10600,71.01600,71.06600,287.00000
2026-06-26 05:15:00+00:00,71.06600,71.17600,71.04600,71.14600,290.00000
2026-06-26 05:30:00+00:00,71.12600,71.44600,71.05600,71.38600,833.00000
2026-06-26 05:45:00+00:00,71.36600,71.60600,71.33600,71.54600,675.00000
2026-06-26 06:00:00+00:00,71.55600,71.57600,71.30600,71.31600,639.00000
2026-06-26 06:15:00+00:00,71.31600,71.44600,71.30600,71.34600,635.00000
2026-06-26 06:30:00+00:00,71.33600,71.33600,71.15600,71.23600,795.00000
2026-06-26 06:45:00+00:00,71.24600,71.28600,71.01600,71.15600,818.00000
2026-06-26 07:00:00+00:00,71.14600,71.20600,70.95600,70.98600,878.00000
2026-06-26 07:15:00+00:00,70.97600,71.05600,70.87600,70.87600,767.00000
2026-06-26 07:30:00+00:00,70.84600,71.07600,70.76600,70.80600,681.00000
2026-06-26 07:45:00+00:00,70.81600,70.81600,70.50600,70.54600,763.00000
2026-06-26 08:00:00+00:00,70.54600,70.82600,70.40600,70.79600,1361.00000
2026-06-26 08:15:00+00:00,70.79600,70.83600,69.71600,69.78600,2240.00000
2026-06-26 08:30:00+00:00,69.78600,70.15600,69.65600,70.09600,1724.00000
2026-06-26 08:45:00+00:00,70.10600,70.15600,69.93600,69.96600,927.00000
2026-06-26 09:00:00+00:00,69.95600,70.18600,69.89600,70.10600,957.00000
2026-06-26 09:15:00+00:00,70.11600,70.15600,69.88600,70.01600,933.00000
2026-06-26 09:30:00+00:00,70.01600,70.13600,69.93600,69.98600,788.00000
2026-06-26 09:45:00+00:00,69.98600,70.02600,69.68000,69.74600,976.00000
2026-06-26 10:00:00+00:00,69.73600,69.91600,69.63600,69.90600,1064.00000
2026-06-26 10:15:00+00:00,69.89600,70.08600,69.84600,69.96600,715.00000
2026-06-26 10:30:00+00:00,69.95600,70.14600,69.76600,70.07600,851.00000
2026-06-26 10:45:00+00:00,70.06600,70.24600,70.05600,70.18600,772.00000
2026-06-26 11:00:00+00:00,70.18600,70.41600,70.17600,70.36600,1025.00000
2026-06-26 11:15:00+00:00,70.35600,70.46600,70.26600,70.39600,762.00000
2026-06-26 11:30:00+00:00,70.38600,70.76600,70.36600,70.76600,923.00000
2026-06-26 11:45:00+00:00,70.75600,71.00600,70.74600,70.75600,889.00000
2026-06-26 12:00:00+00:00,70.74600,70.78600,70.34600,70.45600,1015.00000
2026-06-26 12:15:00+00:00,70.44600,70.58600,70.28000,70.35600,921.00000
2026-06-26 12:30:00+00:00,70.36600,70.39600,70.12600,70.18600,971.00000
2026-06-26 12:45:00+00:00,70.17600,70.22600,70.04600,70.04600,1042.00000
2026-06-26 13:00:00+00:00,70.04600,70.47600,70.01600,70.21600,1899.00000
2026-06-26 13:15:00+00:00,70.22600,71.14600,70.21600,70.41600,3233.00000
2026-06-26 13:30:00+00:00,70.44600,70.61600,70.20600,70.40600,2082.00000
2026-06-26 13:45:00+00:00,70.39600,70.48600,69.85600,70.07600,1766.00000
2026-06-26 14:00:00+00:00,70.08600,70.18600,69.81600,69.97600,1641.00000
2026-06-26 14:15:00+00:00,69.96600,69.99600,69.60600,69.85600,1407.00000
2026-06-26 14:30:00+00:00,69.84600,69.93600,69.52600,69.61600,1509.00000
2026-06-26 14:45:00+00:00,69.62600,69.90600,69.50600,69.88600,1818.00000
2026-06-26 15:00:00+00:00,69.89600,69.91600,69.28600,69.46600,1875.00000
2026-06-26 15:15:00+00:00,69.45600,69.55600,69.22600,69.41600,1625.00000
2026-06-26 15:30:00+00:00,69.41600,69.71600,69.32600,69.71600,1295.00000
2026-06-26 15:45:00+00:00,69.70600,70.18600,69.47600,69.75600,2349.00000
2026-06-26 16:00:00+00:00,69.75600,69.85600,69.60600,69.66600,1374.00000
2026-06-26 16:15:00+00:00,69.65600,69.89600,69.62600,69.67600,1077.00000
2026-06-26 16:30:00+00:00,69.66600,69.94600,69.52600,69.94600,1067.00000
2026-06-26 16:45:00+00:00,69.95600,70.02600,69.75600,69.97600,813.00000
2026-06-26 17:00:00+00:00,69.98600,69.98600,69.71600,69.76600,774.00000
2026-06-26 17:15:00+00:00,69.76600,69.98600,69.70600,69.97600,628.00000
2026-06-26 17:30:00+00:00,69.98600,70.18600,69.98600,70.01600,846.00000
2026-06-26 17:45:00+00:00,70.00600,70.07600,69.89600,69.93600,765.00000
2026-06-26 18:00:00+00:00,69.93600,70.04600,69.88600,70.00600,858.00000
2026-06-26 18:15:00+00:00,70.01600,70.04600,69.77600,69.91600,1273.00000
2026-06-26 18:30:00+00:00,69.90600,69.91600,69.74600,69.79600,570.00000
2026-06-26 18:45:00+00:00,69.78600,69.86600,69.73600,69.79600,332.00000
2026-06-26 19:00:00+00:00,69.79600,69.79600,69.69600,69.76600,295.00000
2026-06-26 19:15:00+00:00,69.75600,69.89600,69.75600,69.86600,324.00000
2026-06-26 19:30:00+00:00,69.86600,70.08600,69.86600,70.08600,336.00000
2026-06-26 19:45:00+00:00,70.08600,70.27600,70.05600,70.18600,611.00000
2026-06-26 20:00:00+00:00,70.16600,70.19600,70.03600,70.07600,499.00000
2026-06-26 20:15:00+00:00,70.06600,70.22600,70.06600,70.21600,217.00000
2026-06-26 20:30:00+00:00,70.22600,70.90600,70.21600,70.49600,1945.00000
2026-06-26 20:45:00+00:00,70.50600,71.05600,70.47600,70.88600,941.00000
2026-06-28 22:00:00+00:00,71.31400,71.31400,70.38400,70.70400,1596.00000
2026-06-28 22:15:00+00:00,70.70400,70.95400,70.67400,70.93400,590.00000
2026-06-28 22:30:00+00:00,70.93400,70.96400,70.71400,70.74400,291.00000
2026-06-28 22:45:00+00:00,70.73400,70.75400,70.60400,70.62400,290.00000
2026-06-28 23:00:00+00:00,70.63400,70.67400,70.47400,70.56400,271.00000
2026-06-28 23:15:00+00:00,70.57400,70.58400,70.42400,70.44400,201.00000
2026-06-28 23:30:00+00:00,70.46400,70.51400,70.37400,70.37400,168.00000
2026-06-28 23:45:00+00:00,70.38400,70.38400,70.24400,70.34400,296.00000
2026-06-29 00:00:00+00:00,70.35400,70.35400,69.91400,70.03400,727.00000
2026-06-29 00:15:00+00:00,70.05400,70.38400,70.00400,70.36400,412.00000
2026-06-29 00:30:00+00:00,70.36400,70.56400,70.33400,70.51400,421.00000
2026-06-29 00:45:00+00:00,70.50400,70.63400,70.42400,70.43400,437.00000
2026-06-29 01:00:00+00:00,70.44400,70.81400,70.33400,70.77400,1649.00000
2026-06-29 01:15:00+00:00,70.78400,70.85400,70.65400,70.70400,847.00000
2026-06-29 01:30:00+00:00,70.70400,70.78400,70.61400,70.62400,730.00000
2026-06-29 01:45:00+00:00,70.62400,70.68400,70.54400,70.58400,676.00000
2026-06-29 02:00:00+00:00,70.57400,70.69400,70.53400,70.56400,640.00000
2026-06-29 02:15:00+00:00,70.57400,70.66400,70.56400,70.61400,225.00000
2026-06-29 02:30:00+00:00,70.61400,70.67400,70.36400,70.46400,719.00000
2026-06-29 02:45:00+00:00,70.45400,70.55400,70.39400,70.53400,520.00000
2026-06-29 03:00:00+00:00,70.53400,70.68400,70.48400,70.65400,521.00000
2026-06-29 03:15:00+00:00,70.65400,70.66400,70.50400,70.59400,394.00000
2026-06-29 03:30:00+00:00,70.57400,70.62400,70.50400,70.51400,245.00000
2026-06-29 03:45:00+00:00,70.51400,70.68400,70.50400,70.63400,183.00000
2026-06-29 04:00:00+00:00,70.64400,70.70400,70.61400,70.64400,151.00000
2026-06-29 04:15:00+00:00,70.63400,70.69400,70.59400,70.61400,179.00000
2026-06-29 04:30:00+00:00,70.61400,70.63400,70.55400,70.57400,156.00000
2026-06-29 04:45:00+00:00,70.57400,70.63400,70.53400,70.53400,186.00000
2026-06-29 05:00:00+00:00,70.52400,70.55400,70.26400,70.28400,371.00000
2026-06-29 05:15:00+00:00,70.28400,70.46400,70.28400,70.34400,264.00000
2026-06-29 05:30:00+00:00,70.36400,70.36400,70.06400,70.09400,1157.00000
2026-06-29 05:45:00+00:00,70.08400,70.21400,70.02400,70.07400,610.00000
2026-06-29 06:00:00+00:00,70.07400,70.41400,70.04400,70.31400,923.00000
2026-06-29 06:15:00+00:00,70.32400,70.66400,70.23400,70.65400,815.00000
2026-06-29 06:30:00+00:00,70.66400,70.87400,70.66400,70.80400,830.00000
2026-06-29 06:45:00+00:00,70.80400,70.84400,70.44400,70.53400,783.00000
2026-06-29 07:00:00+00:00,70.54400,70.57400,70.41400,70.46400,796.00000
2026-06-29 07:15:00+00:00,70.44400,70.58400,70.35400,70.53400,732.00000
2026-06-29 07:30:00+00:00,70.52400,70.59400,70.20400,70.26400,641.00000
2026-06-29 07:45:00+00:00,70.27400,70.35400,70.06400,70.11400,829.00000
2026-06-29 08:00:00+00:00,70.10400,70.50400,70.08400,70.43400,1076.00000
2026-06-29 08:15:00+00:00,70.44400,70.80400,70.36400,70.74400,1433.00000
2026-06-29 08:30:00+00:00,70.75400,70.82400,70.52400,70.65400,1015.00000
2026-06-29 08:45:00+00:00,70.66400,70.86400,70.50400,70.71400,1006.00000
2026-06-29 09:00:00+00:00,70.71400,70.79400,70.55400,70.60400,881.00000
2026-06-29 09:15:00+00:00,70.58400,70.94400,70.49400,70.91400,895.00000
2026-06-29 09:30:00+00:00,70.91400,71.10400,70.89400,70.95400,863.00000
2026-06-29 09:45:00+00:00,70.96400,71.30400,70.94400,71.18400,999.00000
2026-06-29 10:00:00+00:00,71.17400,71.19400,70.57400,70.65400,964.00000
2026-06-29 10:15:00+00:00,70.64400,70.69400,70.45400,70.57400,757.00000
2026-06-29 10:30:00+00:00,70.57400,70.68400,70.44400,70.47400,760.00000
2026-06-29 10:45:00+00:00,70.47400,70.57400,70.38400,70.43400,577.00000
2026-06-29 11:00:00+00:00,70.44400,70.45400,70.27400,70.37400,690.00000
2026-06-29 11:15:00+00:00,70.37400,70.61400,70.37400,70.59400,603.00000
2026-06-29 11:30:00+00:00,70.60400,70.66400,70.20400,70.42400,1057.00000
2026-06-29 11:45:00+00:00,70.43400,70.55400,70.28400,70.55400,693.00000
2026-06-29 12:00:00+00:00,70.56400,70.66400,70.29400,70.45400,852.00000
2026-06-29 12:15:00+00:00,70.46400,70.72400,70.46400,70.71400,866.00000
2026-06-29 12:30:00+00:00,70.70400,70.75400,70.54400,70.56400,861.00000
2026-06-29 12:45:00+00:00,70.56400,70.68400,70.42400,70.62400,795.00000
2026-06-29 13:00:00+00:00,70.62400,70.75400,70.47400,70.65400,1894.00000
2026-06-29 13:15:00+00:00,70.65400,70.87400,70.54400,70.84400,1211.00000
2026-06-29 13:30:00+00:00,70.84400,70.88400,70.56400,70.65400,1459.00000
2026-06-29 13:45:00+00:00,70.66400,70.87400,70.61400,70.66400,1031.00000
2026-06-29 14:00:00+00:00,70.66400,70.84400,70.56400,70.79400,1349.00000
2026-06-29 14:15:00+00:00,70.80400,71.05400,70.75400,71.01400,1917.00000
2026-06-29 14:30:00+00:00,71.02400,71.10400,70.87400,70.94400,1118.00000
2026-06-29 14:45:00+00:00,70.96400,71.17400,70.89400,71.06400,1020.00000
2026-06-29 15:00:00+00:00,71.06400,71.11400,70.85400,71.08400,1080.00000
2026-06-29 15:15:00+00:00,71.09400,71.12400,70.95400,71.05400,1275.00000
2026-06-29 15:30:00+00:00,71.07400,71.22400,70.99400,71.16400,1019.00000
2026-06-29 15:45:00+00:00,71.16400,71.29400,71.12400,71.18400,631.00000
2026-06-29 16:00:00+00:00,71.17400,71.40400,71.14400,71.27400,688.00000
2026-06-29 16:15:00+00:00,71.28400,71.42400,71.22400,71.40400,558.00000
2026-06-29 16:30:00+00:00,71.41400,71.59400,71.39400,71.57400,543.00000
2026-06-29 16:45:00+00:00,71.57400,71.62400,71.36400,71.39400,684.00000
2026-06-29 17:00:00+00:00,71.39400,71.53400,71.26400,71.51400,693.00000
2026-06-29 17:15:00+00:00,71.50400,71.72400,71.43400,71.48400,799.00000
2026-06-29 17:30:00+00:00,71.46400,71.58400,71.42400,71.49400,851.00000
2026-06-29 17:45:00+00:00,71.50400,71.51400,71.42400,71.49400,584.00000
2026-06-29 18:00:00+00:00,71.49400,71.58400,71.39400,71.41400,805.00000
2026-06-29 18:15:00+00:00,71.41400,71.50400,71.06400,71.40400,1397.00000
2026-06-29 18:30:00+00:00,71.41400,71.43400,71.18400,71.19400,592.00000
2026-06-29 18:45:00+00:00,71.18400,71.20400,71.03400,71.05400,273.00000
2026-06-29 19:00:00+00:00,71.05400,71.13400,71.04400,71.09400,191.00000
2026-06-29 19:15:00+00:00,71.10400,71.10400,70.99400,71.00400,248.00000
2026-06-29 19:30:00+00:00,71.00400,71.08400,70.97400,71.01400,225.00000
2026-06-29 19:45:00+00:00,71.01400,71.13400,70.95400,71.11400,244.00000
2026-06-29 20:00:00+00:00,71.12400,71.16400,71.09400,71.09400,145.00000
2026-06-29 20:15:00+00:00,71.09400,71.14400,71.05400,71.06400,101.00000
2026-06-29 20:30:00+00:00,71.06400,71.18400,71.06200,71.07400,120.00000
2026-06-29 20:45:00+00:00,71.06400,71.09400,71.00400,71.02400,216.00000
2026-06-29 22:00:00+00:00,71.02700,71.02700,70.86700,70.87700,165.00000
2026-06-29 22:15:00+00:00,70.86700,70.96700,70.79700,70.92700,99.00000
2026-06-29 22:30:00+00:00,70.92700,70.93700,70.84700,70.86700,78.00000
2026-06-29 22:45:00+00:00,70.85700,70.86700,70.81700,70.82700,59.00000
2026-06-29 23:00:00+00:00,70.83700,70.84700,70.74700,70.75700,84.00000
2026-06-29 23:15:00+00:00,70.75700,70.87700,70.74700,70.85700,78.00000
2026-06-29 23:30:00+00:00,70.84700,70.84700,70.69700,70.71700,118.00000
2026-06-29 23:45:00+00:00,70.72700,70.78700,70.69700,70.69700,89.00000
2026-06-30 00:00:00+00:00,70.70700,70.90700,70.70700,70.85700,313.00000
2026-06-30 00:15:00+00:00,70.86700,70.95700,70.83700,70.90700,238.00000
2026-06-30 00:30:00+00:00,70.90700,70.90700,70.75700,70.76700,181.00000
2026-06-30 00:45:00+00:00,70.77700,70.89700,70.76700,70.85700,281.00000
2026-06-30 01:00:00+00:00,70.86700,70.97700,70.67700,70.78700,1065.00000
2026-06-30 01:15:00+00:00,70.77700,70.84700,70.73700,70.75700,550.00000
2026-06-30 01:30:00+00:00,70.74700,70.93700,70.69700,70.88700,612.00000
2026-06-30 01:45:00+00:00,70.89700,70.95700,70.84700,70.88700,564.00000
2026-06-30 02:00:00+00:00,70.89700,71.03700,70.83700,70.98700,513.00000
2026-06-30 02:15:00+00:00,70.99700,71.01700,70.90700,70.99700,176.00000
2026-06-30 02:30:00+00:00,71.00700,71.03700,70.90700,70.94700,563.00000
2026-06-30 02:45:00+00:00,70.95700,71.41700,70.95700,71.23700,673.00000
2026-06-30 03:00:00+00:00,71.24700,71.28700,71.12700,71.22700,528.00000
2026-06-30 03:15:00+00:00,71.23700,71.24700,71.01700,71.03700,417.00000
2026-06-30 03:30:00+00:00,71.02700,71.15700,70.91700,70.92700,246.00000
2026-06-30 03:45:00+00:00,70.92700,70.97700,70.86700,70.93700,228.00000
2026-06-30 04:00:00+00:00,70.93700,71.00700,70.92700,70.99700,145.00000
2026-06-30 04:15:00+00:00,70.98700,71.03700,70.83700,70.83700,165.00000
2026-06-30 04:30:00+00:00,70.83700,70.87700,70.78700,70.79700,148.00000
2026-06-30 04:45:00+00:00,70.80700,70.83700,70.76700,70.77700,119.00000
2026-06-30 05:00:00+00:00,70.77700,70.78700,70.48700,70.77700,435.00000
2026-06-30 05:15:00+00:00,70.75700,70.78700,70.72700,70.77700,247.00000
2026-06-30 05:30:00+00:00,70.77700,70.89700,70.64700,70.88700,703.00000
2026-06-30 05:45:00+00:00,70.89700,70.92700,70.63700,70.66700,593.00000
2026-06-30 06:00:00+00:00,70.67700,70.69700,70.52700,70.59700,778.00000
2026-06-30 06:15:00+00:00,70.59700,70.60700,70.36700,70.38700,787.00000
2026-06-30 06:30:00+00:00,70.39700,70.55700,70.31700,70.54700,665.00000
2026-06-30 06:45:00+00:00,70.53700,70.76700,70.51700,70.69700,723.00000
2026-06-30 07:00:00+00:00,70.68700,70.96700,70.65700,70.90700,867.00000
2026-06-30 07:15:00+00:00,70.89700,70.98700,70.80700,70.89700,625.00000
2026-06-30 07:30:00+00:00,70.89700,70.98700,70.71700,70.77700,711.00000
2026-06-30 07:45:00+00:00,70.77700,70.95700,70.74700,70.82700,897.00000
2026-06-30 08:00:00+00:00,70.83700,71.18700,70.70700,71.13700,1298.00000
2026-06-30 08:15:00+00:00,71.13700,71.32700,70.99700,71.05700,1474.00000
2026-06-30 08:30:00+00:00,71.05700,71.43700,71.00700,71.33700,1416.00000
2026-06-30 08:45:00+00:00,71.32700,71.41700,70.94700,71.09700,1237.00000
2026-06-30 09:00:00+00:00,71.08700,71.20700,71.08700,71.14700,883.00000
2026-06-30 09:15:00+00:00,71.15700,71.33700,71.02700,71.26700,1393.00000
2026-06-30 09:30:00+00:00,71.25700,71.47700,71.23700,71.36700,1047.00000
2026-06-30 09:45:00+00:00,71.35700,71.60700,71.33700,71.58700,786.00000
2026-06-30 10:00:00+00:00,71.58700,71.72700,71.49700,71.58700,924.00000
2026-06-30 10:15:00+00:00,71.58700,71.63700,71.22700,71.25700,662.00000
2026-06-30 10:30:00+00:00,71.25700,71.46700,71.10700,71.17700,710.00000
2026-06-30 10:45:00+00:00,71.16700,71.34700,71.16700,71.24700,631.00000
2026-06-30 11:00:00+00:00,71.25700,71.36700,71.21700,71.24700,736.00000
2026-06-30 11:15:00+00:00,71.25700,71.32700,71.10700,71.32700,1046.00000
2026-06-30 11:30:00+00:00,71.31700,71.48700,71.27700,71.45700,693.00000
2026-06-30 11:45:00+00:00,71.47700,71.75700,71.42700,71.71700,872.00000
2026-06-30 12:00:00+00:00,71.72700,71.79700,71.59700,71.73700,845.00000
2026-06-30 12:15:00+00:00,71.73700,72.10700,71.71700,71.78700,1215.00000
2026-06-30 12:30:00+00:00,71.78700,71.78700,71.38700,71.52700,950.00000
2026-06-30 12:45:00+00:00,71.51700,71.63700,71.47700,71.53700,860.00000
2026-06-30 13:00:00+00:00,71.50700,72.06700,71.42700,72.05700,2080.00000
2026-06-30 13:15:00+00:00,72.06700,72.12700,71.40700,71.78700,1953.00000
2026-06-30 13:30:00+00:00,71.77700,71.77700,71.26700,71.31700,1534.00000
2026-06-30 13:45:00+00:00,71.32700,71.52700,71.26700,71.44700,1201.00000
2026-06-30 14:00:00+00:00,71.45700,71.52700,71.38700,71.39700,1214.00000
2026-06-30 14:15:00+00:00,71.39700,71.40700,71.11700,71.37700,1327.00000
2026-06-30 14:30:00+00:00,71.37700,71.44700,71.07700,71.10700,1427.00000
2026-06-30 14:45:00+00:00,71.11700,71.16700,70.90700,70.98700,1316.00000
2026-06-30 15:00:00+00:00,70.98700,70.99700,70.70700,70.79700,1480.00000
2026-06-30 15:15:00+00:00,70.79700,70.93700,70.57700,70.62700,1536.00000
2026-06-30 15:30:00+00:00,70.60700,70.74700,70.51700,70.64700,1159.00000
2026-06-30 15:45:00+00:00,70.63700,70.65700,70.28700,70.32700,940.00000
2026-06-30 16:00:00+00:00,70.33700,70.66700,70.31700,70.66700,868.00000
2026-06-30 16:15:00+00:00,70.65700,70.72700,70.52700,70.54700,664.00000
2026-06-30 16:30:00+00:00,70.55700,70.55700,70.38700,70.50700,582.00000
2026-06-30 16:45:00+00:00,70.51700,70.52700,70.31700,70.35700,635.00000
2026-06-30 17:00:00+00:00,70.35700,70.42700,70.28700,70.40700,596.00000
2026-06-30 17:15:00+00:00,70.41700,70.45700,70.12700,70.22700,768.00000
2026-06-30 17:30:00+00:00,70.21700,70.25700,70.12700,70.23700,567.00000
2026-06-30 17:45:00+00:00,70.24700,70.32700,70.22700,70.23700,552.00000
2026-06-30 18:00:00+00:00,70.23700,70.29700,70.01700,70.05700,769.00000
2026-06-30 18:15:00+00:00,70.05700,70.13700,69.79700,70.07700,1308.00000
2026-06-30 18:30:00+00:00,70.08700,70.41700,70.06700,70.36700,663.00000
2026-06-30 18:45:00+00:00,70.36700,70.58700,70.32700,70.53700,501.00000
2026-06-30 19:00:00+00:00,70.54700,70.58700,70.46700,70.50700,385.00000
2026-06-30 19:15:00+00:00,70.50700,70.63700,70.49700,70.58700,310.00000
2026-06-30 19:30:00+00:00,70.58700,70.71700,70.58700,70.62700,302.00000
2026-06-30 19:45:00+00:00,70.62700,70.69700,70.61700,70.64700,349.00000
2026-06-30 20:00:00+00:00,70.63700,70.72700,70.58700,70.63700,293.00000
2026-06-30 20:15:00+00:00,70.64700,70.66700,70.59700,70.62700,225.00000
2026-06-30 20:30:00+00:00,70.63700,70.66700,70.58700,70.61700,221.00000
2026-06-30 20:45:00+00:00,70.61700,70.65700,70.54700,70.62700,267.00000
2026-06-30 22:00:00+00:00,70.57000,70.68000,70.46000,70.50000,177.00000
2026-06-30 22:15:00+00:00,70.49000,70.49000,70.43000,70.47000,56.00000
2026-06-30 22:30:00+00:00,70.48000,70.51000,70.46000,70.46000,39.00000
2026-06-30 22:45:00+00:00,70.46000,70.53000,70.42800,70.52000,36.00000
2026-06-30 23:00:00+00:00,70.50000,70.57000,70.46000,70.55000,58.00000
2026-06-30 23:15:00+00:00,70.55000,70.60000,70.55000,70.56000,31.00000
2026-06-30 23:30:00+00:00,70.56000,70.64000,70.49000,70.52000,99.00000
2026-06-30 23:45:00+00:00,70.53000,70.65000,70.53000,70.65000,65.00000
2026-07-01 00:00:00+00:00,70.61000,70.72000,70.58000,70.66000,318.00000
2026-07-01 00:15:00+00:00,70.67000,70.67000,70.51000,70.53000,235.00000
2026-07-01 00:30:00+00:00,70.54000,70.64000,70.53000,70.58000,190.00000
2026-07-01 00:45:00+00:00,70.58000,70.65000,70.54000,70.65000,182.00000
2026-07-01 01:00:00+00:00,70.66000,70.69000,70.39000,70.46000,865.00000
2026-07-01 01:15:00+00:00,70.45000,70.52000,70.37000,70.47000,601.00000
2026-07-01 01:30:00+00:00,70.46000,70.51000,70.32000,70.39000,495.00000
2026-07-01 01:45:00+00:00,70.38000,70.43000,70.19000,70.31000,602.00000
2026-07-01 02:00:00+00:00,70.31000,70.33000,70.21000,70.28000,450.00000
2026-07-01 02:15:00+00:00,70.28000,70.38000,70.28000,70.30000,160.00000
2026-07-01 02:30:00+00:00,70.32000,70.42000,70.26000,70.33000,497.00000
2026-07-01 02:45:00+00:00,70.33000,70.37000,70.28000,70.33000,361.00000
2026-07-01 03:00:00+00:00,70.34000,70.40000,70.30000,70.33000,355.00000
2026-07-01 03:15:00+00:00,70.33000,70.40000,70.30000,70.30000,283.00000
2026-07-01 03:30:00+00:00,70.30000,70.41000,70.29000,70.36000,139.00000
2026-07-01 03:45:00+00:00,70.37000,70.37000,70.31000,70.34000,85.00000
2026-07-01 04:00:00+00:00,70.35000,70.38000,70.30000,70.30000,77.00000
2026-07-01 04:15:00+00:00,70.29000,70.30000,70.27000,70.30000,78.00000
2026-07-01 04:30:00+00:00,70.29000,70.30000,70.24000,70.28000,109.00000
2026-07-01 04:45:00+00:00,70.29000,70.30000,70.21000,70.26000,137.00000
2026-07-01 05:00:00+00:00,70.26000,70.31000,70.24000,70.30000,89.00000
2026-07-01 05:15:00+00:00,70.30000,70.40000,70.28000,70.30000,157.00000
2026-07-01 05:30:00+00:00,70.29000,70.32000,70.16000,70.23000,466.00000
2026-07-01 05:45:00+00:00,70.22000,70.29000,70.11000,70.13000,371.00000
2026-07-01 06:00:00+00:00,70.12000,70.23000,70.09000,70.14000,469.00000
2026-07-01 06:15:00+00:00,70.14000,70.15000,69.98000,70.06000,552.00000
2026-07-01 06:30:00+00:00,70.06000,70.17000,69.97000,70.10000,630.00000
2026-07-01 06:45:00+00:00,70.09000,70.13000,69.97000,70.12000,605.00000
2026-07-01 07:00:00+00:00,70.12000,70.25000,69.95000,70.23000,718.00000
2026-07-01 07:15:00+00:00,70.24000,70.24000,69.85400,69.92000,549.00000
2026-07-01 07:30:00+00:00,69.91000,70.06000,69.70400,69.93000,610.00000
2026-07-01 07:45:00+00:00,69.92000,70.01000,69.84000,69.89000,565.00000
2026-07-01 08:00:00+00:00,69.88000,69.97000,69.72000,69.84000,824.00000
2026-07-01 08:15:00+00:00,69.85000,69.87000,69.45000,69.47000,1348.00000
2026-07-01 08:30:00+00:00,69.46000,69.54000,69.21000,69.34000,1426.00000
2026-07-01 08:45:00+00:00,69.33000,69.43000,68.83000,68.88000,1128.00000
2026-07-01 09:00:00+00:00,68.88000,69.09000,68.77000,68.86000,1298.00000
2026-07-01 09:15:00+00:00,68.87000,69.05000,68.83000,69.00000,746.00000
2026-07-01 09:30:00+00:00,68.99000,69.19000,68.98000,69.17000,836.00000
2026-07-01 09:45:00+00:00,69.18000,69.32000,69.17000,69.32000,890.00000
2026-07-01 10:00:00+00:00,69.33000,69.55000,69.32000,69.50000,927.00000
2026-07-01 10:15:00+00:00,69.50000,69.50000,69.22000,69.29000,831.00000
2026-07-01 10:30:00+00:00,69.30000,69.45000,69.14000,69.38000,771.00000
2026-07-01 10:45:00+00:00,69.38000,69.48000,69.28000,69.38000,615.00000
2026-07-01 11:00:00+00:00,69.37000,69.56000,69.25000,69.50000,825.00000
2026-07-01 11:15:00+00:00,69.50000,69.58000,69.38000,69.51000,700.00000
2026-07-01 11:30:00+00:00,69.51000,69.61000,69.41000,69.47000,700.00000
2026-07-01 11:45:00+00:00,69.47000,69.70000,69.46000,69.67000,699.00000
2026-07-01 12:00:00+00:00,69.69000,69.72000,69.32000,69.38000,977.00000
2026-07-01 12:15:00+00:00,69.38000,69.66000,69.33000,69.42000,855.00000
2026-07-01 12:30:00+00:00,69.42000,69.45000,69.28000,69.42000,895.00000
2026-07-01 12:45:00+00:00,69.43000,69.44000,69.19000,69.30000,946.00000
2026-07-01 13:00:00+00:00,69.31000,69.78000,69.31000,69.67000,1701.00000
2026-07-01 13:15:00+00:00,69.68000,69.68000,69.38000,69.41000,1303.00000
2026-07-01 13:30:00+00:00,69.42000,69.50000,69.29000,69.43000,1604.00000
2026-07-01 13:45:00+00:00,69.42000,69.69000,69.42000,69.61000,1050.00000
2026-07-01 14:00:00+00:00,69.59000,69.65000,69.32000,69.42000,1467.00000
2026-07-01 14:15:00+00:00,69.43000,69.48000,69.26000,69.33000,999.00000
2026-07-01 14:30:00+00:00,69.33000,69.41000,69.11000,69.19000,1604.00000
2026-07-01 14:45:00+00:00,69.18000,69.22000,68.69000,68.73000,1783.00000
2026-07-01 15:00:00+00:00,68.72000,69.09000,68.64000,68.96000,1719.00000
2026-07-01 15:15:00+00:00,68.95000,69.02000,68.64000,68.65000,1354.00000
2026-07-01 15:30:00+00:00,68.65000,68.89000,68.61000,68.86000,1484.00000
2026-07-01 15:45:00+00:00,68.87000,68.92000,68.61400,68.69000,882.00000
2026-07-01 16:00:00+00:00,68.70000,68.70000,68.57000,68.67000,808.00000
2026-07-01 16:15:00+00:00,68.66000,68.82000,68.66000,68.74000,763.00000
2026-07-01 16:30:00+00:00,68.74000,68.89000,68.65000,68.86000,668.00000
2026-07-01 16:45:00+00:00,68.86000,68.99000,68.78000,68.81000,802.00000
2026-07-01 17:00:00+00:00,68.81000,68.87000,68.68000,68.85000,709.00000
2026-07-01 17:15:00+00:00,68.85000,68.94000,68.83000,68.93000,512.00000
2026-07-01 17:30:00+00:00,68.93000,68.95000,68.76000,68.78000,522.00000
2026-07-01 17:45:00+00:00,68.77000,68.84000,68.67000,68.83000,611.00000
2026-07-01 18:00:00+00:00,68.84000,68.92000,68.80000,68.86000,720.00000
2026-07-01 18:15:00+00:00,68.88000,69.26000,68.85000,69.22000,841.00000
2026-07-01 18:30:00+00:00,69.24000,69.26000,68.90000,68.96000,641.00000
2026-07-01 18:45:00+00:00,68.96000,68.97000,68.82000,68.83000,274.00000
2026-07-01 19:00:00+00:00,68.82000,68.83000,68.73000,68.82000,284.00000
2026-07-01 19:15:00+00:00,68.79000,68.88000,68.79000,68.80000,330.00000
2026-07-01 19:30:00+00:00,68.79000,68.80000,68.57000,68.70000,373.00000
2026-07-01 19:45:00+00:00,68.70000,68.70000,68.45500,68.56000,417.00000
2026-07-01 20:00:00+00:00,68.55000,68.60000,68.50000,68.53000,266.00000
2026-07-01 20:15:00+00:00,68.52000,68.68000,68.49000,68.66000,178.00000
2026-07-01 20:30:00+00:00,68.65000,68.67000,68.58000,68.65000,179.00000
2026-07-01 20:45:00+00:00,68.64000,68.67000,68.60000,68.61000,192.00000
2026-07-01 22:00:00+00:00,68.55300,68.66300,68.54300,68.57300,146.00000
2026-07-01 22:15:00+00:00,68.57300,68.60300,68.46300,68.47300,88.00000
2026-07-01 22:30:00+00:00,68.49300,68.56300,68.48300,68.54300,70.00000
2026-07-01 22:45:00+00:00,68.55300,68.57300,68.51300,68.52300,35.00000
2026-07-01 23:00:00+00:00,68.51300,68.52300,68.50300,68.50300,38.00000
2026-07-01 23:15:00+00:00,68.46300,68.54300,68.46300,68.54300,43.00000
2026-07-01 23:30:00+00:00,68.55300,68.56300,68.47300,68.54300,48.00000
2026-07-01 23:45:00+00:00,68.55300,68.55300,68.48300,68.49300,56.00000
2026-07-02 00:00:00+00:00,68.52300,68.63300,68.25300,68.45300,450.00000
2026-07-02 00:15:00+00:00,68.46300,68.46300,68.31300,68.37300,273.00000
2026-07-02 00:30:00+00:00,68.38300,68.43300,68.31300,68.32300,258.00000
2026-07-02 00:45:00+00:00,68.31300,68.42300,68.23300,68.40300,203.00000
2026-07-02 01:00:00+00:00,68.39300,68.44300,68.19300,68.30300,1010.00000
2026-07-02 01:15:00+00:00,68.29300,68.34300,68.11300,68.12300,777.00000
2026-07-02 01:30:00+00:00,68.13300,68.25300,68.10300,68.23300,378.00000
2026-07-02 01:45:00+00:00,68.22300,68.35300,68.11300,68.31300,418.00000
2026-07-02 02:00:00+00:00,68.31300,68.48300,68.15300,68.33300,523.00000
2026-07-02 02:15:00+00:00,68.34300,68.37300,68.29300,68.34300,150.00000
2026-07-02 02:30:00+00:00,68.34300,68.40300,68.23300,68.26300,383.00000
2026-07-02 02:45:00+00:00,68.27300,68.33300,68.16300,68.21300,383.00000
2026-07-02 03:00:00+00:00,68.20300,68.27300,68.10300,68.12300,341.00000
2026-07-02 03:15:00+00:00,68.12300,68.16300,68.07300,68.14300,375.00000
2026-07-02 03:30:00+00:00,68.14300,68.26300,68.14300,68.23300,308.00000
2026-07-02 03:45:00+00:00,68.24300,68.28300,68.13300,68.23300,268.00000
2026-07-02 04:00:00+00:00,68.22300,68.30300,68.22300,68.29300,102.00000
2026-07-02 04:15:00+00:00,68.29300,68.34300,68.29300,68.33300,63.00000
2026-07-02 04:30:00+00:00,68.32300,68.42300,68.31300,68.41300,134.00000
2026-07-02 04:45:00+00:00,68.40300,68.41300,68.37300,68.40300,113.00000
2026-07-02 05:00:00+00:00,68.42300,68.42300,68.36100,68.36300,101.00000
2026-07-02 05:15:00+00:00,68.36300,68.40300,68.33300,68.37300,96.00000
2026-07-02 05:30:00+00:00,68.38300,68.41300,68.22300,68.31300,611.00000
2026-07-02 05:45:00+00:00,68.31300,68.41300,68.28300,68.38300,419.00000
2026-07-02 06:00:00+00:00,68.39300,68.44300,68.18300,68.20300,663.00000
2026-07-02 06:15:00+00:00,68.20300,68.49300,68.20300,68.48300,643.00000
2026-07-02 06:30:00+00:00,68.49300,68.49300,68.21300,68.26300,627.00000
2026-07-02 06:45:00+00:00,68.27300,68.27300,68.02300,68.06300,722.00000
2026-07-02 07:00:00+00:00,68.05300,68.11300,67.96300,68.03300,805.00000
2026-07-02 07:15:00+00:00,68.02300,68.57300,67.98300,68.46300,764.00000
2026-07-02 07:30:00+00:00,68.46300,68.66300,68.43300,68.65300,896.00000
2026-07-02 07:45:00+00:00,68.65300,68.74300,68.39300,68.46300,756.00000
2026-07-02 08:00:00+00:00,68.42300,68.70300,68.38300,68.62300,1173.00000
2026-07-02 08:15:00+00:00,68.62300,68.74300,68.51300,68.66300,1408.00000
2026-07-02 08:30:00+00:00,68.66300,68.74300,68.39300,68.48300,1027.00000
2026-07-02 08:45:00+00:00,68.47300,68.55300,68.29300,68.37300,755.00000
2026-07-02 09:00:00+00:00,68.38300,68.40300,68.08300,68.16300,894.00000
2026-07-02 09:15:00+00:00,68.16300,68.26300,67.99300,67.99300,734.00000
2026-07-02 09:30:00+00:00,67.98300,68.08300,67.86300,68.07300,694.00000
2026-07-02 09:45:00+00:00,68.07300,68.16300,67.96300,68.01300,684.00000
2026-07-02 10:00:00+00:00,68.05300,68.13300,67.96300,68.08300,692.00000
2026-07-02 10:15:00+00:00,68.07300,68.20300,68.07300,68.14300,513.00000
2026-07-02 10:30:00+00:00,68.15300,68.19300,68.06300,68.14300,484.00000
2026-07-02 10:45:00+00:00,68.13300,68.19300,67.93300,67.95300,523.00000
2026-07-02 11:00:00+00:00,67.96300,68.12300,67.93300,67.99300,579.00000
2026-07-02 11:15:00+00:00,67.99300,68.00300,67.75300,67.80300,654.00000
2026-07-02 11:30:00+00:00,67.80300,67.80300,67.55300,67.78300,742.00000
2026-07-02 11:45:00+00:00,67.78300,67.82300,67.67300,67.69300,524.00000
2026-07-02 12:00:00+00:00,67.67300,67.83300,67.64300,67.71300,582.00000
2026-07-02 12:15:00+00:00,67.72300,67.83300,67.61300,67.83300,664.00000
2026-07-02 12:30:00+00:00,67.79300,67.92300,67.76300,67.76300,1204.00000
2026-07-02 12:45:00+00:00,67.77300,68.17300,67.77300,68.07300,1041.00000
2026-07-02 13:00:00+00:00,68.05300,68.25300,67.97300,68.01300,1386.00000
2026-07-02 13:15:00+00:00,68.01300,68.24300,67.99300,68.22300,1061.00000
2026-07-02 13:30:00+00:00,68.21300,68.39300,68.14300,68.35300,1359.00000
2026-07-02 13:45:00+00:00,68.36300,68.59300,68.24300,68.27300,1140.00000
2026-07-02 14:00:00+00:00,68.26300,68.34300,68.13300,68.15300,1285.00000
2026-07-02 14:15:00+00:00,68.16300,68.26300,68.03300,68.12300,948.00000
2026-07-02 14:30:00+00:00,68.13300,68.26300,68.08300,68.21300,1132.00000
2026-07-02 14:45:00+00:00,68.21300,68.34300,68.13300,68.24300,1014.00000
2026-07-02 15:00:00+00:00,68.26300,68.33300,67.97300,68.10300,1298.00000
2026-07-02 15:15:00+00:00,68.09300,68.39300,68.09300,68.21300,1463.00000
2026-07-02 15:30:00+00:00,68.22300,68.23300,68.04300,68.06300,833.00000
2026-07-02 15:45:00+00:00,68.05300,68.24300,67.94300,68.23300,891.00000
2026-07-02 16:00:00+00:00,68.24300,68.63300,68.18300,68.61300,1236.00000
2026-07-02 16:15:00+00:00,68.59300,68.71300,68.56300,68.62300,872.00000
2026-07-02 16:30:00+00:00,68.61300,68.65300,68.50300,68.57300,586.00000
2026-07-02 16:45:00+00:00,68.57300,68.78300,68.56300,68.63300,569.00000
2026-07-02 17:00:00+00:00,68.63300,68.81300,68.60300,68.80300,510.00000
2026-07-02 17:15:00+00:00,68.79300,68.85300,68.71300,68.83300,550.00000
2026-07-02 17:30:00+00:00,68.83300,68.99300,68.80300,68.98300,585.00000
2026-07-02 17:45:00+00:00,68.99300,69.02300,68.93300,68.98300,827.00000
2026-07-02 18:00:00+00:00,68.98300,69.04300,68.86300,69.01300,787.00000
2026-07-02 18:15:00+00:00,69.00300,69.31300,68.97300,69.18300,1436.00000
2026-07-02 18:30:00+00:00,69.17300,69.22300,69.06300,69.14300,513.00000
2026-07-02 18:45:00+00:00,69.14300,69.16300,68.95300,68.96300,228.00000
2026-07-02 19:00:00+00:00,68.95300,69.02300,68.93300,68.99300,204.00000
2026-07-02 19:15:00+00:00,68.99300,69.04300,68.92300,68.96300,247.00000
2026-07-02 19:30:00+00:00,68.97300,69.05300,68.93300,68.96300,172.00000
2026-07-02 19:45:00+00:00,68.96300,69.00300,68.93300,68.98300,168.00000
2026-07-02 20:00:00+00:00,68.98300,69.00300,68.94300,68.97300,135.00000
2026-07-02 20:15:00+00:00,68.98300,69.02300,68.95300,68.98300,115.00000
2026-07-02 20:30:00+00:00,69.00300,69.01300,68.97300,68.98300,61.00000
2026-07-02 20:45:00+00:00,68.98300,68.99300,68.94300,68.95300,108.00000
2026-07-02 22:00:00+00:00,68.88500,69.00500,68.85500,68.98500,152.00000
2026-07-02 22:15:00+00:00,68.97500,69.01500,68.95500,68.96500,29.00000
2026-07-02 22:30:00+00:00,68.98500,69.00500,68.95500,68.97500,35.00000
2026-07-02 22:45:00+00:00,68.96500,68.97500,68.94500,68.96500,34.00000
2026-07-02 23:00:00+00:00,68.96500,68.96500,68.87500,68.95500,51.00000
2026-07-02 23:15:00+00:00,68.94500,68.94500,68.88700,68.94500,32.00000
2026-07-02 23:30:00+00:00,68.93500,68.96500,68.93500,68.95500,20.00000
2026-07-02 23:45:00+00:00,68.94500,68.95500,68.86500,68.86500,37.00000
2026-07-03 00:00:00+00:00,68.85500,68.90500,68.81500,68.88500,268.00000
2026-07-03 00:15:00+00:00,68.87500,68.91500,68.83500,68.87500,134.00000
2026-07-03 00:30:00+00:00,68.87500,68.92500,68.83500,68.88500,123.00000
2026-07-03 00:45:00+00:00,68.88500,69.00500,68.85500,68.91500,229.00000
2026-07-03 01:00:00+00:00,68.90500,69.07500,68.83500,68.85500,1088.00000
2026-07-03 01:15:00+00:00,68.84500,69.02500,68.79500,69.01500,683.00000
2026-07-03 01:30:00+00:00,69.00500,69.28500,69.00500,69.27500,719.00000
2026-07-03 01:45:00+00:00,69.26500,69.40500,69.21500,69.37500,777.00000
2026-07-03 02:00:00+00:00,69.38500,69.48500,69.35500,69.41500,572.00000
2026-07-03 02:15:00+00:00,69.42500,69.46500,69.37500,69.42500,208.00000
2026-07-03 02:30:00+00:00,69.44500,69.61500,69.36500,69.54500,758.00000
2026-07-03 02:45:00+00:00,69.54500,69.55500,69.30500,69.37500,740.00000
2026-07-03 03:00:00+00:00,69.37500,69.59500,69.36500,69.53500,480.00000
2026-07-03 03:15:00+00:00,69.53500,69.64500,69.50500,69.56500,415.00000
2026-07-03 03:30:00+00:00,69.56500,69.57500,69.46500,69.46500,320.00000
2026-07-03 03:45:00+00:00,69.47500,69.51500,69.45500,69.49500,102.00000
2026-07-03 04:00:00+00:00,69.50500,69.52500,69.48500,69.51500,79.00000
2026-07-03 04:15:00+00:00,69.49500,69.52500,69.44500,69.49500,87.00000
2026-07-03 04:30:00+00:00,69.49500,69.57500,69.48500,69.52500,160.00000
2026-07-03 04:45:00+00:00,69.52500,69.53500,69.44500,69.45500,147.00000
2026-07-03 05:00:00+00:00,69.45500,69.55500,69.45500,69.52500,190.00000
2026-07-03 05:15:00+00:00,69.51500,69.57500,69.47500,69.47500,174.00000
2026-07-03 05:30:00+00:00,69.47500,69.67500,69.47500,69.66500,554.00000
2026-07-03 05:45:00+00:00,69.67500,69.71500,69.61500,69.67500,402.00000
2026-07-03 06:00:00+00:00,69.68500,69.73500,69.45500,69.46500,486.00000
2026-07-03 06:15:00+00:00,69.46500,69.48500,69.38500,69.41500,505.00000
2026-07-03 06:30:00+00:00,69.41500,69.58500,69.40500,69.46500,463.00000
2026-07-03 06:45:00+00:00,69.46500,69.48500,69.37500,69.42500,581.00000
2026-07-03 07:00:00+00:00,69.41500,69.47500,69.15500,69.17500,727.00000
2026-07-03 07:15:00+00:00,69.17500,69.27500,69.02500,69.04500,562.00000
2026-07-03 07:30:00+00:00,69.04500,69.18500,68.96500,69.08500,510.00000
2026-07-03 07:45:00+00:00,69.09500,69.10500,68.89500,68.99500,674.00000
2026-07-03 08:00:00+00:00,68.98500,69.21500,68.98500,69.17500,573.00000
2026-07-03 08:15:00+00:00,69.16500,69.16500,68.62500,68.73500,1575.00000
2026-07-03 08:30:00+00:00,68.74500,68.98500,68.64500,68.90500,1198.00000
2026-07-03 08:45:00+00:00,68.91500,69.26500,68.87500,69.25500,927.00000
2026-07-03 09:00:00+00:00,69.25500,69.32500,68.96500,69.16500,908.00000
2026-07-03 09:15:00+00:00,69.17500,69.24500,69.04500,69.20500,773.00000
2026-07-03 09:30:00+00:00,69.20500,69.23500,69.01500,69.02500,654.00000
2026-07-03 09:45:00+00:00,69.03500,69.24500,69.02500,69.14500,557.00000
2026-07-03 10:00:00+00:00,69.15500,69.21500,69.03500,69.07500,678.00000
2026-07-03 10:15:00+00:00,69.08500,69.10500,68.98500,69.04500,537.00000
2026-07-03 10:30:00+00:00,69.03500,69.14500,68.89500,69.08500,601.00000
2026-07-03 10:45:00+00:00,69.08500,69.16500,69.05500,69.08500,396.00000
2026-07-03 11:00:00+00:00,69.12500,69.19500,69.00500,69.02500,605.00000
2026-07-03 11:15:00+00:00,69.02500,69.02500,68.89500,68.97500,464.00000
2026-07-03 11:30:00+00:00,68.98500,68.99500,68.84500,68.86500,525.00000
2026-07-03 11:45:00+00:00,68.86500,68.95500,68.83500,68.87500,511.00000
2026-07-03 12:00:00+00:00,68.87500,68.88500,68.62900,68.74500,706.00000
2026-07-03 12:15:00+00:00,68.73500,68.88500,68.67300,68.77500,502.00000
2026-07-03 12:30:00+00:00,68.77500,68.78500,68.55500,68.69500,544.00000
2026-07-03 12:45:00+00:00,68.70500,68.76500,68.59500,68.73500,419.00000
2026-07-03 13:00:00+00:00,68.73500,69.11500,68.70500,69.08500,1260.00000
2026-07-03 13:15:00+00:00,69.07500,69.15500,68.98500,69.11500,942.00000
2026-07-03 13:30:00+00:00,69.10500,69.18500,69.01500,69.05500,767.00000
2026-07-03 13:45:00+00:00,69.04500,69.24500,69.03500,69.23500,646.00000
2026-07-03 14:00:00+00:00,69.23500,69.41500,69.21500,69.25500,912.00000
2026-07-03 14:15:00+00:00,69.24500,69.25500,69.05500,69.13500,719.00000
2026-07-03 14:30:00+00:00,69.13500,69.31500,69.11500,69.25500,694.00000
2026-07-03 14:45:00+00:00,69.24500,69.28500,69.05500,69.10500,808.00000
2026-07-03 15:00:00+00:00,69.10500,69.14500,68.98500,68.99500,811.00000
2026-07-03 15:15:00+00:00,68.98500,69.08500,68.84500,69.01500,1177.00000
2026-07-03 15:30:00+00:00,69.02500,69.26500,68.92500,69.20500,807.00000
2026-07-03 15:45:00+00:00,69.20500,69.24500,69.13900,69.23500,505.00000
2026-07-03 16:00:00+00:00,69.25500,69.28500,69.10500,69.14500,480.00000
2026-07-03 16:15:00+00:00,69.14500,69.22500,69.09500,69.17500,401.00000
2026-07-03 16:30:00+00:00,69.18500,69.18500,69.07500,69.11500,397.00000
2026-07-03 16:45:00+00:00,69.10500,69.28500,69.08500,69.24500,669.00000
2026-07-05 22:00:00+00:00,68.98400,69.04400,68.72400,68.72400,527.00000
2026-07-05 22:15:00+00:00,68.73400,68.84400,68.73400,68.78400,154.00000
2026-07-05 22:30:00+00:00,68.76400,68.81400,68.74400,68.75400,91.00000
2026-07-05 22:45:00+00:00,68.73400,68.74400,68.70400,68.71400,85.00000
2026-07-05 23:00:00+00:00,68.71400,68.83400,68.69400,68.73400,108.00000
2026-07-05 23:15:00+00:00,68.72400,68.75400,68.67400,68.68400,107.00000
2026-07-05 23:30:00+00:00,68.67400,68.72400,68.66400,68.67400,113.00000
2026-07-05 23:45:00+00:00,68.66400,68.66400,68.62400,68.64400,80.00000
2026-07-06 00:00:00+00:00,68.64400,69.01400,68.61400,68.91400,389.00000
2026-07-06 00:15:00+00:00,68.90400,68.94400,68.73400,68.73400,235.00000
2026-07-06 00:30:00+00:00,68.70400,68.77400,68.65400,68.69400,218.00000
2026-07-06 00:45:00+00:00,68.70400,68.79400,68.63400,68.63400,200.00000
2026-07-06 01:00:00+00:00,68.60400,69.06400,68.56400,69.05400,1128.00000
2026-07-06 01:15:00+00:00,69.06400,69.11400,68.97400,68.98400,646.00000
2026-07-06 01:30:00+00:00,68.98400,68.99400,68.80400,68.96400,524.00000
2026-07-06 01:45:00+00:00,68.96400,69.29400,68.95400,69.26400,822.00000
2026-07-06 02:00:00+00:00,69.28400,69.55400,69.23400,69.45400,680.00000
2026-07-06 02:15:00+00:00,69.43400,69.52400,69.39400,69.48400,230.00000
2026-07-06 02:30:00+00:00,69.48400,69.50400,69.24400,69.24400,595.00000
2026-07-06 02:45:00+00:00,69.23400,69.24400,68.92400,68.98400,712.00000
2026-07-06 03:00:00+00:00,68.98400,68.98400,68.77400,68.78400,545.00000
2026-07-06 03:15:00+00:00,68.77400,68.94400,68.77400,68.90400,441.00000
2026-07-06 03:30:00+00:00,68.89400,68.95400,68.76400,68.80400,198.00000
2026-07-06 03:45:00+00:00,68.81400,68.85400,68.80400,68.82400,152.00000
2026-07-06 04:00:00+00:00,68.83400,69.00400,68.80400,68.96400,223.00000
2026-07-06 04:15:00+00:00,68.96400,69.02400,68.95400,68.99400,157.00000
2026-07-06 04:30:00+00:00,68.99400,69.03400,68.95400,69.03400,170.00000
2026-07-06 04:45:00+00:00,69.02400,69.07400,68.94400,68.99400,180.00000
2026-07-06 05:00:00+00:00,69.00400,69.13400,68.97400,69.12400,308.00000
2026-07-06 05:15:00+00:00,69.13400,69.15400,69.07400,69.11400,181.00000
2026-07-06 05:30:00+00:00,69.15400,69.20400,69.07400,69.20400,511.00000
2026-07-06 05:45:00+00:00,69.19400,69.28400,69.15400,69.25400,343.00000
2026-07-06 06:00:00+00:00,69.27400,69.57400,69.23400,69.47400,737.00000
2026-07-06 06:15:00+00:00,69.48400,69.60400,69.27400,69.31400,592.00000
2026-07-06 06:30:00+00:00,69.32400,69.35400,69.15400,69.16400,532.00000
2026-07-06 06:45:00+00:00,69.15400,69.27400,69.10400,69.15400,491.00000
2026-07-06 07:00:00+00:00,69.13400,69.16400,68.80400,68.89400,879.00000
2026-07-06 07:15:00+00:00,68.89400,69.00400,68.81400,68.92400,620.00000
2026-07-06 07:30:00+00:00,68.92400,68.92400,68.44400,68.51400,845.00000
2026-07-06 07:45:00+00:00,68.52400,68.59400,68.22400,68.33400,1058.00000
2026-07-06 08:00:00+00:00,68.32400,68.68400,68.29400,68.53400,1145.00000
2026-07-06 08:15:00+00:00,68.54400,68.68400,68.42400,68.48400,1298.00000
2026-07-06 08:30:00+00:00,68.48400,68.82400,68.44400,68.79400,1103.00000
2026-07-06 08:45:00+00:00,68.78400,68.96400,68.58400,68.59400,789.00000
2026-07-06 09:00:00+00:00,68.59400,68.83400,68.59400,68.82400,785.00000
2026-07-06 09:15:00+00:00,68.82400,68.95400,68.68400,68.70400,583.00000
2026-07-06 09:30:00+00:00,68.70400,68.84400,68.61400,68.83400,670.00000
2026-07-06 09:45:00+00:00,68.83400,68.92400,68.50400,68.71400,738.00000
2026-07-06 10:00:00+00:00,68.72400,68.83400,68.56400,68.57400,824.00000
2026-07-06 10:15:00+00:00,68.56400,68.74400,68.50400,68.69400,602.00000
2026-07-06 10:30:00+00:00,68.69400,68.74400,68.49400,68.73400,607.00000
2026-07-06 10:45:00+00:00,68.72400,69.07400,68.69400,68.99400,875.00000
2026-07-06 11:00:00+00:00,68.98400,69.14400,68.96400,69.04400,773.00000
2026-07-06 11:15:00+00:00,69.03400,69.11400,68.93400,68.98400,515.00000
2026-07-06 11:30:00+00:00,68.98400,69.00400,68.81400,68.82400,384.00000
2026-07-06 11:45:00+00:00,68.83400,69.05400,68.71400,69.04400,496.00000
2026-07-06 12:00:00+00:00,69.05400,69.14400,68.95400,68.95400,613.00000
2026-07-06 12:15:00+00:00,68.94400,69.00400,68.54400,68.59400,1200.00000
2026-07-06 12:30:00+00:00,68.60400,68.76400,68.58400,68.75400,690.00000
2026-07-06 12:45:00+00:00,68.76400,68.77400,68.64400,68.68400,694.00000
2026-07-06 13:00:00+00:00,68.66400,68.91400,68.46400,68.89400,1547.00000
2026-07-06 13:15:00+00:00,68.90400,69.25400,68.80400,69.24400,1203.00000
2026-07-06 13:30:00+00:00,69.23400,69.35400,68.92400,68.98400,1267.00000
2026-07-06 13:45:00+00:00,68.98400,69.15400,68.86400,69.10400,925.00000
2026-07-06 14:00:00+00:00,69.09400,69.22400,69.01400,69.02400,1033.00000
2026-07-06 14:15:00+00:00,69.02400,69.34400,68.85400,69.30400,1110.00000
2026-07-06 14:30:00+00:00,69.29400,69.51400,69.22400,69.41400,1266.00000
2026-07-06 14:45:00+00:00,69.40400,69.42400,69.10400,69.15400,1047.00000
2026-07-06 15:00:00+00:00,69.15400,69.27400,68.97400,69.09400,1101.00000
2026-07-06 15:15:00+00:00,69.10400,69.33400,69.05400,69.27400,1067.00000
2026-07-06 15:30:00+00:00,69.29400,69.43400,69.11400,69.13400,969.00000
2026-07-06 15:45:00+00:00,69.14400,69.24400,69.09400,69.13400,651.00000
2026-07-06 16:00:00+00:00,69.13400,69.20400,69.04400,69.11400,533.00000
2026-07-06 16:15:00+00:00,69.10400,69.10400,68.74400,68.75400,673.00000
2026-07-06 16:30:00+00:00,68.76400,68.79400,68.68400,68.73400,587.00000
2026-07-06 16:45:00+00:00,68.72400,68.81400,68.63400,68.70400,542.00000
2026-07-06 17:00:00+00:00,68.69400,68.76400,68.61400,68.68400,405.00000
2026-07-06 17:15:00+00:00,68.67400,68.89400,68.66400,68.81400,433.00000
2026-07-06 17:30:00+00:00,68.80400,68.92400,68.78400,68.92400,539.00000
2026-07-06 17:45:00+00:00,68.91400,68.98400,68.81400,68.92400,536.00000
2026-07-06 18:00:00+00:00,68.92400,68.97400,68.88400,68.95400,574.00000
2026-07-06 18:15:00+00:00,68.94400,69.01400,68.84400,68.94400,626.00000
2026-07-06 18:30:00+00:00,68.96400,68.99400,68.75400,68.93400,427.00000
2026-07-06 18:45:00+00:00,68.94400,68.99400,68.93400,68.93400,205.00000
2026-07-06 19:00:00+00:00,68.94400,69.02400,68.93400,69.01400,187.00000
2026-07-06 19:15:00+00:00,69.01400,69.13400,69.01400,69.11400,222.00000
2026-07-06 19:30:00+00:00,69.12400,69.12400,69.05400,69.10400,167.00000
2026-07-06 19:45:00+00:00,69.08400,69.15400,69.06400,69.08400,191.00000
2026-07-06 20:00:00+00:00,69.07400,69.10400,69.01400,69.07400,130.00000
2026-07-06 20:15:00+00:00,69.07400,69.10400,69.06400,69.06400,69.00000
2026-07-06 20:30:00+00:00,69.08400,69.14400,69.07400,69.07400,63.00000
2026-07-06 20:45:00+00:00,69.06400,69.07400,68.99400,69.00400,84.00000
2026-07-06 22:00:00+00:00,69.00600,69.07600,68.96600,69.00600,104.00000
2026-07-06 22:15:00+00:00,69.01600,69.05600,69.01600,69.04600,32.00000
2026-07-06 22:30:00+00:00,69.03600,69.06600,69.01800,69.06600,21.00000
2026-07-06 22:45:00+00:00,69.07600,69.12600,69.06600,69.12600,43.00000
2026-07-06 23:00:00+00:00,69.10600,69.10600,69.04600,69.07600,28.00000
2026-07-06 23:15:00+00:00,69.07600,69.26600,69.02600,69.16600,147.00000
2026-07-06 23:30:00+00:00,69.18600,69.19600,69.14600,69.15600,35.00000
2026-07-06 23:45:00+00:00,69.15600,69.17600,69.11600,69.11600,49.00000
2026-07-07 00:00:00+00:00,69.09600,69.25600,69.08600,69.25600,242.00000
2026-07-07 00:15:00+00:00,69.26600,69.27600,69.12600,69.13600,234.00000
2026-07-07 00:30:00+00:00,69.12600,69.21600,69.08600,69.21600,183.00000
2026-07-07 00:45:00+00:00,69.22600,69.25600,69.12600,69.24600,183.00000
2026-07-07 01:00:00+00:00,69.22600,69.31600,69.07600,69.08600,564.00000
2026-07-07 01:15:00+00:00,69.07600,69.13600,68.99600,69.12600,397.00000
2026-07-07 01:30:00+00:00,69.13600,69.31600,69.10600,69.26600,341.00000
2026-07-07 01:45:00+00:00,69.26600,69.45600,69.22600,69.43600,449.00000
2026-07-07 02:00:00+00:00,69.44600,69.60600,69.36600,69.54600,419.00000
2026-07-07 02:15:00+00:00,69.54600,69.63600,69.53600,69.58600,199.00000
2026-07-07 02:30:00+00:00,69.59600,69.67600,69.42600,69.45600,465.00000
2026-07-07 02:45:00+00:00,69.43600,69.47600,69.33600,69.35600,269.00000
2026-07-07 03:00:00+00:00,69.36600,69.58600,69.35600,69.56600,302.00000
2026-07-07 03:15:00+00:00,69.55600,69.56600,69.33600,69.42600,298.00000
2026-07-07 03:30:00+00:00,69.42600,69.43600,69.27600,69.28600,395.00000
2026-07-07 03:45:00+00:00,69.29600,69.31600,69.21600,69.30600,200.00000
2026-07-07 04:00:00+00:00,69.31600,69.35600,69.28600,69.34600,191.00000
2026-07-07 04:15:00+00:00,69.35600,69.37600,69.30600,69.36600,122.00000
2026-07-07 04:30:00+00:00,69.35600,69.39600,69.32600,69.36600,108.00000
2026-07-07 04:45:00+00:00,69.35600,69.37600,69.32600,69.33600,133.00000
2026-07-07 05:00:00+00:00,69.34600,69.45600,69.32600,69.44600,188.00000
2026-07-07 05:15:00+00:00,69.44600,69.59600,69.43600,69.56600,287.00000
2026-07-07 05:30:00+00:00,69.58600,69.65600,69.54600,69.56600,450.00000
2026-07-07 05:45:00+00:00,69.56600,69.78600,69.49600,69.72600,525.00000
2026-07-07 06:00:00+00:00,69.73600,69.80600,69.58600,69.64600,598.00000
2026-07-07 06:15:00+00:00,69.65600,69.73600,69.56600,69.61600,491.00000
2026-07-07 06:30:00+00:00,69.60600,69.68600,69.56600,69.64600,411.00000
2026-07-07 06:45:00+00:00,69.65600,69.83600,69.64600,69.81600,671.00000
2026-07-07 07:00:00+00:00,69.82600,69.91600,69.67600,69.74600,862.00000
2026-07-07 07:15:00+00:00,69.74600,69.86600,69.68600,69.84600,721.00000
2026-07-07 07:30:00+00:00,69.83600,69.96600,69.67600,69.77600,815.00000
2026-07-07 07:45:00+00:00,69.77600,69.99600,69.70600,69.70600,748.00000
2026-07-07 08:00:00+00:00,69.69600,69.80600,69.62600,69.77600,795.00000
2026-07-07 08:15:00+00:00,69.76600,69.77600,69.42600,69.42600,1351.00000
2026-07-07 08:30:00+00:00,69.41600,69.75600,69.33600,69.68600,1240.00000
2026-07-07 08:45:00+00:00,69.67600,69.91600,69.66600,69.72600,867.00000
2026-07-07 09:00:00+00:00,69.74600,70.10600,69.72600,69.89600,954.00000
2026-07-07 09:15:00+00:00,69.89600,69.96600,69.54600,69.66600,1011.00000
2026-07-07 09:30:00+00:00,69.66600,69.78600,69.42600,69.49600,895.00000
2026-07-07 09:45:00+00:00,69.50600,69.68600,69.50600,69.63600,626.00000
2026-07-07 10:00:00+00:00,69.62600,69.63600,69.45600,69.56600,787.00000
2026-07-07 10:15:00+00:00,69.56600,69.61600,69.47600,69.53600,539.00000
2026-07-07 10:30:00+00:00,69.56600,69.62600,69.42600,69.58600,669.00000
2026-07-07 10:45:00+00:00,69.58600,69.77600,69.57600,69.75600,564.00000
2026-07-07 11:00:00+00:00,69.76600,69.83600,69.59600,69.63600,605.00000
2026-07-07 11:15:00+00:00,69.63600,69.68600,69.45600,69.45600,740.00000
2026-07-07 11:30:00+00:00,69.41600,69.56600,69.30600,69.54600,656.00000
2026-07-07 11:45:00+00:00,69.53600,69.59600,69.36600,69.39600,634.00000
2026-07-07 12:00:00+00:00,69.39600,69.47600,69.25600,69.38600,738.00000
2026-07-07 12:15:00+00:00,69.39600,69.46600,69.32600,69.39600,632.00000
2026-07-07 12:30:00+00:00,69.39600,69.61600,69.29600,69.57600,774.00000
2026-07-07 12:45:00+00:00,69.56600,69.69600,69.40600,69.50600,815.00000
2026-07-07 13:00:00+00:00,69.48600,69.78600,69.48600,69.74600,1436.00000
2026-07-07 13:15:00+00:00,69.73600,70.18600,69.59600,69.96600,1764.00000
2026-07-07 13:30:00+00:00,69.95600,70.24600,69.85600,70.19600,1749.00000
2026-07-07 13:45:00+00:00,70.20600,70.43600,70.08600,70.40600,1678.00000
2026-07-07 14:00:00+00:00,70.39600,70.88600,70.33600,70.55600,2109.00000
2026-07-07 14:15:00+00:00,70.54600,70.66600,70.15600,70.60600,1717.00000
2026-07-07 14:30:00+00:00,70.61600,70.78600,70.39600,70.41600,1167.00000
2026-07-07 14:45:00+00:00,70.41600,70.62600,70.34600,70.59600,1058.00000
2026-07-07 15:00:00+00:00,70.60600,70.72600,70.52600,70.67600,1193.00000
2026-07-07 15:15:00+00:00,70.66600,70.84600,70.57600,70.57600,1198.00000
2026-07-07 15:30:00+00:00,70.56600,70.68600,70.45600,70.68600,1025.00000
2026-07-07 15:45:00+00:00,70.67600,70.92600,70.67600,70.71600,812.00000
2026-07-07 16:00:00+00:00,70.70600,70.92600,70.67600,70.78600,712.00000
2026-07-07 16:15:00+00:00,70.79600,70.92600,70.74600,70.87600,639.00000
2026-07-07 16:30:00+00:00,70.87600,70.88600,70.70600,70.81600,506.00000
2026-07-07 16:45:00+00:00,70.80600,70.88600,70.76600,70.80600,441.00000
2026-07-07 17:00:00+00:00,70.78600,70.96600,70.71600,70.77600,669.00000
2026-07-07 17:15:00+00:00,70.78600,71.02600,70.76600,70.95600,545.00000
2026-07-07 17:30:00+00:00,70.96600,71.06600,70.87600,70.88600,413.00000
2026-07-07 17:45:00+00:00,70.87600,70.88600,70.71600,70.79600,488.00000
2026-07-07 18:00:00+00:00,70.79600,70.89600,70.76600,70.82600,622.00000
2026-07-07 18:15:00+00:00,70.83600,70.95600,70.72600,70.85600,880.00000
2026-07-07 18:30:00+00:00,70.86600,71.00600,70.70600,70.78600,614.00000
2026-07-07 18:45:00+00:00,70.77600,71.82600,70.75600,71.82600,2217.00000
2026-07-07 19:00:00+00:00,71.81600,72.50600,71.78600,72.44600,1843.00000
2026-07-07 19:15:00+00:00,72.45600,72.86600,72.33600,72.58600,2874.00000
2026-07-07 19:30:00+00:00,72.58600,72.68600,72.21600,72.24600,1368.00000
2026-07-07 19:45:00+00:00,72.25600,72.47600,72.13600,72.25600,1048.00000
2026-07-07 20:00:00+00:00,72.26600,72.46600,72.24600,72.38600,579.00000
2026-07-07 20:15:00+00:00,72.39600,72.47600,72.33600,72.43600,374.00000
2026-07-07 20:30:00+00:00,72.41600,72.65600,72.41600,72.51600,475.00000
2026-07-07 20:45:00+00:00,72.51600,72.67600,72.51600,72.55600,318.00000
2026-07-07 22:00:00+00:00,72.66900,72.95900,72.45900,72.65900,731.00000
2026-07-07 22:15:00+00:00,72.65900,72.75900,72.59900,72.74900,236.00000
2026-07-07 22:30:00+00:00,72.75900,72.78900,72.68900,72.76900,191.00000
2026-07-07 22:45:00+00:00,72.75900,72.82900,72.71900,72.79900,155.00000
2026-07-07 23:00:00+00:00,72.78900,72.81900,72.72900,72.72900,127.00000
2026-07-07 23:15:00+00:00,72.73900,72.78900,72.61900,72.77900,205.00000
2026-07-07 23:30:00+00:00,72.78900,72.83900,72.68900,72.74900,201.00000
2026-07-07 23:45:00+00:00,72.75900,72.77900,72.59900,72.75900,232.00000
2026-07-08 00:00:00+00:00,72.72900,72.84900,72.69900,72.83900,478.00000
2026-07-08 00:15:00+00:00,72.82900,73.03900,72.75900,72.88900,601.00000
2026-07-08 00:30:00+00:00,72.88900,72.89900,72.40900,72.44900,595.00000
2026-07-08 00:45:00+00:00,72.45900,72.53900,72.30900,72.32900,638.00000
2026-07-08 01:00:00+00:00,72.29900,72.46900,72.09900,72.26900,1739.00000
2026-07-08 01:15:00+00:00,72.30900,72.32900,72.08900,72.15900,987.00000
2026-07-08 01:30:00+00:00,72.14900,72.47900,72.11900,72.43900,950.00000
2026-07-08 01:45:00+00:00,72.43900,72.50900,72.33900,72.47900,906.00000
2026-07-08 02:00:00+00:00,72.46900,72.65900,72.34900,72.60900,663.00000
2026-07-08 02:15:00+00:00,72.60900,72.85900,72.58900,72.77900,533.00000
2026-07-08 02:30:00+00:00,72.77900,72.80900,72.43900,72.44900,914.00000
2026-07-08 02:45:00+00:00,72.45900,72.64900,72.44900,72.58900,502.00000
2026-07-08 03:00:00+00:00,72.59900,72.73900,72.55900,72.66900,670.00000
2026-07-08 03:15:00+00:00,72.65900,72.69900,72.55900,72.56900,484.00000
2026-07-08 03:30:00+00:00,72.55900,72.66900,72.50900,72.62900,488.00000
2026-07-08 03:45:00+00:00,72.63900,72.64900,72.53900,72.60900,215.00000
2026-07-08 04:00:00+00:00,72.59900,72.72900,72.58900,72.68900,267.00000
2026-07-08 04:15:00+00:00,72.67900,72.72900,72.58900,72.59900,218.00000
2026-07-08 04:30:00+00:00,72.58900,72.61900,72.54900,72.61900,284.00000
2026-07-08 04:45:00+00:00,72.60900,72.70900,72.59900,72.69900,207.00000
2026-07-08 05:00:00+00:00,72.70900,72.93900,72.69900,72.81900,395.00000
2026-07-08 05:15:00+00:00,72.81900,73.24900,72.80900,73.07900,668.00000
2026-07-08 05:30:00+00:00,73.03900,73.10900,72.67900,72.91900,1149.00000
2026-07-08 05:45:00+00:00,72.92900,73.15900,72.87900,73.10900,978.00000
2026-07-08 06:00:00+00:00,73.09900,73.26900,72.97900,73.14900,1159.00000
2026-07-08 06:15:00+00:00,73.15900,73.17900,72.93900,72.99900,1271.00000
2026-07-08 06:30:00+00:00,73.00900,73.17900,72.94900,73.01900,977.00000
2026-07-08 06:45:00+00:00,73.01900,73.07900,72.88900,72.90900,1043.00000
2026-07-08 07:00:00+00:00,72.88900,73.18900,72.78900,72.84900,1415.00000
2026-07-08 07:15:00+00:00,72.84900,72.84900,72.34900,72.36900,1401.00000
2026-07-08 07:30:00+00:00,72.36900,72.38900,72.15900,72.20900,1016.00000
2026-07-08 07:45:00+00:00,72.21900,72.43900,72.17900,72.41900,1127.00000
2026-07-08 08:00:00+00:00,72.40900,72.59900,72.26900,72.36900,1284.00000
2026-07-08 08:15:00+00:00,72.37900,74.59900,72.31900,74.39900,5778.00000
2026-07-08 08:30:00+00:00,74.36900,75.25900,74.29900,75.02900,3911.00000
2026-07-08 08:45:00+00:00,75.02900,75.24900,74.60900,75.19900,2655.00000
2026-07-08 09:00:00+00:00,75.18900,75.45900,75.13900,75.45900,2230.00000
2026-07-08 09:15:00+00:00,75.44900,75.63900,75.11900,75.19900,2266.00000
2026-07-08 09:30:00+00:00,75.20900,75.22900,74.78900,74.91900,2161.00000
2026-07-08 09:45:00+00:00,74.92900,75.39900,74.81900,75.23900,1776.00000
2026-07-08 10:00:00+00:00,75.23900,75.30900,74.93900,74.99900,1771.00000
2026-07-08 10:15:00+00:00,74.98900,75.03900,74.53900,74.53900,1571.00000
2026-07-08 10:30:00+00:00,74.54900,74.56900,74.15900,74.28900,2010.00000
2026-07-08 10:45:00+00:00,74.29900,74.48900,74.19900,74.48900,1577.00000
2026-07-08 11:00:00+00:00,74.49900,74.65900,74.29900,74.51900,1392.00000
2026-07-08 11:15:00+00:00,74.52900,74.76900,74.51900,74.63900,1114.00000
2026-07-08 11:30:00+00:00,74.64900,74.90900,73.80900,74.38900,1905.00000
2026-07-08 11:45:00+00:00,74.39900,74.46900,74.17900,74.41900,2488.00000
2026-07-08 12:00:00+00:00,74.42900,74.67900,74.21900,74.33900,1895.00000
2026-07-08 12:15:00+00:00,74.33900,74.34900,73.75900,73.79900,2171.00000
2026-07-08 12:30:00+00:00,73.81900,73.88900,73.54900,73.67900,1971.00000
2026-07-08 12:45:00+00:00,73.66900,74.21900,73.47900,74.17900,2445.00000
2026-07-08 13:00:00+00:00,74.19900,74.47900,73.96900,74.11900,3169.00000
2026-07-08 13:15:00+00:00,74.10900,74.62900,74.04900,74.58900,2585.00000
2026-07-08 13:30:00+00:00,74.58900,74.63900,73.87900,73.89900,2606.00000
2026-07-08 13:45:00+00:00,73.89900,74.14900,73.65900,74.09900,1860.00000
2026-07-08 14:00:00+00:00,74.09900,74.72900,74.08900,74.66900,1988.00000
2026-07-08 14:15:00+00:00,74.67900,75.82900,74.66900,75.82900,3094.00000
2026-07-08 14:30:00+00:00,75.84900,76.12900,75.62900,75.66900,3726.00000
2026-07-08 14:45:00+00:00,75.65900,75.85900,75.44900,75.64900,2595.00000
2026-07-08 15:00:00+00:00,75.63900,76.10900,75.60900,76.00900,3211.00000
2026-07-08 15:15:00+00:00,76.00900,76.17900,75.58900,75.61900,2628.00000
2026-07-08 15:30:00+00:00,75.62900,76.13900,75.59900,76.00900,2187.00000
2026-07-08 15:45:00+00:00,76.00900,76.41900,75.98900,76.18900,1703.00000
2026-07-08 16:00:00+00:00,76.16900,76.31900,75.36900,75.64900,2489.00000
2026-07-08 16:15:00+00:00,75.65900,75.76900,75.25900,75.39900,1834.00000
2026-07-08 16:30:00+00:00,75.40900,75.61900,74.92900,74.97900,3382.00000
2026-07-08 16:45:00+00:00,74.98900,75.15900,74.72900,74.90900,2316.00000
2026-07-08 17:00:00+00:00,74.92900,74.96900,74.51900,74.63900,1852.00000
2026-07-08 17:15:00+00:00,74.63900,74.65900,74.14900,74.19900,1677.00000
2026-07-08 17:30:00+00:00,74.17900,74.31900,73.98900,74.08900,1874.00000
2026-07-08 17:45:00+00:00,74.07900,74.23900,73.88900,74.11900,1481.00000
2026-07-08 18:00:00+00:00,74.10900,74.13900,73.85900,73.95900,1569.00000
2026-07-08 18:15:00+00:00,73.94900,74.11900,73.77900,73.87900,1983.00000
2026-07-08 18:30:00+00:00,73.86900,74.17900,73.68900,74.09900,1439.00000
2026-07-08 18:45:00+00:00,74.09900,74.14900,73.90900,73.94900,842.00000
2026-07-08 19:00:00+00:00,73.95900,74.06900,73.92900,73.93900,589.00000
2026-07-08 19:15:00+00:00,73.91900,73.97900,73.83900,73.96900,640.00000
2026-07-08 19:30:00+00:00,73.94900,74.44900,73.92900,74.39900,739.00000
2026-07-08 19:45:00+00:00,74.40900,74.64900,74.26900,74.39900,1432.00000
2026-07-08 20:00:00+00:00,74.40900,74.90900,74.39900,74.70900,988.00000
2026-07-08 20:15:00+00:00,74.71900,75.12900,74.70900,74.94900,1014.00000
2026-07-08 20:30:00+00:00,74.93900,75.38900,74.92900,75.18900,1029.00000
2026-07-08 20:45:00+00:00,75.18900,75.18900,74.91900,74.94900,852.00000
2026-07-08 22:00:00+00:00,75.29200,75.29200,74.83200,74.97200,445.00000
2026-07-08 22:15:00+00:00,74.98200,75.01200,74.77200,74.81200,207.00000
2026-07-08 22:30:00+00:00,74.82200,74.90200,74.55200,74.82200,382.00000
2026-07-08 22:45:00+00:00,74.84200,74.93200,74.80200,74.82200,184.00000
2026-07-08 23:00:00+00:00,74.83200,74.87200,74.79200,74.83200,92.00000
2026-07-08 23:15:00+00:00,74.83200,74.87200,74.76200,74.77200,106.00000
2026-07-08 23:30:00+00:00,74.77200,74.80200,74.72200,74.75200,95.00000
2026-07-08 23:45:00+00:00,74.76200,74.81200,74.71200,74.77200,90.00000
2026-07-09 00:00:00+00:00,74.75200,74.81200,74.49200,74.53200,668.00000
2026-07-09 00:15:00+00:00,74.54200,74.68200,74.44200,74.52200,361.00000
2026-07-09 00:30:00+00:00,74.55200,74.69200,74.41200,74.54200,453.00000
2026-07-09 00:45:00+00:00,74.57200,74.62200,74.32200,74.33200,410.00000
2026-07-09 01:00:00+00:00,74.31200,74.81200,74.19200,74.78200,1503.00000
2026-07-09 01:15:00+00:00,74.79200,74.90200,74.70200,74.70200,1051.00000
2026-07-09 01:30:00+00:00,74.70200,74.71200,74.42200,74.50200,746.00000
2026-07-09 01:45:00+00:00,74.49200,74.55200,74.41200,74.44200,618.00000
2026-07-09 02:00:00+00:00,74.42200,74.58200,74.28600,74.50200,881.00000
2026-07-09 02:15:00+00:00,74.49200,74.63200,74.48200,74.56200,298.00000
2026-07-09 02:30:00+00:00,74.57200,74.80200,74.57200,74.74200,854.00000
2026-07-09 02:45:00+00:00,74.72200,74.98200,74.71200,74.83200,713.00000
2026-07-09 03:00:00+00:00,74.83200,74.91200,74.60200,74.62200,693.00000
2026-07-09 03:15:00+00:00,74.63200,74.76200,74.57200,74.72200,520.00000
2026-07-09 03:30:00+00:00,74.73200,74.73200,74.51200,74.66200,434.00000
2026-07-09 03:45:00+00:00,74.65200,74.69200,74.56000,74.58200,285.00000
2026-07-09 04:00:00+00:00,74.59200,74.67200,74.57200,74.67200,170.00000
2026-07-09 04:15:00+00:00,74.67200,74.73200,74.61200,74.71200,162.00000
2026-07-09 04:30:00+00:00,74.70200,74.71200,74.56200,74.59200,226.00000
2026-07-09 04:45:00+00:00,74.60200,74.70200,74.60200,74.66200,171.00000
2026-07-09 05:00:00+00:00,74.66200,74.71200,74.33200,74.57200,579.00000
2026-07-09 05:15:00+00:00,74.58200,74.86200,74.58200,74.62200,692.00000
2026-07-09 05:30:00+00:00,74.60200,74.61200,73.92200,74.00200,1671.00000
2026-07-09 05:45:00+00:00,74.00200,74.01200,73.32200,73.38200,1804.00000
2026-07-09 06:00:00+00:00,73.41200,73.84200,73.33200,73.74200,1434.00000
2026-07-09 06:15:00+00:00,73.75200,73.80200,73.45200,73.65200,1344.00000
2026-07-09 06:30:00+00:00,73.66200,73.69200,73.50200,73.50200,945.00000
2026-07-09 06:45:00+00:00,73.51200,73.70200,73.50200,73.63200,967.00000
2026-07-09 07:00:00+00:00,73.64200,74.04200,73.46200,73.99200,1313.00000
2026-07-09 07:15:00+00:00,74.01200,74.01200,73.48200,73.52200,1092.00000
2026-07-09 07:30:00+00:00,73.52200,73.56200,73.04200,73.06200,1670.00000
2026-07-09 07:45:00+00:00,73.06200,73.28200,72.86200,73.08200,1693.00000
2026-07-09 08:00:00+00:00,73.07200,73.21200,72.85200,72.95200,1549.00000
2026-07-09 08:15:00+00:00,72.93200,72.94200,72.72200,72.80200,1756.00000
2026-07-09 08:30:00+00:00,72.81200,73.34200,72.69200,73.18200,1490.00000
2026-07-09 08:45:00+00:00,73.19200,73.37200,73.04200,73.35200,1086.00000
2026-07-09 09:00:00+00:00,73.35200,73.54200,73.28200,73.30200,1235.00000
2026-07-09 09:15:00+00:00,73.30200,73.54200,73.29200,73.51200,942.00000
2026-07-09 09:30:00+00:00,73.52200,73.87200,73.41200,73.84200,1361.00000
2026-07-09 09:45:00+00:00,73.85200,73.98200,73.69200,73.82200,1105.00000
2026-07-09 10:00:00+00:00,73.82200,74.01200,73.73200,73.91200,1048.00000
2026-07-09 10:15:00+00:00,73.92200,74.14200,73.80200,74.11200,993.00000
2026-07-09 10:30:00+00:00,74.12200,74.20200,73.92200,74.05200,963.00000
2026-07-09 10:45:00+00:00,74.06200,74.93200,74.06200,74.57200,2057.00000
2026-07-09 11:00:00+00:00,74.56200,74.61200,74.19200,74.31200,1614.00000
2026-07-09 11:15:00+00:00,74.33200,74.55200,74.21800,74.38200,1106.00000
2026-07-09 11:30:00+00:00,74.40200,74.54200,74.17200,74.31200,1176.00000
2026-07-09 11:45:00+00:00,74.30200,74.41200,74.16200,74.27200,1020.00000
2026-07-09 12:00:00+00:00,74.25200,74.42200,73.94200,74.02200,1349.00000
2026-07-09 12:15:00+00:00,74.01200,74.20200,73.94200,74.15200,1139.00000
2026-07-09 12:30:00+00:00,74.15200,74.42200,73.98200,74.30200,1354.00000
2026-07-09 12:45:00+00:00,74.29200,74.35200,74.16200,74.23200,1170.00000
2026-07-09 13:00:00+00:00,74.22200,74.32200,73.62200,73.62200,2201.00000
2026-07-09 13:15:00+00:00,73.63200,73.63200,73.25200,73.49200,2050.00000
2026-07-09 13:30:00+00:00,73.50200,73.56200,73.02200,73.12200,2075.00000
2026-07-09 13:45:00+00:00,73.12200,73.28200,72.94200,72.97200,1909.00000
2026-07-09 14:00:00+00:00,72.97200,73.23200,72.82200,72.88200,1822.00000
2026-07-09 14:15:00+00:00,72.88200,73.03200,72.77200,73.01200,1428.00000
2026-07-09 14:30:00+00:00,72.99200,73.17200,72.71200,73.10200,1640.00000
2026-07-09 14:45:00+00:00,73.10200,73.38200,72.52200,72.63200,2117.00000
2026-07-09 15:00:00+00:00,72.62200,72.84200,72.58200,72.76200,1640.00000
2026-07-09 15:15:00+00:00,72.76200,72.76200,72.38200,72.49200,1860.00000
2026-07-09 15:30:00+00:00,72.49200,72.75200,72.23200,72.27200,1552.00000
2026-07-09 15:45:00+00:00,72.28200,72.47200,72.14200,72.45200,1421.00000
2026-07-09 16:00:00+00:00,72.46200,72.59200,72.30200,72.42200,1269.00000
2026-07-09 16:15:00+00:00,72.42200,72.44200,72.22200,72.30200,1099.00000
2026-07-09 16:30:00+00:00,72.31200,72.43200,72.27200,72.36200,1054.00000
2026-07-09 16:45:00+00:00,72.37200,72.39200,71.97200,72.25200,1250.00000
2026-07-09 17:00:00+00:00,72.25200,72.43200,72.20200,72.35200,873.00000
2026-07-09 17:15:00+00:00,72.37200,72.39200,72.09200,72.12200,760.00000
2026-07-09 17:30:00+00:00,72.13200,72.20200,71.74200,71.86200,1072.00000
2026-07-09 17:45:00+00:00,71.86200,72.00200,71.78200,71.84200,811.00000
2026-07-09 18:00:00+00:00,71.85200,72.03200,71.74200,71.98200,957.00000
2026-07-09 18:15:00+00:00,71.99200,72.50200,71.99200,72.41200,2025.00000
2026-07-09 18:30:00+00:00,72.41200,72.45200,71.95200,71.99200,1032.00000
2026-07-09 18:45:00+00:00,72.00200,72.13200,71.88200,71.92200,737.00000
2026-07-09 19:00:00+00:00,71.94200,71.96200,71.76200,71.92200,604.00000
2026-07-09 19:15:00+00:00,71.91200,72.00200,71.89200,72.00200,339.00000
2026-07-09 19:30:00+00:00,72.01200,72.16200,71.99200,72.14200,365.00000
2026-07-09 19:45:00+00:00,72.14200,72.20200,72.12200,72.19200,340.00000
2026-07-09 20:00:00+00:00,72.20200,72.24200,71.94200,72.04200,394.00000
2026-07-09 20:15:00+00:00,72.04200,72.16200,72.04200,72.13200,189.00000
2026-07-09 20:30:00+00:00,72.14200,72.22200,72.07200,72.16200,270.00000
2026-07-09 20:45:00+00:00,72.15200,72.19200,72.05200,72.13200,297.00000
2026-07-09 22:00:00+00:00,72.09500,72.12500,71.59500,72.05500,490.00000
2026-07-09 22:15:00+00:00,72.05500,72.12500,71.99500,72.03500,169.00000
2026-07-09 22:30:00+00:00,72.04500,72.14500,72.02500,72.11500,145.00000
2026-07-09 22:45:00+00:00,72.12500,72.14500,72.07500,72.10500,77.00000
2026-07-09 23:00:00+00:00,72.10500,72.17500,72.02500,72.06500,130.00000
2026-07-09 23:15:00+00:00,72.05500,72.16500,72.05500,72.14500,89.00000
2026-07-09 23:30:00+00:00,72.14500,72.16500,72.09500,72.13500,70.00000
2026-07-09 23:45:00+00:00,72.12500,72.21500,72.12500,72.20500,89.00000
2026-07-10 00:00:00+00:00,72.20500,72.26500,72.07500,72.12500,468.00000
2026-07-10 00:15:00+00:00,72.11500,72.19500,72.05500,72.12500,423.00000
2026-07-10 00:30:00+00:00,72.14500,72.24500,72.13500,72.21500,288.00000
2026-07-10 00:45:00+00:00,72.18500,72.30500,72.16500,72.26500,260.00000
2026-07-10 01:00:00+00:00,72.24500,72.39500,72.05500,72.23500,1199.00000
2026-07-10 01:15:00+00:00,72.24500,72.46500,72.24500,72.38500,695.00000
2026-07-10 01:30:00+00:00,72.39500,72.43500,72.30500,72.42500,818.00000
2026-07-10 01:45:00+00:00,72.41500,72.47500,72.34500,72.43500,638.00000
2026-07-10 02:00:00+00:00,72.44500,72.52500,72.38500,72.46500,468.00000
2026-07-10 02:15:00+00:00,72.46500,72.57500,72.40500,72.57500,305.00000
2026-07-10 02:30:00+00:00,72.56500,72.61500,72.48500,72.57500,527.00000
2026-07-10 02:45:00+00:00,72.57500,72.69500,72.54500,72.63500,435.00000
2026-07-10 03:00:00+00:00,72.64500,72.67500,72.46500,72.56500,445.00000
2026-07-10 03:15:00+00:00,72.57500,72.63500,72.53500,72.56500,288.00000
2026-07-10 03:30:00+00:00,72.57500,72.65500,72.50500,72.56500,335.00000
2026-07-10 03:45:00+00:00,72.56500,72.69500,72.55500,72.68500,230.00000
2026-07-10 04:00:00+00:00,72.69500,72.75500,72.63500,72.70500,184.00000
2026-07-10 04:15:00+00:00,72.70500,72.84500,72.70500,72.74500,231.00000
2026-07-10 04:30:00+00:00,72.73500,72.74500,72.56500,72.58500,313.00000
2026-07-10 04:45:00+00:00,72.57500,72.61500,72.46500,72.57500,307.00000
2026-07-10 05:00:00+00:00,72.58500,72.70500,72.57500,72.67500,314.00000
2026-07-10 05:15:00+00:00,72.68500,72.68500,72.56500,72.58500,232.00000
2026-07-10 05:30:00+00:00,72.59500,72.68500,72.49500,72.66500,523.00000
2026-07-10 05:45:00+00:00,72.65500,72.66500,72.26500,72.44500,678.00000
2026-07-10 06:00:00+00:00,72.46500,72.46500,72.16500,72.17500,830.00000
2026-07-10 06:15:00+00:00,72.17500,72.26500,72.02900,72.16500,773.00000
2026-07-10 06:30:00+00:00,72.16500,72.54500,72.16500,72.52500,697.00000
2026-07-10 06:45:00+00:00,72.51500,72.55500,72.29500,72.33500,754.00000
2026-07-10 07:00:00+00:00,72.30500,72.37500,72.04500,72.06500,1062.00000
2026-07-10 07:15:00+00:00,72.07500,72.12500,71.75500,71.87500,1255.00000
2026-07-10 07:30:00+00:00,71.86500,71.95500,71.59500,71.68500,1099.00000
2026-07-10 07:45:00+00:00,71.69500,71.92500,71.65500,71.86500,1075.00000
2026-07-10 08:00:00+00:00,71.85500,71.89500,71.46500,71.67500,1651.00000
2026-07-10 08:15:00+00:00,71.66500,71.93500,71.63500,71.93500,1861.00000
2026-07-10 08:30:00+00:00,71.91500,72.46500,71.91500,72.19500,1655.00000
2026-07-10 08:45:00+00:00,72.19500,72.38500,72.09500,72.17500,1151.00000
2026-07-10 09:00:00+00:00,72.17500,72.34500,71.92500,71.99500,1150.00000
2026-07-10 09:15:00+00:00,71.99500,72.07500,71.80500,71.92500,1134.00000
2026-07-10 09:30:00+00:00,71.93500,72.21500,71.82500,72.13500,963.00000
2026-07-10 09:45:00+00:00,72.13500,72.23500,72.04500,72.14500,829.00000
2026-07-10 10:00:00+00:00,72.13500,72.32500,72.08500,72.28500,993.00000
2026-07-10 10:15:00+00:00,72.28500,72.34500,72.18500,72.26500,644.00000
2026-07-10 10:30:00+00:00,72.26500,72.31500,72.19500,72.23500,550.00000
2026-07-10 10:45:00+00:00,72.22500,72.58500,72.22500,72.53500,903.00000
2026-07-10 11:00:00+00:00,72.54500,72.60500,72.43500,72.53500,908.00000
2026-07-10 11:15:00+00:00,72.53500,72.80500,72.51500,72.77500,1012.00000
2026-07-10 11:30:00+00:00,72.78500,72.95500,72.73500,72.83500,1095.00000
2026-07-10 11:45:00+00:00,72.82500,73.12500,72.75500,73.01500,922.00000
2026-07-10 12:00:00+00:00,73.01500,73.13500,71.75500,72.18500,1883.00000
2026-07-10 12:15:00+00:00,72.17500,72.51500,72.09500,72.33500,1923.00000
2026-07-10 12:30:00+00:00,72.33500,72.62500,72.33500,72.56500,1215.00000
2026-07-10 12:45:00+00:00,72.55500,72.62500,72.21500,72.23500,1175.00000
2026-07-10 13:00:00+00:00,72.24500,72.45500,72.16500,72.32500,1644.00000
2026-07-10 13:15:00+00:00,72.33500,72.66500,72.33500,72.39500,1257.00000
2026-07-10 13:30:00+00:00,72.38500,72.46500,71.91500,71.96500,1922.00000
2026-07-10 13:45:00+00:00,71.95500,72.08500,71.80500,71.87500,1649.00000
2026-07-10 14:00:00+00:00,71.88500,72.10500,71.81500,72.09500,1413.00000
2026-07-10 14:15:00+00:00,72.09500,72.15500,71.96500,72.01500,1131.00000
2026-07-10 14:30:00+00:00,72.00500,73.38500,71.69500,72.28500,4562.00000
2026-07-10 14:45:00+00:00,72.29500,72.33500,72.03500,72.22500,2047.00000
2026-07-10 15:00:00+00:00,72.21500,72.22500,71.56500,71.65500,2119.00000
2026-07-10 15:15:00+00:00,71.64500,71.84500,71.43500,71.61500,2147.00000
2026-07-10 15:30:00+00:00,71.61500,71.70500,71.37500,71.51500,1737.00000
2026-07-10 15:45:00+00:00,71.50500,71.54500,71.06500,71.29500,1421.00000
2026-07-10 16:00:00+00:00,71.30500,71.78500,71.29500,71.54500,1491.00000
2026-07-10 16:15:00+00:00,71.53500,71.62500,71.43500,71.53500,943.00000
2026-07-10 16:30:00+00:00,71.55500,71.59500,71.42500,71.47500,888.00000
2026-07-10 16:45:00+00:00,71.47500,71.48500,71.29500,71.37500,786.00000
2026-07-10 17:00:00+00:00,71.38500,71.62500,71.33500,71.60500,819.00000
2026-07-10 17:15:00+00:00,71.61500,71.68500,71.49500,71.54500,807.00000
2026-07-10 17:30:00+00:00,71.54500,71.68500,71.47500,71.61500,925.00000
2026-07-10 17:45:00+00:00,71.61500,71.63500,71.41500,71.57500,864.00000
2026-07-10 18:00:00+00:00,71.58500,71.60500,71.37500,71.54500,1018.00000
2026-07-10 18:15:00+00:00,71.54500,71.80500,71.46500,71.69500,1546.00000
2026-07-10 18:30:00+00:00,71.70500,71.89500,71.65500,71.86500,698.00000
2026-07-10 18:45:00+00:00,71.87500,71.89500,71.84500,71.88500,265.00000
2026-07-10 19:00:00+00:00,71.89500,71.89500,71.85500,71.86500,157.00000
2026-07-10 19:15:00+00:00,71.86500,71.99500,71.78500,71.90500,311.00000
2026-07-10 19:30:00+00:00,71.89500,71.97500,71.73500,71.89500,434.00000
2026-07-10 19:45:00+00:00,71.89500,71.92500,71.84500,71.85500,232.00000
2026-07-10 20:00:00+00:00,71.85500,71.85500,71.78500,71.84500,214.00000
2026-07-10 20:15:00+00:00,71.84500,71.88500,71.81500,71.85500,147.00000
2026-07-10 20:30:00+00:00,71.85500,71.93500,71.80500,71.80500,181.00000
2026-07-10 20:45:00+00:00,71.80500,71.84500,71.74500,71.78500,252.00000
2026-07-12 22:00:00+00:00,73.63300,74.39300,73.37300,74.25300,2090.00000
2026-07-12 22:15:00+00:00,74.27300,74.27300,73.86300,73.87300,654.00000
2026-07-12 22:30:00+00:00,73.86300,73.91300,73.78300,73.81300,446.00000
2026-07-12 22:45:00+00:00,73.81300,73.96300,73.81300,73.89300,299.00000
2026-07-12 23:00:00+00:00,73.90300,73.92300,73.82300,73.87300,261.00000
2026-07-12 23:15:00+00:00,73.88300,73.95300,73.85300,73.94300,174.00000
2026-07-12 23:30:00+00:00,73.93300,74.07300,73.87300,74.04300,309.00000
2026-07-12 23:45:00+00:00,74.04300,74.04300,73.86300,73.98300,224.00000
2026-07-13 00:00:00+00:00,73.96300,74.13300,73.92300,74.13300,429.00000
2026-07-13 00:15:00+00:00,74.13300,74.36300,74.11300,74.12300,419.00000
2026-07-13 00:30:00+00:00,74.11300,74.67300,74.10300,74.60300,696.00000
2026-07-13 00:45:00+00:00,74.61300,74.68300,74.41300,74.47300,773.00000
2026-07-13 01:00:00+00:00,74.46300,74.69300,74.41300,74.57300,2042.00000
2026-07-13 01:15:00+00:00,74.58300,74.76300,74.38300,74.51300,1503.00000
2026-07-13 01:30:00+00:00,74.54300,74.84300,74.51300,74.68300,1273.00000
2026-07-13 01:45:00+00:00,74.68300,74.76300,74.58300,74.59300,855.00000
2026-07-13 02:00:00+00:00,74.59300,74.70300,74.50300,74.61300,1249.00000
2026-07-13 02:15:00+00:00,74.61300,74.79300,74.61300,74.68300,442.00000
2026-07-13 02:30:00+00:00,74.68300,74.71300,74.31300,74.47300,1279.00000
2026-07-13 02:45:00+00:00,74.48300,74.53300,74.34300,74.45300,832.00000
2026-07-13 03:00:00+00:00,74.46300,74.64300,74.43300,74.61300,573.00000
2026-07-13 03:15:00+00:00,74.60300,74.65300,74.50300,74.51300,489.00000
2026-07-13 03:30:00+00:00,74.51300,74.58300,74.33300,74.53300,762.00000
2026-07-13 03:45:00+00:00,74.53300,74.54300,74.38300,74.49300,360.00000
2026-07-13 04:00:00+00:00,74.50300,74.57300,74.48300,74.51300,264.00000
2026-07-13 04:15:00+00:00,74.52300,74.60300,74.49300,74.54300,233.00000
2026-07-13 04:30:00+00:00,74.55300,74.72300,74.52300,74.66300,278.00000
2026-07-13 04:45:00+00:00,74.67300,74.76300,74.67300,74.73300,191.00000
2026-07-13 05:00:00+00:00,74.72300,74.86300,74.68300,74.71300,365.00000
2026-07-13 05:15:00+00:00,74.72300,74.90300,74.69300,74.90300,398.00000
2026-07-13 05:30:00+00:00,74.88300,75.16300,74.82300,75.15300,1048.00000
2026-07-13 05:45:00+00:00,75.16300,75.28300,74.90300,74.90300,1160.00000
2026-07-13 06:00:00+00:00,74.89300,74.92300,74.69300,74.71300,1034.00000
2026-07-13 06:15:00+00:00,74.72300,74.72300,74.46300,74.52300,882.00000
2026-07-13 06:30:00+00:00,74.53300,74.56300,74.29300,74.40300,1017.00000
2026-07-13 06:45:00+00:00,74.41300,74.43300,74.20300,74.26300,969.00000
2026-07-13 07:00:00+00:00,74.23300,74.42300,74.13300,74.17300,1018.00000
2026-07-13 07:15:00+00:00,74.18300,74.34300,74.16300,74.30300,743.00000
2026-07-13 07:30:00+00:00,74.30300,74.43300,73.88300,74.12300,1212.00000
2026-07-13 07:45:00+00:00,74.11300,74.29300,74.07300,74.22300,879.00000
2026-07-13 08:00:00+00:00,74.20300,74.25300,73.61300,73.64300,1702.00000
2026-07-13 08:15:00+00:00,73.64300,73.69300,73.30300,73.42300,2002.00000
2026-07-13 08:30:00+00:00,73.42300,73.72300,73.34300,73.58300,1253.00000
2026-07-13 08:45:00+00:00,73.59300,73.59300,72.96300,73.26300,1350.00000
2026-07-13 09:00:00+00:00,73.28300,73.37300,72.98300,73.18300,1175.00000
2026-07-13 09:15:00+00:00,73.19300,73.20300,72.85300,73.06300,1038.00000
2026-07-13 09:30:00+00:00,73.06300,73.11300,72.82300,72.85300,1163.00000
2026-07-13 09:45:00+00:00,72.84300,73.39300,72.83300,73.33300,1174.00000
2026-07-13 10:00:00+00:00,73.32300,73.75300,73.32300,73.71300,1368.00000
2026-07-13 10:15:00+00:00,73.72300,73.92300,73.59300,73.90300,1082.00000
2026-07-13 10:30:00+00:00,73.91300,74.04300,73.84300,73.94300,1109.00000
2026-07-13 10:45:00+00:00,73.94300,74.14300,73.86300,74.01300,991.00000
2026-07-13 11:00:00+00:00,74.00300,74.22300,73.79300,74.06300,1577.00000
2026-07-13 11:15:00+00:00,74.07300,74.25300,73.92300,73.99300,1142.00000
2026-07-13 11:30:00+00:00,74.00300,74.16300,73.91300,73.93300,1035.00000
2026-07-13 11:45:00+00:00,73.93300,74.13300,73.88300,74.02300,938.00000
2026-07-13 12:00:00+00:00,74.01300,74.30300,73.84300,74.27300,1511.00000
2026-07-13 12:15:00+00:00,74.25300,74.34300,74.17300,74.31300,1166.00000
2026-07-13 12:30:00+00:00,74.32300,74.66300,74.31300,74.56300,1432.00000
2026-07-13 12:45:00+00:00,74.56300,74.57300,73.98300,74.00300,1453.00000
2026-07-13 13:00:00+00:00,73.98300,74.23300,73.81300,74.07300,1808.00000
2026-07-13 13:15:00+00:00,74.08300,74.13300,73.64300,73.85300,1426.00000
2026-07-13 13:30:00+00:00,73.86300,74.27300,73.81300,74.21300,1741.00000
2026-07-13 13:45:00+00:00,74.21300,74.31300,73.93300,73.94300,1300.00000
2026-07-13 14:00:00+00:00,73.95300,74.21300,73.72300,74.08300,1637.00000
2026-07-13 14:15:00+00:00,74.09300,75.41300,74.01700,74.99300,4791.00000
2026-07-13 14:30:00+00:00,75.00300,75.02300,74.64300,74.67300,2169.00000
2026-07-13 14:45:00+00:00,74.66300,74.85300,74.36300,74.70300,2006.00000
2026-07-13 15:00:00+00:00,74.68300,75.12300,74.62300,75.03300,1759.00000
2026-07-13 15:15:00+00:00,75.05300,75.19300,74.71300,74.72300,1891.00000
2026-07-13 15:30:00+00:00,74.71300,74.89300,74.67300,74.87300,1550.00000
2026-07-13 15:45:00+00:00,74.86300,75.07300,74.73300,75.05300,1208.00000
2026-07-13 16:00:00+00:00,75.05300,75.30300,74.98300,75.25300,1232.00000
2026-07-13 16:15:00+00:00,75.24300,75.38300,75.15300,75.32300,1155.00000
2026-07-13 16:30:00+00:00,75.34300,75.40300,75.19300,75.31300,1198.00000
2026-07-13 16:45:00+00:00,75.30300,76.16300,75.28300,75.94300,2155.00000
2026-07-13 17:00:00+00:00,75.95300,76.03300,75.60300,76.03300,1610.00000
2026-07-13 17:15:00+00:00,76.03300,76.24300,75.94300,76.20300,1509.00000
2026-07-13 17:30:00+00:00,76.21300,76.96300,76.15300,76.95300,1947.00000
2026-07-13 17:45:00+00:00,76.95300,77.85300,76.81300,77.80300,2740.00000
2026-07-13 18:00:00+00:00,77.76300,78.20300,77.59300,77.86300,3219.00000
2026-07-13 18:15:00+00:00,77.86300,78.65300,77.82300,78.35300,3677.00000
2026-07-13 18:30:00+00:00,78.34300,78.59300,77.69300,77.73300,2441.00000
2026-07-13 18:45:00+00:00,77.72300,78.00300,77.70300,77.84300,1421.00000
2026-07-13 19:00:00+00:00,77.86300,78.02300,77.68300,77.95300,1150.00000
2026-07-13 19:15:00+00:00,77.94300,78.00300,77.82300,77.96300,924.00000
2026-07-13 19:30:00+00:00,77.95300,78.18300,77.85300,78.13300,1240.00000
2026-07-13 19:45:00+00:00,78.13300,78.15300,77.82300,77.86300,827.00000
2026-07-13 20:00:00+00:00,77.87300,78.63300,77.84300,78.63300,1249.00000
2026-07-13 20:15:00+00:00,78.62300,78.77300,78.24300,78.35300,1220.00000
2026-07-13 20:30:00+00:00,78.35300,78.55300,78.22300,78.40300,714.00000
2026-07-13 20:45:00+00:00,78.41300,78.41300,78.13300,78.13300,932.00000
2026-07-13 22:00:00+00:00,78.38600,78.39600,78.02600,78.10600,641.00000
2026-07-13 22:15:00+00:00,78.10600,78.37600,78.08600,78.30600,263.00000
2026-07-13 22:30:00+00:00,78.29600,78.44600,78.29600,78.40600,201.00000
2026-07-13 22:45:00+00:00,78.39600,79.26600,78.39600,79.22600,733.00000
2026-07-13 23:00:00+00:00,79.22600,79.31600,78.77600,79.01600,715.00000
2026-07-13 23:15:00+00:00,79.02600,79.15600,78.95600,79.13600,483.00000
2026-07-13 23:30:00+00:00,79.16600,79.75600,79.16600,79.75600,639.00000
2026-07-13 23:45:00+00:00,79.72600,79.75600,79.13600,79.14600,795.00000
2026-07-14 00:00:00+00:00,79.13600,79.87600,78.75600,79.48600,2836.00000
2026-07-14 00:15:00+00:00,79.49600,80.59600,79.48600,80.30600,2649.00000
2026-07-14 00:30:00+00:00,80.31600,80.40600,79.95600,80.12600,1882.00000
2026-07-14 00:45:00+00:00,80.12600,80.12600,79.89600,80.02600,1459.00000
2026-07-14 01:00:00+00:00,80.01600,80.11600,79.41600,79.67600,3915.00000
2026-07-14 01:15:00+00:00,79.66600,79.71600,79.26600,79.65600,2595.00000
2026-07-14 01:30:00+00:00,79.65600,79.71600,79.36600,79.61600,1833.00000
2026-07-14 01:45:00+00:00,79.60600,79.76600,79.42600,79.71600,1703.00000
2026-07-14 02:00:00+00:00,79.73600,79.75600,79.28600,79.32600,1985.00000
2026-07-14 02:15:00+00:00,79.33600,79.50600,79.33600,79.37600,838.00000
2026-07-14 02:30:00+00:00,79.35600,79.61600,79.10600,79.55600,1976.00000
2026-07-14 02:45:00+00:00,79.54600,79.78600,79.46600,79.69600,1309.00000
2026-07-14 03:00:00+00:00,79.71600,79.89600,79.65600,79.88600,1317.00000
2026-07-14 03:15:00+00:00,79.89600,80.22600,79.88600,79.98600,1299.00000
2026-07-14 03:30:00+00:00,79.98600,80.23600,79.76600,79.87600,1535.00000
2026-07-14 03:45:00+00:00,79.87600,79.88600,79.60600,79.79600,852.00000
2026-07-14 04:00:00+00:00,79.80600,79.98600,79.68600,79.88600,789.00000
2026-07-14 04:15:00+00:00,79.87600,79.91600,79.61600,79.79600,741.00000
2026-07-14 04:30:00+00:00,79.80600,80.02600,79.74600,79.97600,654.00000
2026-07-14 04:45:00+00:00,79.98600,80.08600,79.90600,79.95600,598.00000
2026-07-14 05:00:00+00:00,79.95600,80.07600,79.84600,79.89600,673.00000
2026-07-14 05:15:00+00:00,79.88600,80.01600,79.81600,79.86600,514.00000
2026-07-14 05:30:00+00:00,79.86600,79.86600,79.05600,79.09600,2559.00000
2026-07-14 05:45:00+00:00,79.10600,79.62600,79.01600,79.53600,1819.00000
2026-07-14 06:00:00+00:00,79.54600,79.90600,79.49600,79.79600,1617.00000
2026-07-14 06:15:00+00:00,79.78600,80.49600,79.63800,80.39600,1647.00000
2026-07-14 06:30:00+00:00,80.38600,80.48600,80.15600,80.47600,2025.00000
2026-07-14 06:45:00+00:00,80.47600,80.75600,80.44600,80.61600,2035.00000
2026-07-14 07:00:00+00:00,80.59600,80.80600,80.15600,80.25600,2566.00000
2026-07-14 07:15:00+00:00,80.24600,80.66600,80.14600,80.60600,2130.00000
2026-07-14 07:30:00+00:00,80.65600,81.11600,80.64600,81.04600,2411.00000
2026-07-14 07:45:00+00:00,81.04600,81.09600,80.26600,80.55600,2741.00000
2026-07-14 08:00:00+00:00,80.53600,81.29600,80.53600,80.76600,3259.00000
2026-07-14 08:15:00+00:00,80.75600,80.75600,80.14600,80.54600,3387.00000
2026-07-14 08:30:00+00:00,80.52600,80.89600,80.48600,80.73600,2840.00000
2026-07-14 08:45:00+00:00,80.74600,81.22600,80.53600,81.20600,2498.00000
2026-07-14 09:00:00+00:00,81.22600,81.41600,80.31600,80.33600,3067.00000
2026-07-14 09:15:00+00:00,80.32600,80.91600,80.23600,80.85600,2400.00000
2026-07-14 09:30:00+00:00,80.83600,80.84600,80.39600,80.56600,1845.00000
2026-07-14 09:45:00+00:00,80.56600,80.85600,80.33600,80.75600,1998.00000
2026-07-14 10:00:00+00:00,80.75600,81.24600,80.68600,81.16600,1831.00000
2026-07-14 10:15:00+00:00,81.16600,81.21600,80.84600,81.05600,1596.00000
2026-07-14 10:30:00+00:00,81.06600,81.45600,80.48600,80.90600,2419.00000
2026-07-14 10:45:00+00:00,80.90600,81.28600,80.89600,81.08600,1693.00000
2026-07-14 11:00:00+00:00,81.09600,81.22600,80.55600,80.64600,1966.00000
2026-07-14 11:15:00+00:00,80.63600,80.79600,80.11600,80.15600,2276.00000
2026-07-14 11:30:00+00:00,80.14600,80.14600,79.68600,80.02600,2449.00000
2026-07-14 11:45:00+00:00,80.01600,80.08600,79.65600,79.70600,2077.00000
2026-07-14 12:00:00+00:00,79.72600,80.28600,79.67600,80.17600,1989.00000
2026-07-14 12:15:00+00:00,80.18600,80.33600,79.93600,80.23600,1832.00000
2026-07-14 12:30:00+00:00,80.24600,80.82600,79.88600,80.66600,3330.00000
2026-07-14 12:45:00+00:00,80.65600,81.06600,80.63600,80.87600,2480.00000
2026-07-14 13:00:00+00:00,80.86600,81.13600,80.65600,80.66600,3497.00000
2026-07-14 13:15:00+00:00,80.65600,80.81600,80.01600,80.21600,2890.00000
2026-07-14 13:30:00+00:00,80.19600,80.69600,79.87600,79.88600,3822.00000
2026-07-14 13:45:00+00:00,79.88600,80.36600,79.76600,80.10600,3141.00000
2026-07-14 14:00:00+00:00,80.12600,80.13600,79.56600,79.99600,3227.00000
2026-07-14 14:15:00+00:00,79.97600,80.17600,79.50600,79.59600,2925.00000
2026-07-14 14:30:00+00:00,79.59600,79.68600,78.32600,79.50600,3978.00000
2026-07-14 14:45:00+00:00,79.51600,79.52600,78.79600,79.02600,3122.00000
2026-07-14 15:00:00+00:00,79.02600,79.21600,78.02600,78.74600,5149.00000
2026-07-14 15:15:00+00:00,78.76600,79.17600,78.67600,78.72600,3496.00000
2026-07-14 15:30:00+00:00,78.75600,79.91600,78.75600,79.72600,3260.00000
2026-07-14 15:45:00+00:00,79.72600,79.96600,79.56600,79.65600,2466.00000
2026-07-14 16:00:00+00:00,79.65600,79.81600,79.11600,79.22600,2569.00000
2026-07-14 16:15:00+00:00,79.21600,79.59600,78.96600,79.53600,1961.00000
2026-07-14 16:30:00+00:00,79.53600,79.55600,79.14600,79.30600,1626.00000
2026-07-14 16:45:00+00:00,79.29600,79.56600,79.25600,79.38600,1437.00000
2026-07-14 17:00:00+00:00,79.36600,79.49600,78.98600,79.27600,2004.00000
2026-07-14 17:15:00+00:00,79.27600,79.44600,79.14600,79.25600,1565.00000
2026-07-14 17:30:00+00:00,79.25600,79.34600,78.95600,79.12600,1606.00000
2026-07-14 17:45:00+00:00,79.11600,79.25600,78.68600,78.90600,1889.00000
2026-07-14 18:00:00+00:00,78.91600,79.34600,78.90600,79.06600,1679.00000
2026-07-14 18:15:00+00:00,79.05600,79.57600,79.01600,79.57600,2127.00000
2026-07-14 18:30:00+00:00,79.59600,79.98600,79.50600,79.75600,1691.00000
2026-07-14 18:45:00+00:00,79.74600,79.96600,79.69600,79.81600,1052.00000
2026-07-14 19:00:00+00:00,79.82600,79.98600,79.74600,79.85600,905.00000
2026-07-14 19:15:00+00:00,79.86600,79.96600,79.67600,79.76600,926.00000
2026-07-14 19:30:00+00:00,79.76600,80.13600,79.76600,79.84600,1122.00000
2026-07-14 19:45:00+00:00,79.85600,79.97600,79.77600,79.86600,854.00000
2026-07-14 20:00:00+00:00,79.85600,80.09600,79.85600,80.03600,687.00000
2026-07-14 20:15:00+00:00,80.04600,80.18600,79.99600,80.11600,378.00000
2026-07-14 20:30:00+00:00,80.11600,80.44600,80.11600,80.17600,802.00000
2026-07-14 20:45:00+00:00,80.17600,80.17600,79.97600,80.05600,621.00000
2026-07-14 22:00:00+00:00,79.83800,80.38800,79.82800,80.14800,707.00000
2026-07-14 22:15:00+00:00,80.14800,80.20800,79.97800,80.01800,335.00000
2026-07-14 22:30:00+00:00,79.99800,80.14800,79.97800,80.10800,239.00000
2026-07-14 22:45:00+00:00,80.09800,80.10800,80.05800,80.05800,118.00000
2026-07-14 23:00:00+00:00,80.06800,80.08800,80.02800,80.07800,70.00000
2026-07-14 23:15:00+00:00,80.07800,80.11800,79.83800,79.90800,162.00000
2026-07-14 23:30:00+00:00,79.90800,80.05800,79.89800,80.02800,152.00000
2026-07-14 23:45:00+00:00,80.02800,80.07800,79.95800,79.99800,202.00000
2026-07-15 00:00:00+00:00,79.96800,80.35800,79.76800,80.35800,859.00000
2026-07-15 00:15:00+00:00,80.36800,80.46800,80.27800,80.40800,645.00000
2026-07-15 00:30:00+00:00,80.41800,80.70800,80.41800,80.67800,608.00000
2026-07-15 00:45:00+00:00,80.69800,80.73800,80.34800,80.35800,748.00000
2026-07-15 01:00:00+00:00,80.35800,80.35800,80.00800,80.11800,2092.00000
2026-07-15 01:15:00+00:00,80.11800,80.23800,79.92800,80.21800,1290.00000
2026-07-15 01:30:00+00:00,80.22800,80.25800,80.04800,80.15800,993.00000
2026-07-15 01:45:00+00:00,80.14800,80.39800,80.11800,80.36800,853.00000
2026-07-15 02:00:00+00:00,80.37800,80.52800,80.18800,80.25800,860.00000
2026-07-15 02:15:00+00:00,80.24800,80.38800,80.23800,80.34800,327.00000
2026-07-15 02:30:00+00:00,80.33800,80.43800,80.29800,80.36800,579.00000
2026-07-15 02:45:00+00:00,80.36800,80.58800,80.36800,80.43800,783.00000
2026-07-15 03:00:00+00:00,80.44800,80.45800,80.26800,80.35800,609.00000
2026-07-15 03:15:00+00:00,80.34800,80.42800,80.21800,80.23800,666.00000
2026-07-15 03:30:00+00:00,80.24800,80.38800,80.14800,80.29800,625.00000
2026-07-15 03:45:00+00:00,80.29800,80.29800,79.97800,80.08800,576.00000
2026-07-15 04:00:00+00:00,80.09800,80.22800,80.08800,80.12800,456.00000
2026-07-15 04:15:00+00:00,80.12800,80.16800,79.90800,80.00800,592.00000
2026-07-15 04:30:00+00:00,79.99800,80.04800,79.85800,79.95800,406.00000
2026-07-15 04:45:00+00:00,79.94800,79.94800,79.81800,79.93800,394.00000
2026-07-15 05:00:00+00:00,79.92800,80.12800,79.90800,79.92800,558.00000
2026-07-15 05:15:00+00:00,79.89800,80.06800,79.87800,80.01800,595.00000
2026-07-15 05:30:00+00:00,80.01800,80.04800,79.63800,79.97800,1815.00000
2026-07-15 05:45:00+00:00,79.98800,80.05800,79.75800,79.85800,970.00000
2026-07-15 06:00:00+00:00,79.88800,80.01800,79.78800,79.83800,1031.00000
2026-07-15 06:15:00+00:00,79.82800,79.96800,79.64800,79.86800,1048.00000
2026-07-15 06:30:00+00:00,79.85800,79.94800,79.72800,79.78800,947.00000
2026-07-15 06:45:00+00:00,79.79800,80.18800,79.73800,80.12800,1230.00000
2026-07-15 07:00:00+00:00,80.16800,80.56800,80.15800,80.33800,1571.00000
2026-07-15 07:15:00+00:00,80.36800,80.64800,80.27800,80.48800,1272.00000
2026-07-15 07:30:00+00:00,80.49800,80.64800,80.29800,80.54800,1371.00000
2026-07-15 07:45:00+00:00,80.54800,80.77800,80.36800,80.69800,1581.00000
2026-07-15 08:00:00+00:00,80.68800,81.08800,80.66800,80.95800,1898.00000
2026-07-15 08:15:00+00:00,80.96800,80.96800,80.00800,80.00800,2847.00000
2026-07-15 08:30:00+00:00,79.97800,80.15800,79.81800,79.92800,2293.00000
2026-07-15 08:45:00+00:00,79.93800,80.00800,79.49800,79.54800,2018.00000
2026-07-15 09:00:00+00:00,79.54800,79.78800,79.44800,79.73800,1825.00000
2026-07-15 09:15:00+00:00,79.73800,80.12800,79.72800,80.08800,1267.00000
2026-07-15 09:30:00+00:00,80.09800,80.16800,79.86800,79.94800,1379.00000
2026-07-15 09:45:00+00:00,79.93800,80.31800,79.93800,80.27800,1129.00000
2026-07-15 10:00:00+00:00,80.26800,80.43800,80.09800,80.34800,1165.00000
2026-07-15 10:15:00+00:00,80.34800,80.48800,80.15800,80.42800,1391.00000
2026-07-15 10:30:00+00:00,80.43800,80.45800,80.07800,80.17800,1163.00000
2026-07-15 10:45:00+00:00,80.18800,80.27800,79.99800,80.01800,998.00000
2026-07-15 11:00:00+00:00,80.02800,80.23800,79.88800,80.18800,1098.00000
2026-07-15 11:15:00+00:00,80.18800,80.21800,79.88800,79.88800,1063.00000
2026-07-15 11:30:00+00:00,79.88800,80.05800,79.86800,79.94800,839.00000
2026-07-15 11:45:00+00:00,79.92800,79.94800,79.51800,79.70800,1547.00000
2026-07-15 12:00:00+00:00,79.69800,79.92800,79.69800,79.78800,1246.00000
2026-07-15 12:15:00+00:00,79.79800,80.07800,79.68800,79.98800,1208.00000
2026-07-15 12:30:00+00:00,80.00800,80.05800,79.80800,79.85800,1352.00000
2026-07-15 12:45:00+00:00,79.86800,80.00800,79.75400,79.91800,1233.00000
2026-07-15 13:00:00+00:00,79.94800,80.42800,79.74800,80.38800,2512.00000
2026-07-15 13:15:00+00:00,80.38800,80.60800,80.21800,80.52800,1665.00000
2026-07-15 13:30:00+00:00,80.53800,80.54800,79.95800,80.10800,1910.00000
2026-07-15 13:45:00+00:00,80.11800,80.32800,79.53800,79.93800,2836.00000
2026-07-15 14:00:00+00:00,79.93800,80.00800,79.68800,79.95800,2455.00000
2026-07-15 14:15:00+00:00,79.94800,80.00800,79.38800,79.54800,1992.00000
2026-07-15 14:30:00+00:00,79.57800,79.59800,79.19800,79.44800,2903.00000
2026-07-15 14:45:00+00:00,79.43800,79.44800,78.70800,78.78800,2852.00000
2026-07-15 15:00:00+00:00,78.79800,79.05800,78.72800,79.03800,2405.00000
2026-07-15 15:15:00+00:00,79.03800,79.11800,78.47800,78.54800,2735.00000
2026-07-15 15:30:00+00:00,78.55800,78.96800,78.34800,78.72800,2742.00000
2026-07-15 15:45:00+00:00,78.73800,79.03800,78.65800,79.02800,1921.00000
2026-07-15 16:00:00+00:00,79.03800,79.35800,79.00800,79.16800,1767.00000
2026-07-15 16:15:00+00:00,79.17800,79.53800,79.10800,79.35800,1476.00000
2026-07-15 16:30:00+00:00,79.36800,79.64800,79.29800,79.63800,1227.00000
2026-07-15 16:45:00+00:00,79.64800,79.86800,78.98800,79.63800,1864.00000
2026-07-15 17:00:00+00:00,79.62800,79.62800,79.25800,79.50800,1576.00000
2026-07-15 17:15:00+00:00,79.49800,79.57800,79.12800,79.13800,1141.00000
2026-07-15 17:30:00+00:00,79.13800,79.31800,78.94800,79.10800,1833.00000
2026-07-15 17:45:00+00:00,79.11800,79.18800,79.00800,79.12800,1245.00000
2026-07-15 18:00:00+00:00,79.11800,79.36800,78.97200,79.26800,1341.00000
2026-07-15 18:15:00+00:00,79.26800,79.83800,79.25800,79.81800,1501.00000
2026-07-15 18:30:00+00:00,79.80800,80.04800,79.76800,79.92800,1145.00000
2026-07-15 18:45:00+00:00,79.91800,79.96800,79.79800,79.89800,957.00000
2026-07-15 19:00:00+00:00,79.90800,79.91800,79.73800,79.81800,604.00000
2026-07-15 19:15:00+00:00,79.80800,80.06800,79.71800,80.03800,773.00000
2026-07-15 19:30:00+00:00,80.03800,80.82800,79.98800,80.40800,1934.00000
2026-07-15 19:45:00+00:00,80.41800,80.52800,80.37800,80.45800,894.00000
2026-07-15 20:00:00+00:00,80.46800,80.63800,80.43800,80.54800,642.00000
2026-07-15 20:15:00+00:00,80.52800,80.55800,80.32800,80.45800,440.00000
2026-07-15 20:30:00+00:00,80.43800,80.60800,80.43800,80.56800,357.00000
2026-07-15 20:45:00+00:00,80.56800,80.58800,80.33800,80.38800,437.00000
2026-07-15 22:00:00+00:00,80.12100,80.39100,80.01100,80.33100,479.00000
2026-07-15 22:15:00+00:00,80.33100,80.49100,80.32100,80.48100,193.00000
2026-07-15 22:30:00+00:00,80.49100,80.59100,80.40100,80.43100,251.00000
2026-07-15 22:45:00+00:00,80.44100,80.69100,80.36100,80.42100,332.00000
2026-07-15 23:00:00+00:00,80.40100,80.48100,80.37100,80.39100,149.00000
2026-07-15 23:15:00+00:00,80.40100,80.41100,80.29100,80.31100,125.00000
2026-07-15 23:30:00+00:00,80.31100,80.39100,80.24100,80.30100,155.00000
2026-07-15 23:45:00+00:00,80.29100,80.33100,80.25100,80.29100,130.00000
2026-07-16 00:00:00+00:00,80.28100,80.30100,80.09100,80.09100,576.00000
2026-07-16 00:15:00+00:00,80.09100,80.18100,80.00100,80.10100,321.00000
2026-07-16 00:30:00+00:00,80.11100,80.34100,80.08100,80.27100,376.00000
2026-07-16 00:45:00+00:00,80.28100,80.29100,80.14100,80.25100,218.00000
2026-07-16 01:00:00+00:00,80.24100,80.49100,80.14100,80.40100,1232.00000
2026-07-16 01:15:00+00:00,80.40100,80.41100,80.14100,80.26100,819.00000
2026-07-16 01:30:00+00:00,80.25100,80.26100,80.08100,80.25100,672.00000
2026-07-16 01:45:00+00:00,80.26100,80.42100,80.07100,80.18100,712.00000
2026-07-16 02:00:00+00:00,80.17100,80.29100,80.17100,80.24100,596.00000
2026-07-16 02:15:00+00:00,80.25100,80.40100,80.18100,80.35100,223.00000
2026-07-16 02:30:00+00:00,80.37100,80.38100,80.14100,80.29100,721.00000
2026-07-16 02:45:00+00:00,80.29100,80.31100,80.12100,80.15100,634.00000
2026-07-16 03:00:00+00:00,80.14100,80.21100,80.01100,80.04100,588.00000
2026-07-16 03:15:00+00:00,80.04100,80.04100,79.78100,79.83100,904.00000
2026-07-16 03:30:00+00:00,79.83100,79.87100,79.40100,79.51100,846.00000
2026-07-16 03:45:00+00:00,79.51100,79.69100,79.49100,79.67100,469.00000
2026-07-16 04:00:00+00:00,79.67100,79.74100,79.59100,79.63100,495.00000
2026-07-16 04:15:00+00:00,79.64100,79.71100,79.57100,79.63100,337.00000
2026-07-16 04:30:00+00:00,79.63100,79.65100,79.45100,79.45100,303.00000
2026-07-16 04:45:00+00:00,79.47100,79.52100,79.38100,79.50100,351.00000
2026-07-16 05:00:00+00:00,79.49100,79.51100,79.36100,79.47100,352.00000
2026-07-16 05:15:00+00:00,79.46100,79.53100,79.38100,79.42100,440.00000
2026-07-16 05:30:00+00:00,79.39100,79.56100,79.27100,79.48100,1228.00000
2026-07-16 05:45:00+00:00,79.47100,79.62100,79.39100,79.53100,760.00000
2026-07-16 06:00:00+00:00,79.52100,79.81100,79.42100,79.55100,1233.00000
2026-07-16 06:15:00+00:00,79.54100,79.79100,79.43100,79.70100,927.00000
2026-07-16 06:30:00+00:00,79.71100,79.81100,79.43100,79.66100,989.00000
2026-07-16 06:45:00+00:00,79.65100,79.74100,79.38100,79.54100,1140.00000
2026-07-16 07:00:00+00:00,79.54100,79.74100,79.34100,79.40100,1396.00000
2026-07-16 07:15:00+00:00,79.39100,79.87100,79.37100,79.81100,1071.00000
2026-07-16 07:30:00+00:00,79.82100,79.90100,79.64100,79.69100,1129.00000
2026-07-16 07:45:00+00:00,79.68100,79.74100,79.59100,79.67100,1175.00000
2026-07-16 08:00:00+00:00,79.67100,79.76100,79.39100,79.66100,1697.00000
2026-07-16 08:15:00+00:00,79.66100,79.68100,79.52100,79.53100,1644.00000
2026-07-16 08:30:00+00:00,79.54100,79.80100,79.45100,79.70100,1396.00000
2026-07-16 08:45:00+00:00,79.71100,79.73100,79.40100,79.44100,1086.00000
2026-07-16 09:00:00+00:00,79.44100,79.46100,79.02100,79.08100,1689.00000
2026-07-16 09:15:00+00:00,79.08100,79.51100,79.05100,79.21100,1145.00000
2026-07-16 09:30:00+00:00,79.22100,79.72100,79.15100,79.65100,1330.00000
2026-07-16 09:45:00+00:00,79.65100,79.77100,79.54100,79.67100,1073.00000
2026-07-16 10:00:00+00:00,79.68100,79.72100,79.52100,79.68100,967.00000
2026-07-16 10:15:00+00:00,79.69100,79.73100,79.57100,79.70100,795.00000
2026-07-16 10:30:00+00:00,79.72100,79.81100,79.67100,79.72100,586.00000
2026-07-16 10:45:00+00:00,79.71100,79.79100,79.57100,79.74100,752.00000
2026-07-16 11:00:00+00:00,79.75100,79.75100,79.47100,79.61100,838.00000
2026-07-16 11:15:00+00:00,79.61100,79.69100,79.45100,79.50100,1002.00000
2026-07-16 11:30:00+00:00,79.50100,79.67100,79.49100,79.57100,896.00000
2026-07-16 11:45:00+00:00,79.58100,80.39100,79.47100,79.80100,2474.00000
2026-07-16 12:00:00+00:00,79.76100,80.31100,79.74100,80.22100,1558.00000
2026-07-16 12:15:00+00:00,80.22100,80.85100,80.22100,80.57100,2036.00000
2026-07-16 12:30:00+00:00,80.56100,80.82100,80.43100,80.79100,2318.00000
2026-07-16 12:45:00+00:00,80.80100,80.80100,80.40100,80.62100,1638.00000
2026-07-16 13:00:00+00:00,80.61100,80.99100,80.45100,80.46100,2565.00000
2026-07-16 13:15:00+00:00,80.46100,80.67100,80.25100,80.27100,1824.00000
2026-07-16 13:30:00+00:00,80.28100,80.48100,80.00100,80.12100,2434.00000
2026-07-16 13:45:00+00:00,80.11100,80.23100,80.00100,80.20100,1582.00000
2026-07-16 14:00:00+00:00,80.21100,80.22100,79.81100,80.08100,1910.00000
2026-07-16 14:15:00+00:00,80.09100,80.43100,80.01100,80.16100,1760.00000
2026-07-16 14:30:00+00:00,80.17100,80.19100,79.90100,79.91100,1891.00000
2026-07-16 14:45:00+00:00,79.92100,79.99100,79.58100,79.71100,1867.00000
2026-07-16 15:00:00+00:00,79.72100,79.89100,79.59100,79.81100,1873.00000
2026-07-16 15:15:00+00:00,79.82100,79.84100,79.43100,79.64100,2167.00000
2026-07-16 15:30:00+00:00,79.64100,79.79100,79.30100,79.46100,1765.00000
2026-07-16 15:45:00+00:00,79.46100,79.57100,79.44100,79.47100,1304.00000
2026-07-16 16:00:00+00:00,79.47100,79.83100,79.43100,79.55100,1698.00000
2026-07-16 16:15:00+00:00,79.56100,80.19100,79.45100,79.56100,2722.00000
2026-07-16 16:30:00+00:00,79.57100,79.58100,79.36100,79.49100,1666.00000
2026-07-16 16:45:00+00:00,79.48100,79.55100,78.95100,79.10100,1632.00000
2026-07-16 17:00:00+00:00,79.11100,79.37100,78.91100,79.36100,1472.00000
2026-07-16 17:15:00+00:00,79.36100,79.38100,79.06100,79.07100,1244.00000
2026-07-16 17:30:00+00:00,79.07100,79.24100,78.84100,79.17100,1480.00000
2026-07-16 17:45:00+00:00,79.18100,79.22100,78.83100,78.90100,1268.00000
2026-07-16 18:00:00+00:00,78.89100,78.99100,78.73100,78.81100,1062.00000
2026-07-16 18:15:00+00:00,78.81100,79.20100,78.71100,79.09100,1687.00000
2026-07-16 18:30:00+00:00,79.10100,79.11100,78.88100,79.08100,706.00000
2026-07-16 18:45:00+00:00,79.09100,79.20100,79.01100,79.13100,562.00000
2026-07-16 19:00:00+00:00,79.14100,79.22100,79.07100,79.11100,485.00000
2026-07-16 19:15:00+00:00,79.12100,79.15100,79.08100,79.11100,244.00000
2026-07-16 19:30:00+00:00,79.12100,79.30100,79.12100,79.19100,373.00000
2026-07-16 19:45:00+00:00,79.19100,79.27100,79.15100,79.18100,387.00000
2026-07-16 20:00:00+00:00,79.19100,79.23100,78.99100,79.21100,405.00000
2026-07-16 20:15:00+00:00,79.20100,79.28100,79.19100,79.23100,298.00000
2026-07-16 20:30:00+00:00,79.24100,79.70100,79.24100,79.57100,561.00000
2026-07-16 20:45:00+00:00,79.58100,79.80100,79.54100,79.69100,455.00000
2026-07-16 22:00:00+00:00,79.66400,79.80400,79.57400,79.80400,298.00000
2026-07-16 22:15:00+00:00,79.80400,79.82400,79.63400,79.72400,169.00000
2026-07-16 22:30:00+00:00,79.68400,79.78400,79.68400,79.73400,115.00000
2026-07-16 22:45:00+00:00,79.74400,79.78400,79.69400,79.69400,112.00000
2026-07-16 23:00:00+00:00,79.68400,79.76400,79.67400,79.76400,107.00000
2026-07-16 23:15:00+00:00,79.75400,79.78400,79.70400,79.76400,77.00000
2026-07-16 23:30:00+00:00,79.77400,79.79400,79.71400,79.72400,95.00000
2026-07-16 23:45:00+00:00,79.72400,79.78400,79.72400,79.78400,43.00000
2026-07-17 00:00:00+00:00,79.76400,79.76400,79.55400,79.59400,498.00000
2026-07-17 00:15:00+00:00,79.59400,79.80400,79.55400,79.76400,381.00000
2026-07-17 00:30:00+00:00,79.75400,79.87400,79.59400,79.86400,309.00000
2026-07-17 00:45:00+00:00,79.87400,79.91400,79.73400,79.88400,326.00000
2026-07-17 01:00:00+00:00,79.87400,80.16400,79.77400,80.11400,1134.00000
2026-07-17 01:15:00+00:00,80.11400,80.29400,80.08400,80.29400,623.00000
2026-07-17 01:30:00+00:00,80.28400,80.33400,79.93400,80.01400,677.00000
2026-07-17 01:45:00+00:00,80.01400,80.03400,79.87400,79.92400,619.00000
2026-07-17 02:00:00+00:00,79.94400,80.01400,79.87400,79.94400,500.00000
2026-07-17 02:15:00+00:00,79.93400,79.94400,79.83400,79.84400,197.00000
2026-07-17 02:30:00+00:00,79.83400,79.84400,79.61400,79.74400,609.00000
2026-07-17 02:45:00+00:00,79.75400,79.82400,79.53400,79.77400,920.00000
2026-07-17 03:00:00+00:00,79.77400,79.87400,79.72400,79.79400,398.00000
2026-07-17 03:15:00+00:00,79.80400,79.83400,79.64400,79.82400,495.00000
2026-07-17 03:30:00+00:00,79.83400,79.89400,79.69400,79.85400,283.00000
2026-07-17 03:45:00+00:00,79.84400,79.93400,79.81400,79.92400,191.00000
2026-07-17 04:00:00+00:00,79.92400,79.95400,79.84400,79.95400,207.00000
2026-07-17 04:15:00+00:00,79.93400,80.04400,79.92400,80.01400,249.00000
2026-07-17 04:30:00+00:00,80.02400,80.04400,79.91800,79.93400,181.00000
2026-07-17 04:45:00+00:00,79.94400,79.94400,79.87400,79.94400,127.00000
2026-07-17 05:00:00+00:00,79.95400,79.97400,79.80800,79.82400,159.00000
2026-07-17 05:15:00+00:00,79.82400,79.85400,79.70400,79.74400,211.00000
2026-07-17 05:30:00+00:00,79.75400,79.87400,78.92400,79.11400,1770.00000
2026-07-17 05:45:00+00:00,79.12400,79.27400,78.91400,79.18400,1829.00000
2026-07-17 06:00:00+00:00,79.20400,79.21400,78.70400,78.89400,2022.00000
2026-07-17 06:15:00+00:00,78.90400,79.23400,78.82400,79.20400,1038.00000
2026-07-17 06:30:00+00:00,79.22400,79.65400,79.13400,79.49400,1116.00000
2026-07-17 06:45:00+00:00,79.49400,79.61400,79.27400,79.40400,1111.00000
2026-07-17 07:00:00+00:00,79.42400,79.71400,79.42400,79.63400,939.00000
2026-07-17 07:15:00+00:00,79.64400,79.89400,79.53400,79.77400,982.00000
2026-07-17 07:30:00+00:00,79.77400,79.82400,79.64400,79.69400,972.00000
2026-07-17 07:45:00+00:00,79.70400,79.74400,79.49400,79.53400,1006.00000
2026-07-17 08:00:00+00:00,79.54400,79.65400,79.29400,79.58400,1336.00000
2026-07-17 08:15:00+00:00,79.58400,79.86400,79.32400,79.85400,1919.00000
2026-07-17 08:30:00+00:00,79.83400,79.86400,79.56400,79.71400,1182.00000
2026-07-17 08:45:00+00:00,79.72400,80.08400,79.70400,80.07400,1026.00000
2026-07-17 09:00:00+00:00,80.08400,80.38400,80.05400,80.21400,1465.00000
2026-07-17 09:15:00+00:00,80.21400,80.58400,80.17400,80.53400,1105.00000
2026-07-17 09:30:00+00:00,80.54400,80.68400,80.42400,80.48400,1207.00000
2026-07-17 09:45:00+00:00,80.49400,80.66400,80.42400,80.53400,987.00000
2026-07-17 10:00:00+00:00,80.52400,80.79400,80.32600,80.74400,1017.00000
2026-07-17 10:15:00+00:00,80.74400,80.85400,80.61400,80.61400,807.00000
2026-07-17 10:30:00+00:00,80.62400,80.65400,80.51400,80.55400,624.00000
2026-07-17 10:45:00+00:00,80.55400,80.81400,80.55400,80.76400,642.00000
2026-07-17 11:00:00+00:00,80.74400,80.98400,80.69400,80.92400,711.00000
2026-07-17 11:15:00+00:00,80.91400,81.07400,80.82400,80.83400,848.00000
2026-07-17 11:30:00+00:00,80.84400,80.96400,80.68400,80.74400,896.00000
2026-07-17 11:45:00+00:00,80.74400,80.97400,80.68400,80.95400,662.00000
2026-07-17 12:00:00+00:00,80.96400,80.99400,80.82400,80.88400,699.00000
2026-07-17 12:15:00+00:00,80.87400,81.07400,80.86400,81.00400,825.00000
2026-07-17 12:30:00+00:00,81.01400,81.20400,81.00400,81.07400,949.00000
2026-07-17 12:45:00+00:00,81.08400,81.21400,80.86400,81.11400,999.00000
2026-07-17 13:00:00+00:00,81.10400,81.76400,81.06400,81.61400,2081.00000
2026-07-17 13:15:00+00:00,81.62400,81.77400,81.44400,81.71400,1495.00000
2026-07-17 13:30:00+00:00,81.72400,81.82400,81.35400,81.68400,1955.00000
2026-07-17 13:45:00+00:00,81.68400,81.96400,81.62400,81.91400,1192.00000
2026-07-17 14:00:00+00:00,81.90400,82.01400,81.67400,81.88400,1482.00000
2026-07-17 14:15:00+00:00,81.87400,81.87400,81.60400,81.67400,1175.00000
2026-07-17 14:30:00+00:00,81.66400,81.66400,81.29400,81.56400,1318.00000
2026-07-17 14:45:00+00:00,81.56400,81.56400,80.96400,80.98400,1351.00000
2026-07-17 15:00:00+00:00,80.98400,81.10400,80.58400,80.74400,2053.00000
2026-07-17 15:15:00+00:00,80.75400,81.33400,80.74400,81.18400,2026.00000
2026-07-17 15:30:00+00:00,81.17400,81.61400,81.08400,81.47400,1853.00000
2026-07-17 15:45:00+00:00,81.48400,81.57400,81.35400,81.45400,1014.00000
2026-07-17 16:00:00+00:00,81.44400,82.20400,81.38400,82.09400,2176.00000
2026-07-17 16:15:00+00:00,82.08400,82.28400,81.97400,82.16400,1341.00000
2026-07-17 16:30:00+00:00,82.15400,82.24400,81.99400,82.11400,899.00000
2026-07-17 16:45:00+00:00,82.11400,82.31400,81.97400,82.23400,905.00000
2026-07-17 17:00:00+00:00,82.24400,82.30400,82.04400,82.26400,904.00000
2026-07-17 17:15:00+00:00,82.25400,82.48400,82.20400,82.40400,766.00000
2026-07-17 17:30:00+00:00,82.40400,82.61400,82.27400,82.56400,1109.00000
2026-07-17 17:45:00+00:00,82.57400,82.63400,82.43400,82.53400,1108.00000
2026-07-17 18:00:00+00:00,82.54400,82.82400,82.38400,82.78400,1404.00000
2026-07-17 18:15:00+00:00,82.77400,82.82400,82.42400,82.44400,1553.00000
2026-07-17 18:30:00+00:00,82.42400,82.45400,82.12400,82.18400,1044.00000
2026-07-17 18:45:00+00:00,82.18400,82.28400,82.14400,82.17400,562.00000
2026-07-17 19:00:00+00:00,82.18400,82.21400,82.06800,82.15400,506.00000
2026-07-17 19:15:00+00:00,82.15400,82.23400,82.10400,82.13400,588.00000
2026-07-17 19:30:00+00:00,82.13400,82.13400,81.87400,81.90400,712.00000
2026-07-17 19:45:00+00:00,81.90400,82.22400,81.88400,82.20400,873.00000
2026-07-17 20:00:00+00:00,82.20400,82.40400,82.09400,82.28400,460.00000
2026-07-17 20:15:00+00:00,82.28400,82.51400,82.28400,82.49400,316.00000
2026-07-17 20:30:00+00:00,82.49400,82.61400,82.37400,82.60400,534.00000
2026-07-17 20:45:00+00:00,82.60400,82.62400,82.45400,82.56400,551.00000
2026-07-19 22:00:00+00:00,83.65200,85.08200,83.65200,84.55200,2345.00000
2026-07-19 22:15:00+00:00,84.54200,85.26200,84.48200,85.26200,1068.00000
2026-07-19 22:30:00+00:00,85.27200,85.28200,84.70200,84.80200,769.00000
2026-07-19 22:45:00+00:00,84.79200,84.86200,84.71200,84.72200,507.00000
2026-07-19 23:00:00+00:00,84.73200,84.85200,84.65200,84.77200,535.00000
2026-07-19 23:15:00+00:00,84.78200,84.78200,84.47200,84.63200,436.00000
2026-07-19 23:30:00+00:00,84.64200,84.65200,84.41200,84.63200,345.00000
2026-07-19 23:45:00+00:00,84.63200,84.69200,84.49200,84.53200,350.00000
2026-07-20 00:00:00+00:00,84.50200,84.57200,84.21200,84.32200,853.00000
2026-07-20 00:15:00+00:00,84.31200,84.42200,84.24200,84.39200,750.00000
2026-07-20 00:30:00+00:00,84.40200,84.46200,84.21200,84.37200,542.00000
2026-07-20 00:45:00+00:00,84.36200,84.42200,84.23200,84.25200,537.00000
2026-07-20 01:00:00+00:00,84.24200,84.35200,84.05200,84.32200,2417.00000
2026-07-20 01:15:00+00:00,84.31200,84.37200,84.07200,84.27200,1607.00000
2026-07-20 01:30:00+00:00,84.28200,84.48200,84.19200,84.47200,1112.00000
2026-07-20 01:45:00+00:00,84.47200,84.54200,84.28200,84.37200,1286.00000
2026-07-20 02:00:00+00:00,84.33200,84.53200,84.10200,84.47200,1116.00000
2026-07-20 02:15:00+00:00,84.47200,84.49200,84.27200,84.29200,442.00000
2026-07-20 02:30:00+00:00,84.28200,84.37200,84.02200,84.20200,1331.00000
2026-07-20 02:45:00+00:00,84.21200,84.24200,83.89800,84.04200,1102.00000
2026-07-20 03:00:00+00:00,84.03200,84.19200,84.00200,84.18200,775.00000
2026-07-20 03:15:00+00:00,84.19200,84.31200,84.11200,84.21200,681.00000
2026-07-20 03:30:00+00:00,84.21200,84.33200,84.19200,84.27200,334.00000
2026-07-20 03:45:00+00:00,84.27200,84.33200,84.23200,84.32200,188.00000
2026-07-20 04:00:00+00:00,84.32200,84.46200,84.28200,84.43200,261.00000
2026-07-20 04:15:00+00:00,84.43200,84.43200,84.35400,84.37200,177.00000
2026-07-20 04:30:00+00:00,84.37200,84.38200,84.15200,84.18200,385.00000
2026-07-20 04:45:00+00:00,84.19200,84.33200,84.16200,84.22200,289.00000
2026-07-20 05:00:00+00:00,84.20200,84.24200,84.12200,84.16200,284.00000
2026-07-20 05:15:00+00:00,84.17200,84.39200,84.15200,84.37200,446.00000
2026-07-20 05:30:00+00:00,84.38200,84.45200,84.16200,84.41200,1009.00000
2026-07-20 05:45:00+00:00,84.42200,84.54200,84.34200,84.49200,955.00000
2026-07-20 06:00:00+00:00,84.50200,84.77200,84.49200,84.66200,1180.00000
2026-07-20 06:15:00+00:00,84.67200,84.87200,84.41200,84.48200,1307.00000
2026-07-20 06:30:00+00:00,84.48200,84.78200,84.44200,84.55200,1251.00000
2026-07-20 06:45:00+00:00,84.55200,84.62200,84.35200,84.57200,1199.00000
2026-07-20 07:00:00+00:00,84.53200,84.85200,84.33200,84.66200,1378.00000
2026-07-20 07:15:00+00:00,84.65200,84.70200,83.81200,83.88200,2019.00000
2026-07-20 07:30:00+00:00,83.88200,83.93200,82.91200,82.92200,2992.00000
2026-07-20 07:45:00+00:00,82.92200,83.31200,82.80200,82.90200,2315.00000
2026-07-20 08:00:00+00:00,82.86200,82.87200,82.33200,82.43200,2237.00000
2026-07-20 08:15:00+00:00,82.44200,82.48200,82.07600,82.32200,2668.00000
2026-07-20 08:30:00+00:00,82.29200,82.37200,82.01200,82.35200,2128.00000
2026-07-20 08:45:00+00:00,82.34200,82.37200,81.94200,82.25200,1870.00000
2026-07-20 09:00:00+00:00,82.24200,82.39200,82.13200,82.17200,1554.00000
2026-07-20 09:15:00+00:00,82.17200,82.17200,81.81200,82.02200,1469.00000
2026-07-20 09:30:00+00:00,82.01200,82.02200,81.66200,81.86200,1471.00000
2026-07-20 09:45:00+00:00,81.90200,82.02200,81.79400,81.86200,1299.00000
2026-07-20 10:00:00+00:00,81.89200,82.18200,81.84200,82.10200,1222.00000
2026-07-20 10:15:00+00:00,82.09200,82.14200,81.91200,82.14200,917.00000
2026-07-20 10:30:00+00:00,82.14200,82.43200,82.11200,82.35200,1012.00000
2026-07-20 10:45:00+00:00,82.36200,82.51200,82.32200,82.33200,890.00000
2026-07-20 11:00:00+00:00,82.30200,82.39200,82.10200,82.38200,1288.00000
2026-07-20 11:15:00+00:00,82.39200,82.41200,82.21200,82.28200,741.00000
2026-07-20 11:30:00+00:00,82.27200,82.29200,80.27200,80.46200,5369.00000
2026-07-20 11:45:00+00:00,80.46200,81.17200,80.46200,80.95200,2204.00000
2026-07-20 12:00:00+00:00,80.95200,82.38200,80.93200,82.12200,4105.00000
2026-07-20 12:15:00+00:00,82.13200,82.65200,82.07200,82.51200,1815.00000
2026-07-20 12:30:00+00:00,82.51200,82.81200,82.37200,82.71200,1796.00000
2026-07-20 12:45:00+00:00,82.72200,82.81200,82.27200,82.55200,2266.00000
2026-07-20 13:00:00+00:00,82.55200,82.67200,82.12200,82.44200,2961.00000
2026-07-20 13:15:00+00:00,82.43200,82.44200,81.83200,82.02200,2267.00000
2026-07-20 13:30:00+00:00,82.00200,82.18200,81.78200,82.12200,2308.00000
2026-07-20 13:45:00+00:00,82.12200,82.45200,82.03200,82.39200,2166.00000
2026-07-20 14:00:00+00:00,82.39200,82.67200,82.20200,82.65200,1967.00000
2026-07-20 14:15:00+00:00,82.64200,82.70200,82.16200,82.20200,1936.00000
2026-07-20 14:30:00+00:00,82.21200,82.39200,81.97200,82.15200,1848.00000
2026-07-20 14:45:00+00:00,82.18200,82.74200,82.12200,82.66200,1965.00000
2026-07-20 15:00:00+00:00,82.68200,82.77200,81.80200,82.14200,3058.00000
2026-07-20 15:15:00+00:00,82.14200,82.45200,82.04200,82.08200,2259.00000
2026-07-20 15:30:00+00:00,82.09200,82.32200,81.95200,82.17200,1774.00000
2026-07-20 15:45:00+00:00,82.17200,82.32200,82.10200,82.25200,1246.00000
2026-07-20 16:00:00+00:00,82.25200,82.26200,81.87200,82.07200,1130.00000
2026-07-20 16:15:00+00:00,82.08200,82.30200,81.93200,82.29200,999.00000
2026-07-20 16:30:00+00:00,82.29200,83.09200,82.29200,82.55200,2265.00000
2026-07-20 16:45:00+00:00,82.54200,82.66200,82.25200,82.58200,1637.00000
2026-07-20 17:00:00+00:00,82.60200,82.63200,82.35200,82.46200,1270.00000
2026-07-20 17:15:00+00:00,82.47200,82.66200,82.41200,82.44200,1092.00000
2026-07-20 17:30:00+00:00,82.45200,82.91200,82.44200,82.73200,1436.00000
2026-07-20 17:45:00+00:00,82.72200,82.97200,82.64200,82.85200,1530.00000
2026-07-20 18:00:00+00:00,82.86200,82.87200,82.51200,82.60200,1381.00000
2026-07-20 18:15:00+00:00,82.61200,83.29200,82.61200,83.27200,2085.00000
2026-07-20 18:30:00+00:00,83.26200,83.61200,83.25200,83.60200,1135.00000
2026-07-20 18:45:00+00:00,83.59200,83.83200,83.45200,83.54200,1032.00000
2026-07-20 19:00:00+00:00,83.55200,83.67200,83.43200,83.47200,724.00000
2026-07-20 19:15:00+00:00,83.47200,83.51200,83.07200,83.20200,740.00000
2026-07-20 19:30:00+00:00,83.21200,83.27200,82.86200,83.12200,1617.00000
2026-07-20 19:45:00+00:00,83.11200,83.20200,83.04200,83.11200,948.00000
2026-07-20 20:00:00+00:00,83.12200,83.16200,83.04200,83.08200,514.00000
2026-07-20 20:15:00+00:00,83.08200,83.21200,83.08200,83.15200,546.00000
2026-07-20 20:30:00+00:00,83.16200,83.23200,83.15200,83.17200,598.00000
2026-07-20 20:45:00+00:00,83.17200,83.19200,83.09200,83.10200,558.00000
2026-07-20 22:00:00+00:00,83.06500,83.35500,83.06500,83.18500,368.00000
2026-07-20 22:15:00+00:00,83.19500,83.29500,83.18500,83.23500,132.00000
2026-07-20 22:30:00+00:00,83.24500,83.31500,83.16500,83.23500,236.00000
2026-07-20 22:45:00+00:00,83.24500,83.33500,83.24500,83.29500,134.00000
2026-07-20 23:00:00+00:00,83.31500,83.38500,83.21500,83.25500,197.00000
2026-07-20 23:15:00+00:00,83.25500,83.28500,83.17500,83.17500,116.00000
2026-07-20 23:30:00+00:00,83.17500,83.26500,83.17500,83.24500,82.00000
2026-07-20 23:45:00+00:00,83.25500,83.26500,83.09500,83.13500,126.00000
2026-07-21 00:00:00+00:00,83.15500,83.20500,82.97500,83.09500,467.00000
2026-07-21 00:15:00+00:00,83.09500,83.20500,83.04500,83.18500,370.00000
2026-07-21 00:30:00+00:00,83.19500,83.20500,83.04500,83.11500,258.00000
2026-07-21 00:45:00+00:00,83.10500,83.17500,83.06500,83.15500,187.00000
2026-07-21 01:00:00+00:00,83.18500,83.19500,82.66500,82.78500,1603.00000
2026-07-21 01:15:00+00:00,82.78500,82.85500,82.60500,82.81500,939.00000
2026-07-21 01:30:00+00:00,82.78500,82.98500,82.76500,82.87500,817.00000
2026-07-21 01:45:00+00:00,82.87500,83.12500,82.87500,83.07500,630.00000
2026-07-21 02:00:00+00:00,83.08500,83.08500,82.87500,82.97500,578.00000
2026-07-21 02:15:00+00:00,82.98500,83.05500,82.89500,83.01500,202.00000
2026-07-21 02:30:00+00:00,83.01500,83.16500,82.96500,83.11500,588.00000
2026-07-21 02:45:00+00:00,83.12500,83.19500,82.78500,82.80500,694.00000
2026-07-21 03:00:00+00:00,82.81500,83.05500,82.76500,83.03500,716.00000
2026-07-21 03:15:00+00:00,83.03500,83.03500,82.88500,82.94500,453.00000
2026-07-21 03:30:00+00:00,82.91500,82.92500,82.79500,82.88500,400.00000
2026-07-21 03:45:00+00:00,82.87500,82.97500,82.81500,82.83500,312.00000
2026-07-21 04:00:00+00:00,82.83500,82.83500,82.57500,82.70500,344.00000
2026-07-21 04:15:00+00:00,82.70500,82.84500,82.69500,82.80500,217.00000
2026-07-21 04:30:00+00:00,82.81500,82.90500,82.76500,82.80500,159.00000
2026-07-21 04:45:00+00:00,82.81500,82.81500,82.73500,82.78500,151.00000
2026-07-21 05:00:00+00:00,82.80500,83.06500,82.75500,82.95500,343.00000
2026-07-21 05:15:00+00:00,82.95500,83.00500,82.90500,82.97500,230.00000
2026-07-21 05:30:00+00:00,82.99500,82.99500,82.65500,82.73500,857.00000
2026-07-21 05:45:00+00:00,82.72500,82.82500,82.47500,82.70500,1095.00000
2026-07-21 06:00:00+00:00,82.74500,82.90500,82.68500,82.80500,1050.00000
2026-07-21 06:15:00+00:00,82.81500,82.81500,82.59500,82.59500,1093.00000
2026-07-21 06:30:00+00:00,82.58500,82.76500,82.56500,82.69500,1077.00000
2026-07-21 06:45:00+00:00,82.70500,82.97500,82.69500,82.97500,1057.00000
2026-07-21 07:00:00+00:00,82.96500,83.32500,82.90500,83.25500,1061.00000
2026-07-21 07:15:00+00:00,83.26500,83.54500,83.26500,83.54500,1106.00000
2026-07-21 07:30:00+00:00,83.54500,83.70500,82.77500,82.89500,1719.00000
2026-07-21 07:45:00+00:00,82.89500,82.95500,82.53900,82.58500,1548.00000
2026-07-21 08:00:00+00:00,82.55500,82.65500,82.10500,82.18500,1896.00000
2026-07-21 08:15:00+00:00,82.18500,82.71500,82.05500,82.59500,1979.00000
2026-07-21 08:30:00+00:00,82.61500,82.83500,82.54500,82.61500,1558.00000
2026-07-21 08:45:00+00:00,82.61500,83.10500,82.61500,82.89500,1308.00000
2026-07-21 09:00:00+00:00,82.90500,82.96500,82.60500,82.77500,1087.00000
2026-07-21 09:15:00+00:00,82.78500,83.59500,82.73500,83.57500,1282.00000
2026-07-21 09:30:00+00:00,83.59500,83.71500,83.28500,83.64500,1575.00000
2026-07-21 09:45:00+00:00,83.65500,84.02500,83.47500,83.91500,1438.00000
2026-07-21 10:00:00+00:00,83.92500,83.92500,82.96500,83.34500,2476.00000
2026-07-21 10:15:00+00:00,83.36500,83.71500,83.34500,83.52500,1741.00000
2026-07-21 10:30:00+00:00,83.54500,83.62500,83.33500,83.53500,1395.00000
2026-07-21 10:45:00+00:00,83.54500,84.02500,83.54500,83.91500,1894.00000
2026-07-21 11:00:00+00:00,83.93500,84.23500,83.86500,84.14500,1486.00000
2026-07-21 11:15:00+00:00,84.11500,84.37500,84.10500,84.29500,1167.00000
2026-07-21 11:30:00+00:00,84.31500,84.58500,84.13500,84.38500,1363.00000
2026-07-21 11:45:00+00:00,84.39500,84.66500,84.35500,84.50500,1139.00000
2026-07-21 12:00:00+00:00,84.48500,84.52500,83.98500,84.21500,1668.00000
2026-07-21 12:15:00+00:00,84.21500,84.80500,84.20500,84.76500,1846.00000
2026-07-21 12:30:00+00:00,84.77500,85.07500,84.61500,84.76500,1914.00000
2026-07-21 12:45:00+00:00,84.76500,84.86500,84.59500,84.79500,1919.00000
2026-07-21 13:00:00+00:00,84.79500,85.20500,84.73500,85.03500,2421.00000
2026-07-21 13:15:00+00:00,85.04500,85.31500,84.85500,85.26500,1913.00000
2026-07-21 13:30:00+00:00,85.28500,85.59500,84.94500,85.48500,2361.00000
2026-07-21 13:45:00+00:00,85.49500,85.55500,84.98500,85.03500,1935.00000
2026-07-21 14:00:00+00:00,85.04500,85.23500,84.85500,85.13500,1829.00000
2026-07-21 14:15:00+00:00,85.12500,85.33500,84.85500,85.27500,1817.00000
2026-07-21 14:30:00+00:00,85.28500,85.68500,85.19500,85.22500,1731.00000
2026-07-21 14:45:00+00:00,85.21500,85.39500,84.73500,85.36500,2423.00000
2026-07-21 15:00:00+00:00,85.38500,85.50500,84.84500,84.86500,1836.00000
2026-07-21 15:15:00+00:00,84.86500,85.25500,84.35500,85.21500,3089.00000
2026-07-21 15:30:00+00:00,85.27500,85.42500,85.00500,85.37500,2000.00000
2026-07-21 15:45:00+00:00,85.37500,85.44500,85.15500,85.16500,1331.00000
2026-07-21 16:00:00+00:00,85.15500,85.20500,84.75500,84.92500,1464.00000
2026-07-21 16:15:00+00:00,84.93500,85.10500,84.81500,84.98500,1158.00000
2026-07-21 16:30:00+00:00,85.00500,85.14500,84.84500,85.12500,1039.00000
2026-07-21 16:45:00+00:00,85.12500,85.21500,84.99500,85.04500,839.00000
2026-07-21 17:00:00+00:00,85.05500,85.15500,84.69500,84.75500,877.00000
2026-07-21 17:15:00+00:00,84.77500,84.94500,84.76500,84.85500,756.00000
2026-07-21 17:30:00+00:00,84.84500,85.15500,84.84500,85.07500,801.00000
2026-07-21 17:45:00+00:00,85.06500,85.15500,84.92500,85.01500,944.00000
2026-07-21 18:00:00+00:00,85.02500,85.02500,84.62500,84.85500,1617.00000
2026-07-21 18:15:00+00:00,84.84500,85.05500,84.76500,85.03500,1717.00000
2026-07-21 18:30:00+00:00,85.04500,85.22500,84.77500,84.81500,1003.00000
2026-07-21 18:45:00+00:00,84.80500,85.18500,84.80500,85.17500,617.00000
2026-07-21 19:00:00+00:00,85.18500,85.34500,85.10500,85.31500,565.00000
2026-07-21 19:15:00+00:00,85.31500,85.33500,85.17500,85.29500,495.00000
2026-07-21 19:30:00+00:00,85.28500,85.37500,85.18500,85.31500,457.00000
2026-07-21 19:45:00+00:00,85.30500,85.41500,85.28500,85.31500,510.00000
2026-07-21 20:00:00+00:00,85.31500,85.39500,85.15500,85.17500,375.00000
2026-07-21 20:15:00+00:00,85.16500,85.22500,85.12300,85.16500,332.00000
2026-07-21 20:30:00+00:00,85.15500,85.21500,84.97500,85.03500,448.00000
2026-07-21 20:45:00+00:00,85.04500,85.20500,85.01500,85.19500,339.00000
2026-07-21 22:00:00+00:00,85.28300,85.31300,85.22300,85.27300,180.00000
2026-07-21 22:15:00+00:00,85.27300,85.31300,85.24300,85.28300,64.00000
2026-07-21 22:30:00+00:00,85.29300,85.42300,85.28300,85.38300,120.00000
2026-07-21 22:45:00+00:00,85.37300,85.37300,85.31300,85.34300,67.00000
2026-07-21 23:00:00+00:00,85.34300,85.35300,85.28200,85.35300,60.00000
2026-07-21 23:15:00+00:00,85.34300,85.35300,85.27300,85.32300,51.00000
2026-07-21 23:30:00+00:00,85.31300,85.54300,85.29300,85.48300,145.00000
2026-07-21 23:45:00+00:00,85.48300,85.53300,85.42300,85.42300,168.00000
2026-07-22 00:00:00+00:00,85.40300,85.40300,85.18300,85.32300,599.00000
2026-07-22 00:15:00+00:00,85.33300,85.38300,85.25300,85.35300,284.00000
2026-07-22 00:30:00+00:00,85.33300,85.35300,85.10300,85.32300,413.00000
2026-07-22 00:45:00+00:00,85.33300,85.45300,85.25300,85.28300,357.00000
2026-07-22 01:00:00+00:00,85.28300,85.93300,85.21300,85.89300,1776.00000
2026-07-22 01:15:00+00:00,85.89300,86.38300,85.81300,86.11300,1644.00000
2026-07-22 01:30:00+00:00,86.11300,86.36300,86.07300,86.28300,1215.00000
2026-07-22 01:45:00+00:00,86.28300,86.37300,86.12300,86.23300,1066.00000
2026-07-22 02:00:00+00:00,86.22300,86.28300,85.89300,85.90300,1176.00000
2026-07-22 02:15:00+00:00,85.92300,85.94300,85.80300,85.92300,623.00000
2026-07-22 02:30:00+00:00,85.91300,85.92300,85.55300,85.64300,1327.00000
2026-07-22 02:45:00+00:00,85.65300,85.88300,85.61300,85.69300,927.00000
2026-07-22 03:00:00+00:00,85.71300,85.94300,85.66300,85.85300,684.00000
2026-07-22 03:15:00+00:00,85.85300,85.90300,85.74300,85.80300,734.00000
2026-07-22 03:30:00+00:00,85.81300,85.90300,85.77300,85.82300,348.00000
2026-07-22 03:45:00+00:00,85.82300,85.98300,85.81300,85.98300,267.00000
2026-07-22 04:00:00+00:00,85.99300,86.00300,85.85300,86.00300,332.00000
2026-07-22 04:15:00+00:00,85.99300,86.05300,85.90300,85.90300,361.00000
2026-07-22 04:30:00+00:00,85.89300,86.09300,85.88300,86.03300,429.00000
2026-07-22 04:45:00+00:00,86.03300,86.07300,85.99300,86.06300,284.00000
2026-07-22 05:00:00+00:00,86.04300,86.18300,86.03300,86.16300,315.00000
2026-07-22 05:15:00+00:00,86.16300,86.19300,85.98300,86.02300,365.00000
2026-07-22 05:30:00+00:00,86.05300,86.09300,85.75300,85.77300,1235.00000
2026-07-22 05:45:00+00:00,85.78300,85.83300,85.66300,85.78300,1077.00000
2026-07-22 06:00:00+00:00,85.78300,85.99300,85.68300,85.87300,1271.00000
2026-07-22 06:15:00+00:00,85.88300,86.78300,85.87300,86.66300,1816.00000
2026-07-22 06:30:00+00:00,86.66300,86.77300,86.52300,86.64300,1281.00000
2026-07-22 06:45:00+00:00,86.64300,87.01300,86.64300,86.77300,1548.00000
2026-07-22 07:00:00+00:00,86.76300,87.34300,86.76300,87.10300,1455.00000
2026-07-22 07:15:00+00:00,87.10300,87.43300,87.01300,87.38300,1465.00000
2026-07-22 07:30:00+00:00,87.40300,88.46300,87.32300,88.18300,2591.00000
2026-07-22 07:45:00+00:00,88.15300,88.49300,88.07300,88.33300,2274.00000
2026-07-22 08:00:00+00:00,88.35300,88.35300,87.84300,88.05300,2071.00000
2026-07-22 08:15:00+00:00,88.04300,88.12300,87.78300,88.00300,2474.00000
2026-07-22 08:30:00+00:00,88.04300,88.29300,87.78300,88.23300,2003.00000
2026-07-22 08:45:00+00:00,88.23300,88.43300,88.10300,88.25300,1475.00000
2026-07-22 09:00:00+00:00,88.26300,88.57300,87.97300,88.52300,2056.00000
2026-07-22 09:15:00+00:00,88.51300,88.72300,88.49300,88.64300,1743.00000
2026-07-22 09:30:00+00:00,88.69300,88.88300,88.43300,88.64300,2029.00000
2026-07-22 09:45:00+00:00,88.65300,89.24300,88.56300,89.08300,1935.00000
2026-07-22 10:00:00+00:00,89.08300,89.09300,88.45300,88.47300,1883.00000
2026-07-22 10:15:00+00:00,88.48300,88.48300,87.56300,87.63300,2571.00000
2026-07-22 10:30:00+00:00,87.62300,88.04300,87.56300,87.96300,2344.00000
2026-07-22 10:45:00+00:00,87.97300,88.06300,87.65300,87.80300,1495.00000
2026-07-22 11:00:00+00:00,87.81300,88.08300,87.81300,87.88300,1261.00000
2026-07-22 11:15:00+00:00,87.89300,88.13300,87.87300,88.04300,1203.00000
2026-07-22 11:30:00+00:00,88.04300,88.48300,87.65300,88.27300,2202.00000
2026-07-22 11:45:00+00:00,88.27300,88.32300,87.77300,87.98300,1734.00000
2026-07-22 12:00:00+00:00,87.99300,88.18300,87.68300,87.69300,1527.00000
2026-07-22 12:15:00+00:00,87.66300,87.78300,87.37300,87.41300,1653.00000
2026-07-22 12:30:00+00:00,87.41300,87.46300,87.18300,87.35300,1471.00000
2026-07-22 12:45:00+00:00,87.35300,88.36300,87.32300,87.86300,2461.00000
2026-07-22 13:00:00+00:00,87.85300,88.01300,87.60300,87.70300,2370.00000
2026-07-22 13:15:00+00:00,87.70300,87.75300,86.78300,86.98300,2572.00000
2026-07-22 13:30:00+00:00,86.96300,87.48300,86.81300,87.46300,2191.00000
2026-07-22 13:45:00+00:00,87.44300,87.63300,87.12300,87.58300,2056.00000
2026-07-22 14:00:00+00:00,87.59300,87.77300,87.36300,87.75300,1756.00000
2026-07-22 14:15:00+00:00,87.74300,87.79300,87.54300,87.73300,1559.00000
2026-07-22 14:30:00+00:00,87.74300,87.78300,87.13300,87.20300,2046.00000
2026-07-22 14:45:00+00:00,87.16300,87.57300,87.05300,87.34300,1901.00000
2026-07-22 15:00:00+00:00,87.35300,87.95300,87.28300,87.67300,1589.00000
2026-07-22 15:15:00+00:00,87.66300,87.72300,87.20300,87.43300,1999.00000
2026-07-22 15:30:00+00:00,87.44300,87.51300,86.81300,86.85300,2063.00000
2026-07-22 15:45:00+00:00,86.85300,86.91300,86.42300,86.65300,1930.00000
2026-07-22 16:00:00+00:00,86.66300,86.98300,86.55300,86.90300,1407.00000
2026-07-22 16:15:00+00:00,86.91300,87.05300,86.74300,87.04300,1004.00000
2026-07-22 16:30:00+00:00,87.03300,87.18300,86.99300,87.03300,967.00000
2026-07-22 16:45:00+00:00,87.04300,87.04300,86.75300,86.95300,973.00000
2026-07-22 17:00:00+00:00,86.96300,87.33300,86.96300,87.30300,1059.00000
2026-07-22 17:15:00+00:00,87.30300,87.55300,87.26300,87.35300,1118.00000
2026-07-22 17:30:00+00:00,87.36300,87.57300,87.30300,87.42300,878.00000
2026-07-22 17:45:00+00:00,87.43300,87.55300,87.36300,87.45300,790.00000
2026-07-22 18:00:00+00:00,87.45300,87.64300,87.28300,87.40300,1159.00000
2026-07-22 18:15:00+00:00,87.39300,87.70300,87.39300,87.48300,1802.00000
2026-07-22 18:30:00+00:00,87.49300,87.73300,87.48300,87.69300,907.00000
2026-07-22 18:45:00+00:00,87.68300,87.71300,87.55300,87.69300,442.00000
2026-07-22 19:00:00+00:00,87.70300,87.79300,87.68300,87.78300,432.00000
2026-07-22 19:15:00+00:00,87.78300,87.79300,87.51300,87.52300,470.00000
2026-07-22 19:30:00+00:00,87.51300,87.54300,87.30300,87.33300,379.00000
2026-07-22 19:45:00+00:00,87.32300,87.34300,87.10300,87.15300,775.00000
2026-07-22 20:00:00+00:00,87.16300,87.16300,86.87300,87.06300,1011.00000
2026-07-22 20:15:00+00:00,87.06300,87.10300,87.01300,87.03300,459.00000
2026-07-22 20:30:00+00:00,87.04300,87.30300,87.00300,87.17300,719.00000
2026-07-22 20:45:00+00:00,87.18300,87.19300,87.01300,87.06300,435.00000
2026-07-22 22:00:00+00:00,88.21000,88.93000,87.94000,88.82000,1223.00000
2026-07-22 22:15:00+00:00,88.78000,88.87000,88.59000,88.78000,572.00000
2026-07-22 22:30:00+00:00,88.79000,88.96000,88.65000,88.70000,530.00000
2026-07-22 22:45:00+00:00,88.68000,88.69000,88.42000,88.56000,389.00000
2026-07-22 23:00:00+00:00,88.54000,88.61000,88.45000,88.50000,296.00000
2026-07-22 23:15:00+00:00,88.52000,88.58000,88.39000,88.39000,186.00000
2026-07-22 23:30:00+00:00,88.39000,88.57000,88.35000,88.48000,215.00000
2026-07-22 23:45:00+00:00,88.48000,88.48000,88.35000,88.42000,202.00000
2026-07-23 00:00:00+00:00,88.39000,89.00000,87.97000,88.77000,1505.00000
2026-07-23 00:15:00+00:00,88.78000,88.82000,88.43000,88.65000,662.00000
2026-07-23 00:30:00+00:00,88.66000,88.89000,88.59000,88.71000,616.00000
2026-07-23 00:45:00+00:00,88.70000,88.70000,88.43000,88.59000,573.00000
2026-07-23 01:00:00+00:00,88.58000,88.75000,88.44000,88.55000,1932.00000
2026-07-23 01:15:00+00:00,88.56000,89.15000,88.55000,89.09000,1281.00000
2026-07-23 01:30:00+00:00,89.08000,89.24000,88.55000,88.62000,1439.00000
2026-07-23 01:45:00+00:00,88.63000,88.85000,88.59000,88.71000,1161.00000
2026-07-23 02:00:00+00:00,88.72000,88.85000,88.66000,88.69000,1022.00000
2026-07-23 02:15:00+00:00,88.70000,88.85000,88.67000,88.82000,391.00000
2026-07-23 02:30:00+00:00,88.83000,88.89000,88.66000,88.85000,820.00000
2026-07-23 02:45:00+00:00,88.86000,89.09000,88.83000,88.86000,823.00000
2026-07-23 03:00:00+00:00,88.87000,89.17000,88.82000,89.17000,797.00000
2026-07-23 03:15:00+00:00,89.17000,89.28000,89.03000,89.10000,855.00000
2026-07-23 03:30:00+00:00,89.10000,89.14000,88.96000,88.97000,390.00000
2026-07-23 03:45:00+00:00,88.96000,89.15000,88.93000,89.02000,369.00000
2026-07-23 04:00:00+00:00,89.03000,89.08000,88.91000,88.98000,378.00000
2026-07-23 04:15:00+00:00,88.98000,89.00000,88.72000,88.75000,427.00000
2026-07-23 04:30:00+00:00,88.74000,88.89000,88.54000,88.75000,552.00000
2026-07-23 04:45:00+00:00,88.75000,88.87000,88.68000,88.74000,328.00000
2026-07-23 05:00:00+00:00,88.73000,89.02000,88.73000,88.87000,465.00000
2026-07-23 05:15:00+00:00,88.88000,88.89000,88.61000,88.61000,381.00000
2026-07-23 05:30:00+00:00,88.60000,88.68000,88.27000,88.59000,1722.00000
2026-07-23 05:45:00+00:00,88.59000,88.99000,88.59000,88.90000,970.00000
2026-07-23 06:00:00+00:00,88.89000,88.92000,88.61000,88.65000,1200.00000
2026-07-23 06:15:00+00:00,88.66000,88.91000,88.55000,88.87000,1078.00000
2026-07-23 06:30:00+00:00,88.86000,89.21000,88.84000,89.17000,1170.00000
2026-07-23 06:45:00+00:00,89.17000,89.40000,88.97000,89.25000,1259.00000
2026-07-23 07:00:00+00:00,89.21000,89.97000,89.21000,89.82000,1985.00000
2026-07-23 07:15:00+00:00,89.83000,90.22000,89.73000,89.84000,1853.00000
2026-07-23 07:30:00+00:00,89.85000,90.34000,89.84000,90.25000,1615.00000
2026-07-23 07:45:00+00:00,90.25000,90.46000,89.73000,89.92000,2183.00000
2026-07-23 08:00:00+00:00,89.93000,90.14000,89.54000,89.86000,2004.00000
2026-07-23 08:15:00+00:00,89.87000,90.11000,89.73000,89.83000,2286.00000
2026-07-23 08:30:00+00:00,89.88000,90.34000,89.84000,90.29000,1993.00000
2026-07-23 08:45:00+00:00,90.28000,90.33000,89.85000,90.12000,1584.00000
2026-07-23 09:00:00+00:00,90.13000,90.67000,89.85000,90.67000,1985.00000
2026-07-23 09:15:00+00:00,90.68000,90.97000,90.57000,90.77000,1480.00000
2026-07-23 09:30:00+00:00,90.79000,90.92000,90.44000,90.52000,1844.00000
2026-07-23 09:45:00+00:00,90.51000,90.95000,90.47000,90.83000,1756.00000
2026-07-23 10:00:00+00:00,90.85000,90.97000,90.48000,90.70000,1499.00000
2026-07-23 10:15:00+00:00,90.70000,91.20000,90.64000,91.17000,1456.00000
2026-07-23 10:30:00+00:00,91.17000,91.33000,90.80000,90.85000,1571.00000
2026-07-23 10:45:00+00:00,90.85000,91.02000,90.73000,90.74000,1324.00000
2026-07-23 11:00:00+00:00,90.73000,91.23000,90.72000,91.00000,1276.00000
2026-07-23 11:15:00+00:00,91.00000,91.49000,90.95000,91.32000,1371.00000
2026-07-23 11:30:00+00:00,91.35000,91.77000,91.14000,91.54000,1498.00000
2026-07-23 11:45:00+00:00,91.55000,91.55000,90.89000,91.30000,1681.00000
2026-07-23 12:00:00+00:00,91.30000,91.59000,91.16000,91.56000,1382.00000
2026-07-23 12:15:00+00:00,91.57000,91.98000,91.27000,91.45000,2548.00000
2026-07-23 12:30:00+00:00,91.50000,91.63000,91.13000,91.54000,2226.00000
2026-07-23 12:45:00+00:00,91.54000,91.84000,91.25000,91.44000,2292.00000
2026-07-23 13:00:00+00:00,91.50000,92.09000,91.39000,91.97000,3020.00000
2026-07-23 13:15:00+00:00,91.98000,92.20000,91.30000,91.57000,2757.00000
2026-07-23 13:30:00+00:00,91.55000,92.17000,91.35000,92.16000,2640.00000
2026-07-23 13:45:00+00:00,92.16000,92.51000,92.07000,92.34000,2463.00000
2026-07-23 14:00:00+00:00,92.33000,92.57000,92.00000,92.07000,2778.00000
2026-07-23 14:15:00+00:00,92.06000,92.46000,91.60000,92.36000,2133.00000
2026-07-23 14:30:00+00:00,92.37000,92.62000,91.93000,92.26000,2350.00000
2026-07-23 14:45:00+00:00,92.27000,92.77000,92.22000,92.51000,2273.00000
2026-07-23 15:00:00+00:00,92.50000,93.05000,92.35000,92.71000,2462.00000
2026-07-23 15:15:00+00:00,92.73000,93.38000,92.60000,93.10000,3160.00000
2026-07-23 15:30:00+00:00,93.09000,93.39000,92.43000,92.68000,2943.00000
2026-07-23 15:45:00+00:00,92.68000,92.74000,92.40000,92.47000,2259.00000
2026-07-23 16:00:00+00:00,92.45000,92.98000,92.20000,92.43000,2375.00000
2026-07-23 16:15:00+00:00,92.44000,92.72000,92.44000,92.50000,1592.00000
2026-07-23 16:30:00+00:00,92.48000,93.18000,92.48000,92.99000,1753.00000
2026-07-23 16:45:00+00:00,92.99000,93.14000,92.84000,92.94000,1165.00000
2026-07-23 17:00:00+00:00,92.93000,93.35000,92.92000,93.16000,1608.00000
2026-07-23 17:15:00+00:00,93.17000,93.40000,93.14000,93.19000,1540.00000
2026-07-23 17:30:00+00:00,93.20000,93.73000,93.17000,93.73000,1454.00000
2026-07-23 17:45:00+00:00,93.75000,93.89000,93.50000,93.85000,1780.00000
2026-07-23 18:00:00+00:00,93.86000,94.11000,93.69000,93.78000,1977.00000
2026-07-23 18:15:00+00:00,93.79000,93.86000,92.63000,92.71000,3093.00000
2026-07-23 18:30:00+00:00,92.72000,92.82000,92.54000,92.61000,1835.00000
2026-07-23 18:45:00+00:00,92.60000,92.96000,92.59000,92.65000,956.00000
2026-07-23 19:00:00+00:00,92.64000,92.64000,92.24000,92.30000,1345.00000
2026-07-23 19:15:00+00:00,92.29000,92.52000,92.17000,92.23000,919.00000
2026-07-23 19:30:00+00:00,92.22000,92.40000,91.82000,92.33000,1479.00000
2026-07-23 19:45:00+00:00,92.32000,92.47000,92.03000,92.21000,1049.00000
2026-07-23 20:00:00+00:00,92.22000,92.27000,92.04000,92.18000,726.00000
2026-07-23 20:15:00+00:00,92.19000,92.69000,92.16000,92.52000,810.00000
2026-07-23 20:30:00+00:00,92.53000,92.94000,92.41000,92.82000,712.00000
2026-07-23 20:45:00+00:00,92.82000,93.02000,92.82000,93.00000,535.00000
2026-07-23 22:00:00+00:00,93.06800,93.20800,92.75800,92.84800,585.00000
2026-07-23 22:15:00+00:00,92.85800,92.86800,92.71800,92.76800,299.00000
2026-07-23 22:30:00+00:00,92.75800,92.79800,92.64800,92.65800,215.00000
2026-07-23 22:45:00+00:00,92.64800,92.73800,92.64800,92.67800,149.00000
2026-07-23 23:00:00+00:00,92.67800,92.79800,92.67800,92.76800,147.00000
2026-07-23 23:15:00+00:00,92.77800,92.78800,92.72800,92.72800,111.00000
2026-07-23 23:30:00+00:00,92.73800,93.10800,92.64800,92.75800,382.00000
2026-07-23 23:45:00+00:00,92.75800,92.89800,92.65800,92.85800,379.00000
2026-07-24 00:00:00+00:00,92.86800,93.35800,92.76800,93.27800,1175.00000
2026-07-24 00:15:00+00:00,93.30800,93.40800,92.76800,92.82800,1041.00000
2026-07-24 00:30:00+00:00,92.83800,92.93800,92.71800,92.72800,531.00000
2026-07-24 00:45:00+00:00,92.71800,92.77800,92.48800,92.49800,590.00000
2026-07-24 01:00:00+00:00,92.46800,92.46800,92.04800,92.12800,2342.00000
2026-07-24 01:15:00+00:00,92.11800,92.22800,91.95800,92.11800,1610.00000
2026-07-24 01:30:00+00:00,92.12800,92.27800,91.75800,91.90800,1636.00000
2026-07-24 01:45:00+00:00,91.92800,92.26800,91.83800,92.23800,1281.00000
2026-07-24 02:00:00+00:00,92.23800,92.41800,92.19800,92.24800,1034.00000
2026-07-24 02:15:00+00:00,92.24800,92.47800,92.21800,92.42800,492.00000
2026-07-24 02:30:00+00:00,92.43800,92.44800,92.26800,92.42800,831.00000
2026-07-24 02:45:00+00:00,92.42800,92.63800,92.34800,92.49800,974.00000
2026-07-24 03:00:00+00:00,92.49800,92.77800,92.45800,92.69800,1236.00000
2026-07-24 03:15:00+00:00,92.70800,92.92800,92.53800,92.80800,1170.00000
2026-07-24 03:30:00+00:00,92.81800,92.98800,92.61800,92.65800,665.00000
2026-07-24 03:45:00+00:00,92.65800,92.67800,92.49800,92.49800,421.00000
2026-07-24 04:00:00+00:00,92.47800,92.58800,92.23800,92.37800,461.00000
2026-07-24 04:15:00+00:00,92.36800,92.38800,92.24800,92.26800,374.00000
2026-07-24 04:30:00+00:00,92.25800,92.33800,92.12800,92.27800,390.00000
2026-07-24 04:45:00+00:00,92.27800,92.33800,92.20800,92.24800,370.00000
2026-07-24 05:00:00+00:00,92.23800,92.37800,92.16200,92.34800,404.00000
2026-07-24 05:15:00+00:00,92.34800,92.43800,92.23800,92.31800,403.00000
2026-07-24 05:30:00+00:00,92.28800,92.38800,91.95800,92.03800,1297.00000
2026-07-24 05:45:00+00:00,92.04800,92.18800,91.76800,92.08800,1314.00000
2026-07-24 06:00:00+00:00,92.09800,92.23800,91.78800,91.84800,1307.00000
2026-07-24 06:15:00+00:00,91.84800,92.09800,91.69800,91.90800,1455.00000
2026-07-24 06:30:00+00:00,91.89800,91.94800,91.52800,91.72800,1585.00000
2026-07-24 06:45:00+00:00,91.73800,91.79800,91.10800,91.15800,1736.00000
2026-07-24 07:00:00+00:00,91.18800,91.33800,90.90800,91.13800,1846.00000
2026-07-24 07:15:00+00:00,91.14800,91.26800,90.89800,90.91800,1704.00000
2026-07-24 07:30:00+00:00,90.90800,91.29800,90.74800,91.10800,1652.00000
2026-07-24 07:45:00+00:00,91.10800,91.21800,90.76800,91.04800,1607.00000
2026-07-24 08:00:00+00:00,91.03800,91.38800,90.98800,91.08800,1960.00000
2026-07-24 08:15:00+00:00,91.08800,91.33800,90.63800,90.66800,2580.00000
2026-07-24 08:30:00+00:00,90.65800,90.84800,90.24800,90.28800,2372.00000
2026-07-24 08:45:00+00:00,90.30800,90.56800,90.02800,90.18800,2078.00000
2026-07-24 09:00:00+00:00,90.17800,90.21800,89.53800,89.74800,2455.00000
2026-07-24 09:15:00+00:00,89.73800,89.79800,89.35800,89.65800,2181.00000
2026-07-24 09:30:00+00:00,89.65800,89.84800,89.33800,89.60800,1856.00000
2026-07-24 09:45:00+00:00,89.60800,89.78800,89.42800,89.61800,1854.00000
2026-07-24 10:00:00+00:00,89.62800,90.13800,89.43800,90.11800,1924.00000
2026-07-24 10:15:00+00:00,90.10800,90.40800,90.04800,90.22800,1397.00000
2026-07-24 10:30:00+00:00,90.23800,90.62800,90.21800,90.48800,1386.00000
2026-07-24 10:45:00+00:00,90.48800,90.75800,90.28800,90.49800,1307.00000
2026-07-24 11:00:00+00:00,90.50800,90.60800,90.28800,90.51800,1274.00000
2026-07-24 11:15:00+00:00,90.52800,90.55800,90.30800,90.43800,858.00000
2026-07-24 11:30:00+00:00,90.43800,90.58800,90.02800,90.53800,1550.00000
2026-07-24 11:45:00+00:00,90.53800,90.70800,89.53800,89.99800,1839.00000
2026-07-24 12:00:00+00:00,89.97800,90.60800,89.81800,90.32800,2094.00000
2026-07-24 12:15:00+00:00,90.33800,90.49800,89.99800,90.07800,1856.00000
2026-07-24 12:30:00+00:00,90.06800,90.18800,89.55800,89.75800,1757.00000
2026-07-24 12:45:00+00:00,89.74800,90.11800,89.62800,89.96800,1496.00000
2026-07-24 13:00:00+00:00,90.00800,90.60800,89.71800,90.59800,2358.00000
2026-07-24 13:15:00+00:00,90.60800,91.13800,90.58800,91.06800,1853.00000
2026-07-24 13:30:00+00:00,91.05800,91.09800,90.74800,90.97800,1892.00000
2026-07-24 13:45:00+00:00,90.99800,91.00800,90.27800,90.51800,2394.00000
2026-07-24 14:00:00+00:00,90.51800,90.63800,90.26800,90.45800,1927.00000
2026-07-24 14:15:00+00:00,90.45800,90.54800,89.87800,90.06800,2650.00000
2026-07-24 14:30:00+00:00,90.04800,90.49800,89.92800,90.07800,2411.00000
2026-07-24 14:45:00+00:00,90.08800,90.28800,89.88800,90.27800,2205.00000
2026-07-24 15:00:00+00:00,90.28800,90.58800,89.35800,89.53800,3084.00000
2026-07-24 15:15:00+00:00,89.55800,89.64800,88.44800,88.65800,5354.00000
2026-07-24 15:30:00+00:00,88.64800,88.99800,88.28800,88.88800,3806.00000
2026-07-24 15:45:00+00:00,88.87800,89.27800,88.83800,88.98800,2531.00000
2026-07-24 16:00:00+00:00,88.97800,89.24800,88.91800,89.17800,2062.00000
2026-07-24 16:15:00+00:00,89.16800,89.19800,88.76800,88.91800,1363.00000
2026-07-24 16:30:00+00:00,88.90800,89.14800,88.75800,88.79800,1730.00000
2026-07-24 16:45:00+00:00,88.81800,89.07800,88.66800,88.97800,1370.00000
2026-07-24 17:00:00+00:00,88.96800,89.16800,88.78800,89.11800,1451.00000
2026-07-24 17:15:00+00:00,89.10800,89.49800,89.10800,89.44800,1294.00000
2026-07-24 17:30:00+00:00,89.43800,89.66800,89.40800,89.50800,1184.00000
2026-07-24 17:45:00+00:00,89.50800,89.78800,89.38800,89.65800,1273.00000
2026-07-24 18:00:00+00:00,89.67800,89.74800,89.18800,89.37800,1425.00000
2026-07-24 18:15:00+00:00,89.35800,89.96800,89.30800,89.92800,2307.00000
2026-07-24 18:30:00+00:00,89.94800,90.00800,89.58200,89.88800,1403.00000
2026-07-24 18:45:00+00:00,89.87800,89.99800,89.69800,89.95800,628.00000
2026-07-24 19:00:00+00:00,89.96800,90.14800,89.91800,90.11800,602.00000
2026-07-24 19:15:00+00:00,90.12800,90.29800,90.09800,90.29800,557.00000
2026-07-24 19:30:00+00:00,90.28800,90.39800,89.52800,89.89800,2158.00000
2026-07-24 19:45:00+00:00,89.90800,90.37800,89.67800,90.35800,1297.00000
2026-07-24 20:00:00+00:00,90.36800,90.80800,90.36800,90.80800,1259.00000
2026-07-24 20:15:00+00:00,90.79800,91.01800,90.61800,90.97800,1065.00000
2026-07-24 20:30:00+00:00,90.98800,91.11800,90.89800,90.99800,905.00000
2026-07-24 20:45:00+00:00,91.00800,91.23800,91.00800,91.08800,702.00000
2026-07-26 22:00:00+00:00,85.98100,86.03100,83.66100,85.26100,3661.00000
2026-07-26 22:15:00+00:00,85.27100,85.30100,84.41100,84.84100,1946.00000
2026-07-26 22:30:00+00:00,84.85100,85.24100,84.77100,85.20100,1056.00000
2026-07-26 22:45:00+00:00,85.21100,85.37100,85.07100,85.34100,651.00000
2026-07-26 23:00:00+00:00,85.33100,85.67100,85.33100,85.59100,658.00000
2026-07-26 23:15:00+00:00,85.60100,85.60100,85.38100,85.49100,532.00000
2026-07-26 23:30:00+00:00,85.48100,85.52100,85.20100,85.25100,521.00000
2026-07-26 23:45:00+00:00,85.24100,85.30100,85.03100,85.14100,692.00000
2026-07-27 00:00:00+00:00,85.17100,85.47100,84.90100,84.91100,1525.00000
2026-07-27 00:15:00+00:00,84.90100,85.09100,84.59100,85.02100,1496.00000
2026-07-27 00:30:00+00:00,85.01100,85.16100,84.93100,85.07100,714.00000
2026-07-27 00:45:00+00:00,85.08100,85.41100,85.08100,85.31100,812.00000
2026-07-27 01:00:00+00:00,85.33100,85.97100,85.14100,85.80100,2758.00000
2026-07-27 01:15:00+00:00,85.80100,85.83100,85.61100,85.63100,1339.00000
2026-07-27 01:30:00+00:00,85.62100,85.72100,85.46100,85.68100,1278.00000
2026-07-27 01:45:00+00:00,85.68100,85.89100,85.66100,85.79100,992.00000
2026-07-27 02:00:00+00:00,85.78100,86.15100,85.69100,85.98100,1059.00000
2026-07-27 02:15:00+00:00,85.97100,86.17100,85.85100,86.15100,509.00000
2026-07-27 02:30:00+00:00,86.16100,86.18100,85.87100,86.07100,1091.00000
2026-07-27 02:45:00+00:00,86.07100,86.22100,85.96100,86.10100,1028.00000
2026-07-27 03:00:00+00:00,86.10100,86.11100,85.77100,85.95100,958.00000
2026-07-27 03:15:00+00:00,85.94100,85.95100,85.75100,85.84100,736.00000
2026-07-27 03:30:00+00:00,85.84100,85.87100,85.58100,85.65100,580.00000
2026-07-27 03:45:00+00:00,85.65100,85.90100,85.61100,85.74100,351.00000
2026-07-27 04:00:00+00:00,85.73100,85.73100,85.42100,85.60100,631.00000
2026-07-27 04:15:00+00:00,85.61100,85.66100,85.32100,85.37100,601.00000
2026-07-27 04:30:00+00:00,85.36100,85.38100,85.01100,85.07100,805.00000
2026-07-27 04:45:00+00:00,85.08100,85.38100,85.07100,85.37100,516.00000
2026-07-27 05:00:00+00:00,85.38100,85.47100,85.21100,85.31100,622.00000
2026-07-27 05:15:00+00:00,85.32100,85.49100,85.10100,85.17100,608.00000
2026-07-27 05:30:00+00:00,85.17100,85.39100,85.07100,85.16100,1333.00000
2026-07-27 05:45:00+00:00,85.15100,85.25100,84.89100,85.08100,1460.00000
2026-07-27 06:00:00+00:00,85.11100,85.16100,84.28100,84.30100,2261.00000
2026-07-27 06:15:00+00:00,84.30100,84.46100,84.01100,84.37100,2098.00000
2026-07-27 06:30:00+00:00,84.37100,84.49100,84.21100,84.25100,1864.00000
2026-07-27 06:45:00+00:00,84.26100,84.41100,83.94100,83.99100,1754.00000
2026-07-27 07:00:00+00:00,84.00100,84.48100,83.87100,84.21100,1970.00000
2026-07-27 07:15:00+00:00,84.21100,84.70100,84.12100,84.70100,1573.00000
2026-07-27 07:30:00+00:00,84.69100,84.89100,84.54100,84.84100,1746.00000
2026-07-27 07:45:00+00:00,84.83100,85.12100,84.43100,85.11100,2522.00000
2026-07-27 08:00:00+00:00,85.13100,85.37100,84.62100,84.80100,2822.00000
2026-07-27 08:15:00+00:00,84.82100,84.93100,84.09100,84.22100,3032.00000
2026-07-27 08:30:00+00:00,84.21100,84.48100,83.86100,83.96100,2595.00000
2026-07-27 08:45:00+00:00,83.98100,84.14100,83.40100,83.47100,2417.00000
2026-07-27 09:00:00+00:00,83.52100,83.80100,83.49100,83.72100,1702.00000
2026-07-27 09:15:00+00:00,83.73100,83.79100,83.10100,83.27100,1796.00000
2026-07-27 09:30:00+00:00,83.28100,83.44100,82.99100,83.13100,2106.00000
2026-07-27 09:45:00+00:00,83.12100,83.19100,82.67100,82.87100,2326.00000
2026-07-27 10:00:00+00:00,82.90100,84.08100,82.85100,83.81100,2588.00000
2026-07-27 10:15:00+00:00,83.80100,83.91100,83.40100,83.54100,1822.00000
2026-07-27 10:30:00+00:00,83.53100,83.70100,83.49100,83.58100,1211.00000
2026-07-27 10:45:00+00:00,83.58100,83.84100,83.46100,83.79100,1111.00000
2026-07-27 11:00:00+00:00,83.80100,84.01100,83.67100,83.94100,1442.00000
2026-07-27 11:15:00+00:00,83.94100,84.32100,83.79100,84.32100,1199.00000
2026-07-27 11:30:00+00:00,84.30100,84.46100,83.55100,83.75100,2214.00000
2026-07-27 11:45:00+00:00,83.75100,83.90100,83.66100,83.88100,1398.00000
2026-07-27 12:00:00+00:00,83.90100,84.65100,83.88100,84.61100,2556.00000
2026-07-27 12:15:00+00:00,84.60100,84.76100,84.46100,84.62100,1935.00000
2026-07-27 12:30:00+00:00,84.62100,84.81100,84.34100,84.54100,1791.00000
2026-07-27 12:45:00+00:00,84.55100,84.86100,84.35100,84.53100,2341.00000
2026-07-27 13:00:00+00:00,84.54100,84.91100,84.40100,84.77100,2909.00000
2026-07-27 13:15:00+00:00,84.77100,85.07100,84.68100,85.01100,1924.00000
2026-07-27 13:30:00+00:00,84.99100,85.03100,84.21100,84.40100,2635.00000
2026-07-27 13:45:00+00:00,84.42100,84.88100,84.22100,84.75100,2189.00000
2026-07-27 14:00:00+00:00,84.75100,84.79100,84.00100,84.02100,2339.00000
2026-07-27 14:15:00+00:00,84.01100,84.31100,83.98100,84.18100,1868.00000
2026-07-27 14:30:00+00:00,84.19100,84.33100,84.06100,84.14100,1890.00000
2026-07-27 14:45:00+00:00,84.13100,84.34100,84.02100,84.09100,1712.00000
2026-07-27 15:00:00+00:00,84.11100,84.36100,83.68100,83.77100,2482.00000
2026-07-27 15:15:00+00:00,83.76100,83.92100,83.55100,83.67100,2543.00000
2026-07-27 15:30:00+00:00,83.65100,83.90100,83.51100,83.63100,2316.00000
2026-07-27 15:45:00+00:00,83.62100,83.94100,83.61100,83.91100,1663.00000
2026-07-27 16:00:00+00:00,83.91100,83.95100,83.59100,83.75100,1563.00000
2026-07-27 16:15:00+00:00,83.74100,84.30100,83.36100,83.59100,2970.00000
2026-07-27 16:30:00+00:00,83.53100,83.60100,82.86100,83.28100,2715.00000
2026-07-27 16:45:00+00:00,83.28100,83.80100,83.24100,83.37100,1669.00000
2026-07-27 17:00:00+00:00,83.37100,83.42100,83.04100,83.16100,1390.00000
2026-07-27 17:15:00+00:00,83.17100,83.22100,83.05100,83.19100,1464.00000
2026-07-27 17:30:00+00:00,83.18100,83.52100,83.10100,83.48100,1359.00000
2026-07-27 17:45:00+00:00,83.49100,83.53100,83.10100,83.14100,1381.00000
2026-07-27 18:00:00+00:00,83.15100,83.16100,82.75100,82.88100,1599.00000
2026-07-27 18:15:00+00:00,82.90100,83.19100,82.52100,83.17100,2110.00000
2026-07-27 18:30:00+00:00,83.16100,83.47100,82.76100,82.88100,1639.00000
2026-07-27 18:45:00+00:00,82.89100,82.96100,82.64100,82.66100,982.00000
2026-07-27 19:00:00+00:00,82.65100,82.95100,82.57100,82.93100,860.00000
2026-07-27 19:15:00+00:00,82.91100,82.97100,82.77100,82.85100,561.00000
2026-07-27 19:30:00+00:00,82.85100,82.92100,82.71100,82.74100,630.00000
2026-07-27 19:45:00+00:00,82.73100,82.79100,82.43100,82.46100,817.00000
2026-07-27 20:00:00+00:00,82.45100,82.52100,82.21100,82.24100,607.00000
2026-07-27 20:15:00+00:00,82.25100,82.48100,82.18100,82.38100,651.00000
2026-07-27 20:30:00+00:00,82.38100,82.60100,82.37100,82.57100,437.00000
2026-07-27 20:45:00+00:00,82.57100,82.57100,82.15100,82.42100,651.00000
2026-07-27 22:00:00+00:00,82.33900,82.59900,82.23900,82.40900,297.00000
2026-07-27 22:15:00+00:00,82.39900,82.48900,82.38900,82.46900,127.00000
2026-07-27 22:30:00+00:00,82.46900,82.47900,82.24900,82.41900,215.00000
2026-07-27 22:45:00+00:00,82.42900,82.67900,82.41900,82.61900,182.00000
2026-07-27 23:00:00+00:00,82.62900,82.65900,82.51300,82.52900,154.00000
2026-07-27 23:15:00+00:00,82.52900,82.60900,82.52900,82.53900,101.00000
2026-07-27 23:30:00+00:00,82.53900,82.64900,82.53900,82.63900,92.00000
2026-07-27 23:45:00+00:00,82.64900,82.70900,82.52700,82.52700,153.00000
2026-07-28 00:00:00+00:00,82.54900,82.54900,82.17900,82.36900,929.00000
2026-07-28 00:15:00+00:00,82.36900,82.36900,81.92900,82.15900,845.00000
2026-07-28 00:30:00+00:00,82.13900,82.47900,82.13900,82.45900,518.00000
2026-07-28 00:45:00+00:00,82.45900,82.69900,82.42900,82.61900,645.00000
2026-07-28 01:00:00+00:00,82.61900,82.74900,82.08900,82.19900,1965.00000
2026-07-28 01:15:00+00:00,82.18900,82.39900,81.95900,82.06900,1303.00000
2026-07-28 01:30:00+00:00,82.05900,82.38900,82.04900,82.31900,969.00000
2026-07-28 01:45:00+00:00,82.30900,82.52900,82.11900,82.12900,1166.00000
2026-07-28 02:00:00+00:00,82.12900,82.28900,81.77900,82.02900,1166.00000
2026-07-28 02:15:00+00:00,82.02900,82.02900,81.68900,81.78900,788.00000
2026-07-28 02:30:00+00:00,81.77900,81.81900,81.46900,81.52900,1264.00000
2026-07-28 02:45:00+00:00,81.53900,81.59900,81.20900,81.32900,1204.00000
2026-07-28 03:00:00+00:00,81.33900,81.49900,81.10900,81.45900,1017.00000
2026-07-28 03:15:00+00:00,81.44900,81.86900,81.41900,81.85900,1001.00000
2026-07-28 03:30:00+00:00,81.84900,82.07900,81.80900,81.94900,532.00000
2026-07-28 03:45:00+00:00,81.95900,82.06900,81.93900,82.06900,313.00000
2026-07-28 04:00:00+00:00,82.07900,82.37900,82.03900,82.34900,377.00000
2026-07-28 04:15:00+00:00,82.35900,82.42900,82.06900,82.16900,451.00000
2026-07-28 04:30:00+00:00,82.15900,82.25900,82.07900,82.16900,299.00000
2026-07-28 04:45:00+00:00,82.15900,82.19900,82.07900,82.12900,268.00000
2026-07-28 05:00:00+00:00,82.13900,82.19900,82.04900,82.11900,355.00000
2026-07-28 05:15:00+00:00,82.11900,82.16900,81.96900,82.15900,486.00000
2026-07-28 05:30:00+00:00,82.16900,82.91900,82.16900,82.60900,1962.00000
2026-07-28 05:45:00+00:00,82.61900,82.80900,82.44900,82.62900,1160.00000
2026-07-28 06:00:00+00:00,82.63900,82.82900,82.45900,82.64900,1293.00000
2026-07-28 06:15:00+00:00,82.65900,82.69900,82.25900,82.31900,1223.00000
2026-07-28 06:30:00+00:00,82.30900,82.36900,81.38900,81.50900,1837.00000
2026-07-28 06:45:00+00:00,81.48900,81.62900,81.12900,81.30900,1933.00000
2026-07-28 07:00:00+00:00,81.31900,81.88900,81.16900,81.88900,1854.00000
2026-07-28 07:15:00+00:00,81.87900,81.90900,81.42900,81.75900,1579.00000
2026-07-28 07:30:00+00:00,81.74900,82.03900,81.67900,81.90900,1400.00000
2026-07-28 07:45:00+00:00,81.91900,81.92900,81.04900,81.27900,1910.00000
2026-07-28 08:00:00+00:00,81.29900,81.34900,80.87900,81.11900,2119.00000
2026-07-28 08:15:00+00:00,81.12900,81.29900,80.76900,80.76900,3193.00000
2026-07-28 08:30:00+00:00,80.75900,81.04900,80.66900,80.73900,1944.00000
2026-07-28 08:45:00+00:00,80.74900,80.80900,80.30900,80.69900,1772.00000
2026-07-28 09:00:00+00:00,80.72900,81.63900,80.72900,81.61900,1820.00000
2026-07-28 09:15:00+00:00,81.61900,81.72900,80.93900,80.96900,1545.00000
2026-07-28 09:30:00+00:00,80.95900,81.35900,80.90900,81.22900,1229.00000
2026-07-28 09:45:00+00:00,81.20900,81.35900,80.98900,81.11900,1074.00000
2026-07-28 10:00:00+00:00,81.16900,81.35900,81.07900,81.26900,938.00000
2026-07-28 10:15:00+00:00,81.27900,81.74900,81.26900,81.67900,1019.00000
2026-07-28 10:30:00+00:00,81.67900,81.97900,81.38900,81.60900,1598.00000
2026-07-28 10:45:00+00:00,81.58900,81.67900,81.40900,81.67900,932.00000
2026-07-28 11:00:00+00:00,81.64900,81.87900,81.46900,81.74900,1013.00000
2026-07-28 11:15:00+00:00,81.75900,81.88900,81.19900,81.88900,1800.00000
2026-07-28 11:30:00+00:00,81.89900,82.36900,81.78900,82.27900,1534.00000
2026-07-28 11:45:00+00:00,82.28900,82.40900,82.15900,82.21900,1067.00000
2026-07-28 12:00:00+00:00,82.23900,82.23900,81.87900,82.09900,1189.00000
2026-07-28 12:15:00+00:00,82.05900,82.21900,81.78900,82.06900,1097.00000
2026-07-28 12:30:00+00:00,82.07900,82.14900,81.53900,81.68900,1758.00000
2026-07-28 12:45:00+00:00,81.69900,81.70900,81.12900,81.29900,1513.00000
2026-07-28 13:00:00+00:00,81.30900,81.88900,81.30900,81.84900,1898.00000
2026-07-28 13:15:00+00:00,81.84900,81.89900,81.50900,81.70900,1373.00000
2026-07-28 13:30:00+00:00,81.72900,81.75900,81.23900,81.55900,2027.00000
2026-07-28 13:45:00+00:00,81.54900,82.14900,81.50900,81.94900,1991.00000
2026-07-28 14:00:00+00:00,81.92900,82.31900,81.84900,81.85900,1878.00000
2026-07-28 14:15:00+00:00,81.84900,81.93900,81.56900,81.63900,1635.00000
2026-07-28 14:30:00+00:00,81.62900,81.93900,81.39900,81.90900,2040.00000
2026-07-28 14:45:00+00:00,81.91900,82.11900,81.81900,81.94900,1560.00000
2026-07-28 15:00:00+00:00,81.93900,82.06900,80.88900,81.06900,3122.00000
2026-07-28 15:15:00+00:00,81.05900,81.11900,79.72900,79.91900,5276.00000
2026-07-28 15:30:00+00:00,79.90900,80.06900,79.47900,79.59900,3613.00000
2026-07-28 15:45:00+00:00,79.58900,79.93900,78.77900,78.85900,3390.00000
2026-07-28 16:00:00+00:00,78.85900,79.14900,78.77900,78.78900,2856.00000
2026-07-28 16:15:00+00:00,78.78900,78.86900,78.50900,78.73900,2215.00000
2026-07-28 16:30:00+00:00,78.73900,78.90900,78.28900,78.67900,2896.00000
2026-07-28 16:45:00+00:00,78.70900,79.33900,78.60900,79.16900,2541.00000
2026-07-28 17:00:00+00:00,79.18900,79.58900,78.88900,79.45900,2553.00000
2026-07-28 17:15:00+00:00,79.46900,79.68900,78.83900,79.65900,2513.00000
2026-07-28 17:30:00+00:00,79.65900,79.84900,79.47900,79.79900,1652.00000
2026-07-28 17:45:00+00:00,79.78900,80.10900,79.60900,79.92900,1855.00000
2026-07-28 18:00:00+00:00,79.93900,79.93900,79.32900,79.43900,1983.00000
2026-07-28 18:15:00+00:00,79.43900,79.86900,79.30900,79.81900,2343.00000
2026-07-28 18:30:00+00:00,79.81900,79.99900,79.70900,79.78900,1267.00000
2026-07-28 18:45:00+00:00,79.77900,79.81900,79.45900,79.70900,951.00000
2026-07-28 19:00:00+00:00,79.71900,79.73900,79.44900,79.59900,701.00000
2026-07-28 19:15:00+00:00,79.58900,79.61900,79.38900,79.41900,536.00000
2026-07-28 19:30:00+00:00,79.40900,79.57900,79.40900,79.54900,581.00000
2026-07-28 19:45:00+00:00,79.54900,79.64900,79.38900,79.61900,564.00000
2026-07-28 20:00:00+00:00,79.61900,79.76900,79.54900,79.61900,508.00000
2026-07-28 20:15:00+00:00,79.61900,79.67900,79.46900,79.66900,493.00000
2026-07-28 20:30:00+00:00,79.66900,79.75900,79.36900,79.57900,819.00000
2026-07-28 20:45:00+00:00,79.57900,79.71900,79.50900,79.60900,535.00000
2026-07-28 22:00:00+00:00,80.69600,81.71600,80.63600,81.69600,1090.00000
2026-07-28 22:15:00+00:00,81.67600,83.32600,81.59600,83.14600,1485.00000
2026-07-28 22:30:00+00:00,83.15600,83.68600,82.89600,83.16600,1553.00000
2026-07-28 22:45:00+00:00,83.17600,83.41600,82.91600,83.11600,680.00000
2026-07-28 23:00:00+00:00,83.10600,83.75600,83.06600,83.22600,955.00000
2026-07-28 23:15:00+00:00,83.23600,83.33600,82.91600,82.98600,673.00000
2026-07-28 23:30:00+00:00,82.97600,83.21600,82.53600,82.55600,543.00000
2026-07-28 23:45:00+00:00,82.55600,82.88600,82.29600,82.35600,992.00000
2026-07-29 00:00:00+00:00,82.33600,82.77600,82.22600,82.48600,2005.00000
2026-07-29 00:15:00+00:00,82.48600,82.56600,82.12600,82.30600,1211.00000
2026-07-29 00:30:00+00:00,82.31600,83.06600,82.31600,82.85600,1447.00000
2026-07-29 00:45:00+00:00,82.86600,83.06600,82.76600,82.93600,988.00000
2026-07-29 01:00:00+00:00,82.90600,83.33600,82.79600,83.32600,2722.00000
2026-07-29 01:15:00+00:00,83.33600,83.37600,82.87600,82.91600,1814.00000
2026-07-29 01:30:00+00:00,82.90600,83.52600,82.90600,83.40600,1455.00000
2026-07-29 01:45:00+00:00,83.41600,83.44600,83.09600,83.22600,1303.00000
2026-07-29 02:00:00+00:00,83.22600,83.30600,83.06600,83.13600,847.00000
2026-07-29 02:15:00+00:00,83.11600,83.20600,82.91600,82.92600,529.00000
2026-07-29 02:30:00+00:00,82.90600,82.91600,82.53600,82.77600,1264.00000
2026-07-29 02:45:00+00:00,82.77600,82.81600,82.60600,82.78600,638.00000
2026-07-29 03:00:00+00:00,82.79600,83.02600,82.77600,82.98600,785.00000
2026-07-29 03:15:00+00:00,82.98600,83.07600,82.79600,82.86600,650.00000
2026-07-29 03:30:00+00:00,82.87600,83.11600,82.86600,83.03600,578.00000
2026-07-29 03:45:00+00:00,83.02600,83.23600,82.97600,83.17600,386.00000
2026-07-29 04:00:00+00:00,83.17600,83.17600,83.02600,83.06600,454.00000
2026-07-29 04:15:00+00:00,83.05600,83.08600,82.91600,82.91600,406.00000
2026-07-29 04:30:00+00:00,82.92600,82.92600,82.57600,82.58600,566.00000
2026-07-29 04:45:00+00:00,82.58600,82.59600,82.36600,82.52600,881.00000
2026-07-29 05:00:00+00:00,82.51600,82.62600,82.32600,82.36600,796.00000
2026-07-29 05:15:00+00:00,82.36600,82.51600,82.28600,82.38600,780.00000
2026-07-29 05:30:00+00:00,82.36600,82.66600,82.30600,82.43600,1268.00000
2026-07-29 05:45:00+00:00,82.42600,82.73600,82.38600,82.70600,1075.00000
2026-07-29 06:00:00+00:00,82.71600,82.90600,82.47600,82.79600,1184.00000
2026-07-29 06:15:00+00:00,82.78600,82.85600,82.61600,82.82600,1081.00000
2026-07-29 06:30:00+00:00,82.80600,82.87600,82.27600,82.31600,1239.00000
2026-07-29 06:45:00+00:00,82.31600,82.60600,82.29600,82.57600,1121.00000
2026-07-29 07:00:00+00:00,82.57600,82.68600,82.22600,82.35600,1349.00000
2026-07-29 07:15:00+00:00,82.36600,82.84600,82.32600,82.69600,1480.00000
2026-07-29 07:30:00+00:00,82.68600,82.79600,82.18600,82.32600,1282.00000
2026-07-29 07:45:00+00:00,82.31600,82.76600,82.27600,82.50600,1255.00000
2026-07-29 08:00:00+00:00,82.54600,82.75600,82.33600,82.37600,1811.00000
2026-07-29 08:15:00+00:00,82.38600,82.86600,82.18600,82.69600,2303.00000
2026-07-29 08:30:00+00:00,82.68600,82.84600,82.22600,82.31600,1680.00000
2026-07-29 08:45:00+00:00,82.31600,82.39600,81.98600,82.35600,1521.00000
2026-07-29 09:00:00+00:00,82.37600,82.62600,82.37600,82.42600,1280.00000
2026-07-29 09:15:00+00:00,82.42600,82.48600,82.18600,82.40600,1164.00000
2026-07-29 09:30:00+00:00,82.41600,82.78600,82.34600,82.57600,1245.00000
2026-07-29 09:45:00+00:00,82.57600,82.78600,82.45600,82.58600,1142.00000
2026-07-29 10:00:00+00:00,82.58600,83.14600,82.44600,83.10600,1894.00000
2026-07-29 10:15:00+00:00,83.12600,83.30600,83.00600,83.19600,1458.00000
2026-07-29 10:30:00+00:00,83.20600,83.52600,83.06600,83.35600,1308.00000
2026-07-29 10:45:00+00:00,83.36600,83.75600,83.32600,83.66600,1229.00000
2026-07-29 11:00:00+00:00,83.60600,83.80600,83.46600,83.58600,1135.00000
2026-07-29 11:15:00+00:00,83.59600,83.65600,83.30600,83.34600,1058.00000
2026-07-29 11:30:00+00:00,83.35600,83.49600,83.24600,83.42600,1114.00000
2026-07-29 11:45:00+00:00,83.41600,83.51600,82.83600,83.01600,1819.00000
2026-07-29 12:00:00+00:00,83.02600,83.65600,82.98600,83.57600,1545.00000
2026-07-29 12:15:00+00:00,83.57600,85.11600,83.56600,84.95600,4598.00000
2026-07-29 12:30:00+00:00,84.96600,85.23600,84.51600,84.58600,2344.00000
2026-07-29 12:45:00+00:00,84.58600,85.21600,84.57600,85.02600,1839.00000
2026-07-29 13:00:00+00:00,85.04600,85.29600,84.83600,84.90600,2397.00000
2026-07-29 13:15:00+00:00,84.93600,85.07600,84.58600,84.80600,1828.00000
2026-07-29 13:30:00+00:00,84.81600,85.13600,84.71600,84.91600,2040.00000
2026-07-29 13:45:00+00:00,84.93600,85.41600,84.88600,85.32600,2065.00000
2026-07-29 14:00:00+00:00,85.32600,85.33600,84.81600,84.99600,1832.00000
2026-07-29 14:15:00+00:00,84.99600,85.47600,84.85600,85.44600,1940.00000
2026-07-29 14:30:00+00:00,85.45600,85.64600,85.34600,85.57600,2498.00000
2026-07-29 14:45:00+00:00,85.57600,85.94600,85.52600,85.83600,2289.00000
2026-07-29 15:00:00+00:00,85.84600,86.04600,85.35600,85.51600,2564.00000
2026-07-29 15:15:00+00:00,85.49600,85.75600,85.27600,85.35600,2207.00000
2026-07-29 15:30:00+00:00,85.31600,85.35600,84.84600,84.97600,2196.00000
2026-07-29 15:45:00+00:00,84.96600,85.48600,84.86600,85.47600,1719.00000
2026-07-29 16:00:00+00:00,85.46600,85.69600,85.21600,85.33600,1817.00000
2026-07-29 16:15:00+00:00,85.34600,85.37600,84.65600,84.67600,1964.00000
2026-07-29 16:30:00+00:00,84.68600,85.01600,84.65600,85.00600,1386.00000
2026-07-29 16:45:00+00:00,85.00600,85.15600,84.90600,85.06600,1011.00000
2026-07-29 17:00:00+00:00,85.05600,85.19600,84.83600,85.03600,1069.00000
2026-07-29 17:15:00+00:00,85.04600,85.29600,84.91600,84.93600,1167.00000
2026-07-29 17:30:00+00:00,84.94600,85.21600,84.79600,84.85600,1337.00000
2026-07-29 17:45:00+00:00,84.85600,85.14600,84.78600,85.04600,974.00000
2026-07-29 18:00:00+00:00,85.06600,85.34600,84.93600,85.08600,2393.00000
2026-07-29 18:15:00+00:00,85.06600,85.38600,84.83600,84.96600,2754.00000
2026-07-29 18:30:00+00:00,84.97600,85.41600,84.94600,85.08600,2260.00000
2026-07-29 18:45:00+00:00,85.09600,85.19600,84.79600,84.91600,1611.00000
2026-07-29 19:00:00+00:00,84.91600,84.97600,84.70600,84.88600,1442.00000
2026-07-29 19:15:00+00:00,84.89600,85.21600,84.53600,85.13600,2388.00000
2026-07-29 19:30:00+00:00,85.14600,85.72600,85.11600,85.33600,2262.00000
2026-07-29 19:45:00+00:00,85.32600,85.47600,85.05600,85.37600,1584.00000
2026-07-29 20:00:00+00:00,85.36600,85.44600,85.07600,85.19600,860.00000
2026-07-29 20:15:00+00:00,85.20600,85.49600,85.19600,85.38600,629.00000
2026-07-29 20:30:00+00:00,85.37600,85.38600,85.08600,85.09600,563.00000
2026-07-29 20:45:00+00:00,85.10600,85.16600,84.98600,85.11600,637.00000
2026-07-29 22:00:00+00:00,85.00400,85.12400,84.77400,84.83400,491.00000
2026-07-29 22:15:00+00:00,84.83400,85.02400,84.70400,84.89400,263.00000
2026-07-29 22:30:00+00:00,84.91400,84.93400,84.77400,84.90400,219.00000
2026-07-29 22:45:00+00:00,84.89400,84.94400,84.83400,84.86400,127.00000
2026-07-29 23:00:00+00:00,84.86400,85.12400,84.57400,85.03400,432.00000
2026-07-29 23:15:00+00:00,85.03400,85.16400,84.82400,84.86400,254.00000
2026-07-29 23:30:00+00:00,84.83400,84.93400,84.71400,84.79400,195.00000
2026-07-29 23:45:00+00:00,84.79400,84.82400,84.61400,84.65400,277.00000
2026-07-30 00:00:00+00:00,84.66400,84.74400,84.32400,84.36400,1104.00000
2026-07-30 00:15:00+00:00,84.39400,84.45400,83.66400,84.41400,1738.00000
2026-07-30 00:30:00+00:00,84.41400,84.75400,84.34400,84.74400,841.00000
2026-07-30 00:45:00+00:00,84.75400,85.06400,84.72400,84.98400,1151.00000
2026-07-30 01:00:00+00:00,84.95400,84.96400,84.19400,84.47400,2100.00000
2026-07-30 01:15:00+00:00,84.48400,84.58400,84.28400,84.43400,1360.00000
2026-07-30 01:30:00+00:00,84.44400,84.50400,84.09400,84.18400,1476.00000
2026-07-30 01:45:00+00:00,84.17400,84.35400,84.12400,84.24400,867.00000
2026-07-30 02:00:00+00:00,84.25400,84.25400,84.02400,84.03400,781.00000
2026-07-30 02:15:00+00:00,84.03400,84.14400,83.90400,83.90400,563.00000
2026-07-30 02:30:00+00:00,83.91400,84.04400,83.69400,83.98400,1318.00000
2026-07-30 02:45:00+00:00,83.96400,84.16400,83.70400,83.88400,1079.00000
2026-07-30 03:00:00+00:00,83.87400,83.88400,83.68400,83.80400,838.00000
2026-07-30 03:15:00+00:00,83.79400,84.09400,83.76400,84.07400,747.00000
2026-07-30 03:30:00+00:00,84.06400,84.08400,83.94400,84.03400,492.00000
2026-07-30 03:45:00+00:00,84.02400,84.21400,84.02400,84.09400,380.00000
2026-07-30 04:00:00+00:00,84.08400,84.23400,84.07400,84.22400,275.00000
2026-07-30 04:15:00+00:00,84.21400,84.32400,84.13400,84.22400,272.00000
2026-07-30 04:30:00+00:00,84.21400,84.26400,84.11400,84.24400,231.00000
2026-07-30 04:45:00+00:00,84.23400,84.60400,84.15400,84.52400,612.00000
2026-07-30 05:00:00+00:00,84.51400,84.92400,84.41400,84.90400,877.00000
2026-07-30 05:15:00+00:00,84.91400,85.24400,84.83400,85.00400,902.00000
2026-07-30 05:30:00+00:00,85.00400,85.62400,84.98400,85.42400,2425.00000
2026-07-30 05:45:00+00:00,85.43400,85.84400,85.08400,85.68400,1836.00000
2026-07-30 06:00:00+00:00,85.66400,86.19400,85.53400,86.16400,2134.00000
2026-07-30 06:15:00+00:00,86.15400,86.35400,86.00400,86.28400,2024.00000
2026-07-30 06:30:00+00:00,86.27400,86.35400,85.98400,86.08400,1659.00000
2026-07-30 06:45:00+00:00,86.09400,86.14400,85.76400,85.76400,1407.00000
2026-07-30 07:00:00+00:00,85.75400,85.75400,85.05400,85.38400,2543.00000
2026-07-30 07:15:00+00:00,85.38400,85.85400,85.36400,85.75400,1842.00000
2026-07-30 07:30:00+00:00,85.77400,86.39400,85.71400,85.91400,1789.00000
2026-07-30 07:45:00+00:00,85.92400,85.92400,85.39400,85.62400,1625.00000
2026-07-30 08:00:00+00:00,85.62400,85.81400,85.08400,85.28400,2457.00000
2026-07-30 08:15:00+00:00,85.27400,85.82400,85.12400,85.43400,2618.00000
2026-07-30 08:30:00+00:00,85.41400,85.51400,84.76400,85.21400,2105.00000
2026-07-30 08:45:00+00:00,85.19400,85.53400,85.14400,85.18400,1245.00000
2026-07-30 09:00:00+00:00,85.19400,85.29400,84.51400,84.82400,2079.00000
2026-07-30 09:15:00+00:00,84.78400,84.94400,84.30400,84.49400,2255.00000
2026-07-30 09:30:00+00:00,84.47400,84.82400,84.36400,84.55400,1578.00000
2026-07-30 09:45:00+00:00,84.56400,84.95400,84.40400,84.91400,1330.00000
2026-07-30 10:00:00+00:00,84.91400,85.10400,84.85400,85.03400,1462.00000
2026-07-30 10:15:00+00:00,85.03400,85.04400,84.56400,84.68400,1144.00000
2026-07-30 10:30:00+00:00,84.69400,84.73400,83.72400,84.08400,1981.00000
2026-07-30 10:45:00+00:00,84.09400,84.22400,83.77400,84.21400,1683.00000
2026-07-30 11:00:00+00:00,84.23400,84.37400,84.07400,84.16400,1245.00000
2026-07-30 11:15:00+00:00,84.16400,84.37400,83.93400,84.10400,1443.00000
2026-07-30 11:30:00+00:00,84.08400,84.17400,83.80400,83.92400,1336.00000
2026-07-30 11:45:00+00:00,83.93400,84.01400,83.74400,83.99400,1349.00000
2026-07-30 12:00:00+00:00,84.02400,84.29400,83.85400,84.14400,1676.00000
2026-07-30 12:15:00+00:00,84.11400,84.83400,84.06400,84.68400,1443.00000
2026-07-30 12:30:00+00:00,84.69400,84.70400,84.09400,84.23400,1631.00000
2026-07-30 12:45:00+00:00,84.21400,84.95400,84.16400,84.93400,1733.00000
2026-07-30 13:00:00+00:00,84.96400,84.96400,83.43400,83.47400,3318.00000
2026-07-30 13:15:00+00:00,83.49400,84.12400,83.48400,83.93400,2175.00000
2026-07-30 13:30:00+00:00,83.94400,84.18400,83.77400,84.06400,2272.00000
2026-07-30 13:45:00+00:00,84.07400,84.37400,83.97400,84.20400,2218.00000
2026-07-30 14:00:00+00:00,84.21400,84.65400,84.08400,84.32400,3592.00000
2026-07-30 14:15:00+00:00,84.32400,84.74400,84.17400,84.42400,2193.00000
2026-07-30 14:30:00+00:00,84.41400,84.75400,84.41400,84.54400,1972.00000
2026-07-30 14:45:00+00:00,84.54400,84.92400,84.54400,84.66400,2082.00000
2026-07-30 15:00:00+00:00,84.67400,85.31400,84.62400,85.06400,2438.00000
2026-07-30 15:15:00+00:00,85.05400,85.13400,84.52400,84.75400,2627.00000
2026-07-30 15:30:00+00:00,84.77400,84.97400,84.04400,84.17400,2269.00000
2026-07-30 15:45:00+00:00,84.16400,84.52400,84.07400,84.51400,1448.00000
2026-07-30 16:00:00+00:00,84.52400,84.73400,84.39400,84.48400,1392.00000
2026-07-30 16:15:00+00:00,84.49400,84.62400,83.96400,84.05400,1590.00000
2026-07-30 16:30:00+00:00,84.06400,84.42400,83.99400,84.33400,1236.00000
2026-07-30 16:45:00+00:00,84.34400,84.57400,84.23200,84.54400,1076.00000
2026-07-30 17:00:00+00:00,84.55400,84.61400,84.29200,84.42400,1252.00000
2026-07-30 17:15:00+00:00,84.42400,84.65400,84.18400,84.31400,1279.00000
2026-07-30 17:30:00+00:00,84.31400,84.84400,84.10400,84.32400,1769.00000
2026-07-30 17:45:00+00:00,84.33400,84.55400,84.33400,84.53400,1302.00000
2026-07-30 18:00:00+00:00,84.51400,84.74400,84.40400,84.57400,1554.00000
2026-07-30 18:15:00+00:00,84.58400,84.63400,83.93400,84.01400,2171.00000
2026-07-30 18:30:00+00:00,84.00400,84.28400,83.92800,84.17400,1164.00000
2026-07-30 18:45:00+00:00,84.18400,84.23400,83.97400,83.98400,647.00000
2026-07-30 19:00:00+00:00,83.97400,84.19400,83.92400,84.10400,666.00000
2026-07-30 19:15:00+00:00,84.10400,84.13400,83.99400,83.99400,472.00000
2026-07-30 19:30:00+00:00,83.99400,84.15400,83.90400,84.14400,572.00000
2026-07-30 19:45:00+00:00,84.14400,84.28400,84.10400,84.11400,541.00000
2026-07-30 20:00:00+00:00,84.12400,84.34400,84.04400,84.33400,508.00000
2026-07-30 20:15:00+00:00,84.34400,84.62400,84.30400,84.56400,529.00000
2026-07-30 20:30:00+00:00,84.53400,84.67400,84.42400,84.43400,576.00000
2026-07-30 20:45:00+00:00,84.43400,84.43400,84.32400,84.38400,483.00000
2026-07-30 22:00:00+00:00,84.41200,84.72200,84.30200,84.62200,322.00000
2026-07-30 22:15:00+00:00,84.65200,84.74200,84.57600,84.60200,162.00000
2026-07-30 22:30:00+00:00,84.60200,84.61200,84.48200,84.48200,167.00000
2026-07-30 22:45:00+00:00,84.47200,84.49200,84.38200,84.49200,118.00000
2026-07-30 23:00:00+00:00,84.48200,84.48200,84.36200,84.37200,91.00000
2026-07-30 23:15:00+00:00,84.37200,84.51200,84.37200,84.49200,100.00000
2026-07-30 23:30:00+00:00,84.50200,84.54200,84.42200,84.51200,81.00000
2026-07-30 23:45:00+00:00,84.52200,84.54200,84.41000,84.50200,88.00000
2026-07-31 00:00:00+00:00,84.47200,84.62200,84.40200,84.57200,437.00000
2026-07-31 00:15:00+00:00,84.55200,84.56200,84.39200,84.55200,362.00000
2026-07-31 00:30:00+00:00,84.54200,84.57200,84.16200,84.16200,435.00000
2026-07-31 00:45:00+00:00,84.15200,84.31200,83.96200,83.98200,578.00000
2026-07-31 01:00:00+00:00,83.95200,83.95200,82.73200,83.38200,2511.00000
2026-07-31 01:15:00+00:00,83.40200,83.41200,82.99200,83.21200,1268.00000
2026-07-31 01:30:00+00:00,83.19200,83.32200,82.71200,83.04200,1223.00000
2026-07-31 01:45:00+00:00,83.05200,83.24200,82.83200,82.91200,1002.00000
2026-07-31 02:00:00+00:00,82.91200,82.91200,82.06200,82.51200,1530.00000
2026-07-31 02:15:00+00:00,82.53200,82.76200,82.49200,82.61200,628.00000
2026-07-31 02:30:00+00:00,82.56200,82.76200,82.50200,82.57200,845.00000
2026-07-31 02:45:00+00:00,82.55200,82.88200,82.49200,82.70200,746.00000
2026-07-31 03:00:00+00:00,82.70200,82.80200,82.50200,82.66200,674.00000
2026-07-31 03:15:00+00:00,82.68200,82.75200,82.51200,82.64200,708.00000
2026-07-31 03:30:00+00:00,82.61200,82.79200,82.56200,82.78200,659.00000
2026-07-31 03:45:00+00:00,82.76200,82.92200,82.68200,82.76200,523.00000
2026-07-31 04:00:00+00:00,82.77200,82.83200,82.44200,82.57200,632.00000
2026-07-31 04:15:00+00:00,82.58200,82.65200,82.52200,82.59200,338.00000
2026-07-31 04:30:00+00:00,82.57200,82.61200,82.40200,82.42200,452.00000
2026-07-31 04:45:00+00:00,82.40200,82.45200,82.06200,82.09200,773.00000
2026-07-31 05:00:00+00:00,82.06200,82.42200,82.02200,82.34200,927.00000
2026-07-31 05:15:00+00:00,82.35200,82.37200,81.98200,82.09200,544.00000
2026-07-31 05:30:00+00:00,82.08200,82.08200,81.64200,81.89200,1643.00000
2026-07-31 05:45:00+00:00,81.88200,82.12200,81.80200,82.12200,988.00000
2026-07-31 06:00:00+00:00,82.13200,82.44200,82.03400,82.26200,1342.00000
2026-07-31 06:15:00+00:00,82.24200,82.66200,82.22200,82.45200,1132.00000
2026-07-31 06:30:00+00:00,82.46200,82.55200,82.22200,82.47200,1032.00000
2026-07-31 06:45:00+00:00,82.48200,82.57200,82.37200,82.46200,1065.00000
2026-07-31 07:00:00+00:00,82.45200,82.87200,82.42200,82.64200,1569.00000
2026-07-31 07:15:00+00:00,82.65200,83.04200,82.64200,82.99200,1279.00000
2026-07-31 07:30:00+00:00,82.98200,83.11200,82.76200,83.01200,1154.00000
2026-07-31 07:45:00+00:00,83.02200,83.02200,82.49200,82.60200,1512.00000
2026-07-31 08:00:00+00:00,82.62200,82.76200,82.45200,82.53200,1495.00000
2026-07-31 08:15:00+00:00,82.54200,83.17200,82.37200,83.17200,2362.00000
2026-07-31 08:30:00+00:00,83.17200,83.31200,82.80200,82.85200,1535.00000
2026-07-31 08:45:00+00:00,82.85200,83.02200,82.66200,83.02200,1362.00000
2026-07-31 09:00:00+00:00,83.01200,83.53200,82.98200,83.52200,1801.00000
2026-07-31 09:15:00+00:00,83.50200,83.65200,83.23200,83.30200,2113.00000
2026-07-31 09:30:00+00:00,83.32200,83.97200,83.27200,83.97200,1710.00000
2026-07-31 09:45:00+00:00,83.96200,84.22200,83.92200,84.15200,1236.00000
2026-07-31 10:00:00+00:00,84.17200,84.49200,84.16200,84.49200,1346.00000
2026-07-31 10:15:00+00:00,84.50200,84.61200,84.26200,84.54200,1187.00000
2026-07-31 10:30:00+00:00,84.54200,84.80200,84.43200,84.61200,1088.00000
2026-07-31 10:45:00+00:00,84.60200,84.91200,84.51200,84.73200,1202.00000
2026-07-31 11:00:00+00:00,84.74200,84.92200,84.54200,84.63200,1101.00000
2026-07-31 11:15:00+00:00,84.62200,85.34200,84.54200,85.21200,2872.00000
2026-07-31 11:30:00+00:00,85.23200,85.52200,85.07200,85.44200,1893.00000
2026-07-31 11:45:00+00:00,85.43200,85.48200,85.22200,85.31200,1504.00000
2026-07-31 12:00:00+00:00,85.29200,85.93200,85.29200,85.69200,1586.00000
2026-07-31 12:15:00+00:00,85.70200,85.81200,85.59200,85.65200,1185.00000
2026-07-31 12:30:00+00:00,85.66200,85.73200,85.39200,85.66200,1534.00000
2026-07-31 12:45:00+00:00,85.64200,86.60200,85.63200,86.31200,2086.00000
2026-07-31 13:00:00+00:00,86.32200,86.41200,85.70200,86.10200,2628.00000
2026-07-31 13:15:00+00:00,86.10200,86.21200,85.78200,85.92200,2055.00000
2026-07-31 13:30:00+00:00,85.92200,86.34200,85.79200,86.01200,2458.00000
2026-07-31 13:45:00+00:00,86.01200,86.21200,85.73200,85.95200,2001.00000
2026-07-31 14:00:00+00:00,85.94200,86.00200,85.21200,85.55200,2639.00000
2026-07-31 14:15:00+00:00,85.56200,85.75200,85.41200,85.67200,1826.00000
2026-07-31 14:30:00+00:00,85.66200,85.99200,85.63200,85.91200,1591.00000
2026-07-31 14:45:00+00:00,85.92200,86.36200,85.92200,86.22200,1628.00000
2026-07-31 15:00:00+00:00,86.21200,86.42200,86.17200,86.34200,1459.00000
2026-07-31 15:15:00+00:00,86.34200,86.41200,85.81200,85.97200,2422.00000
2026-07-31 15:30:00+00:00,85.99200,86.03200,85.33200,85.38200,2219.00000
2026-07-31 15:45:00+00:00,85.38200,85.39200,84.43200,84.51200,2699.00000
2026-07-31 16:00:00+00:00,84.51200,85.05200,84.49200,84.98200,2054.00000
2026-07-31 16:15:00+00:00,84.97200,85.20200,84.87200,84.95200,1780.00000
2026-07-31 16:30:00+00:00,84.95200,85.27200,84.95200,85.21200,1153.00000
2026-07-31 16:45:00+00:00,85.20200,85.25200,85.01200,85.15200,1220.00000
2026-07-31 17:00:00+00:00,85.16200,85.53200,84.96200,85.44200,1501.00000
2026-07-31 17:15:00+00:00,85.44200,85.46200,85.14200,85.21200,1290.00000
2026-07-31 17:30:00+00:00,85.20200,85.53200,85.07200,85.46200,1415.00000
2026-07-31 17:45:00+00:00,85.45200,85.51200,85.11200,85.12200,1474.00000
2026-07-31 18:00:00+00:00,85.11200,85.46200,84.99200,85.19200,1861.00000
2026-07-31 18:15:00+00:00,85.18200,85.58200,84.97200,85.00200,2265.00000
2026-07-31 18:30:00+00:00,84.99200,85.15200,84.92200,85.14200,1076.00000
2026-07-31 18:45:00+00:00,85.13200,85.16200,84.96200,85.03200,605.00000
2026-07-31 19:00:00+00:00,85.04200,85.17200,84.97200,85.07200,632.00000
2026-07-31 19:15:00+00:00,85.08200,85.38200,85.08200,85.24200,547.00000
2026-07-31 19:30:00+00:00,85.24200,85.31200,85.14200,85.21200,428.00000
2026-07-31 19:45:00+00:00,85.22200,85.29200,85.17200,85.19200,645.00000
2026-07-31 20:00:00+00:00,85.18200,85.23200,84.95200,85.00200,607.00000
2026-07-31 20:15:00+00:00,84.98200,85.08200,84.90200,85.05200,475.00000
2026-07-31 20:30:00+00:00,85.06200,85.22200,84.90200,85.03200,567.00000
2026-07-31 20:45:00+00:00,85.03200,87.23200,84.94200,86.73200,2293.00000
2026-08-02 22:00:00+00:00,79.76500,80.45500,79.17500,80.26500,2534.00000
2026-08-02 22:15:00+00:00,80.27500,81.37500,80.25500,80.98500,1588.00000
2026-08-02 22:30:00+00:00,80.99500,81.26500,80.91500,81.19500,651.00000
2026-08-02 22:45:00+00:00,81.18500,81.65500,81.16500,81.59500,813.00000
2026-08-02 23:00:00+00:00,81.60500,81.67500,81.23500,81.43500,705.00000
2026-08-02 23:15:00+00:00,81.43500,81.43500,81.14500,81.20500,449.00000
2026-08-02 23:30:00+00:00,81.19500,81.22500,80.97500,80.98500,490.00000
2026-08-02 23:45:00+00:00,80.97500,81.15500,80.78500,81.08500,618.00000
2026-08-03 00:00:00+00:00,81.09500,81.35500,80.96300,81.06500,871.00000
2026-08-03 00:15:00+00:00,81.05500,81.06500,80.82500,80.82500,708.00000
2026-08-03 00:30:00+00:00,80.80500,80.95500,80.69500,80.86500,670.00000
2026-08-03 00:45:00+00:00,80.89500,81.11500,80.88500,80.98500,572.00000
2026-08-03 01:00:00+00:00,80.99500,81.15500,80.75500,81.05500,2137.00000
2026-08-03 01:15:00+00:00,81.04500,81.08500,80.73500,80.77500,1087.00000
2026-08-03 01:30:00+00:00,80.77500,80.97500,80.54500,80.54500,1044.00000
2026-08-03 01:45:00+00:00,80.55500,80.63500,80.38500,80.48500,875.00000
2026-08-03 02:00:00+00:00,80.47500,80.59500,80.27500,80.54500,909.00000
2026-08-03 02:15:00+00:00,80.53500,80.64500,80.43500,80.50500,475.00000
2026-08-03 02:30:00+00:00,80.50500,80.73500,80.40500,80.62500,1120.00000
2026-08-03 02:45:00+00:00,80.61500,80.61500,79.93500,80.05500,940.00000
2026-08-03 03:00:00+00:00,80.04500,80.33500,79.98500,80.23500,803.00000
2026-08-03 03:15:00+00:00,80.23500,80.30500,80.02500,80.25500,592.00000
2026-08-03 03:30:00+00:00,80.24500,80.50500,80.24500,80.49500,796.00000
2026-08-03 03:45:00+00:00,80.49500,80.52500,80.09500,80.11500,465.00000
2026-08-03 04:00:00+00:00,80.10500,80.19500,80.04500,80.15500,471.00000
2026-08-03 04:15:00+00:00,80.14500,80.15500,79.95500,80.03500,346.00000
2026-08-03 04:30:00+00:00,80.02500,80.17500,80.02500,80.14500,332.00000
2026-08-03 04:45:00+00:00,80.14500,80.14500,79.86900,79.88500,335.00000
2026-08-03 05:00:00+00:00,79.89500,79.96500,79.77500,79.83500,556.00000
2026-08-03 05:15:00+00:00,79.81500,79.90500,79.75500,79.82500,367.00000
2026-08-03 05:30:00+00:00,79.81500,80.01500,79.74500,79.99500,745.00000
2026-08-03 05:45:00+00:00,80.00500,80.25500,79.99500,80.00500,749.00000
2026-08-03 06:00:00+00:00,80.01500,80.08500,79.68500,79.72500,975.00000
2026-08-03 06:15:00+00:00,79.73500,79.88500,79.57500,79.60500,970.00000
2026-08-03 06:30:00+00:00,79.60500,79.73500,79.31500,79.41500,1127.00000
2026-08-03 06:45:00+00:00,79.42500,79.51500,79.25500,79.45500,1164.00000
2026-08-03 07:00:00+00:00,79.47500,79.99500,79.43500,79.98500,1647.00000
2026-08-03 07:15:00+00:00,79.98500,80.80500,79.93500,80.09500,2466.00000
2026-08-03 07:30:00+00:00,80.09500,80.41500,79.90500,80.25500,1556.00000
2026-08-03 07:45:00+00:00,80.23500,80.29500,79.71500,80.05500,1571.00000
2026-08-03 08:00:00+00:00,80.03500,80.29500,79.91500,80.03500,1661.00000
2026-08-03 08:15:00+00:00,80.04500,80.41500,80.03500,80.14500,2209.00000
2026-08-03 08:30:00+00:00,80.15500,80.81500,80.08500,80.71500,1999.00000
2026-08-03 08:45:00+00:00,80.70500,81.02500,80.52500,80.63500,1619.00000
2026-08-03 09:00:00+00:00,80.63500,80.68500,80.08500,80.19500,1331.00000
2026-08-03 09:15:00+00:00,80.19500,80.33500,80.03500,80.17500,1077.00000
2026-08-03 09:30:00+00:00,80.16500,80.44500,79.84500,80.28500,1191.00000
2026-08-03 09:45:00+00:00,80.27500,80.41500,80.02500,80.41500,1437.00000
2026-08-03 10:00:00+00:00,80.40500,80.41500,79.93500,80.02500,1181.00000
2026-08-03 10:15:00+00:00,80.02500,80.13500,79.91500,80.09500,1094.00000
2026-08-03 10:30:00+00:00,80.10500,80.13500,79.68500,79.89500,1087.00000
2026-08-03 10:45:00+00:00,79.88500,80.03500,79.71500,79.87500,1050.00000
2026-08-03 11:00:00+00:00,79.90500,79.96500,79.73500,79.96500,1165.00000
2026-08-03 11:15:00+00:00,79.95500,80.24500,79.89500,80.21500,1151.00000
2026-08-03 11:30:00+00:00,80.19500,80.25500,79.81500,79.88500,1169.00000
2026-08-03 11:45:00+00:00,79.89500,80.01500,79.38500,79.41500,1348.00000
2026-08-03 12:00:00+00:00,79.43500,79.53500,79.27500,79.32500,1589.00000
2026-08-03 12:15:00+00:00,79.31500,79.56500,79.18500,79.49500,1375.00000
2026-08-03 12:30:00+00:00,79.49500,79.49500,79.22500,79.28500,1268.00000
2026-08-03 12:45:00+00:00,79.28500,79.75500,79.19500,79.38500,1902.00000
2026-08-03 13:00:00+00:00,79.37500,79.72500,79.01500,79.70500,2624.00000
2026-08-03 13:15:00+00:00,79.69500,79.75500,79.41500,79.66500,2103.00000
2026-08-03 13:30:00+00:00,79.65500,79.74500,78.81500,79.08500,2588.00000
2026-08-03 13:45:00+00:00,79.07500,79.56500,78.83500,79.49500,1826.00000
2026-08-03 14:00:00+00:00,79.53500,79.80500,79.46900,79.61500,1961.00000
2026-08-03 14:15:00+00:00,79.62500,79.77500,79.39500,79.60500,1576.00000
2026-08-03 14:30:00+00:00,79.59500,80.02500,79.59500,79.80500,1893.00000
2026-08-03 14:45:00+00:00,79.80500,80.03500,79.63500,80.03500,1687.00000
2026-08-03 15:00:00+00:00,80.03500,80.25500,79.76500,79.91500,2142.00000
2026-08-03 15:15:00+00:00,79.90500,80.51500,79.78500,80.37500,2619.00000
2026-08-03 15:30:00+00:00,80.35500,80.35500,79.75500,80.14500,2043.00000
2026-08-03 15:45:00+00:00,80.13500,80.21500,79.89700,80.00500,1324.00000
2026-08-03 16:00:00+00:00,79.97500,80.15500,79.77500,80.06500,1340.00000
2026-08-03 16:15:00+00:00,80.07500,80.11500,79.67500,79.84500,1221.00000
2026-08-03 16:30:00+00:00,79.85500,80.25500,79.78500,80.08500,1672.00000
2026-08-03 16:45:00+00:00,80.09500,80.17500,79.78500,79.94500,1146.00000
2026-08-03 17:00:00+00:00,79.94500,80.58500,79.93500,80.52500,1342.00000
2026-08-03 17:15:00+00:00,80.51500,80.51500,80.19500,80.37500,1219.00000
2026-08-03 17:30:00+00:00,80.37500,80.46500,80.23500,80.24500,858.00000
2026-08-03 17:45:00+00:00,80.23500,80.67500,80.21500,80.37500,1477.00000
2026-08-03 18:00:00+00:00,80.38500,80.40500,79.83500,80.03500,2410.00000
2026-08-03 18:15:00+00:00,80.05500,80.77500,80.02500,80.72500,2278.00000
2026-08-03 18:30:00+00:00,80.73500,80.86500,80.55500,80.78500,1098.00000
2026-08-03 18:45:00+00:00,80.79500,81.01500,80.71500,80.74500,814.00000
2026-08-03 19:00:00+00:00,80.75500,80.92500,80.62500,80.83500,745.00000
2026-08-03 19:15:00+00:00,80.84500,80.84500,80.57500,80.83500,558.00000
2026-08-03 19:30:00+00:00,80.85500,80.86500,80.57500,80.63500,473.00000
2026-08-03 19:45:00+00:00,80.62500,80.72500,80.48500,80.50500,481.00000
2026-08-03 20:00:00+00:00,80.50500,80.59500,80.42500,80.54500,354.00000
2026-08-03 20:15:00+00:00,80.54500,80.58500,80.41500,80.46500,294.00000
2026-08-03 20:30:00+00:00,80.45500,80.45500,80.22500,80.31500,334.00000
2026-08-03 20:45:00+00:00,80.32500,80.44500,80.24500,80.40500,362.00000
2026-08-03 22:00:00+00:00,80.37200,80.44200,80.30200,80.31200,232.00000
2026-08-03 22:15:00+00:00,80.31200,80.35200,80.31200,80.33200,64.00000
2026-08-03 22:30:00+00:00,80.35200,80.41200,80.29200,80.29200,136.00000
2026-08-03 22:45:00+00:00,80.29200,80.47200,80.00200,80.42200,391.00000
2026-08-03 23:00:00+00:00,80.42200,80.64200,80.39200,80.51200,266.00000
2026-08-03 23:15:00+00:00,80.52200,80.52200,80.18200,80.20200,194.00000
2026-08-03 23:30:00+00:00,80.21200,80.44200,80.18200,80.39200,234.00000
2026-08-03 23:45:00+00:00,80.40200,80.68200,80.40200,80.59200,437.00000
2026-08-04 00:00:00+00:00,80.57200,81.06200,80.57200,80.95200,772.00000
2026-08-04 00:15:00+00:00,80.96200,81.18200,80.86200,80.98200,569.00000
2026-08-04 00:30:00+00:00,80.98200,81.19200,80.95200,81.04200,514.00000
2026-08-04 00:45:00+00:00,81.05200,81.52200,81.02200,81.35200,920.00000
2026-08-04 01:00:00+00:00,81.36200,81.55200,81.09200,81.12200,1335.00000
2026-08-04 01:15:00+00:00,81.11200,81.22200,81.00200,81.20200,743.00000
2026-08-04 01:30:00+00:00,81.20200,81.39200,81.09200,81.34200,840.00000
2026-08-04 01:45:00+00:00,81.33200,81.43200,81.28200,81.33200,763.00000
2026-08-04 02:00:00+00:00,81.33200,81.41200,81.14200,81.40200,807.00000
2026-08-04 02:15:00+00:00,81.39200,81.42200,81.23200,81.38200,484.00000
2026-08-04 02:30:00+00:00,81.37200,81.60200,81.34200,81.47200,863.00000
2026-08-04 02:45:00+00:00,81.47200,81.54200,81.42200,81.50200,542.00000
2026-08-04 03:00:00+00:00,81.50200,81.62200,81.41200,81.41200,708.00000
2026-08-04 03:15:00+00:00,81.41200,81.49200,81.30200,81.30200,523.00000
2026-08-04 03:30:00+00:00,81.29200,81.55200,81.21200,81.49200,463.00000
2026-08-04 03:45:00+00:00,81.48200,81.58200,81.38200,81.52200,372.00000
2026-08-04 04:00:00+00:00,81.53200,81.58200,81.41200,81.58200,290.00000
2026-08-04 04:15:00+00:00,81.57200,81.60200,81.41200,81.43200,323.00000
2026-08-04 04:30:00+00:00,81.44200,81.61200,81.41200,81.59200,286.00000
2026-08-04 04:45:00+00:00,81.58200,81.63200,81.54200,81.56200,282.00000
2026-08-04 05:00:00+00:00,81.57200,81.76200,81.51200,81.64200,370.00000
2026-08-04 05:15:00+00:00,81.65200,81.70200,81.57200,81.68200,429.00000
2026-08-04 05:30:00+00:00,81.69200,81.78200,81.45200,81.63200,1254.00000
2026-08-04 05:45:00+00:00,81.64200,81.72200,81.23200,81.23200,1008.00000
2026-08-04 06:00:00+00:00,81.24200,81.41200,81.08200,81.09200,1017.00000
2026-08-04 06:15:00+00:00,81.09200,81.37200,81.09200,81.16200,842.00000
2026-08-04 06:30:00+00:00,81.17200,81.31200,80.99200,81.00200,854.00000
2026-08-04 06:45:00+00:00,81.01200,81.16200,80.76200,80.79200,1088.00000
2026-08-04 07:00:00+00:00,80.77200,81.04200,80.57200,80.98200,1474.00000
2026-08-04 07:15:00+00:00,80.98200,81.35200,80.81200,81.31200,1161.00000
2026-08-04 07:30:00+00:00,81.32200,81.38200,81.09200,81.25200,1100.00000
2026-08-04 07:45:00+00:00,81.26200,81.30200,81.03200,81.09200,1287.00000
2026-08-04 08:00:00+00:00,81.10200,81.30200,80.79200,81.10200,1762.00000
2026-08-04 08:15:00+00:00,81.12200,81.27200,81.06200,81.12200,2015.00000
2026-08-04 08:30:00+00:00,81.11200,82.10200,81.11200,82.00200,2315.00000
2026-08-04 08:45:00+00:00,81.99200,82.61200,81.99200,82.45200,1764.00000
2026-08-04 09:00:00+00:00,82.46200,82.67200,82.37200,82.57200,1613.00000
2026-08-04 09:15:00+00:00,82.58200,82.64200,82.38200,82.41200,1244.00000
2026-08-04 09:30:00+00:00,82.42200,82.53200,82.06200,82.40200,1395.00000
2026-08-04 09:45:00+00:00,82.40200,82.67200,82.19200,82.19200,1406.00000
2026-08-04 10:00:00+00:00,82.18200,82.23200,81.83200,82.17200,1511.00000
2026-08-04 10:15:00+00:00,82.17200,82.36200,82.01200,82.32200,1117.00000
2026-08-04 10:30:00+00:00,82.29200,82.29200,81.62200,81.87200,1386.00000
2026-08-04 10:45:00+00:00,81.88200,81.88200,80.90200,81.18200,3600.00000
2026-08-04 11:00:00+00:00,81.17200,81.30200,80.41200,80.58200,2559.00000
2026-08-04 11:15:00+00:00,80.57200,80.61200,79.96200,79.99200,2153.00000
2026-08-04 11:30:00+00:00,79.98200,80.32200,78.85200,78.90200,2545.00000
2026-08-04 11:45:00+00:00,78.88200,79.12200,76.93200,77.02200,5369.00000
2026-08-04 12:00:00+00:00,77.07200,78.34200,77.06200,78.31200,3657.00000
2026-08-04 12:15:00+00:00,78.30200,78.47200,78.02200,78.23200,2424.00000
2026-08-04 12:30:00+00:00,78.22200,78.43200,78.02200,78.28200,1951.00000
2026-08-04 12:45:00+00:00,78.27200,78.33200,77.59200,77.84200,1960.00000
2026-08-04 13:00:00+00:00,77.85200,78.21200,77.74200,77.83200,3104.00000
2026-08-04 13:15:00+00:00,77.84200,78.01200,76.62200,76.80200,4119.00000
2026-08-04 13:30:00+00:00,76.81200,76.95200,76.30200,76.70200,3653.00000
2026-08-04 13:45:00+00:00,76.69200,76.75200,76.12200,76.29200,2834.00000
2026-08-04 14:00:00+00:00,76.32200,76.74200,76.15200,76.32200,3238.00000
2026-08-04 14:15:00+00:00,76.34200,76.81200,76.22200,76.81200,2295.00000
2026-08-04 14:30:00+00:00,76.81200,77.22200,76.48200,77.19200,3114.00000
2026-08-04 14:45:00+00:00,77.17200,77.34200,76.95200,77.24200,1973.00000
2026-08-04 15:00:00+00:00,77.24200,77.39200,77.06200,77.21200,2357.00000
2026-08-04 15:15:00+00:00,77.20200,77.21200,76.65200,76.65200,2376.00000
2026-08-04 15:30:00+00:00,76.66200,76.75200,75.56200,75.70200,3667.00000
2026-08-04 15:45:00+00:00,75.71200,76.19200,75.63200,76.07200,2439.00000
2026-08-04 16:00:00+00:00,76.10200,76.55200,76.05200,76.53200,1800.00000
2026-08-04 16:15:00+00:00,76.53200,76.61200,76.26200,76.37200,1544.00000
2026-08-04 16:30:00+00:00,76.37200,76.62200,76.37200,76.44200,1270.00000
2026-08-04 16:45:00+00:00,76.44200,76.66200,76.36200,76.55200,1239.00000
2026-08-04 17:00:00+00:00,76.56200,76.61200,75.93200,75.95200,1258.00000
2026-08-04 17:15:00+00:00,75.95200,76.34200,75.94200,76.28200,1252.00000
2026-08-04 17:30:00+00:00,76.28200,76.34200,75.93200,75.96200,1274.00000
2026-08-04 17:45:00+00:00,75.97200,76.25200,75.95200,76.23200,1243.00000
2026-08-04 18:00:00+00:00,76.23200,76.32200,76.04200,76.06200,1780.00000
2026-08-04 18:15:00+00:00,76.07200,76.20200,75.91200,76.07200,1883.00000
2026-08-04 18:30:00+00:00,76.08200,76.26200,75.98200,76.16200,975.00000
2026-08-04 18:45:00+00:00,76.17200,76.21200,76.09200,76.14200,491.00000
2026-08-04 19:00:00+00:00,76.14200,76.21200,76.02200,76.15200,545.00000
2026-08-04 19:15:00+00:00,76.16200,76.24200,76.08200,76.08200,602.00000
2026-08-04 19:30:00+00:00,76.08200,76.15200,76.00200,76.15200,591.00000
2026-08-04 19:45:00+00:00,76.15200,76.34200,76.09200,76.12200,669.00000
2026-08-04 20:00:00+00:00,76.13200,76.18200,75.59200,75.70200,951.00000
2026-08-04 20:15:00+00:00,75.71200,75.75200,75.53000,75.74200,799.00000
2026-08-04 20:30:00+00:00,75.74200,75.98200,75.56200,75.59200,964.00000
2026-08-04 20:45:00+00:00,75.60200,75.76200,75.48200,75.53200,720.00000
2026-08-04 22:00:00+00:00,75.61000,75.71000,75.46000,75.65000,243.00000
2026-08-04 22:15:00+00:00,75.63000,75.73000,75.60000,75.63000,130.00000
2026-08-04 22:30:00+00:00,75.62000,75.64000,75.48000,75.53000,202.00000
2026-08-04 22:45:00+00:00,75.53000,75.73000,75.52000,75.67000,166.00000
2026-08-04 23:00:00+00:00,75.68000,75.70000,75.58000,75.58000,129.00000
2026-08-04 23:15:00+00:00,75.57000,75.57000,75.40000,75.45000,264.00000
2026-08-04 23:30:00+00:00,75.44000,75.57000,75.41000,75.51000,127.00000
2026-08-04 23:45:00+00:00,75.52000,75.62000,75.50000,75.55000,167.00000
2026-08-05 00:00:00+00:00,75.54000,75.63000,74.85000,75.48000,1258.00000
2026-08-05 00:15:00+00:00,75.49000,75.73000,75.46000,75.69000,647.00000
2026-08-05 00:30:00+00:00,75.71000,75.76000,75.62000,75.73000,500.00000
2026-08-05 00:45:00+00:00,75.74000,75.82000,75.65000,75.71000,631.00000
2026-08-05 01:00:00+00:00,75.72000,76.29000,75.70000,76.14000,1239.00000
2026-08-05 01:15:00+00:00,76.14000,76.34000,76.13000,76.32000,690.00000
2026-08-05 01:30:00+00:00,76.31000,76.37000,76.20000,76.25000,598.00000
2026-08-05 01:45:00+00:00,76.26000,76.37000,76.16000,76.29000,595.00000
2026-08-05 02:00:00+00:00,76.30000,76.35000,75.47000,75.50000,1390.00000
2026-08-05 02:15:00+00:00,75.48000,75.66000,75.07000,75.19000,1046.00000
2026-08-05 02:30:00+00:00,75.18000,75.24000,74.55000,74.61000,1757.00000
2026-08-05 02:45:00+00:00,74.62000,75.09000,74.62000,75.06000,1090.00000
2026-08-05 03:00:00+00:00,75.05000,75.10000,74.85000,74.90000,944.00000
2026-08-05 03:15:00+00:00,74.89000,75.04000,74.76000,75.03000,665.00000
2026-08-05 03:30:00+00:00,75.02000,75.17000,74.77000,74.95000,823.00000
2026-08-05 03:45:00+00:00,74.96000,75.06000,74.86000,74.88000,437.00000
2026-08-05 04:00:00+00:00,74.89000,75.19000,74.82000,75.18000,573.00000
2026-08-05 04:15:00+00:00,75.18000,75.41000,75.16000,75.28000,506.00000
2026-08-05 04:30:00+00:00,75.29000,75.56000,75.23000,75.50000,490.00000
2026-08-05 04:45:00+00:00,75.49000,75.60000,75.44000,75.49000,492.00000
2026-08-05 05:00:00+00:00,75.50000,75.65000,75.43000,75.55000,583.00000
2026-08-05 05:15:00+00:00,75.55000,75.60000,75.39000,75.55000,645.00000
2026-08-05 05:30:00+00:00,75.53000,75.53000,75.07800,75.34000,1317.00000
2026-08-05 05:45:00+00:00,75.35000,75.47000,75.15000,75.37000,1028.00000
2026-08-05 06:00:00+00:00,75.38000,75.73000,75.27000,75.53000,1426.00000
2026-08-05 06:15:00+00:00,75.55000,75.61000,75.26000,75.50000,1309.00000
2026-08-05 06:30:00+00:00,75.49000,75.81000,75.47000,75.52000,1361.00000
2026-08-05 06:45:00+00:00,75.51000,75.67000,75.32000,75.35000,1462.00000
2026-08-05 07:00:00+00:00,75.35000,76.20000,75.21000,76.10000,2300.00000
2026-08-05 07:15:00+00:00,76.09000,76.45000,75.93000,76.43000,1709.00000
2026-08-05 07:30:00+00:00,76.42000,76.59000,76.28000,76.34000,1480.00000
2026-08-05 07:45:00+00:00,76.31000,76.53000,76.19000,76.34000,1142.00000
2026-08-05 08:00:00+00:00,76.33000,76.63000,76.08000,76.59000,1710.00000
2026-08-05 08:15:00+00:00,76.58000,76.62000,76.21000,76.35000,2101.00000
2026-08-05 08:30:00+00:00,76.32000,76.65000,76.18000,76.47000,1875.00000
2026-08-05 08:45:00+00:00,76.47000,76.72000,76.40000,76.55000,1446.00000
2026-08-05 09:00:00+00:00,76.54000,76.62000,76.20000,76.22000,1369.00000
2026-08-05 09:15:00+00:00,76.21000,76.72000,76.18000,76.59000,1445.00000
2026-08-05 09:30:00+00:00,76.60000,76.70000,76.44000,76.56000,1259.00000
2026-08-05 09:45:00+00:00,76.55000,76.87000,76.50000,76.83000,1303.00000
2026-08-05 10:00:00+00:00,76.83000,76.97000,76.77200,76.79000,1064.00000
2026-08-05 10:15:00+00:00,76.79000,77.02000,76.66000,76.96000,1111.00000
2026-08-05 10:30:00+00:00,76.97000,77.00000,76.60000,76.76000,1176.00000
2026-08-05 10:45:00+00:00,76.74000,76.87000,76.46000,76.55000,1114.00000
2026-08-05 11:00:00+00:00,76.53000,76.71000,76.33000,76.37000,1056.00000
2026-08-05 11:15:00+00:00,76.38000,76.62000,76.32000,76.51000,963.00000
2026-08-05 11:30:00+00:00,76.51000,76.55000,76.14000,76.27000,1281.00000
2026-08-05 11:45:00+00:00,76.27000,76.53000,76.22000,76.37000,1243.00000
2026-08-05 12:00:00+00:00,76.38000,76.58000,76.21000,76.24000,1426.00000
2026-08-05 12:15:00+00:00,76.23000,76.70000,76.13000,76.69000,1567.00000
2026-08-05 12:30:00+00:00,76.68000,76.91000,76.53000,76.56000,1541.00000
2026-08-05 12:45:00+00:00,76.57000,76.87000,76.38000,76.83000,1408.00000
2026-08-05 13:00:00+00:00,76.84000,76.85000,76.03000,76.14000,2441.00000
2026-08-05 13:15:00+00:00,76.14000,76.34000,76.01000,76.17000,1651.00000
2026-08-05 13:30:00+00:00,76.18000,76.19000,75.27000,75.76000,2718.00000
2026-08-05 13:45:00+00:00,75.77000,75.96000,75.58000,75.82000,2448.00000
2026-08-05 14:00:00+00:00,75.81000,75.90000,75.00000,75.32000,3459.00000
2026-08-05 14:15:00+00:00,75.30000,75.50000,75.13000,75.28000,2130.00000
2026-08-05 14:30:00+00:00,75.29000,75.45000,75.12000,75.34000,2485.00000
2026-08-05 14:45:00+00:00,75.35000,75.69000,75.30000,75.46000,2065.00000
2026-08-05 15:00:00+00:00,75.47000,75.87000,74.85000,75.87000,3129.00000
2026-08-05 15:15:00+00:00,75.86000,76.14000,75.34000,75.50000,2984.00000
2026-08-05 15:30:00+00:00,75.49000,75.68000,75.39000,75.56000,1951.00000
2026-08-05 15:45:00+00:00,75.57000,75.95000,75.57000,75.92000,1942.00000
2026-08-05 16:00:00+00:00,75.92000,76.10000,75.77000,75.88000,1629.00000
2026-08-05 16:15:00+00:00,75.89000,76.08000,75.88000,75.96000,1305.00000
2026-08-05 16:30:00+00:00,75.97000,76.01000,75.49000,75.53000,1356.00000
2026-08-05 16:45:00+00:00,75.54000,75.65000,75.08000,75.23000,1632.00000
2026-08-05 17:00:00+00:00,75.21000,75.33000,74.94000,75.01000,1572.00000
2026-08-05 17:15:00+00:00,75.00000,75.03000,74.77000,74.85000,1437.00000
2026-08-05 17:30:00+00:00,74.85000,75.07000,74.78000,74.95000,1423.00000
2026-08-05 17:45:00+00:00,74.96000,75.20000,74.89000,75.20000,1019.00000
2026-08-05 18:00:00+00:00,75.19000,75.60000,75.17000,75.59000,1534.00000
2026-08-05 18:15:00+00:00,75.59000,75.72000,75.45000,75.51000,1909.00000
2026-08-05 18:30:00+00:00,75.52000,75.75000,75.50000,75.56000,956.00000
2026-08-05 18:45:00+00:00,75.56000,75.65000,75.39000,75.64000,694.00000
2026-08-05 19:00:00+00:00,75.65000,75.71000,75.43000,75.47000,503.00000
2026-08-05 19:15:00+00:00,75.47000,75.61000,75.47000,75.59000,482.00000
2026-08-05 19:30:00+00:00,75.58000,75.59000,75.45000,75.46000,397.00000
2026-08-05 19:45:00+00:00,75.46000,75.49000,75.34000,75.48000,528.00000
2026-08-05 20:00:00+00:00,75.47000,75.48000,75.20000,75.32000,513.00000
2026-08-05 20:15:00+00:00,75.34000,75.43000,75.30000,75.40000,294.00000
2026-08-05 20:30:00+00:00,75.41000,75.44000,75.24000,75.31000,331.00000
2026-08-05 20:45:00+00:00,75.31000,75.41000,75.28000,75.37000,486.00000
2026-08-05 22:00:00+00:00,75.30800,75.48800,75.24800,75.42800,239.00000
2026-08-05 22:15:00+00:00,75.42800,75.47800,75.34800,75.39800,132.00000
2026-08-05 22:30:00+00:00,75.39800,75.46800,75.33800,75.34800,87.00000
2026-08-05 22:45:00+00:00,75.33800,75.39800,75.32800,75.34800,82.00000
2026-08-05 23:00:00+00:00,75.32800,75.39800,75.26800,75.27800,68.00000
2026-08-05 23:15:00+00:00,75.25800,75.34800,75.21800,75.34800,112.00000
2026-08-05 23:30:00+00:00,75.33800,75.33800,75.26800,75.28800,96.00000
2026-08-05 23:45:00+00:00,75.29800,75.33800,75.14800,75.17800,161.00000
2026-08-06 00:00:00+00:00,75.14800,75.32800,75.04800,75.07800,398.00000
2026-08-06 00:15:00+00:00,75.06800,75.30800,74.93800,75.28800,590.00000
2026-08-06 00:30:00+00:00,75.27800,75.45800,75.19800,75.29800,590.00000
2026-08-06 00:45:00+00:00,75.30800,75.31800,75.03800,75.23800,629.00000
2026-08-06 01:00:00+00:00,75.22800,75.85800,75.20800,75.74800,1647.00000
2026-08-06 01:15:00+00:00,75.74800,76.32800,75.69800,76.01800,1795.00000
2026-08-06 01:30:00+00:00,76.02800,76.18800,75.98800,76.02800,1329.00000
2026-08-06 01:45:00+00:00,76.03800,76.18800,75.93800,76.05800,967.00000
2026-08-06 02:00:00+00:00,76.05800,76.09800,75.79800,75.88800,812.00000
2026-08-06 02:15:00+00:00,75.86800,75.94800,75.73800,75.79800,343.00000
2026-08-06 02:30:00+00:00,75.79800,75.99800,75.78800,75.83800,765.00000
2026-08-06 02:45:00+00:00,75.82800,75.89800,75.71800,75.76800,669.00000
2026-08-06 03:00:00+00:00,75.77800,75.80800,75.66800,75.77800,446.00000
2026-08-06 03:15:00+00:00,75.75800,75.82800,75.48800,75.54800,600.00000
2026-08-06 03:30:00+00:00,75.53800,75.53800,75.20800,75.30800,693.00000
2026-08-06 03:45:00+00:00,75.30800,75.39800,75.20800,75.20800,392.00000
2026-08-06 04:00:00+00:00,75.20800,75.25800,75.04800,75.11800,423.00000
2026-08-06 04:15:00+00:00,75.10800,75.14800,74.99800,75.04800,280.00000
2026-08-06 04:30:00+00:00,75.05800,75.10800,74.91800,75.09800,436.00000
2026-08-06 04:45:00+00:00,75.09800,75.13800,75.01800,75.10800,268.00000
2026-08-06 05:00:00+00:00,75.09800,75.26800,75.08800,75.11800,420.00000
2026-08-06 05:15:00+00:00,75.11800,75.12800,74.92800,74.95800,353.00000
2026-08-06 05:30:00+00:00,74.95800,75.25800,74.87800,75.18800,1073.00000
2026-08-06 05:45:00+00:00,75.18800,75.22800,75.12800,75.17800,853.00000
2026-08-06 06:00:00+00:00,75.15800,75.77800,75.13800,75.70800,1287.00000
2026-08-06 06:15:00+00:00,75.70800,75.77800,75.51800,75.52800,1074.00000
2026-08-06 06:30:00+00:00,75.53800,75.93800,75.52800,75.76800,1161.00000
2026-08-06 06:45:00+00:00,75.78800,75.93800,75.54800,75.56800,1086.00000
2026-08-06 07:00:00+00:00,75.57800,75.74800,75.31600,75.56800,1342.00000
2026-08-06 07:15:00+00:00,75.56800,75.61800,75.28800,75.46800,1326.00000
2026-08-06 07:30:00+00:00,75.46800,75.77800,75.36800,75.69800,1200.00000
2026-08-06 07:45:00+00:00,75.70800,75.83800,75.56600,75.71800,1156.00000
2026-08-06 08:00:00+00:00,75.72800,75.96800,75.57800,75.95800,1399.00000
2026-08-06 08:15:00+00:00,75.95800,76.09800,75.38800,75.47800,2159.00000
2026-08-06 08:30:00+00:00,75.44800,75.60800,75.22800,75.38800,2084.00000
2026-08-06 08:45:00+00:00,75.37800,75.51800,75.20800,75.46800,1297.00000
2026-08-06 09:00:00+00:00,75.47800,75.81800,75.40800,75.66800,1237.00000
2026-08-06 09:15:00+00:00,75.67800,75.75800,75.40800,75.47800,1034.00000
2026-08-06 09:30:00+00:00,75.45800,75.74800,75.36800,75.71800,904.00000
2026-08-06 09:45:00+00:00,75.70800,75.76800,75.40800,75.44800,819.00000
2026-08-06 10:00:00+00:00,75.44800,75.94800,75.40800,75.87800,1014.00000
2026-08-06 10:15:00+00:00,75.88800,76.24800,75.78800,76.03800,1377.00000
2026-08-06 10:30:00+00:00,76.04800,76.23800,76.00800,76.20800,978.00000
2026-08-06 10:45:00+00:00,76.21800,76.34800,76.10800,76.18800,1062.00000
2026-08-06 11:00:00+00:00,76.18800,76.29800,76.05800,76.22800,884.00000
2026-08-06 11:15:00+00:00,76.21800,76.28800,76.12800,76.14800,582.00000
2026-08-06 11:30:00+00:00,76.15800,76.20800,76.06800,76.08800,659.00000
2026-08-06 11:45:00+00:00,76.08800,76.51800,75.98800,75.99800,1419.00000
2026-08-06 12:00:00+00:00,75.98800,76.46800,75.90800,76.16800,1458.00000
2026-08-06 12:15:00+00:00,76.16800,76.62800,76.10800,76.50800,1265.00000
2026-08-06 12:30:00+00:00,76.50800,76.72800,76.43800,76.58800,1140.00000
2026-08-06 12:45:00+00:00,76.57800,76.65800,76.41800,76.52800,1063.00000
2026-08-06 13:00:00+00:00,76.52800,77.13800,76.47800,76.93800,2155.00000
2026-08-06 13:15:00+00:00,76.94800,76.94800,76.43800,76.49800,1590.00000
2026-08-06 13:30:00+00:00,76.48800,76.57800,76.26800,76.29800,1772.00000
2026-08-06 13:45:00+00:00,76.29800,76.55800,76.22800,76.43800,1412.00000
2026-08-06 14:00:00+00:00,76.41800,76.53800,76.22800,76.45800,1470.00000
2026-08-06 14:15:00+00:00,76.46800,76.74800,76.43800,76.68800,1398.00000
2026-08-06 14:30:00+00:00,76.70800,76.82800,76.48800,76.71800,1511.00000
2026-08-06 14:45:00+00:00,76.71800,77.05800,76.71800,76.87800,1532.00000
2026-08-06 15:00:00+00:00,76.88800,77.15800,76.80800,77.01800,1682.00000
2026-08-06 15:15:00+00:00,77.01800,77.48800,77.00800,77.13800,2241.00000
2026-08-06 15:30:00+00:00,77.13800,77.39800,77.08800,77.14800,1812.00000
2026-08-06 15:45:00+00:00,77.14800,78.43800,77.12800,78.03800,3066.00000
2026-08-06 16:00:00+00:00,78.03800,78.25800,77.87800,78.16800,2381.00000
2026-08-06 16:15:00+00:00,78.17800,78.34800,77.97800,77.98800,2004.00000
2026-08-06 16:30:00+00:00,77.99800,78.35800,77.90800,78.34800,1649.00000
2026-08-06 16:45:00+00:00,78.35800,78.37800,78.08800,78.17800,1304.00000
2026-08-06 17:00:00+00:00,78.16800,78.17800,77.96800,78.04800,1356.00000
2026-08-06 17:15:00+00:00,78.04800,78.18800,77.88800,77.92800,1090.00000
2026-08-06 17:30:00+00:00,77.92800,77.99800,77.54800,77.64800,1087.00000
2026-08-06 17:45:00+00:00,77.65800,77.69800,77.44800,77.60800,1190.00000
2026-08-06 18:00:00+00:00,77.61800,77.78800,77.41800,77.58800,1409.00000
2026-08-06 18:15:00+00:00,77.57800,77.75800,77.47800,77.57800,1981.00000
2026-08-06 18:30:00+00:00,77.58800,77.64800,77.44800,77.56800,848.00000
2026-08-06 18:45:00+00:00,77.57800,77.73800,77.52800,77.70800,369.00000
2026-08-06 19:00:00+00:00,77.71800,77.97800,77.71800,77.88800,617.00000
2026-08-06 19:15:00+00:00,77.88800,78.60800,77.81800,78.43800,1527.00000
2026-08-06 19:30:00+00:00,78.45800,78.59800,78.16800,78.25800,1159.00000
2026-08-06 19:45:00+00:00,78.25800,78.36800,77.70800,77.99800,1488.00000
2026-08-06 20:00:00+00:00,77.99800,78.12800,77.89800,78.06800,816.00000
2026-08-06 20:15:00+00:00,78.07800,78.46800,77.95800,78.39800,970.00000
2026-08-06 20:30:00+00:00,78.38800,78.57800,78.27800,78.44800,680.00000
2026-08-06 20:45:00+00:00,78.45800,78.81800,78.43800,78.57800,986.00000
2026-08-06 22:00:00+00:00,78.30500,78.43500,78.23500,78.39500,277.00000
2026-08-06 22:15:00+00:00,78.40500,78.41500,78.28500,78.35500,163.00000
2026-08-06 22:30:00+00:00,78.34500,78.43500,78.34500,78.38500,62.00000
2026-08-06 22:45:00+00:00,78.38500,78.41500,78.30500,78.38500,89.00000
2026-08-06 23:00:00+00:00,78.38500,78.40500,78.34500,78.35500,64.00000
2026-08-06 23:15:00+00:00,78.35500,78.37500,78.28500,78.33500,92.00000
2026-08-06 23:30:00+00:00,78.32500,78.37500,78.32500,78.34500,122.00000
2026-08-06 23:45:00+00:00,78.34500,78.38500,78.23500,78.26500,150.00000
2026-08-07 00:00:00+00:00,78.25500,78.52500,78.23500,78.39500,641.00000
2026-08-07 00:15:00+00:00,78.40500,78.60500,78.38500,78.53500,603.00000
2026-08-07 00:30:00+00:00,78.54500,78.69500,78.46500,78.49500,502.00000
2026-08-07 00:45:00+00:00,78.48500,78.50500,78.14500,78.20500,726.00000
2026-08-07 01:00:00+00:00,78.18500,78.29500,78.02500,78.11500,1470.00000
2026-08-07 01:15:00+00:00,78.10500,78.30500,78.07500,78.13500,796.00000
2026-08-07 01:30:00+00:00,78.12500,78.17500,78.02500,78.07500,771.00000
2026-08-07 01:45:00+00:00,78.09500,78.27500,78.08500,78.20500,613.00000
2026-08-07 02:00:00+00:00,78.21500,78.39500,78.21500,78.29500,736.00000
2026-08-07 02:15:00+00:00,78.29500,78.42500,78.25500,78.39500,352.00000
2026-08-07 02:30:00+00:00,78.38500,78.48500,78.30700,78.36500,625.00000
2026-08-07 02:45:00+00:00,78.35500,78.38500,78.25500,78.28500,537.00000
2026-08-07 03:00:00+00:00,78.29500,78.38500,78.17500,78.36500,410.00000
2026-08-07 03:15:00+00:00,78.35500,78.54500,78.32500,78.34500,633.00000
2026-08-07 03:30:00+00:00,78.33500,78.37500,78.24500,78.28500,331.00000
2026-08-07 03:45:00+00:00,78.29500,78.37500,78.27500,78.32500,244.00000
2026-08-07 04:00:00+00:00,78.32500,78.61500,78.26500,78.54500,625.00000
2026-08-07 04:15:00+00:00,78.55500,78.98500,78.55500,78.98500,1685.00000
2026-08-07 04:30:00+00:00,78.91500,79.02500,78.54500,78.73500,1059.00000
2026-08-07 04:45:00+00:00,78.74500,78.76500,78.51500,78.60500,441.00000
2026-08-07 05:00:00+00:00,78.61500,78.61500,78.49500,78.60500,434.00000
2026-08-07 05:15:00+00:00,78.59500,78.63500,78.52500,78.60500,326.00000
2026-08-07 05:30:00+00:00,78.61500,78.67500,78.43500,78.51500,1072.00000
2026-08-07 05:45:00+00:00,78.52500,78.62500,78.33500,78.33500,902.00000
2026-08-07 06:00:00+00:00,78.34500,78.43500,78.06500,78.10500,938.00000
2026-08-07 06:15:00+00:00,78.11500,78.19500,77.85500,77.86500,892.00000
2026-08-07 06:30:00+00:00,77.87500,78.37500,77.83500,78.34500,1090.00000
2026-08-07 06:45:00+00:00,78.33500,78.39500,78.12500,78.14500,949.00000
2026-08-07 07:00:00+00:00,78.15500,78.31500,77.94500,77.94500,906.00000
2026-08-07 07:15:00+00:00,77.94500,78.11500,77.81500,77.83500,862.00000
2026-08-07 07:30:00+00:00,77.83500,78.12500,77.79500,78.12500,786.00000
2026-08-07 07:45:00+00:00,78.11500,78.22500,77.98500,78.03500,844.00000
2026-08-07 08:00:00+00:00,78.02500,78.08500,77.74500,77.95500,1031.00000
2026-08-07 08:15:00+00:00,77.94500,78.25500,77.93500,78.12500,1343.00000
2026-08-07 08:30:00+00:00,78.13500,78.25500,77.87500,78.12500,1272.00000
2026-08-07 08:45:00+00:00,78.14500,78.31500,77.98500,78.01500,957.00000
2026-08-07 09:00:00+00:00,78.02500,78.11500,77.81500,77.87500,946.00000
2026-08-07 09:15:00+00:00,77.86500,78.04500,77.79500,77.79500,835.00000
2026-08-07 09:30:00+00:00,77.80500,77.82500,77.37500,77.51500,1119.00000
2026-08-07 09:45:00+00:00,77.50500,77.64500,77.37500,77.52500,964.00000
2026-08-07 10:00:00+00:00,77.51500,77.52500,77.19500,77.30500,1131.00000
2026-08-07 10:15:00+00:00,77.31500,77.58500,77.30500,77.38500,1009.00000
2026-08-07 10:30:00+00:00,77.37500,77.38500,77.12500,77.15500,1134.00000
2026-08-07 10:45:00+00:00,77.16500,77.28500,77.07500,77.10500,1047.00000
2026-08-07 11:00:00+00:00,77.11500,77.25500,76.99500,77.24500,848.00000
2026-08-07 11:15:00+00:00,77.25500,77.35500,76.98500,77.04500,851.00000
2026-08-07 11:30:00+00:00,77.06500,77.12500,76.86500,76.98500,848.00000
2026-08-07 11:45:00+00:00,76.99500,77.03500,76.84500,77.02500,715.00000
2026-08-07 12:00:00+00:00,77.02500,77.31500,76.91500,77.30500,809.00000
2026-08-07 12:15:00+00:00,77.31500,77.77500,77.27500,77.62500,1176.00000
2026-08-07 12:30:00+00:00,77.65500,77.65500,76.89500,77.02500,2028.00000
2026-08-07 12:45:00+00:00,77.03500,77.14500,76.86500,77.01500,1245.00000
2026-08-07 13:00:00+00:00,76.97500,77.30500,76.83500,77.04500,2009.00000
2026-08-07 13:15:00+00:00,77.04500,77.40500,76.98500,77.21500,1422.00000
2026-08-07 13:30:00+00:00,77.20500,77.38500,77.12500,77.30500,1500.00000
2026-08-07 13:45:00+00:00,77.30500,77.61500,77.26500,77.60500,1487.00000
2026-08-07 14:00:00+00:00,77.59500,78.24500,77.46500,77.98500,2044.00000
2026-08-07 14:15:00+00:00,77.97500,78.07500,77.63500,77.92500,1542.00000
2026-08-07 14:30:00+00:00,77.93500,78.02500,77.69500,77.76500,1285.00000
2026-08-07 14:45:00+00:00,77.75500,78.38500,77.72500,78.36500,1686.00000
2026-08-07 15:00:00+00:00,78.35500,78.71500,78.24500,78.44500,2045.00000
2026-08-07 15:15:00+00:00,78.45500,78.64500,78.34500,78.43500,2282.00000
2026-08-07 15:30:00+00:00,78.42500,78.61500,78.23500,78.34500,1530.00000
2026-08-07 15:45:00+00:00,78.34500,78.76500,78.22500,78.67500,1236.00000
2026-08-07 16:00:00+00:00,78.68500,78.76500,78.44500,78.56500,1129.00000
2026-08-07 16:15:00+00:00,78.56500,78.77500,78.47500,78.67500,1199.00000
2026-08-07 16:30:00+00:00,78.69500,78.74500,78.42500,78.49500,969.00000
2026-08-07 16:45:00+00:00,78.49500,78.64500,78.43500,78.63500,910.00000
2026-08-07 17:00:00+00:00,78.64500,78.64500,78.25500,78.26500,1168.00000
2026-08-07 17:15:00+00:00,78.27500,78.36500,78.18500,78.27500,983.00000
2026-08-07 17:30:00+00:00,78.27500,78.30500,78.02500,78.23500,1112.00000
2026-08-07 17:45:00+00:00,78.23500,78.41500,78.20500,78.35500,986.00000
2026-08-07 18:00:00+00:00,78.35500,78.61500,78.32500,78.52500,1068.00000
2026-08-07 18:15:00+00:00,78.51500,78.64500,78.21500,78.46500,1877.00000
2026-08-07 18:30:00+00:00,78.46500,78.57500,78.33500,78.52500,701.00000
2026-08-07 18:45:00+00:00,78.51500,78.53500,78.32500,78.37500,378.00000
2026-08-07 19:00:00+00:00,78.39500,78.39500,77.61500,77.66500,1841.00000
2026-08-07 19:15:00+00:00,77.67500,77.75500,77.09500,77.16500,1564.00000
2026-08-07 19:30:00+00:00,77.15500,77.32500,77.10500,77.21500,1186.00000
2026-08-07 19:45:00+00:00,77.21500,77.31500,77.11500,77.30500,881.00000
2026-08-07 20:00:00+00:00,77.29500,77.34500,77.10500,77.32500,706.00000
2026-08-07 20:15:00+00:00,77.31500,77.37500,77.22500,77.30500,519.00000
2026-08-07 20:30:00+00:00,77.30500,77.45500,77.29500,77.44500,480.00000
2026-08-07 20:45:00+00:00,77.43500,77.64500,77.32500,77.35500,844.00000
2026-08-09 22:00:00+00:00,78.76800,79.62800,78.50800,79.22800,1775.00000
2026-08-09 22:15:00+00:00,79.22800,79.29800,78.98800,79.08800,556.00000
2026-08-09 22:30:00+00:00,79.07800,79.11800,78.77800,79.02800,631.00000
2026-08-09 22:45:00+00:00,79.02800,79.09800,78.96800,79.05800,313.00000
2026-08-09 23:00:00+00:00,79.05800,79.06800,78.82800,78.86800,387.00000
2026-08-09 23:15:00+00:00,78.87800,78.97800,78.86800,78.95800,211.00000
2026-08-09 23:30:00+00:00,78.94800,79.13800,78.92800,79.03800,261.00000
2026-08-09 23:45:00+00:00,79.03800,79.09800,78.94800,78.97800,258.00000
2026-08-10 00:00:00+00:00,78.95800,79.04800,78.71800,79.03800,565.00000
2026-08-10 00:15:00+00:00,79.04800,79.10800,78.98800,79.09800,306.00000
2026-08-10 00:30:00+00:00,79.10800,79.16800,78.93800,79.02800,386.00000
2026-08-10 00:45:00+00:00,79.03800,79.14800,78.83800,78.86800,602.00000
2026-08-10 01:00:00+00:00,78.84800,79.24800,78.39800,79.18800,2138.00000
2026-08-10 01:15:00+00:00,79.19800,79.23800,78.99800,79.17800,886.00000
2026-08-10 01:30:00+00:00,79.18800,79.34800,79.16800,79.22800,773.00000
2026-08-10 01:45:00+00:00,79.23800,79.29800,79.01800,79.07800,730.00000
2026-08-10 02:00:00+00:00,79.07800,79.20800,79.06800,79.08800,564.00000
2026-08-10 02:15:00+00:00,79.08800,79.10800,78.86800,78.89800,312.00000
2026-08-10 02:30:00+00:00,78.87800,78.97800,78.80800,78.87800,630.00000
2026-08-10 02:45:00+00:00,78.86800,79.12800,78.84800,79.03800,564.00000
2026-08-10 03:00:00+00:00,79.04800,79.07800,78.78800,78.89800,598.00000
2026-08-10 03:15:00+00:00,78.90800,78.90800,78.75800,78.84800,477.00000
2026-08-10 03:30:00+00:00,78.85800,79.05800,78.84800,78.95800,514.00000
2026-08-10 03:45:00+00:00,78.95800,79.05800,78.95800,78.98800,190.00000
2026-08-10 04:00:00+00:00,79.00800,79.07800,78.94800,79.04800,174.00000
2026-08-10 04:15:00+00:00,79.04800,79.05800,78.88800,78.98800,245.00000
2026-08-10 04:30:00+00:00,78.97800,78.98800,78.77800,78.79800,300.00000
2026-08-10 04:45:00+00:00,78.78800,78.79800,78.53800,78.65800,492.00000
2026-08-10 05:00:00+00:00,78.66800,78.81800,78.62800,78.72800,539.00000
2026-08-10 05:15:00+00:00,78.74800,78.74800,78.58200,78.65800,371.00000
2026-08-10 05:30:00+00:00,78.66800,78.70800,78.56800,78.59800,842.00000
2026-08-10 05:45:00+00:00,78.59800,78.60800,78.00800,78.03800,1101.00000
2026-08-10 06:00:00+00:00,78.03800,78.52800,77.99800,78.41800,1083.00000
2026-08-10 06:15:00+00:00,78.42800,78.44800,78.15800,78.25800,804.00000
2026-08-10 06:30:00+00:00,78.26800,78.28800,78.04800,78.24800,774.00000
2026-08-10 06:45:00+00:00,78.24800,78.40800,78.09800,78.13800,1031.00000
2026-08-10 07:00:00+00:00,78.14800,78.85800,78.08800,78.66800,1681.00000
2026-08-10 07:15:00+00:00,78.65800,78.79800,78.21800,78.25800,1355.00000
2026-08-10 07:30:00+00:00,78.25800,78.56800,78.21800,78.29800,1180.00000
2026-08-10 07:45:00+00:00,78.30800,78.55800,78.02800,78.40800,1498.00000
2026-08-10 08:00:00+00:00,78.41800,78.57800,78.38800,78.50800,1243.00000
2026-08-10 08:15:00+00:00,78.51800,78.82800,78.40800,78.73800,2015.00000
2026-08-10 08:30:00+00:00,78.74800,79.32800,78.59800,79.23800,1497.00000
2026-08-10 08:45:00+00:00,79.23800,79.55800,79.15800,79.34800,1336.00000
2026-08-10 09:00:00+00:00,79.34800,79.35800,79.13800,79.16800,1083.00000
2026-08-10 09:15:00+00:00,79.17800,79.30800,78.87800,78.96800,996.00000
2026-08-10 09:30:00+00:00,78.97800,79.28800,78.91800,79.23800,928.00000
2026-08-10 09:45:00+00:00,79.22800,79.34800,79.13800,79.22800,891.00000
2026-08-10 10:00:00+00:00,79.23800,79.24800,78.94800,79.05800,822.00000
2026-08-10 10:15:00+00:00,79.06800,79.14800,78.66800,79.02800,951.00000
2026-08-10 10:30:00+00:00,79.01800,79.69800,78.97800,79.56800,1376.00000
2026-08-10 10:45:00+00:00,79.56800,79.76800,79.37800,79.66800,1219.00000
2026-08-10 11:00:00+00:00,79.67800,79.79800,79.48800,79.50800,955.00000
2026-08-10 11:15:00+00:00,79.50800,79.56800,79.17200,79.29800,951.00000
2026-08-10 11:30:00+00:00,79.28800,79.73800,79.21800,79.70800,1118.00000
2026-08-10 11:45:00+00:00,79.70800,79.85800,79.61800,79.78800,1269.00000
2026-08-10 12:00:00+00:00,79.77800,79.83800,79.58800,79.76800,1372.00000
2026-08-10 12:15:00+00:00,79.76800,79.79800,79.47800,79.51800,977.00000
2026-08-10 12:30:00+00:00,79.52800,79.98800,79.51800,79.95800,1210.00000
2026-08-10 12:45:00+00:00,79.94800,80.15800,79.76800,79.93800,1375.00000
2026-08-10 13:00:00+00:00,79.94800,79.94800,79.44800,79.68800,2174.00000
2026-08-10 13:15:00+00:00,79.68800,79.89800,79.38800,79.87800,1836.00000
2026-08-10 13:30:00+00:00,79.87800,80.38800,79.82800,80.29800,2195.00000
2026-08-10 13:45:00+00:00,80.31800,81.19800,80.31800,81.06800,2640.00000
2026-08-10 14:00:00+00:00,81.07800,81.10800,80.81800,80.95800,1845.00000
2026-08-10 14:15:00+00:00,80.95800,80.95800,80.50800,80.53800,1823.00000
2026-08-10 14:30:00+00:00,80.54800,80.85800,80.49800,80.83800,1669.00000
2026-08-10 14:45:00+00:00,80.84800,81.10800,80.74800,80.99800,1401.00000
2026-08-10 15:00:00+00:00,80.97800,81.24800,80.86800,81.09800,1991.00000
2026-08-10 15:15:00+00:00,81.10800,81.51800,81.01800,81.38800,2078.00000
2026-08-10 15:30:00+00:00,81.39800,81.55800,81.24800,81.50800,1683.00000
2026-08-10 15:45:00+00:00,81.51800,81.57800,81.24800,81.24800,1389.00000
2026-08-10 16:00:00+00:00,81.25800,81.31800,81.03800,81.25800,1414.00000
2026-08-10 16:15:00+00:00,81.24800,81.43800,81.15800,81.34800,1040.00000
2026-08-10 16:30:00+00:00,81.35800,81.78800,81.27800,81.68800,1722.00000
2026-08-10 16:45:00+00:00,81.67800,81.75800,81.53800,81.63800,1053.00000
2026-08-10 17:00:00+00:00,81.64800,81.86800,81.63800,81.72800,1411.00000
2026-08-10 17:15:00+00:00,81.70800,81.83800,81.64800,81.81800,1120.00000
2026-08-10 17:30:00+00:00,81.81800,82.04800,81.72800,82.02800,1277.00000
2026-08-10 17:45:00+00:00,82.02800,82.16800,81.94200,82.15800,1308.00000
2026-08-10 18:00:00+00:00,82.15800,82.17800,81.97800,82.01800,947.00000
2026-08-10 18:15:00+00:00,82.00800,82.53800,82.00800,82.37800,2240.00000
2026-08-10 18:30:00+00:00,82.39800,82.50800,82.31800,82.34800,881.00000
2026-08-10 18:45:00+00:00,82.34800,82.34800,82.08800,82.09800,665.00000
2026-08-10 19:00:00+00:00,82.10800,82.13800,81.87800,81.96800,913.00000
2026-08-10 19:15:00+00:00,81.97800,82.19800,81.96800,82.18800,643.00000
2026-08-10 19:30:00+00:00,82.18800,82.29800,82.15800,82.24800,579.00000
2026-08-10 19:45:00+00:00,82.24800,82.35800,82.20800,82.35800,392.00000
2026-08-10 20:00:00+00:00,82.35800,82.44800,82.30800,82.40800,534.00000
2026-08-10 20:15:00+00:00,82.41800,82.53800,82.34800,82.49800,334.00000
2026-08-10 20:30:00+00:00,82.48800,82.58800,82.45800,82.56800,378.00000
2026-08-10 20:45:00+00:00,82.56800,82.58800,82.45800,82.51800,420.00000
2026-08-10 22:00:00+00:00,82.28600,82.46600,82.25600,82.37600,223.00000
2026-08-10 22:15:00+00:00,82.38600,82.38600,82.28600,82.33600,166.00000
2026-08-10 22:30:00+00:00,82.32600,82.36600,82.27600,82.32600,155.00000
2026-08-10 22:45:00+00:00,82.33600,82.33600,82.27600,82.31600,68.00000
2026-08-10 23:00:00+00:00,82.31600,82.31600,82.20600,82.21600,151.00000
2026-08-10 23:15:00+00:00,82.21600,82.27600,82.17600,82.26600,102.00000
2026-08-10 23:30:00+00:00,82.25600,82.34600,82.25600,82.28600,131.00000
2026-08-10 23:45:00+00:00,82.28600,82.36600,82.26600,82.29600,171.00000
2026-08-11 00:00:00+00:00,82.29600,82.47600,82.20600,82.36600,573.00000
2026-08-11 00:15:00+00:00,82.36600,82.48600,82.25600,82.37600,560.00000
2026-08-11 00:30:00+00:00,82.38600,82.43600,82.32600,82.35600,299.00000
2026-08-11 00:45:00+00:00,82.36600,82.58600,82.36600,82.39600,608.00000
2026-08-11 01:00:00+00:00,82.40600,82.56600,82.19600,82.44600,1580.00000
2026-08-11 01:15:00+00:00,82.44600,82.50600,82.29600,82.36600,837.00000
2026-08-11 01:30:00+00:00,82.35600,82.69600,82.35600,82.58600,906.00000
2026-08-11 01:45:00+00:00,82.58600,82.69600,82.54600,82.58600,754.00000
2026-08-11 02:00:00+00:00,82.58600,82.58600,82.46600,82.56600,895.00000
2026-08-11 02:15:00+00:00,82.54600,82.63600,82.42600,82.48600,428.00000
2026-08-11 02:30:00+00:00,82.48600,82.48600,82.35600,82.38600,736.00000
2026-08-11 02:45:00+00:00,82.37600,82.62600,82.35600,82.52600,793.00000
2026-08-11 03:00:00+00:00,82.53600,82.59600,82.42600,82.45600,683.00000
2026-08-11 03:15:00+00:00,82.44600,82.58600,82.42600,82.43600,666.00000
2026-08-11 03:30:00+00:00,82.42600,82.42600,82.28600,82.31600,295.00000
2026-08-11 03:45:00+00:00,82.32600,82.37600,82.27600,82.27600,200.00000
2026-08-11 04:00:00+00:00,82.29600,82.29600,82.19600,82.22600,321.00000
2026-08-11 04:15:00+00:00,82.21600,82.25600,82.12600,82.20600,355.00000
2026-08-11 04:30:00+00:00,82.18600,82.45600,82.14600,82.43600,615.00000
2026-08-11 04:45:00+00:00,82.44600,82.51600,82.35600,82.43600,446.00000
2026-08-11 05:00:00+00:00,82.42600,82.58600,82.41600,82.57600,387.00000
2026-08-11 05:15:00+00:00,82.57600,82.73600,82.53600,82.57600,705.00000
2026-08-11 05:30:00+00:00,82.57600,82.73600,82.34600,82.43600,1286.00000
2026-08-11 05:45:00+00:00,82.44600,82.69600,82.43600,82.64600,898.00000
2026-08-11 06:00:00+00:00,82.64600,82.73600,82.49600,82.71600,1113.00000
2026-08-11 06:15:00+00:00,82.70600,83.00600,82.67600,82.99600,1093.00000
2026-08-11 06:30:00+00:00,82.99600,83.85600,82.91600,83.79600,2336.00000
2026-08-11 06:45:00+00:00,83.77600,83.90600,83.62600,83.64600,1959.00000
2026-08-11 07:00:00+00:00,83.65600,83.82600,83.41600,83.79600,1855.00000
2026-08-11 07:15:00+00:00,83.78600,84.15600,83.71600,83.89600,1705.00000
2026-08-11 07:30:00+00:00,83.89600,84.14600,83.83600,83.85600,1460.00000
2026-08-11 07:45:00+00:00,83.85600,84.23600,83.85600,84.16600,1270.00000
2026-08-11 08:00:00+00:00,84.15600,84.45600,83.91600,84.40600,1940.00000
2026-08-11 08:15:00+00:00,84.41600,84.62600,84.35600,84.55600,1895.00000
2026-08-11 08:30:00+00:00,84.56600,84.64600,84.38600,84.39600,1559.00000
2026-08-11 08:45:00+00:00,84.40600,84.71600,84.39600,84.70600,1224.00000
2026-08-11 09:00:00+00:00,84.72600,84.79600,84.51600,84.74600,1351.00000
2026-08-11 09:15:00+00:00,84.74600,84.77600,84.39600,84.40600,1085.00000
2026-08-11 09:30:00+00:00,84.41600,84.63600,84.16600,84.63600,1320.00000
2026-08-11 09:45:00+00:00,84.64600,84.64600,84.28600,84.41600,1195.00000
2026-08-11 10:00:00+00:00,84.38600,84.54600,84.15600,84.22600,1168.00000
2026-08-11 10:15:00+00:00,84.23600,84.34600,83.57600,83.80600,1850.00000
2026-08-11 10:30:00+00:00,83.80600,84.00600,83.74600,83.86600,1343.00000
2026-08-11 10:45:00+00:00,83.85600,83.86600,83.45600,83.66600,1340.00000
2026-08-11 11:00:00+00:00,83.66600,83.68600,81.85600,81.97600,5059.00000
2026-08-11 11:15:00+00:00,81.98600,82.54600,81.93600,82.49600,2515.00000
2026-08-11 11:30:00+00:00,82.48600,82.64600,82.05600,82.22600,1966.00000
2026-08-11 11:45:00+00:00,82.22600,82.49600,82.19600,82.33600,1623.00000
2026-08-11 12:00:00+00:00,82.34600,82.61600,82.02600,82.32600,2111.00000
2026-08-11 12:15:00+00:00,82.33600,82.94600,82.31600,82.65600,2099.00000
2026-08-11 12:30:00+00:00,82.66600,82.70600,82.47600,82.64600,1456.00000
2026-08-11 12:45:00+00:00,82.63600,82.81600,82.53600,82.75600,1646.00000
2026-08-11 13:00:00+00:00,82.74600,82.75600,81.91600,82.05600,2858.00000
2026-08-11 13:15:00+00:00,82.04600,82.17600,81.63600,81.73600,2679.00000
2026-08-11 13:30:00+00:00,81.71600,82.13600,81.69600,81.72600,2475.00000
2026-08-11 13:45:00+00:00,81.71600,81.82600,81.47600,81.81600,2055.00000
2026-08-11 14:00:00+00:00,81.84600,82.31600,81.81600,82.21600,2064.00000
2026-08-11 14:15:00+00:00,82.21600,82.45600,82.16600,82.40600,1830.00000
2026-08-11 14:30:00+00:00,82.41600,82.62600,82.30600,82.52600,1521.00000
2026-08-11 14:45:00+00:00,82.53600,82.88600,82.41600,82.75600,1918.00000
2026-08-11 15:00:00+00:00,82.76600,82.89600,82.46600,82.61600,2088.00000
2026-08-11 15:15:00+00:00,82.64600,82.87600,82.57600,82.78600,2256.00000
2026-08-11 15:30:00+00:00,82.77600,83.51600,82.77600,83.40600,2793.00000
2026-08-11 15:45:00+00:00,83.39600,83.52600,83.28600,83.45600,1546.00000
2026-08-11 16:00:00+00:00,83.44600,83.45600,83.10600,83.30600,1441.00000
2026-08-11 16:15:00+00:00,83.30600,83.31600,82.98600,82.98600,1289.00000
2026-08-11 16:30:00+00:00,82.98600,83.27600,82.98600,83.18600,1277.00000
2026-08-11 16:45:00+00:00,83.18600,83.38600,83.11600,83.32600,1135.00000
2026-08-11 17:00:00+00:00,83.32600,83.43600,83.16600,83.34600,1154.00000
2026-08-11 17:15:00+00:00,83.33600,83.52600,83.17600,83.45600,1198.00000
2026-08-11 17:30:00+00:00,83.44600,83.48600,83.19600,83.33600,1248.00000
2026-08-11 17:45:00+00:00,83.32600,83.50600,83.30600,83.47600,1103.00000
2026-08-11 18:00:00+00:00,83.47600,83.54600,83.19000,83.21600,1255.00000
2026-08-11 18:15:00+00:00,83.22600,83.45600,83.10600,83.36600,1688.00000
2026-08-11 18:30:00+00:00,83.35600,83.47600,83.19600,83.34600,964.00000
2026-08-11 18:45:00+00:00,83.34600,83.42600,83.30600,83.35600,451.00000
2026-08-11 19:00:00+00:00,83.34600,83.48600,83.32600,83.45600,471.00000
2026-08-11 19:15:00+00:00,83.45600,83.64600,83.44600,83.64600,511.00000
2026-08-11 19:30:00+00:00,83.65600,83.79600,83.51600,83.54600,624.00000
2026-08-11 19:45:00+00:00,83.53600,83.70600,83.53600,83.60600,636.00000
2026-08-11 20:00:00+00:00,83.63600,83.71600,83.49000,83.68600,713.00000
2026-08-11 20:15:00+00:00,83.68600,83.68600,83.53600,83.55600,385.00000
2026-08-11 20:30:00+00:00,83.56600,83.67600,83.53600,83.65600,475.00000
2026-08-11 20:45:00+00:00,83.64600,83.68600,83.39600,83.41600,581.00000
2026-08-11 22:00:00+00:00,83.59400,83.71400,83.51400,83.68400,409.00000
2026-08-11 22:15:00+00:00,83.68400,83.75400,83.65400,83.68400,192.00000
2026-08-11 22:30:00+00:00,83.67400,83.71400,83.64400,83.68400,99.00000
2026-08-11 22:45:00+00:00,83.69400,83.72400,83.60400,83.66400,100.00000
2026-08-11 23:00:00+00:00,83.65400,83.71400,83.64400,83.68400,101.00000
2026-08-11 23:15:00+00:00,83.68400,83.68400,83.62400,83.66400,81.00000
2026-08-11 23:30:00+00:00,83.64400,83.67400,83.62400,83.66400,54.00000
2026-08-11 23:45:00+00:00,83.67400,83.67400,83.58400,83.59400,108.00000
2026-08-12 00:00:00+00:00,83.59400,83.89400,83.54400,83.76400,836.00000
2026-08-12 00:15:00+00:00,83.74400,83.95400,83.73400,83.88400,613.00000
2026-08-12 00:30:00+00:00,83.89400,83.96400,83.83400,83.92400,506.00000
2026-08-12 00:45:00+00:00,83.93400,84.09400,83.92400,83.96400,524.00000
2026-08-12 01:00:00+00:00,83.98400,84.17400,83.90400,83.98400,1449.00000
2026-08-12 01:15:00+00:00,83.97400,84.18400,83.97400,84.07400,748.00000
2026-08-12 01:30:00+00:00,84.07400,84.15400,83.98400,84.00400,742.00000
2026-08-12 01:45:00+00:00,83.99400,83.99400,83.86400,83.93400,628.00000
2026-08-12 02:00:00+00:00,83.95400,84.07400,83.93400,83.96400,645.00000
2026-08-12 02:15:00+00:00,83.96400,84.02400,83.95400,83.98400,269.00000
2026-08-12 02:30:00+00:00,83.99400,84.19400,83.94400,84.16400,671.00000
2026-08-12 02:45:00+00:00,84.17400,84.31400,84.12400,84.22400,684.00000
2026-08-12 03:00:00+00:00,84.22400,84.32400,84.19400,84.25400,552.00000
2026-08-12 03:15:00+00:00,84.26400,84.35400,84.12400,84.18400,570.00000
2026-08-12 03:30:00+00:00,84.18400,84.33400,84.07400,84.32400,486.00000
2026-08-12 03:45:00+00:00,84.33400,84.49400,84.28400,84.46400,549.00000
2026-08-12 04:00:00+00:00,84.45400,84.50400,84.20400,84.22400,644.00000
2026-08-12 04:15:00+00:00,84.22400,84.29400,84.14400,84.16400,501.00000
2026-08-12 04:30:00+00:00,84.17400,84.22400,83.94400,83.95400,524.00000
2026-08-12 04:45:00+00:00,83.95400,84.00400,83.83400,83.87400,361.00000
2026-08-12 05:00:00+00:00,83.88400,84.08400,83.86400,84.04400,559.00000
2026-08-12 05:15:00+00:00,84.03400,84.08400,83.89400,83.94400,369.00000
2026-08-12 05:30:00+00:00,83.94400,83.94400,83.68400,83.85400,1074.00000
2026-08-12 05:45:00+00:00,83.86400,84.25400,83.79400,84.20400,1087.00000
2026-08-12 06:00:00+00:00,84.21400,84.22400,84.02400,84.09400,1023.00000
2026-08-12 06:15:00+00:00,84.10400,84.14400,83.90400,84.07400,960.00000
2026-08-12 06:30:00+00:00,84.06400,84.11400,83.62400,83.94400,1335.00000
2026-08-12 06:45:00+00:00,83.96400,83.97400,83.59600,83.90400,1256.00000
2026-08-12 07:00:00+00:00,83.89400,84.20400,83.84800,84.15400,1209.00000
2026-08-12 07:15:00+00:00,84.14400,84.18400,83.90400,84.02400,945.00000
2026-08-12 07:30:00+00:00,84.03400,84.13400,83.93400,84.02400,940.00000
2026-08-12 07:45:00+00:00,84.03400,84.26400,83.93400,84.00400,1284.00000
2026-08-12 08:00:00+00:00,83.98400,84.07400,83.79600,83.83400,1658.00000
2026-08-12 08:15:00+00:00,83.83400,83.97400,83.51400,83.62400,1935.00000
2026-08-12 08:30:00+00:00,83.61400,83.93400,83.58400,83.73400,1547.00000
2026-08-12 08:45:00+00:00,83.73400,83.78400,83.39400,83.74400,1279.00000
2026-08-12 09:00:00+00:00,83.75400,83.76400,83.49400,83.54400,1221.00000
2026-08-12 09:15:00+00:00,83.55400,83.56400,82.84400,82.91400,2422.00000
2026-08-12 09:30:00+00:00,82.89400,83.09400,82.73400,82.91400,1843.00000
2026-08-12 09:45:00+00:00,82.92400,83.39400,82.63400,83.16400,2087.00000
2026-08-12 10:00:00+00:00,83.17400,83.29400,83.07400,83.16400,1343.00000
2026-08-12 10:15:00+00:00,83.17400,83.33400,82.99400,83.31400,1212.00000
2026-08-12 10:30:00+00:00,83.32400,83.40400,83.19400,83.25400,1027.00000
2026-08-12 10:45:00+00:00,83.25400,83.87400,83.14400,83.56400,2412.00000
2026-08-12 11:00:00+00:00,83.55400,83.78400,83.43400,83.57400,1428.00000
2026-08-12 11:15:00+00:00,83.58400,83.72400,83.46400,83.58400,952.00000
2026-08-12 11:30:00+00:00,83.59400,83.59400,83.33400,83.55400,1012.00000
2026-08-12 11:45:00+00:00,83.58400,83.92400,83.55400,83.91400,1191.00000
2026-08-12 12:00:00+00:00,83.91400,83.97400,83.68400,83.90400,1178.00000
2026-08-12 12:15:00+00:00,83.91400,83.96400,83.79400,83.92400,1300.00000
2026-08-12 12:30:00+00:00,83.91400,84.04400,83.58400,83.60400,2086.00000
2026-08-12 12:45:00+00:00,83.60400,83.63400,83.16400,83.16400,1532.00000
2026-08-12 13:00:00+00:00,83.16400,83.23400,82.89400,83.06400,2508.00000
2026-08-12 13:15:00+00:00,83.07400,83.20400,82.79400,83.04400,2039.00000
2026-08-12 13:30:00+00:00,83.06400,83.23400,82.82400,82.95400,1951.00000
2026-08-12 13:45:00+00:00,82.94400,83.05400,82.71400,82.85400,1832.00000
2026-08-12 14:00:00+00:00,82.86400,83.05400,82.64400,83.04400,1928.00000
2026-08-12 14:15:00+00:00,83.05400,83.15400,82.79400,83.13400,1529.00000
2026-08-12 14:30:00+00:00,83.14400,83.19400,82.58400,82.90400,3324.00000
2026-08-12 14:45:00+00:00,82.90400,83.28400,82.81400,83.15400,2166.00000
2026-08-12 15:00:00+00:00,83.17400,83.41400,83.06400,83.34400,2071.00000
2026-08-12 15:15:00+00:00,83.35400,83.48400,83.17400,83.30400,2073.00000
2026-08-12 15:30:00+00:00,83.37400,83.48400,83.26400,83.43400,1561.00000
2026-08-12 15:45:00+00:00,83.42400,83.63400,83.42400,83.49400,1332.00000
2026-08-12 16:00:00+00:00,83.48400,83.51400,83.18400,83.18400,1476.00000
2026-08-12 16:15:00+00:00,83.17400,83.43400,83.12400,83.29400,1229.00000
2026-08-12 16:30:00+00:00,83.30400,83.41400,83.14400,83.25400,978.00000
2026-08-12 16:45:00+00:00,83.24400,83.28400,83.04400,83.05400,924.00000
2026-08-12 17:00:00+00:00,83.05400,83.20400,82.95400,83.17400,1088.00000
2026-08-12 17:15:00+00:00,83.16400,83.53400,82.98400,83.17400,1655.00000
2026-08-12 17:30:00+00:00,83.17400,83.37400,83.07400,83.23400,1377.00000
2026-08-12 17:45:00+00:00,83.24400,83.38400,83.08400,83.29400,1127.00000
2026-08-12 18:00:00+00:00,83.30400,83.33400,82.98400,83.05400,1187.00000
2026-08-12 18:15:00+00:00,83.04400,83.57400,83.04400,83.54400,1758.00000
2026-08-12 18:30:00+00:00,83.53400,83.56400,83.39400,83.41400,802.00000
2026-08-12 18:45:00+00:00,83.40400,83.42400,83.30400,83.36400,420.00000
2026-08-12 19:00:00+00:00,83.36400,83.38400,83.22400,83.28400,424.00000
2026-08-12 19:15:00+00:00,83.28400,83.30400,83.19400,83.24400,323.00000
2026-08-12 19:30:00+00:00,83.23400,83.23400,83.03400,83.14400,436.00000
2026-08-12 19:45:00+00:00,83.15400,83.19400,83.10400,83.17400,418.00000
2026-08-12 20:00:00+00:00,83.17400,83.18400,82.96400,83.05400,321.00000
2026-08-12 20:15:00+00:00,83.06400,83.06400,82.99400,83.04400,160.00000
2026-08-12 20:30:00+00:00,83.03400,83.04400,82.71400,82.79400,521.00000
2026-08-12 20:45:00+00:00,82.80400,82.82400,82.67400,82.77400,529.00000
2026-08-12 22:00:00+00:00,82.82100,82.98100,82.74100,82.89100,303.00000
2026-08-12 22:15:00+00:00,82.89100,82.92100,82.85100,82.86100,83.00000
2026-08-12 22:30:00+00:00,82.87100,82.88100,82.79100,82.83100,69.00000
2026-08-12 22:45:00+00:00,82.83100,82.84100,82.80100,82.84100,57.00000
2026-08-12 23:00:00+00:00,82.85100,82.87100,82.84100,82.86100,55.00000
2026-08-12 23:15:00+00:00,82.87100,82.91100,82.85100,82.90100,71.00000
2026-08-12 23:30:00+00:00,82.91100,82.93100,82.85100,82.86100,89.00000
2026-08-12 23:45:00+00:00,82.87100,82.87100,82.77100,82.80100,109.00000
2026-08-13 00:00:00+00:00,82.79100,82.79100,82.40100,82.59100,579.00000
2026-08-13 00:15:00+00:00,82.60100,82.66100,82.43100,82.49100,510.00000
2026-08-13 00:30:00+00:00,82.50100,82.52100,82.41100,82.41100,454.00000
2026-08-13 00:45:00+00:00,82.41100,82.47100,82.21100,82.23100,433.00000
2026-08-13 01:00:00+00:00,82.24100,82.38100,82.06100,82.31100,1565.00000
2026-08-13 01:15:00+00:00,82.31100,82.47100,82.26100,82.47100,857.00000
2026-08-13 01:30:00+00:00,82.48100,82.56100,82.38100,82.41100,765.00000
2026-08-13 01:45:00+00:00,82.41100,82.47100,82.29100,82.40100,788.00000
2026-08-13 02:00:00+00:00,82.39100,82.47100,82.26100,82.26100,798.00000
2026-08-13 02:15:00+00:00,82.26100,82.32100,82.23100,82.31100,286.00000
2026-08-13 02:30:00+00:00,82.32100,82.38100,82.25100,82.33100,750.00000
2026-08-13 02:45:00+00:00,82.34100,82.45100,82.30100,82.40100,503.00000
2026-08-13 03:00:00+00:00,82.41100,82.43100,82.17100,82.21100,841.00000
2026-08-13 03:15:00+00:00,82.21100,82.58100,82.21100,82.57100,677.00000
2026-08-13 03:30:00+00:00,82.56100,82.75100,82.55100,82.58100,612.00000
2026-08-13 03:45:00+00:00,82.58100,82.82100,82.55100,82.75100,378.00000
2026-08-13 04:00:00+00:00,82.75100,83.01100,82.75100,83.01100,425.00000
2026-08-13 04:15:00+00:00,83.01100,83.12100,83.01100,83.11100,377.00000
2026-08-13 04:30:00+00:00,83.11100,83.16100,83.01100,83.08100,356.00000
2026-08-13 04:45:00+00:00,83.07100,83.15100,83.02100,83.14100,308.00000
2026-08-13 05:00:00+00:00,83.16100,83.30100,83.14100,83.17100,345.00000
2026-08-13 05:15:00+00:00,83.16100,83.24100,83.06100,83.14100,440.00000
2026-08-13 05:30:00+00:00,83.13100,83.36100,83.03100,83.07100,1352.00000
2026-08-13 05:45:00+00:00,83.08100,83.37100,83.07100,83.26100,946.00000
2026-08-13 06:00:00+00:00,83.25100,83.33100,83.13100,83.19100,814.00000
2026-08-13 06:15:00+00:00,83.18100,83.28100,83.09100,83.20100,683.00000
2026-08-13 06:30:00+00:00,83.20100,83.45100,83.09100,83.10100,972.00000
2026-08-13 06:45:00+00:00,83.11100,83.22100,82.85100,82.89100,991.00000
2026-08-13 07:00:00+00:00,82.89100,83.09100,82.84100,83.08100,1000.00000
2026-08-13 07:15:00+00:00,83.07100,83.26100,82.71100,82.74100,1165.00000
2026-08-13 07:30:00+00:00,82.73100,82.74100,81.95100,82.01100,1617.00000
2026-08-13 07:45:00+00:00,82.00100,82.39100,82.00100,82.35100,1237.00000
2026-08-13 08:00:00+00:00,82.35100,82.60100,82.17100,82.28100,1600.00000
2026-08-13 08:15:00+00:00,82.29100,82.40100,81.97100,82.23100,2048.00000
2026-08-13 08:30:00+00:00,82.24100,82.29100,81.78100,82.00100,1601.00000
2026-08-13 08:45:00+00:00,81.99100,82.04100,81.85100,81.95100,951.00000
2026-08-13 09:00:00+00:00,81.95100,81.97100,81.39100,81.43100,1539.00000
2026-08-13 09:15:00+00:00,81.48100,81.97100,81.48100,81.88100,1357.00000
2026-08-13 09:30:00+00:00,81.87100,82.03100,81.71100,81.95100,1052.00000
2026-08-13 09:45:00+00:00,81.94100,82.01100,81.78100,82.01100,1042.00000
2026-08-13 10:00:00+00:00,82.02100,82.31100,82.00100,82.25100,1042.00000
2026-08-13 10:15:00+00:00,82.23100,82.27100,81.64100,81.64100,1078.00000
2026-08-13 10:30:00+00:00,81.64100,81.76100,81.51100,81.62100,1194.00000
2026-08-13 10:45:00+00:00,81.63100,81.74100,81.51100,81.60100,874.00000
2026-08-13 11:00:00+00:00,81.61100,81.70100,81.41100,81.56100,828.00000
2026-08-13 11:15:00+00:00,81.55100,81.80100,81.51100,81.72100,964.00000
2026-08-13 11:30:00+00:00,81.72100,81.86100,81.56100,81.75100,783.00000
2026-08-13 11:45:00+00:00,81.76100,81.79100,81.61100,81.75100,740.00000
2026-08-13 12:00:00+00:00,81.75100,81.78100,81.23100,81.67100,1599.00000
2026-08-13 12:15:00+00:00,81.68100,81.78100,81.56100,81.65100,1038.00000
2026-08-13 12:30:00+00:00,81.64100,81.72100,81.27100,81.42100,1685.00000
2026-08-13 12:45:00+00:00,81.41100,81.48100,81.33100,81.36100,1095.00000
2026-08-13 13:00:00+00:00,81.36100,81.49100,80.94100,81.05100,2535.00000
2026-08-13 13:15:00+00:00,81.04100,81.23100,81.00100,81.18100,1638.00000
2026-08-13 13:30:00+00:00,81.19100,81.50100,80.99100,81.42100,2039.00000
2026-08-13 13:45:00+00:00,81.40100,81.40100,80.65100,80.80100,2169.00000
2026-08-13 14:00:00+00:00,80.78100,80.79100,80.24100,80.44100,2487.00000
2026-08-13 14:15:00+00:00,80.44100,80.96100,80.41100,80.96100,1967.00000
2026-08-13 14:30:00+00:00,80.96100,81.17100,80.90100,81.10100,1810.00000
2026-08-13 14:45:00+00:00,81.09100,81.42100,81.05100,81.38100,1606.00000
2026-08-13 15:00:00+00:00,81.37100,82.21100,81.36100,82.20100,2312.00000
2026-08-13 15:15:00+00:00,82.19100,82.88100,82.15100,82.76100,3403.00000
2026-08-13 15:30:00+00:00,82.78100,82.78100,82.19100,82.50100,2401.00000
2026-08-13 15:45:00+00:00,82.50100,82.83100,82.47100,82.71100,1621.00000
2026-08-13 16:00:00+00:00,82.70100,82.81100,82.56100,82.67100,1314.00000
2026-08-13 16:15:00+00:00,82.66100,82.74100,82.38100,82.44100,1211.00000
2026-08-13 16:30:00+00:00,82.45100,82.47100,82.03500,82.08100,1332.00000
2026-08-13 16:45:00+00:00,82.08100,82.20100,81.97100,82.09100,1235.00000
2026-08-13 17:00:00+00:00,82.11100,82.29100,82.01100,82.22100,1124.00000
2026-08-13 17:15:00+00:00,82.23100,82.25100,81.97100,82.01100,896.00000
2026-08-13 17:30:00+00:00,82.00100,82.21100,81.96100,82.20100,939.00000
2026-08-13 17:45:00+00:00,82.19100,82.21100,81.94100,81.96100,1100.00000
2026-08-13 18:00:00+00:00,81.94100,81.94100,81.21100,81.35100,1800.00000
2026-08-13 18:15:00+00:00,81.37100,81.73100,81.22100,81.32100,2191.00000
2026-08-13 18:30:00+00:00,81.30100,81.34100,81.00100,81.15100,1260.00000
2026-08-13 18:45:00+00:00,81.16100,81.35100,81.07100,81.29100,573.00000
2026-08-13 19:00:00+00:00,81.30100,81.37100,81.19100,81.37100,613.00000
2026-08-13 19:15:00+00:00,81.36100,81.46100,81.30100,81.36100,459.00000
2026-08-13 19:30:00+00:00,81.36100,81.43100,81.35100,81.42100,296.00000
2026-08-13 19:45:00+00:00,81.42100,81.48100,81.27100,81.42100,557.00000
2026-08-13 20:00:00+00:00,81.42100,81.42100,81.22100,81.29100,442.00000
2026-08-13 20:15:00+00:00,81.29100,81.44100,81.28100,81.41100,284.00000
2026-08-13 20:30:00+00:00,81.41100,81.44100,81.23100,81.35100,446.00000
2026-08-13 20:45:00+00:00,81.34100,81.37100,81.23100,81.32100,382.00000
2026-08-13 22:00:00+00:00,81.34900,81.35900,81.14900,81.19900,219.00000
2026-08-13 22:15:00+00:00,81.18900,81.23900,81.15900,81.19900,94.00000
2026-08-13 22:30:00+00:00,81.18900,81.21900,81.17900,81.19900,50.00000
2026-08-13 22:45:00+00:00,81.18900,81.23900,81.17900,81.19900,63.00000
2026-08-13 23:00:00+00:00,81.19900,81.28900,81.17900,81.26900,92.00000
2026-08-13 23:15:00+00:00,81.26900,81.35900,81.26900,81.34900,81.00000
2026-08-13 23:30:00+00:00,81.33900,81.45900,81.31900,81.43900,154.00000
2026-08-13 23:45:00+00:00,81.44900,81.48900,81.40900,81.44900,171.00000
2026-08-14 00:00:00+00:00,81.44900,81.54900,81.39900,81.46900,556.00000
2026-08-14 00:15:00+00:00,81.47900,81.49900,81.29900,81.32900,408.00000
2026-08-14 00:30:00+00:00,81.33900,81.38900,81.25900,81.26900,272.00000
2026-08-14 00:45:00+00:00,81.27900,81.30900,81.16900,81.16900,419.00000
2026-08-14 01:00:00+00:00,81.17900,81.46900,81.11900,81.30900,1492.00000
2026-08-14 01:15:00+00:00,81.31900,81.51900,81.22900,81.42900,819.00000
2026-08-14 01:30:00+00:00,81.43900,81.43900,81.02900,81.09900,938.00000
2026-08-14 01:45:00+00:00,81.09900,81.13900,80.94900,81.04900,684.00000
2026-08-14 02:00:00+00:00,81.03900,81.06900,80.86900,81.03900,821.00000
2026-08-14 02:15:00+00:00,81.02900,81.08900,80.90900,80.95900,287.00000
2026-08-14 02:30:00+00:00,80.95900,81.40900,80.93900,81.36900,1014.00000
2026-08-14 02:45:00+00:00,81.37900,81.51900,81.35900,81.48900,747.00000
2026-08-14 03:00:00+00:00,81.47900,81.48900,81.32900,81.41900,524.00000
2026-08-14 03:15:00+00:00,81.42900,81.44900,81.32900,81.42900,453.00000
2026-08-14 03:30:00+00:00,81.42900,81.59900,81.42900,81.46900,473.00000
2026-08-14 03:45:00+00:00,81.47900,81.51900,81.41900,81.45900,229.00000
2026-08-14 04:00:00+00:00,81.46900,81.57900,81.44900,81.46900,306.00000
2026-08-14 04:15:00+00:00,81.47900,81.47900,81.32900,81.41900,341.00000
2026-08-14 04:30:00+00:00,81.41900,81.49900,81.39900,81.45900,293.00000
2026-08-14 04:45:00+00:00,81.44900,81.53900,81.41900,81.49900,256.00000
2026-08-14 05:00:00+00:00,81.50900,81.54900,81.39900,81.42900,420.00000
2026-08-14 05:15:00+00:00,81.41900,81.53900,81.39900,81.53900,371.00000
2026-08-14 05:30:00+00:00,81.52900,81.85900,81.52900,81.73900,1126.00000
2026-08-14 05:45:00+00:00,81.73900,82.10900,81.67900,82.09900,997.00000
2026-08-14 06:00:00+00:00,82.10900,82.21900,81.92900,81.98900,1136.00000
2026-08-14 06:15:00+00:00,81.98900,82.36900,81.98900,82.32900,959.00000
2026-08-14 06:30:00+00:00,82.31900,82.39900,82.11900,82.25900,876.00000
2026-08-14 06:45:00+00:00,82.24900,82.33900,82.18900,82.28900,1062.00000
2026-08-14 07:00:00+00:00,82.30900,83.11900,82.27900,83.08900,1155.00000
2026-08-14 07:15:00+00:00,83.07900,83.10900,82.76900,82.85900,1009.00000
2026-08-14 07:30:00+00:00,82.86900,82.96900,82.80300,82.92900,772.00000
2026-08-14 07:45:00+00:00,82.93900,83.03900,82.78900,82.99900,885.00000
2026-08-14 08:00:00+00:00,82.98900,83.08900,82.79900,82.95900,1386.00000
2026-08-14 08:15:00+00:00,82.97900,83.01900,82.58900,82.64900,1861.00000
2026-08-14 08:30:00+00:00,82.65900,82.83900,82.34900,82.67900,1538.00000
2026-08-14 08:45:00+00:00,82.68900,82.73900,82.55900,82.66900,935.00000
2026-08-14 09:00:00+00:00,82.67900,82.72900,82.42900,82.44900,1044.00000
2026-08-14 09:15:00+00:00,82.45900,82.51900,82.20900,82.27900,1000.00000
2026-08-14 09:30:00+00:00,82.26900,82.56900,82.13900,82.39900,1070.00000
2026-08-14 09:45:00+00:00,82.39900,82.47900,82.14900,82.21900,1073.00000
2026-08-14 10:00:00+00:00,82.20900,82.21900,81.89900,81.95900,1055.00000
2026-08-14 10:15:00+00:00,81.95900,82.05900,81.83900,81.94900,817.00000
2026-08-14 10:30:00+00:00,81.95900,82.01900,81.79900,81.84900,746.00000
2026-08-14 10:45:00+00:00,81.85900,81.89900,81.54900,81.63900,1048.00000
2026-08-14 11:00:00+00:00,81.64900,81.97900,81.61900,81.81900,1055.00000
2026-08-14 11:15:00+00:00,81.81900,81.90900,81.67300,81.80900,844.00000
2026-08-14 11:30:00+00:00,81.80900,81.83900,81.53600,81.62900,794.00000
2026-08-14 11:45:00+00:00,81.61900,81.76900,81.55900,81.68900,918.00000
2026-08-14 12:00:00+00:00,81.67900,82.28900,81.63900,82.01900,1379.00000
2026-08-14 12:15:00+00:00,82.01900,82.17900,81.88900,81.89900,1093.00000
2026-08-14 12:30:00+00:00,81.90900,81.92900,81.43900,81.45900,1522.00000
2026-08-14 12:45:00+00:00,81.48900,81.48900,81.24900,81.26900,1265.00000
2026-08-14 13:00:00+00:00,81.25900,81.57900,81.21900,81.51900,1889.00000
2026-08-14 13:15:00+00:00,81.51900,81.63900,81.18900,81.40900,1632.00000
2026-08-14 13:30:00+00:00,81.40900,81.40900,80.89900,81.00900,2116.00000
2026-08-14 13:45:00+00:00,81.00900,81.31900,80.94900,81.27900,1615.00000
2026-08-14 14:00:00+00:00,81.28900,81.63900,81.25900,81.32900,1981.00000
2026-08-14 14:15:00+00:00,81.29900,81.65900,81.26900,81.48900,1733.00000
2026-08-14 14:30:00+00:00,81.49900,81.89900,81.48900,81.81900,1643.00000
2026-08-14 14:45:00+00:00,81.81900,81.97900,81.46900,81.83900,1782.00000
2026-08-14 15:00:00+00:00,81.83900,81.96900,81.66900,81.79900,1566.00000
2026-08-14 15:15:00+00:00,81.80900,81.99900,81.45900,81.83900,2151.00000
2026-08-14 15:30:00+00:00,81.85900,82.02900,81.63900,81.70900,1504.00000
2026-08-14 15:45:00+00:00,81.69900,81.89900,81.67900,81.77900,1049.00000
2026-08-14 16:00:00+00:00,81.77900,81.94900,81.64900,81.82900,1052.00000
2026-08-14 16:15:00+00:00,81.82900,82.10900,81.80900,82.04900,895.00000
2026-08-14 16:30:00+00:00,82.05900,82.11900,81.89900,82.10900,735.00000
2026-08-14 16:45:00+00:00,82.11900,82.13900,81.96900,82.03900,979.00000
2026-08-14 17:00:00+00:00,82.03900,82.39900,81.96900,82.32900,1320.00000
2026-08-14 17:15:00+00:00,82.33900,82.39900,82.17900,82.29900,1019.00000
2026-08-14 17:30:00+00:00,82.29900,82.41900,82.25900,82.40900,791.00000
2026-08-14 17:45:00+00:00,82.41900,82.51900,82.34900,82.40900,910.00000
2026-08-14 18:00:00+00:00,82.40900,82.42900,82.21900,82.36900,946.00000
2026-08-14 18:15:00+00:00,82.36900,82.56900,82.35900,82.51900,1308.00000
2026-08-14 18:30:00+00:00,82.52900,82.78900,82.52900,82.63900,871.00000
2026-08-14 18:45:00+00:00,82.62900,82.66900,82.43900,82.52900,505.00000
2026-08-14 19:00:00+00:00,82.52900,82.54900,82.42900,82.46900,423.00000
2026-08-14 19:15:00+00:00,82.45900,82.53900,82.30900,82.43900,584.00000
2026-08-14 19:30:00+00:00,82.43900,82.47900,82.37900,82.43900,409.00000
2026-08-14 19:45:00+00:00,82.44900,82.53900,82.33900,82.49900,553.00000
2026-08-14 20:00:00+00:00,82.50900,82.64900,82.37900,82.55900,628.00000
2026-08-14 20:15:00+00:00,82.54900,82.55900,82.36900,82.37900,484.00000
2026-08-14 20:30:00+00:00,82.36900,82.54900,82.34900,82.47900,581.00000
2026-08-14 20:45:00+00:00,82.48900,82.55900,82.46900,82.52900,438.00000
2026-08-16 22:00:00+00:00,82.53200,82.78200,82.53200,82.66200,790.00000
2026-08-16 22:15:00+00:00,82.64200,82.67200,82.54200,82.56200,246.00000
2026-08-16 22:30:00+00:00,82.57200,82.57200,82.34200,82.37200,219.00000
2026-08-16 22:45:00+00:00,82.36200,82.47200,82.36200,82.44200,186.00000
2026-08-16 23:00:00+00:00,82.44200,82.51200,82.38200,82.44200,125.00000
2026-08-16 23:15:00+00:00,82.45200,82.53200,82.45200,82.51200,139.00000
2026-08-16 23:30:00+00:00,82.52200,82.54200,82.43200,82.45200,128.00000
2026-08-16 23:45:00+00:00,82.45200,82.45200,82.34200,82.38200,141.00000
2026-08-17 00:00:00+00:00,82.38200,82.39200,82.14200,82.15200,583.00000
2026-08-17 00:15:00+00:00,82.15200,82.22200,82.10200,82.22200,344.00000
2026-08-17 00:30:00+00:00,82.23200,82.34200,82.16200,82.20200,323.00000
2026-08-17 00:45:00+00:00,82.20200,82.25200,81.91200,81.94200,412.00000
2026-08-17 01:00:00+00:00,81.93200,82.43200,81.77200,82.20200,2037.00000
2026-08-17 01:15:00+00:00,82.21200,82.46200,82.13200,82.45200,1234.00000
2026-08-17 01:30:00+00:00,82.44200,82.86200,82.43200,82.83200,1411.00000
2026-08-17 01:45:00+00:00,82.84200,82.97200,82.49200,82.64200,1185.00000
2026-08-17 02:00:00+00:00,82.62200,83.09200,82.61200,83.00200,1270.00000
2026-08-17 02:15:00+00:00,82.99200,83.01200,82.86200,82.90200,424.00000
2026-08-17 02:30:00+00:00,82.88200,83.00200,82.52200,82.61200,1375.00000
2026-08-17 02:45:00+00:00,82.61200,82.73200,82.32200,82.47200,1053.00000
2026-08-17 03:00:00+00:00,82.48200,82.49200,82.33200,82.39200,833.00000
2026-08-17 03:15:00+00:00,82.38200,82.52200,82.33200,82.46200,767.00000
2026-08-17 03:30:00+00:00,82.45200,82.64200,82.45200,82.59200,613.00000
2026-08-17 03:45:00+00:00,82.58200,82.60200,82.20200,82.21200,487.00000
2026-08-17 04:00:00+00:00,82.22200,82.25200,82.01200,82.13200,703.00000
2026-08-17 04:15:00+00:00,82.14200,82.39200,82.11200,82.37200,501.00000
2026-08-17 04:30:00+00:00,82.36200,82.45200,82.23200,82.25200,650.00000
2026-08-17 04:45:00+00:00,82.26200,82.31200,82.18200,82.19200,547.00000
2026-08-17 05:00:00+00:00,82.20200,82.26200,82.12200,82.25200,393.00000
2026-08-17 05:15:00+00:00,82.25200,82.26200,82.10200,82.18200,340.00000
2026-08-17 05:30:00+00:00,82.17200,82.24200,81.96400,82.15200,1430.00000
2026-08-17 05:45:00+00:00,82.15200,82.19200,81.84200,81.89200,1247.00000
2026-08-17 06:00:00+00:00,81.90200,82.04200,81.68200,81.92200,1322.00000
2026-08-17 06:15:00+00:00,81.91200,81.98200,81.75200,81.84200,1179.00000
2026-08-17 06:30:00+00:00,81.84200,81.91200,81.76200,81.86200,952.00000
2026-08-17 06:45:00+00:00,81.85200,81.92200,81.75200,81.91200,1103.00000
2026-08-17 07:00:00+00:00,81.89200,82.01200,81.75200,81.83200,1313.00000
2026-08-17 07:15:00+00:00,81.81200,81.88200,81.58200,81.85200,1118.00000
2026-08-17 07:30:00+00:00,81.85200,82.10200,81.65200,81.80200,1472.00000
2026-08-17 07:45:00+00:00,81.82200,82.26200,81.79200,82.00200,1373.00000
2026-08-17 08:00:00+00:00,82.00200,82.32200,81.88200,82.21200,1584.00000
2026-08-17 08:15:00+00:00,82.20200,82.39200,82.09200,82.16200,1737.00000
2026-08-17 08:30:00+00:00,82.18200,82.38200,82.07200,82.26200,1381.00000
2026-08-17 08:45:00+00:00,82.26200,82.44200,82.10200,82.43200,1360.00000
2026-08-17 09:00:00+00:00,82.45200,82.84200,82.40200,82.66200,1426.00000
2026-08-17 09:15:00+00:00,82.66200,82.67200,82.39200,82.60200,1053.00000
2026-08-17 09:30:00+00:00,82.61200,83.00200,82.53200,82.82200,1345.00000
2026-08-17 09:45:00+00:00,82.82200,83.21200,82.68200,83.02200,1397.00000
2026-08-17 10:00:00+00:00,83.02200,83.28200,82.95200,83.19200,1287.00000
2026-08-17 10:15:00+00:00,83.19200,83.22200,82.05200,82.16200,1488.00000
2026-08-17 10:30:00+00:00,82.17200,83.04200,81.93200,82.92200,3027.00000
2026-08-17 10:45:00+00:00,82.95200,83.03200,82.57200,82.90200,1532.00000
2026-08-17 11:00:00+00:00,82.90200,82.97200,82.56200,82.82200,1680.00000
2026-08-17 11:15:00+00:00,82.82200,82.83200,82.61200,82.69200,1160.00000
2026-08-17 11:30:00+00:00,82.68200,82.70200,82.46200,82.54200,1082.00000
2026-08-17 11:45:00+00:00,82.55200,82.66200,82.38200,82.42200,1011.00000
2026-08-17 12:00:00+00:00,82.42200,82.58200,82.33200,82.33200,1157.00000
2026-08-17 12:15:00+00:00,82.33200,83.18200,82.26200,82.86200,2265.00000
2026-08-17 12:30:00+00:00,82.85200,83.15200,82.63200,83.00200,2255.00000
2026-08-17 12:45:00+00:00,83.00200,83.18200,82.98200,83.05200,1502.00000
2026-08-17 13:00:00+00:00,83.03200,83.18200,82.64200,82.71200,2169.00000
2026-08-17 13:15:00+00:00,82.69200,83.06200,82.51200,82.83200,1868.00000
2026-08-17 13:30:00+00:00,82.82200,82.94200,82.69200,82.81200,2072.00000
2026-08-17 13:45:00+00:00,82.81200,82.85200,82.61200,82.68200,1689.00000
2026-08-17 14:00:00+00:00,82.67200,82.76200,82.42200,82.52200,1780.00000
2026-08-17 14:15:00+00:00,82.51200,82.60200,82.25200,82.44200,1648.00000
2026-08-17 14:30:00+00:00,82.44200,82.65200,82.37200,82.45200,1893.00000
2026-08-17 14:45:00+00:00,82.44200,82.50200,82.15200,82.22200,1863.00000
2026-08-17 15:00:00+00:00,82.24200,82.52200,82.23200,82.43200,1929.00000
2026-08-17 15:15:00+00:00,82.44200,82.88200,82.42200,82.64200,2016.00000
2026-08-17 15:30:00+00:00,82.65200,82.84200,82.51200,82.72200,1847.00000
2026-08-17 15:45:00+00:00,82.71200,82.94200,82.66200,82.88200,1392.00000
2026-08-17 16:00:00+00:00,82.88200,82.96200,82.41200,82.41200,1451.00000
2026-08-17 16:15:00+00:00,82.42200,82.64200,82.39200,82.62200,1063.00000
2026-08-17 16:30:00+00:00,82.63200,82.86200,82.62200,82.82200,1248.00000
2026-08-17 16:45:00+00:00,82.83200,82.92200,82.80200,82.90200,949.00000
2026-08-17 17:00:00+00:00,82.90200,83.53200,82.86200,83.48200,1851.00000
2026-08-17 17:15:00+00:00,83.49200,84.05200,83.48200,83.95200,2200.00000
2026-08-17 17:30:00+00:00,83.97200,84.49200,83.91200,84.18200,2290.00000
2026-08-17 17:45:00+00:00,84.18200,84.92200,84.11200,84.83200,2018.00000
2026-08-17 18:00:00+00:00,84.84200,84.92200,84.56200,84.68200,2195.00000
2026-08-17 18:15:00+00:00,84.69200,84.86200,84.49200,84.51200,2248.00000
2026-08-17 18:30:00+00:00,84.52200,84.56200,84.19200,84.25200,1259.00000
2026-08-17 18:45:00+00:00,84.25200,84.38200,84.21200,84.31200,762.00000
2026-08-17 19:00:00+00:00,84.32200,84.53200,84.28200,84.38200,782.00000
2026-08-17 19:15:00+00:00,84.37200,84.50200,84.37200,84.44200,602.00000
2026-08-17 19:30:00+00:00,84.44200,84.49200,84.34200,84.44200,432.00000
2026-08-17 19:45:00+00:00,84.45200,84.74200,84.43200,84.69200,691.00000
2026-08-17 20:00:00+00:00,84.69200,84.81200,84.57200,84.73200,700.00000
2026-08-17 20:15:00+00:00,84.73200,84.91200,84.70200,84.90200,655.00000
2026-08-17 20:30:00+00:00,84.91200,85.09200,84.87200,84.99200,610.00000
2026-08-17 20:45:00+00:00,85.00200,85.04200,84.94200,85.00200,715.00000
2026-08-17 22:00:00+00:00,85.02200,85.36200,84.90200,85.30200,476.00000
2026-08-17 22:15:00+00:00,85.30200,85.34200,85.10200,85.12200,243.00000
2026-08-17 22:30:00+00:00,85.13200,85.19200,85.07200,85.15200,160.00000
2026-08-17 22:45:00+00:00,85.16200,85.17200,85.03200,85.04200,90.00000
2026-08-17 23:00:00+00:00,85.04200,85.11200,85.02200,85.08200,142.00000
2026-08-17 23:15:00+00:00,85.08200,85.12200,85.04200,85.10200,101.00000
2026-08-17 23:30:00+00:00,85.08200,85.09200,84.96200,84.98200,142.00000
2026-08-17 23:45:00+00:00,84.98200,84.98200,84.89200,84.94200,179.00000
2026-08-18 00:00:00+00:00,84.93200,85.03200,84.89200,84.96200,514.00000
2026-08-18 00:15:00+00:00,84.95200,85.04200,84.89200,84.93200,397.00000
2026-08-18 00:30:00+00:00,84.94200,84.99200,84.85200,84.88200,333.00000
2026-08-18 00:45:00+00:00,84.88200,84.99200,84.79200,84.79200,466.00000
2026-08-18 01:00:00+00:00,84.80200,85.08200,84.67200,84.78200,1536.00000
2026-08-18 01:15:00+00:00,84.78200,84.98200,84.75200,84.92200,827.00000
2026-08-18 01:30:00+00:00,84.90200,85.18200,84.80200,85.00200,966.00000
2026-08-18 01:45:00+00:00,85.01200,85.10200,84.89200,84.96200,662.00000
2026-08-18 02:00:00+00:00,84.97200,85.12200,84.96200,85.02200,687.00000
2026-08-18 02:15:00+00:00,85.03200,85.03200,84.93200,85.00200,291.00000
2026-08-18 02:30:00+00:00,85.02200,85.15200,84.94200,85.10200,638.00000
2026-08-18 02:45:00+00:00,85.11200,85.18200,85.00200,85.08200,586.00000
2026-08-18 03:00:00+00:00,85.09200,85.27200,85.03200,85.19200,607.00000
2026-08-18 03:15:00+00:00,85.18200,85.21200,85.08200,85.10200,509.00000
2026-08-18 03:30:00+00:00,85.10200,85.25200,85.06200,85.14200,510.00000
2026-08-18 03:45:00+00:00,85.15200,85.34200,85.11200,85.33200,350.00000
2026-08-18 04:00:00+00:00,85.34200,85.43200,85.27200,85.30200,438.00000
2026-08-18 04:15:00+00:00,85.31200,85.33200,85.19200,85.27200,369.00000
2026-08-18 04:30:00+00:00,85.28200,85.30200,85.20200,85.20200,271.00000
2026-08-18 04:45:00+00:00,85.20200,85.24200,85.17200,85.20200,145.00000
2026-08-18 05:00:00+00:00,85.21200,85.34200,85.20200,85.28200,269.00000
2026-08-18 05:15:00+00:00,85.29200,85.42200,85.24200,85.32200,479.00000
2026-08-18 05:30:00+00:00,85.32200,85.42200,85.10200,85.19200,909.00000
2026-08-18 05:45:00+00:00,85.19200,85.22200,85.04200,85.17200,641.00000
2026-08-18 06:00:00+00:00,85.18200,85.57200,85.18200,85.45200,1092.00000
2026-08-18 06:15:00+00:00,85.46200,85.59200,85.36600,85.51200,751.00000
2026-08-18 06:30:00+00:00,85.51200,85.72200,85.50200,85.59200,806.00000
2026-08-18 06:45:00+00:00,85.58200,85.60200,85.25200,85.26200,911.00000
2026-08-18 07:00:00+00:00,85.27200,85.40200,84.97200,85.07200,1119.00000
2026-08-18 07:15:00+00:00,85.07200,85.09200,84.86200,84.90200,842.00000
2026-08-18 07:30:00+00:00,84.89200,85.16200,84.87200,85.15200,843.00000
2026-08-18 07:45:00+00:00,85.15200,85.32200,85.07200,85.24200,877.00000
2026-08-18 08:00:00+00:00,85.21200,85.51200,85.14200,85.23200,1019.00000
2026-08-18 08:15:00+00:00,85.24200,85.44200,85.15200,85.22200,1416.00000
2026-08-18 08:30:00+00:00,85.22200,85.30200,84.87200,84.93200,1227.00000
2026-08-18 08:45:00+00:00,84.93200,85.23200,84.93200,84.98200,835.00000
2026-08-18 09:00:00+00:00,84.99200,85.09200,84.91200,85.01200,748.00000
2026-08-18 09:15:00+00:00,85.00200,85.14200,84.93200,85.07200,684.00000
2026-08-18 09:30:00+00:00,85.05200,85.13200,84.86200,84.95200,824.00000
2026-08-18 09:45:00+00:00,84.95200,85.16200,84.82200,84.91200,831.00000
2026-08-18 10:00:00+00:00,84.91200,85.16200,84.84200,85.06200,797.00000
2026-08-18 10:15:00+00:00,85.07200,85.27200,85.04200,85.08200,918.00000
2026-08-18 10:30:00+00:00,85.09200,85.13200,84.75200,84.78200,1016.00000
2026-08-18 10:45:00+00:00,84.79200,84.94200,84.74200,84.85200,803.00000
2026-08-18 11:00:00+00:00,84.86200,84.89200,84.74200,84.87200,756.00000
2026-08-18 11:15:00+00:00,84.87200,85.01200,84.82200,84.90200,661.00000
2026-08-18 11:30:00+00:00,84.91200,85.00200,84.84200,84.88200,630.00000
2026-08-18 11:45:00+00:00,84.89200,85.10200,84.87200,85.02200,664.00000
2026-08-18 12:00:00+00:00,85.02200,85.31200,84.86200,85.23200,1247.00000
2026-08-18 12:15:00+00:00,85.24200,85.33200,85.11200,85.14200,932.00000
2026-08-18 12:30:00+00:00,85.13200,85.30200,85.02200,85.23200,802.00000
2026-08-18 12:45:00+00:00,85.23200,85.30200,85.14200,85.25200,852.00000
2026-08-18 13:00:00+00:00,85.24200,85.44200,85.18200,85.20200,1534.00000
2026-08-18 13:15:00+00:00,85.21200,85.71200,85.21200,85.60200,1536.00000
2026-08-18 13:30:00+00:00,85.60200,85.91200,85.09200,85.19200,2363.00000
2026-08-18 13:45:00+00:00,85.18200,85.50200,84.93200,85.43200,1649.00000
2026-08-18 14:00:00+00:00,85.44200,85.48200,84.95200,84.99200,1830.00000
2026-08-18 14:15:00+00:00,84.98200,85.04200,84.79200,84.83200,1399.00000
2026-08-18 14:30:00+00:00,84.81200,84.99200,84.65200,84.89200,1493.00000
2026-08-18 14:45:00+00:00,84.88200,85.41200,84.75200,85.38200,2448.00000
2026-08-18 15:00:00+00:00,85.38200,85.42200,84.94200,85.10200,2049.00000
2026-08-18 15:15:00+00:00,85.12200,85.69200,85.11200,85.67200,1984.00000
2026-08-18 15:30:00+00:00,85.68200,85.88200,85.54200,85.74200,1750.00000
2026-08-18 15:45:00+00:00,85.75200,85.78200,85.46200,85.60200,1546.00000
2026-08-18 16:00:00+00:00,85.59200,85.60200,85.22200,85.29200,1203.00000
2026-08-18 16:15:00+00:00,85.29200,85.40200,85.08200,85.32200,1069.00000
2026-08-18 16:30:00+00:00,85.34200,85.48200,85.19200,85.24200,1122.00000
2026-08-18 16:45:00+00:00,85.25200,85.27200,84.97200,85.08200,797.00000
2026-08-18 17:00:00+00:00,85.09200,85.16200,85.01200,85.15200,853.00000
2026-08-18 17:15:00+00:00,85.17200,85.23200,84.93200,85.07200,1089.00000
2026-08-18 17:30:00+00:00,85.05200,85.17200,84.99200,85.08200,846.00000
2026-08-18 17:45:00+00:00,85.07200,85.08200,84.91200,84.92200,807.00000
2026-08-18 18:00:00+00:00,84.92200,85.05200,84.81200,84.84200,955.00000
2026-08-18 18:15:00+00:00,84.84200,85.08200,84.77600,84.87200,1411.00000
2026-08-18 18:30:00+00:00,84.86200,85.00200,84.79200,84.98200,726.00000
2026-08-18 18:45:00+00:00,84.98200,85.02200,84.92200,84.96200,482.00000
2026-08-18 19:00:00+00:00,84.95200,85.08200,84.94200,85.01200,431.00000
2026-08-18 19:15:00+00:00,85.01200,85.01200,84.91200,84.96200,413.00000
2026-08-18 19:30:00+00:00,84.96200,84.96200,84.88200,84.92200,277.00000
2026-08-18 19:45:00+00:00,84.92200,85.04200,84.92200,84.96200,397.00000
2026-08-18 20:00:00+00:00,84.95200,85.10200,84.92200,85.09200,319.00000
2026-08-18 20:15:00+00:00,85.09200,85.13200,85.08200,85.09200,236.00000
2026-08-18 20:30:00+00:00,85.06200,85.31200,85.06200,85.30200,592.00000
2026-08-18 20:45:00+00:00,85.29200,85.38200,85.23200,85.28200,402.00000
2026-08-18 22:00:00+00:00,85.28900,85.40900,85.27900,85.37900,250.00000
2026-08-18 22:15:00+00:00,85.38900,85.38900,85.25900,85.29900,155.00000
2026-08-18 22:30:00+00:00,85.30900,85.37900,85.25900,85.32900,91.00000
2026-08-18 22:45:00+00:00,85.32900,85.33900,85.27900,85.29900,75.00000
2026-08-18 23:00:00+00:00,85.28900,85.36900,85.28900,85.32900,123.00000
2026-08-18 23:15:00+00:00,85.32900,85.35900,85.31900,85.32900,39.00000
2026-08-18 23:30:00+00:00,85.31900,85.39900,85.31900,85.34900,129.00000
2026-08-18 23:45:00+00:00,85.35900,85.38900,85.33900,85.35900,172.00000
2026-08-19 00:00:00+00:00,85.34900,85.35900,85.21900,85.34900,675.00000
2026-08-19 00:15:00+00:00,85.34900,85.71900,85.33900,85.66900,543.00000
2026-08-19 00:30:00+00:00,85.66900,85.79900,85.45900,85.57900,836.00000
2026-08-19 00:45:00+00:00,85.58900,85.64900,85.48900,85.59900,652.00000
2026-08-19 01:00:00+00:00,85.60900,85.80900,85.56900,85.70900,1524.00000
2026-08-19 01:15:00+00:00,85.72900,85.88900,85.59900,85.76900,1393.00000
2026-08-19 01:30:00+00:00,85.75900,85.83900,85.61900,85.75900,1117.00000
2026-08-19 01:45:00+00:00,85.76900,85.98900,85.73900,85.86900,923.00000
2026-08-19 02:00:00+00:00,85.86900,85.93900,85.70900,85.78900,970.00000
2026-08-19 02:15:00+00:00,85.79900,85.86900,85.68900,85.68900,540.00000
2026-08-19 02:30:00+00:00,85.67900,85.79900,85.50900,85.59900,939.00000
2026-08-19 02:45:00+00:00,85.58900,85.69900,85.50900,85.58900,795.00000
2026-08-19 03:00:00+00:00,85.58900,85.75900,85.57900,85.67900,736.00000
2026-08-19 03:15:00+00:00,85.66900,85.69900,85.56900,85.63900,603.00000
2026-08-19 03:30:00+00:00,85.64900,85.64900,85.44900,85.48900,475.00000
2026-08-19 03:45:00+00:00,85.49900,85.58900,85.46900,85.53900,296.00000
2026-08-19 04:00:00+00:00,85.54900,85.71900,85.54900,85.63900,342.00000
2026-08-19 04:15:00+00:00,85.63900,85.65900,85.49900,85.54900,306.00000
2026-08-19 04:30:00+00:00,85.55900,85.57900,85.49900,85.52900,296.00000
2026-08-19 04:45:00+00:00,85.51900,85.54900,85.37900,85.44900,327.00000
2026-08-19 05:00:00+00:00,85.45900,85.52900,85.39900,85.42900,379.00000
2026-08-19 05:15:00+00:00,85.42900,85.53900,85.37900,85.45900,399.00000
2026-08-19 05:30:00+00:00,85.41900,85.59900,85.37900,85.57900,931.00000
2026-08-19 05:45:00+00:00,85.58900,85.63900,85.49900,85.62900,733.00000
2026-08-19 06:00:00+00:00,85.63900,85.86900,85.57900,85.62900,1123.00000
2026-08-19 06:15:00+00:00,85.61900,85.62900,85.38900,85.41900,1023.00000
2026-08-19 06:30:00+00:00,85.42900,85.58900,85.28900,85.45900,1126.00000
2026-08-19 06:45:00+00:00,85.45900,85.54900,85.36900,85.39900,1018.00000
2026-08-19 07:00:00+00:00,85.40900,85.68900,85.40900,85.59900,1158.00000
2026-08-19 07:15:00+00:00,85.60900,85.82900,85.27900,85.31900,1153.00000
2026-08-19 07:30:00+00:00,85.32900,85.40900,85.14900,85.22900,1270.00000
2026-08-19 07:45:00+00:00,85.24900,85.58900,85.20900,85.55900,1057.00000
2026-08-19 08:00:00+00:00,85.53900,85.58900,85.37900,85.48900,1308.00000
2026-08-19 08:15:00+00:00,85.45900,85.53900,85.10900,85.10900,1699.00000
2026-08-19 08:30:00+00:00,85.11900,85.32900,85.11900,85.22900,1200.00000
2026-08-19 08:45:00+00:00,85.23900,85.88900,85.22900,85.82900,1282.00000
2026-08-19 09:00:00+00:00,85.81900,86.26900,85.66900,86.10900,1842.00000
2026-08-19 09:15:00+00:00,86.11900,86.19900,85.70900,85.75900,1247.00000
2026-08-19 09:30:00+00:00,85.75900,85.88900,85.51900,85.85900,1185.00000
2026-08-19 09:45:00+00:00,85.86900,85.92900,85.57900,85.85900,1172.00000
2026-08-19 10:00:00+00:00,85.86900,85.91900,85.71900,85.90900,1066.00000
2026-08-19 10:15:00+00:00,85.89900,86.00900,85.74900,85.98900,1076.00000
2026-08-19 10:30:00+00:00,85.98900,86.10900,85.85900,85.85900,864.00000
2026-08-19 10:45:00+00:00,85.85900,85.86900,85.71900,85.76900,784.00000
2026-08-19 11:00:00+00:00,85.74900,85.85900,85.63900,85.68900,839.00000
2026-08-19 11:15:00+00:00,85.67900,85.72900,85.46900,85.53900,858.00000
2026-08-19 11:30:00+00:00,85.54900,85.83900,85.51900,85.71900,805.00000
2026-08-19 11:45:00+00:00,85.72900,85.74900,85.40900,85.51900,814.00000
2026-08-19 12:00:00+00:00,85.52900,85.57900,85.35900,85.47900,1073.00000
2026-08-19 12:15:00+00:00,85.48900,85.54900,85.12900,85.24900,1236.00000
2026-08-19 12:30:00+00:00,85.25900,85.32900,84.29900,84.81900,2701.00000
2026-08-19 12:45:00+00:00,84.80900,84.94900,84.49900,84.81900,1823.00000
2026-08-19 13:00:00+00:00,84.83900,85.33900,84.79900,85.10900,2165.00000
2026-08-19 13:15:00+00:00,85.10900,85.40900,85.00900,85.27900,1569.00000
2026-08-19 13:30:00+00:00,85.26900,85.44900,85.09900,85.28900,1761.00000
2026-08-19 13:45:00+00:00,85.29900,85.54900,85.27900,85.38900,1403.00000
2026-08-19 14:00:00+00:00,85.39900,85.66900,85.24900,85.56900,1888.00000
2026-08-19 14:15:00+00:00,85.56900,85.69900,85.48900,85.67900,1511.00000
2026-08-19 14:30:00+00:00,85.67900,85.86900,85.40900,85.62900,2397.00000
2026-08-19 14:45:00+00:00,85.62900,85.97900,85.59900,85.73900,1895.00000
2026-08-19 15:00:00+00:00,85.73900,86.17900,85.69900,86.00900,1910.00000
2026-08-19 15:15:00+00:00,86.01900,86.33900,86.00900,86.15900,1913.00000
2026-08-19 15:30:00+00:00,86.16900,86.25900,86.04900,86.06900,1676.00000
2026-08-19 15:45:00+00:00,86.07900,86.18900,85.87900,86.07900,1498.00000
2026-08-19 16:00:00+00:00,86.08900,86.38900,86.07900,86.35900,1316.00000
2026-08-19 16:15:00+00:00,86.34900,86.41900,86.10900,86.16900,1000.00000
2026-08-19 16:30:00+00:00,86.16900,86.40900,86.09900,86.27900,1133.00000
2026-08-19 16:45:00+00:00,86.28900,86.48900,86.21900,86.43900,1219.00000
2026-08-19 17:00:00+00:00,86.43900,86.67900,86.37900,86.45900,1264.00000
2026-08-19 17:15:00+00:00,86.45900,86.52900,86.16900,86.20900,1021.00000
2026-08-19 17:30:00+00:00,86.20900,86.25900,85.73300,85.88900,1217.00000
2026-08-19 17:45:00+00:00,85.88900,86.00900,85.82900,85.97900,948.00000
2026-08-19 18:00:00+00:00,85.98900,86.12900,85.62900,85.70900,1374.00000
2026-08-19 18:15:00+00:00,85.69900,85.69900,85.09900,85.11900,1819.00000
2026-08-19 18:30:00+00:00,85.12900,85.25900,85.00900,85.01900,1114.00000
2026-08-19 18:45:00+00:00,85.02900,85.24900,84.99900,85.19900,686.00000
2026-08-19 19:00:00+00:00,85.19900,85.22900,85.07900,85.17900,612.00000
2026-08-19 19:15:00+00:00,85.18900,85.23900,84.78900,84.85900,1187.00000
2026-08-19 19:30:00+00:00,84.84900,84.94900,84.79900,84.82900,750.00000
2026-08-19 19:45:00+00:00,84.83900,85.13900,84.82900,85.10900,648.00000
2026-08-19 20:00:00+00:00,85.11900,85.14900,85.01900,85.03900,480.00000
2026-08-19 20:15:00+00:00,85.03900,85.17900,85.02900,85.14900,565.00000
2026-08-19 20:30:00+00:00,85.14900,85.21900,85.06900,85.18900,493.00000
2026-08-19 20:45:00+00:00,85.19900,85.31900,85.07900,85.21900,676.00000
2026-08-19 22:00:00+00:00,85.24700,85.48700,85.18700,85.24700,477.00000
2026-08-19 22:15:00+00:00,85.24700,85.24700,85.12700,85.19700,132.00000
2026-08-19 22:30:00+00:00,85.19700,85.19700,85.07700,85.12700,129.00000
2026-08-19 22:45:00+00:00,85.13700,85.37700,85.07700,85.31700,211.00000
2026-08-19 23:00:00+00:00,85.31700,85.48700,85.23700,85.36700,285.00000
2026-08-19 23:15:00+00:00,85.36700,85.41700,85.31700,85.35700,156.00000
2026-08-19 23:30:00+00:00,85.35700,85.37700,85.10700,85.13700,232.00000
2026-08-19 23:45:00+00:00,85.14700,85.20700,85.10700,85.12700,172.00000
2026-08-20 00:00:00+00:00,85.11700,85.41700,85.07700,85.35700,681.00000
2026-08-20 00:15:00+00:00,85.36700,85.39700,85.24700,85.39700,383.00000
2026-08-20 00:30:00+00:00,85.38700,85.42700,85.31700,85.38700,322.00000
2026-08-20 00:45:00+00:00,85.38700,85.48700,85.37700,85.43700,317.00000
2026-08-20 01:00:00+00:00,85.44700,85.72700,85.39700,85.68700,1121.00000
2026-08-20 01:15:00+00:00,85.69700,85.74700,85.40700,85.42700,1109.00000
2026-08-20 01:30:00+00:00,85.43700,85.60700,85.28700,85.52700,983.00000
2026-08-20 01:45:00+00:00,85.51700,85.65700,85.44700,85.60700,917.00000
2026-08-20 02:00:00+00:00,85.60700,85.64700,85.42700,85.46700,693.00000
2026-08-20 02:15:00+00:00,85.47700,85.51700,85.36700,85.42700,343.00000
2026-08-20 02:30:00+00:00,85.42700,85.42700,85.15700,85.26700,1191.00000
2026-08-20 02:45:00+00:00,85.27700,85.49700,85.10700,85.27700,1123.00000
2026-08-20 03:00:00+00:00,85.27700,85.34700,85.20700,85.25700,792.00000
2026-08-20 03:15:00+00:00,85.25700,85.29700,85.15700,85.18700,709.00000
2026-08-20 03:30:00+00:00,85.19700,85.36700,85.17700,85.34700,489.00000
2026-08-20 03:45:00+00:00,85.36700,85.44700,85.29700,85.29700,331.00000
2026-08-20 04:00:00+00:00,85.30700,85.43700,85.26700,85.40700,273.00000
2026-08-20 04:15:00+00:00,85.40700,85.45700,85.37700,85.44700,172.00000
2026-08-20 04:30:00+00:00,85.44700,85.49700,85.35700,85.40700,227.00000
2026-08-20 04:45:00+00:00,85.39700,85.40700,85.18700,85.30700,366.00000
2026-08-20 05:00:00+00:00,85.30700,85.31700,85.23700,85.23700,240.00000
2026-08-20 05:15:00+00:00,85.23700,85.32700,85.15700,85.18700,352.00000
2026-08-20 05:30:00+00:00,85.18700,85.35700,85.16700,85.35700,711.00000
2026-08-20 05:45:00+00:00,85.36700,85.51700,85.35700,85.37700,757.00000
2026-08-20 06:00:00+00:00,85.37700,85.42700,85.25700,85.33700,930.00000
2026-08-20 06:15:00+00:00,85.34700,85.51700,85.30700,85.51700,696.00000
2026-08-20 06:30:00+00:00,85.51700,85.64700,85.43700,85.58700,785.00000
2026-08-20 06:45:00+00:00,85.57700,85.74700,85.57700,85.73700,756.00000
2026-08-20 07:00:00+00:00,85.74700,86.03700,85.73700,86.03700,1129.00000
2026-08-20 07:15:00+00:00,86.02700,86.42700,85.94700,86.41700,1055.00000
2026-08-20 07:30:00+00:00,86.42700,86.69700,86.33700,86.54700,1550.00000
2026-08-20 07:45:00+00:00,86.55700,86.61700,86.42700,86.45700,1099.00000
2026-08-20 08:00:00+00:00,86.46700,86.46700,86.07700,86.37700,1404.00000
2026-08-20 08:15:00+00:00,86.35700,87.05700,86.35700,86.94700,1820.00000
2026-08-20 08:30:00+00:00,86.93700,87.20700,86.92700,87.15700,1714.00000
2026-08-20 08:45:00+00:00,87.15700,87.28700,87.09700,87.19700,1188.00000
2026-08-20 09:00:00+00:00,87.19700,87.41700,87.10700,87.37700,1252.00000
2026-08-20 09:15:00+00:00,87.38700,87.41700,87.22700,87.39700,1227.00000
2026-08-20 09:30:00+00:00,87.39700,87.42700,87.11700,87.11700,1055.00000
2026-08-20 09:45:00+00:00,87.12700,87.64700,87.10700,87.60700,1050.00000
2026-08-20 10:00:00+00:00,87.61700,87.66700,87.28700,87.47700,1082.00000
2026-08-20 10:15:00+00:00,87.48700,87.55700,87.37900,87.41700,763.00000
2026-08-20 10:30:00+00:00,87.42700,87.58700,87.33700,87.48700,795.00000
2026-08-20 10:45:00+00:00,87.48700,87.61700,87.45700,87.57700,767.00000
2026-08-20 11:00:00+00:00,87.56700,87.77700,87.51700,87.69700,862.00000
2026-08-20 11:15:00+00:00,87.70700,87.90700,87.69700,87.87700,828.00000
2026-08-20 11:30:00+00:00,87.88700,88.06700,87.87700,87.93700,809.00000
2026-08-20 11:45:00+00:00,87.92700,88.07700,87.81700,88.06700,862.00000
2026-08-20 12:00:00+00:00,88.05700,88.31700,88.01700,88.27700,1139.00000
2026-08-20 12:15:00+00:00,88.27700,88.51700,88.26700,88.40700,1076.00000
2026-08-20 12:30:00+00:00,88.40700,88.42700,87.81700,87.95700,1198.00000
2026-08-20 12:45:00+00:00,87.94700,87.97700,87.50700,87.51700,1581.00000
2026-08-20 13:00:00+00:00,87.51700,87.71700,87.31700,87.43700,2096.00000
2026-08-20 13:15:00+00:00,87.42700,87.57700,87.16700,87.50700,1675.00000
2026-08-20 13:30:00+00:00,87.48700,87.81700,87.39700,87.45700,1939.00000
2026-08-20 13:45:00+00:00,87.45700,87.47700,87.06700,87.32700,1843.00000
2026-08-20 14:00:00+00:00,87.33700,87.58700,87.20700,87.31700,1772.00000
2026-08-20 14:15:00+00:00,87.30700,87.31700,86.51700,86.71700,2116.00000
2026-08-20 14:30:00+00:00,86.72700,87.06700,86.70700,86.94700,1852.00000
2026-08-20 14:45:00+00:00,86.96700,87.06700,86.77700,86.85700,1578.00000
2026-08-20 15:00:00+00:00,86.86700,87.22700,86.60700,87.09700,2700.00000
2026-08-20 15:15:00+00:00,87.10700,87.41700,87.10700,87.34700,1945.00000
2026-08-20 15:30:00+00:00,87.38700,87.67700,87.22700,87.61700,1432.00000
2026-08-20 15:45:00+00:00,87.61700,87.65700,87.31700,87.33700,1157.00000
2026-08-20 16:00:00+00:00,87.33700,87.56700,87.16700,87.43700,1199.00000
2026-08-20 16:15:00+00:00,87.43700,87.51700,87.27700,87.28700,864.00000
2026-08-20 16:30:00+00:00,87.29700,87.48700,87.15700,87.17700,976.00000
2026-08-20 16:45:00+00:00,87.17700,87.22700,86.87700,86.92700,921.00000
2026-08-20 17:00:00+00:00,86.92700,87.21700,86.70700,87.14700,1248.00000
2026-08-20 17:15:00+00:00,87.14700,87.33700,87.07700,87.31700,914.00000
2026-08-20 17:30:00+00:00,87.30700,87.54700,87.30700,87.45700,855.00000
2026-08-20 17:45:00+00:00,87.45700,87.56700,87.32700,87.35700,834.00000
2026-08-20 18:00:00+00:00,87.37700,87.39700,87.20700,87.30700,1168.00000
2026-08-20 18:15:00+00:00,87.29700,87.80700,87.19700,87.77700,1653.00000
2026-08-20 18:30:00+00:00,87.75700,87.80700,87.57700,87.73700,1002.00000
2026-08-20 18:45:00+00:00,87.72700,87.79700,87.65700,87.68700,440.00000
2026-08-20 19:00:00+00:00,87.67700,87.69700,87.50700,87.56700,437.00000
2026-08-20 19:15:00+00:00,87.56700,87.61700,87.47700,87.52700,401.00000
2026-08-20 19:30:00+00:00,87.53700,87.53700,87.38700,87.44700,336.00000
2026-08-20 19:45:00+00:00,87.45700,87.49700,87.40700,87.43700,372.00000
2026-08-20 20:00:00+00:00,87.42700,87.48700,87.34700,87.36700,341.00000
2026-08-20 20:15:00+00:00,87.36700,87.48700,87.29700,87.39700,300.00000
2026-08-20 20:30:00+00:00,87.40700,87.40700,87.27700,87.30700,166.00000
2026-08-20 20:45:00+00:00,87.30700,87.31700,87.03700,87.06700,353.00000
2026-08-20 22:00:00+00:00,87.11100,87.23100,87.05100,87.13100,265.00000
2026-08-20 22:15:00+00:00,87.14100,87.14100,87.05100,87.07100,79.00000
2026-08-20 22:30:00+00:00,87.08100,87.14100,87.06100,87.09100,83.00000
2026-08-20 22:45:00+00:00,87.10100,87.12100,87.08100,87.10100,77.00000
2026-08-20 23:00:00+00:00,87.10100,87.13100,87.06100,87.11100,108.00000
2026-08-20 23:15:00+00:00,87.11100,87.13100,87.07100,87.12100,67.00000
2026-08-20 23:30:00+00:00,87.11100,87.12100,87.08100,87.10100,58.00000
2026-08-20 23:45:00+00:00,87.10100,87.11100,87.01100,87.01100,94.00000
2026-08-21 00:00:00+00:00,87.01100,87.08100,86.91100,87.08100,478.00000
2026-08-21 00:15:00+00:00,87.07100,87.07100,86.87100,86.98100,385.00000
2026-08-21 00:30:00+00:00,86.98100,87.13100,86.97100,87.09100,308.00000
2026-08-21 00:45:00+00:00,87.09100,87.25100,87.09100,87.18100,356.00000
2026-08-21 01:00:00+00:00,87.19100,87.42100,87.07100,87.42100,1274.00000
2026-08-21 01:15:00+00:00,87.42100,87.49100,87.31100,87.41100,1089.00000
2026-08-21 01:30:00+00:00,87.41100,87.65100,87.33100,87.64100,750.00000
2026-08-21 01:45:00+00:00,87.65100,87.74100,87.44100,87.53100,772.00000
2026-08-21 02:00:00+00:00,87.52100,87.60100,87.47100,87.56100,810.00000
2026-08-21 02:15:00+00:00,87.57100,87.59100,87.44100,87.56100,346.00000
2026-08-21 02:30:00+00:00,87.55100,87.57100,87.38100,87.39100,720.00000
2026-08-21 02:45:00+00:00,87.39100,87.49100,87.28100,87.31100,570.00000
2026-08-21 03:00:00+00:00,87.32100,87.34100,87.21100,87.23100,537.00000
2026-08-21 03:15:00+00:00,87.22100,87.32100,87.15100,87.17100,476.00000
2026-08-21 03:30:00+00:00,87.18100,87.35100,87.16100,87.34100,223.00000
2026-08-21 03:45:00+00:00,87.34100,87.41100,87.27100,87.27100,230.00000
2026-08-21 04:00:00+00:00,87.27100,87.31100,87.17100,87.27100,185.00000
2026-08-21 04:15:00+00:00,87.26100,87.32100,87.23100,87.31100,152.00000
2026-08-21 04:30:00+00:00,87.30100,87.33100,87.25100,87.25100,149.00000
2026-08-21 04:45:00+00:00,87.24100,87.26100,87.04100,87.04100,186.00000
2026-08-21 05:00:00+00:00,87.05100,87.06100,86.93100,87.02100,287.00000
2026-08-21 05:15:00+00:00,87.03100,87.26100,87.03100,87.25100,278.00000
2026-08-21 05:30:00+00:00,87.26100,87.30100,87.11100,87.23100,719.00000
2026-08-21 05:45:00+00:00,87.22100,87.27100,86.95100,86.98100,762.00000
2026-08-21 06:00:00+00:00,86.96100,87.13100,86.91100,87.00100,831.00000
2026-08-21 06:15:00+00:00,87.00100,87.24100,86.95100,87.18100,598.00000
2026-08-21 06:30:00+00:00,87.19100,87.24100,87.10100,87.20100,636.00000
2026-08-21 06:45:00+00:00,87.21100,87.30100,87.08100,87.12100,899.00000
2026-08-21 07:00:00+00:00,87.14100,87.24100,86.89100,86.94100,1250.00000
2026-08-21 07:15:00+00:00,86.95100,87.23100,86.92100,87.23100,904.00000
2026-08-21 07:30:00+00:00,87.25100,87.26100,87.06100,87.23100,1055.00000
2026-08-21 07:45:00+00:00,87.23100,87.28100,86.95100,87.18100,980.00000
2026-08-21 08:00:00+00:00,87.15100,87.60100,87.15100,87.31100,1652.00000
2026-08-21 08:15:00+00:00,87.31100,87.40100,86.83100,86.91100,1902.00000
2026-08-21 08:30:00+00:00,86.92100,87.17100,86.77100,86.94100,1350.00000
2026-08-21 08:45:00+00:00,86.93100,86.99100,86.72100,86.74100,951.00000
2026-08-21 09:00:00+00:00,86.74100,86.93100,86.60100,86.89100,987.00000
2026-08-21 09:15:00+00:00,86.87100,87.07100,86.87100,87.03100,737.00000
2026-08-21 09:30:00+00:00,87.02100,87.23100,86.86100,87.19100,931.00000
2026-08-21 09:45:00+00:00,87.18100,87.39100,87.16100,87.36100,773.00000
2026-08-21 10:00:00+00:00,87.36100,88.31100,87.36100,88.11100,1717.00000
2026-08-21 10:15:00+00:00,88.11100,88.17100,87.41100,87.41100,1191.00000
2026-08-21 10:30:00+00:00,87.41100,87.66100,87.41100,87.62100,909.00000
2026-08-21 10:45:00+00:00,87.62100,87.98100,87.57100,87.86100,907.00000
2026-08-21 11:00:00+00:00,87.87100,88.04100,87.81100,88.02100,784.00000
2026-08-21 11:15:00+00:00,88.02100,88.07100,87.14100,87.24100,2015.00000
2026-08-21 11:30:00+00:00,87.24100,87.35100,86.91100,87.28100,1905.00000
2026-08-21 11:45:00+00:00,87.27100,87.77100,87.23100,87.77100,1057.00000
2026-08-21 12:00:00+00:00,87.76100,87.93100,87.59100,87.93100,1262.00000
2026-08-21 12:15:00+00:00,87.92100,88.14100,87.82100,87.85100,1273.00000
2026-08-21 12:30:00+00:00,87.86100,87.87100,87.57100,87.62100,1022.00000
2026-08-21 12:45:00+00:00,87.63100,87.95100,87.60100,87.68100,1152.00000
2026-08-21 13:00:00+00:00,87.65100,87.74100,87.39100,87.58100,1894.00000
2026-08-21 13:15:00+00:00,87.58100,87.88100,87.51100,87.72100,1728.00000
2026-08-21 13:30:00+00:00,87.70100,87.92100,87.51100,87.57100,2120.00000
2026-08-21 13:45:00+00:00,87.60100,87.60100,87.23100,87.27100,1708.00000
2026-08-21 14:00:00+00:00,87.26100,87.40100,87.08100,87.39100,1748.00000
2026-08-21 14:15:00+00:00,87.40100,87.44100,87.04100,87.21100,1457.00000
2026-08-21 14:30:00+00:00,87.22100,87.58100,87.14100,87.21100,1528.00000
2026-08-21 14:45:00+00:00,87.23100,87.50100,87.17100,87.32100,1445.00000
2026-08-21 15:00:00+00:00,87.34100,87.51100,86.95100,87.45100,1840.00000
2026-08-21 15:15:00+00:00,87.46100,87.67100,87.23100,87.23100,1842.00000
2026-08-21 15:30:00+00:00,87.21100,87.87100,87.19100,87.67100,1861.00000
2026-08-21 15:45:00+00:00,87.66100,87.73100,87.53100,87.61100,1393.00000
2026-08-21 16:00:00+00:00,87.61100,87.81100,87.56100,87.67100,1392.00000
2026-08-21 16:15:00+00:00,87.68100,87.79100,87.31100,87.37100,1914.00000
2026-08-21 16:30:00+00:00,87.38100,87.73100,87.31100,87.64100,1132.00000
2026-08-21 16:45:00+00:00,87.64100,87.75100,87.49100,87.74100,827.00000
2026-08-21 17:00:00+00:00,87.73100,88.00100,87.68100,87.92100,1097.00000
2026-08-21 17:15:00+00:00,87.91100,88.08100,87.80100,88.05100,992.00000
2026-08-21 17:30:00+00:00,88.06100,88.26100,87.97100,87.97100,1135.00000
2026-08-21 17:45:00+00:00,87.96100,88.20100,87.96100,88.12100,949.00000
2026-08-21 18:00:00+00:00,88.13100,88.13100,87.82100,87.97100,1134.00000
2026-08-21 18:15:00+00:00,87.97100,88.12100,87.75100,87.88100,1302.00000
2026-08-21 18:30:00+00:00,87.89100,87.97100,87.72900,87.78100,751.00000
2026-08-21 18:45:00+00:00,87.77100,87.93100,87.72100,87.83100,599.00000
2026-08-21 19:00:00+00:00,87.83100,87.83100,87.58100,87.61100,509.00000
2026-08-21 19:15:00+00:00,87.63100,87.74100,87.60100,87.62100,377.00000
2026-08-21 19:30:00+00:00,87.62100,87.72100,87.53100,87.60100,403.00000
2026-08-21 19:45:00+00:00,87.59100,87.67100,87.42100,87.45100,510.00000
2026-08-21 20:00:00+00:00,87.44100,87.50100,87.40100,87.47100,353.00000
2026-08-21 20:15:00+00:00,87.46100,87.68100,87.44100,87.64100,393.00000
2026-08-21 20:30:00+00:00,87.65100,87.65100,87.55500,87.63100,342.00000
2026-08-21 20:45:00+00:00,87.63100,87.64100,87.45100,87.47100,442.00000
2026-08-23 22:00:00+00:00,87.11500,87.28500,87.05500,87.13500,643.00000
2026-08-23 22:15:00+00:00,87.14500,87.16500,87.08500,87.12500,212.00000
2026-08-23 22:30:00+00:00,87.12500,87.12500,87.04500,87.07500,143.00000
2026-08-23 22:45:00+00:00,87.07500,87.09500,86.97500,86.99500,112.00000
2026-08-23 23:00:00+00:00,87.00500,87.00500,86.83500,86.89500,168.00000
2026-08-23 23:15:00+00:00,86.88500,86.89500,86.84500,86.85500,114.00000
2026-08-23 23:30:00+00:00,86.86500,86.93500,86.86500,86.88500,111.00000
2026-08-23 23:45:00+00:00,86.87500,86.89500,86.70500,86.74500,206.00000
2026-08-24 00:00:00+00:00,86.73500,86.95500,86.69500,86.88500,486.00000
2026-08-24 00:15:00+00:00,86.88500,86.88500,86.63500,86.67500,366.00000
2026-08-24 00:30:00+00:00,86.66500,86.67500,86.34500,86.35500,476.00000
2026-08-24 00:45:00+00:00,86.35500,86.60500,86.34500,86.56500,471.00000
2026-08-24 01:00:00+00:00,86.55500,86.57500,86.04500,86.12500,2020.00000
2026-08-24 01:15:00+00:00,86.12500,86.15500,85.59500,85.87500,1411.00000
2026-08-24 01:30:00+00:00,85.87500,86.17500,85.82500,86.02500,1170.00000
2026-08-24 01:45:00+00:00,86.03500,86.13500,85.95500,86.09500,938.00000
2026-08-24 02:00:00+00:00,86.08500,86.17500,85.93500,86.06500,803.00000
2026-08-24 02:15:00+00:00,86.05500,86.24500,86.04500,86.24500,275.00000
2026-08-24 02:30:00+00:00,86.26500,86.46500,86.26500,86.31500,928.00000
2026-08-24 02:45:00+00:00,86.32500,86.45500,86.21500,86.41500,593.00000
2026-08-24 03:00:00+00:00,86.42500,86.52500,86.36500,86.37500,618.00000
2026-08-24 03:15:00+00:00,86.38500,86.49500,86.38500,86.43500,472.00000
2026-08-24 03:30:00+00:00,86.43500,86.51500,86.41500,86.44500,330.00000
2026-08-24 03:45:00+00:00,86.45500,86.45500,86.31500,86.34500,225.00000
2026-08-24 04:00:00+00:00,86.33500,86.46500,86.31500,86.32500,288.00000
2026-08-24 04:15:00+00:00,86.32500,86.35500,86.24500,86.34500,295.00000
2026-08-24 04:30:00+00:00,86.34500,86.41500,86.26500,86.33500,262.00000
2026-08-24 04:45:00+00:00,86.33500,86.48500,86.32500,86.34500,213.00000
2026-08-24 05:00:00+00:00,86.35500,86.41500,86.31500,86.38500,223.00000
2026-08-24 05:15:00+00:00,86.37500,86.38500,86.24500,86.28500,244.00000
2026-08-24 05:30:00+00:00,86.26500,86.47500,86.19500,86.47500,968.00000
2026-08-24 05:45:00+00:00,86.47500,86.49500,86.28500,86.30500,714.00000
2026-08-24 06:00:00+00:00,86.31500,86.38500,86.02500,86.03500,1070.00000
2026-08-24 06:15:00+00:00,86.02500,86.18500,85.95500,86.16500,715.00000
2026-08-24 06:30:00+00:00,86.16500,86.19500,85.87500,85.95500,679.00000
2026-08-24 06:45:00+00:00,85.96500,86.11500,85.90500,85.92500,836.00000
2026-08-24 07:00:00+00:00,85.93500,85.99500,85.78500,85.95500,995.00000
2026-08-24 07:15:00+00:00,85.95500,86.09500,85.84500,86.02500,905.00000
2026-08-24 07:30:00+00:00,86.01500,86.42500,85.77500,86.26500,1260.00000
2026-08-24 07:45:00+00:00,86.25500,86.44500,86.08500,86.39500,1381.00000
2026-08-24 08:00:00+00:00,86.37500,86.52500,86.08500,86.24500,1520.00000
2026-08-24 08:15:00+00:00,86.25500,86.47500,86.13500,86.29500,1601.00000
2026-08-24 08:30:00+00:00,86.29500,86.31500,85.83500,85.90500,1165.00000
2026-08-24 08:45:00+00:00,85.91500,86.04500,85.43500,85.68500,1550.00000
2026-08-24 09:00:00+00:00,85.69500,85.81500,85.49500,85.79500,1081.00000
2026-08-24 09:15:00+00:00,85.78500,86.20500,85.76500,86.11500,961.00000
2026-08-24 09:30:00+00:00,86.10500,86.15500,85.81500,86.04500,916.00000
2026-08-24 09:45:00+00:00,86.03500,86.03500,85.71500,85.87500,1003.00000
2026-08-24 10:00:00+00:00,85.87500,85.94500,85.66500,85.80500,913.00000
2026-08-24 10:15:00+00:00,85.79500,85.85500,85.67500,85.71500,789.00000
2026-08-24 10:30:00+00:00,85.71500,85.93500,85.62500,85.93500,755.00000
2026-08-24 10:45:00+00:00,85.92500,86.11500,85.85500,86.10500,834.00000
2026-08-24 11:00:00+00:00,86.09500,86.14500,85.83500,85.94500,821.00000
2026-08-24 11:15:00+00:00,85.94500,86.26500,85.91500,86.21500,787.00000
2026-08-24 11:30:00+00:00,86.21500,86.31500,85.75500,85.88500,1243.00000
2026-08-24 11:45:00+00:00,85.86500,86.15500,85.79500,86.10500,784.00000
2026-08-24 12:00:00+00:00,86.09500,86.24500,85.99500,86.24500,956.00000
2026-08-24 12:15:00+00:00,86.25500,86.34500,86.08500,86.20500,1107.00000
2026-08-24 12:30:00+00:00,86.19500,86.94500,85.81500,86.34500,2207.00000
2026-08-24 12:45:00+00:00,86.34500,86.40500,86.21500,86.26500,1438.00000
2026-08-24 13:00:00+00:00,86.27500,86.49500,86.06500,86.23500,2211.00000
2026-08-24 13:15:00+00:00,86.23500,86.66500,86.20500,86.63500,1851.00000
2026-08-24 13:30:00+00:00,86.64500,86.77500,86.31500,86.39500,2056.00000
2026-08-24 13:45:00+00:00,86.38500,86.51500,86.04500,86.11500,2065.00000
2026-08-24 14:00:00+00:00,86.10500,86.28500,85.96500,86.08500,1549.00000
2026-08-24 14:15:00+00:00,86.08500,86.11500,85.49500,85.64500,1703.00000
2026-08-24 14:30:00+00:00,85.63500,85.96500,85.62500,85.90500,1656.00000
2026-08-24 14:45:00+00:00,85.91500,85.91500,85.55500,85.73500,1665.00000
2026-08-24 15:00:00+00:00,85.72500,85.88500,85.57500,85.72500,1773.00000
2026-08-24 15:15:00+00:00,85.73500,85.86500,85.17500,85.20500,1979.00000
2026-08-24 15:30:00+00:00,85.19500,85.58500,85.10500,85.54500,1886.00000
2026-08-24 15:45:00+00:00,85.55500,85.59500,85.36500,85.52500,1153.00000
2026-08-24 16:00:00+00:00,85.53500,85.72500,85.45500,85.71500,1190.00000
2026-08-24 16:15:00+00:00,85.72500,86.08500,85.71500,86.00500,1193.00000
2026-08-24 16:30:00+00:00,86.01500,86.14500,85.81500,86.09500,1106.00000
2026-08-24 16:45:00+00:00,86.08500,86.13500,85.94500,85.95500,820.00000
2026-08-24 17:00:00+00:00,85.94500,85.96500,85.45500,85.64500,1755.00000
2026-08-24 17:15:00+00:00,85.64500,85.81500,85.43500,85.57500,1436.00000
2026-08-24 17:30:00+00:00,85.58500,85.77500,85.54500,85.60500,824.00000
2026-08-24 17:45:00+00:00,85.60500,85.70500,85.43500,85.53500,836.00000
2026-08-24 18:00:00+00:00,85.52500,85.57500,85.39500,85.54500,948.00000
2026-08-24 18:15:00+00:00,85.55500,85.80500,85.45500,85.70500,1270.00000
2026-08-24 18:30:00+00:00,85.71500,85.92500,85.60500,85.90500,881.00000
2026-08-24 18:45:00+00:00,85.90500,85.98500,85.87500,85.91500,495.00000
2026-08-24 19:00:00+00:00,85.90500,86.02500,85.89500,85.96500,330.00000
2026-08-24 19:15:00+00:00,85.96500,85.98500,85.91500,85.92500,308.00000
2026-08-24 19:30:00+00:00,85.93500,85.94500,85.71500,85.81500,397.00000
2026-08-24 19:45:00+00:00,85.80500,85.81500,85.72500,85.76500,437.00000
2026-08-24 20:00:00+00:00,85.76500,85.79500,85.69500,85.75500,225.00000
2026-08-24 20:15:00+00:00,85.75500,85.77500,85.67500,85.68500,187.00000
2026-08-24 20:30:00+00:00,85.68500,85.69500,85.59500,85.61500,206.00000
2026-08-24 20:45:00+00:00,85.61500,85.72500,85.58500,85.71500,292.00000
2026-08-24 22:00:00+00:00,85.72900,85.77900,85.67900,85.70900,210.00000
2026-08-24 22:15:00+00:00,85.69900,85.77900,85.69900,85.74900,83.00000
2026-08-24 22:30:00+00:00,85.75900,85.79900,85.75900,85.78900,81.00000
2026-08-24 22:45:00+00:00,85.80900,85.81900,85.76900,85.80900,71.00000
2026-08-24 23:00:00+00:00,85.81900,85.85900,85.78900,85.85900,87.00000
2026-08-24 23:15:00+00:00,85.84900,85.90900,85.83900,85.87900,94.00000
2026-08-24 23:30:00+00:00,85.86900,85.94900,85.81900,85.87900,103.00000
2026-08-24 23:45:00+00:00,85.88900,85.91900,85.86900,85.88900,112.00000
2026-08-25 00:00:00+00:00,85.87900,85.95900,85.77900,85.83900,466.00000
2026-08-25 00:15:00+00:00,85.84900,85.86900,85.76900,85.81900,278.00000
2026-08-25 00:30:00+00:00,85.81900,85.81900,85.60900,85.60900,243.00000
2026-08-25 00:45:00+00:00,85.61900,85.64900,85.44900,85.47900,367.00000
2026-08-25 01:00:00+00:00,85.46900,86.04900,85.42900,85.83900,1577.00000
2026-08-25 01:15:00+00:00,85.84900,86.03900,85.76900,85.93900,1047.00000
2026-08-25 01:30:00+00:00,85.93900,86.09900,85.81900,86.06900,1025.00000
2026-08-25 01:45:00+00:00,86.06900,86.19900,86.01900,86.16900,883.00000
2026-08-25 02:00:00+00:00,86.16900,86.53900,86.11900,86.47900,1200.00000
2026-08-25 02:15:00+00:00,86.47900,86.50900,86.36900,86.39900,469.00000
2026-08-25 02:30:00+00:00,86.40900,86.49900,86.26900,86.30900,1178.00000
2026-08-25 02:45:00+00:00,86.29900,86.32900,86.18900,86.25900,1007.00000
2026-08-25 03:00:00+00:00,86.24900,86.28900,85.91900,86.02900,893.00000
2026-08-25 03:15:00+00:00,86.02900,86.06900,85.82900,86.04900,759.00000
2026-08-25 03:30:00+00:00,86.05900,86.11900,86.01900,86.11900,283.00000
2026-08-25 03:45:00+00:00,86.11900,86.13900,86.07900,86.12900,172.00000
2026-08-25 04:00:00+00:00,86.13900,86.17900,86.04900,86.05900,261.00000
2026-08-25 04:15:00+00:00,86.06900,86.06900,85.91900,85.96900,234.00000
2026-08-25 04:30:00+00:00,85.95900,85.96900,85.76900,85.82900,201.00000
2026-08-25 04:45:00+00:00,85.80900,85.82900,85.75900,85.77900,193.00000
2026-08-25 05:00:00+00:00,85.76900,85.78900,85.65300,85.66900,332.00000
2026-08-25 05:15:00+00:00,85.66900,85.69900,85.61900,85.66900,238.00000
2026-08-25 05:30:00+00:00,85.65900,85.78900,85.51900,85.63900,797.00000
2026-08-25 05:45:00+00:00,85.64900,85.69900,84.98900,85.15900,1445.00000
2026-08-25 06:00:00+00:00,85.16900,85.22900,84.90900,84.96900,1347.00000
2026-08-25 06:15:00+00:00,84.97900,85.04900,84.84900,84.90900,1132.00000
2026-08-25 06:30:00+00:00,84.90900,85.29900,84.80900,85.15900,1235.00000
2026-08-25 06:45:00+00:00,85.14900,85.29900,84.82900,84.96900,1023.00000
2026-08-25 07:00:00+00:00,84.96900,85.14900,84.81900,85.10900,1281.00000
2026-08-25 07:15:00+00:00,85.10900,85.23900,84.93900,85.15900,1104.00000
2026-08-25 07:30:00+00:00,85.15900,85.24900,84.95900,85.06900,939.00000
2026-08-25 07:45:00+00:00,85.07900,85.28900,85.00900,85.25900,1086.00000
2026-08-25 08:00:00+00:00,85.24900,85.40900,85.21900,85.25900,1048.00000
2026-08-25 08:15:00+00:00,85.25900,85.32900,84.20900,84.64900,2702.00000
2026-08-25 08:30:00+00:00,84.62900,84.78900,84.11900,84.12900,2379.00000
2026-08-25 08:45:00+00:00,84.11900,84.20900,83.55900,83.71900,1966.00000
2026-08-25 09:00:00+00:00,83.70900,83.77900,83.37900,83.58900,1976.00000
2026-08-25 09:15:00+00:00,83.58900,83.67900,83.19900,83.39900,1696.00000
2026-08-25 09:30:00+00:00,83.37900,83.43900,82.89900,83.00900,1990.00000
2026-08-25 09:45:00+00:00,83.02900,83.07900,82.74900,82.81900,1580.00000
2026-08-25 10:00:00+00:00,82.83900,83.30900,82.81900,83.18900,1525.00000
2026-08-25 10:15:00+00:00,83.17900,83.27900,83.06900,83.09900,1148.00000
2026-08-25 10:30:00+00:00,83.06900,83.27900,82.97900,83.26900,1093.00000
2026-08-25 10:45:00+00:00,83.27900,83.28900,83.10900,83.15900,954.00000
2026-08-25 11:00:00+00:00,83.15900,83.39900,82.99900,83.13900,1116.00000
2026-08-25 11:15:00+00:00,83.13900,83.35900,83.10900,83.18900,976.00000
2026-08-25 11:30:00+00:00,83.19900,83.19900,82.85900,82.87900,1045.00000
2026-08-25 11:45:00+00:00,82.86900,82.86900,82.51900,82.65900,1548.00000
2026-08-25 12:00:00+00:00,82.64900,83.03900,82.58900,82.99900,1408.00000
2026-08-25 12:15:00+00:00,82.99900,83.29900,82.89900,83.04900,1368.00000
2026-08-25 12:30:00+00:00,83.03900,83.23900,82.97900,83.14900,1030.00000
2026-08-25 12:45:00+00:00,83.13900,83.14900,82.82900,82.90900,920.00000
2026-08-25 13:00:00+00:00,82.89900,82.97900,82.51900,82.71900,2145.00000
2026-08-25 13:15:00+00:00,82.70900,83.31900,82.69900,83.10900,1877.00000
2026-08-25 13:30:00+00:00,83.09900,83.32900,82.88900,82.92900,1707.00000
2026-08-25 13:45:00+00:00,82.91900,83.18900,82.84900,83.13900,1470.00000
2026-08-25 14:00:00+00:00,83.14900,83.56900,83.00900,83.08900,2004.00000
2026-08-25 14:15:00+00:00,83.08900,83.33900,83.04900,83.29900,1330.00000
2026-08-25 14:30:00+00:00,83.31900,83.98900,83.20900,83.21900,2160.00000
2026-08-25 14:45:00+00:00,83.22900,83.33900,83.00900,83.18900,1460.00000
2026-08-25 15:00:00+00:00,83.17900,83.38900,83.13900,83.13900,1320.00000
2026-08-25 15:15:00+00:00,83.13900,83.24900,82.84900,83.11900,1847.00000
2026-08-25 15:30:00+00:00,83.10900,83.12900,82.23900,82.39900,3094.00000
2026-08-25 15:45:00+00:00,82.38900,82.86900,82.33900,82.79900,1611.00000
2026-08-25 16:00:00+00:00,82.80900,82.93900,82.75900,82.85900,1326.00000
2026-08-25 16:15:00+00:00,82.85900,83.04900,82.73900,83.02900,1139.00000
2026-08-25 16:30:00+00:00,83.01900,83.06900,82.88900,82.97900,989.00000
2026-08-25 16:45:00+00:00,82.97900,83.12900,82.82900,82.87900,984.00000
2026-08-25 17:00:00+00:00,82.88900,82.93900,82.77900,82.87900,995.00000
2026-08-25 17:15:00+00:00,82.86900,83.09900,82.85900,82.91900,1017.00000
2026-08-25 17:30:00+00:00,82.91900,83.01900,82.87900,82.97900,805.00000
2026-08-25 17:45:00+00:00,82.97900,82.98900,82.79900,82.82900,824.00000
2026-08-25 18:00:00+00:00,82.84900,82.93900,82.78900,82.83900,842.00000
2026-08-25 18:15:00+00:00,82.84900,83.14900,82.77900,83.00900,1395.00000
2026-08-25 18:30:00+00:00,82.99900,83.15900,82.98900,83.08900,620.00000
2026-08-25 18:45:00+00:00,83.09900,83.09900,82.93900,82.99900,444.00000
2026-08-25 19:00:00+00:00,82.98900,83.09900,82.92900,83.00900,402.00000
2026-08-25 19:15:00+00:00,82.99900,83.00900,82.86900,82.94900,468.00000
2026-08-25 19:30:00+00:00,82.95900,83.00900,82.64900,82.69900,496.00000
2026-08-25 19:45:00+00:00,82.68900,82.75900,81.80900,81.81900,1774.00000
2026-08-25 20:00:00+00:00,81.82900,81.82900,81.14900,81.21900,2006.00000
2026-08-25 20:15:00+00:00,81.22900,81.49900,80.93900,81.36900,1871.00000
2026-08-25 20:30:00+00:00,81.35900,81.59900,81.30900,81.54900,1302.00000
2026-08-25 20:45:00+00:00,81.54900,81.93900,81.50900,81.76900,1190.00000
2026-08-25 22:00:00+00:00,81.80400,81.94400,81.76400,81.87400,378.00000
2026-08-25 22:15:00+00:00,81.86400,81.87400,81.61400,81.68400,183.00000
2026-08-25 22:30:00+00:00,81.69400,81.71400,81.63400,81.65400,129.00000
2026-08-25 22:45:00+00:00,81.66400,81.76400,81.64400,81.68400,145.00000
2026-08-25 23:00:00+00:00,81.69400,81.69400,81.63400,81.65400,131.00000
2026-08-25 23:15:00+00:00,81.64400,81.67400,81.64400,81.67400,40.00000
2026-08-25 23:30:00+00:00,81.66400,81.72400,81.66400,81.71400,92.00000
2026-08-25 23:45:00+00:00,81.72400,81.81400,81.65400,81.65400,158.00000
2026-08-26 00:00:00+00:00,81.63400,81.79400,81.50400,81.56400,688.00000
2026-08-26 00:15:00+00:00,81.58400,81.64400,81.48400,81.59400,551.00000
2026-08-26 00:30:00+00:00,81.59400,81.67400,81.36400,81.38400,720.00000
2026-08-26 00:45:00+00:00,81.38400,81.51400,81.26400,81.39400,993.00000
2026-08-26 01:00:00+00:00,81.38400,81.39400,81.01400,81.06400,2117.00000
2026-08-26 01:15:00+00:00,81.05400,81.24400,81.03400,81.22400,1137.00000
2026-08-26 01:30:00+00:00,81.22400,81.29400,81.02400,81.13400,1014.00000
2026-08-26 01:45:00+00:00,81.13400,81.36400,81.12400,81.20400,870.00000
2026-08-26 02:00:00+00:00,81.19400,81.21400,80.93400,80.97400,887.00000
2026-08-26 02:15:00+00:00,81.00400,81.08400,80.95400,81.01400,353.00000
2026-08-26 02:30:00+00:00,81.02400,81.22400,80.99400,81.06400,779.00000
2026-08-26 02:45:00+00:00,81.06400,81.08400,80.81400,81.07400,802.00000
2026-08-26 03:00:00+00:00,81.08400,81.08400,80.88400,80.95400,643.00000
2026-08-26 03:15:00+00:00,80.94400,80.95400,80.75400,80.95400,731.00000
2026-08-26 03:30:00+00:00,80.97400,80.98400,80.85400,80.95400,407.00000
2026-08-26 03:45:00+00:00,80.94400,81.00400,80.92400,80.93400,288.00000
2026-08-26 04:00:00+00:00,80.94400,81.10400,80.94400,81.08400,419.00000
2026-08-26 04:15:00+00:00,81.08400,81.11400,80.93400,80.99400,358.00000
2026-08-26 04:30:00+00:00,80.98400,81.01400,80.94400,80.96400,183.00000
2026-08-26 04:45:00+00:00,80.96400,81.30400,80.92400,81.28400,371.00000
2026-08-26 05:00:00+00:00,81.29400,81.29400,81.10400,81.26400,458.00000
2026-08-26 05:15:00+00:00,81.26400,81.45400,81.25400,81.43400,370.00000
2026-08-26 05:30:00+00:00,81.42400,81.58400,81.30400,81.56400,1058.00000
2026-08-26 05:45:00+00:00,81.56400,81.59400,81.40400,81.44400,749.00000
2026-08-26 06:00:00+00:00,81.45400,81.55400,81.38400,81.55400,917.00000
2026-08-26 06:15:00+00:00,81.56400,81.60400,81.43400,81.51400,848.00000
2026-08-26 06:30:00+00:00,81.50400,81.51400,80.98400,80.99400,992.00000
2026-08-26 06:45:00+00:00,80.98400,81.18400,80.95400,81.14400,1067.00000
2026-08-26 07:00:00+00:00,81.15400,81.30400,80.89400,80.95400,1167.00000
2026-08-26 07:15:00+00:00,80.96400,81.04400,80.84400,80.96400,1091.00000
2026-08-26 07:30:00+00:00,80.94400,81.01400,80.70400,80.71400,1409.00000
2026-08-26 07:45:00+00:00,80.71400,80.83400,80.53400,80.58400,1242.00000
2026-08-26 08:00:00+00:00,80.56400,80.96400,80.56400,80.95400,1294.00000
2026-08-26 08:15:00+00:00,80.95400,81.21400,80.72400,80.72400,1772.00000
2026-08-26 08:30:00+00:00,80.73400,80.93400,80.36400,80.60400,1999.00000
2026-08-26 08:45:00+00:00,80.61400,80.71400,80.36400,80.51400,1274.00000
2026-08-26 09:00:00+00:00,80.52400,80.65400,80.40400,80.61400,1417.00000
2026-08-26 09:15:00+00:00,80.58400,80.87400,80.31400,80.87400,1543.00000
2026-08-26 09:30:00+00:00,80.85400,80.92400,80.47400,80.53400,1160.00000
2026-08-26 09:45:00+00:00,80.52400,80.81400,80.50400,80.81400,1256.00000
2026-08-26 10:00:00+00:00,80.79400,80.90400,80.69400,80.83400,949.00000
2026-08-26 10:15:00+00:00,80.82400,81.00400,80.63400,80.83400,1107.00000
2026-08-26 10:30:00+00:00,80.84400,80.95400,80.74400,80.86400,856.00000
2026-08-26 10:45:00+00:00,80.87400,81.08400,80.86400,80.90400,711.00000
2026-08-26 11:00:00+00:00,80.91400,81.01400,80.77400,80.87400,819.00000
2026-08-26 11:15:00+00:00,80.88400,81.03400,80.80400,80.87400,1006.00000
2026-08-26 11:30:00+00:00,80.88400,81.14400,80.81400,81.06400,1011.00000
2026-08-26 11:45:00+00:00,81.06400,81.36400,81.00400,81.23400,898.00000
2026-08-26 12:00:00+00:00,81.22400,81.33400,81.08400,81.10400,947.00000
2026-08-26 12:15:00+00:00,81.11400,81.13400,80.88400,80.91400,777.00000
2026-08-26 12:30:00+00:00,80.90400,81.05400,80.88400,80.96400,1193.00000
2026-08-26 12:45:00+00:00,80.94400,81.41400,80.86400,81.32400,1851.00000
2026-08-26 13:00:00+00:00,81.33400,81.66400,81.18400,81.45400,2009.00000
2026-08-26 13:15:00+00:00,81.45400,81.59400,81.29400,81.37400,1549.00000
2026-08-26 13:30:00+00:00,81.38400,82.00400,81.34400,81.94400,1745.00000
2026-08-26 13:45:00+00:00,81.93400,82.39400,81.93400,82.17400,1693.00000
2026-08-26 14:00:00+00:00,82.17400,82.24400,82.00400,82.18400,1404.00000
2026-08-26 14:15:00+00:00,82.17400,82.37400,82.13400,82.33400,1333.00000
2026-08-26 14:30:00+00:00,82.36400,82.51400,82.33400,82.47400,1547.00000
2026-08-26 14:45:00+00:00,82.48400,82.64400,82.37400,82.59400,1351.00000
2026-08-26 15:00:00+00:00,82.61400,82.90400,82.51400,82.89400,1349.00000
2026-08-26 15:15:00+00:00,82.89400,83.11400,82.73400,83.05400,1737.00000
2026-08-26 15:30:00+00:00,83.04400,83.16400,82.91400,82.98400,1415.00000
2026-08-26 15:45:00+00:00,82.99400,83.56400,82.86400,83.45400,2058.00000
2026-08-26 16:00:00+00:00,83.44400,83.63400,83.38400,83.57400,1415.00000
2026-08-26 16:15:00+00:00,83.56400,83.95400,83.53400,83.75400,1777.00000
2026-08-26 16:30:00+00:00,83.76400,83.87400,83.70400,83.73400,976.00000
2026-08-26 16:45:00+00:00,83.72400,83.75400,83.42400,83.45400,1193.00000
2026-08-26 17:00:00+00:00,83.45400,83.51400,83.29400,83.38400,984.00000
2026-08-26 17:15:00+00:00,83.38400,83.42400,83.25400,83.35400,735.00000
2026-08-26 17:30:00+00:00,83.34400,83.38400,83.23400,83.24400,653.00000
2026-08-26 17:45:00+00:00,83.23400,83.33400,83.18400,83.23400,741.00000
2026-08-26 18:00:00+00:00,83.22400,83.24400,82.96400,83.04400,936.00000
2026-08-26 18:15:00+00:00,83.03400,83.03400,82.74400,82.92400,1325.00000
2026-08-26 18:30:00+00:00,82.93400,83.00400,82.80400,82.80400,740.00000
2026-08-26 18:45:00+00:00,82.80400,82.81400,82.66400,82.67400,442.00000
2026-08-26 19:00:00+00:00,82.66400,82.67400,82.51400,82.64400,397.00000
2026-08-26 19:15:00+00:00,82.65400,82.73400,82.60400,82.67400,376.00000
2026-08-26 19:30:00+00:00,82.67400,82.75400,82.59400,82.64400,327.00000
2026-08-26 19:45:00+00:00,82.64400,82.67400,82.58400,82.60400,281.00000
2026-08-26 20:00:00+00:00,82.58400,82.60400,82.54400,82.55400,327.00000
2026-08-26 20:15:00+00:00,82.56400,82.58400,82.46400,82.48400,272.00000
2026-08-26 20:30:00+00:00,82.47400,82.49400,82.42400,82.47400,241.00000
2026-08-26 20:45:00+00:00,82.47400,82.59400,82.45400,82.56400,344.00000
2026-08-26 22:00:00+00:00,82.60800,82.74800,82.43800,82.44800,377.00000
2026-08-26 22:15:00+00:00,82.46800,82.50800,82.45800,82.49800,87.00000
2026-08-26 22:30:00+00:00,82.50800,82.55800,82.49800,82.50800,59.00000
2026-08-26 22:45:00+00:00,82.49200,82.51800,82.45800,82.45800,41.00000
2026-08-26 23:00:00+00:00,82.46800,82.50800,82.41800,82.47800,62.00000
2026-08-26 23:15:00+00:00,82.48800,82.51800,82.45800,82.47800,44.00000
2026-08-26 23:30:00+00:00,82.48800,82.49800,82.45800,82.47800,52.00000
2026-08-26 23:45:00+00:00,82.47800,82.49800,82.44800,82.45800,58.00000
2026-08-27 00:00:00+00:00,82.44800,82.46800,82.21800,82.28800,596.00000
2026-08-27 00:15:00+00:00,82.29800,82.34800,82.19800,82.19800,545.00000
2026-08-27 00:30:00+00:00,82.19800,82.26800,82.19800,82.22800,360.00000
2026-08-27 00:45:00+00:00,82.23800,82.53800,82.23800,82.42800,621.00000
2026-08-27 01:00:00+00:00,82.43800,82.79800,82.36800,82.46800,2396.00000
2026-08-27 01:15:00+00:00,82.47800,82.73800,82.36800,82.61800,1564.00000
2026-08-27 01:30:00+00:00,82.63800,82.64800,82.38800,82.46800,1119.00000
2026-08-27 01:45:00+00:00,82.46800,82.46800,82.22800,82.26800,850.00000
2026-08-27 02:00:00+00:00,82.25800,82.34800,82.22800,82.31800,670.00000
2026-08-27 02:15:00+00:00,82.30800,82.32800,82.20800,82.24800,375.00000
2026-08-27 02:30:00+00:00,82.25800,82.37800,82.13800,82.15800,944.00000
2026-08-27 02:45:00+00:00,82.15800,82.25800,82.09800,82.09800,836.00000
2026-08-27 03:00:00+00:00,82.10800,82.38800,82.09800,82.36800,875.00000
2026-08-27 03:15:00+00:00,82.36800,82.52800,82.29800,82.42800,735.00000
2026-08-27 03:30:00+00:00,82.43800,82.54800,82.35800,82.51800,416.00000
2026-08-27 03:45:00+00:00,82.51800,82.52800,82.46800,82.47800,327.00000
2026-08-27 04:00:00+00:00,82.48800,82.49800,82.42200,82.48800,262.00000
2026-08-27 04:15:00+00:00,82.49800,82.56800,82.46800,82.53800,242.00000
2026-08-27 04:30:00+00:00,82.53800,82.55800,82.44800,82.48800,202.00000
2026-08-27 04:45:00+00:00,82.47800,82.52800,82.45800,82.47800,197.00000
2026-08-27 05:00:00+00:00,82.48800,82.50800,82.45800,82.48800,234.00000
2026-08-27 05:15:00+00:00,82.47800,82.47800,82.23800,82.23800,347.00000
2026-08-27 05:30:00+00:00,82.24800,82.30800,82.09800,82.22800,762.00000
2026-08-27 05:45:00+00:00,82.23800,82.33800,82.07800,82.08800,703.00000
2026-08-27 06:00:00+00:00,82.08800,82.14800,81.98800,81.98800,603.00000
2026-08-27 06:15:00+00:00,81.98800,82.05800,81.93800,81.96800,745.00000
2026-08-27 06:30:00+00:00,81.96800,82.00800,81.67800,81.75800,874.00000
2026-08-27 06:45:00+00:00,81.75800,81.88800,81.66800,81.68800,844.00000
2026-08-27 07:00:00+00:00,81.68800,81.68800,81.31800,81.42800,1192.00000
2026-08-27 07:15:00+00:00,81.41800,81.76800,81.40800,81.63800,836.00000
2026-08-27 07:30:00+00:00,81.65800,81.91800,81.64800,81.71800,1056.00000
2026-08-27 07:45:00+00:00,81.71800,82.01800,81.64800,82.01800,956.00000
2026-08-27 08:00:00+00:00,82.03800,82.07800,81.84800,82.04800,1226.00000
2026-08-27 08:15:00+00:00,82.03800,82.27800,81.94800,82.27800,1673.00000
2026-08-27 08:30:00+00:00,82.29800,82.36800,82.14800,82.32800,1259.00000
2026-08-27 08:45:00+00:00,82.32800,82.47800,82.12200,82.46800,1025.00000
2026-08-27 09:00:00+00:00,82.47800,82.78800,82.47800,82.77800,1001.00000
2026-08-27 09:15:00+00:00,82.76800,82.86800,82.64800,82.73800,993.00000
2026-08-27 09:30:00+00:00,82.73800,82.78800,82.62800,82.68800,804.00000
2026-08-27 09:45:00+00:00,82.68800,82.85800,82.65800,82.84800,739.00000
2026-08-27 10:00:00+00:00,82.83800,83.18800,82.83800,82.87800,1143.00000
2026-08-27 10:15:00+00:00,82.87800,83.07800,82.78800,83.06800,799.00000
2026-08-27 10:30:00+00:00,83.07800,83.12800,82.78800,82.79800,791.00000
2026-08-27 10:45:00+00:00,82.79800,83.10800,82.75800,82.88800,812.00000
2026-08-27 11:00:00+00:00,82.88800,83.10800,82.86800,82.88800,902.00000
2026-08-27 11:15:00+00:00,82.86800,83.16800,82.84800,83.08800,811.00000
2026-08-27 11:30:00+00:00,83.09800,83.16800,82.79800,83.11800,1218.00000
2026-08-27 11:45:00+00:00,83.12800,83.26800,83.09800,83.10800,743.00000
2026-08-27 12:00:00+00:00,83.11800,83.19800,83.02800,83.10800,842.00000
2026-08-27 12:15:00+00:00,83.10800,83.13800,82.82800,83.09800,1253.00000
2026-08-27 12:30:00+00:00,83.08800,83.19800,82.97800,83.09800,1250.00000
2026-08-27 12:45:00+00:00,83.09800,83.44800,83.06800,83.17800,1186.00000
2026-08-27 13:00:00+00:00,83.18800,83.42800,83.04800,83.15800,2132.00000
2026-08-27 13:15:00+00:00,83.16800,83.31800,82.99800,83.08800,1499.00000
2026-08-27 13:30:00+00:00,83.07800,83.52800,83.01800,83.35800,1864.00000
2026-08-27 13:45:00+00:00,83.36800,83.51800,83.25800,83.48800,1467.00000
2026-08-27 14:00:00+00:00,83.49800,83.77800,83.46800,83.52800,1881.00000
2026-08-27 14:15:00+00:00,83.53800,83.60800,83.30800,83.32800,1427.00000
2026-08-27 14:30:00+00:00,83.34800,83.40800,82.96800,83.00800,1592.00000
2026-08-27 14:45:00+00:00,83.00800,83.16800,82.65800,82.68800,1678.00000
2026-08-27 15:00:00+00:00,82.70800,83.07800,82.65800,83.03800,1823.00000
2026-08-27 15:15:00+00:00,83.02800,83.10800,82.81800,82.90800,1775.00000
2026-08-27 15:30:00+00:00,82.89800,83.31800,82.89800,83.15800,1606.00000
2026-08-27 15:45:00+00:00,83.14800,83.29800,83.05800,83.24800,1257.00000
2026-08-27 16:00:00+00:00,83.24800,83.37800,83.18800,83.23800,1118.00000
2026-08-27 16:15:00+00:00,83.24800,83.38800,83.08800,83.26800,972.00000
2026-08-27 16:30:00+00:00,83.27800,83.45800,83.24800,83.43800,781.00000
2026-08-27 16:45:00+00:00,83.44800,83.55800,83.34800,83.39800,923.00000
2026-08-27 17:00:00+00:00,83.40800,83.57800,83.35800,83.46800,728.00000
2026-08-27 17:15:00+00:00,83.47800,83.58800,83.41800,83.42800,676.00000
2026-08-27 17:30:00+00:00,83.43800,83.67800,83.31800,83.60800,1022.00000
2026-08-27 17:45:00+00:00,83.59800,84.68800,83.56800,84.62800,2723.00000
2026-08-27 18:00:00+00:00,84.61800,84.90800,84.50800,84.53800,2405.00000
2026-08-27 18:15:00+00:00,84.54800,84.54800,84.08800,84.25800,2458.00000
2026-08-27 18:30:00+00:00,84.25800,84.46800,84.19800,84.41800,977.00000
2026-08-27 18:45:00+00:00,84.40800,84.45800,84.34800,84.41800,465.00000
2026-08-27 19:00:00+00:00,84.42800,84.59800,84.30800,84.54800,792.00000
2026-08-27 19:15:00+00:00,84.55800,84.66800,84.40800,84.55800,721.00000
2026-08-27 19:30:00+00:00,84.55800,84.64800,84.47800,84.47800,462.00000
2026-08-27 19:45:00+00:00,84.47800,84.47800,84.26800,84.28800,523.00000
2026-08-27 20:00:00+00:00,84.27800,84.33800,84.24800,84.24800,316.00000
2026-08-27 20:15:00+00:00,84.24800,84.28800,84.19800,84.21800,290.00000
2026-08-27 20:30:00+00:00,84.21800,84.21800,84.14800,84.16800,401.00000
2026-08-27 20:45:00+00:00,84.17800,84.21800,84.11800,84.20800,430.00000
2026-08-27 22:00:00+00:00,84.23300,84.38300,84.10300,84.24300,397.00000
2026-08-27 22:15:00+00:00,84.23300,84.29300,84.15300,84.25300,225.00000
2026-08-27 22:30:00+00:00,84.26300,84.27300,84.24300,84.25300,45.00000
2026-08-27 22:45:00+00:00,84.24300,84.25300,84.21300,84.22300,58.00000
2026-08-27 23:00:00+00:00,84.21300,84.22300,84.20300,84.21300,51.00000
2026-08-27 23:15:00+00:00,84.21300,84.26300,84.20300,84.24300,61.00000
2026-08-27 23:30:00+00:00,84.21300,84.25300,84.15300,84.17300,89.00000
2026-08-27 23:45:00+00:00,84.17300,84.18300,84.11300,84.12300,76.00000
2026-08-28 00:00:00+00:00,84.11300,84.15300,84.02300,84.05300,392.00000
2026-08-28 00:15:00+00:00,84.06300,84.09300,83.99300,84.03300,295.00000
2026-08-28 00:30:00+00:00,84.03300,84.03300,83.91300,83.97300,345.00000
2026-08-28 00:45:00+00:00,83.98300,83.98300,83.89300,83.90300,346.00000
2026-08-28 01:00:00+00:00,83.91300,84.10300,83.89300,84.05300,1155.00000
2026-08-28 01:15:00+00:00,84.04300,84.14300,83.84300,83.85300,767.00000
2026-08-28 01:30:00+00:00,83.86300,83.86300,83.65300,83.74300,818.00000
2026-08-28 01:45:00+00:00,83.73300,83.80300,83.66300,83.69300,666.00000
2026-08-28 02:00:00+00:00,83.69300,83.96300,83.67300,83.93300,651.00000
2026-08-28 02:15:00+00:00,83.93300,83.99300,83.87300,83.98300,207.00000
2026-08-28 02:30:00+00:00,83.98300,84.08300,83.81300,83.88300,680.00000
2026-08-28 02:45:00+00:00,83.88300,84.06300,83.72300,83.72300,553.00000
2026-08-28 03:00:00+00:00,83.72300,83.83300,83.68300,83.82300,505.00000
2026-08-28 03:15:00+00:00,83.83300,83.87300,83.76300,83.80300,443.00000
2026-08-28 03:30:00+00:00,83.81300,83.84300,83.73300,83.74300,188.00000
2026-08-28 03:45:00+00:00,83.74300,83.77300,83.71300,83.73300,140.00000
2026-08-28 04:00:00+00:00,83.72300,83.76300,83.71300,83.71300,129.00000
2026-08-28 04:15:00+00:00,83.70300,83.75300,83.68300,83.75300,175.00000
2026-08-28 04:30:00+00:00,83.75300,83.86300,83.74300,83.85300,137.00000
2026-08-28 04:45:00+00:00,83.85300,83.91300,83.84300,83.90300,119.00000
2026-08-28 05:00:00+00:00,83.90300,83.96300,83.86300,83.91300,259.00000
2026-08-28 05:15:00+00:00,83.91300,83.92300,83.81300,83.84300,159.00000
2026-08-28 05:30:00+00:00,83.85300,83.88300,83.48300,83.83300,911.00000
2026-08-28 05:45:00+00:00,83.82300,83.86300,83.67300,83.73300,695.00000
2026-08-28 06:00:00+00:00,83.72300,83.86300,83.57300,83.67300,856.00000
2026-08-28 06:15:00+00:00,83.68300,83.68300,83.48300,83.59300,778.00000
2026-08-28 06:30:00+00:00,83.59300,83.68300,83.43300,83.45300,926.00000
2026-08-28 06:45:00+00:00,83.44300,83.55300,83.37300,83.50300,975.00000
2026-08-28 07:00:00+00:00,83.49300,83.94300,83.37300,83.63300,1347.00000
2026-08-28 07:15:00+00:00,83.62300,83.79300,83.45300,83.45300,1107.00000
2026-08-28 07:30:00+00:00,83.45300,83.60300,83.30300,83.46300,951.00000
2026-08-28 07:45:00+00:00,83.46300,83.63300,83.44300,83.60300,825.00000
2026-08-28 08:00:00+00:00,83.60300,83.66300,83.51300,83.57300,875.00000
2026-08-28 08:15:00+00:00,83.56300,83.86300,83.46300,83.73300,1507.00000
2026-08-28 08:30:00+00:00,83.71300,83.82300,83.16300,83.56300,1629.00000
2026-08-28 08:45:00+00:00,83.57300,83.93300,83.55300,83.93300,1443.00000
2026-08-28 09:00:00+00:00,83.95300,84.12300,83.82300,83.95300,1364.00000
2026-08-28 09:15:00+00:00,83.94300,83.98300,83.51300,83.62300,1125.00000
2026-08-28 09:30:00+00:00,83.61300,83.98300,83.59300,83.68300,1002.00000
2026-08-28 09:45:00+00:00,83.68300,83.83300,83.57300,83.67300,887.00000
2026-08-28 10:00:00+00:00,83.68300,83.85300,83.50300,83.70300,826.00000
2026-08-28 10:15:00+00:00,83.71300,83.97300,83.68300,83.95300,733.00000
2026-08-28 10:30:00+00:00,83.96300,84.21300,83.83300,84.21300,912.00000
2026-08-28 10:45:00+00:00,84.22300,84.24300,83.85300,83.89300,877.00000
2026-08-28 11:00:00+00:00,83.88300,83.95300,83.73300,83.74300,762.00000
2026-08-28 11:15:00+00:00,83.75300,83.87300,83.62300,83.67300,948.00000
2026-08-28 11:30:00+00:00,83.72300,83.79300,83.66300,83.77300,668.00000
2026-08-28 11:45:00+00:00,83.77300,83.81300,83.49300,83.54300,847.00000
2026-08-28 12:00:00+00:00,83.55300,83.64300,83.40300,83.43300,778.00000
2026-08-28 12:15:00+00:00,83.44300,83.53300,83.29300,83.36300,770.00000
2026-08-28 12:30:00+00:00,83.36300,83.47300,83.24300,83.35300,945.00000
2026-08-28 12:45:00+00:00,83.35300,83.40300,83.07300,83.09300,1270.00000
2026-08-28 13:00:00+00:00,83.09300,83.29300,82.88300,83.25300,1826.00000
2026-08-28 13:15:00+00:00,83.24300,83.29300,83.00300,83.03300,1265.00000
2026-08-28 13:30:00+00:00,83.02300,83.40300,83.01300,83.32300,1619.00000
2026-08-28 13:45:00+00:00,83.32300,83.43300,83.02300,83.13300,1298.00000
2026-08-28 14:00:00+00:00,83.15300,83.51300,82.95300,83.49300,2438.00000
2026-08-28 14:15:00+00:00,83.49300,83.57300,83.39300,83.46300,1630.00000
2026-08-28 14:30:00+00:00,83.47300,83.76300,83.45300,83.61300,1704.00000
2026-08-28 14:45:00+00:00,83.61300,83.72300,83.30300,83.49300,1367.00000
2026-08-28 15:00:00+00:00,83.50300,83.84300,83.44300,83.77300,1819.00000
2026-08-28 15:15:00+00:00,83.77300,83.90300,83.69300,83.72300,1563.00000
2026-08-28 15:30:00+00:00,83.73300,83.90300,83.70300,83.83300,1390.00000
2026-08-28 15:45:00+00:00,83.84300,83.86300,83.63300,83.67300,1109.00000
2026-08-28 16:00:00+00:00,83.67300,83.85300,83.52300,83.77300,1052.00000
2026-08-28 16:15:00+00:00,83.78300,83.91300,83.72300,83.73300,994.00000
2026-08-28 16:30:00+00:00,83.74300,84.11300,83.66300,84.07300,1026.00000
2026-08-28 16:45:00+00:00,84.07300,84.18300,84.01300,84.14300,869.00000
2026-08-28 17:00:00+00:00,84.14300,84.33300,84.04300,84.06300,987.00000
2026-08-28 17:15:00+00:00,84.04300,84.06300,83.93300,83.99300,712.00000
2026-08-28 17:30:00+00:00,83.99300,84.10300,83.89700,84.06300,738.00000
2026-08-28 17:45:00+00:00,84.05300,84.19300,84.01300,84.09300,698.00000
2026-08-28 18:00:00+00:00,84.08300,84.09300,83.82300,83.94300,1017.00000
2026-08-28 18:15:00+00:00,83.95300,84.18300,83.87300,84.00300,1664.00000
2026-08-28 18:30:00+00:00,84.01300,84.01300,83.76300,83.85300,809.00000
2026-08-28 18:45:00+00:00,83.85300,83.85300,83.71300,83.80300,307.00000
2026-08-28 19:00:00+00:00,83.80300,83.96300,83.79300,83.93300,460.00000
2026-08-28 19:15:00+00:00,83.93300,83.93300,83.85300,83.92300,223.00000
2026-08-28 19:30:00+00:00,83.93300,84.14300,83.91300,84.08300,379.00000
2026-08-28 19:45:00+00:00,84.08300,84.09300,83.97300,84.01300,324.00000
2026-08-28 20:00:00+00:00,84.01300,84.08300,83.96300,84.06300,273.00000
2026-08-28 20:15:00+00:00,84.06300,84.10300,84.03300,84.06300,223.00000
2026-08-28 20:30:00+00:00,84.05300,84.08300,84.00300,84.00300,187.00000
2026-08-28 20:45:00+00:00,84.01300,84.08300,83.94300,84.07300,340.00000
2026-08-30 22:00:00+00:00,85.48600,86.23600,85.47600,85.55600,1793.00000
2026-08-30 22:15:00+00:00,85.54600,85.68600,85.41600,85.47600,643.00000
2026-08-30 22:30:00+00:00,85.45600,85.60600,85.31600,85.39600,505.00000
2026-08-30 22:45:00+00:00,85.41600,85.48600,85.33600,85.41600,419.00000
2026-08-30 23:00:00+00:00,85.42600,85.44600,85.31600,85.36600,301.00000
2026-08-30 23:15:00+00:00,85.35600,85.40600,85.32600,85.38600,147.00000
2026-08-30 23:30:00+00:00,85.38600,85.39600,85.25600,85.25600,245.00000
2026-08-30 23:45:00+00:00,85.25600,85.28600,85.01600,85.28600,670.00000
2026-08-31 00:00:00+00:00,85.28600,85.32600,85.07600,85.11600,698.00000
2026-08-31 00:15:00+00:00,85.09600,85.10600,84.86000,84.92600,576.00000
2026-08-31 00:30:00+00:00,84.91600,84.94600,84.66600,84.88600,645.00000
2026-08-31 00:45:00+00:00,84.88600,84.96600,84.83600,84.89600,415.00000
2026-08-31 01:00:00+00:00,84.86600,85.82600,84.86600,85.60600,3005.00000
2026-08-31 01:15:00+00:00,85.60600,85.69600,85.38600,85.43600,1751.00000
2026-08-31 01:30:00+00:00,85.43600,85.94600,85.39600,85.82600,1866.00000
2026-08-31 01:45:00+00:00,85.83600,86.01600,85.70600,85.74600,1594.00000
2026-08-31 02:00:00+00:00,85.75600,86.13600,85.75600,85.97600,1425.00000
2026-08-31 02:15:00+00:00,85.96600,85.97600,85.75600,85.90600,950.00000
2026-08-31 02:30:00+00:00,85.90600,86.17600,85.86600,86.07600,1310.00000
2026-08-31 02:45:00+00:00,86.08600,86.09600,85.56600,85.56600,1449.00000
2026-08-31 03:00:00+00:00,85.57600,85.70600,85.42600,85.62600,1189.00000
2026-08-31 03:15:00+00:00,85.60600,85.64600,85.47600,85.53600,779.00000
2026-08-31 03:30:00+00:00,85.54600,85.66600,85.44600,85.61600,530.00000
2026-08-31 03:45:00+00:00,85.59600,85.65600,85.56600,85.65600,237.00000
2026-08-31 04:00:00+00:00,85.65600,85.66600,85.56600,85.64600,406.00000
2026-08-31 04:15:00+00:00,85.64600,85.91600,85.58600,85.88600,499.00000
2026-08-31 04:30:00+00:00,85.88600,85.93600,85.70600,85.72600,476.00000
2026-08-31 04:45:00+00:00,85.72600,85.91600,85.68600,85.89600,389.00000
2026-08-31 05:00:00+00:00,85.89600,86.16600,85.84600,86.04600,502.00000
2026-08-31 05:15:00+00:00,86.05600,86.36600,85.99600,86.34600,613.00000
2026-08-31 05:30:00+00:00,86.33600,86.56600,86.26600,86.28600,1523.00000
2026-08-31 05:45:00+00:00,86.27600,86.29600,86.07600,86.19600,1031.00000
2026-08-31 06:00:00+00:00,86.20600,86.35600,86.15600,86.23600,1053.00000
2026-08-31 06:15:00+00:00,86.24600,86.27600,86.02600,86.08600,977.00000
2026-08-31 06:30:00+00:00,86.07600,86.25600,86.03600,86.10600,899.00000
2026-08-31 06:45:00+00:00,86.09600,86.15600,85.88400,85.89600,1135.00000
2026-08-31 07:00:00+00:00,85.90600,85.97600,85.30600,85.35600,1358.00000
2026-08-31 07:15:00+00:00,85.34600,85.38600,85.02600,85.31600,1334.00000
2026-08-31 07:30:00+00:00,85.34600,85.50600,85.25600,85.37600,1043.00000
2026-08-31 07:45:00+00:00,85.37600,85.99600,85.35600,85.97600,1121.00000
2026-08-31 08:00:00+00:00,85.98600,86.10600,85.78600,86.05600,1198.00000
2026-08-31 08:15:00+00:00,86.05600,86.29600,85.93600,86.25600,1661.00000
2026-08-31 08:30:00+00:00,86.22600,87.06600,86.16600,86.94600,1730.00000
2026-08-31 08:45:00+00:00,86.95600,87.01600,86.63600,86.95600,1347.00000
2026-08-31 09:00:00+00:00,86.96600,87.03600,86.75600,86.87600,1155.00000
2026-08-31 09:15:00+00:00,86.88600,87.11600,86.60600,86.74600,1169.00000
2026-08-31 09:30:00+00:00,86.74600,86.85600,86.61600,86.78600,804.00000
2026-08-31 09:45:00+00:00,86.78600,87.19600,86.75600,87.03600,1075.00000
2026-08-31 10:00:00+00:00,87.04600,87.23600,86.98600,87.08600,991.00000
2026-08-31 10:15:00+00:00,87.08600,87.32600,86.76600,86.80600,944.00000
2026-08-31 10:30:00+00:00,86.81600,87.00600,86.67600,86.89600,1051.00000
2026-08-31 10:45:00+00:00,86.89600,87.02600,86.67600,86.75600,923.00000
2026-08-31 11:00:00+00:00,86.77600,86.93600,86.72600,86.87600,839.00000
2026-08-31 11:15:00+00:00,86.86600,87.10600,86.81600,87.03600,793.00000
2026-08-31 11:30:00+00:00,87.03600,87.24600,86.98600,87.10600,1055.00000
2026-08-31 11:45:00+00:00,87.10600,87.21600,86.87600,86.92600,1004.00000
2026-08-31 12:00:00+00:00,86.93600,87.05600,86.62600,86.63600,1640.00000
2026-08-31 12:15:00+00:00,86.63600,87.18600,86.58600,87.11600,1867.00000
2026-08-31 12:30:00+00:00,87.10600,87.28600,86.47600,86.49600,1777.00000
2026-08-31 12:45:00+00:00,86.49600,86.93600,86.47600,86.60600,1288.00000
2026-08-31 13:00:00+00:00,86.61600,86.78600,86.04600,86.04600,2089.00000
2026-08-31 13:15:00+00:00,86.03600,86.29600,85.92600,86.06600,1975.00000
2026-08-31 13:30:00+00:00,86.06600,86.92600,86.01600,86.76600,2191.00000
2026-08-31 13:45:00+00:00,86.75600,86.84600,86.51600,86.53600,1482.00000
2026-08-31 14:00:00+00:00,86.52600,86.59600,85.99600,86.11600,1661.00000
2026-08-31 14:15:00+00:00,86.12600,86.33600,86.03600,86.24600,1520.00000
2026-08-31 14:30:00+00:00,86.25600,86.26600,85.81600,85.93600,1786.00000
2026-08-31 14:45:00+00:00,85.94600,86.08600,85.73600,85.82600,1534.00000
2026-08-31 15:00:00+00:00,85.83600,85.94600,85.66600,85.77600,1719.00000
2026-08-31 15:15:00+00:00,85.78600,86.04600,85.73600,86.00600,1486.00000
2026-08-31 15:30:00+00:00,86.01600,86.16600,85.77600,86.00600,1491.00000
2026-08-31 15:45:00+00:00,85.99600,86.19600,85.87600,86.09600,1213.00000
2026-08-31 16:00:00+00:00,86.07600,86.17600,85.91600,86.00600,1223.00000
2026-08-31 16:15:00+00:00,86.00600,86.20600,85.97600,86.20600,761.00000
2026-08-31 16:30:00+00:00,86.20600,86.21600,85.86600,85.91600,1119.00000
2026-08-31 16:45:00+00:00,85.92600,86.15600,85.83600,86.14600,893.00000
2026-08-31 17:00:00+00:00,86.15600,86.44600,86.13600,86.25600,1076.00000
2026-08-31 17:15:00+00:00,86.25600,86.31600,86.16600,86.26600,774.00000
2026-08-31 17:30:00+00:00,86.25600,86.31600,86.08600,86.12600,903.00000
2026-08-31 17:45:00+00:00,86.12600,86.23600,86.04600,86.05600,786.00000
2026-08-31 18:00:00+00:00,86.04600,86.26600,86.00600,86.19600,1093.00000
2026-08-31 18:15:00+00:00,86.18600,86.47600,86.13600,86.37600,1319.00000
2026-08-31 18:30:00+00:00,86.37600,86.54600,86.37600,86.40600,696.00000
2026-08-31 18:45:00+00:00,86.39600,86.44600,86.11600,86.13600,606.00000
2026-08-31 19:00:00+00:00,86.14600,86.37600,86.08600,86.27600,934.00000
2026-08-31 19:15:00+00:00,86.26600,86.33600,86.22600,86.30600,356.00000
2026-08-31 19:30:00+00:00,86.31600,86.56600,86.30600,86.51600,431.00000
2026-08-31 19:45:00+00:00,86.51600,86.55600,86.34600,86.52600,921.00000
2026-08-31 20:00:00+00:00,86.52600,86.56600,86.45600,86.54600,313.00000
2026-08-31 20:15:00+00:00,86.54600,86.89600,86.52600,86.85600,382.00000
2026-08-31 20:30:00+00:00,86.84600,86.92600,86.82600,86.86600,393.00000
2026-08-31 20:45:00+00:00,86.85600,86.92600,86.82600,86.86600,339.00000
2026-08-31 22:00:00+00:00,86.77100,86.94100,86.66100,86.77100,438.00000
2026-08-31 22:15:00+00:00,86.76100,86.81100,86.75100,86.78100,79.00000
2026-08-31 22:30:00+00:00,86.79100,86.81100,86.74100,86.74100,67.00000
2026-08-31 22:45:00+00:00,86.74100,86.94100,86.73100,86.93100,109.00000
2026-08-31 23:00:00+00:00,86.93100,87.01100,86.87100,86.89100,207.00000
2026-08-31 23:15:00+00:00,86.86100,86.93100,86.82100,86.86100,120.00000
2026-08-31 23:30:00+00:00,86.87100,86.95100,86.87100,86.89100,70.00000
2026-08-31 23:45:00+00:00,86.90100,86.98100,86.89100,86.94100,115.00000
2026-09-01 00:00:00+00:00,86.97100,87.23100,86.96100,87.05100,896.00000
2026-09-01 00:15:00+00:00,87.06100,87.17100,87.05100,87.14100,428.00000
2026-09-01 00:30:00+00:00,87.15100,87.23100,87.09100,87.11100,368.00000
2026-09-01 00:45:00+00:00,87.12100,87.23100,87.07100,87.08100,476.00000
2026-09-01 01:00:00+00:00,87.07100,87.24100,86.93100,87.00100,1765.00000
2026-09-01 01:15:00+00:00,87.02100,87.18100,86.97100,87.08100,1204.00000
2026-09-01 01:30:00+00:00,87.07100,87.25100,87.04100,87.07100,970.00000
2026-09-01 01:45:00+00:00,87.07100,87.08100,86.83100,86.85100,834.00000
2026-09-01 02:00:00+00:00,86.84100,86.97100,86.82100,86.92100,807.00000
2026-09-01 02:15:00+00:00,86.92100,87.09100,86.89100,86.99100,339.00000
2026-09-01 02:30:00+00:00,87.00100,87.29100,87.00100,87.24100,1129.00000
2026-09-01 02:45:00+00:00,87.24100,87.34100,87.12100,87.16100,825.00000
2026-09-01 03:00:00+00:00,87.17100,87.34100,87.15100,87.29100,751.00000
2026-09-01 03:15:00+00:00,87.26100,87.26100,87.13100,87.20100,718.00000
2026-09-01 03:30:00+00:00,87.19100,87.24100,87.13100,87.22100,528.00000
2026-09-01 03:45:00+00:00,87.21100,87.28100,87.16100,87.27100,330.00000
2026-09-01 04:00:00+00:00,87.28100,87.29100,87.16100,87.23100,299.00000
2026-09-01 04:15:00+00:00,87.22100,87.31100,87.20100,87.26100,191.00000
2026-09-01 04:30:00+00:00,87.27100,87.60100,87.26100,87.52100,402.00000
2026-09-01 04:45:00+00:00,87.53100,87.58100,87.44100,87.52100,407.00000
2026-09-01 05:00:00+00:00,87.53100,87.57100,87.43100,87.45100,379.00000
2026-09-01 05:15:00+00:00,87.46100,87.50100,87.38100,87.45100,388.00000
2026-09-01 05:30:00+00:00,87.44100,87.60100,86.83100,86.94100,1624.00000
2026-09-01 05:45:00+00:00,86.95100,86.99100,86.75100,86.96100,1259.00000
2026-09-01 06:00:00+00:00,86.95100,87.30100,86.91100,87.28100,1119.00000
2026-09-01 06:15:00+00:00,87.27100,87.29100,87.05100,87.11100,928.00000
2026-09-01 06:30:00+00:00,87.12100,87.12100,86.82100,86.97100,968.00000
2026-09-01 06:45:00+00:00,86.96100,87.11100,86.89100,87.06100,889.00000
2026-09-01 07:00:00+00:00,87.05100,87.56100,86.86100,87.19100,1705.00000
2026-09-01 07:15:00+00:00,87.20100,87.69100,87.20100,87.54100,1410.00000
2026-09-01 07:30:00+00:00,87.55100,87.64100,87.47100,87.62100,1201.00000
2026-09-01 07:45:00+00:00,87.62100,87.76100,87.47100,87.47100,1335.00000
2026-09-01 08:00:00+00:00,87.46100,88.11100,87.42100,87.78100,2532.00000
2026-09-01 08:15:00+00:00,87.78100,88.09100,87.70100,88.09100,2043.00000
2026-09-01 08:30:00+00:00,88.09100,88.50100,87.87100,88.45100,1957.00000
2026-09-01 08:45:00+00:00,88.44100,88.61100,88.28100,88.55100,1428.00000
2026-09-01 09:00:00+00:00,88.55100,88.56100,88.21100,88.33100,1461.00000
2026-09-01 09:15:00+00:00,88.34100,88.57100,88.23100,88.56100,999.00000
2026-09-01 09:30:00+00:00,88.56100,88.63100,88.36100,88.41100,1059.00000
2026-09-01 09:45:00+00:00,88.42100,88.62100,88.36100,88.50100,1161.00000
2026-09-01 10:00:00+00:00,88.49100,88.63100,88.32100,88.44100,1110.00000
2026-09-01 10:15:00+00:00,88.44100,88.47100,88.21100,88.26100,1047.00000
2026-09-01 10:30:00+00:00,88.28100,88.35100,88.10100,88.31100,886.00000
2026-09-01 10:45:00+00:00,88.31100,88.47100,88.17100,88.33100,1236.00000
2026-09-01 11:00:00+00:00,88.31100,88.52100,88.27100,88.37100,991.00000
2026-09-01 11:15:00+00:00,88.36100,88.38100,88.14100,88.17100,931.00000
2026-09-01 11:30:00+00:00,88.16100,88.21100,87.96900,88.08100,929.00000
2026-09-01 11:45:00+00:00,88.09100,88.40100,88.07100,88.37100,1012.00000
2026-09-01 12:00:00+00:00,88.38100,88.55100,87.87100,87.87100,1483.00000
2026-09-01 12:15:00+00:00,87.88100,88.44100,87.82100,88.36100,1569.00000
2026-09-01 12:30:00+00:00,88.36100,88.74100,88.36100,88.62100,1200.00000
2026-09-01 12:45:00+00:00,88.63100,88.64100,88.41100,88.49100,1246.00000
2026-09-01 13:00:00+00:00,88.51100,88.90100,88.49100,88.67100,2330.00000
2026-09-01 13:15:00+00:00,88.68100,88.91100,88.58500,88.74100,1591.00000
2026-09-01 13:30:00+00:00,88.77100,88.94100,88.55100,88.90100,1967.00000
2026-09-01 13:45:00+00:00,88.90100,89.06100,88.83100,88.89100,1491.00000
2026-09-01 14:00:00+00:00,88.88100,88.91100,88.13100,88.17100,2083.00000
2026-09-01 14:15:00+00:00,88.17100,88.28100,88.03100,88.12100,2020.00000
2026-09-01 14:30:00+00:00,88.13100,88.47100,88.03100,88.32100,1867.00000
2026-09-01 14:45:00+00:00,88.34100,88.47100,88.09100,88.47100,1781.00000
2026-09-01 15:00:00+00:00,88.48100,88.62100,88.28100,88.40100,1732.00000
2026-09-01 15:15:00+00:00,88.40100,88.74100,88.26100,88.49100,1808.00000
2026-09-01 15:30:00+00:00,88.50100,88.78100,88.48100,88.74100,1504.00000
2026-09-01 15:45:00+00:00,88.73100,88.90100,88.71100,88.86100,1216.00000
2026-09-01 16:00:00+00:00,88.86100,89.49100,88.81100,89.45100,2110.00000
2026-09-01 16:15:00+00:00,89.45100,90.39100,89.28100,90.24100,3064.00000
2026-09-01 16:30:00+00:00,90.25100,90.46100,89.92100,90.00100,2348.00000
2026-09-01 16:45:00+00:00,90.01100,90.14100,89.74100,90.06100,1819.00000
2026-09-01 17:00:00+00:00,90.07100,90.26100,89.87100,90.05100,1789.00000
2026-09-01 17:15:00+00:00,90.05100,90.44100,90.02100,90.11100,1656.00000
2026-09-01 17:30:00+00:00,90.11100,90.65100,90.11100,90.51100,1907.00000
2026-09-01 17:45:00+00:00,90.52100,90.60100,90.37100,90.41100,1385.00000
2026-09-01 18:00:00+00:00,90.40100,90.58100,90.18100,90.45100,1678.00000
2026-09-01 18:15:00+00:00,90.44100,90.80100,90.38100,90.80100,2117.00000
2026-09-01 18:30:00+00:00,90.80100,91.06100,90.78100,90.95100,1685.00000
2026-09-01 18:45:00+00:00,90.95100,91.07100,90.84100,91.03100,1135.00000
2026-09-01 19:00:00+00:00,91.04100,91.12100,90.88100,90.90100,981.00000
2026-09-01 19:15:00+00:00,90.89100,91.11100,90.84100,91.09100,814.00000
2026-09-01 19:30:00+00:00,91.09100,91.16100,90.95100,91.07100,714.00000
2026-09-01 19:45:00+00:00,91.08100,91.20100,91.01100,91.17100,858.00000
2026-09-01 20:00:00+00:00,91.16100,91.47100,91.14100,91.45100,1419.00000
2026-09-01 20:15:00+00:00,91.45100,91.46100,91.16100,91.26100,756.00000
2026-09-01 20:30:00+00:00,91.25100,91.39100,90.97100,91.04100,1135.00000
2026-09-01 20:45:00+00:00,91.05100,91.23100,91.05100,91.19100,759.00000
2026-09-01 22:00:00+00:00,91.10500,91.50500,91.08500,91.40500,492.00000
2026-09-01 22:15:00+00:00,91.41500,91.46500,91.32500,91.45500,217.00000
2026-09-01 22:30:00+00:00,91.43500,91.43500,91.27500,91.30500,168.00000
2026-09-01 22:45:00+00:00,91.31500,91.35500,91.22500,91.33500,145.00000
2026-09-01 23:00:00+00:00,91.33500,91.35500,91.27500,91.33500,181.00000
2026-09-01 23:15:00+00:00,91.33500,91.34500,91.27500,91.29500,38.00000
2026-09-01 23:30:00+00:00,91.27500,91.31500,91.16500,91.26500,172.00000
2026-09-01 23:45:00+00:00,91.24500,91.29500,91.22500,91.27500,154.00000
2026-09-02 00:00:00+00:00,91.26500,91.73500,91.18500,91.51500,1125.00000
2026-09-02 00:15:00+00:00,91.52500,91.81500,91.30500,91.64500,1172.00000
2026-09-02 00:30:00+00:00,91.62500,92.23500,91.62500,92.13500,1494.00000
2026-09-02 00:45:00+00:00,92.12500,92.55500,92.01500,92.55500,1752.00000
2026-09-02 01:00:00+00:00,92.57500,92.77500,92.18500,92.24500,3506.00000
2026-09-02 01:15:00+00:00,92.25500,92.31500,91.89500,92.19500,2408.00000
2026-09-02 01:30:00+00:00,92.21500,92.48500,92.09500,92.42500,1929.00000
2026-09-02 01:45:00+00:00,92.43500,92.49500,91.75500,91.80500,1788.00000
2026-09-02 02:00:00+00:00,91.80500,92.04500,91.53500,91.54500,1537.00000
2026-09-02 02:15:00+00:00,91.54500,91.62500,91.35500,91.36500,813.00000
2026-09-02 02:30:00+00:00,91.35500,91.48500,91.31500,91.36500,1219.00000
2026-09-02 02:45:00+00:00,91.35500,91.43500,91.22500,91.23500,963.00000
2026-09-02 03:00:00+00:00,91.24500,91.38500,91.15500,91.24500,1086.00000
2026-09-02 03:15:00+00:00,91.25500,91.35500,91.08500,91.19500,900.00000
2026-09-02 03:30:00+00:00,91.18500,91.27500,91.10500,91.14500,568.00000
2026-09-02 03:45:00+00:00,91.14500,91.29500,91.09500,91.19500,444.00000
2026-09-02 04:00:00+00:00,91.18500,91.28500,91.13500,91.23500,456.00000
2026-09-02 04:15:00+00:00,91.24500,91.26500,91.06500,91.09500,369.00000
2026-09-02 04:30:00+00:00,91.10500,91.11500,90.95500,91.05500,462.00000
2026-09-02 04:45:00+00:00,91.03500,91.10500,90.99500,91.03500,327.00000
2026-09-02 05:00:00+00:00,91.03500,91.32500,91.00500,91.17500,706.00000
2026-09-02 05:15:00+00:00,91.17500,91.18500,90.96500,91.09500,669.00000
2026-09-02 05:30:00+00:00,91.07500,91.26500,90.99500,91.11500,1531.00000
2026-09-02 05:45:00+00:00,91.10500,91.31500,91.03500,91.27500,1036.00000
2026-09-02 06:00:00+00:00,91.25500,91.36500,91.12500,91.33500,1675.00000
2026-09-02 06:15:00+00:00,91.33500,91.44500,91.11500,91.44500,1475.00000
2026-09-02 06:30:00+00:00,91.43500,91.45500,90.94500,91.20500,1770.00000
2026-09-02 06:45:00+00:00,91.19500,91.38500,91.06500,91.11500,1547.00000
2026-09-02 07:00:00+00:00,91.11500,91.19500,90.55500,90.73500,2189.00000
2026-09-02 07:15:00+00:00,90.72500,90.86500,90.59500,90.71500,1677.00000
2026-09-02 07:30:00+00:00,90.72500,90.75500,90.41500,90.56500,1480.00000
2026-09-02 07:45:00+00:00,90.55500,90.76500,90.43500,90.65500,1402.00000
2026-09-02 08:00:00+00:00,90.64500,90.68500,90.41500,90.57500,1406.00000
2026-09-02 08:15:00+00:00,90.58500,90.92500,90.48500,90.72500,1999.00000
2026-09-02 08:30:00+00:00,90.71500,90.92500,90.52500,90.82500,1707.00000
2026-09-02 08:45:00+00:00,90.82500,90.95500,90.62500,90.71500,1269.00000
2026-09-02 09:00:00+00:00,90.71500,90.98500,90.58500,90.96500,1475.00000
2026-09-02 09:15:00+00:00,90.95500,91.19500,90.89500,90.95500,1279.00000
2026-09-02 09:30:00+00:00,90.96500,91.04500,90.69500,90.84500,1210.00000
2026-09-02 09:45:00+00:00,90.83500,91.03500,90.63500,91.02500,1179.00000
2026-09-02 10:00:00+00:00,91.02500,91.08500,90.66500,90.66500,1134.00000
2026-09-02 10:15:00+00:00,90.67500,90.84500,90.60500,90.83500,1030.00000
2026-09-02 10:30:00+00:00,90.83500,91.02500,90.79500,90.92500,1021.00000
2026-09-02 10:45:00+00:00,90.93500,91.00500,90.73500,90.73500,931.00000
2026-09-02 11:00:00+00:00,90.74500,90.92500,89.92500,90.02500,1739.00000
2026-09-02 11:15:00+00:00,90.01500,90.34500,90.01500,90.17500,2128.00000
2026-09-02 11:30:00+00:00,90.17500,90.21500,89.90500,90.06500,1627.00000
2026-09-02 11:45:00+00:00,90.07500,90.14500,89.55500,89.61500,1656.00000
2026-09-02 12:00:00+00:00,89.61500,89.84500,89.53500,89.76500,1923.00000
2026-09-02 12:15:00+00:00,89.77500,90.20500,89.77500,90.19500,1642.00000
2026-09-02 12:30:00+00:00,90.19500,90.19500,89.96500,90.08500,1167.00000
2026-09-02 12:45:00+00:00,90.09500,90.43500,90.09500,90.34500,1278.00000
2026-09-02 13:00:00+00:00,90.34500,90.36500,89.90500,90.23500,2291.00000
2026-09-02 13:15:00+00:00,90.22500,90.35500,89.93500,90.13500,1858.00000
2026-09-02 13:30:00+00:00,90.14500,90.26500,89.81500,89.98500,1972.00000
2026-09-02 13:45:00+00:00,89.97500,90.22500,89.56500,89.58500,1819.00000
2026-09-02 14:00:00+00:00,89.57500,90.20500,89.47500,90.05500,2617.00000
2026-09-02 14:15:00+00:00,90.05500,90.43500,89.90500,90.42500,1855.00000
2026-09-02 14:30:00+00:00,90.42500,90.66500,90.34500,90.62500,2417.00000
2026-09-02 14:45:00+00:00,90.63500,91.06500,90.61500,91.06500,2004.00000
2026-09-02 15:00:00+00:00,91.07500,91.34500,90.87500,91.20500,2082.00000
2026-09-02 15:15:00+00:00,91.20500,91.36500,91.03500,91.08500,1997.00000
2026-09-02 15:30:00+00:00,91.07500,91.39500,91.06500,91.31500,2129.00000
2026-09-02 15:45:00+00:00,91.31500,91.45500,91.04500,91.08500,1793.00000
2026-09-02 16:00:00+00:00,91.10500,91.33500,91.02500,91.15500,1491.00000
2026-09-02 16:15:00+00:00,91.16500,91.42500,91.12500,91.41500,1223.00000
2026-09-02 16:30:00+00:00,91.42500,91.68500,91.25500,91.63500,1283.00000
2026-09-02 16:45:00+00:00,91.62500,91.65500,91.35500,91.42500,1133.00000
2026-09-02 17:00:00+00:00,91.41500,91.70500,91.22500,91.68500,1355.00000
2026-09-02 17:15:00+00:00,91.69500,91.70500,91.48500,91.56500,1140.00000
2026-09-02 17:30:00+00:00,91.56500,91.79500,91.53500,91.73500,1116.00000
2026-09-02 17:45:00+00:00,91.74500,91.74500,91.27500,91.40500,1291.00000
2026-09-02 18:00:00+00:00,91.39500,91.97500,91.36500,91.85500,1773.00000
2026-09-02 18:15:00+00:00,91.86500,91.90500,91.11500,91.44500,2764.00000
2026-09-02 18:30:00+00:00,91.45500,91.49500,91.13500,91.22500,1319.00000
2026-09-02 18:45:00+00:00,91.22500,91.36500,91.14500,91.34500,674.00000
2026-09-02 19:00:00+00:00,91.33500,91.44500,91.24300,91.34500,563.00000
2026-09-02 19:15:00+00:00,91.32500,91.50500,91.32500,91.41500,546.00000
2026-09-02 19:30:00+00:00,91.41500,91.50500,91.35500,91.44500,475.00000
2026-09-02 19:45:00+00:00,91.45500,91.49500,91.22500,91.28500,580.00000
2026-09-02 20:00:00+00:00,91.28500,91.28500,90.82500,90.94500,828.00000
2026-09-02 20:15:00+00:00,90.95500,91.25500,90.91500,91.19500,826.00000
2026-09-02 20:30:00+00:00,91.19500,91.30500,91.06500,91.21500,759.00000
2026-09-02 20:45:00+00:00,91.20500,91.21500,91.08500,91.15500,885.00000
2026-09-02 22:00:00+00:00,91.13000,91.24000,91.11000,91.20000,258.00000
2026-09-02 22:15:00+00:00,91.21000,91.26000,91.20000,91.26000,105.00000
2026-09-02 22:30:00+00:00,91.25000,91.28000,91.22000,91.23000,108.00000
2026-09-02 22:45:00+00:00,91.23000,91.25000,91.21000,91.23000,57.00000
2026-09-02 23:00:00+00:00,91.22000,91.22000,91.16000,91.16000,62.00000
2026-09-02 23:15:00+00:00,91.17000,91.21000,91.15000,91.19000,70.00000
2026-09-02 23:30:00+00:00,91.18000,91.18000,91.08000,91.10000,129.00000
2026-09-02 23:45:00+00:00,91.12000,91.12000,91.03000,91.06000,212.00000
2026-09-03 00:00:00+00:00,91.07000,91.23000,90.99000,91.16000,665.00000
2026-09-03 00:15:00+00:00,91.17000,91.35000,91.15000,91.23000,480.00000
2026-09-03 00:30:00+00:00,91.24000,91.29000,91.16000,91.20000,282.00000
2026-09-03 00:45:00+00:00,91.20000,91.33000,91.18000,91.23000,410.00000
2026-09-03 01:00:00+00:00,91.23000,91.30000,91.01000,91.18000,1664.00000
2026-09-03 01:15:00+00:00,91.18000,91.51000,91.18000,91.38000,1152.00000
2026-09-03 01:30:00+00:00,91.38000,91.69000,91.31000,91.67000,1223.00000
2026-09-03 01:45:00+00:00,91.67000,91.92000,91.57000,91.85000,1189.00000
2026-09-03 02:00:00+00:00,91.86000,91.94000,91.54000,91.55000,1137.00000
2026-09-03 02:15:00+00:00,91.56000,91.62000,91.44000,91.58000,435.00000
2026-09-03 02:30:00+00:00,91.60000,91.77000,91.53000,91.71000,902.00000
2026-09-03 02:45:00+00:00,91.70000,91.70000,91.39000,91.53000,1099.00000
2026-09-03 03:00:00+00:00,91.54000,91.66000,91.51000,91.52000,1016.00000
2026-09-03 03:15:00+00:00,91.53000,91.63000,91.43000,91.58000,734.00000
2026-09-03 03:30:00+00:00,91.57000,91.58000,91.41000,91.47000,287.00000
2026-09-03 03:45:00+00:00,91.48000,91.53000,91.37000,91.49000,311.00000
2026-09-03 04:00:00+00:00,91.49000,91.50000,91.37000,91.38000,254.00000
2026-09-03 04:15:00+00:00,91.39000,91.39000,91.24000,91.33000,274.00000
2026-09-03 04:30:00+00:00,91.34000,91.34000,91.13000,91.14000,309.00000
2026-09-03 04:45:00+00:00,91.15000,91.18000,91.03000,91.04000,334.00000
2026-09-03 05:00:00+00:00,91.05000,91.11000,90.95000,90.98000,370.00000
2026-09-03 05:15:00+00:00,90.99000,91.00000,90.67000,90.68000,698.00000
2026-09-03 05:30:00+00:00,90.68000,90.75000,90.33000,90.61000,1897.00000
2026-09-03 05:45:00+00:00,90.61000,90.63000,90.33000,90.42000,1373.00000
2026-09-03 06:00:00+00:00,90.42000,90.58000,90.36000,90.53000,1248.00000
2026-09-03 06:15:00+00:00,90.54000,90.54000,90.10000,90.44000,1401.00000
2026-09-03 06:30:00+00:00,90.44000,90.67000,90.43000,90.54000,1099.00000
2026-09-03 06:45:00+00:00,90.53000,90.66000,90.36000,90.53000,1107.00000
2026-09-03 07:00:00+00:00,90.53000,90.75000,90.43000,90.72000,1394.00000
2026-09-03 07:15:00+00:00,90.71000,91.07000,90.60000,91.03000,1073.00000
2026-09-03 07:30:00+00:00,91.03000,91.20000,90.76800,91.01000,1282.00000
2026-09-03 07:45:00+00:00,91.01000,91.06000,90.84000,91.05000,1182.00000
2026-09-03 08:00:00+00:00,91.05000,91.19000,90.04000,90.80000,3570.00000
2026-09-03 08:15:00+00:00,90.81000,91.25000,90.75000,91.03000,2347.00000
2026-09-03 08:30:00+00:00,91.03000,91.41000,91.03000,91.33000,1646.00000
2026-09-03 08:45:00+00:00,91.34000,91.82000,91.23000,91.81000,1333.00000
2026-09-03 09:00:00+00:00,91.82000,92.15000,91.75000,91.78000,1802.00000
2026-09-03 09:15:00+00:00,91.78000,92.08000,91.61000,91.95000,1183.00000
2026-09-03 09:30:00+00:00,91.95000,92.23000,91.89000,92.12000,1145.00000
2026-09-03 09:45:00+00:00,92.13000,93.01000,92.09000,92.82000,1507.00000
2026-09-03 10:00:00+00:00,92.83000,93.15000,92.66000,92.99000,2201.00000
2026-09-03 10:15:00+00:00,93.01000,93.43000,92.99000,93.13000,1602.00000
2026-09-03 10:30:00+00:00,93.13000,93.60000,93.06000,93.39000,1470.00000
2026-09-03 10:45:00+00:00,93.40000,93.57000,93.21000,93.33000,1460.00000
2026-09-03 11:00:00+00:00,93.32000,93.33000,92.61000,92.78000,1974.00000
2026-09-03 11:15:00+00:00,92.78000,93.10000,92.64000,92.96000,1545.00000
2026-09-03 11:30:00+00:00,92.95000,93.41000,92.87000,93.39000,1676.00000
2026-09-03 11:45:00+00:00,93.40000,93.55000,93.37000,93.49000,1281.00000
2026-09-03 12:00:00+00:00,93.48000,93.52000,92.88000,92.90000,1339.00000
2026-09-03 12:15:00+00:00,92.89000,92.90000,92.47000,92.56000,1675.00000
2026-09-03 12:30:00+00:00,92.54000,93.00000,92.38000,92.94000,2258.00000
2026-09-03 12:45:00+00:00,92.95000,92.97000,92.06000,92.27000,1942.00000
2026-09-03 13:00:00+00:00,92.28000,92.53000,92.11000,92.15000,2447.00000
2026-09-03 13:15:00+00:00,92.16000,92.47000,92.03000,92.12000,2070.00000
2026-09-03 13:30:00+00:00,92.10000,92.46000,92.00000,92.42000,2310.00000
2026-09-03 13:45:00+00:00,92.41000,92.76000,92.15000,92.26000,2036.00000
2026-09-03 14:00:00+00:00,92.30000,92.74000,92.19000,92.47000,2187.00000
2026-09-03 14:15:00+00:00,92.46000,92.83000,92.46000,92.66000,1887.00000
2026-09-03 14:30:00+00:00,92.67000,92.96000,92.54000,92.57000,2010.00000
2026-09-03 14:45:00+00:00,92.58000,92.93000,92.26000,92.51000,2640.00000
2026-09-03 15:00:00+00:00,92.50000,93.04000,92.36000,92.94000,2354.00000
2026-09-03 15:15:00+00:00,92.94000,93.05000,92.41000,92.45000,2214.00000
2026-09-03 15:30:00+00:00,92.43000,92.43000,91.88000,92.02000,2811.00000
2026-09-03 15:45:00+00:00,92.01000,92.22000,91.57000,91.71000,2009.00000
2026-09-03 16:00:00+00:00,91.70000,91.93000,91.53000,91.81000,1862.00000
2026-09-03 16:15:00+00:00,91.83000,92.17000,91.65000,92.14000,1465.00000
2026-09-03 16:30:00+00:00,92.13000,92.26000,91.85000,91.96000,1509.00000
2026-09-03 16:45:00+00:00,91.96000,92.13000,91.79000,92.12000,1225.00000
2026-09-03 17:00:00+00:00,92.13000,92.48000,92.05000,92.44000,1169.00000
2026-09-03 17:15:00+00:00,92.43000,92.55000,92.22000,92.22000,1120.00000
2026-09-03 17:30:00+00:00,92.21000,92.21000,91.84000,91.96000,1325.00000
2026-09-03 17:45:00+00:00,91.96000,92.08000,91.75000,91.81000,977.00000
2026-09-03 18:00:00+00:00,91.80000,91.97000,91.42000,91.50000,1519.00000
2026-09-03 18:15:00+00:00,91.49000,91.83000,91.34000,91.82000,2033.00000
2026-09-03 18:30:00+00:00,91.81000,91.96000,91.77000,91.90000,782.00000
2026-09-03 18:45:00+00:00,91.89000,92.12000,91.81000,92.11000,454.00000
2026-09-03 19:00:00+00:00,92.12000,92.16000,91.99000,92.09000,460.00000
2026-09-03 19:15:00+00:00,92.08000,92.12000,91.96000,91.97000,491.00000
2026-09-03 19:30:00+00:00,91.97000,91.97000,91.77000,91.91000,634.00000
2026-09-03 19:45:00+00:00,91.91000,92.15000,91.91000,92.15000,568.00000
2026-09-03 20:00:00+00:00,92.14000,92.33000,92.11000,92.17000,481.00000
2026-09-03 20:15:00+00:00,92.16000,92.24000,92.15000,92.18000,207.00000
2026-09-03 20:30:00+00:00,92.17000,92.24000,92.08000,92.13000,234.00000
2026-09-03 20:45:00+00:00,92.13000,92.24000,92.10000,92.17000,316.00000
2026-09-03 22:00:00+00:00,92.13400,92.24400,92.04400,92.19400,344.00000
2026-09-03 22:15:00+00:00,92.21400,92.23400,92.17400,92.20400,84.00000
2026-09-03 22:30:00+00:00,92.19400,92.27400,92.16400,92.19400,119.00000
2026-09-03 22:45:00+00:00,92.19400,92.26400,92.17400,92.25400,65.00000
2026-09-03 23:00:00+00:00,92.26400,92.31400,92.22400,92.28400,86.00000
2026-09-03 23:15:00+00:00,92.29400,92.32400,92.24400,92.25400,75.00000
2026-09-03 23:30:00+00:00,92.25400,92.33400,92.22400,92.29400,77.00000
2026-09-03 23:45:00+00:00,92.29400,92.29400,92.21400,92.28400,99.00000
2026-09-04 00:00:00+00:00,92.30400,92.36400,92.02400,92.05400,530.00000
2026-09-04 00:15:00+00:00,92.05400,92.11400,91.98400,92.01400,400.00000
2026-09-04 00:30:00+00:00,92.00400,92.03400,91.92400,91.98400,280.00000
2026-09-04 00:45:00+00:00,91.99400,92.05400,91.85400,92.02400,327.00000
2026-09-04 01:00:00+00:00,92.03400,92.22400,91.92400,92.17400,1651.00000
2026-09-04 01:15:00+00:00,92.18400,92.34400,92.14400,92.15400,1021.00000
2026-09-04 01:30:00+00:00,92.15400,92.48400,92.13400,92.32400,922.00000
2026-09-04 01:45:00+00:00,92.32400,92.61400,92.25400,92.44400,942.00000
2026-09-04 02:00:00+00:00,92.45400,92.54400,92.26400,92.29400,875.00000
2026-09-04 02:15:00+00:00,92.29400,92.29400,92.12400,92.15400,311.00000
2026-09-04 02:30:00+00:00,92.15400,92.48400,92.11400,92.44400,948.00000
2026-09-04 02:45:00+00:00,92.45400,92.56400,92.22400,92.27400,786.00000
2026-09-04 03:00:00+00:00,92.27400,92.35400,92.11400,92.21400,718.00000
2026-09-04 03:15:00+00:00,92.20400,92.40400,92.19400,92.36400,552.00000
2026-09-04 03:30:00+00:00,92.36400,92.45400,92.30400,92.40400,237.00000
2026-09-04 03:45:00+00:00,92.40400,92.50400,92.33400,92.48400,285.00000
2026-09-04 04:00:00+00:00,92.48400,92.56400,92.45800,92.52400,296.00000
2026-09-04 04:15:00+00:00,92.53400,92.54400,92.30400,92.31400,304.00000
2026-09-04 04:30:00+00:00,92.31400,92.33400,92.08400,92.14400,402.00000
2026-09-04 04:45:00+00:00,92.12400,92.14400,92.04400,92.04400,246.00000
2026-09-04 05:00:00+00:00,92.05400,92.10400,91.88400,91.90400,417.00000
2026-09-04 05:15:00+00:00,91.91400,92.00400,91.82400,91.85400,352.00000
2026-09-04 05:30:00+00:00,91.85400,92.01400,91.79400,91.94400,979.00000
2026-09-04 05:45:00+00:00,91.95400,92.14400,91.76400,91.85400,961.00000
2026-09-04 06:00:00+00:00,91.86400,92.14400,91.84400,91.93400,969.00000
2026-09-04 06:15:00+00:00,91.92400,91.93400,91.66800,91.87400,876.00000
2026-09-04 06:30:00+00:00,91.88400,92.03400,91.77400,91.79400,1021.00000
2026-09-04 06:45:00+00:00,91.78400,92.09400,91.77400,91.88400,997.00000
2026-09-04 07:00:00+00:00,91.87400,92.13400,91.87400,92.03400,1357.00000
2026-09-04 07:15:00+00:00,92.03400,92.19400,91.83400,91.90400,1141.00000
2026-09-04 07:30:00+00:00,91.91400,91.96400,91.47400,91.53400,1391.00000
2026-09-04 07:45:00+00:00,91.53400,91.53400,91.09400,91.19400,1651.00000
2026-09-04 08:00:00+00:00,91.17400,91.47400,91.02400,91.14400,1877.00000
2026-09-04 08:15:00+00:00,91.13400,91.24400,90.88400,91.16400,2242.00000
2026-09-04 08:30:00+00:00,91.12400,91.37400,90.96400,91.19400,1687.00000
2026-09-04 08:45:00+00:00,91.20400,91.23400,90.85400,91.16400,1219.00000
2026-09-04 09:00:00+00:00,91.17400,91.48400,91.12400,91.41400,1192.00000
2026-09-04 09:15:00+00:00,91.41400,91.44400,91.11400,91.12400,1016.00000
2026-09-04 09:30:00+00:00,91.11400,91.37400,91.06400,91.35400,985.00000
2026-09-04 09:45:00+00:00,91.34400,91.58400,91.23400,91.56400,1088.00000
2026-09-04 10:00:00+00:00,91.57400,91.57400,91.34400,91.42400,1172.00000
2026-09-04 10:15:00+00:00,91.42400,91.42400,90.98400,91.06400,1203.00000
2026-09-04 10:30:00+00:00,91.05400,91.16400,90.89400,91.01400,867.00000
2026-09-04 10:45:00+00:00,91.01400,91.02400,90.81400,90.83400,860.00000
2026-09-04 11:00:00+00:00,90.85400,91.12400,90.85400,91.06400,759.00000
2026-09-04 11:15:00+00:00,91.05400,91.24400,91.00400,91.16400,760.00000
2026-09-04 11:30:00+00:00,91.16400,91.31400,91.10400,91.20400,744.00000
2026-09-04 11:45:00+00:00,91.20400,91.31400,91.07400,91.20400,876.00000
2026-09-04 12:00:00+00:00,91.19400,91.22400,90.83400,90.85400,1380.00000
2026-09-04 12:15:00+00:00,90.86400,90.93400,90.71400,90.75400,1070.00000
2026-09-04 12:30:00+00:00,90.75400,91.07400,90.70400,90.90400,2623.00000
2026-09-04 12:45:00+00:00,90.90400,90.94400,90.30400,90.35400,1974.00000
2026-09-04 13:00:00+00:00,90.35400,90.85400,90.33400,90.78400,2729.00000
2026-09-04 13:15:00+00:00,90.79400,90.89400,90.36400,90.56400,1828.00000
2026-09-04 13:30:00+00:00,90.57400,90.61400,89.33400,89.65400,3060.00000
2026-09-04 13:45:00+00:00,89.65400,89.75400,89.18400,89.47400,2715.00000
2026-09-04 14:00:00+00:00,89.49400,90.07400,89.46400,89.65400,2800.00000
2026-09-04 14:15:00+00:00,89.63400,90.15400,89.62400,90.08400,2047.00000
2026-09-04 14:30:00+00:00,90.07400,90.80400,90.07400,90.73400,1970.00000
2026-09-04 14:45:00+00:00,90.72400,91.35400,90.68400,91.32400,2124.00000
2026-09-04 15:00:00+00:00,91.32400,91.43400,90.61400,90.79400,2389.00000
2026-09-04 15:15:00+00:00,90.78400,91.11400,90.76400,91.10400,2065.00000
2026-09-04 15:30:00+00:00,91.08400,91.32400,91.01400,91.20400,1968.00000
2026-09-04 15:45:00+00:00,91.21400,91.57400,91.16400,91.41400,1652.00000
2026-09-04 16:00:00+00:00,91.40400,91.48400,91.14400,91.20400,1444.00000
2026-09-04 16:15:00+00:00,91.19400,91.21400,90.95400,91.05400,1053.00000
2026-09-04 16:30:00+00:00,91.06400,91.26400,90.98400,91.25400,919.00000
2026-09-04 16:45:00+00:00,91.25400,91.64400,91.09400,91.62400,1334.00000
2026-09-04 17:00:00+00:00,91.62400,91.79400,91.13400,91.17400,1839.00000
2026-09-04 17:15:00+00:00,91.16400,91.43400,91.11400,91.43400,1134.00000
2026-09-04 17:30:00+00:00,91.43400,91.52400,91.29400,91.38400,1036.00000
2026-09-04 17:45:00+00:00,91.38400,91.50400,91.26400,91.27400,1006.00000
2026-09-04 18:00:00+00:00,91.26400,91.57400,91.21400,91.48400,1147.00000
2026-09-04 18:15:00+00:00,91.48400,92.05400,91.45400,91.94400,1524.00000
2026-09-04 18:30:00+00:00,91.94400,92.21400,91.82400,92.09400,1420.00000
2026-09-04 18:45:00+00:00,92.10400,92.17400,91.95400,91.95400,725.00000
2026-09-04 19:00:00+00:00,91.95400,91.96400,91.82400,91.86400,558.00000
2026-09-04 19:15:00+00:00,91.86400,91.97400,91.85400,91.93400,358.00000
2026-09-04 19:30:00+00:00,91.94400,91.97400,91.76400,91.78400,385.00000
2026-09-04 19:45:00+00:00,91.78400,91.87400,91.70400,91.79400,648.00000
2026-09-04 20:00:00+00:00,91.79400,91.92400,91.75400,91.77400,394.00000
2026-09-04 20:15:00+00:00,91.78400,91.81400,91.68400,91.69400,324.00000
2026-09-04 20:30:00+00:00,91.70400,91.76400,91.60400,91.71400,340.00000
2026-09-04 20:45:00+00:00,91.72400,91.77400,91.57400,91.68400,483.00000
2026-09-06 22:00:00+00:00,92.13800,92.76800,92.09800,92.53800,1121.00000
2026-09-06 22:15:00+00:00,92.54800,92.64800,92.48800,92.62800,302.00000
2026-09-06 22:30:00+00:00,92.62800,92.63800,92.49800,92.49800,173.00000
2026-09-06 22:45:00+00:00,92.48800,92.50800,92.30800,92.41800,248.00000
2026-09-06 23:00:00+00:00,92.40800,92.45800,92.28800,92.30800,236.00000
2026-09-06 23:15:00+00:00,92.31800,92.51800,92.30800,92.49800,251.00000
2026-09-06 23:30:00+00:00,92.50800,92.56800,92.50800,92.51800,185.00000
2026-09-06 23:45:00+00:00,92.51800,92.55800,92.45800,92.45800,270.00000
2026-09-07 00:00:00+00:00,92.45800,92.59800,92.24800,92.29800,728.00000
2026-09-07 00:15:00+00:00,92.29800,92.30800,92.13800,92.16800,493.00000
2026-09-07 00:30:00+00:00,92.17800,92.34800,92.03800,92.32800,424.00000
2026-09-07 00:45:00+00:00,92.32800,92.34800,92.20800,92.34800,513.00000
2026-09-07 01:00:00+00:00,92.35800,92.64800,91.94800,92.29800,2267.00000
2026-09-07 01:15:00+00:00,92.28800,92.47800,92.26800,92.35800,1339.00000
2026-09-07 01:30:00+00:00,92.36800,92.38800,92.20800,92.23800,1132.00000
2026-09-07 01:45:00+00:00,92.23800,92.37800,92.10800,92.25800,1043.00000
2026-09-07 02:00:00+00:00,92.26800,92.52800,92.26800,92.48800,759.00000
2026-09-07 02:15:00+00:00,92.50800,92.55800,92.39800,92.44800,319.00000
2026-09-07 02:30:00+00:00,92.42800,92.54800,92.33800,92.50800,847.00000
2026-09-07 02:45:00+00:00,92.51800,92.54800,92.35800,92.42800,817.00000
2026-09-07 03:00:00+00:00,92.43800,92.62800,92.42800,92.60800,624.00000
2026-09-07 03:15:00+00:00,92.61800,92.63800,92.39800,92.45800,598.00000
2026-09-07 03:30:00+00:00,92.46800,92.68800,92.42800,92.62800,363.00000
2026-09-07 03:45:00+00:00,92.62800,92.75800,92.60800,92.74800,251.00000
2026-09-07 04:00:00+00:00,92.73800,92.79800,92.60800,92.62800,333.00000
2026-09-07 04:15:00+00:00,92.61800,92.77800,92.58800,92.72800,262.00000
2026-09-07 04:30:00+00:00,92.73800,92.92800,92.70800,92.91800,247.00000
2026-09-07 04:45:00+00:00,92.92800,92.94800,92.81800,92.83800,300.00000
2026-09-07 05:00:00+00:00,92.84800,92.89800,92.76800,92.81800,277.00000
2026-09-07 05:15:00+00:00,92.80800,92.92800,92.80800,92.91800,255.00000
2026-09-07 05:30:00+00:00,92.90800,93.17800,92.82800,93.05800,965.00000
2026-09-07 05:45:00+00:00,93.06800,93.40800,92.99800,93.25800,1023.00000
2026-09-07 06:00:00+00:00,93.26800,93.29800,93.07800,93.15800,984.00000
2026-09-07 06:15:00+00:00,93.14800,93.16800,92.91800,93.02800,930.00000
2026-09-07 06:30:00+00:00,93.01800,93.06800,92.61800,92.71800,805.00000
2026-09-07 06:45:00+00:00,92.72800,92.82800,92.63800,92.77800,717.00000
2026-09-07 07:00:00+00:00,92.77800,92.93800,92.27800,92.35800,1208.00000
2026-09-07 07:15:00+00:00,92.34800,92.53800,92.28800,92.50800,1016.00000
2026-09-07 07:30:00+00:00,92.49800,92.56800,92.14800,92.22800,1123.00000
2026-09-07 07:45:00+00:00,92.23800,92.31800,91.80800,91.83800,1658.00000
2026-09-07 08:00:00+00:00,91.82800,91.88800,91.45800,91.54800,1811.00000
2026-09-07 08:15:00+00:00,91.53800,91.55800,91.24800,91.36800,1743.00000
2026-09-07 08:30:00+00:00,91.35800,91.71800,91.26800,91.68800,1308.00000
2026-09-07 08:45:00+00:00,91.67800,91.87800,91.67800,91.77800,1043.00000
2026-09-07 09:00:00+00:00,91.76800,92.01800,91.66800,91.86800,976.00000
2026-09-07 09:15:00+00:00,91.86800,91.94800,91.75800,91.92800,779.00000
2026-09-07 09:30:00+00:00,91.93800,92.04800,91.79800,91.92800,727.00000
2026-09-07 09:45:00+00:00,91.93800,92.07800,91.88800,92.05800,713.00000
2026-09-07 10:00:00+00:00,92.06800,92.06800,91.73800,91.88800,878.00000
2026-09-07 10:15:00+00:00,91.89800,91.98800,91.77800,91.85800,643.00000
2026-09-07 10:30:00+00:00,91.85800,92.09800,91.75800,92.07800,606.00000
2026-09-07 10:45:00+00:00,92.04800,92.65800,91.95800,92.49800,1609.00000
2026-09-07 11:00:00+00:00,92.51800,92.64800,92.45800,92.62800,1262.00000
2026-09-07 11:15:00+00:00,92.63800,92.66800,92.52800,92.61800,748.00000
2026-09-07 11:30:00+00:00,92.63800,92.73800,92.60800,92.62800,737.00000
2026-09-07 11:45:00+00:00,92.62800,92.74800,92.53200,92.61800,712.00000
2026-09-07 12:00:00+00:00,92.62800,92.78800,92.55800,92.75800,679.00000
2026-09-07 12:15:00+00:00,92.75800,92.79800,92.54800,92.74800,757.00000
2026-09-07 12:30:00+00:00,92.75800,92.88800,92.58800,92.77800,729.00000
2026-09-07 12:45:00+00:00,92.76800,92.79800,92.54800,92.63800,846.00000
2026-09-07 13:00:00+00:00,92.64800,93.01800,92.53800,92.64800,1710.00000
2026-09-07 13:15:00+00:00,92.65800,92.73800,92.45800,92.66800,1200.00000
2026-09-07 13:30:00+00:00,92.67800,92.96800,92.54800,92.79800,1219.00000
2026-09-07 13:45:00+00:00,92.79800,93.04800,92.70800,92.94800,968.00000
2026-09-07 14:00:00+00:00,92.93800,93.19800,92.87800,93.19800,1065.00000
2026-09-07 14:15:00+00:00,93.20800,93.22800,92.92800,93.05800,986.00000
2026-09-07 14:30:00+00:00,93.06800,93.18800,92.97800,93.00800,1017.00000
2026-09-07 14:45:00+00:00,93.01800,93.35800,93.01800,93.32800,893.00000
2026-09-07 15:00:00+00:00,93.33800,93.66800,93.29800,93.32800,1243.00000
2026-09-07 15:15:00+00:00,93.33800,93.49800,93.22800,93.41800,1546.00000
2026-09-07 15:30:00+00:00,93.42800,93.60800,93.23800,93.23800,1205.00000
2026-09-07 15:45:00+00:00,93.23800,93.51800,93.15800,93.41800,910.00000
2026-09-07 16:00:00+00:00,93.42800,93.56800,93.11800,93.13800,939.00000
2026-09-07 16:15:00+00:00,93.12800,93.18800,92.88800,93.05800,850.00000
2026-09-07 16:30:00+00:00,93.05800,93.14800,92.92800,92.94800,567.00000
2026-09-07 16:45:00+00:00,92.95800,92.99800,92.83800,92.84800,669.00000
2026-09-07 17:00:00+00:00,92.83800,92.96800,92.69800,92.87800,687.00000
2026-09-07 17:15:00+00:00,92.88800,93.14800,92.87800,93.11800,553.00000
2026-09-07 17:30:00+00:00,93.12800,93.12800,93.02800,93.02800,257.00000
2026-09-07 17:45:00+00:00,93.01800,93.15800,93.01800,93.09800,435.00000
2026-09-07 18:00:00+00:00,93.11800,93.15800,92.98800,93.02800,444.00000
2026-09-07 18:15:00+00:00,93.02800,93.08800,92.92800,93.04800,334.00000
2026-09-07 22:00:00+00:00,92.95200,93.03200,92.80200,92.95200,280.00000
2026-09-07 22:15:00+00:00,92.95200,93.03200,92.95200,93.01200,85.00000
2026-09-07 22:30:00+00:00,93.00200,93.02200,92.95200,92.96200,84.00000
2026-09-07 22:45:00+00:00,92.95200,92.99200,92.94200,92.97200,63.00000
2026-09-07 23:00:00+00:00,92.97200,92.99200,92.90200,92.96200,178.00000
2026-09-07 23:15:00+00:00,92.97200,93.10200,92.92200,92.95200,146.00000
2026-09-07 23:30:00+00:00,92.95200,92.96200,92.87200,92.88200,81.00000
2026-09-07 23:45:00+00:00,92.87200,92.88200,92.81200,92.86200,88.00000
2026-09-08 00:00:00+00:00,92.87200,93.01200,92.74200,92.84200,881.00000
2026-09-08 00:15:00+00:00,92.84200,92.90200,92.55600,92.59200,505.00000
2026-09-08 00:30:00+00:00,92.59200,92.74200,92.47200,92.73200,519.00000
2026-09-08 00:45:00+00:00,92.74200,92.76200,92.64200,92.73200,419.00000
2026-09-08 01:00:00+00:00,92.74200,92.96200,92.64200,92.76200,1424.00000
2026-09-08 01:15:00+00:00,92.76200,92.92200,92.67200,92.70200,1055.00000
2026-09-08 01:30:00+00:00,92.71200,92.88200,92.63200,92.78200,1243.00000
2026-09-08 01:45:00+00:00,92.79200,92.82200,92.64200,92.69200,927.00000
2026-09-08 02:00:00+00:00,92.69200,92.79200,92.63200,92.72200,770.00000
2026-09-08 02:15:00+00:00,92.71200,92.86200,92.70200,92.83200,357.00000
2026-09-08 02:30:00+00:00,92.82200,92.96200,92.82200,92.83200,1112.00000
2026-09-08 02:45:00+00:00,92.81200,93.12200,92.73200,93.10200,773.00000
2026-09-08 03:00:00+00:00,93.10200,93.15200,93.03200,93.11200,666.00000
2026-09-08 03:15:00+00:00,93.12200,93.27200,93.11200,93.21200,630.00000
2026-09-08 03:30:00+00:00,93.21200,93.39200,93.21200,93.37200,383.00000
2026-09-08 03:45:00+00:00,93.36200,93.40200,93.20200,93.22200,334.00000
2026-09-08 04:00:00+00:00,93.22200,93.33200,93.20200,93.28200,286.00000
2026-09-08 04:15:00+00:00,93.30200,93.40200,93.28200,93.36200,252.00000
2026-09-08 04:30:00+00:00,93.36200,93.42200,93.33200,93.41200,285.00000
2026-09-08 04:45:00+00:00,93.42200,93.53200,93.39200,93.40200,297.00000
2026-09-08 05:00:00+00:00,93.41200,93.49200,93.31200,93.49200,387.00000
2026-09-08 05:15:00+00:00,93.51200,93.66200,93.48200,93.64200,421.00000
2026-09-08 05:30:00+00:00,93.64200,93.94200,93.61200,93.73200,1527.00000
2026-09-08 05:45:00+00:00,93.73200,94.10200,93.71200,93.95200,1272.00000
2026-09-08 06:00:00+00:00,93.95200,94.19200,93.94200,94.09200,1420.00000
2026-09-08 06:15:00+00:00,94.09200,94.54200,93.96200,94.05200,1489.00000
2026-09-08 06:30:00+00:00,94.05200,94.29200,94.00200,94.26200,1254.00000
2026-09-08 06:45:00+00:00,94.27200,94.54200,94.21200,94.42200,1283.00000
2026-09-08 07:00:00+00:00,94.43200,94.55200,94.18200,94.55200,1382.00000
2026-09-08 07:15:00+00:00,94.54200,94.61200,94.40200,94.56200,1046.00000
2026-09-08 07:30:00+00:00,94.57200,94.71200,94.48200,94.60200,1186.00000
2026-09-08 07:45:00+00:00,94.62200,94.94200,94.60200,94.79200,1093.00000
2026-09-08 08:00:00+00:00,94.78200,94.87200,94.67200,94.74200,1679.00000
2026-09-08 08:15:00+00:00,94.75200,95.02200,94.54200,94.97200,2056.00000
2026-09-08 08:30:00+00:00,94.96200,95.07200,94.67200,94.86200,1607.00000
2026-09-08 08:45:00+00:00,94.86200,95.01200,94.51200,94.77200,1958.00000
2026-09-08 09:00:00+00:00,94.79200,94.99200,94.56600,94.68200,1441.00000
2026-09-08 09:15:00+00:00,94.68200,94.76200,94.41200,94.49200,1181.00000
2026-09-08 09:30:00+00:00,94.48200,94.52200,93.94200,94.08200,1540.00000
2026-09-08 09:45:00+00:00,94.07200,94.15200,93.91200,93.96200,1248.00000
2026-09-08 10:00:00+00:00,93.97200,94.43200,93.91200,94.38200,1048.00000
2026-09-08 10:15:00+00:00,94.37200,94.41200,93.81200,94.07200,1599.00000
2026-09-08 10:30:00+00:00,94.07200,94.35200,94.04200,94.33200,896.00000
2026-09-08 10:45:00+00:00,94.34200,94.35200,94.18200,94.27200,850.00000
2026-09-08 11:00:00+00:00,94.25200,94.41200,93.97200,94.22200,1270.00000
2026-09-08 11:15:00+00:00,94.22200,94.22200,94.02200,94.14200,886.00000
2026-09-08 11:30:00+00:00,94.14200,94.35200,94.13200,94.18200,720.00000
2026-09-08 11:45:00+00:00,94.21200,94.31200,94.02200,94.05200,778.00000
2026-09-08 12:00:00+00:00,94.04200,94.26200,93.99200,94.19200,907.00000
2026-09-08 12:15:00+00:00,94.20200,94.33200,93.80200,93.81200,1052.00000
2026-09-08 12:30:00+00:00,93.80200,93.92200,93.35200,93.35200,1445.00000
2026-09-08 12:45:00+00:00,93.36200,93.57200,93.00200,93.02200,1516.00000
2026-09-08 13:00:00+00:00,93.05200,93.15200,92.78200,92.88200,2878.00000
2026-09-08 13:15:00+00:00,92.87200,93.43200,92.85200,93.39200,1835.00000
2026-09-08 13:30:00+00:00,93.40200,93.80200,93.39200,93.69200,2077.00000
2026-09-08 13:45:00+00:00,93.70200,93.77200,93.43200,93.67200,2019.00000
2026-09-08 14:00:00+00:00,93.68200,93.82200,93.53200,93.81200,2203.00000
2026-09-08 14:15:00+00:00,93.81200,93.86200,93.61200,93.61200,1517.00000
2026-09-08 14:30:00+00:00,93.62200,93.70200,93.24200,93.37200,1626.00000
2026-09-08 14:45:00+00:00,93.36200,93.46200,92.97200,93.09200,1782.00000
2026-09-08 15:00:00+00:00,93.11200,93.35200,92.96200,93.22200,1627.00000
2026-09-08 15:15:00+00:00,93.22200,93.50200,93.03200,93.33200,1782.00000
2026-09-08 15:30:00+00:00,93.33200,93.33200,92.63200,92.73200,1959.00000
2026-09-08 15:45:00+00:00,92.71200,92.83200,92.55200,92.71200,1537.00000
2026-09-08 16:00:00+00:00,92.70200,92.74200,92.38200,92.39200,1495.00000
2026-09-08 16:15:00+00:00,92.38200,92.77200,92.38200,92.50200,1290.00000
2026-09-08 16:30:00+00:00,92.51200,92.66200,92.30200,92.47200,1349.00000
2026-09-08 16:45:00+00:00,92.47200,92.99200,92.42200,92.78200,2113.00000
2026-09-08 17:00:00+00:00,92.76200,92.79200,92.17200,92.43200,2301.00000
2026-09-08 17:15:00+00:00,92.42200,92.62200,92.32200,92.41200,1257.00000
2026-09-08 17:30:00+00:00,92.41200,92.51200,92.36200,92.49200,1123.00000
2026-09-08 17:45:00+00:00,92.48200,92.74200,92.47200,92.54200,1139.00000
2026-09-08 18:00:00+00:00,92.54200,92.82200,92.52200,92.72200,1323.00000
2026-09-08 18:15:00+00:00,92.71200,93.46200,92.58200,93.35200,2285.00000
2026-09-08 18:30:00+00:00,93.36200,93.42200,93.09200,93.17200,929.00000
2026-09-08 18:45:00+00:00,93.18200,94.26200,93.11200,93.93200,3154.00000
2026-09-08 19:00:00+00:00,93.95200,94.01200,93.74200,93.87200,1513.00000
2026-09-08 19:15:00+00:00,93.87200,94.01200,93.77200,93.86200,986.00000
2026-09-08 19:30:00+00:00,93.86200,93.89200,93.51200,93.64200,1153.00000
2026-09-08 19:45:00+00:00,93.63200,94.31200,93.61200,94.16200,1838.00000
2026-09-08 20:00:00+00:00,94.15200,94.48200,94.13200,94.37200,1291.00000
2026-09-08 20:15:00+00:00,94.38200,94.66200,94.28200,94.51200,897.00000
2026-09-08 20:30:00+00:00,94.50200,94.70200,94.40200,94.43200,1069.00000
2026-09-08 20:45:00+00:00,94.43200,94.67200,94.35200,94.63200,928.00000
2026-09-08 22:00:00+00:00,94.58700,94.74700,94.47700,94.68700,460.00000
2026-09-08 22:15:00+00:00,94.72700,94.75700,94.48700,94.48700,255.00000
2026-09-08 22:30:00+00:00,94.47700,94.59700,94.47700,94.55700,153.00000
2026-09-08 22:45:00+00:00,94.55700,94.57700,94.47700,94.51700,189.00000
2026-09-08 23:00:00+00:00,94.52700,94.62700,94.51700,94.60700,140.00000
2026-09-08 23:15:00+00:00,94.60700,94.67700,94.60700,94.65700,168.00000
2026-09-08 23:30:00+00:00,94.66700,94.85700,94.65700,94.85700,227.00000
2026-09-08 23:45:00+00:00,94.85700,95.09700,94.85700,94.91700,375.00000
2026-09-09 00:00:00+00:00,94.89700,94.98700,94.64100,94.77700,1088.00000
2026-09-09 00:15:00+00:00,94.77700,95.04700,94.76700,94.81700,820.00000
2026-09-09 00:30:00+00:00,94.82700,94.99700,94.80700,94.93700,562.00000
2026-09-09 00:45:00+00:00,94.94700,95.00700,94.80700,94.84700,510.00000
2026-09-09 01:00:00+00:00,94.85700,95.09700,94.71700,94.79700,1905.00000
2026-09-09 01:15:00+00:00,94.79700,94.87700,94.57700,94.83700,1226.00000
2026-09-09 01:30:00+00:00,94.84700,94.88700,94.71700,94.71700,866.00000
2026-09-09 01:45:00+00:00,94.70700,94.73700,94.58700,94.65700,860.00000
2026-09-09 02:00:00+00:00,94.65700,94.83700,94.63700,94.73700,790.00000
2026-09-09 02:15:00+00:00,94.74700,94.77700,94.53700,94.54700,446.00000
2026-09-09 02:30:00+00:00,94.53700,94.77700,94.53700,94.66700,776.00000
2026-09-09 02:45:00+00:00,94.66700,94.70700,94.56700,94.67700,587.00000
2026-09-09 03:00:00+00:00,94.67700,94.99700,94.65700,94.87700,976.00000
2026-09-09 03:15:00+00:00,94.87700,94.95700,94.68700,94.73700,817.00000
2026-09-09 03:30:00+00:00,94.73700,94.78700,94.51700,94.56700,932.00000
2026-09-09 03:45:00+00:00,94.56700,94.58700,94.45700,94.48700,448.00000
2026-09-09 04:00:00+00:00,94.48700,94.58700,94.45100,94.49700,434.00000
2026-09-09 04:15:00+00:00,94.48700,94.50700,94.32700,94.32700,479.00000
2026-09-09 04:30:00+00:00,94.33700,94.40700,94.29700,94.40700,329.00000
2026-09-09 04:45:00+00:00,94.39700,94.39700,94.30700,94.31700,285.00000
2026-09-09 05:00:00+00:00,94.32700,94.36700,94.19700,94.27700,412.00000
2026-09-09 05:15:00+00:00,94.28700,94.30700,94.21700,94.25700,364.00000
2026-09-09 05:30:00+00:00,94.24700,94.34700,94.08700,94.21700,1050.00000
2026-09-09 05:45:00+00:00,94.20700,94.27700,94.09700,94.15700,838.00000
2026-09-09 06:00:00+00:00,94.14700,94.46700,94.14700,94.39700,897.00000
2026-09-09 06:15:00+00:00,94.38700,94.67700,94.37700,94.63700,995.00000
2026-09-09 06:30:00+00:00,94.64700,94.79700,94.55700,94.76700,1012.00000
2026-09-09 06:45:00+00:00,94.76700,94.81700,94.53700,94.54700,867.00000
2026-09-09 07:00:00+00:00,94.54700,94.73700,94.44700,94.69700,1205.00000
2026-09-09 07:15:00+00:00,94.69700,95.16700,94.67700,94.88700,1490.00000
2026-09-09 07:30:00+00:00,94.88700,95.03700,94.41700,94.56700,1299.00000
2026-09-09 07:45:00+00:00,94.55700,94.86700,94.54700,94.79700,1082.00000
2026-09-09 08:00:00+00:00,94.76700,94.94700,94.48700,94.60700,1643.00000
2026-09-09 08:15:00+00:00,94.59700,94.68700,94.43700,94.61700,1703.00000
2026-09-09 08:30:00+00:00,94.64700,95.20700,94.62700,95.16700,1730.00000
2026-09-09 08:45:00+00:00,95.16700,95.16700,94.84700,95.00700,1255.00000
2026-09-09 09:00:00+00:00,95.01700,95.37700,95.01700,95.06700,1555.00000
2026-09-09 09:15:00+00:00,95.06700,95.40700,95.06700,95.36700,1113.00000
2026-09-09 09:30:00+00:00,95.36700,95.49700,95.13700,95.41700,1396.00000
2026-09-09 09:45:00+00:00,95.42700,95.87700,95.33700,95.75700,1372.00000
2026-09-09 10:00:00+00:00,95.77700,95.87700,95.40700,95.48700,1412.00000
2026-09-09 10:15:00+00:00,95.49700,95.60700,95.38700,95.55700,1037.00000
2026-09-09 10:30:00+00:00,95.56700,95.71700,95.42700,95.55700,983.00000
2026-09-09 10:45:00+00:00,95.56700,95.59700,95.14700,95.23700,1162.00000
2026-09-09 11:00:00+00:00,95.22700,95.38700,95.17700,95.32700,879.00000
2026-09-09 11:15:00+00:00,95.32700,95.71700,95.31700,95.66700,1032.00000
2026-09-09 11:30:00+00:00,95.65700,95.96700,95.63700,95.91700,1191.00000
2026-09-09 11:45:00+00:00,95.91700,95.92700,95.21700,95.83700,2187.00000
2026-09-09 12:00:00+00:00,95.83700,96.10700,95.72700,96.02700,1499.00000
2026-09-09 12:15:00+00:00,96.02700,96.26700,95.87700,96.25700,1442.00000
2026-09-09 12:30:00+00:00,96.25700,96.28700,96.07700,96.15700,1495.00000
2026-09-09 12:45:00+00:00,96.14700,96.22700,96.02700,96.21700,1279.00000
2026-09-09 13:00:00+00:00,96.23700,96.36700,95.77700,96.07700,2396.00000
2026-09-09 13:15:00+00:00,96.06700,96.30700,95.93700,96.18700,1999.00000
2026-09-09 13:30:00+00:00,96.19700,96.40700,95.92700,96.02700,2556.00000
2026-09-09 13:45:00+00:00,96.03700,96.18700,95.87700,96.04700,1832.00000
2026-09-09 14:00:00+00:00,96.04700,96.19700,95.89700,95.92700,1927.00000
2026-09-09 14:15:00+00:00,95.91700,96.74700,95.88700,96.21700,3067.00000
2026-09-09 14:30:00+00:00,96.22700,96.46700,96.17700,96.45700,2103.00000
2026-09-09 14:45:00+00:00,96.46700,96.66700,96.39700,96.55700,1627.00000
2026-09-09 15:00:00+00:00,96.54700,96.84700,96.50700,96.83700,1938.00000
2026-09-09 15:15:00+00:00,96.84700,96.98700,96.66700,96.82700,2195.00000
2026-09-09 15:30:00+00:00,96.83700,96.93700,96.51700,96.77700,1984.00000
2026-09-09 15:45:00+00:00,96.77700,96.83700,96.61700,96.83700,1470.00000
2026-09-09 16:00:00+00:00,96.82700,97.11700,96.67700,96.78700,1832.00000
2026-09-09 16:15:00+00:00,96.79700,96.79700,96.40700,96.56700,1477.00000
2026-09-09 16:30:00+00:00,96.55700,96.63700,95.97700,96.07700,1573.00000
2026-09-09 16:45:00+00:00,96.06700,96.12700,95.86700,95.87700,1280.00000
2026-09-09 17:00:00+00:00,95.86700,95.88700,95.52700,95.58700,1490.00000
2026-09-09 17:15:00+00:00,95.58700,95.97700,95.47700,95.97700,1373.00000
2026-09-09 17:30:00+00:00,95.98700,96.24700,95.93700,95.99700,1453.00000
2026-09-09 17:45:00+00:00,95.99700,96.32700,95.94700,96.29700,1075.00000
2026-09-09 18:00:00+00:00,96.30700,96.53700,96.14700,96.44700,1466.00000
2026-09-09 18:15:00+00:00,96.44700,96.54700,96.12700,96.38700,2065.00000
2026-09-09 18:30:00+00:00,96.37700,96.63700,96.11700,96.62700,1291.00000
2026-09-09 18:45:00+00:00,96.62700,96.89700,96.59700,96.88700,896.00000
2026-09-09 19:00:00+00:00,96.87700,96.89700,96.68700,96.71700,595.00000
2026-09-09 19:15:00+00:00,96.71700,96.74700,96.59700,96.65700,540.00000
2026-09-09 19:30:00+00:00,96.65700,96.80700,96.58700,96.78700,573.00000
2026-09-09 19:45:00+00:00,96.79700,96.99700,96.76700,96.97700,575.00000
2026-09-09 20:00:00+00:00,96.97700,97.23700,96.96700,97.18700,501.00000
2026-09-09 20:15:00+00:00,97.18700,97.18700,97.04700,97.05700,455.00000
2026-09-09 20:30:00+00:00,97.04700,97.04700,96.90700,96.95700,459.00000
2026-09-09 20:45:00+00:00,96.94700,97.05700,96.94700,97.01700,358.00000
2026-09-09 22:00:00+00:00,97.14100,97.93100,97.10100,97.51100,965.00000
2026-09-09 22:15:00+00:00,97.51100,97.52100,97.26100,97.30100,300.00000
2026-09-09 22:30:00+00:00,97.32100,97.41100,97.22100,97.22100,204.00000
2026-09-09 22:45:00+00:00,97.23100,97.35100,97.23100,97.25100,193.00000
2026-09-09 23:00:00+00:00,97.25100,97.42100,97.23100,97.42100,151.00000
2026-09-09 23:15:00+00:00,97.43100,97.49100,97.39100,97.39100,196.00000
2026-09-09 23:30:00+00:00,97.38100,97.48100,97.36100,97.45100,142.00000
2026-09-09 23:45:00+00:00,97.45100,97.48100,97.29100,97.32100,179.00000
2026-09-10 00:00:00+00:00,97.32100,97.39100,97.01100,97.03100,810.00000
2026-09-10 00:15:00+00:00,97.04100,97.07100,96.81100,96.98100,989.00000
2026-09-10 00:30:00+00:00,96.99100,97.02100,96.83100,96.86100,665.00000
2026-09-10 00:45:00+00:00,96.86100,97.00100,96.71100,96.72100,784.00000
2026-09-10 01:00:00+00:00,96.74100,97.02100,96.71100,96.84100,1766.00000
2026-09-10 01:15:00+00:00,96.83100,97.18100,96.82100,97.08100,1489.00000
2026-09-10 01:30:00+00:00,97.09100,97.17100,96.95100,97.06100,1414.00000
2026-09-10 01:45:00+00:00,97.06100,97.09100,96.56100,96.73100,1381.00000
2026-09-10 02:00:00+00:00,96.73100,96.77100,96.54100,96.68100,1269.00000
2026-09-10 02:15:00+00:00,96.69100,96.82100,96.66100,96.73100,340.00000
2026-09-10 02:30:00+00:00,96.72100,96.80100,96.45100,96.53100,1147.00000
2026-09-10 02:45:00+00:00,96.52100,96.58100,96.41100,96.51100,1011.00000
2026-09-10 03:00:00+00:00,96.50100,96.51100,96.24100,96.38100,996.00000
2026-09-10 03:15:00+00:00,96.37100,96.40100,96.27100,96.37100,764.00000
2026-09-10 03:30:00+00:00,96.36100,96.47100,96.29100,96.44100,543.00000
2026-09-10 03:45:00+00:00,96.45100,96.45100,96.34100,96.36100,318.00000
2026-09-10 04:00:00+00:00,96.36100,96.47100,96.35100,96.37100,345.00000
2026-09-10 04:15:00+00:00,96.37100,96.47100,96.37100,96.41100,268.00000
2026-09-10 04:30:00+00:00,96.42100,96.48100,96.37100,96.46100,236.00000
2026-09-10 04:45:00+00:00,96.47100,96.48100,96.38100,96.38100,271.00000
2026-09-10 05:00:00+00:00,96.38100,96.49100,96.23100,96.24100,457.00000
2026-09-10 05:15:00+00:00,96.24100,96.37100,96.10100,96.11100,504.00000
2026-09-10 05:30:00+00:00,96.11100,96.13100,95.69100,95.98100,1504.00000
2026-09-10 05:45:00+00:00,95.97100,96.07100,95.78100,95.87100,994.00000
2026-09-10 06:00:00+00:00,95.87100,95.97100,95.69100,95.81100,1165.00000
2026-09-10 06:15:00+00:00,95.80100,95.93100,95.68100,95.72100,1033.00000
2026-09-10 06:30:00+00:00,95.73100,95.89100,95.68100,95.79100,939.00000
2026-09-10 06:45:00+00:00,95.80100,96.09100,95.72100,95.98100,1304.00000
2026-09-10 07:00:00+00:00,95.97100,96.20100,95.93100,96.18100,1110.00000
2026-09-10 07:15:00+00:00,96.18100,96.58100,96.08100,96.55100,1102.00000
2026-09-10 07:30:00+00:00,96.55100,96.71100,96.46100,96.52100,1183.00000
2026-09-10 07:45:00+00:00,96.55100,96.64100,96.48100,96.58100,775.00000
2026-09-10 08:00:00+00:00,96.59100,96.88100,96.53100,96.83100,1151.00000
2026-09-10 08:15:00+00:00,96.84100,97.06100,96.78100,96.94100,1551.00000
2026-09-10 08:30:00+00:00,96.90100,97.32100,96.87100,97.27100,1460.00000
2026-09-10 08:45:00+00:00,97.26100,97.80100,97.18100,97.75100,1231.00000
2026-09-10 09:00:00+00:00,97.76100,97.76100,97.35100,97.50100,1395.00000
2026-09-10 09:15:00+00:00,97.51100,97.91100,97.45100,97.91100,996.00000
2026-09-10 09:30:00+00:00,97.94100,98.12100,97.87100,97.87100,1261.00000
2026-09-10 09:45:00+00:00,97.88100,98.08100,97.79100,97.97100,1121.00000
2026-09-10 10:00:00+00:00,97.96100,97.96100,97.65100,97.77100,1163.00000
2026-09-10 10:15:00+00:00,97.78100,97.82100,97.52100,97.65100,1066.00000
2026-09-10 10:30:00+00:00,97.65100,97.79100,97.22100,97.31100,1208.00000
2026-09-10 10:45:00+00:00,97.32100,97.58100,96.94100,97.52100,1708.00000
2026-09-10 11:00:00+00:00,97.52100,98.05100,97.51100,97.82100,1750.00000
2026-09-10 11:15:00+00:00,97.82100,97.90100,97.62100,97.75100,1154.00000
2026-09-10 11:30:00+00:00,97.74100,97.80100,97.41100,97.72100,1164.00000
2026-09-10 11:45:00+00:00,97.74100,98.87100,97.67100,98.87100,2088.00000
2026-09-10 12:00:00+00:00,98.87100,99.57100,98.70100,99.53100,3360.00000
2026-09-10 12:15:00+00:00,99.52100,100.19100,99.14100,100.18100,3176.00000
2026-09-10 12:30:00+00:00,100.19100,101.18100,99.99100,100.81100,4042.00000
2026-09-10 12:45:00+00:00,100.81100,100.93100,100.28100,100.37100,3287.00000
2026-09-10 13:00:00+00:00,100.36100,100.58100,99.79100,100.54100,3747.00000
2026-09-10 13:15:00+00:00,100.53100,100.56100,100.22100,100.30100,2646.00000
2026-09-10 13:30:00+00:00,100.31100,100.33100,99.62100,99.79100,3163.00000
2026-09-10 13:45:00+00:00,99.78100,99.82100,99.46100,99.59100,2774.00000
2026-09-10 14:00:00+00:00,99.59100,99.95100,99.45100,99.90100,2609.00000
2026-09-10 14:15:00+00:00,99.89100,99.98100,98.86100,99.28100,3852.00000
2026-09-10 14:30:00+00:00,99.28100,100.05100,99.24100,99.94100,2891.00000
2026-09-10 14:45:00+00:00,99.94100,100.36100,99.94100,100.05100,2527.00000
2026-09-10 15:00:00+00:00,100.06100,100.48100,100.01100,100.38100,2328.00000
2026-09-10 15:15:00+00:00,100.38100,100.83100,100.33100,100.66100,2686.00000
2026-09-10 15:30:00+00:00,100.64100,101.12100,100.54100,101.03100,2508.00000
2026-09-10 15:45:00+00:00,101.03100,102.01100,101.02100,101.94100,2728.00000
2026-09-10 16:00:00+00:00,101.93100,102.18100,101.51100,102.16100,3253.00000
2026-09-10 16:15:00+00:00,102.17100,102.33100,101.82100,101.93100,2790.00000
2026-09-10 16:30:00+00:00,101.94100,102.74100,101.67100,101.67100,3119.00000
2026-09-10 16:45:00+00:00,101.68100,101.89100,101.45100,101.66100,2340.00000
2026-09-10 17:00:00+00:00,101.68100,102.05100,101.57100,101.95100,2265.00000
2026-09-10 17:15:00+00:00,101.96100,102.17100,101.80100,102.05100,1832.00000
2026-09-10 17:30:00+00:00,102.04100,102.33100,101.97100,102.02100,1934.00000
2026-09-10 17:45:00+00:00,102.02100,102.31100,101.92500,102.26100,1852.00000
2026-09-10 18:00:00+00:00,102.25100,103.24100,102.19100,103.24100,2563.00000
2026-09-10 18:15:00+00:00,103.22100,103.33100,102.64100,102.68100,3315.00000
2026-09-10 18:30:00+00:00,102.68100,102.70100,102.22100,102.28100,1996.00000
2026-09-10 18:45:00+00:00,102.28100,102.41100,101.71100,102.26100,2329.00000
2026-09-10 19:00:00+00:00,102.26100,102.64100,102.26100,102.55100,1980.00000
2026-09-10 19:15:00+00:00,102.56100,103.01100,102.47100,102.98100,1499.00000
2026-09-10 19:30:00+00:00,102.98100,103.17100,102.94100,103.13100,1184.00000
2026-09-10 19:45:00+00:00,103.14100,103.23100,102.87100,103.05100,1175.00000
2026-09-10 20:00:00+00:00,103.06100,103.36100,103.01100,103.19100,1273.00000
2026-09-10 20:15:00+00:00,103.18100,103.42100,103.12100,103.37100,890.00000
2026-09-10 20:30:00+00:00,103.37100,104.17100,103.36100,104.15100,1709.00000
2026-09-10 20:45:00+00:00,104.16100,104.31100,104.07100,104.27100,1249.00000
2026-09-10 22:00:00+00:00,104.53600,104.67600,104.12600,104.29600,1211.00000
2026-09-10 22:15:00+00:00,104.30600,104.34600,104.04600,104.32600,484.00000
2026-09-10 22:30:00+00:00,104.33600,104.33600,104.11600,104.18600,348.00000
2026-09-10 22:45:00+00:00,104.18600,104.28600,104.09600,104.13600,290.00000
2026-09-10 23:00:00+00:00,104.14600,104.16600,103.88600,103.91600,388.00000
2026-09-10 23:15:00+00:00,103.93600,104.15600,103.92600,104.11600,306.00000
2026-09-10 23:30:00+00:00,104.08600,104.60600,103.97600,104.54600,652.00000
2026-09-10 23:45:00+00:00,104.54600,104.72600,104.41600,104.54600,1182.00000
2026-09-11 00:00:00+00:00,104.55600,104.65600,103.03600,103.44600,3243.00000
2026-09-11 00:15:00+00:00,103.45600,103.56600,103.23600,103.26600,1856.00000
2026-09-11 00:30:00+00:00,103.25600,103.60600,103.22600,103.54600,1479.00000
2026-09-11 00:45:00+00:00,103.54600,103.73600,103.38600,103.44600,1698.00000
2026-09-11 01:00:00+00:00,103.44600,103.50600,102.50600,102.68600,4005.00000
2026-09-11 01:15:00+00:00,102.67600,102.90600,102.56600,102.83600,2439.00000
2026-09-11 01:30:00+00:00,102.83600,102.87600,102.42600,102.70600,2435.00000
2026-09-11 01:45:00+00:00,102.72600,103.10600,102.70600,102.87600,2352.00000
2026-09-11 02:00:00+00:00,102.88600,103.22600,102.73600,103.09600,2270.00000
2026-09-11 02:15:00+00:00,103.10600,103.17600,102.91600,102.98600,896.00000
2026-09-11 02:30:00+00:00,102.99600,103.12600,102.75600,103.01600,2280.00000
2026-09-11 02:45:00+00:00,103.00600,103.17600,102.74600,103.17600,1895.00000
2026-09-11 03:00:00+00:00,103.18600,103.50600,103.00600,103.24600,1990.00000
2026-09-11 03:15:00+00:00,103.23600,103.48600,103.23600,103.39600,1777.00000
2026-09-11 03:30:00+00:00,103.35600,103.50600,103.06600,103.27600,1374.00000
2026-09-11 03:45:00+00:00,103.27600,103.72600,103.27600,103.58600,1358.00000
2026-09-11 04:00:00+00:00,103.59600,103.72600,102.59600,102.65600,2665.00000
2026-09-11 04:15:00+00:00,102.64600,102.91600,102.60000,102.67600,1863.00000
2026-09-11 04:30:00+00:00,102.67600,102.95600,102.64600,102.82600,1170.00000
2026-09-11 04:45:00+00:00,102.82600,102.82600,102.35600,102.59600,1791.00000
2026-09-11 05:00:00+00:00,102.57600,102.61600,101.85600,101.87600,2453.00000
2026-09-11 05:15:00+00:00,101.87600,102.31600,101.83600,102.17600,1710.00000
2026-09-11 05:30:00+00:00,102.16600,102.17600,101.32600,101.40600,3548.00000
2026-09-11 05:45:00+00:00,101.37600,101.69600,101.17600,101.64600,3095.00000
2026-09-11 06:00:00+00:00,101.61600,101.67600,101.00600,101.21600,2957.00000
2026-09-11 06:15:00+00:00,101.19600,101.68600,101.19600,101.38600,2296.00000
2026-09-11 06:30:00+00:00,101.37600,101.61600,101.14600,101.46600,2087.00000
2026-09-11 06:45:00+00:00,101.47600,101.56600,101.17600,101.35600,1948.00000
2026-09-11 07:00:00+00:00,101.35600,101.38600,100.66600,100.92600,2844.00000
2026-09-11 07:15:00+00:00,100.93600,101.28600,100.82600,101.27600,2112.00000
2026-09-11 07:30:00+00:00,101.26600,101.48600,101.05600,101.27600,2235.00000
2026-09-11 07:45:00+00:00,101.28600,101.54600,101.15600,101.30600,1982.00000
2026-09-11 08:00:00+00:00,101.24600,101.59600,100.94600,101.14600,2937.00000
2026-09-11 08:15:00+00:00,101.14600,101.17600,100.38600,100.90600,3978.00000
2026-09-11 08:30:00+00:00,100.89600,100.99600,100.14600,100.37600,3254.00000
2026-09-11 08:45:00+00:00,100.38600,100.39600,100.03600,100.10600,2698.00000
2026-09-11 09:00:00+00:00,100.10600,100.65600,99.80600,100.65600,2670.00000
2026-09-11 09:15:00+00:00,100.67600,100.77600,100.27600,100.33600,1977.00000
2026-09-11 09:30:00+00:00,100.32600,100.45600,99.78600,100.09600,2081.00000
2026-09-11 09:45:00+00:00,100.08600,100.22600,99.77600,100.08600,1961.00000
2026-09-11 10:00:00+00:00,100.08600,100.47600,99.36600,99.43600,3097.00000
2026-09-11 10:15:00+00:00,99.43600,99.54600,99.19600,99.39600,2264.00000
2026-09-11 10:30:00+00:00,99.39600,99.51600,99.16600,99.35600,1965.00000
2026-09-11 10:45:00+00:00,99.33600,99.39600,99.02600,99.14600,1608.00000
2026-09-11 11:00:00+00:00,99.15600,99.48600,99.06600,99.47600,1764.00000
2026-09-11 11:15:00+00:00,99.48600,99.79600,99.30600,99.76600,1984.00000
2026-09-11 11:30:00+00:00,99.76600,100.02600,99.52600,99.53600,2002.00000
2026-09-11 11:45:00+00:00,99.52600,99.55600,99.34600,99.50600,1888.00000
2026-09-11 12:00:00+00:00,99.51600,99.98600,99.36600,99.79600,2586.00000
2026-09-11 12:15:00+00:00,99.78600,99.84600,99.25600,99.46600,2043.00000
2026-09-11 12:30:00+00:00,99.47600,99.92600,99.32600,99.82600,3165.00000
2026-09-11 12:45:00+00:00,99.81600,100.10600,99.47600,99.65600,2403.00000
2026-09-11 13:00:00+00:00,99.63600,99.65600,98.81600,99.26600,3861.00000
2026-09-11 13:15:00+00:00,99.27600,99.63600,98.81600,98.96600,2951.00000
2026-09-11 13:30:00+00:00,98.98600,99.40600,98.77600,99.13600,3911.00000
2026-09-11 13:45:00+00:00,99.12600,99.41600,98.95600,99.36600,2708.00000
2026-09-11 14:00:00+00:00,99.37600,99.93600,99.04600,99.87600,2986.00000
2026-09-11 14:15:00+00:00,99.87600,99.97600,99.66600,99.96600,2549.00000
2026-09-11 14:30:00+00:00,99.96600,100.13600,99.79600,99.83600,2621.00000
2026-09-11 14:45:00+00:00,99.83600,99.92600,99.04600,99.90600,3134.00000
2026-09-11 15:00:00+00:00,99.92600,100.04600,99.65600,99.83600,2310.00000
2026-09-11 15:15:00+00:00,99.83600,99.92600,99.31600,99.57600,2639.00000
2026-09-11 15:30:00+00:00,99.58600,99.85600,99.23600,99.79600,2614.00000
2026-09-11 15:45:00+00:00,99.79600,100.02600,99.60600,100.01600,1919.00000
2026-09-11 16:00:00+00:00,100.02600,100.26600,99.78600,100.04600,1971.00000
2026-09-11 16:15:00+00:00,100.03600,100.26600,99.71600,100.23600,1961.00000
2026-09-11 16:30:00+00:00,100.22600,100.54600,99.93600,99.96600,3223.00000
2026-09-11 16:45:00+00:00,99.95600,100.51600,99.95600,100.38600,1973.00000
2026-09-11 17:00:00+00:00,100.37600,100.42600,99.79600,99.85600,2322.00000
2026-09-11 17:15:00+00:00,99.84600,100.04600,99.67600,99.75600,2375.00000
2026-09-11 17:30:00+00:00,99.76600,100.22600,99.58600,100.22600,1798.00000
2026-09-11 17:45:00+00:00,100.21600,100.25600,100.01600,100.07600,1649.00000
2026-09-11 18:00:00+00:00,100.06600,100.10600,99.78600,100.07600,1770.00000
2026-09-11 18:15:00+00:00,100.07600,100.75600,100.05600,100.35600,3450.00000
2026-09-11 18:30:00+00:00,100.30600,100.61600,100.13600,100.59600,1661.00000
2026-09-11 18:45:00+00:00,100.59600,100.83600,100.59600,100.74600,1165.00000
2026-09-11 19:00:00+00:00,100.74600,100.83600,100.67600,100.75600,1139.00000
2026-09-11 19:15:00+00:00,100.74600,100.90600,100.70600,100.86600,818.00000
2026-09-11 19:30:00+00:00,100.86600,101.02600,100.72500,100.94600,893.00000
2026-09-11 19:45:00+00:00,100.95600,100.95600,100.78600,100.88600,992.00000
2026-09-11 20:00:00+00:00,100.89600,100.92600,100.48600,100.49600,1100.00000
2026-09-11 20:15:00+00:00,100.48600,100.68600,100.47600,100.55600,666.00000
2026-09-11 20:30:00+00:00,100.54600,100.65600,100.50600,100.56600,666.00000
2026-09-11 20:45:00+00:00,100.55600,100.60600,100.24600,100.27600,1061.00000
2026-09-13 22:00:00+00:00,101.94900,103.52900,101.78900,103.35900,2891.00000
2026-09-13 22:15:00+00:00,103.35900,103.62900,102.96900,103.00900,1458.00000
2026-09-13 22:30:00+00:00,102.99900,103.00900,102.50900,102.53900,777.00000
2026-09-13 22:45:00+00:00,102.53900,102.61900,102.42900,102.60900,462.00000
2026-09-13 23:00:00+00:00,102.61900,102.63900,102.46900,102.51900,397.00000
2026-09-13 23:15:00+00:00,102.52900,102.79900,102.46900,102.72900,383.00000
2026-09-13 23:30:00+00:00,102.71900,102.73900,102.57900,102.63900,296.00000
2026-09-13 23:45:00+00:00,102.64900,102.79900,102.39900,102.72900,641.00000
2026-09-14 00:00:00+00:00,102.73900,103.00900,102.49900,102.63900,1482.00000
2026-09-14 00:15:00+00:00,102.63900,103.12900,102.61900,103.01900,1128.00000
2026-09-14 00:30:00+00:00,103.02900,103.13900,102.87900,102.98900,860.00000
2026-09-14 00:45:00+00:00,102.97900,103.04900,102.84900,102.95900,668.00000
2026-09-14 01:00:00+00:00,102.96900,103.54900,102.83900,103.33900,3722.00000
2026-09-14 01:15:00+00:00,103.34900,103.79900,102.89900,102.97900,2774.00000
2026-09-14 01:30:00+00:00,102.98900,103.33900,102.69900,102.71900,2382.00000
2026-09-14 01:45:00+00:00,102.72900,102.74900,102.43900,102.52900,2011.00000
2026-09-14 02:00:00+00:00,102.53900,102.75900,102.40900,102.52900,1854.00000
2026-09-14 02:15:00+00:00,102.50900,102.70900,102.44900,102.69900,584.00000
2026-09-14 02:30:00+00:00,102.69900,102.96900,102.59900,102.93900,1820.00000
2026-09-14 02:45:00+00:00,102.92900,103.13900,102.84900,102.99900,1236.00000
2026-09-14 03:00:00+00:00,102.99900,103.23900,102.96900,103.20900,1283.00000
2026-09-14 03:15:00+00:00,103.20900,103.61900,103.19900,103.43900,1456.00000
2026-09-14 03:30:00+00:00,103.42900,103.59900,103.36900,103.52900,757.00000
2026-09-14 03:45:00+00:00,103.53900,103.66900,103.33900,103.39900,836.00000
2026-09-14 04:00:00+00:00,103.40900,103.40900,103.00900,103.19900,901.00000
2026-09-14 04:15:00+00:00,103.19900,103.29900,103.07900,103.10900,481.00000
2026-09-14 04:30:00+00:00,103.11900,103.34900,102.75300,103.06900,983.00000
2026-09-14 04:45:00+00:00,103.06900,103.10900,102.80900,102.87900,695.00000
2026-09-14 05:00:00+00:00,102.88900,102.93900,102.72900,102.73900,782.00000
2026-09-14 05:15:00+00:00,102.74900,103.00900,102.74900,102.79900,607.00000
2026-09-14 05:30:00+00:00,102.79900,103.00900,102.43900,102.57900,1895.00000
2026-09-14 05:45:00+00:00,102.58900,102.71900,102.26900,102.39900,1617.00000
2026-09-14 06:00:00+00:00,102.40900,102.68900,102.15900,102.31900,1402.00000
2026-09-14 06:15:00+00:00,102.32900,102.57900,102.21900,102.30900,1662.00000
2026-09-14 06:30:00+00:00,102.30900,103.05900,102.13900,102.99900,1953.00000
2026-09-14 06:45:00+00:00,102.99900,103.06900,102.76900,103.05900,1604.00000
2026-09-14 07:00:00+00:00,103.06900,103.28900,102.99900,103.06900,1637.00000
2026-09-14 07:15:00+00:00,103.05900,103.06900,102.67900,102.76900,1712.00000
2026-09-14 07:30:00+00:00,102.75900,103.69900,102.69900,103.39900,2322.00000
2026-09-14 07:45:00+00:00,103.39900,103.61900,102.77900,102.98900,2038.00000
2026-09-14 08:00:00+00:00,102.95900,103.00900,102.40900,102.98900,2462.00000
2026-09-14 08:15:00+00:00,102.99900,103.91900,102.93900,103.84900,2755.00000
2026-09-14 08:30:00+00:00,103.89900,103.98900,103.22900,103.31900,2283.00000
2026-09-14 08:45:00+00:00,103.31900,103.75900,103.24900,103.61900,1762.00000
2026-09-14 09:00:00+00:00,103.62900,103.66900,103.35900,103.58900,1632.00000
2026-09-14 09:15:00+00:00,103.59900,104.02900,103.00900,103.05900,1858.00000
2026-09-14 09:30:00+00:00,103.05900,103.31900,102.61900,102.82900,1929.00000
2026-09-14 09:45:00+00:00,102.83900,103.05900,102.68900,102.79900,1580.00000
2026-09-14 10:00:00+00:00,102.80900,103.16900,102.61900,103.08900,1614.00000
2026-09-14 10:15:00+00:00,103.08900,103.15900,102.53900,102.62900,1192.00000
2026-09-14 10:30:00+00:00,102.62900,102.64900,102.46900,102.50900,1116.00000
2026-09-14 10:45:00+00:00,102.50900,102.71900,102.44900,102.70900,1024.00000
2026-09-14 11:00:00+00:00,102.68900,102.82900,102.50900,102.73900,1328.00000
2026-09-14 11:15:00+00:00,102.74900,103.30900,102.72900,103.29900,1486.00000
2026-09-14 11:30:00+00:00,103.30900,103.50900,103.26900,103.44900,1382.00000
2026-09-14 11:45:00+00:00,103.45900,103.83900,103.39900,103.69900,1590.00000
2026-09-14 12:00:00+00:00,103.70900,103.80900,103.13900,103.25900,1681.00000
2026-09-14 12:15:00+00:00,103.25900,103.87900,102.82900,103.82900,3030.00000
2026-09-14 12:30:00+00:00,103.84900,105.12900,103.79900,104.73900,4285.00000
2026-09-14 12:45:00+00:00,104.74900,104.80900,104.32900,104.40900,2611.00000
2026-09-14 13:00:00+00:00,104.38900,104.72900,104.03900,104.14900,3500.00000
2026-09-14 13:15:00+00:00,104.13900,104.26900,103.74900,104.12900,2704.00000
2026-09-14 13:30:00+00:00,104.11900,104.21900,103.70900,103.99900,2830.00000
2026-09-14 13:45:00+00:00,103.99900,104.65900,103.60900,104.58900,3352.00000
2026-09-14 14:00:00+00:00,104.56900,104.70900,104.11900,104.48900,3001.00000
2026-09-14 14:15:00+00:00,104.47900,104.65900,104.17900,104.28900,2796.00000
2026-09-14 14:30:00+00:00,104.30900,104.40900,103.86900,103.86900,2850.00000
2026-09-14 14:45:00+00:00,103.86900,104.01900,103.62900,103.69900,2562.00000
2026-09-14 15:00:00+00:00,103.70900,103.70900,102.10900,103.33900,5029.00000
2026-09-14 15:15:00+00:00,103.33900,104.03900,103.30900,103.94900,3749.00000
2026-09-14 15:30:00+00:00,103.95900,104.11900,102.44900,102.74900,5459.00000
2026-09-14 15:45:00+00:00,102.73900,103.31900,102.64900,103.30900,3147.00000
2026-09-14 16:00:00+00:00,103.30900,103.34900,102.30900,102.55900,3063.00000
2026-09-14 16:15:00+00:00,102.55900,103.36900,102.31900,103.24900,2789.00000
2026-09-14 16:30:00+00:00,103.25900,103.31900,102.72900,102.76900,2209.00000
2026-09-14 16:45:00+00:00,102.76900,102.76900,101.00900,101.55900,4643.00000
2026-09-14 17:00:00+00:00,101.54900,101.98900,101.48900,101.97900,2362.00000
2026-09-14 17:15:00+00:00,101.97900,102.27900,101.65900,101.70900,2279.00000
2026-09-14 17:30:00+00:00,101.71900,101.88900,101.50900,101.68900,2321.00000
2026-09-14 17:45:00+00:00,101.69900,101.88900,101.49900,101.88900,1984.00000
2026-09-14 18:00:00+00:00,101.91900,101.91900,101.32900,101.62900,2677.00000
2026-09-14 18:15:00+00:00,101.62900,101.82900,101.40900,101.40900,2948.00000
2026-09-14 18:30:00+00:00,101.39900,101.43900,100.72900,100.90900,2353.00000
2026-09-14 18:45:00+00:00,100.88900,101.27900,100.75900,101.24900,1829.00000
2026-09-14 19:00:00+00:00,101.24900,101.37900,100.84900,101.12900,1562.00000
2026-09-14 19:15:00+00:00,101.15900,101.51900,101.07900,101.47900,1055.00000
2026-09-14 19:30:00+00:00,101.46900,101.68900,101.37900,101.68900,1039.00000
2026-09-14 19:45:00+00:00,101.67900,102.05900,101.67900,102.02900,1281.00000
2026-09-14 20:00:00+00:00,102.03900,102.09900,101.86900,101.96900,1037.00000
2026-09-14 20:15:00+00:00,101.94900,102.13900,101.93900,102.07900,834.00000
2026-09-14 20:30:00+00:00,102.08900,102.25900,102.06900,102.19900,612.00000
2026-09-14 20:45:00+00:00,102.19900,102.19900,102.01900,102.04900,639.00000
2026-09-14 22:00:00+00:00,102.08400,102.17400,102.01400,102.15400,212.00000
2026-09-14 22:15:00+00:00,102.16400,102.17400,102.11400,102.12400,87.00000
2026-09-14 22:30:00+00:00,102.11400,102.15400,102.00400,102.11400,127.00000
2026-09-14 22:45:00+00:00,102.10400,102.14400,102.08400,102.13400,78.00000
2026-09-14 23:00:00+00:00,102.14400,102.18400,102.12400,102.15400,116.00000
2026-09-14 23:15:00+00:00,102.14400,102.38400,102.14400,102.25400,301.00000
2026-09-14 23:30:00+00:00,102.26400,102.28400,102.19400,102.23400,135.00000
2026-09-14 23:45:00+00:00,102.23400,102.33400,102.22400,102.33400,177.00000
2026-09-15 00:00:00+00:00,102.31400,102.53400,102.21400,102.40400,1384.00000
2026-09-15 00:15:00+00:00,102.41400,102.88400,102.41400,102.88400,951.00000
2026-09-15 00:30:00+00:00,102.87400,102.95400,102.78400,102.90400,729.00000
2026-09-15 00:45:00+00:00,102.90400,102.90400,102.70400,102.84400,669.00000
2026-09-15 01:00:00+00:00,102.85400,103.00400,102.38400,102.41400,2478.00000
2026-09-15 01:15:00+00:00,102.41400,102.74400,102.28400,102.67400,1973.00000
2026-09-15 01:30:00+00:00,102.66400,103.03400,102.41400,102.98400,1589.00000
2026-09-15 01:45:00+00:00,102.98400,103.13400,102.81400,103.09400,1525.00000
2026-09-15 02:00:00+00:00,103.10400,103.10400,102.83400,102.86400,1188.00000
2026-09-15 02:15:00+00:00,102.87400,103.00400,102.82400,102.98400,374.00000
2026-09-15 02:30:00+00:00,102.99400,103.32400,102.89400,103.31400,1354.00000
2026-09-15 02:45:00+00:00,103.32400,103.32400,103.03400,103.05400,1333.00000
2026-09-15 03:00:00+00:00,103.05400,103.12400,102.93400,103.05400,1166.00000
2026-09-15 03:15:00+00:00,103.06400,103.07400,102.92400,103.00400,786.00000
2026-09-15 03:30:00+00:00,103.01400,103.17400,102.93400,103.11400,475.00000
2026-09-15 03:45:00+00:00,103.09400,103.16400,103.00400,103.11400,366.00000
2026-09-15 04:00:00+00:00,103.12400,103.21400,103.06400,103.20400,354.00000
2026-09-15 04:15:00+00:00,103.21400,103.38400,103.16400,103.36400,353.00000
2026-09-15 04:30:00+00:00,103.37400,103.43400,103.30400,103.38400,333.00000
2026-09-15 04:45:00+00:00,103.39400,103.50400,103.29400,103.40400,381.00000
2026-09-15 05:00:00+00:00,103.39400,103.48400,103.23400,103.46400,529.00000
2026-09-15 05:15:00+00:00,103.47400,103.50400,103.36400,103.49400,549.00000
2026-09-15 05:30:00+00:00,103.51400,103.58400,103.27400,103.28400,1640.00000
2026-09-15 05:45:00+00:00,103.27400,103.29400,102.89400,103.17400,2059.00000
2026-09-15 06:00:00+00:00,103.15400,103.40400,103.08400,103.38400,1396.00000
2026-09-15 06:15:00+00:00,103.38400,103.60400,103.13400,103.46400,1297.00000
2026-09-15 06:30:00+00:00,103.46400,103.55400,103.14400,103.29400,1350.00000
2026-09-15 06:45:00+00:00,103.31400,103.65400,103.14800,103.52400,1509.00000
2026-09-15 07:00:00+00:00,103.50400,103.65400,103.41400,103.57400,1515.00000
2026-09-15 07:15:00+00:00,103.56400,103.57400,103.19400,103.32400,1290.00000
2026-09-15 07:30:00+00:00,103.29400,103.65400,103.23400,103.49400,1566.00000
2026-09-15 07:45:00+00:00,103.50400,103.74400,103.30400,103.62400,1808.00000
2026-09-15 08:00:00+00:00,103.61400,104.12400,103.60400,103.84400,2089.00000
2026-09-15 08:15:00+00:00,103.83400,103.84400,103.37400,103.49400,2556.00000
2026-09-15 08:30:00+00:00,103.50400,103.94400,103.41400,103.86400,1943.00000
2026-09-15 08:45:00+00:00,103.86400,103.88400,103.71400,103.82400,1273.00000
2026-09-15 09:00:00+00:00,103.82400,103.87400,103.37800,103.68400,1417.00000
2026-09-15 09:15:00+00:00,103.68400,104.24400,103.65400,104.15400,1999.00000
2026-09-15 09:30:00+00:00,104.15400,104.37400,104.02400,104.30400,1701.00000
2026-09-15 09:45:00+00:00,104.29400,104.36400,103.80400,103.80400,1447.00000
2026-09-15 10:00:00+00:00,103.79400,103.89400,103.48400,103.79400,1755.00000
2026-09-15 10:15:00+00:00,103.80400,103.86400,103.61400,103.62400,1159.00000
2026-09-15 10:30:00+00:00,103.62400,103.66400,103.24400,103.27400,1503.00000
2026-09-15 10:45:00+00:00,103.26400,103.29400,102.68400,102.74400,1574.00000
2026-09-15 11:00:00+00:00,102.74400,102.87400,102.37400,102.71400,1821.00000
2026-09-15 11:15:00+00:00,102.72400,102.74400,102.39400,102.65400,1609.00000
2026-09-15 11:30:00+00:00,102.64400,102.71400,102.28400,102.59400,1597.00000
2026-09-15 11:45:00+00:00,102.59400,102.60400,102.31400,102.51400,1517.00000
2026-09-15 12:00:00+00:00,102.51400,102.80400,102.42400,102.74400,1575.00000
2026-09-15 12:15:00+00:00,102.76400,103.23400,102.75400,103.17400,1515.00000
2026-09-15 12:30:00+00:00,103.17400,103.22400,102.60400,102.61400,1488.00000
2026-09-15 12:45:00+00:00,102.60400,102.62400,101.37400,101.96400,4013.00000
2026-09-15 13:00:00+00:00,101.98400,102.16400,101.44400,102.02400,3254.00000
2026-09-15 13:15:00+00:00,102.01400,103.16400,101.66400,103.10400,3528.00000
2026-09-15 13:30:00+00:00,103.09400,103.92400,103.04400,103.72400,4675.00000
2026-09-15 13:45:00+00:00,103.72400,103.83400,102.93400,103.43400,3054.00000
2026-09-15 14:00:00+00:00,103.45400,103.79400,103.41400,103.75400,2536.00000
2026-09-15 14:15:00+00:00,103.75400,104.01400,103.57400,103.93400,2498.00000
2026-09-15 14:30:00+00:00,103.92400,104.65400,103.79400,104.29400,3534.00000
2026-09-15 14:45:00+00:00,104.30400,104.96400,104.17400,104.87400,3799.00000
2026-09-15 15:00:00+00:00,104.85400,105.11400,104.67400,104.96400,2795.00000
2026-09-15 15:15:00+00:00,104.98400,105.07400,104.69400,104.86400,2576.00000
2026-09-15 15:30:00+00:00,104.85400,105.05400,104.42400,104.44400,2586.00000
2026-09-15 15:45:00+00:00,104.43400,105.21400,104.33600,105.12400,2943.00000
2026-09-15 16:00:00+00:00,105.13400,105.80400,105.08400,105.77400,2132.00000
2026-09-15 16:15:00+00:00,105.76400,105.81400,105.32400,105.53400,2208.00000
2026-09-15 16:30:00+00:00,105.54400,106.22400,105.39400,106.13400,2239.00000
2026-09-15 16:45:00+00:00,106.15400,106.37400,106.04400,106.32400,1722.00000
2026-09-15 17:00:00+00:00,106.31400,106.71400,106.08400,106.64400,2194.00000
2026-09-15 17:15:00+00:00,106.65400,106.88400,106.50400,106.67400,1867.00000
2026-09-15 17:30:00+00:00,106.65400,106.83400,106.39400,106.59400,2086.00000
